,Flavonifractor plautii,Faecalibacterium prausnitzii_C,Faecalibacterium prausnitzii,Faecalibacterium sp900539885,Faecalibacterium prausnitzii_G,Faecalibacterium prausnitzii_J,Faecalibacterium prausnitzii_A,Faecalibacterium sp900758465,Faecalibacterium prausnitzii_H,Faecalibacterium prausnitzii_E,Faecalibacterium prausnitzii_F,Gemmiger formicilis,Gemmiger sp900540775,Anaerotruncus colihominis,Ruminococcus_E bromii_B,Ruminococcus_E bromii,Blautia_A obeum,Blautia_A wexlerae,Blautia_A wexlerae_B,Agathobacter sp900317585,Mediterraneibacter faecis,Mediterraneibacter torques,Mediterraneibacter lactaris,Enterocloster bolteae,Enterocloster citroniae,Enterocloster asparagiformis,Enterocloster clostridioformis,Coprococcus eutactus,Dorea_A longicatena_B,Dorea_A longicatena,Lachnospira eligens_A,Roseburia inulinivorans,Roseburia intestinalis,Anaerostipes hadrus,Eubacterium_G ventriosum,Bariatricus comes,Bariatricus comes_A,Anaerobutyricum hallii,Anaerobutyricum soehngenii,Dorea formicigenerans,Coprococcus_A catus,Eubacterium_I ramulus,Clostridium_Q symbiosum,Bacteroides_F pectinophilus,Ruminococcus_B gnavus,Hungatella effluvii,Bacteroides uniformis,Bacteroides caccae,Bacteroides cellulosilyticus,Bacteroides timonensis,Bacteroides stercoris,Bacteroides sp900552405,Bacteroides intestinalis_A,Bacteroides xylanisolvens,Bacteroides eggerthii,Bacteroides fragilis,Bacteroides fluxus,Bacteroides finegoldii,Bacteroides intestinalis,Bacteroides faecis,Bacteroides nordii,Bacteroides salyersiae,Bacteroides sp902362375,Bacteroides oleiciplenus,Bacteroides fragilis_A,Bacteroides clarus,Phocaeicola dorei,Phocaeicola vulgatus,Phocaeicola plebeius,Phocaeicola massiliensis,Phocaeicola coprocola,Phocaeicola coprophilus,Prevotella sp900313215,Prevotella sp900551275,Prevotella copri_A,Prevotella stercorea,Prevotella sp015074785,Prevotella copri,Paraprevotella clara,Paraprevotella xylaniphila,Alistipes onderdonkii,Alistipes finegoldii,Alistipes shahii,Alistipes putredinis,Alistipes_A indistinctus,Parabacteroides distasonis,Parabacteroides goldsteinii,Parabacteroides distasonis_A,Parabacteroides gordonii,Parabacteroides merdae,Parabacteroides johnsonii,Parabacteroides timonensis,Butyricimonas virosa,Odoribacter splanchnicus,Barnesiella intestinihominis,Parasutterella excrementihominis,Escherichia coli,Escherichia fergusonii,Escherichia ruysiae,Escherichia sp005843885,Escherichia coli_E,Escherichia albertii,Hafnia alvei,Klebsiella pneumoniae,Akkermansia muciniphila,Akkermansia muciniphila_B,Erysipelatoclostridium ramosum,Catenibacterium sp000437715,Catenibacterium mitsuokai,Holdemania filiformis,Holdemanella biformis,Streptococcus salivarius,Streptococcus sp001556435,Streptococcus thermophilus,Adlercreutzia celatus_A,Bifidobacterium longum,Bifidobacterium pseudocatenulatum,Bifidobacterium catenulatum,Bifidobacterium ruminantium,Bifidobacterium bifidum,Desulfovibrio sp900556755,Bilophila wadsworthia,Dialister invisus,Veillonella parvula_A,Phascolarctobacterium_A succinatutens,Acidaminococcus fermentans,Mitsuokella multacida,Ligilactobacillus ruminis,Sutterella wadsworthensis,Acidaminococcus intestini,Phascolarctobacterium_A succinatutens_A,Megasphaera elsdenii
Flavonifractor plautii,0.0,0.5333036257324028,0.5333036257324028,0.5333036257324028,0.5333036257324028,0.5333036257324028,0.5333036257324028,0.5333036257324028,0.5333036257324028,0.5333036257324028,0.5333036257324028,0.6384767736272028,0.6384767736272028,0.6611341339648173,0.8176081706979138,0.8176081706979138,0.560668236610786,0.5351386120327855,0.5351386120327855,0.6492668299996343,0.6727731217088185,0.6727731217088185,0.6877814241013509,0.6957660727929851,0.5798314433319938,0.680342423400067,0.569095469793587,0.6970177146470926,0.7043263149017513,0.7043263149017513,0.5845788607094081,0.6272801371595604,0.634859719576212,0.6136217926857548,0.6746033517059782,0.6701998565270151,0.6701998565270151,0.6848492607916336,0.5567481190492043,0.5534434196051884,0.44067004013261213,0.5761971388595415,0.554513180331535,0.7085256543878979,0.6605225670783974,0.5105515071965239,0.7757736469465143,0.8073671931580082,0.7848223902489189,0.7232278545135253,0.778729610568138,0.7848223902489189,0.7871062286850314,0.7938867555526257,0.7869599902496316,0.7801099725068733,0.7344395674981266,0.7961397851367553,0.7871062286850314,0.7264494102686013,0.7201777030677793,0.7510671807961766,0.7938867555526257,0.7216198505481919,0.7801099725068733,0.7513111705461992,0.7809816520272299,0.7784873207019851,0.8032891888525796,0.7419710048694113,0.7911664752200644,0.8008959534151566,0.7932942708333334,0.7932942708333334,0.7932942708333334,0.810337852251245,0.7932942708333334,0.7932942708333334,0.7585993367034041,0.7563225230586135,0.7344770669096888,0.7290102127985107,0.7503241364191537,0.8263374724803638,0.7017071029573756,0.7557616570819816,0.6750039909983676,0.7557616570819816,0.6825053091882958,0.7727851286149838,0.7656519727579808,0.6750039909983676,0.6727747525028118,0.7848773468548719,0.769145879939784,0.7099388810531264,0.7849034373558418,0.7328923460684619,0.7849034373558418,0.7849034373558418,0.7849034373558418,0.7497007769879319,0.7046363850317722,0.7619754459982705,0.7993226232952384,0.7993226232952384,0.7026832182140258,0.686613834403127,0.686613834403127,0.7915659720638973,0.7689074968913793,0.6731703665816279,0.6731703665816279,0.7550565423370833,0.6977697347715373,0.7220267931398773,0.787475100523537,0.6848773553141874,0.6854423029243276,0.7421499837891736,0.767305145731063,0.7466293244286458,0.7589780769894701,0.7230694668820679,0.6921425533957941,0.7090182259862121,0.7493244958948884,0.7548529520307583,0.7696686846171382,0.7553957314955793,0.6921425533957941,0.6678261414559243
Faecalibacterium prausnitzii_C,0.5333036257324028,0.0,0.0,0.0,0.0,0.0,0.0,0.0,0.0,0.0,0.0,0.579379592602268,0.579379592602268,0.6381677158701825,0.7719437121431652,0.7719437121431652,0.46697364332325775,0.4993777536612267,0.4993777536612267,0.5171432876299533,0.5804307049409977,0.5804307049409977,0.6437734986281882,0.6227219139086178,0.5573960041947887,0.6024413451866351,0.5561244236064269,0.6217148467039018,0.6390091264667536,0.6390091264667536,0.520085837425839,0.5734278444202108,0.5718920437853648,0.61617100936613,0.6360319116706501,0.6099244310487921,0.6099244310487921,0.6193916301996881,0.531629385190507,0.5376430535841021,0.5080669435915959,0.5604341898809064,0.5267232806243849,0.6445563204219322,0.6279839643854908,0.5080567786369601,0.7035518917518704,0.7225425838644126,0.6893198260338455,0.6722945301394547,0.7093172123266204,0.6893198260338455,0.6957821564835625,0.7134366611645212,0.7044221688696772,0.6927785352551616,0.6876037714964227,0.7367949172053485,0.6957821564835625,0.7113273374907294,0.7093155997786629,0.7059757145982022,0.7134366611645212,0.6800600903413008,0.6927785352551616,0.6754267326981573,0.7155279696347459,0.7062890133478079,0.7347898802432054,0.7083247824659333,0.7286884513086431,0.7379851252348502,0.7221236852550109,0.7221236852550109,0.7221236852550109,0.8107246450887438,0.7221236852550109,0.7221236852550109,0.7327917820591644,0.73402146119478,0.7053212181031729,0.7138152411934088,0.7390817153925853,0.8018429022488562,0.6712580586697046,0.6871070424498711,0.6081914972456214,0.6871070424498711,0.6257951883334245,0.6783398811712567,0.6805774761079427,0.6081914972456214,0.6678951263775815,0.7532048418208863,0.7275105008256586,0.6912060672905272,0.7420927012352877,0.7124711316397229,0.7420927012352877,0.7420927012352877,0.7420927012352877,0.7061404213605027,0.6849975038315312,0.7280790266051944,0.7321439724728447,0.7321439724728447,0.6238325593395253,0.665629400078438,0.665629400078438,0.7715979105277257,0.7663330809269454,0.6517395679935409,0.6517395679935409,0.7417703473302228,0.6895266989520987,0.6526403081697074,0.7603765877826385,0.6302181555726293,0.6107858451925561,0.6599362689984213,0.693978813532809,0.7040078916450533,0.7435266167301644,0.6668848324726793,0.6469034064102162,0.6957974137931034,0.675869239472799,0.6996612604578867,0.7325428424060133,0.7250099802813834,0.6469034064102162,0.645198360290208
Faecalibacterium prausnitzii,0.5333036257324028,0.0,0.0,0.0,0.0,0.0,0.0,0.0,0.0,0.0,0.0,0.579379592602268,0.579379592602268,0.6381677158701825,0.7719437121431652,0.7719437121431652,0.46697364332325775,0.4993777536612267,0.4993777536612267,0.5171432876299533,0.5804307049409977,0.5804307049409977,0.6437734986281882,0.6227219139086178,0.5573960041947887,0.6024413451866351,0.5561244236064269,0.6217148467039018,0.6390091264667536,0.6390091264667536,0.520085837425839,0.5734278444202108,0.5718920437853648,0.61617100936613,0.6360319116706501,0.6099244310487921,0.6099244310487921,0.6193916301996881,0.531629385190507,0.5376430535841021,0.5080669435915959,0.5604341898809064,0.5267232806243849,0.6445563204219322,0.6279839643854908,0.5080567786369601,0.7035518917518704,0.7225425838644126,0.6893198260338455,0.6722945301394547,0.7093172123266204,0.6893198260338455,0.6957821564835625,0.7134366611645212,0.7044221688696772,0.6927785352551616,0.6876037714964227,0.7367949172053485,0.6957821564835625,0.7113273374907294,0.7093155997786629,0.7059757145982022,0.7134366611645212,0.6800600903413008,0.6927785352551616,0.6754267326981573,0.7155279696347459,0.7062890133478079,0.7347898802432054,0.7083247824659333,0.7286884513086431,0.7379851252348502,0.7221236852550109,0.7221236852550109,0.7221236852550109,0.8107246450887438,0.7221236852550109,0.7221236852550109,0.7327917820591644,0.73402146119478,0.7053212181031729,0.7138152411934088,0.7390817153925853,0.8018429022488562,0.6712580586697046,0.6871070424498711,0.6081914972456214,0.6871070424498711,0.6257951883334245,0.6783398811712567,0.6805774761079427,0.6081914972456214,0.6678951263775815,0.7532048418208863,0.7275105008256586,0.6912060672905272,0.7420927012352877,0.7124711316397229,0.7420927012352877,0.7420927012352877,0.7420927012352877,0.7061404213605027,0.6849975038315312,0.7280790266051944,0.7321439724728447,0.7321439724728447,0.6238325593395253,0.665629400078438,0.665629400078438,0.7715979105277257,0.7663330809269454,0.6517395679935409,0.6517395679935409,0.7417703473302228,0.6895266989520987,0.6526403081697074,0.7603765877826385,0.6302181555726293,0.6107858451925561,0.6599362689984213,0.693978813532809,0.7040078916450533,0.7435266167301644,0.6668848324726793,0.6469034064102162,0.6957974137931034,0.675869239472799,0.6996612604578867,0.7325428424060133,0.7250099802813834,0.6469034064102162,0.645198360290208
Faecalibacterium sp900539885,0.5333036257324028,0.0,0.0,0.0,0.0,0.0,0.0,0.0,0.0,0.0,0.0,0.579379592602268,0.579379592602268,0.6381677158701825,0.7719437121431652,0.7719437121431652,0.46697364332325775,0.4993777536612267,0.4993777536612267,0.5171432876299533,0.5804307049409977,0.5804307049409977,0.6437734986281882,0.6227219139086178,0.5573960041947887,0.6024413451866351,0.5561244236064269,0.6217148467039018,0.6390091264667536,0.6390091264667536,0.520085837425839,0.5734278444202108,0.5718920437853648,0.61617100936613,0.6360319116706501,0.6099244310487921,0.6099244310487921,0.6193916301996881,0.531629385190507,0.5376430535841021,0.5080669435915959,0.5604341898809064,0.5267232806243849,0.6445563204219322,0.6279839643854908,0.5080567786369601,0.7035518917518704,0.7225425838644126,0.6893198260338455,0.6722945301394547,0.7093172123266204,0.6893198260338455,0.6957821564835625,0.7134366611645212,0.7044221688696772,0.6927785352551616,0.6876037714964227,0.7367949172053485,0.6957821564835625,0.7113273374907294,0.7093155997786629,0.7059757145982022,0.7134366611645212,0.6800600903413008,0.6927785352551616,0.6754267326981573,0.7155279696347459,0.7062890133478079,0.7347898802432054,0.7083247824659333,0.7286884513086431,0.7379851252348502,0.7221236852550109,0.7221236852550109,0.7221236852550109,0.8107246450887438,0.7221236852550109,0.7221236852550109,0.7327917820591644,0.73402146119478,0.7053212181031729,0.7138152411934088,0.7390817153925853,0.8018429022488562,0.6712580586697046,0.6871070424498711,0.6081914972456214,0.6871070424498711,0.6257951883334245,0.6783398811712567,0.6805774761079427,0.6081914972456214,0.6678951263775815,0.7532048418208863,0.7275105008256586,0.6912060672905272,0.7420927012352877,0.7124711316397229,0.7420927012352877,0.7420927012352877,0.7420927012352877,0.7061404213605027,0.6849975038315312,0.7280790266051944,0.7321439724728447,0.7321439724728447,0.6238325593395253,0.665629400078438,0.665629400078438,0.7715979105277257,0.7663330809269454,0.6517395679935409,0.6517395679935409,0.7417703473302228,0.6895266989520987,0.6526403081697074,0.7603765877826385,0.6302181555726293,0.6107858451925561,0.6599362689984213,0.693978813532809,0.7040078916450533,0.7435266167301644,0.6668848324726793,0.6469034064102162,0.6957974137931034,0.675869239472799,0.6996612604578867,0.7325428424060133,0.7250099802813834,0.6469034064102162,0.645198360290208
Faecalibacterium prausnitzii_G,0.5333036257324028,0.0,0.0,0.0,0.0,0.0,0.0,0.0,0.0,0.0,0.0,0.579379592602268,0.579379592602268,0.6381677158701825,0.7719437121431652,0.7719437121431652,0.46697364332325775,0.4993777536612267,0.4993777536612267,0.5171432876299533,0.5804307049409977,0.5804307049409977,0.6437734986281882,0.6227219139086178,0.5573960041947887,0.6024413451866351,0.5561244236064269,0.6217148467039018,0.6390091264667536,0.6390091264667536,0.520085837425839,0.5734278444202108,0.5718920437853648,0.61617100936613,0.6360319116706501,0.6099244310487921,0.6099244310487921,0.6193916301996881,0.531629385190507,0.5376430535841021,0.5080669435915959,0.5604341898809064,0.5267232806243849,0.6445563204219322,0.6279839643854908,0.5080567786369601,0.7035518917518704,0.7225425838644126,0.6893198260338455,0.6722945301394547,0.7093172123266204,0.6893198260338455,0.6957821564835625,0.7134366611645212,0.7044221688696772,0.6927785352551616,0.6876037714964227,0.7367949172053485,0.6957821564835625,0.7113273374907294,0.7093155997786629,0.7059757145982022,0.7134366611645212,0.6800600903413008,0.6927785352551616,0.6754267326981573,0.7155279696347459,0.7062890133478079,0.7347898802432054,0.7083247824659333,0.7286884513086431,0.7379851252348502,0.7221236852550109,0.7221236852550109,0.7221236852550109,0.8107246450887438,0.7221236852550109,0.7221236852550109,0.7327917820591644,0.73402146119478,0.7053212181031729,0.7138152411934088,0.7390817153925853,0.8018429022488562,0.6712580586697046,0.6871070424498711,0.6081914972456214,0.6871070424498711,0.6257951883334245,0.6783398811712567,0.6805774761079427,0.6081914972456214,0.6678951263775815,0.7532048418208863,0.7275105008256586,0.6912060672905272,0.7420927012352877,0.7124711316397229,0.7420927012352877,0.7420927012352877,0.7420927012352877,0.7061404213605027,0.6849975038315312,0.7280790266051944,0.7321439724728447,0.7321439724728447,0.6238325593395253,0.665629400078438,0.665629400078438,0.7715979105277257,0.7663330809269454,0.6517395679935409,0.6517395679935409,0.7417703473302228,0.6895266989520987,0.6526403081697074,0.7603765877826385,0.6302181555726293,0.6107858451925561,0.6599362689984213,0.693978813532809,0.7040078916450533,0.7435266167301644,0.6668848324726793,0.6469034064102162,0.6957974137931034,0.675869239472799,0.6996612604578867,0.7325428424060133,0.7250099802813834,0.6469034064102162,0.645198360290208
Faecalibacterium prausnitzii_J,0.5333036257324028,0.0,0.0,0.0,0.0,0.0,0.0,0.0,0.0,0.0,0.0,0.579379592602268,0.579379592602268,0.6381677158701825,0.7719437121431652,0.7719437121431652,0.46697364332325775,0.4993777536612267,0.4993777536612267,0.5171432876299533,0.5804307049409977,0.5804307049409977,0.6437734986281882,0.6227219139086178,0.5573960041947887,0.6024413451866351,0.5561244236064269,0.6217148467039018,0.6390091264667536,0.6390091264667536,0.520085837425839,0.5734278444202108,0.5718920437853648,0.61617100936613,0.6360319116706501,0.6099244310487921,0.6099244310487921,0.6193916301996881,0.531629385190507,0.5376430535841021,0.5080669435915959,0.5604341898809064,0.5267232806243849,0.6445563204219322,0.6279839643854908,0.5080567786369601,0.7035518917518704,0.7225425838644126,0.6893198260338455,0.6722945301394547,0.7093172123266204,0.6893198260338455,0.6957821564835625,0.7134366611645212,0.7044221688696772,0.6927785352551616,0.6876037714964227,0.7367949172053485,0.6957821564835625,0.7113273374907294,0.7093155997786629,0.7059757145982022,0.7134366611645212,0.6800600903413008,0.6927785352551616,0.6754267326981573,0.7155279696347459,0.7062890133478079,0.7347898802432054,0.7083247824659333,0.7286884513086431,0.7379851252348502,0.7221236852550109,0.7221236852550109,0.7221236852550109,0.8107246450887438,0.7221236852550109,0.7221236852550109,0.7327917820591644,0.73402146119478,0.7053212181031729,0.7138152411934088,0.7390817153925853,0.8018429022488562,0.6712580586697046,0.6871070424498711,0.6081914972456214,0.6871070424498711,0.6257951883334245,0.6783398811712567,0.6805774761079427,0.6081914972456214,0.6678951263775815,0.7532048418208863,0.7275105008256586,0.6912060672905272,0.7420927012352877,0.7124711316397229,0.7420927012352877,0.7420927012352877,0.7420927012352877,0.7061404213605027,0.6849975038315312,0.7280790266051944,0.7321439724728447,0.7321439724728447,0.6238325593395253,0.665629400078438,0.665629400078438,0.7715979105277257,0.7663330809269454,0.6517395679935409,0.6517395679935409,0.7417703473302228,0.6895266989520987,0.6526403081697074,0.7603765877826385,0.6302181555726293,0.6107858451925561,0.6599362689984213,0.693978813532809,0.7040078916450533,0.7435266167301644,0.6668848324726793,0.6469034064102162,0.6957974137931034,0.675869239472799,0.6996612604578867,0.7325428424060133,0.7250099802813834,0.6469034064102162,0.645198360290208
Faecalibacterium prausnitzii_A,0.5333036257324028,0.0,0.0,0.0,0.0,0.0,0.0,0.0,0.0,0.0,0.0,0.579379592602268,0.579379592602268,0.6381677158701825,0.7719437121431652,0.7719437121431652,0.46697364332325775,0.4993777536612267,0.4993777536612267,0.5171432876299533,0.5804307049409977,0.5804307049409977,0.6437734986281882,0.6227219139086178,0.5573960041947887,0.6024413451866351,0.5561244236064269,0.6217148467039018,0.6390091264667536,0.6390091264667536,0.520085837425839,0.5734278444202108,0.5718920437853648,0.61617100936613,0.6360319116706501,0.6099244310487921,0.6099244310487921,0.6193916301996881,0.531629385190507,0.5376430535841021,0.5080669435915959,0.5604341898809064,0.5267232806243849,0.6445563204219322,0.6279839643854908,0.5080567786369601,0.7035518917518704,0.7225425838644126,0.6893198260338455,0.6722945301394547,0.7093172123266204,0.6893198260338455,0.6957821564835625,0.7134366611645212,0.7044221688696772,0.6927785352551616,0.6876037714964227,0.7367949172053485,0.6957821564835625,0.7113273374907294,0.7093155997786629,0.7059757145982022,0.7134366611645212,0.6800600903413008,0.6927785352551616,0.6754267326981573,0.7155279696347459,0.7062890133478079,0.7347898802432054,0.7083247824659333,0.7286884513086431,0.7379851252348502,0.7221236852550109,0.7221236852550109,0.7221236852550109,0.8107246450887438,0.7221236852550109,0.7221236852550109,0.7327917820591644,0.73402146119478,0.7053212181031729,0.7138152411934088,0.7390817153925853,0.8018429022488562,0.6712580586697046,0.6871070424498711,0.6081914972456214,0.6871070424498711,0.6257951883334245,0.6783398811712567,0.6805774761079427,0.6081914972456214,0.6678951263775815,0.7532048418208863,0.7275105008256586,0.6912060672905272,0.7420927012352877,0.7124711316397229,0.7420927012352877,0.7420927012352877,0.7420927012352877,0.7061404213605027,0.6849975038315312,0.7280790266051944,0.7321439724728447,0.7321439724728447,0.6238325593395253,0.665629400078438,0.665629400078438,0.7715979105277257,0.7663330809269454,0.6517395679935409,0.6517395679935409,0.7417703473302228,0.6895266989520987,0.6526403081697074,0.7603765877826385,0.6302181555726293,0.6107858451925561,0.6599362689984213,0.693978813532809,0.7040078916450533,0.7435266167301644,0.6668848324726793,0.6469034064102162,0.6957974137931034,0.675869239472799,0.6996612604578867,0.7325428424060133,0.7250099802813834,0.6469034064102162,0.645198360290208
Faecalibacterium sp900758465,0.5333036257324028,0.0,0.0,0.0,0.0,0.0,0.0,0.0,0.0,0.0,0.0,0.579379592602268,0.579379592602268,0.6381677158701825,0.7719437121431652,0.7719437121431652,0.46697364332325775,0.4993777536612267,0.4993777536612267,0.5171432876299533,0.5804307049409977,0.5804307049409977,0.6437734986281882,0.6227219139086178,0.5573960041947887,0.6024413451866351,0.5561244236064269,0.6217148467039018,0.6390091264667536,0.6390091264667536,0.520085837425839,0.5734278444202108,0.5718920437853648,0.61617100936613,0.6360319116706501,0.6099244310487921,0.6099244310487921,0.6193916301996881,0.531629385190507,0.5376430535841021,0.5080669435915959,0.5604341898809064,0.5267232806243849,0.6445563204219322,0.6279839643854908,0.5080567786369601,0.7035518917518704,0.7225425838644126,0.6893198260338455,0.6722945301394547,0.7093172123266204,0.6893198260338455,0.6957821564835625,0.7134366611645212,0.7044221688696772,0.6927785352551616,0.6876037714964227,0.7367949172053485,0.6957821564835625,0.7113273374907294,0.7093155997786629,0.7059757145982022,0.7134366611645212,0.6800600903413008,0.6927785352551616,0.6754267326981573,0.7155279696347459,0.7062890133478079,0.7347898802432054,0.7083247824659333,0.7286884513086431,0.7379851252348502,0.7221236852550109,0.7221236852550109,0.7221236852550109,0.8107246450887438,0.7221236852550109,0.7221236852550109,0.7327917820591644,0.73402146119478,0.7053212181031729,0.7138152411934088,0.7390817153925853,0.8018429022488562,0.6712580586697046,0.6871070424498711,0.6081914972456214,0.6871070424498711,0.6257951883334245,0.6783398811712567,0.6805774761079427,0.6081914972456214,0.6678951263775815,0.7532048418208863,0.7275105008256586,0.6912060672905272,0.7420927012352877,0.7124711316397229,0.7420927012352877,0.7420927012352877,0.7420927012352877,0.7061404213605027,0.6849975038315312,0.7280790266051944,0.7321439724728447,0.7321439724728447,0.6238325593395253,0.665629400078438,0.665629400078438,0.7715979105277257,0.7663330809269454,0.6517395679935409,0.6517395679935409,0.7417703473302228,0.6895266989520987,0.6526403081697074,0.7603765877826385,0.6302181555726293,0.6107858451925561,0.6599362689984213,0.693978813532809,0.7040078916450533,0.7435266167301644,0.6668848324726793,0.6469034064102162,0.6957974137931034,0.675869239472799,0.6996612604578867,0.7325428424060133,0.7250099802813834,0.6469034064102162,0.645198360290208
Faecalibacterium prausnitzii_H,0.5333036257324028,0.0,0.0,0.0,0.0,0.0,0.0,0.0,0.0,0.0,0.0,0.579379592602268,0.579379592602268,0.6381677158701825,0.7719437121431652,0.7719437121431652,0.46697364332325775,0.4993777536612267,0.4993777536612267,0.5171432876299533,0.5804307049409977,0.5804307049409977,0.6437734986281882,0.6227219139086178,0.5573960041947887,0.6024413451866351,0.5561244236064269,0.6217148467039018,0.6390091264667536,0.6390091264667536,0.520085837425839,0.5734278444202108,0.5718920437853648,0.61617100936613,0.6360319116706501,0.6099244310487921,0.6099244310487921,0.6193916301996881,0.531629385190507,0.5376430535841021,0.5080669435915959,0.5604341898809064,0.5267232806243849,0.6445563204219322,0.6279839643854908,0.5080567786369601,0.7035518917518704,0.7225425838644126,0.6893198260338455,0.6722945301394547,0.7093172123266204,0.6893198260338455,0.6957821564835625,0.7134366611645212,0.7044221688696772,0.6927785352551616,0.6876037714964227,0.7367949172053485,0.6957821564835625,0.7113273374907294,0.7093155997786629,0.7059757145982022,0.7134366611645212,0.6800600903413008,0.6927785352551616,0.6754267326981573,0.7155279696347459,0.7062890133478079,0.7347898802432054,0.7083247824659333,0.7286884513086431,0.7379851252348502,0.7221236852550109,0.7221236852550109,0.7221236852550109,0.8107246450887438,0.7221236852550109,0.7221236852550109,0.7327917820591644,0.73402146119478,0.7053212181031729,0.7138152411934088,0.7390817153925853,0.8018429022488562,0.6712580586697046,0.6871070424498711,0.6081914972456214,0.6871070424498711,0.6257951883334245,0.6783398811712567,0.6805774761079427,0.6081914972456214,0.6678951263775815,0.7532048418208863,0.7275105008256586,0.6912060672905272,0.7420927012352877,0.7124711316397229,0.7420927012352877,0.7420927012352877,0.7420927012352877,0.7061404213605027,0.6849975038315312,0.7280790266051944,0.7321439724728447,0.7321439724728447,0.6238325593395253,0.665629400078438,0.665629400078438,0.7715979105277257,0.7663330809269454,0.6517395679935409,0.6517395679935409,0.7417703473302228,0.6895266989520987,0.6526403081697074,0.7603765877826385,0.6302181555726293,0.6107858451925561,0.6599362689984213,0.693978813532809,0.7040078916450533,0.7435266167301644,0.6668848324726793,0.6469034064102162,0.6957974137931034,0.675869239472799,0.6996612604578867,0.7325428424060133,0.7250099802813834,0.6469034064102162,0.645198360290208
Faecalibacterium prausnitzii_E,0.5333036257324028,0.0,0.0,0.0,0.0,0.0,0.0,0.0,0.0,0.0,0.0,0.579379592602268,0.579379592602268,0.6381677158701825,0.7719437121431652,0.7719437121431652,0.46697364332325775,0.4993777536612267,0.4993777536612267,0.5171432876299533,0.5804307049409977,0.5804307049409977,0.6437734986281882,0.6227219139086178,0.5573960041947887,0.6024413451866351,0.5561244236064269,0.6217148467039018,0.6390091264667536,0.6390091264667536,0.520085837425839,0.5734278444202108,0.5718920437853648,0.61617100936613,0.6360319116706501,0.6099244310487921,0.6099244310487921,0.6193916301996881,0.531629385190507,0.5376430535841021,0.5080669435915959,0.5604341898809064,0.5267232806243849,0.6445563204219322,0.6279839643854908,0.5080567786369601,0.7035518917518704,0.7225425838644126,0.6893198260338455,0.6722945301394547,0.7093172123266204,0.6893198260338455,0.6957821564835625,0.7134366611645212,0.7044221688696772,0.6927785352551616,0.6876037714964227,0.7367949172053485,0.6957821564835625,0.7113273374907294,0.7093155997786629,0.7059757145982022,0.7134366611645212,0.6800600903413008,0.6927785352551616,0.6754267326981573,0.7155279696347459,0.7062890133478079,0.7347898802432054,0.7083247824659333,0.7286884513086431,0.7379851252348502,0.7221236852550109,0.7221236852550109,0.7221236852550109,0.8107246450887438,0.7221236852550109,0.7221236852550109,0.7327917820591644,0.73402146119478,0.7053212181031729,0.7138152411934088,0.7390817153925853,0.8018429022488562,0.6712580586697046,0.6871070424498711,0.6081914972456214,0.6871070424498711,0.6257951883334245,0.6783398811712567,0.6805774761079427,0.6081914972456214,0.6678951263775815,0.7532048418208863,0.7275105008256586,0.6912060672905272,0.7420927012352877,0.7124711316397229,0.7420927012352877,0.7420927012352877,0.7420927012352877,0.7061404213605027,0.6849975038315312,0.7280790266051944,0.7321439724728447,0.7321439724728447,0.6238325593395253,0.665629400078438,0.665629400078438,0.7715979105277257,0.7663330809269454,0.6517395679935409,0.6517395679935409,0.7417703473302228,0.6895266989520987,0.6526403081697074,0.7603765877826385,0.6302181555726293,0.6107858451925561,0.6599362689984213,0.693978813532809,0.7040078916450533,0.7435266167301644,0.6668848324726793,0.6469034064102162,0.6957974137931034,0.675869239472799,0.6996612604578867,0.7325428424060133,0.7250099802813834,0.6469034064102162,0.645198360290208
Faecalibacterium prausnitzii_F,0.5333036257324028,0.0,0.0,0.0,0.0,0.0,0.0,0.0,0.0,0.0,0.0,0.579379592602268,0.579379592602268,0.6381677158701825,0.7719437121431652,0.7719437121431652,0.46697364332325775,0.4993777536612267,0.4993777536612267,0.5171432876299533,0.5804307049409977,0.5804307049409977,0.6437734986281882,0.6227219139086178,0.5573960041947887,0.6024413451866351,0.5561244236064269,0.6217148467039018,0.6390091264667536,0.6390091264667536,0.520085837425839,0.5734278444202108,0.5718920437853648,0.61617100936613,0.6360319116706501,0.6099244310487921,0.6099244310487921,0.6193916301996881,0.531629385190507,0.5376430535841021,0.5080669435915959,0.5604341898809064,0.5267232806243849,0.6445563204219322,0.6279839643854908,0.5080567786369601,0.7035518917518704,0.7225425838644126,0.6893198260338455,0.6722945301394547,0.7093172123266204,0.6893198260338455,0.6957821564835625,0.7134366611645212,0.7044221688696772,0.6927785352551616,0.6876037714964227,0.7367949172053485,0.6957821564835625,0.7113273374907294,0.7093155997786629,0.7059757145982022,0.7134366611645212,0.6800600903413008,0.6927785352551616,0.6754267326981573,0.7155279696347459,0.7062890133478079,0.7347898802432054,0.7083247824659333,0.7286884513086431,0.7379851252348502,0.7221236852550109,0.7221236852550109,0.7221236852550109,0.8107246450887438,0.7221236852550109,0.7221236852550109,0.7327917820591644,0.73402146119478,0.7053212181031729,0.7138152411934088,0.7390817153925853,0.8018429022488562,0.6712580586697046,0.6871070424498711,0.6081914972456214,0.6871070424498711,0.6257951883334245,0.6783398811712567,0.6805774761079427,0.6081914972456214,0.6678951263775815,0.7532048418208863,0.7275105008256586,0.6912060672905272,0.7420927012352877,0.7124711316397229,0.7420927012352877,0.7420927012352877,0.7420927012352877,0.7061404213605027,0.6849975038315312,0.7280790266051944,0.7321439724728447,0.7321439724728447,0.6238325593395253,0.665629400078438,0.665629400078438,0.7715979105277257,0.7663330809269454,0.6517395679935409,0.6517395679935409,0.7417703473302228,0.6895266989520987,0.6526403081697074,0.7603765877826385,0.6302181555726293,0.6107858451925561,0.6599362689984213,0.693978813532809,0.7040078916450533,0.7435266167301644,0.6668848324726793,0.6469034064102162,0.6957974137931034,0.675869239472799,0.6996612604578867,0.7325428424060133,0.7250099802813834,0.6469034064102162,0.645198360290208
Gemmiger formicilis,0.6384767736272028,0.579379592602268,0.579379592602268,0.579379592602268,0.579379592602268,0.579379592602268,0.579379592602268,0.579379592602268,0.579379592602268,0.579379592602268,0.579379592602268,0.0,0.0,0.43386661659930625,0.640697982861822,0.640697982861822,0.6046850510990506,0.6499588594898577,0.6499588594898577,0.512721840267186,0.483545309358114,0.483545309358114,0.4781353772492084,0.5854457200092458,0.7016160096850523,0.5799079343114136,0.685046734959287,0.5323316262440816,0.46493764684619554,0.46493764684619554,0.662042928351976,0.36529675810473816,0.3943037671724666,0.5752803211252654,0.46659419683920056,0.4698729998624547,0.4698729998624547,0.5010347795827915,0.6581619351100811,0.6531143886570414,0.5944196265104358,0.571298556592299,0.6285966226173507,0.4704748158042139,0.5092225450692693,0.6915838258621371,0.7052982282953187,0.7444564076703964,0.7048001180906882,0.7580309859692175,0.704840172531969,0.7048001180906882,0.708667875910267,0.7406655952859247,0.7244523064362498,0.7483924912264173,0.7655562047136911,0.7417744066695381,0.708667875910267,0.7830456380204182,0.7803563704522516,0.790064981773405,0.7406655952859247,0.7702146175248508,0.7483924912264173,0.7685452722386041,0.7136965632858341,0.745185347397107,0.7267384916748286,0.7885254114634553,0.711506843144468,0.7320921893868118,0.7093164178334752,0.7093164178334752,0.7093164178334752,0.8023539147625396,0.7093164178334752,0.7093164178334752,0.7988178931082218,0.7903937139746828,0.7846679758527892,0.7829897355601949,0.7904901064572551,0.8064409548545783,0.7502210543357785,0.7398665554628857,0.7327306092900314,0.7398665554628857,0.7299826549957646,0.6909609046927623,0.690076972844851,0.7327306092900314,0.75037147102526,0.773863943738166,0.7314417972999613,0.7719814863084629,0.7793374776462574,0.7945319452181652,0.7793374776462574,0.7793374776462574,0.7793374776462574,0.7952194114969052,0.7696854168744198,0.80002411042575,0.7533289642229438,0.7533289642229438,0.5043359326766905,0.4458962297988338,0.4458962297988338,0.6600685032255353,0.6353618313274065,0.7457698669194943,0.7457698669194943,0.6543170228502472,0.6613681824243233,0.6762911670325958,0.6530267231546358,0.6704430103065284,0.7071367729374544,0.6727260255179037,0.677666358075429,0.6657194697696738,0.7995076564284037,0.7423137780402311,0.6025473346031969,0.7896377006546498,0.611801618033467,0.6107399493296548,0.7240052353969262,0.7425843845891579,0.6025473346031969,0.6691117562750358
Gemmiger sp900540775,0.6384767736272028,0.579379592602268,0.579379592602268,0.579379592602268,0.579379592602268,0.579379592602268,0.579379592602268,0.579379592602268,0.579379592602268,0.579379592602268,0.579379592602268,0.0,0.0,0.43386661659930625,0.640697982861822,0.640697982861822,0.6046850510990506,0.6499588594898577,0.6499588594898577,0.512721840267186,0.483545309358114,0.483545309358114,0.4781353772492084,0.5854457200092458,0.7016160096850523,0.5799079343114136,0.685046734959287,0.5323316262440816,0.46493764684619554,0.46493764684619554,0.662042928351976,0.36529675810473816,0.3943037671724666,0.5752803211252654,0.46659419683920056,0.4698729998624547,0.4698729998624547,0.5010347795827915,0.6581619351100811,0.6531143886570414,0.5944196265104358,0.571298556592299,0.6285966226173507,0.4704748158042139,0.5092225450692693,0.6915838258621371,0.7052982282953187,0.7444564076703964,0.7048001180906882,0.7580309859692175,0.704840172531969,0.7048001180906882,0.708667875910267,0.7406655952859247,0.7244523064362498,0.7483924912264173,0.7655562047136911,0.7417744066695381,0.708667875910267,0.7830456380204182,0.7803563704522516,0.790064981773405,0.7406655952859247,0.7702146175248508,0.7483924912264173,0.7685452722386041,0.7136965632858341,0.745185347397107,0.7267384916748286,0.7885254114634553,0.711506843144468,0.7320921893868118,0.7093164178334752,0.7093164178334752,0.7093164178334752,0.8023539147625396,0.7093164178334752,0.7093164178334752,0.7988178931082218,0.7903937139746828,0.7846679758527892,0.7829897355601949,0.7904901064572551,0.8064409548545783,0.7502210543357785,0.7398665554628857,0.7327306092900314,0.7398665554628857,0.7299826549957646,0.6909609046927623,0.690076972844851,0.7327306092900314,0.75037147102526,0.773863943738166,0.7314417972999613,0.7719814863084629,0.7793374776462574,0.7945319452181652,0.7793374776462574,0.7793374776462574,0.7793374776462574,0.7952194114969052,0.7696854168744198,0.80002411042575,0.7533289642229438,0.7533289642229438,0.5043359326766905,0.4458962297988338,0.4458962297988338,0.6600685032255353,0.6353618313274065,0.7457698669194943,0.7457698669194943,0.6543170228502472,0.6613681824243233,0.6762911670325958,0.6530267231546358,0.6704430103065284,0.7071367729374544,0.6727260255179037,0.677666358075429,0.6657194697696738,0.7995076564284037,0.7423137780402311,0.6025473346031969,0.7896377006546498,0.611801618033467,0.6107399493296548,0.7240052353969262,0.7425843845891579,0.6025473346031969,0.6691117562750358
Anaerotruncus colihominis,0.6611341339648173,0.6381677158701825,0.6381677158701825,0.6381677158701825,0.6381677158701825,0.6381677158701825,0.6381677158701825,0.6381677158701825,0.6381677158701825,0.6381677158701825,0.6381677158701825,0.43386661659930625,0.43386661659930625,0.0,0.6864567049640893,0.6864567049640893,0.6495385645885534,0.6829717748281832,0.6829717748281832,0.5894528530069264,0.5342238512398,0.5342238512398,0.581894105964962,0.6362282477917658,0.7145859906939978,0.5495101743978781,0.7248772815796425,0.6363459480494211,0.5710773480662983,0.5710773480662983,0.7128259620139807,0.4773960051310244,0.49431008067729965,0.6382161519446792,0.55125475211232,0.5718965007808873,0.5718965007808873,0.509513761055987,0.6792815501168783,0.6902917401574312,0.6221011485446328,0.57952914873027,0.6433062622367074,0.47189333446296566,0.5396904294068764,0.7040338386243093,0.7270793354206646,0.7399166447132889,0.7134313415533776,0.7626005571728175,0.7178770193232136,0.7134313415533776,0.7130565571778553,0.7640272168910935,0.7242758518697777,0.7416188356565538,0.779516986732152,0.7482278907420282,0.7130565571778553,0.7876570022534256,0.7816073537353201,0.7911774976218859,0.7640272168910935,0.7793000583384956,0.7416188356565538,0.773911976583177,0.7289703715829104,0.7550464958040373,0.7333000631155602,0.7975242718446602,0.725635445746232,0.733143913110168,0.753994393546858,0.753994393546858,0.753994393546858,0.7946785003046313,0.753994393546858,0.753994393546858,0.7963092249238082,0.786568009727519,0.7884072068721345,0.7709734027572162,0.8007941480860891,0.7973920945024988,0.7628435614601743,0.74671257924299,0.7229304176953696,0.74671257924299,0.7285511193326825,0.7017389299165715,0.6999994062216099,0.7229304176953696,0.724207752921373,0.7618993034718523,0.7450294065229015,0.7340133470005089,0.7772699842011405,0.7833452385700662,0.7772699842011405,0.7772699842011405,0.7772699842011405,0.7811377956606173,0.764562819066557,0.7969124743135493,0.7560859398479707,0.7560859398479707,0.6068295575437311,0.5783899087651905,0.5783899087651905,0.7117867100602284,0.6749934919560576,0.758225698414739,0.758225698414739,0.6867181734101886,0.653246764687745,0.7043306623442831,0.7139197920250793,0.6921676429527497,0.7235874147114822,0.701661564725967,0.7007696624037922,0.6705583007596431,0.7735696887245118,0.7356180323561428,0.6104538610453861,0.7773162725262946,0.6677216483884949,0.6957156320631188,0.6881460705403752,0.768477460397048,0.6104538610453861,0.6543578604398588
Ruminococcus_E bromii_B,0.8176081706979138,0.7719437121431652,0.7719437121431652,0.7719437121431652,0.7719437121431652,0.7719437121431652,0.7719437121431652,0.7719437121431652,0.7719437121431652,0.7719437121431652,0.7719437121431652,0.640697982861822,0.640697982861822,0.6864567049640893,0.0,0.0,0.7691131604734074,0.7857906185340418,0.7857906185340418,0.6822352032358021,0.6859904257634003,0.6859904257634003,0.6378538812785388,0.7247188545242255,0.8127456063748499,0.7667684196971648,0.80294305363328,0.6555696307433672,0.6274054015193271,0.6274054015193271,0.769697803754584,0.6716675307087614,0.6549200607081228,0.720355153270114,0.6255374196248525,0.681286099740441,0.681286099740441,0.6635430325902709,0.7769797345095918,0.7983738915313349,0.7767442601278978,0.7257644410807835,0.8010837044142216,0.6095925319885189,0.743138040707044,0.8272021824795392,0.7737297429024004,0.755696353651465,0.7580280016698243,0.7982873016966274,0.7585654311301778,0.7580280016698243,0.758123840593616,0.7600712126857947,0.7384567238156459,0.7784376139327481,0.8137321211171944,0.7478722310976578,0.758123840593616,0.8070226213197335,0.8127000605588719,0.8105755662829558,0.7600712126857947,0.8152267519084526,0.7784376139327481,0.8083975270740329,0.7797837665951188,0.8026050318321487,0.7466308301596498,0.8109036290079101,0.7172990502218073,0.7428822928103586,0.6919963976186856,0.6919963976186856,0.6919963976186856,0.7764585302221572,0.6919963976186856,0.6919963976186856,0.8119115543104851,0.8058024855158994,0.804636007500789,0.8113870514949404,0.8158396859451317,0.7718922393015907,0.830374057293505,0.8377177280975718,0.836626168108316,0.8377177280975718,0.8355005212763916,0.7987110633727175,0.7984582314135349,0.836626168108316,0.8685551266991106,0.8077542001917706,0.8065781240360633,0.8272837813365068,0.8798847778683906,0.8825836225580092,0.8798847778683906,0.8798847778683906,0.8798847778683906,0.8847426729890733,0.8800802531304273,0.8970918395501689,0.7404953354931887,0.7404953354931887,0.6518467387860408,0.6615564505651552,0.6615564505651552,0.7454044246916358,0.7469259034227353,0.7669568668731719,0.7669568668731719,0.6490592560553633,0.7204673696209747,0.7901608891891062,0.7443455245428297,0.7777537179631538,0.781165819656197,0.762916271952197,0.6819416626378434,0.7362133101631867,0.8264954253808624,0.7672547676695574,0.7398429925249429,0.7775789275932645,0.718655363561107,0.7198876454195603,0.7747285738190623,0.7281565050408065,0.7398429925249429,0.7886335477519986
Ruminococcus_E bromii,0.8176081706979138,0.7719437121431652,0.7719437121431652,0.7719437121431652,0.7719437121431652,0.7719437121431652,0.7719437121431652,0.7719437121431652,0.7719437121431652,0.7719437121431652,0.7719437121431652,0.640697982861822,0.640697982861822,0.6864567049640893,0.0,0.0,0.7691131604734074,0.7857906185340418,0.7857906185340418,0.6822352032358021,0.6859904257634003,0.6859904257634003,0.6378538812785388,0.7247188545242255,0.8127456063748499,0.7667684196971648,0.80294305363328,0.6555696307433672,0.6274054015193271,0.6274054015193271,0.769697803754584,0.6716675307087614,0.6549200607081228,0.720355153270114,0.6255374196248525,0.681286099740441,0.681286099740441,0.6635430325902709,0.7769797345095918,0.7983738915313349,0.7767442601278978,0.7257644410807835,0.8010837044142216,0.6095925319885189,0.743138040707044,0.8272021824795392,0.7737297429024004,0.755696353651465,0.7580280016698243,0.7982873016966274,0.7585654311301778,0.7580280016698243,0.758123840593616,0.7600712126857947,0.7384567238156459,0.7784376139327481,0.8137321211171944,0.7478722310976578,0.758123840593616,0.8070226213197335,0.8127000605588719,0.8105755662829558,0.7600712126857947,0.8152267519084526,0.7784376139327481,0.8083975270740329,0.7797837665951188,0.8026050318321487,0.7466308301596498,0.8109036290079101,0.7172990502218073,0.7428822928103586,0.6919963976186856,0.6919963976186856,0.6919963976186856,0.7764585302221572,0.6919963976186856,0.6919963976186856,0.8119115543104851,0.8058024855158994,0.804636007500789,0.8113870514949404,0.8158396859451317,0.7718922393015907,0.830374057293505,0.8377177280975718,0.836626168108316,0.8377177280975718,0.8355005212763916,0.7987110633727175,0.7984582314135349,0.836626168108316,0.8685551266991106,0.8077542001917706,0.8065781240360633,0.8272837813365068,0.8798847778683906,0.8825836225580092,0.8798847778683906,0.8798847778683906,0.8798847778683906,0.8847426729890733,0.8800802531304273,0.8970918395501689,0.7404953354931887,0.7404953354931887,0.6518467387860408,0.6615564505651552,0.6615564505651552,0.7454044246916358,0.7469259034227353,0.7669568668731719,0.7669568668731719,0.6490592560553633,0.7204673696209747,0.7901608891891062,0.7443455245428297,0.7777537179631538,0.781165819656197,0.762916271952197,0.6819416626378434,0.7362133101631867,0.8264954253808624,0.7672547676695574,0.7398429925249429,0.7775789275932645,0.718655363561107,0.7198876454195603,0.7747285738190623,0.7281565050408065,0.7398429925249429,0.7886335477519986
Blautia_A obeum,0.560668236610786,0.46697364332325775,0.46697364332325775,0.46697364332325775,0.46697364332325775,0.46697364332325775,0.46697364332325775,0.46697364332325775,0.46697364332325775,0.46697364332325775,0.46697364332325775,0.6046850510990506,0.6046850510990506,0.6495385645885534,0.7691131604734074,0.7691131604734074,0.0,0.3028762911709909,0.3028762911709909,0.48404449307075126,0.4803935083651858,0.4803935083651858,0.5496924311313185,0.5350360736433173,0.5366317536259995,0.5738243638474767,0.47611420933769644,0.5511685673899022,0.6000448750098989,0.6000448750098989,0.5126349917753356,0.562568043754147,0.5849692964683146,0.5592472032027538,0.60217994746951,0.51937192658508,0.51937192658508,0.5665466469491416,0.48985666557565355,0.4237644212327757,0.499067844210476,0.5411787365177196,0.4715117737811161,0.6361942194964931,0.5570614081586976,0.5191368326786477,0.6634969198329681,0.7020548492844008,0.677612785206229,0.6603898666245758,0.6869022869022869,0.677612785206229,0.6786247975338314,0.6941917498666863,0.6853981074975491,0.6716724983873175,0.6661315158399597,0.7087911781594778,0.6786247975338314,0.6719819461038099,0.6955276141970397,0.6850737968787466,0.6941917498666863,0.662605286311879,0.6716724983873175,0.6529698346585889,0.6968989230569612,0.689007050180698,0.6971241436849782,0.6813882571842051,0.6992619718309859,0.7004946446398457,0.6952293132130019,0.6952293132130019,0.6952293132130019,0.7760130727397208,0.6952293132130019,0.6952293132130019,0.6824556805317779,0.6861026063968005,0.6904015274242074,0.7002220238503971,0.7063540848501406,0.801319597029007,0.6127073238414413,0.6543946682230234,0.5709509080974319,0.6543946682230234,0.5914251463225442,0.6559738706949345,0.6489361181165985,0.5709509080974319,0.6303983120625771,0.7130912961843576,0.7033190864164551,0.676389085654379,0.7225935317706724,0.6978272625631601,0.7225935317706724,0.7225935317706724,0.7225935317706724,0.7012289351681507,0.6620781918358007,0.696803732755255,0.7072777048993326,0.7072777048993326,0.5840835739765585,0.6310050045761688,0.6310050045761688,0.790960049711312,0.7772393558408455,0.6560825272287325,0.6560825272287325,0.7516226276772566,0.7074516905980694,0.6433917730737744,0.7395138838612865,0.592710507387362,0.6313699971343968,0.6450867588921334,0.6558184341785871,0.6607575355535859,0.7462691076067911,0.645249516115459,0.6214875720154223,0.6977872225198232,0.6223110615393291,0.6658537042943173,0.7079444690111015,0.7139931781605053,0.6214875720154223,0.5889809362211798
Blautia_A wexlerae,0.5351386120327855,0.4993777536612267,0.4993777536612267,0.4993777536612267,0.4993777536612267,0.4993777536612267,0.4993777536612267,0.4993777536612267,0.4993777536612267,0.4993777536612267,0.4993777536612267,0.6499588594898577,0.6499588594898577,0.6829717748281832,0.7857906185340418,0.7857906185340418,0.3028762911709909,0.0,0.0,0.5568135967770971,0.5616795557567373,0.5616795557567373,0.5967556341388117,0.6000495693661317,0.5362356321839081,0.6285794750478766,0.48808964064360516,0.6225364698206473,0.6624508420230477,0.6624508420230477,0.4885299792753519,0.6075113439930855,0.6282210351718103,0.5486450948230286,0.6168034885932949,0.5955222878625135,0.5955222878625135,0.6165039416607352,0.4450000683144102,0.42373821059329775,0.47921765152646234,0.5132301688852443,0.49849520136435077,0.6725476358503881,0.6141866724998025,0.5051206264723846,0.7066573200554376,0.731773252885272,0.7115831996803276,0.6229412275874056,0.7181395556747575,0.7115831996803276,0.7152889682505117,0.7256678281068525,0.7124256973662833,0.706854304803746,0.6659869670291731,0.722488664627688,0.7152889682505117,0.6600604500425219,0.6832530133413475,0.6703547884851095,0.7256678281068525,0.6456294446797601,0.706854304803746,0.6717567395186665,0.73528633385723,0.7143551531385253,0.7229492345851025,0.6659890574511813,0.7311106762262272,0.7320849517157824,0.7263302060314142,0.7263302060314142,0.7263302060314142,0.7675537878192815,0.7263302060314142,0.7263302060314142,0.6792109731571911,0.6929393441728833,0.672571587927341,0.6857542947163111,0.7096637676181597,0.7958509412216673,0.609044501419284,0.6730830895520179,0.5465794408732696,0.6730830895520179,0.5447264348461853,0.6881587856615901,0.6818644516378591,0.5465794408732696,0.6015890204967933,0.7258952069543025,0.6949673569715966,0.658474817649317,0.7489689192775411,0.6942895483368561,0.7489689192775411,0.7489689192775411,0.7489689192775411,0.6967977300364816,0.673832219422227,0.7177645522169833,0.7213799325761872,0.7213799325761872,0.6251883553396589,0.6480217995804556,0.6480217995804556,0.8107822410147991,0.7938485497372008,0.6580274183092842,0.6580274183092842,0.7696101472080872,0.6728009466283246,0.6923296436744393,0.7811169284467714,0.6108981585869974,0.610410517842769,0.6935184067592034,0.6845517715487319,0.6819587783062611,0.7469313153759674,0.6397376920818244,0.6497956722717224,0.6955766676882215,0.6734903298757492,0.6893832234647308,0.7144960773993032,0.7218748177476526,0.6497956722717224,0.6146400446456253
Blautia_A wexlerae_B,0.5351386120327855,0.4993777536612267,0.4993777536612267,0.4993777536612267,0.4993777536612267,0.4993777536612267,0.4993777536612267,0.4993777536612267,0.4993777536612267,0.4993777536612267,0.4993777536612267,0.6499588594898577,0.6499588594898577,0.6829717748281832,0.7857906185340418,0.7857906185340418,0.3028762911709909,0.0,0.0,0.5568135967770971,0.5616795557567373,0.5616795557567373,0.5967556341388117,0.6000495693661317,0.5362356321839081,0.6285794750478766,0.48808964064360516,0.6225364698206473,0.6624508420230477,0.6624508420230477,0.4885299792753519,0.6075113439930855,0.6282210351718103,0.5486450948230286,0.6168034885932949,0.5955222878625135,0.5955222878625135,0.6165039416607352,0.4450000683144102,0.42373821059329775,0.47921765152646234,0.5132301688852443,0.49849520136435077,0.6725476358503881,0.6141866724998025,0.5051206264723846,0.7066573200554376,0.731773252885272,0.7115831996803276,0.6229412275874056,0.7181395556747575,0.7115831996803276,0.7152889682505117,0.7256678281068525,0.7124256973662833,0.706854304803746,0.6659869670291731,0.722488664627688,0.7152889682505117,0.6600604500425219,0.6832530133413475,0.6703547884851095,0.7256678281068525,0.6456294446797601,0.706854304803746,0.6717567395186665,0.73528633385723,0.7143551531385253,0.7229492345851025,0.6659890574511813,0.7311106762262272,0.7320849517157824,0.7263302060314142,0.7263302060314142,0.7263302060314142,0.7675537878192815,0.7263302060314142,0.7263302060314142,0.6792109731571911,0.6929393441728833,0.672571587927341,0.6857542947163111,0.7096637676181597,0.7958509412216673,0.609044501419284,0.6730830895520179,0.5465794408732696,0.6730830895520179,0.5447264348461853,0.6881587856615901,0.6818644516378591,0.5465794408732696,0.6015890204967933,0.7258952069543025,0.6949673569715966,0.658474817649317,0.7489689192775411,0.6942895483368561,0.7489689192775411,0.7489689192775411,0.7489689192775411,0.6967977300364816,0.673832219422227,0.7177645522169833,0.7213799325761872,0.7213799325761872,0.6251883553396589,0.6480217995804556,0.6480217995804556,0.8107822410147991,0.7938485497372008,0.6580274183092842,0.6580274183092842,0.7696101472080872,0.6728009466283246,0.6923296436744393,0.7811169284467714,0.6108981585869974,0.610410517842769,0.6935184067592034,0.6845517715487319,0.6819587783062611,0.7469313153759674,0.6397376920818244,0.6497956722717224,0.6955766676882215,0.6734903298757492,0.6893832234647308,0.7144960773993032,0.7218748177476526,0.6497956722717224,0.6146400446456253
Agathobacter sp900317585,0.6492668299996343,0.5171432876299533,0.5171432876299533,0.5171432876299533,0.5171432876299533,0.5171432876299533,0.5171432876299533,0.5171432876299533,0.5171432876299533,0.5171432876299533,0.5171432876299533,0.512721840267186,0.512721840267186,0.5894528530069264,0.6822352032358021,0.6822352032358021,0.48404449307075126,0.5568135967770971,0.5568135967770971,0.0,0.43875600149498317,0.43875600149498317,0.46585641198088057,0.5877728804097344,0.6472988483653598,0.580954162994797,0.644605107342584,0.4928310761495418,0.5194339009643653,0.5194339009643653,0.5879704834221098,0.49245997576829004,0.4580338848282822,0.48264698073689494,0.5258176121156733,0.4447972245669194,0.4447972245669194,0.5029237108404532,0.5638514597894655,0.5488273279400822,0.5942810915087589,0.4803392560148707,0.5847186527429866,0.5665580448065173,0.4927239919589991,0.6293127014829143,0.6389950241210545,0.681861291160498,0.640379984906022,0.7154492493838225,0.6504518256197338,0.640379984906022,0.6521360637680473,0.6909670838909754,0.6534017659507187,0.6403282829675633,0.7167603046546853,0.6937089237548912,0.6521360637680473,0.7424678070774084,0.7469357755475418,0.7447821884298235,0.6909670838909754,0.7194347871173379,0.6403282829675633,0.6995864831685727,0.6840280003963419,0.654532420838047,0.6775864301437265,0.7392897499753157,0.6665326189889346,0.6758128244195956,0.6708296035344056,0.6708296035344056,0.6708296035344056,0.7665717740905711,0.6708296035344056,0.6708296035344056,0.7411179931497858,0.7428119181762498,0.7488658921337408,0.7420054470779605,0.7620139122973677,0.7861166004248359,0.6958524833415769,0.6273347871432635,0.655041729658086,0.6273347871432635,0.6610569204124928,0.6262863204400555,0.6240425637055461,0.655041729658086,0.7068323981851862,0.7020005305807447,0.6775479278487702,0.715843861174309,0.7377220077220077,0.751832980390424,0.7377220077220077,0.7377220077220077,0.7377220077220077,0.7497593998298555,0.7269605098832953,0.7626959513649192,0.6726215589072883,0.6726215589072883,0.5327702366079299,0.5521988736525172,0.5521988736525172,0.749674821926293,0.726364131828674,0.69231657369259,0.69231657369259,0.7220214731437306,0.648830313014827,0.6077936233990371,0.7229704293846946,0.6620039750960858,0.6645976559942381,0.6109561061568858,0.6326677012268322,0.6520735275410253,0.7634707782513097,0.6429370790632059,0.5795867343186999,0.7450775675433314,0.6064987896237091,0.5907220744182561,0.6898292106402104,0.7208691176072173,0.5795867343186999,0.5860282223595786
Mediterraneibacter faecis,0.6727731217088185,0.5804307049409977,0.5804307049409977,0.5804307049409977,0.5804307049409977,0.5804307049409977,0.5804307049409977,0.5804307049409977,0.5804307049409977,0.5804307049409977,0.5804307049409977,0.483545309358114,0.483545309358114,0.5342238512398,0.6859904257634003,0.6859904257634003,0.4803935083651858,0.5616795557567373,0.5616795557567373,0.43875600149498317,0.0,0.0,0.36959169623470844,0.4716883945995749,0.6320363387041481,0.5166754415043322,0.6308190074315922,0.4649471183125895,0.45171947998313644,0.45171947998313644,0.657086903607238,0.4611516299310956,0.4695548327283584,0.5519104592821305,0.5071432866850512,0.40808201861671567,0.40808201861671567,0.4750503629328814,0.6168376485914346,0.5914171273699738,0.6121169872302672,0.5674518358563045,0.5882957449172315,0.5455483959772538,0.3862481610119364,0.6312146369837661,0.631345430806243,0.6539674248842291,0.630177993527508,0.7238108898961502,0.6376603216612378,0.630177993527508,0.6379417808853205,0.6679421452807291,0.6467286064803426,0.635381548974943,0.7121805012072266,0.6639645192410761,0.6379417808853205,0.7451383490253665,0.7552018524329412,0.7455423187728724,0.6679421452807291,0.73806990713035,0.635381548974943,0.703188043730586,0.6388177205114174,0.6490537419022422,0.6503668652001175,0.7297791603992889,0.6536181112232936,0.6445910831509847,0.6681070438200305,0.6681070438200305,0.6681070438200305,0.7605943386564353,0.6681070438200305,0.6681070438200305,0.7390014829461196,0.7302609070289038,0.7512701781465045,0.740011633167453,0.7508883126860655,0.7930618609760407,0.6845163153335259,0.6505895931621022,0.6658383716881391,0.6505895931621022,0.6786063275931118,0.6170051393511287,0.6189520927544117,0.6658383716881391,0.721697082286089,0.7074023992358174,0.673387416431044,0.7309534312180982,0.7296012709755462,0.7491155895780173,0.7296012709755462,0.7296012709755462,0.7296012709755462,0.7482466658181891,0.7202113334167286,0.7574647800831266,0.6605848968234289,0.6605848968234289,0.4363126408731167,0.5081927529820285,0.5081927529820285,0.7038816230717639,0.6944745023273389,0.7139902578761181,0.7139902578761181,0.6854035316472805,0.6900012536226006,0.6307927503131217,0.684465177723651,0.6221735910488988,0.6835213873913595,0.6260839877091158,0.6177150804078402,0.6381992321895881,0.750675189373695,0.6570016405750354,0.5219871774526296,0.7361854905028381,0.5332614336178061,0.5883031365673096,0.68893016447323,0.7091751319448385,0.5219871774526296,0.6011707146601433
Mediterraneibacter torques,0.6727731217088185,0.5804307049409977,0.5804307049409977,0.5804307049409977,0.5804307049409977,0.5804307049409977,0.5804307049409977,0.5804307049409977,0.5804307049409977,0.5804307049409977,0.5804307049409977,0.483545309358114,0.483545309358114,0.5342238512398,0.6859904257634003,0.6859904257634003,0.4803935083651858,0.5616795557567373,0.5616795557567373,0.43875600149498317,0.0,0.0,0.36959169623470844,0.4716883945995749,0.6320363387041481,0.5166754415043322,0.6308190074315922,0.4649471183125895,0.45171947998313644,0.45171947998313644,0.657086903607238,0.4611516299310956,0.4695548327283584,0.5519104592821305,0.5071432866850512,0.40808201861671567,0.40808201861671567,0.4750503629328814,0.6168376485914346,0.5914171273699738,0.6121169872302672,0.5674518358563045,0.5882957449172315,0.5455483959772538,0.3862481610119364,0.6312146369837661,0.631345430806243,0.6539674248842291,0.630177993527508,0.7238108898961502,0.6376603216612378,0.630177993527508,0.6379417808853205,0.6679421452807291,0.6467286064803426,0.635381548974943,0.7121805012072266,0.6639645192410761,0.6379417808853205,0.7451383490253665,0.7552018524329412,0.7455423187728724,0.6679421452807291,0.73806990713035,0.635381548974943,0.703188043730586,0.6388177205114174,0.6490537419022422,0.6503668652001175,0.7297791603992889,0.6536181112232936,0.6445910831509847,0.6681070438200305,0.6681070438200305,0.6681070438200305,0.7605943386564353,0.6681070438200305,0.6681070438200305,0.7390014829461196,0.7302609070289038,0.7512701781465045,0.740011633167453,0.7508883126860655,0.7930618609760407,0.6845163153335259,0.6505895931621022,0.6658383716881391,0.6505895931621022,0.6786063275931118,0.6170051393511287,0.6189520927544117,0.6658383716881391,0.721697082286089,0.7074023992358174,0.673387416431044,0.7309534312180982,0.7296012709755462,0.7491155895780173,0.7296012709755462,0.7296012709755462,0.7296012709755462,0.7482466658181891,0.7202113334167286,0.7574647800831266,0.6605848968234289,0.6605848968234289,0.4363126408731167,0.5081927529820285,0.5081927529820285,0.7038816230717639,0.6944745023273389,0.7139902578761181,0.7139902578761181,0.6854035316472805,0.6900012536226006,0.6307927503131217,0.684465177723651,0.6221735910488988,0.6835213873913595,0.6260839877091158,0.6177150804078402,0.6381992321895881,0.750675189373695,0.6570016405750354,0.5219871774526296,0.7361854905028381,0.5332614336178061,0.5883031365673096,0.68893016447323,0.7091751319448385,0.5219871774526296,0.6011707146601433
Mediterraneibacter lactaris,0.6877814241013509,0.6437734986281882,0.6437734986281882,0.6437734986281882,0.6437734986281882,0.6437734986281882,0.6437734986281882,0.6437734986281882,0.6437734986281882,0.6437734986281882,0.6437734986281882,0.4781353772492084,0.4781353772492084,0.581894105964962,0.6378538812785388,0.6378538812785388,0.5496924311313185,0.5967556341388117,0.5967556341388117,0.46585641198088057,0.36959169623470844,0.36959169623470844,0.0,0.5685156679068977,0.720191778198099,0.5848752174004148,0.7047095092485839,0.5098869919252185,0.40277749032431653,0.40277749032431653,0.630801085249179,0.4350912394942076,0.499871432244793,0.5440809432170559,0.4780281863752157,0.4107722809667673,0.4107722809667673,0.48450117457054764,0.645771844202557,0.6158185365208477,0.6377755863914911,0.6016835850458034,0.6550392843480564,0.5303241404745318,0.4507225266085114,0.7001359801156946,0.6564346167999198,0.6962391446283023,0.660046020723104,0.7364802403512827,0.6528136053449569,0.660046020723104,0.6575521550063301,0.6850474551812178,0.6777586496472959,0.6850677676607562,0.7255248209434428,0.6853235712340786,0.6575521550063301,0.763577329861446,0.7715525009912648,0.7669176641813595,0.6850474551812178,0.7490902789811125,0.6850677676607562,0.7213181946092766,0.6775025658569962,0.6976906006695001,0.6582378352198605,0.7561190849895678,0.6689147620658895,0.6554837202056395,0.6612306524100056,0.6612306524100056,0.6612306524100056,0.7594842525617842,0.6612306524100056,0.6612306524100056,0.7538994316674347,0.7464718031094029,0.7653435684829663,0.7862768847066244,0.7485214746121871,0.7785641311414507,0.6957110784237825,0.6590043269683002,0.7187536994965866,0.6590043269683002,0.72074866803515,0.6311804204031315,0.6319889606723954,0.7187536994965866,0.7527074191366192,0.7249733183590616,0.6617834638151614,0.762929912099822,0.7891527545488503,0.8013157753369122,0.7891527545488503,0.7891527545488503,0.7891527545488503,0.8023221811301282,0.7729735698755221,0.8079270545045378,0.7092111297966672,0.7092111297966672,0.4833670509199175,0.49205223660107544,0.49205223660107544,0.693840561366559,0.6969312758346992,0.7455678993696873,0.7455678993696873,0.7109093928156307,0.6823216390487417,0.6674519545568074,0.6935687140358933,0.6646983274037113,0.7059014438498638,0.6573283277389954,0.6548832262507738,0.6700565558034557,0.7856349109786267,0.6981713948357828,0.5426285569151783,0.7404701348747591,0.5820224325884967,0.604106466608037,0.7032192364773122,0.6935680625647538,0.5426285569151783,0.6383627859790985
Enterocloster bolteae,0.6957660727929851,0.6227219139086178,0.6227219139086178,0.6227219139086178,0.6227219139086178,0.6227219139086178,0.6227219139086178,0.6227219139086178,0.6227219139086178,0.6227219139086178,0.6227219139086178,0.5854457200092458,0.5854457200092458,0.6362282477917658,0.7247188545242255,0.7247188545242255,0.5350360736433173,0.6000495693661317,0.6000495693661317,0.5877728804097344,0.4716883945995749,0.4716883945995749,0.5685156679068977,0.0,0.5567848694071403,0.45185064759117755,0.5160570207609146,0.593077363716974,0.5804876896549009,0.5804876896549009,0.7215296169498094,0.547313101856071,0.5964639707680578,0.6214037054723889,0.6126772908366533,0.5001814237518432,0.5001814237518432,0.590911101934875,0.6926434068500897,0.6413613472555905,0.6824944887943825,0.6356519856704912,0.6016156065393599,0.6488642164369576,0.5244761054227502,0.63103047588866,0.6346788372149033,0.6456676286337721,0.6122820270695625,0.6893981290816027,0.6462453212480038,0.6122820270695625,0.618743517002637,0.6417679948059479,0.6535015164047422,0.6484764854970431,0.7025089205443347,0.6394082429146488,0.618743517002637,0.7076299037749815,0.7326777326777327,0.7173867372258215,0.6417679948059479,0.7048461652034663,0.6484764854970431,0.6976165401030985,0.6394779467892983,0.6478678470173003,0.6529420582143246,0.7295802536572042,0.6609502408568584,0.6597432228102387,0.6523758566517156,0.6523758566517156,0.6523758566517156,0.7386792754736303,0.6523758566517156,0.6523758566517156,0.7284003607974869,0.718837952887567,0.7305852330946803,0.7297868604023441,0.7343707502816956,0.769111703499871,0.7285010367661813,0.6988455352844163,0.6940370095308825,0.6988455352844163,0.6975991254257243,0.6695775107389483,0.6667322253908938,0.6940370095308825,0.7506945296128231,0.7115519944690676,0.7376335178421257,0.7817088122142568,0.7297456600194937,0.7624536323737823,0.7297456600194937,0.7297456600194937,0.7297456600194937,0.7585720543726437,0.7248115674511614,0.7572934973637961,0.6809560889731523,0.6809560889731523,0.5996379281613113,0.6207257797394834,0.6207257797394834,0.7499838642011166,0.7749939696068184,0.7289132037308932,0.7289132037308932,0.7068721951219512,0.7396184460244172,0.687020522377092,0.7390662265253581,0.6839680863247102,0.7389982305181324,0.6940328004820933,0.597983773734608,0.5851464002755771,0.7279764792781571,0.6234609612279591,0.614163813654356,0.7219076287602169,0.4870036856420904,0.6862970764297553,0.7203280364903594,0.6842317991209013,0.614163813654356,0.6548960907407526
Enterocloster citroniae,0.5798314433319938,0.5573960041947887,0.5573960041947887,0.5573960041947887,0.5573960041947887,0.5573960041947887,0.5573960041947887,0.5573960041947887,0.5573960041947887,0.5573960041947887,0.5573960041947887,0.7016160096850523,0.7016160096850523,0.7145859906939978,0.8127456063748499,0.8127456063748499,0.5366317536259995,0.5362356321839081,0.5362356321839081,0.6472988483653598,0.6320363387041481,0.6320363387041481,0.720191778198099,0.5567848694071403,0.0,0.620961517847572,0.30227755372416076,0.6844704394562124,0.737605227242533,0.737605227242533,0.6151559760866634,0.696694366622639,0.681416085563513,0.6287627228759114,0.7093560331335649,0.6841422115237117,0.6841422115237117,0.7024787535410765,0.6098559436211006,0.5018017557897365,0.538276172912972,0.6535242912669186,0.5540665410789314,0.765107655875113,0.6758921191353329,0.44109382867104474,0.7130495660889581,0.7260114994303277,0.7089828673266916,0.65732832251452,0.7284166832216309,0.7089828673266916,0.7126572428329219,0.717449297889994,0.7159841897233201,0.6978222734805827,0.6436886093176186,0.7351031501336773,0.7126572428329219,0.6551348643733734,0.6528877939250296,0.672669651653123,0.717449297889994,0.6310888672135254,0.6978222734805827,0.655457043657369,0.7193989000490588,0.6938891294286269,0.7440199215781972,0.6748339809347543,0.7455917176055951,0.7468410258672018,0.7464746802758285,0.7464746802758285,0.7464746802758285,0.7797945945238298,0.7464746802758285,0.7464746802758285,0.6849416276577744,0.6856139788210094,0.6715814902744803,0.672455575898703,0.7088343699608386,0.8142372276950312,0.697603788508731,0.7346833766594034,0.6352755554910245,0.7346833766594034,0.6670474317635208,0.7396578982544606,0.7453329592648634,0.6352755554910245,0.7053832449086059,0.7460173299609785,0.7685002169406547,0.7165648544651657,0.74089734126731,0.6965425594231909,0.74089734126731,0.74089734126731,0.74089734126731,0.7108899484783513,0.6592360992544534,0.7319578807762858,0.7461019002535167,0.7461019002535167,0.7092778771327759,0.719740514166374,0.719740514166374,0.8244486823411962,0.8169175093412767,0.6638844645058167,0.6638844645058167,0.7655685562461512,0.7683242876122275,0.7171781419986465,0.7817361281729662,0.6895510267648564,0.7191667940941604,0.7452709917841654,0.7169107038708291,0.677697012826378,0.705974703417191,0.6654939724316795,0.7331305846573763,0.6620108819001,0.6894531604244127,0.7657894582362299,0.7902945124881913,0.7281142092671491,0.7331305846573763,0.7112972529591666
Enterocloster asparagiformis,0.680342423400067,0.6024413451866351,0.6024413451866351,0.6024413451866351,0.6024413451866351,0.6024413451866351,0.6024413451866351,0.6024413451866351,0.6024413451866351,0.6024413451866351,0.6024413451866351,0.5799079343114136,0.5799079343114136,0.5495101743978781,0.7667684196971648,0.7667684196971648,0.5738243638474767,0.6285794750478766,0.6285794750478766,0.580954162994797,0.5166754415043322,0.5166754415043322,0.5848752174004148,0.45185064759117755,0.620961517847572,0.0,0.6306174163852599,0.6124488932750599,0.6090209175602039,0.6090209175602039,0.6981644725556275,0.5688478302585049,0.6136385859468199,0.633933579987016,0.6198808932287729,0.5350508333909676,0.5350508333909676,0.5671972860125261,0.6675193740124896,0.6510477532136969,0.6815039519091617,0.6485645917829782,0.618301417178849,0.5864347826086956,0.4798848113027262,0.6011535273065491,0.6720335712383199,0.6786638763497581,0.648269320337616,0.697558331752527,0.6703915736872568,0.648269320337616,0.6390202442544308,0.6951764455544232,0.6806625381021848,0.678977068691325,0.7206986756492493,0.6744705250829592,0.6390202442544308,0.7126040785127351,0.7378488570366939,0.7216145108521554,0.6951764455544232,0.7200662848686028,0.678977068691325,0.7091898026265342,0.674765758807133,0.6730137434900647,0.6858233103364064,0.7423807235962567,0.6828581506799329,0.6758560258829873,0.7024001915364817,0.7024001915364817,0.7024001915364817,0.7643681808885033,0.7024001915364817,0.7024001915364817,0.7331050228310503,0.7294284733095464,0.7429528410943474,0.7191936211824883,0.7398455758364642,0.7847783063088087,0.6815159110548152,0.6746310611384398,0.6615603636201859,0.6746310611384398,0.6625132315136852,0.6298574063527064,0.6240755741171273,0.6615603636201859,0.6896560695145428,0.7265308419630797,0.684741359090171,0.7025893184696039,0.6904321228179551,0.713259660989269,0.6904321228179551,0.6904321228179551,0.6904321228179551,0.7168045033945845,0.6747161716052021,0.7176459835820399,0.6908484482312178,0.6908484482312178,0.5932908946863664,0.6131489841986456,0.6131489841986456,0.7327450663453485,0.7728654903178742,0.7370301916923987,0.7370301916923987,0.734128766157949,0.6937917949882757,0.6502210492696129,0.7382896769737919,0.6422576799966115,0.6925009428567952,0.6260418038492653,0.6570770923016336,0.6235280314678622,0.7362124116096367,0.6888979992421842,0.5705613398777474,0.729405262673094,0.6230775413964953,0.6600872468763463,0.6555555555555556,0.6863105998356615,0.5705613398777474,0.5975851135778416
Enterocloster clostridioformis,0.569095469793587,0.5561244236064269,0.5561244236064269,0.5561244236064269,0.5561244236064269,0.5561244236064269,0.5561244236064269,0.5561244236064269,0.5561244236064269,0.5561244236064269,0.5561244236064269,0.685046734959287,0.685046734959287,0.7248772815796425,0.80294305363328,0.80294305363328,0.47611420933769644,0.48808964064360516,0.48808964064360516,0.644605107342584,0.6308190074315922,0.6308190074315922,0.7047095092485839,0.5160570207609146,0.30227755372416076,0.6306174163852599,0.0,0.6824934765220356,0.7274858223062382,0.7274858223062382,0.5952594731313416,0.6845727134579509,0.6680593016754628,0.6380275783813119,0.6962205720755219,0.6724886265830567,0.6724886265830567,0.6887534359707619,0.565603270982274,0.4985711029682487,0.5419658900471296,0.6384788622833376,0.5202696547326228,0.7553094462540717,0.6601594375745402,0.4603699318027322,0.6884987989335586,0.7157498995436806,0.6921273411881648,0.6135332289610419,0.7037640871937596,0.6921273411881648,0.6965968712911697,0.703229158122112,0.7092523272691557,0.6948997815047241,0.6133438144836396,0.7133219048725921,0.6965968712911697,0.6151879152404427,0.6094175796290779,0.6305727198800679,0.703229158122112,0.5890814176191095,0.6948997815047241,0.6451382986024952,0.7005389134339952,0.6753833544290664,0.7234717332479851,0.6393936195623795,0.7180903588563994,0.7287573964497042,0.7292737686724241,0.7292737686724241,0.7292737686724241,0.7639756262321298,0.7292737686724241,0.7292737686724241,0.6475148962645672,0.6518518518518519,0.6348559772140228,0.6361013145238859,0.680124752258551,0.7795198866152893,0.6752799036844925,0.7263000332631112,0.6181468113129769,0.7263000332631112,0.6474181679458284,0.7252590518582334,0.7284578057254429,0.6181468113129769,0.6898897454009398,0.7153674584587933,0.7638054339564019,0.7227196834545537,0.7431833395543683,0.6868484596598852,0.7431833395543683,0.7431833395543683,0.7431833395543683,0.6905274791453653,0.6502928671788041,0.7211190718022706,0.7293267509230832,0.7293267509230832,0.6959324645148255,0.6969454993994871,0.6969454993994871,0.8058895124754886,0.8088330926091987,0.6388567105605334,0.6388567105605334,0.7680460843432915,0.7869078579588266,0.7224180545850845,0.7816829487885832,0.6712604377456795,0.6986372169284509,0.7413171829270355,0.694030285193115,0.6737198773185337,0.7122196043623263,0.6579122983179388,0.7234239480216985,0.652615583039095,0.6826047072720189,0.73341895582129,0.781806996159242,0.723432620029667,0.7234239480216985,0.6818015190221438
Coprococcus eutactus,0.6970177146470926,0.6217148467039018,0.6217148467039018,0.6217148467039018,0.6217148467039018,0.6217148467039018,0.6217148467039018,0.6217148467039018,0.6217148467039018,0.6217148467039018,0.6217148467039018,0.5323316262440816,0.5323316262440816,0.6363459480494211,0.6555696307433672,0.6555696307433672,0.5511685673899022,0.6225364698206473,0.6225364698206473,0.4928310761495418,0.4649471183125895,0.4649471183125895,0.5098869919252185,0.593077363716974,0.6844704394562124,0.6124488932750599,0.6824934765220356,0.0,0.5504336543058117,0.5504336543058117,0.6666236559139784,0.523382992504858,0.5052683569311821,0.4933160612439502,0.41356683711551534,0.4380872773390212,0.4380872773390212,0.49293217726761285,0.6321310880672371,0.6265519568151148,0.6575539465399806,0.5781426461645383,0.6668521876514839,0.5487104356166406,0.5722683454652764,0.6981595302681729,0.7112265191909981,0.6791379474870258,0.7037479653019595,0.7781970033189873,0.7140696128165258,0.7037479653019595,0.7156201032431369,0.6935026340672701,0.6883274974400837,0.7163646449704142,0.7658079913394351,0.693859151426595,0.7156201032431369,0.7529964637382766,0.7715608637327448,0.779146967105925,0.6935026340672701,0.7726923293270582,0.7163646449704142,0.7587055561662575,0.733202275275965,0.7462025984344836,0.6984451814739021,0.7714580714670497,0.6795899685926674,0.6894690953648939,0.6519316081330868,0.6519316081330868,0.6519316081330868,0.74535293766063,0.6519316081330868,0.6519316081330868,0.7581163578316112,0.7522200323316429,0.7553232971183473,0.7284358458154232,0.7505818434326091,0.7903030303030303,0.7095871330582639,0.7321788021691653,0.7279341671547852,0.7321788021691653,0.735663926513179,0.6954002217498637,0.70094704385278,0.7279341671547852,0.7577493116832946,0.7555361837942719,0.7102122217824194,0.7270705739656489,0.783905392919582,0.7957980824495444,0.783905392919582,0.783905392919582,0.783905392919582,0.8051379233324958,0.7860512930670738,0.8158225366543317,0.6878866622151069,0.6878866622151069,0.44892606507407673,0.5084975656169972,0.5084975656169972,0.7115792775367243,0.6595262432780765,0.7449976238269862,0.7449976238269862,0.6984534079427994,0.6904420849075185,0.6613228832680205,0.6083935096572124,0.6365759481845924,0.6847515478647405,0.6489754359170167,0.6601991665313633,0.6822575994415188,0.7734615974506229,0.7116003184713375,0.5942244688671283,0.7119281045751634,0.6347930895942145,0.6185289370532626,0.6944378093881014,0.6987721738829893,0.5942244688671283,0.6285822898726124
Dorea_A longicatena_B,0.7043263149017513,0.6390091264667536,0.6390091264667536,0.6390091264667536,0.6390091264667536,0.6390091264667536,0.6390091264667536,0.6390091264667536,0.6390091264667536,0.6390091264667536,0.6390091264667536,0.46493764684619554,0.46493764684619554,0.5710773480662983,0.6274054015193271,0.6274054015193271,0.6000448750098989,0.6624508420230477,0.6624508420230477,0.5194339009643653,0.45171947998313644,0.45171947998313644,0.40277749032431653,0.5804876896549009,0.737605227242533,0.6090209175602039,0.7274858223062382,0.5504336543058117,0.0,0.0,0.6448587971853645,0.49788113791780875,0.5212792747418786,0.6182235709013368,0.5609068283087792,0.3863199123906116,0.3863199123906116,0.5533095199437138,0.6905707624557464,0.6529839442593154,0.6504904380674379,0.6021138418438814,0.6641891730544213,0.543376885266563,0.5557517219539229,0.7131431468078515,0.6699999321587756,0.7042187958778834,0.6631223664369565,0.745076386257008,0.6681500271788368,0.6631223664369565,0.6743742251814294,0.7059128412736213,0.6825400231769604,0.6875466491046508,0.7490678991283849,0.7055310090281872,0.6743742251814294,0.7662688805852323,0.7779640689250049,0.7679323296405012,0.7059128412736213,0.7537445379000278,0.6875466491046508,0.7402877742212025,0.6792520247737017,0.7016119746689695,0.674290477513595,0.7605767064654201,0.685161895090419,0.6818581638262782,0.6710195290582976,0.6710195290582976,0.6710195290582976,0.7597408941691418,0.6710195290582976,0.6710195290582976,0.7608414955164469,0.7539243994313102,0.7615011191095518,0.784655146950229,0.7636299498634003,0.7783197100555213,0.713327553953552,0.6988504943515168,0.7230473457675753,0.6988504943515168,0.7280621063424637,0.6481462761252496,0.6448227671198069,0.7230473457675753,0.7613986201190056,0.7362794164625706,0.6791285950105788,0.7797100001427164,0.7988098017125593,0.8176406926406926,0.7988098017125593,0.7988098017125593,0.7988098017125593,0.815705061876578,0.7896944003903867,0.8162841870035874,0.7438971179239866,0.7438971179239866,0.570385963610735,0.5719126651006969,0.5719126651006969,0.6982741457178485,0.6870945807384702,0.7724531894636624,0.7724531894636624,0.7164539627593816,0.6610326674970679,0.6905376928828768,0.6872003176251413,0.6769376380271321,0.715672602032561,0.6781953374650851,0.6949649580631365,0.7059215790877567,0.8052047612767079,0.7546790267930215,0.6041920349545162,0.7719708345588805,0.6225382453129242,0.6686210276288951,0.7329324287825105,0.724084236751734,0.6041920349545162,0.6640388387455567
Dorea_A longicatena,0.7043263149017513,0.6390091264667536,0.6390091264667536,0.6390091264667536,0.6390091264667536,0.6390091264667536,0.6390091264667536,0.6390091264667536,0.6390091264667536,0.6390091264667536,0.6390091264667536,0.46493764684619554,0.46493764684619554,0.5710773480662983,0.6274054015193271,0.6274054015193271,0.6000448750098989,0.6624508420230477,0.6624508420230477,0.5194339009643653,0.45171947998313644,0.45171947998313644,0.40277749032431653,0.5804876896549009,0.737605227242533,0.6090209175602039,0.7274858223062382,0.5504336543058117,0.0,0.0,0.6448587971853645,0.49788113791780875,0.5212792747418786,0.6182235709013368,0.5609068283087792,0.3863199123906116,0.3863199123906116,0.5533095199437138,0.6905707624557464,0.6529839442593154,0.6504904380674379,0.6021138418438814,0.6641891730544213,0.543376885266563,0.5557517219539229,0.7131431468078515,0.6699999321587756,0.7042187958778834,0.6631223664369565,0.745076386257008,0.6681500271788368,0.6631223664369565,0.6743742251814294,0.7059128412736213,0.6825400231769604,0.6875466491046508,0.7490678991283849,0.7055310090281872,0.6743742251814294,0.7662688805852323,0.7779640689250049,0.7679323296405012,0.7059128412736213,0.7537445379000278,0.6875466491046508,0.7402877742212025,0.6792520247737017,0.7016119746689695,0.674290477513595,0.7605767064654201,0.685161895090419,0.6818581638262782,0.6710195290582976,0.6710195290582976,0.6710195290582976,0.7597408941691418,0.6710195290582976,0.6710195290582976,0.7608414955164469,0.7539243994313102,0.7615011191095518,0.784655146950229,0.7636299498634003,0.7783197100555213,0.713327553953552,0.6988504943515168,0.7230473457675753,0.6988504943515168,0.7280621063424637,0.6481462761252496,0.6448227671198069,0.7230473457675753,0.7613986201190056,0.7362794164625706,0.6791285950105788,0.7797100001427164,0.7988098017125593,0.8176406926406926,0.7988098017125593,0.7988098017125593,0.7988098017125593,0.815705061876578,0.7896944003903867,0.8162841870035874,0.7438971179239866,0.7438971179239866,0.570385963610735,0.5719126651006969,0.5719126651006969,0.6982741457178485,0.6870945807384702,0.7724531894636624,0.7724531894636624,0.7164539627593816,0.6610326674970679,0.6905376928828768,0.6872003176251413,0.6769376380271321,0.715672602032561,0.6781953374650851,0.6949649580631365,0.7059215790877567,0.8052047612767079,0.7546790267930215,0.6041920349545162,0.7719708345588805,0.6225382453129242,0.6686210276288951,0.7329324287825105,0.724084236751734,0.6041920349545162,0.6640388387455567
Lachnospira eligens_A,0.5845788607094081,0.520085837425839,0.520085837425839,0.520085837425839,0.520085837425839,0.520085837425839,0.520085837425839,0.520085837425839,0.520085837425839,0.520085837425839,0.520085837425839,0.662042928351976,0.662042928351976,0.7128259620139807,0.769697803754584,0.769697803754584,0.5126349917753356,0.4885299792753519,0.4885299792753519,0.5879704834221098,0.657086903607238,0.657086903607238,0.630801085249179,0.7215296169498094,0.6151559760866634,0.6981644725556275,0.5952594731313416,0.6666236559139784,0.6448587971853645,0.6448587971853645,0.0,0.6449118148282493,0.6497190259566497,0.5831676151024929,0.6571833830890107,0.6609123798229075,0.6609123798229075,0.6614040548953793,0.47707963127498887,0.45459190516641224,0.48426593355013914,0.608036808970809,0.5812827950330802,0.6755707968594893,0.665482976101591,0.6044464738391775,0.7319613945328836,0.7478683204027685,0.7310779784482517,0.6598747912213696,0.733184421534937,0.7310779784482517,0.7250692714601584,0.7465672281707303,0.7252525368738352,0.7181052850387154,0.6585341218983918,0.7501362034940736,0.7250692714601584,0.6661626852131841,0.6596616568977114,0.6838790718202034,0.7465672281707303,0.6717919997284592,0.7181052850387154,0.6551645465371218,0.7528524036365041,0.7224944202359442,0.7555960041152012,0.6738150155691385,0.750505584200266,0.7531859320901415,0.7323973695795729,0.7323973695795729,0.7323973695795729,0.7796734748424171,0.7323973695795729,0.7323973695795729,0.6949281409364858,0.6948512758568625,0.694964392730669,0.7180001396196001,0.6936294783642661,0.7996841389496158,0.6165339114860725,0.7032424905510244,0.6220027461021783,0.7032424905510244,0.6451822396823115,0.6917128106915358,0.6934075324621188,0.6220027461021783,0.6595827516588152,0.7541103059814133,0.7162400024704321,0.6979529113386348,0.7866788264754073,0.7277874745459835,0.7866788264754073,0.7866788264754073,0.7866788264754073,0.733948644973385,0.6973524348569772,0.7556824435883325,0.7457208300656035,0.7457208300656035,0.6847922344493338,0.7001322482909182,0.7001322482909182,0.8275514422693349,0.7852735436967346,0.658744394618834,0.658744394618834,0.7982712348820188,0.7116299510303166,0.6779130174930464,0.7791385383034928,0.6278279307353745,0.6088547807773832,0.6936601827864586,0.7349798694048787,0.7417427572990644,0.7364931339809053,0.7152014064444929,0.6889716254340278,0.6493773075439466,0.7570707296367455,0.7447041246464969,0.7641052354115152,0.739963734783942,0.6889716254340278,0.6368496734510303
Roseburia inulinivorans,0.6272801371595604,0.5734278444202108,0.5734278444202108,0.5734278444202108,0.5734278444202108,0.5734278444202108,0.5734278444202108,0.5734278444202108,0.5734278444202108,0.5734278444202108,0.5734278444202108,0.36529675810473816,0.36529675810473816,0.4773960051310244,0.6716675307087614,0.6716675307087614,0.562568043754147,0.6075113439930855,0.6075113439930855,0.49245997576829004,0.4611516299310956,0.4611516299310956,0.4350912394942076,0.547313101856071,0.696694366622639,0.5688478302585049,0.6845727134579509,0.523382992504858,0.49788113791780875,0.49788113791780875,0.6449118148282493,0.0,0.3434663946888782,0.5277508900300232,0.4480775996381364,0.4824165601662276,0.4824165601662276,0.44480843572478634,0.6081920272346318,0.6343591400710905,0.5907646909327083,0.5369713324338281,0.6079931216460612,0.47968635735760135,0.4800317480275359,0.6856190962331155,0.7076433319808995,0.7087170930913151,0.6975257772096373,0.7655966928080734,0.7031781650142161,0.6975257772096373,0.7021556392140684,0.7120082638646726,0.7096349776199826,0.7295250291304699,0.7678043692414672,0.721147289464712,0.7021556392140684,0.7827155952052485,0.7838669275477753,0.7909101571663149,0.7120082638646726,0.7839997198667032,0.7295250291304699,0.7594976832107702,0.7376203793928195,0.741431537588302,0.7190336022569432,0.7945602160279983,0.7159501031164069,0.7271439654374765,0.7026194018196912,0.7026194018196912,0.7026194018196912,0.7895946859013171,0.7026194018196912,0.7026194018196912,0.7828023882642907,0.7739798855440045,0.7878903459802079,0.7826105044201768,0.7762542132092816,0.8140041502708009,0.738469547741127,0.7195129948195589,0.7292383212155513,0.7195129948195589,0.7312313648702773,0.6947677454541235,0.6850105221198994,0.7292383212155513,0.7284745843061498,0.7795885687720341,0.7168519618659651,0.7749793031035248,0.777584456526095,0.7938178614767931,0.777584456526095,0.777584456526095,0.777584456526095,0.792620683075749,0.762171430724878,0.7954455434339777,0.7180720598033401,0.7180720598033401,0.5391834279750216,0.4944346807264206,0.4944346807264206,0.7041590800191663,0.6367579345502384,0.7401707121899173,0.7401707121899173,0.688547272710937,0.6729303448796318,0.6536259289624713,0.671170444079416,0.6652067848838039,0.7096692204349878,0.6604932814710043,0.6487280502382275,0.6528944809671006,0.7853515290305495,0.7146005428150952,0.5798323618261498,0.7724134936829766,0.6048643809271173,0.6691455930502312,0.719117415050823,0.7461149886245324,0.5798323618261498,0.6429593311238758
Roseburia intestinalis,0.634859719576212,0.5718920437853648,0.5718920437853648,0.5718920437853648,0.5718920437853648,0.5718920437853648,0.5718920437853648,0.5718920437853648,0.5718920437853648,0.5718920437853648,0.5718920437853648,0.3943037671724666,0.3943037671724666,0.49431008067729965,0.6549200607081228,0.6549200607081228,0.5849692964683146,0.6282210351718103,0.6282210351718103,0.4580338848282822,0.4695548327283584,0.4695548327283584,0.499871432244793,0.5964639707680578,0.681416085563513,0.6136385859468199,0.6680593016754628,0.5052683569311821,0.5212792747418786,0.5212792747418786,0.6497190259566497,0.3434663946888782,0.0,0.5510247634705218,0.474118146226688,0.518177967157559,0.518177967157559,0.4982988095952281,0.629991855713878,0.6567042629535741,0.6218936474285598,0.5366203613122025,0.6166329423633297,0.48515525560192996,0.513948004791213,0.6585863374993798,0.6859948532939542,0.6984510038558702,0.6922609762958039,0.7572546687570204,0.6850858724294548,0.6922609762958039,0.7043206991929474,0.6876405380882875,0.6967827698432967,0.7125276493062538,0.7564751362808678,0.6999377845649162,0.7043206991929474,0.7687941450238178,0.7714516396868933,0.779766781126353,0.6876405380882875,0.7709336067140449,0.7125276493062538,0.7563730693473955,0.7105563516923896,0.7268045756638746,0.7123403110217261,0.7855118460655603,0.6772658337546038,0.7151026207323421,0.6839192257917484,0.6839192257917484,0.6839192257917484,0.801263136535421,0.6839192257917484,0.6839192257917484,0.7660409958375873,0.7566865958720317,0.7806145087411513,0.7787276910301264,0.78879917980264,0.8014729535257767,0.7315778779149684,0.7119996971548783,0.7185147990972605,0.7119996971548783,0.7235452429043958,0.6889410955764382,0.694541231126597,0.7185147990972605,0.7395898252660249,0.7590471532997014,0.729672469471851,0.7877884602841227,0.7705978349381293,0.78804762390194,0.7705978349381293,0.7705978349381293,0.7705978349381293,0.7840558063749619,0.7631507445854254,0.7990344214495979,0.7279274283561186,0.7279274283561186,0.530285505570098,0.5029265518063889,0.5029265518063889,0.6972833723653395,0.6481844654424437,0.7416985972310163,0.7416985972310163,0.6681306176154195,0.6937438558605018,0.631684121666183,0.643136181777006,0.6485744411342198,0.6861243603569697,0.6715747299134291,0.6805144136984322,0.6937123870318413,0.8100050643469972,0.722728285798506,0.6000737946867826,0.776004628061858,0.6320348384430776,0.6399730655214039,0.7317703029068583,0.7642083846919228,0.6000737946867826,0.6621540897977328
Anaerostipes hadrus,0.6136217926857548,0.61617100936613,0.61617100936613,0.61617100936613,0.61617100936613,0.61617100936613,0.61617100936613,0.61617100936613,0.61617100936613,0.61617100936613,0.61617100936613,0.5752803211252654,0.5752803211252654,0.6382161519446792,0.720355153270114,0.720355153270114,0.5592472032027538,0.5486450948230286,0.5486450948230286,0.48264698073689494,0.5519104592821305,0.5519104592821305,0.5440809432170559,0.6214037054723889,0.6287627228759114,0.633933579987016,0.6380275783813119,0.4933160612439502,0.6182235709013368,0.6182235709013368,0.5831676151024929,0.5277508900300232,0.5510247634705218,0.0,0.4491065456282848,0.5387486085417518,0.5387486085417518,0.5045334356519056,0.5443201252210209,0.5535516614123785,0.5332810335566676,0.4915236130856021,0.587756361012175,0.6260266090080036,0.5771340127496573,0.6535511928023644,0.742224848885586,0.7447915030996601,0.7473973030415831,0.7665325739945973,0.7580446492588075,0.7473973030415831,0.749499477065591,0.7431903733415612,0.7410137506044563,0.7485670405616652,0.7768873705751538,0.7483601153413291,0.749499477065591,0.7599428149233828,0.7611130001133402,0.7840326254267036,0.7431903733415612,0.7715997841583596,0.7485670405616652,0.77060424425395,0.7782110564604011,0.759706865518128,0.7583109015249176,0.7861722584163247,0.7408839630381858,0.7522100241215028,0.7313909170225468,0.7313909170225468,0.7313909170225468,0.7475676464779177,0.7313909170225468,0.7313909170225468,0.759808119506777,0.7694431961025681,0.7669375413398847,0.7404600588974237,0.7735888120107925,0.7839424224966394,0.7215471180670481,0.7251685428738337,0.7280931908705823,0.7251685428738337,0.7310552493614733,0.7209091558231122,0.7250988142292489,0.7280931908705823,0.7145061015068873,0.7590166310601907,0.6986494381250214,0.7128294802193259,0.7629206681067991,0.7658400936837748,0.7629206681067991,0.7629206681067991,0.7629206681067991,0.7709153952372713,0.745367469340256,0.7933471528541021,0.7040656624671582,0.7040656624671582,0.5353458416905748,0.5320495378863016,0.5320495378863016,0.757711736420921,0.6797241949423214,0.7164441893980398,0.7164441893980398,0.7429621762927865,0.6066792997048565,0.6187914204564005,0.689506944259796,0.6475136435817956,0.6547040019716288,0.6332872331230011,0.7021706131192258,0.6940551773461168,0.7467626339500837,0.6547655180071807,0.6157495030765698,0.692166611424152,0.6520142597040959,0.6688945370108883,0.7087353343514544,0.685157479100472,0.6157495030765698,0.5561722277282237
Eubacterium_G ventriosum,0.6746033517059782,0.6360319116706501,0.6360319116706501,0.6360319116706501,0.6360319116706501,0.6360319116706501,0.6360319116706501,0.6360319116706501,0.6360319116706501,0.6360319116706501,0.6360319116706501,0.46659419683920056,0.46659419683920056,0.55125475211232,0.6255374196248525,0.6255374196248525,0.60217994746951,0.6168034885932949,0.6168034885932949,0.5258176121156733,0.5071432866850512,0.5071432866850512,0.4780281863752157,0.6126772908366533,0.7093560331335649,0.6198808932287729,0.6962205720755219,0.41356683711551534,0.5609068283087792,0.5609068283087792,0.6571833830890107,0.4480775996381364,0.474118146226688,0.4491065456282848,0.0,0.48847014531170463,0.48847014531170463,0.4168454770386949,0.5778024076111579,0.6522350639026478,0.6403398293400901,0.5505569680452159,0.6439980804826215,0.5112351976271263,0.5357780787092807,0.7368325349607632,0.7287281054153945,0.7202882207349043,0.7319216553248817,0.772473913617752,0.7345779741333238,0.7319216553248817,0.734681397809567,0.714110844692142,0.7255099921952757,0.7625634494567568,0.7860296994652606,0.707066136369049,0.734681397809567,0.7654490748934664,0.7720737526013908,0.7879085218818942,0.714110844692142,0.789414029355521,0.7625634494567568,0.7828331244008554,0.7754024702302996,0.7815798760517338,0.7290645844529446,0.7894784698317854,0.6976602221704592,0.7280380817498722,0.6664391547933908,0.6664391547933908,0.6664391547933908,0.7494149079386119,0.6664391547933908,0.6664391547933908,0.7797283024365371,0.7837153715965438,0.7618232096282562,0.7472180700880253,0.7782418395339519,0.7732827301309511,0.7361133142978004,0.7497682612976215,0.7327780120905385,0.7497682612976215,0.7320532166238826,0.7047555525080569,0.7094396750439214,0.7327780120905385,0.7278468776180963,0.7796676372416732,0.7131732539464922,0.7416212419647901,0.7966680463576159,0.8032130592449385,0.7966680463576159,0.7966680463576159,0.7966680463576159,0.8006985545185522,0.7961411731947281,0.8293450232078391,0.7042267389859437,0.7042267389859437,0.42334164375972216,0.376018094378634,0.376018094378634,0.7074217637912533,0.6149536970394895,0.7438361674894862,0.7438361674894862,0.6771536272969114,0.631894344891785,0.6765469954431242,0.6360192416650928,0.645615013746663,0.6952846215748274,0.662439785217017,0.664679416120949,0.6867541254511298,0.7754028628413082,0.7149865459079872,0.5643297565279096,0.7421526328380864,0.6378811504592283,0.5856017997750281,0.6852517214471303,0.7208044126573593,0.5643297565279096,0.6461630714364615
Bariatricus comes,0.6701998565270151,0.6099244310487921,0.6099244310487921,0.6099244310487921,0.6099244310487921,0.6099244310487921,0.6099244310487921,0.6099244310487921,0.6099244310487921,0.6099244310487921,0.6099244310487921,0.4698729998624547,0.4698729998624547,0.5718965007808873,0.681286099740441,0.681286099740441,0.51937192658508,0.5955222878625135,0.5955222878625135,0.4447972245669194,0.40808201861671567,0.40808201861671567,0.4107722809667673,0.5001814237518432,0.6841422115237117,0.5350508333909676,0.6724886265830567,0.4380872773390212,0.3863199123906116,0.3863199123906116,0.6609123798229075,0.4824165601662276,0.518177967157559,0.5387486085417518,0.48847014531170463,0.0,0.0,0.44626420138115397,0.6214244509166631,0.5940047483319715,0.6272291181093826,0.5514436993732212,0.6232424544254245,0.5495078665349244,0.4983523835008984,0.6913224411807568,0.6699153937735897,0.7126846696913862,0.6701309553341777,0.7350519704569594,0.6796357007885583,0.6701309553341777,0.6701574429033539,0.7142940316466342,0.6903839799087965,0.6968658607062175,0.7488453325906327,0.709376939132397,0.6701574429033539,0.764782680649966,0.772516830181743,0.7661747009273023,0.7142940316466342,0.7469644508739062,0.6968658607062175,0.7411253013994162,0.6991173182921973,0.7182640956566946,0.6906999457406402,0.7563717373633982,0.6888566044792221,0.6949556429617295,0.693462438263582,0.693462438263582,0.693462438263582,0.77416605053712,0.693462438263582,0.693462438263582,0.7727290560510554,0.7682849282793057,0.7671876950389038,0.7570252190921684,0.7719698479340887,0.7909843811749343,0.7221624431763227,0.6927064397069356,0.6887305591749605,0.6927064397069356,0.695092613508019,0.6459777488699205,0.6447687694132938,0.6887305591749605,0.7189306954012836,0.7267801960238199,0.6972606029781583,0.7257347927013232,0.7680510627501644,0.7857775832059397,0.7680510627501644,0.7680510627501644,0.7680510627501644,0.7931156764935341,0.7644982368772225,0.7888531073446328,0.6901746178854613,0.6901746178854613,0.5074915675483757,0.4946678289254053,0.4946678289254053,0.7279805621514164,0.6917556500853662,0.76355869960184,0.76355869960184,0.7376160006779948,0.6583856099306122,0.6538712115289396,0.6726715572476554,0.651762603447909,0.6971595866654168,0.6567703298859681,0.6408770894461668,0.6266717142669938,0.762580293533694,0.6813791663248334,0.5429032147390812,0.7389960995135348,0.5813213844968816,0.5938793449226384,0.6495150316825209,0.693964157253739,0.5429032147390812,0.6014324683091914
Bariatricus comes_A,0.6701998565270151,0.6099244310487921,0.6099244310487921,0.6099244310487921,0.6099244310487921,0.6099244310487921,0.6099244310487921,0.6099244310487921,0.6099244310487921,0.6099244310487921,0.6099244310487921,0.4698729998624547,0.4698729998624547,0.5718965007808873,0.681286099740441,0.681286099740441,0.51937192658508,0.5955222878625135,0.5955222878625135,0.4447972245669194,0.40808201861671567,0.40808201861671567,0.4107722809667673,0.5001814237518432,0.6841422115237117,0.5350508333909676,0.6724886265830567,0.4380872773390212,0.3863199123906116,0.3863199123906116,0.6609123798229075,0.4824165601662276,0.518177967157559,0.5387486085417518,0.48847014531170463,0.0,0.0,0.44626420138115397,0.6214244509166631,0.5940047483319715,0.6272291181093826,0.5514436993732212,0.6232424544254245,0.5495078665349244,0.4983523835008984,0.6913224411807568,0.6699153937735897,0.7126846696913862,0.6701309553341777,0.7350519704569594,0.6796357007885583,0.6701309553341777,0.6701574429033539,0.7142940316466342,0.6903839799087965,0.6968658607062175,0.7488453325906327,0.709376939132397,0.6701574429033539,0.764782680649966,0.772516830181743,0.7661747009273023,0.7142940316466342,0.7469644508739062,0.6968658607062175,0.7411253013994162,0.6991173182921973,0.7182640956566946,0.6906999457406402,0.7563717373633982,0.6888566044792221,0.6949556429617295,0.693462438263582,0.693462438263582,0.693462438263582,0.77416605053712,0.693462438263582,0.693462438263582,0.7727290560510554,0.7682849282793057,0.7671876950389038,0.7570252190921684,0.7719698479340887,0.7909843811749343,0.7221624431763227,0.6927064397069356,0.6887305591749605,0.6927064397069356,0.695092613508019,0.6459777488699205,0.6447687694132938,0.6887305591749605,0.7189306954012836,0.7267801960238199,0.6972606029781583,0.7257347927013232,0.7680510627501644,0.7857775832059397,0.7680510627501644,0.7680510627501644,0.7680510627501644,0.7931156764935341,0.7644982368772225,0.7888531073446328,0.6901746178854613,0.6901746178854613,0.5074915675483757,0.4946678289254053,0.4946678289254053,0.7279805621514164,0.6917556500853662,0.76355869960184,0.76355869960184,0.7376160006779948,0.6583856099306122,0.6538712115289396,0.6726715572476554,0.651762603447909,0.6971595866654168,0.6567703298859681,0.6408770894461668,0.6266717142669938,0.762580293533694,0.6813791663248334,0.5429032147390812,0.7389960995135348,0.5813213844968816,0.5938793449226384,0.6495150316825209,0.693964157253739,0.5429032147390812,0.6014324683091914
Anaerobutyricum hallii,0.6848492607916336,0.6193916301996881,0.6193916301996881,0.6193916301996881,0.6193916301996881,0.6193916301996881,0.6193916301996881,0.6193916301996881,0.6193916301996881,0.6193916301996881,0.6193916301996881,0.5010347795827915,0.5010347795827915,0.509513761055987,0.6635430325902709,0.6635430325902709,0.5665466469491416,0.6165039416607352,0.6165039416607352,0.5029237108404532,0.4750503629328814,0.4750503629328814,0.48450117457054764,0.590911101934875,0.7024787535410765,0.5671972860125261,0.6887534359707619,0.49293217726761285,0.5533095199437138,0.5533095199437138,0.6614040548953793,0.44480843572478634,0.4982988095952281,0.5045334356519056,0.4168454770386949,0.44626420138115397,0.44626420138115397,0.0,0.49374545852313123,0.6260678716576176,0.6172449177690879,0.5403325763436566,0.6282609839823625,0.4927204533080599,0.49784273331519413,0.7246727497548289,0.682078825643182,0.7014269363872165,0.6765092166658967,0.7425741346821382,0.6740019354750774,0.6765092166658967,0.6799474979491387,0.7225894525075442,0.6920063326803875,0.7046725451184912,0.7428711752279626,0.701872275312527,0.6799474979491387,0.7496911167704683,0.7533488091149195,0.7678849144634525,0.7225894525075442,0.7494052482337674,0.7046725451184912,0.7340071700623407,0.7186113789778206,0.7258835449073247,0.6960411869105416,0.7603245332244242,0.6948354755034829,0.6988353714939146,0.6869706433479076,0.6869706433479076,0.6869706433479076,0.7554772552739757,0.6869706433479076,0.6869706433479076,0.7498577158653585,0.7459501816870544,0.7640533748628464,0.7460929121924018,0.7718056002574831,0.7740075226839225,0.7133578870610918,0.7065508021390374,0.6920429191286117,0.7065508021390374,0.7033001422475107,0.6624317151256204,0.6541269860332176,0.6920429191286117,0.7041778486980489,0.738620118374818,0.7121774101864484,0.7061753696824786,0.7702153978540888,0.7723530662170293,0.7702153978540888,0.7702153978540888,0.7702153978540888,0.7724950611721485,0.746946331781052,0.788763341397467,0.6507074416379935,0.6507074416379935,0.536661521812408,0.5391083246895108,0.5391083246895108,0.7664818350400571,0.7047439295109381,0.7698229055996246,0.7698229055996246,0.7328917746660061,0.6435436260039816,0.640220834948601,0.6664058549059646,0.6558839812770976,0.6786570386361944,0.6478706536546148,0.6081030636073999,0.6154150522221475,0.7271791183825572,0.6602672922003765,0.5306514591945564,0.7086422763608099,0.5648881680040976,0.6472301986621906,0.6785947053164085,0.6943140155657039,0.5306514591945564,0.591469973110248
Anaerobutyricum soehngenii,0.5567481190492043,0.531629385190507,0.531629385190507,0.531629385190507,0.531629385190507,0.531629385190507,0.531629385190507,0.531629385190507,0.531629385190507,0.531629385190507,0.531629385190507,0.6581619351100811,0.6581619351100811,0.6792815501168783,0.7769797345095918,0.7769797345095918,0.48985666557565355,0.4450000683144102,0.4450000683144102,0.5638514597894655,0.6168376485914346,0.6168376485914346,0.645771844202557,0.6926434068500897,0.6098559436211006,0.6675193740124896,0.565603270982274,0.6321310880672371,0.6905707624557464,0.6905707624557464,0.47707963127498887,0.6081920272346318,0.629991855713878,0.5443201252210209,0.5778024076111579,0.6214244509166631,0.6214244509166631,0.49374545852313123,0.0,0.5161203452033518,0.4910633823971162,0.5463223198412523,0.5583158392381767,0.6887650697057719,0.6422124464333119,0.6171367686737663,0.743591294830687,0.7606269570622717,0.7460554021937327,0.6680058870307288,0.7466733152044716,0.7460554021937327,0.7417651013156631,0.7629523717295084,0.7512699428597787,0.74363626910679,0.6826484146773912,0.761228907364589,0.7417651013156631,0.6964033808694003,0.6956854018454207,0.7107636528438703,0.7629523717295084,0.7021188858196772,0.74363626910679,0.6830151928320998,0.7749829482124736,0.7414582241661409,0.7638729595853766,0.6945917716009982,0.7574549484019141,0.7561683148635889,0.7463422480837016,0.7463422480837016,0.7463422480837016,0.7733469849652422,0.7463422480837016,0.7463422480837016,0.7081565240283062,0.7120561419582243,0.7193391299806778,0.6858888829588514,0.720602551954205,0.8048155853129154,0.6426740381094139,0.7260707987526029,0.6243550998381004,0.7260707987526029,0.6279010933409597,0.7159780892171221,0.7125320255890351,0.6243550998381004,0.586642469543968,0.7531288518062008,0.7345415977789562,0.6548668469814902,0.7866269565380786,0.7251805800375057,0.7866269565380786,0.7866269565380786,0.7866269565380786,0.7307362319623845,0.700952380952381,0.7584089962515619,0.7008304571481467,0.7008304571481467,0.6650136676541726,0.6648691772423065,0.6648691772423065,0.8354128249360537,0.7733227155086602,0.6553765503132591,0.6553765503132591,0.7840957798458398,0.693900843268392,0.6831011054476507,0.7649319136884487,0.6198251384926965,0.6255643769416638,0.6951731576717131,0.6908762511963271,0.6963431219463053,0.6928695677811192,0.6628468488215189,0.6229952976795547,0.6491791224175234,0.6966230375485245,0.6960099661861541,0.7212359894979543,0.7484899191902702,0.6229952976795547,0.5967858239747887
Dorea formicigenerans,0.5534434196051884,0.5376430535841021,0.5376430535841021,0.5376430535841021,0.5376430535841021,0.5376430535841021,0.5376430535841021,0.5376430535841021,0.5376430535841021,0.5376430535841021,0.5376430535841021,0.6531143886570414,0.6531143886570414,0.6902917401574312,0.7983738915313349,0.7983738915313349,0.4237644212327757,0.42373821059329775,0.42373821059329775,0.5488273279400822,0.5914171273699738,0.5914171273699738,0.6158185365208477,0.6413613472555905,0.5018017557897365,0.6510477532136969,0.4985711029682487,0.6265519568151148,0.6529839442593154,0.6529839442593154,0.45459190516641224,0.6343591400710905,0.6567042629535741,0.5535516614123785,0.6522350639026478,0.5940047483319715,0.5940047483319715,0.6260678716576176,0.5161203452033518,0.0,0.44545419735280223,0.5731928356579982,0.557570990162034,0.7149303550928046,0.6409846858451409,0.5412727413087671,0.7128337666466675,0.7466021996705807,0.728262112408137,0.6863961966146042,0.732505415622478,0.728262112408137,0.7249842766478333,0.7493152471631668,0.7243834914945031,0.7051126227676383,0.6649237268735302,0.7558787919179801,0.7249842766478333,0.6923628598698295,0.679657203293171,0.6970872876147218,0.7493152471631668,0.6689613335443372,0.7051126227676383,0.6566508258145428,0.7435442254102591,0.7126301394475998,0.7373295483636074,0.6937183688762936,0.7364280984907219,0.739230077128096,0.7511030526556804,0.7511030526556804,0.7511030526556804,0.7809134470395067,0.7511030526556804,0.7511030526556804,0.7049938836534977,0.7094174467694567,0.7133597619075627,0.7086651687508088,0.7119144919293843,0.8189239959180225,0.6422315001129846,0.6979319702428297,0.5918057663125948,0.6979319702428297,0.6248312953985977,0.6966389609130783,0.6971796789262579,0.5918057663125948,0.6567013737348546,0.7484649723614446,0.699280965791053,0.6440893571827166,0.7390919267341591,0.6857359438916623,0.7390919267341591,0.7390919267341591,0.7390919267341591,0.6995324783869199,0.6475202364826833,0.7213071020043719,0.7300775679154057,0.7300775679154057,0.6659607042612912,0.6654654299836553,0.6654654299836553,0.8011053050628592,0.7704940858680442,0.643545672166858,0.643545672166858,0.7808630683021702,0.7014851580508665,0.6635973055831426,0.7579150683451295,0.6500554938956715,0.6501836074758387,0.6849177043413435,0.7189992044251502,0.6781513911196311,0.7218122993900178,0.6758437862914749,0.6904287231465782,0.6851182745397357,0.6875104342503107,0.7186869441745759,0.7284768211920529,0.7409664992441605,0.6904287231465782,0.6336362782396318
Coprococcus_A catus,0.44067004013261213,0.5080669435915959,0.5080669435915959,0.5080669435915959,0.5080669435915959,0.5080669435915959,0.5080669435915959,0.5080669435915959,0.5080669435915959,0.5080669435915959,0.5080669435915959,0.5944196265104358,0.5944196265104358,0.6221011485446328,0.7767442601278978,0.7767442601278978,0.499067844210476,0.47921765152646234,0.47921765152646234,0.5942810915087589,0.6121169872302672,0.6121169872302672,0.6377755863914911,0.6824944887943825,0.538276172912972,0.6815039519091617,0.5419658900471296,0.6575539465399806,0.6504904380674379,0.6504904380674379,0.48426593355013914,0.5907646909327083,0.6218936474285598,0.5332810335566676,0.6403398293400901,0.6272291181093826,0.6272291181093826,0.6172449177690879,0.4910633823971162,0.44545419735280223,0.0,0.5656034361357556,0.4924510118856409,0.6894291318261587,0.6614932733799905,0.5386312983437487,0.7517521503663587,0.7869022410446445,0.7571452630206494,0.7071834949120874,0.7626560486916345,0.7571452630206494,0.7557024990642749,0.7852928885053541,0.7621128517953695,0.7555194691285629,0.7016096839970223,0.7818163724066876,0.7557024990642749,0.7268589794014856,0.7060254937241215,0.72574599461415,0.7852928885053541,0.6960950857647124,0.7555194691285629,0.7138008690963301,0.7649012732976563,0.7557463434696553,0.766474092256114,0.7186837868788067,0.7705843293492696,0.7685384697801216,0.7717758985200845,0.7717758985200845,0.7717758985200845,0.7978737272055735,0.7717758985200845,0.7717758985200845,0.732481382186476,0.7321047397273566,0.7219260771489421,0.7088590740200617,0.7362056027238392,0.818117011341845,0.6803975845788082,0.7362511920931711,0.6382648625290899,0.7362511920931711,0.6586033894044452,0.7368702198614134,0.7353443740134793,0.6382648625290899,0.6522987707672567,0.7595762067763485,0.7265814012862752,0.6445772248606236,0.7709747738251538,0.7060865662116149,0.7709747738251538,0.7709747738251538,0.7709747738251538,0.7185548079242956,0.6622301604872027,0.7474469236119545,0.7579713246308581,0.7579713246308581,0.6876638637197234,0.6502661394296909,0.6502661394296909,0.7737681279149237,0.705691410529029,0.6701418257149512,0.6701418257149512,0.7676493707908136,0.6670434546208989,0.6951423502576666,0.7456958982246047,0.634668950858158,0.6493306985813042,0.7096827738841756,0.7280637263167835,0.704618331484546,0.7202782124847853,0.7005645353365648,0.6582421364168216,0.6835684940172192,0.7156612005415977,0.7407778389529754,0.737111926675529,0.7586813129570182,0.6582421364168216,0.6261643158575068
Eubacterium_I ramulus,0.5761971388595415,0.5604341898809064,0.5604341898809064,0.5604341898809064,0.5604341898809064,0.5604341898809064,0.5604341898809064,0.5604341898809064,0.5604341898809064,0.5604341898809064,0.5604341898809064,0.571298556592299,0.571298556592299,0.57952914873027,0.7257644410807835,0.7257644410807835,0.5411787365177196,0.5132301688852443,0.5132301688852443,0.4803392560148707,0.5674518358563045,0.5674518358563045,0.6016835850458034,0.6356519856704912,0.6535242912669186,0.6485645917829782,0.6384788622833376,0.5781426461645383,0.6021138418438814,0.6021138418438814,0.608036808970809,0.5369713324338281,0.5366203613122025,0.4915236130856021,0.5505569680452159,0.5514436993732212,0.5514436993732212,0.5403325763436566,0.5463223198412523,0.5731928356579982,0.5656034361357556,0.0,0.5849457906274068,0.5902198426813839,0.6179633763198589,0.6331659137461769,0.7313717125226076,0.7355788767552714,0.7342957254710509,0.7406891771944117,0.7304232348190287,0.7342957254710509,0.7318958226590038,0.7421165926056471,0.7355091317536266,0.7292814863066074,0.7727172343497835,0.732348405573608,0.7318958226590038,0.7597323898832113,0.765173900546134,0.7724775676764375,0.7421165926056471,0.7664320884429581,0.7292814863066074,0.7560668530627754,0.743606990348777,0.7300094347314596,0.7456271485357233,0.7639085659860706,0.7353073003220223,0.7425623470538096,0.7277433850795048,0.7277433850795048,0.7277433850795048,0.7478753790817406,0.7277433850795048,0.7277433850795048,0.7628147157891978,0.7594322552974763,0.7633891227851864,0.7529065530189976,0.782684340220423,0.7767264949156051,0.7291463567801628,0.6970308068138966,0.7031439331914197,0.6970308068138966,0.6925701929249586,0.6975503798389664,0.6916027036315728,0.7031439331914197,0.6836329267852198,0.7155134567030745,0.7185710634829636,0.7336291195144026,0.76772979991344,0.7732079362821789,0.76772979991344,0.76772979991344,0.76772979991344,0.7780080794995483,0.7634013564969062,0.7934300238311107,0.7122764905421721,0.7122764905421721,0.6019065398944299,0.6190790029573299,0.6190790029573299,0.7928862316956936,0.7324792346484723,0.71760391198044,0.71760391198044,0.7300225122293877,0.5779737766372084,0.6649592205304866,0.720493528873571,0.6698987931694085,0.6670895172171056,0.6854876341577227,0.6689710935920761,0.6679350191656955,0.7774000336149862,0.6424025518146577,0.6289991500553266,0.751754808210419,0.6805608706966492,0.6780687632497568,0.7164932916743245,0.7200549830289813,0.6289991500553266,0.6199802501645819
Clostridium_Q symbiosum,0.554513180331535,0.5267232806243849,0.5267232806243849,0.5267232806243849,0.5267232806243849,0.5267232806243849,0.5267232806243849,0.5267232806243849,0.5267232806243849,0.5267232806243849,0.5267232806243849,0.6285966226173507,0.6285966226173507,0.6433062622367074,0.8010837044142216,0.8010837044142216,0.4715117737811161,0.49849520136435077,0.49849520136435077,0.5847186527429866,0.5882957449172315,0.5882957449172315,0.6550392843480564,0.6016156065393599,0.5540665410789314,0.618301417178849,0.5202696547326228,0.6668521876514839,0.6641891730544213,0.6641891730544213,0.5812827950330802,0.6079931216460612,0.6166329423633297,0.587756361012175,0.6439980804826215,0.6232424544254245,0.6232424544254245,0.6282609839823625,0.5583158392381767,0.557570990162034,0.4924510118856409,0.5849457906274068,0.0,0.6769652446300716,0.6243915514098852,0.5615114068441065,0.7227985764182645,0.7484264696503647,0.7243822744673447,0.706415109007779,0.7387292677202315,0.7243822744673447,0.7263819809235836,0.7437842925130136,0.7390317589695783,0.7129857510012442,0.7222896477607516,0.7500886447375859,0.7263819809235836,0.7292616491631829,0.716118538240864,0.7282534796321127,0.7437842925130136,0.7173970545169427,0.7129857510012442,0.7199084184248152,0.738597021948842,0.7290902421129861,0.765112492447594,0.7262326003390397,0.7653402032462375,0.7628963994356867,0.7723248503160304,0.7723248503160304,0.7723248503160304,0.8193990338050823,0.7723248503160304,0.7723248503160304,0.7464500273074823,0.7463166972966868,0.7328367030708364,0.7397071553744484,0.7651595029874506,0.8122964337859326,0.697705977692743,0.7040228257791911,0.6335743563763644,0.7040228257791911,0.6331658055645498,0.700486163726233,0.703152415619094,0.6335743563763644,0.6388285855700011,0.7488366324353822,0.7548661305100275,0.7123486225041751,0.7271945509484541,0.6927501164535996,0.7271945509484541,0.7271945509484541,0.7271945509484541,0.6820197658526115,0.6699031763982707,0.7004534315679802,0.744988359721476,0.744988359721476,0.6384592451255142,0.6650889632749043,0.6650889632749043,0.7768825324415128,0.7547929264989222,0.6979149988895832,0.6979149988895832,0.7741158404351343,0.7374602342048551,0.6800989364333416,0.7643749125613591,0.6373153178655808,0.6863939531104288,0.6896295385141965,0.7051946172768051,0.6990615605803163,0.7673276516749641,0.7029831387808041,0.638519211082247,0.7137001209857856,0.7020745724698627,0.7107177038977115,0.7304819283653767,0.7283316435732793,0.638519211082247,0.6277681557247585
Bacteroides_F pectinophilus,0.7085256543878979,0.6445563204219322,0.6445563204219322,0.6445563204219322,0.6445563204219322,0.6445563204219322,0.6445563204219322,0.6445563204219322,0.6445563204219322,0.6445563204219322,0.6445563204219322,0.4704748158042139,0.4704748158042139,0.47189333446296566,0.6095925319885189,0.6095925319885189,0.6361942194964931,0.6725476358503881,0.6725476358503881,0.5665580448065173,0.5455483959772538,0.5455483959772538,0.5303241404745318,0.6488642164369576,0.765107655875113,0.5864347826086956,0.7553094462540717,0.5487104356166406,0.543376885266563,0.543376885266563,0.6755707968594893,0.47968635735760135,0.48515525560192996,0.6260266090080036,0.5112351976271263,0.5495078665349244,0.5495078665349244,0.4927204533080599,0.6887650697057719,0.7149303550928046,0.6894291318261587,0.5902198426813839,0.6769652446300716,0.0,0.5265594667491281,0.7281118112629622,0.7187982203032127,0.7278392471067023,0.7066144989585744,0.752887805818292,0.7019522450818441,0.7066144989585744,0.7027167705275943,0.7513357462943813,0.7149224288807807,0.7378999675508529,0.7681399013251362,0.7174367873882933,0.7027167705275943,0.7624248623351876,0.7860931282104031,0.7869273301737757,0.7513357462943813,0.7673015012593126,0.7378999675508529,0.7586554449216468,0.7251397770744066,0.7585857019142528,0.7257566852776962,0.7826491912247551,0.7093069014708053,0.7255712360134465,0.712628768368429,0.712628768368429,0.712628768368429,0.751653812643196,0.712628768368429,0.712628768368429,0.7778319909322244,0.7681685540238248,0.7831004074875844,0.7637624272063318,0.7941038142568235,0.7558767624918117,0.7492489270386267,0.7353181052393454,0.7128302758989831,0.7353181052393454,0.7098388862818708,0.6772489529529008,0.6745669054197383,0.7128302758989831,0.7527121847651598,0.7699475229816957,0.7375234417655112,0.7441391697189782,0.812439398906161,0.8177270352295087,0.812439398906161,0.812439398906161,0.812439398906161,0.8159313655659706,0.8050405166802437,0.8345760735948474,0.710227894564037,0.710227894564037,0.5319035566804315,0.5926343056650524,0.5926343056650524,0.7078506931776725,0.7125969149937812,0.7664222256685203,0.7664222256685203,0.6852517032751624,0.6215787345866182,0.7112152713760973,0.6975366523624089,0.6672849861281374,0.6849683904892933,0.6681488513069038,0.6601043780806031,0.7127439652258668,0.7514901464068845,0.7149599506043356,0.5563254781318758,0.7562307983670721,0.644678743670681,0.6819676455901336,0.6957708408295085,0.7165479307105002,0.5563254781318758,0.6322178235675002
Ruminococcus_B gnavus,0.6605225670783974,0.6279839643854908,0.6279839643854908,0.6279839643854908,0.6279839643854908,0.6279839643854908,0.6279839643854908,0.6279839643854908,0.6279839643854908,0.6279839643854908,0.6279839643854908,0.5092225450692693,0.5092225450692693,0.5396904294068764,0.743138040707044,0.743138040707044,0.5570614081586976,0.6141866724998025,0.6141866724998025,0.4927239919589991,0.3862481610119364,0.3862481610119364,0.4507225266085114,0.5244761054227502,0.6758921191353329,0.4798848113027262,0.6601594375745402,0.5722683454652764,0.5557517219539229,0.5557517219539229,0.665482976101591,0.4800317480275359,0.513948004791213,0.5771340127496573,0.5357780787092807,0.4983523835008984,0.4983523835008984,0.49784273331519413,0.6422124464333119,0.6409846858451409,0.6614932733799905,0.6179633763198589,0.6243915514098852,0.5265594667491281,0.0,0.6490518827932753,0.6541959912746429,0.6823098685305375,0.6631630158625288,0.7287146846347778,0.6621228498193386,0.6631630158625288,0.6677630204447098,0.7107402272700343,0.6930993574495505,0.6819362250036749,0.7304979129559149,0.6798857038238217,0.6677630204447098,0.7396257491879032,0.7597753743760399,0.7569166189658463,0.7107402272700343,0.7440245293004021,0.6819362250036749,0.7314178705189941,0.6677179192421352,0.6785684267150807,0.6852458584981381,0.758181096983186,0.6772617583819363,0.6885496582280135,0.7030276785392082,0.7030276785392082,0.7030276785392082,0.7808246352926814,0.7030276785392082,0.7030276785392082,0.7442944859869901,0.7349632733485478,0.7567273646939807,0.7463074207190845,0.7467268852126256,0.7755100474944564,0.6964593052221568,0.6668522778130497,0.6869199006535679,0.6668522778130497,0.696789096066408,0.6451426971658185,0.6444559465665247,0.6869199006535679,0.7211990415456428,0.7424047235641438,0.6988222492479037,0.7345053635280095,0.7226355011542173,0.7398633510599497,0.7226355011542173,0.7226355011542173,0.7226355011542173,0.7378443391004157,0.7103988278862932,0.7601161193103754,0.6789865911819749,0.6789865911819749,0.48763879566205426,0.5452348454435969,0.5452348454435969,0.7133893612489965,0.7371746664922836,0.7508149113969063,0.7508149113969063,0.7395637740157126,0.7011552273677835,0.6369862599665113,0.7159692407805668,0.6586413176035636,0.6968652037617555,0.6352848949399656,0.6974588255460168,0.680505920207557,0.7636644321437512,0.6968677780071795,0.5732924137513984,0.7570277866123181,0.5892630594938681,0.6128691106595456,0.6927018907934264,0.7204562167862247,0.5732924137513984,0.596786014097832
Hungatella effluvii,0.5105515071965239,0.5080567786369601,0.5080567786369601,0.5080567786369601,0.5080567786369601,0.5080567786369601,0.5080567786369601,0.5080567786369601,0.5080567786369601,0.5080567786369601,0.5080567786369601,0.6915838258621371,0.6915838258621371,0.7040338386243093,0.8272021824795392,0.8272021824795392,0.5191368326786477,0.5051206264723846,0.5051206264723846,0.6293127014829143,0.6312146369837661,0.6312146369837661,0.7001359801156946,0.63103047588866,0.44109382867104474,0.6011535273065491,0.4603699318027322,0.6981595302681729,0.7131431468078515,0.7131431468078515,0.6044464738391775,0.6856190962331155,0.6585863374993798,0.6535511928023644,0.7368325349607632,0.6913224411807568,0.6913224411807568,0.7246727497548289,0.6171367686737663,0.5412727413087671,0.5386312983437487,0.6331659137461769,0.5615114068441065,0.7281118112629622,0.6490518827932753,0.0,0.7373827827221043,0.7555651340996169,0.7386081893313299,0.6785698609559946,0.7515400117877445,0.7386081893313299,0.7431552412296057,0.7490047969026528,0.7459624368385929,0.7275392910607592,0.6812622217208183,0.7662525066054964,0.7431552412296057,0.679048091224591,0.6962611137108096,0.6931787839487336,0.7490047969026528,0.6618179176051733,0.7275392910607592,0.7021172242772606,0.7287827000508654,0.7162362800018218,0.7706444952179065,0.6980989103744628,0.7690124434220158,0.7761983175938417,0.7815390926067854,0.7815390926067854,0.7815390926067854,0.8135087153001936,0.7815390926067854,0.7815390926067854,0.7171000507872016,0.7233063734415148,0.7175243349503788,0.7124900851356353,0.749015399308854,0.8332028324368489,0.6607840476167395,0.7016569364074938,0.5993661533314125,0.7016569364074938,0.6348785403627877,0.7221235617263211,0.7213918811309362,0.5993661533314125,0.6963717083706378,0.7633311832718801,0.7580011257615079,0.7094528647783315,0.7309866445196326,0.6712190746109543,0.7309866445196326,0.7309866445196326,0.7309866445196326,0.6780620358891518,0.6356589414117493,0.6998238022371058,0.7857967350079701,0.7857967350079701,0.6909242054888391,0.7396324993483048,0.7396324993483048,0.7913961859994645,0.8204233843692467,0.6686900312576136,0.6686900312576136,0.7720322682513708,0.7331298137515754,0.6903231096469862,0.7821649333528636,0.6470684972202181,0.6671225590760581,0.7135387690342255,0.7526906380538947,0.7403096153655071,0.7619632309019712,0.7076913206659468,0.7320015769378243,0.7312778389002232,0.7297265320390438,0.756690773661304,0.7772101516177345,0.774195607083976,0.7320015769378243,0.7025603437381525
Bacteroides uniformis,0.7757736469465143,0.7035518917518704,0.7035518917518704,0.7035518917518704,0.7035518917518704,0.7035518917518704,0.7035518917518704,0.7035518917518704,0.7035518917518704,0.7035518917518704,0.7035518917518704,0.7052982282953187,0.7052982282953187,0.7270793354206646,0.7737297429024004,0.7737297429024004,0.6634969198329681,0.7066573200554376,0.7066573200554376,0.6389950241210545,0.631345430806243,0.631345430806243,0.6564346167999198,0.6346788372149033,0.7130495660889581,0.6720335712383199,0.6884987989335586,0.7112265191909981,0.6699999321587756,0.6699999321587756,0.7319613945328836,0.7076433319808995,0.6859948532939542,0.742224848885586,0.7287281054153945,0.6699153937735897,0.6699153937735897,0.682078825643182,0.743591294830687,0.7128337666466675,0.7517521503663587,0.7313717125226076,0.7227985764182645,0.7187982203032127,0.6541959912746429,0.7373827827221043,0.0,0.29603848372908537,0.20742387905649495,0.4815220366821791,0.1839035125775993,0.20742387905649495,0.24017181670902632,0.30206191623098166,0.24172866987863628,0.26139484920181666,0.4543976477770372,0.3107118782235182,0.24017181670902632,0.4876234424280027,0.5085694552988859,0.47628175621567426,0.30206191623098166,0.47397078519482794,0.26139484920181666,0.4443789515483555,0.2826269668998078,0.33739685671247854,0.3014004933556139,0.5001286322936079,0.3114868795497068,0.33379463695664,0.49675362544224566,0.49675362544224566,0.49675362544224566,0.6860660706167601,0.49675362544224566,0.49675362544224566,0.5057348010804501,0.537603177390811,0.5939520793906606,0.6302084685479893,0.6056526791137402,0.6981826927412931,0.5922915740681949,0.4287577892959059,0.5537363830908367,0.4287577892959059,0.594664633333511,0.40343789655658613,0.4252229098601623,0.5537363830908367,0.6935925434425972,0.5142660480631134,0.562708315387011,0.7716937014277969,0.7036106689568999,0.7333766303689446,0.7036106689568999,0.7036106689568999,0.7036106689568999,0.7290903933989052,0.70138554367335,0.7347068102324943,0.5511525493703984,0.5511525493703984,0.6755193789238112,0.7224222392728561,0.7224222392728561,0.8294771923087473,0.8378176589331637,0.7343812569443269,0.7343812569443269,0.7488535984939905,0.7706916243654822,0.6802538981647579,0.8100890610268132,0.7359084146327612,0.753412400435103,0.6851655765379285,0.6637691830459711,0.6558628654793022,0.7647825609984319,0.6866865799018562,0.6854037690743615,0.7410144358244133,0.6504271806079873,0.7053263758983952,0.7509869199003074,0.7126486837829054,0.6854037690743615,0.6895997568971663
Bacteroides caccae,0.8073671931580082,0.7225425838644126,0.7225425838644126,0.7225425838644126,0.7225425838644126,0.7225425838644126,0.7225425838644126,0.7225425838644126,0.7225425838644126,0.7225425838644126,0.7225425838644126,0.7444564076703964,0.7444564076703964,0.7399166447132889,0.755696353651465,0.755696353651465,0.7020548492844008,0.731773252885272,0.731773252885272,0.681861291160498,0.6539674248842291,0.6539674248842291,0.6962391446283023,0.6456676286337721,0.7260114994303277,0.6786638763497581,0.7157498995436806,0.6791379474870258,0.7042187958778834,0.7042187958778834,0.7478683204027685,0.7087170930913151,0.6984510038558702,0.7447915030996601,0.7202882207349043,0.7126846696913862,0.7126846696913862,0.7014269363872165,0.7606269570622717,0.7466021996705807,0.7869022410446445,0.7355788767552714,0.7484264696503647,0.7278392471067023,0.6823098685305375,0.7555651340996169,0.29603848372908537,0.0,0.2935451254621375,0.5485622961682887,0.3267999782221497,0.2935451254621375,0.32420726406893685,0.24350023975358204,0.26880105380679675,0.29717698845742835,0.5253001525287495,0.2187291683332,0.32420726406893685,0.4777786277059588,0.5331771755759112,0.5096379042656772,0.24350023975358204,0.5374797782481089,0.29717698845742835,0.5009448067440752,0.34199751159371117,0.3835610768901796,0.32931009795581456,0.5197226206923906,0.33146438270315437,0.3592484906390795,0.4431573981864878,0.4431573981864878,0.4431573981864878,0.6540779976024282,0.4431573981864878,0.4431573981864878,0.5486606037014756,0.5410599672563423,0.6050408154512573,0.6377761710765979,0.6089411631173475,0.7079335763202197,0.5900411715398649,0.48414455594043493,0.5933510638297872,0.48414455594043493,0.6298330658637064,0.440424652744668,0.45474007274931794,0.5933510638297872,0.7296312317508381,0.5840372221358094,0.5765345710537082,0.7817648793936877,0.7164737340353091,0.7500761098195505,0.7164737340353091,0.7164737340353091,0.7164737340353091,0.7435691102706472,0.736426302310671,0.7662670593603518,0.5243408933047444,0.5243408933047444,0.6637472180007058,0.7556295701307334,0.7556295701307334,0.8431688910368416,0.8515638487116168,0.756492599832449,0.756492599832449,0.7553372194826283,0.7733087947480103,0.6783453207696347,0.8027124517367309,0.7319444614199984,0.7519173204776759,0.6689772300886703,0.6444196311478481,0.6559082961455153,0.7866654737899756,0.72276889075984,0.7182449775830795,0.7349825909233135,0.6942333513281563,0.7328036622442378,0.746056461096767,0.71117905222151,0.7182449775830795,0.7131411834203012
Bacteroides cellulosilyticus,0.7848223902489189,0.6893198260338455,0.6893198260338455,0.6893198260338455,0.6893198260338455,0.6893198260338455,0.6893198260338455,0.6893198260338455,0.6893198260338455,0.6893198260338455,0.6893198260338455,0.7048001180906882,0.7048001180906882,0.7134313415533776,0.7580280016698243,0.7580280016698243,0.677612785206229,0.7115831996803276,0.7115831996803276,0.640379984906022,0.630177993527508,0.630177993527508,0.660046020723104,0.6122820270695625,0.7089828673266916,0.648269320337616,0.6921273411881648,0.7037479653019595,0.6631223664369565,0.6631223664369565,0.7310779784482517,0.6975257772096373,0.6922609762958039,0.7473973030415831,0.7319216553248817,0.6701309553341777,0.6701309553341777,0.6765092166658967,0.7460554021937327,0.728262112408137,0.7571452630206494,0.7342957254710509,0.7243822744673447,0.7066144989585744,0.6631630158625288,0.7386081893313299,0.20742387905649495,0.2935451254621375,0.0,0.4464768378515803,0.18849408604760287,0.0,0.16708681579972806,0.2862073957801534,0.21171706220454234,0.28722710197578516,0.44621731558891375,0.2918789600888366,0.16708681579972806,0.4706301174795301,0.48069041963578785,0.4637394488944596,0.2862073957801534,0.4289494050178263,0.28722710197578516,0.4423766944750712,0.29339940890228977,0.3435213321160423,0.27866277765312986,0.5046874297206818,0.29269890667867815,0.3165520032375556,0.45556803541343205,0.45556803541343205,0.45556803541343205,0.6727827288757566,0.45556803541343205,0.45556803541343205,0.5372835216546743,0.551461061337009,0.5952997575490413,0.63404789068807,0.6138493285071547,0.7006960014947683,0.5899088831508028,0.44519387941768307,0.5258396192528736,0.44519387941768307,0.5678391680028505,0.38142038216560514,0.38312081799799713,0.5258396192528736,0.6930456278453726,0.5374544138152955,0.5698967083862467,0.7629904746282996,0.7146379064729951,0.7361788881641629,0.7146379064729951,0.7146379064729951,0.7146379064729951,0.7266219536489806,0.7010457188727013,0.7423364444641041,0.5443102932162559,0.5443102932162559,0.6915721711961645,0.7340832773673607,0.7340832773673607,0.8195534617842857,0.8391450342244609,0.7347764034253093,0.7347764034253093,0.7412415002659536,0.7581582417291166,0.6876201536839612,0.7996706486943066,0.7226559731638752,0.7555726688044858,0.6738676790405913,0.6422476735862563,0.631780427526816,0.7637488144694835,0.6993732938598178,0.6844139634138158,0.7327736770311444,0.6578323080583217,0.7113623325346742,0.733839411984805,0.7093864638373776,0.6844139634138158,0.6966860642452588
Bacteroides timonensis,0.7232278545135253,0.6722945301394547,0.6722945301394547,0.6722945301394547,0.6722945301394547,0.6722945301394547,0.6722945301394547,0.6722945301394547,0.6722945301394547,0.6722945301394547,0.6722945301394547,0.7580309859692175,0.7580309859692175,0.7626005571728175,0.7982873016966274,0.7982873016966274,0.6603898666245758,0.6229412275874056,0.6229412275874056,0.7154492493838225,0.7238108898961502,0.7238108898961502,0.7364802403512827,0.6893981290816027,0.65732832251452,0.697558331752527,0.6135332289610419,0.7781970033189873,0.745076386257008,0.745076386257008,0.6598747912213696,0.7655966928080734,0.7572546687570204,0.7665325739945973,0.772473913617752,0.7350519704569594,0.7350519704569594,0.7425741346821382,0.6680058870307288,0.6863961966146042,0.7071834949120874,0.7406891771944117,0.706415109007779,0.752887805818292,0.7287146846347778,0.6785698609559946,0.4815220366821791,0.5485622961682887,0.4464768378515803,0.0,0.45881303050533395,0.4464768378515803,0.4008036818244264,0.530446873181142,0.4836555830601459,0.49973776432164396,0.29485352667532794,0.5058277528185131,0.4008036818244264,0.31927688834004375,0.3031948434106355,0.24633628005135844,0.530446873181142,0.23948293707012358,0.49973776432164396,0.356540505974981,0.496964491381498,0.46187781600335887,0.5135996253273064,0.3120785367009702,0.4957361326187639,0.5080833374713589,0.5772577663555616,0.5772577663555616,0.5772577663555616,0.6640223322713938,0.5772577663555616,0.5772577663555616,0.45270337976151276,0.4831113395291733,0.4471814020717899,0.5176331615120275,0.5158369744287659,0.6900681220003096,0.5219633625603075,0.5750349804056119,0.418581889580511,0.5750349804056119,0.4062689957940626,0.5438837564518235,0.5326277749096542,0.418581889580511,0.555419218101439,0.5504444210692403,0.6198628361034044,0.7155225838282101,0.7525567120949193,0.7067345925316275,0.7525567120949193,0.7525567120949193,0.7525567120949193,0.6909273502678605,0.6638590890530458,0.7295012045447599,0.6310068991112672,0.6310068991112672,0.7486811375626022,0.7732231830017037,0.7732231830017037,0.8567940857781619,0.8724355891446238,0.6662692961701149,0.6662692961701149,0.7692899896657673,0.7491001147106522,0.7633404692899636,0.850797396311665,0.7087782923026036,0.7135968904524097,0.7469512195121951,0.6874440289579644,0.6765914133164297,0.719288774694374,0.7042182401171488,0.7208867452477368,0.6601136507471237,0.7354925690558777,0.7469444390411537,0.7541497295196739,0.7218504663048633,0.7208867452477368,0.6963377747260878
Bacteroides stercoris,0.778729610568138,0.7093172123266204,0.7093172123266204,0.7093172123266204,0.7093172123266204,0.7093172123266204,0.7093172123266204,0.7093172123266204,0.7093172123266204,0.7093172123266204,0.7093172123266204,0.704840172531969,0.704840172531969,0.7178770193232136,0.7585654311301778,0.7585654311301778,0.6869022869022869,0.7181395556747575,0.7181395556747575,0.6504518256197338,0.6376603216612378,0.6376603216612378,0.6528136053449569,0.6462453212480038,0.7284166832216309,0.6703915736872568,0.7037640871937596,0.7140696128165258,0.6681500271788368,0.6681500271788368,0.733184421534937,0.7031781650142161,0.6850858724294548,0.7580446492588075,0.7345779741333238,0.6796357007885583,0.6796357007885583,0.6740019354750774,0.7466733152044716,0.732505415622478,0.7626560486916345,0.7304232348190287,0.7387292677202315,0.7019522450818441,0.6621228498193386,0.7515400117877445,0.1839035125775993,0.3267999782221497,0.18849408604760287,0.45881303050533395,0.0,0.18849408604760287,0.21156434949538394,0.30555276090237204,0.18424553875833627,0.2882346323146807,0.42805151175811873,0.2874044611482358,0.21156434949538394,0.4681925579981485,0.47762612357539425,0.46893669855213704,0.30555276090237204,0.44751822027932175,0.2882346323146807,0.4206855439642325,0.2642863823419379,0.33671372565521396,0.2786087105330709,0.4767224700381577,0.23119655506738757,0.2927705243588119,0.4454796026137505,0.4454796026137505,0.4454796026137505,0.6485187546131652,0.4454796026137505,0.4454796026137505,0.5135425008580254,0.528063081569255,0.5788888091307156,0.6144902482887454,0.584456526380211,0.6696976961420505,0.5863300349776277,0.44703626199335433,0.5498932311968274,0.44703626199335433,0.5886575413252153,0.3847005064246938,0.3902943433528868,0.5498932311968274,0.6876428185059666,0.5023114655750432,0.5479975021997672,0.7686773159871825,0.7197227850432861,0.7401485715471994,0.7197227850432861,0.7197227850432861,0.7197227850432861,0.7375916167344319,0.7084791702628555,0.7448572211380932,0.5433447450006612,0.5433447450006612,0.6806091640806148,0.726523037423604,0.726523037423604,0.8284769779171413,0.8417805724648992,0.7330577821313806,0.7330577821313806,0.7328474152202737,0.756314213062282,0.7025603184953839,0.810682938208964,0.739028250755432,0.7581374070341818,0.6864596814494945,0.6407034989974325,0.636227095223791,0.7569377459178505,0.6962854628116129,0.6808816283475714,0.7315077323826,0.6741629046999197,0.7067485177312898,0.7409022947409478,0.7129704040348057,0.6808816283475714,0.6917692806221647
Bacteroides sp900552405,0.7848223902489189,0.6893198260338455,0.6893198260338455,0.6893198260338455,0.6893198260338455,0.6893198260338455,0.6893198260338455,0.6893198260338455,0.6893198260338455,0.6893198260338455,0.6893198260338455,0.7048001180906882,0.7048001180906882,0.7134313415533776,0.7580280016698243,0.7580280016698243,0.677612785206229,0.7115831996803276,0.7115831996803276,0.640379984906022,0.630177993527508,0.630177993527508,0.660046020723104,0.6122820270695625,0.7089828673266916,0.648269320337616,0.6921273411881648,0.7037479653019595,0.6631223664369565,0.6631223664369565,0.7310779784482517,0.6975257772096373,0.6922609762958039,0.7473973030415831,0.7319216553248817,0.6701309553341777,0.6701309553341777,0.6765092166658967,0.7460554021937327,0.728262112408137,0.7571452630206494,0.7342957254710509,0.7243822744673447,0.7066144989585744,0.6631630158625288,0.7386081893313299,0.20742387905649495,0.2935451254621375,0.0,0.4464768378515803,0.18849408604760287,0.0,0.16708681579972806,0.2862073957801534,0.21171706220454234,0.28722710197578516,0.44621731558891375,0.2918789600888366,0.16708681579972806,0.4706301174795301,0.48069041963578785,0.4637394488944596,0.2862073957801534,0.4289494050178263,0.28722710197578516,0.4423766944750712,0.29339940890228977,0.3435213321160423,0.27866277765312986,0.5046874297206818,0.29269890667867815,0.3165520032375556,0.45556803541343205,0.45556803541343205,0.45556803541343205,0.6727827288757566,0.45556803541343205,0.45556803541343205,0.5372835216546743,0.551461061337009,0.5952997575490413,0.63404789068807,0.6138493285071547,0.7006960014947683,0.5899088831508028,0.44519387941768307,0.5258396192528736,0.44519387941768307,0.5678391680028505,0.38142038216560514,0.38312081799799713,0.5258396192528736,0.6930456278453726,0.5374544138152955,0.5698967083862467,0.7629904746282996,0.7146379064729951,0.7361788881641629,0.7146379064729951,0.7146379064729951,0.7146379064729951,0.7266219536489806,0.7010457188727013,0.7423364444641041,0.5443102932162559,0.5443102932162559,0.6915721711961645,0.7340832773673607,0.7340832773673607,0.8195534617842857,0.8391450342244609,0.7347764034253093,0.7347764034253093,0.7412415002659536,0.7581582417291166,0.6876201536839612,0.7996706486943066,0.7226559731638752,0.7555726688044858,0.6738676790405913,0.6422476735862563,0.631780427526816,0.7637488144694835,0.6993732938598178,0.6844139634138158,0.7327736770311444,0.6578323080583217,0.7113623325346742,0.733839411984805,0.7093864638373776,0.6844139634138158,0.6966860642452588
Bacteroides intestinalis_A,0.7871062286850314,0.6957821564835625,0.6957821564835625,0.6957821564835625,0.6957821564835625,0.6957821564835625,0.6957821564835625,0.6957821564835625,0.6957821564835625,0.6957821564835625,0.6957821564835625,0.708667875910267,0.708667875910267,0.7130565571778553,0.758123840593616,0.758123840593616,0.6786247975338314,0.7152889682505117,0.7152889682505117,0.6521360637680473,0.6379417808853205,0.6379417808853205,0.6575521550063301,0.618743517002637,0.7126572428329219,0.6390202442544308,0.6965968712911697,0.7156201032431369,0.6743742251814294,0.6743742251814294,0.7250692714601584,0.7021556392140684,0.7043206991929474,0.749499477065591,0.734681397809567,0.6701574429033539,0.6701574429033539,0.6799474979491387,0.7417651013156631,0.7249842766478333,0.7557024990642749,0.7318958226590038,0.7263819809235836,0.7027167705275943,0.6677630204447098,0.7431552412296057,0.24017181670902632,0.32420726406893685,0.16708681579972806,0.4008036818244264,0.21156434949538394,0.16708681579972806,0.0,0.30074292861556084,0.24426092590135273,0.2928459736836715,0.4138251441209766,0.2901175204968134,0.0,0.45634711347316326,0.4579622041386917,0.4275622142542953,0.30074292861556084,0.4162049631191428,0.2928459736836715,0.4012958709610064,0.286987642145216,0.30649991314920966,0.2856400184842883,0.4669268626020908,0.30232388190587545,0.2808577621374826,0.45878651463871456,0.45878651463871456,0.45878651463871456,0.6518292829982395,0.45878651463871456,0.45878651463871456,0.5198865400939978,0.5360853380743374,0.5889766495360949,0.6156501338223298,0.5884320796840117,0.6938294902486764,0.5763133354056574,0.4343010950311553,0.515221756000722,0.4343010950311553,0.5615655821841389,0.31600589701381043,0.3181959585128704,0.515221756000722,0.6726910248470823,0.5312745460038266,0.5657609692162469,0.7658358053255162,0.7162854205383176,0.7384589729889771,0.7162854205383176,0.7162854205383176,0.7162854205383176,0.7263464337700145,0.6988289649561226,0.7416686003469575,0.5202690012857741,0.5202690012857741,0.6896683853532943,0.738760129389402,0.738760129389402,0.8220573745912525,0.840383297155261,0.7353738860906625,0.7353738860906625,0.7496887206596987,0.758122147588949,0.6978123448248927,0.80543804945345,0.722424456617777,0.7555399584878043,0.6790153515754249,0.6383659274842755,0.6200875040837375,0.7541644583688338,0.696773574034953,0.670162768209144,0.7271555135700973,0.6554200836365611,0.7123274778317837,0.7343836897719804,0.7123682906909802,0.670162768209144,0.6829693112509342
Bacteroides xylanisolvens,0.7938867555526257,0.7134366611645212,0.7134366611645212,0.7134366611645212,0.7134366611645212,0.7134366611645212,0.7134366611645212,0.7134366611645212,0.7134366611645212,0.7134366611645212,0.7134366611645212,0.7406655952859247,0.7406655952859247,0.7640272168910935,0.7600712126857947,0.7600712126857947,0.6941917498666863,0.7256678281068525,0.7256678281068525,0.6909670838909754,0.6679421452807291,0.6679421452807291,0.6850474551812178,0.6417679948059479,0.717449297889994,0.6951764455544232,0.703229158122112,0.6935026340672701,0.7059128412736213,0.7059128412736213,0.7465672281707303,0.7120082638646726,0.6876405380882875,0.7431903733415612,0.714110844692142,0.7142940316466342,0.7142940316466342,0.7225894525075442,0.7629523717295084,0.7493152471631668,0.7852928885053541,0.7421165926056471,0.7437842925130136,0.7513357462943813,0.7107402272700343,0.7490047969026528,0.30206191623098166,0.24350023975358204,0.2862073957801534,0.530446873181142,0.30555276090237204,0.2862073957801534,0.30074292861556084,0.0,0.2629019868703426,0.3100084348511456,0.4986909584212895,0.2338677597329597,0.30074292861556084,0.47396693365490683,0.49917258211882876,0.4857325033359846,0.0,0.5135383907340646,0.3100084348511456,0.4901756775503512,0.36233125420949364,0.4090966780892834,0.31562416688882966,0.5435529151451977,0.3174591363444701,0.3574427805150361,0.397822585613575,0.397822585613575,0.397822585613575,0.6739215782499877,0.397822585613575,0.397822585613575,0.551005119240854,0.5542122838906032,0.6047123172399285,0.6440779203149393,0.6082800774125281,0.7144388253320525,0.596207237874508,0.49777147605571603,0.5768446979947315,0.49777147605571603,0.6211220184087978,0.44286812451955226,0.45749256732852095,0.5768446979947315,0.7215820866753049,0.5960753325431318,0.5881682481701707,0.795188818707163,0.7195207985378514,0.756675123014319,0.7195207985378514,0.7195207985378514,0.7195207985378514,0.741820441915499,0.7348326941497663,0.7670489265211613,0.579666863858934,0.579666863858934,0.6657999689961809,0.7382004936370323,0.7382004936370323,0.818845304604259,0.8376309099398908,0.7439204083316634,0.7439204083316634,0.7274059891704311,0.7814968912159319,0.6797501144536071,0.7890294736065513,0.7300633405848487,0.7643987709784432,0.6868925077280984,0.6621107755155256,0.6770481984679886,0.7923449274584998,0.7210595667170484,0.7118366411390358,0.7292430132621821,0.6818057305648386,0.7124143183549124,0.7468653450051493,0.7043280403460213,0.7118366411390358,0.7145409656954178
Bacteroides eggerthii,0.7869599902496316,0.7044221688696772,0.7044221688696772,0.7044221688696772,0.7044221688696772,0.7044221688696772,0.7044221688696772,0.7044221688696772,0.7044221688696772,0.7044221688696772,0.7044221688696772,0.7244523064362498,0.7244523064362498,0.7242758518697777,0.7384567238156459,0.7384567238156459,0.6853981074975491,0.7124256973662833,0.7124256973662833,0.6534017659507187,0.6467286064803426,0.6467286064803426,0.6777586496472959,0.6535015164047422,0.7159841897233201,0.6806625381021848,0.7092523272691557,0.6883274974400837,0.6825400231769604,0.6825400231769604,0.7252525368738352,0.7096349776199826,0.6967827698432967,0.7410137506044563,0.7255099921952757,0.6903839799087965,0.6903839799087965,0.6920063326803875,0.7512699428597787,0.7243834914945031,0.7621128517953695,0.7355091317536266,0.7390317589695783,0.7149224288807807,0.6930993574495505,0.7459624368385929,0.24172866987863628,0.26880105380679675,0.21171706220454234,0.4836555830601459,0.18424553875833627,0.21171706220454234,0.24426092590135273,0.2629019868703426,0.0,0.27208888699928435,0.47491010503347253,0.27918472887672063,0.24426092590135273,0.46939253624386745,0.48297853054670703,0.471498799284227,0.2629019868703426,0.46596079572509386,0.27208888699928435,0.449038961038961,0.3112695565294398,0.3786664846789053,0.2830691661059678,0.48250430878993145,0.26777756910416417,0.2961653705012962,0.42753026613399425,0.42753026613399425,0.42753026613399425,0.6508539691819435,0.42753026613399425,0.42753026613399425,0.5225622038755071,0.5343546989263486,0.5689430061531138,0.6034286916281026,0.58594930512695,0.679259647341967,0.5747468914336266,0.472903924830816,0.555616727713984,0.472903924830816,0.5926963464957895,0.4189512384393247,0.4265169737318093,0.555616727713984,0.6953906827705201,0.5161877909370703,0.5364403392056649,0.7578027767372733,0.7115477458054191,0.7358177795348773,0.7115477458054191,0.7115477458054191,0.7115477458054191,0.7326492975220467,0.7166228624962181,0.7564535411454759,0.5314678078597457,0.5314678078597457,0.6757820447163312,0.7316198901769372,0.7316198901769372,0.8227210057373282,0.829047658305166,0.7280121617658502,0.7280121617658502,0.7325978578529199,0.7505084093657249,0.6892629295924135,0.7995038058677159,0.7252759882648278,0.7419153218245684,0.6774885086330101,0.6342671918229896,0.6294260974363677,0.7687053369360967,0.6997437873369032,0.6999174191082629,0.7180186276070689,0.6857223085931882,0.7052508800357602,0.7256803335193514,0.6967240655186897,0.6999174191082629,0.6977525678368849
Bacteroides fragilis,0.7801099725068733,0.6927785352551616,0.6927785352551616,0.6927785352551616,0.6927785352551616,0.6927785352551616,0.6927785352551616,0.6927785352551616,0.6927785352551616,0.6927785352551616,0.6927785352551616,0.7483924912264173,0.7483924912264173,0.7416188356565538,0.7784376139327481,0.7784376139327481,0.6716724983873175,0.706854304803746,0.706854304803746,0.6403282829675633,0.635381548974943,0.635381548974943,0.6850677676607562,0.6484764854970431,0.6978222734805827,0.678977068691325,0.6948997815047241,0.7163646449704142,0.6875466491046508,0.6875466491046508,0.7181052850387154,0.7295250291304699,0.7125276493062538,0.7485670405616652,0.7625634494567568,0.6968658607062175,0.6968658607062175,0.7046725451184912,0.74363626910679,0.7051126227676383,0.7555194691285629,0.7292814863066074,0.7129857510012442,0.7378999675508529,0.6819362250036749,0.7275392910607592,0.26139484920181666,0.29717698845742835,0.28722710197578516,0.49973776432164396,0.2882346323146807,0.28722710197578516,0.2928459736836715,0.3100084348511456,0.27208888699928435,0.0,0.4842900810291926,0.3488947923133563,0.2928459736836715,0.5036589573333494,0.5135189345314506,0.4935540121176297,0.3100084348511456,0.4888088000987718,0.0,0.4311037664066958,0.3118874174437666,0.27604132480932564,0.3634552070698319,0.48451093487142516,0.38932689047134617,0.36672194344539444,0.5421857684353184,0.5421857684353184,0.5421857684353184,0.6914009634735536,0.5421857684353184,0.5421857684353184,0.5488636716928339,0.5547383256364117,0.6034460130866003,0.6273145172643859,0.6018181025190502,0.7148264070815984,0.5904275735011899,0.4099883138189091,0.532416605123831,0.4099883138189091,0.5801200492509748,0.4159068674273343,0.43111146868337424,0.532416605123831,0.6833745111180018,0.5174829100344294,0.5705615604422909,0.7607029080105941,0.6816413203804486,0.7215002953337271,0.6816413203804486,0.6816413203804486,0.6816413203804486,0.7086231700635371,0.6869697212348249,0.7216412622026304,0.5335281935669909,0.5335281935669909,0.6936366746493329,0.754817160404408,0.754817160404408,0.8390811128155597,0.8510642342519311,0.7149300954595852,0.7149300954595852,0.7543995494861326,0.7647789131888072,0.6614641081820931,0.8187886681862586,0.7306742026645136,0.7401825467497773,0.6616677117443508,0.6623485405543655,0.6451681911215439,0.7614972096795671,0.6715467930882124,0.7037359967769286,0.7355487730718666,0.6715341427425625,0.7291441476802676,0.7499586505831694,0.6871407354010403,0.7037359967769286,0.6722028363083254
Bacteroides fluxus,0.7344395674981266,0.6876037714964227,0.6876037714964227,0.6876037714964227,0.6876037714964227,0.6876037714964227,0.6876037714964227,0.6876037714964227,0.6876037714964227,0.6876037714964227,0.6876037714964227,0.7655562047136911,0.7655562047136911,0.779516986732152,0.8137321211171944,0.8137321211171944,0.6661315158399597,0.6659869670291731,0.6659869670291731,0.7167603046546853,0.7121805012072266,0.7121805012072266,0.7255248209434428,0.7025089205443347,0.6436886093176186,0.7206986756492493,0.6133438144836396,0.7658079913394351,0.7490678991283849,0.7490678991283849,0.6585341218983918,0.7678043692414672,0.7564751362808678,0.7768873705751538,0.7860296994652606,0.7488453325906327,0.7488453325906327,0.7428711752279626,0.6826484146773912,0.6649237268735302,0.7016096839970223,0.7727172343497835,0.7222896477607516,0.7681399013251362,0.7304979129559149,0.6812622217208183,0.4543976477770372,0.5253001525287495,0.44621731558891375,0.29485352667532794,0.42805151175811873,0.44621731558891375,0.4138251441209766,0.4986909584212895,0.47491010503347253,0.4842900810291926,0.0,0.4864846364986687,0.4138251441209766,0.24426613907818573,0.24367479334519204,0.2698212761192985,0.4986909584212895,0.2195144584591444,0.4842900810291926,0.19668913309600533,0.48893620495813783,0.45258463778667635,0.4873567186852644,0.3128431129134597,0.47831610635844535,0.4846018674844089,0.5991338028169014,0.5991338028169014,0.5991338028169014,0.681338028169014,0.5991338028169014,0.5991338028169014,0.3319394163280385,0.3516524294758091,0.48109968053815955,0.5154552992044512,0.46730247157966176,0.7277656032102912,0.4481671093638224,0.5568440855425538,0.40740912597370205,0.5568440855425538,0.49838209368235475,0.5229277826205243,0.5130569733369937,0.40740912597370205,0.6230960639420902,0.5992048754649896,0.6107392607392608,0.7081330569036008,0.7426161510403637,0.6745073682238192,0.7426161510403637,0.7426161510403637,0.7426161510403637,0.6766849608459942,0.6164571274532562,0.7200240186226581,0.6206344243151318,0.6206344243151318,0.7552796605566051,0.7879528273359541,0.7879528273359541,0.8538932121519448,0.8645217800554306,0.6699129066956593,0.6699129066956593,0.7829781696326903,0.7808656510118833,0.7465655189370268,0.8387251977444622,0.7070854721192961,0.7328718721037999,0.7412924647632815,0.7200886309814802,0.7099450343108804,0.7012689937044727,0.7304892890480073,0.7469164442248479,0.6385005039671259,0.7387197436113688,0.7621407213034723,0.7879869385884509,0.7458849320467267,0.7469164442248479,0.7146699922824835
Bacteroides finegoldii,0.7961397851367553,0.7367949172053485,0.7367949172053485,0.7367949172053485,0.7367949172053485,0.7367949172053485,0.7367949172053485,0.7367949172053485,0.7367949172053485,0.7367949172053485,0.7367949172053485,0.7417744066695381,0.7417744066695381,0.7482278907420282,0.7478722310976578,0.7478722310976578,0.7087911781594778,0.722488664627688,0.722488664627688,0.6937089237548912,0.6639645192410761,0.6639645192410761,0.6853235712340786,0.6394082429146488,0.7351031501336773,0.6744705250829592,0.7133219048725921,0.693859151426595,0.7055310090281872,0.7055310090281872,0.7501362034940736,0.721147289464712,0.6999377845649162,0.7483601153413291,0.707066136369049,0.709376939132397,0.709376939132397,0.701872275312527,0.761228907364589,0.7558787919179801,0.7818163724066876,0.732348405573608,0.7500886447375859,0.7174367873882933,0.6798857038238217,0.7662525066054964,0.3107118782235182,0.2187291683332,0.2918789600888366,0.5058277528185131,0.2874044611482358,0.2918789600888366,0.2901175204968134,0.2338677597329597,0.27918472887672063,0.3488947923133563,0.4864846364986687,0.0,0.2901175204968134,0.4270104330514206,0.4921055347253277,0.4547136532162269,0.2338677597329597,0.5077560458618364,0.3488947923133563,0.49026898627400695,0.33288178524479783,0.39577248436857704,0.24966676053693793,0.4911582827499342,0.24137963327152512,0.271562900829573,0.391596557392902,0.391596557392902,0.391596557392902,0.6273180701655697,0.391596557392902,0.391596557392902,0.4897898555256739,0.5018065097598963,0.5677183877951371,0.6108549130897482,0.5850437855277308,0.6694089275151294,0.5657315185905321,0.4963274911748312,0.5691960194180499,0.4963274911748312,0.5908178401015077,0.4394111590966827,0.4355965916727146,0.5691960194180499,0.7013385501272176,0.563773617838286,0.5400830258302582,0.7801380741347952,0.7339332618918033,0.7581479822859133,0.7339332618918033,0.7339332618918033,0.7339332618918033,0.7518275293866725,0.7465990127185951,0.7803562049372106,0.5322517451204594,0.5322517451204594,0.6650957176904744,0.7221570747605196,0.7221570747605196,0.8203252633220862,0.8307702505634362,0.75153056061526,0.75153056061526,0.7462759264520842,0.7533998729019475,0.6910088436591643,0.7821638386556828,0.7103231378857908,0.7453733033198991,0.67284088373131,0.6514654601457082,0.6686875060007955,0.7649820470832144,0.7049893081180156,0.69139386160631,0.7230613722552386,0.6815340781956234,0.699885452462772,0.7402529756667535,0.6880972467213744,0.69139386160631,0.6971510479625336
Bacteroides intestinalis,0.7871062286850314,0.6957821564835625,0.6957821564835625,0.6957821564835625,0.6957821564835625,0.6957821564835625,0.6957821564835625,0.6957821564835625,0.6957821564835625,0.6957821564835625,0.6957821564835625,0.708667875910267,0.708667875910267,0.7130565571778553,0.758123840593616,0.758123840593616,0.6786247975338314,0.7152889682505117,0.7152889682505117,0.6521360637680473,0.6379417808853205,0.6379417808853205,0.6575521550063301,0.618743517002637,0.7126572428329219,0.6390202442544308,0.6965968712911697,0.7156201032431369,0.6743742251814294,0.6743742251814294,0.7250692714601584,0.7021556392140684,0.7043206991929474,0.749499477065591,0.734681397809567,0.6701574429033539,0.6701574429033539,0.6799474979491387,0.7417651013156631,0.7249842766478333,0.7557024990642749,0.7318958226590038,0.7263819809235836,0.7027167705275943,0.6677630204447098,0.7431552412296057,0.24017181670902632,0.32420726406893685,0.16708681579972806,0.4008036818244264,0.21156434949538394,0.16708681579972806,0.0,0.30074292861556084,0.24426092590135273,0.2928459736836715,0.4138251441209766,0.2901175204968134,0.0,0.45634711347316326,0.4579622041386917,0.4275622142542953,0.30074292861556084,0.4162049631191428,0.2928459736836715,0.4012958709610064,0.286987642145216,0.30649991314920966,0.2856400184842883,0.4669268626020908,0.30232388190587545,0.2808577621374826,0.45878651463871456,0.45878651463871456,0.45878651463871456,0.6518292829982395,0.45878651463871456,0.45878651463871456,0.5198865400939978,0.5360853380743374,0.5889766495360949,0.6156501338223298,0.5884320796840117,0.6938294902486764,0.5763133354056574,0.4343010950311553,0.515221756000722,0.4343010950311553,0.5615655821841389,0.31600589701381043,0.3181959585128704,0.515221756000722,0.6726910248470823,0.5312745460038266,0.5657609692162469,0.7658358053255162,0.7162854205383176,0.7384589729889771,0.7162854205383176,0.7162854205383176,0.7162854205383176,0.7263464337700145,0.6988289649561226,0.7416686003469575,0.5202690012857741,0.5202690012857741,0.6896683853532943,0.738760129389402,0.738760129389402,0.8220573745912525,0.840383297155261,0.7353738860906625,0.7353738860906625,0.7496887206596987,0.758122147588949,0.6978123448248927,0.80543804945345,0.722424456617777,0.7555399584878043,0.6790153515754249,0.6383659274842755,0.6200875040837375,0.7541644583688338,0.696773574034953,0.670162768209144,0.7271555135700973,0.6554200836365611,0.7123274778317837,0.7343836897719804,0.7123682906909802,0.670162768209144,0.6829693112509342
Bacteroides faecis,0.7264494102686013,0.7113273374907294,0.7113273374907294,0.7113273374907294,0.7113273374907294,0.7113273374907294,0.7113273374907294,0.7113273374907294,0.7113273374907294,0.7113273374907294,0.7113273374907294,0.7830456380204182,0.7830456380204182,0.7876570022534256,0.8070226213197335,0.8070226213197335,0.6719819461038099,0.6600604500425219,0.6600604500425219,0.7424678070774084,0.7451383490253665,0.7451383490253665,0.763577329861446,0.7076299037749815,0.6551348643733734,0.7126040785127351,0.6151879152404427,0.7529964637382766,0.7662688805852323,0.7662688805852323,0.6661626852131841,0.7827155952052485,0.7687941450238178,0.7599428149233828,0.7654490748934664,0.764782680649966,0.764782680649966,0.7496911167704683,0.6964033808694003,0.6923628598698295,0.7268589794014856,0.7597323898832113,0.7292616491631829,0.7624248623351876,0.7396257491879032,0.679048091224591,0.4876234424280027,0.4777786277059588,0.4706301174795301,0.31927688834004375,0.4681925579981485,0.4706301174795301,0.45634711347316326,0.47396693365490683,0.46939253624386745,0.5036589573333494,0.24426613907818573,0.4270104330514206,0.45634711347316326,0.0,0.2102548269526191,0.2093778801843318,0.47396693365490683,0.24353050942339993,0.5036589573333494,0.3104513842869998,0.5098826192230761,0.48431395985229264,0.4921093870704306,0.28488099578146975,0.4752527940393827,0.5023796009256429,0.5573985465955835,0.5573985465955835,0.5573985465955835,0.6368077771991172,0.5573985465955835,0.5573985465955835,0.2963764849811661,0.31411248814570447,0.4242466844744365,0.4479701460514015,0.4474504607324229,0.6973924597242983,0.4150560950315829,0.5790707286035914,0.418624135607215,0.5790707286035914,0.503049084687667,0.5581348763471323,0.5451013767788702,0.418624135607215,0.6207802293179845,0.588011088011088,0.6085066604346809,0.7046966137520223,0.7386667436926918,0.6785012554194969,0.7386667436926918,0.7386667436926918,0.7386667436926918,0.6821562366081919,0.6551909404949734,0.7378706819404679,0.6169347662399891,0.6169347662399891,0.7429285560055747,0.7869425652578736,0.7869425652578736,0.866077983094574,0.8730193475497812,0.6686421184407704,0.6686421184407704,0.7729211163067928,0.7698734210840893,0.7430583566810932,0.8282073782863562,0.6846535231342963,0.6993631868620747,0.7272012386920582,0.7066403609221727,0.7154879713874893,0.7006982972345157,0.730787465785032,0.7417258949144842,0.6155335703974932,0.7486429848565441,0.7626786416677593,0.7841084722384715,0.7206225785985232,0.7417258949144842,0.7029652966499123
Bacteroides nordii,0.7201777030677793,0.7093155997786629,0.7093155997786629,0.7093155997786629,0.7093155997786629,0.7093155997786629,0.7093155997786629,0.7093155997786629,0.7093155997786629,0.7093155997786629,0.7093155997786629,0.7803563704522516,0.7803563704522516,0.7816073537353201,0.8127000605588719,0.8127000605588719,0.6955276141970397,0.6832530133413475,0.6832530133413475,0.7469357755475418,0.7552018524329412,0.7552018524329412,0.7715525009912648,0.7326777326777327,0.6528877939250296,0.7378488570366939,0.6094175796290779,0.7715608637327448,0.7779640689250049,0.7779640689250049,0.6596616568977114,0.7838669275477753,0.7714516396868933,0.7611130001133402,0.7720737526013908,0.772516830181743,0.772516830181743,0.7533488091149195,0.6956854018454207,0.679657203293171,0.7060254937241215,0.765173900546134,0.716118538240864,0.7860931282104031,0.7597753743760399,0.6962611137108096,0.5085694552988859,0.5331771755759112,0.48069041963578785,0.3031948434106355,0.47762612357539425,0.48069041963578785,0.4579622041386917,0.49917258211882876,0.48297853054670703,0.5135189345314506,0.24367479334519204,0.4921055347253277,0.4579622041386917,0.2102548269526191,0.0,0.1642445558632044,0.49917258211882876,0.22943970697647798,0.5135189345314506,0.313644770598413,0.52490357513722,0.4925973128781743,0.5185212982990017,0.28584444570007905,0.48540545787342615,0.5154231227651966,0.6059600305715176,0.6059600305715176,0.6059600305715176,0.6722876209042513,0.6059600305715176,0.6059600305715176,0.3885069221963845,0.39634350644620875,0.46701828057930306,0.49531177731993437,0.49459811669749454,0.7120554568490955,0.4811908282662184,0.5838248773944972,0.4003485117842748,0.5838248773944972,0.5069978713062134,0.5635262954643112,0.5600275461014614,0.4003485117842748,0.6195494858262147,0.6038137667678449,0.6215667281192387,0.7005576350164235,0.7245160071772594,0.6545468061907931,0.7245160071772594,0.7245160071772594,0.7245160071772594,0.6523914547359914,0.6196410936168135,0.721635905671169,0.6409112825458052,0.6409112825458052,0.7637964419702288,0.7748725355851018,0.7748725355851018,0.8623319848623254,0.8589117625567136,0.6690593741610934,0.6690593741610934,0.7807827587569653,0.7729798607657882,0.7427679209520555,0.8314312746729308,0.7097090589751486,0.7227975306896632,0.7454694100013626,0.7305621077929592,0.6948079848571064,0.7283116036505868,0.7416846397021892,0.7565918513913952,0.6345782840999012,0.7696268001613324,0.7711531639530759,0.7744011879775734,0.7303836107876767,0.7565918513913952,0.7152472813985083
Bacteroides salyersiae,0.7510671807961766,0.7059757145982022,0.7059757145982022,0.7059757145982022,0.7059757145982022,0.7059757145982022,0.7059757145982022,0.7059757145982022,0.7059757145982022,0.7059757145982022,0.7059757145982022,0.790064981773405,0.790064981773405,0.7911774976218859,0.8105755662829558,0.8105755662829558,0.6850737968787466,0.6703547884851095,0.6703547884851095,0.7447821884298235,0.7455423187728724,0.7455423187728724,0.7669176641813595,0.7173867372258215,0.672669651653123,0.7216145108521554,0.6305727198800679,0.779146967105925,0.7679323296405012,0.7679323296405012,0.6838790718202034,0.7909101571663149,0.779766781126353,0.7840326254267036,0.7879085218818942,0.7661747009273023,0.7661747009273023,0.7678849144634525,0.7107636528438703,0.6970872876147218,0.72574599461415,0.7724775676764375,0.7282534796321127,0.7869273301737757,0.7569166189658463,0.6931787839487336,0.47628175621567426,0.5096379042656772,0.4637394488944596,0.24633628005135844,0.46893669855213704,0.4637394488944596,0.4275622142542953,0.4857325033359846,0.471498799284227,0.4935540121176297,0.2698212761192985,0.4547136532162269,0.4275622142542953,0.2093778801843318,0.1642445558632044,0.0,0.4857325033359846,0.25550888529886917,0.4935540121176297,0.3210270608078595,0.46833496892378146,0.42484094999112865,0.469515575168998,0.19880356359566198,0.4768668831168831,0.47362248364143456,0.5902238565442879,0.5902238565442879,0.5902238565442879,0.6825910683881411,0.5902238565442879,0.5902238565442879,0.3475915279650992,0.366074878952513,0.41187579637157934,0.47487192883161367,0.48305133642015374,0.6908328522378536,0.44494643748480156,0.552178219953916,0.3553893905191874,0.552178219953916,0.4632709531358773,0.5489023183528347,0.5416934184886065,0.3553893905191874,0.6032924901628869,0.5648805971107131,0.6112061096182775,0.7141924339469201,0.7377612133088437,0.674816945145297,0.7377612133088437,0.7377612133088437,0.7377612133088437,0.6673005235315078,0.652316418154215,0.7332131752015629,0.6289556962025317,0.6289556962025317,0.7633454050205838,0.786722801573946,0.786722801573946,0.864504352709913,0.875277407900577,0.6828474959783627,0.6828474959783627,0.7823788427433765,0.7704180187301972,0.7590788815734645,0.8483938856158916,0.7098470919542905,0.7237448824388748,0.7479840342453867,0.7250637046716759,0.7092206894126748,0.7261587212450613,0.7240173870454267,0.7367117653697133,0.6441236018453982,0.7493589743589744,0.7636800886404271,0.7787926240391543,0.7155438018251574,0.7367117653697133,0.7042584417618498
Bacteroides sp902362375,0.7938867555526257,0.7134366611645212,0.7134366611645212,0.7134366611645212,0.7134366611645212,0.7134366611645212,0.7134366611645212,0.7134366611645212,0.7134366611645212,0.7134366611645212,0.7134366611645212,0.7406655952859247,0.7406655952859247,0.7640272168910935,0.7600712126857947,0.7600712126857947,0.6941917498666863,0.7256678281068525,0.7256678281068525,0.6909670838909754,0.6679421452807291,0.6679421452807291,0.6850474551812178,0.6417679948059479,0.717449297889994,0.6951764455544232,0.703229158122112,0.6935026340672701,0.7059128412736213,0.7059128412736213,0.7465672281707303,0.7120082638646726,0.6876405380882875,0.7431903733415612,0.714110844692142,0.7142940316466342,0.7142940316466342,0.7225894525075442,0.7629523717295084,0.7493152471631668,0.7852928885053541,0.7421165926056471,0.7437842925130136,0.7513357462943813,0.7107402272700343,0.7490047969026528,0.30206191623098166,0.24350023975358204,0.2862073957801534,0.530446873181142,0.30555276090237204,0.2862073957801534,0.30074292861556084,0.0,0.2629019868703426,0.3100084348511456,0.4986909584212895,0.2338677597329597,0.30074292861556084,0.47396693365490683,0.49917258211882876,0.4857325033359846,0.0,0.5135383907340646,0.3100084348511456,0.4901756775503512,0.36233125420949364,0.4090966780892834,0.31562416688882966,0.5435529151451977,0.3174591363444701,0.3574427805150361,0.397822585613575,0.397822585613575,0.397822585613575,0.6739215782499877,0.397822585613575,0.397822585613575,0.551005119240854,0.5542122838906032,0.6047123172399285,0.6440779203149393,0.6082800774125281,0.7144388253320525,0.596207237874508,0.49777147605571603,0.5768446979947315,0.49777147605571603,0.6211220184087978,0.44286812451955226,0.45749256732852095,0.5768446979947315,0.7215820866753049,0.5960753325431318,0.5881682481701707,0.795188818707163,0.7195207985378514,0.756675123014319,0.7195207985378514,0.7195207985378514,0.7195207985378514,0.741820441915499,0.7348326941497663,0.7670489265211613,0.579666863858934,0.579666863858934,0.6657999689961809,0.7382004936370323,0.7382004936370323,0.818845304604259,0.8376309099398908,0.7439204083316634,0.7439204083316634,0.7274059891704311,0.7814968912159319,0.6797501144536071,0.7890294736065513,0.7300633405848487,0.7643987709784432,0.6868925077280984,0.6621107755155256,0.6770481984679886,0.7923449274584998,0.7210595667170484,0.7118366411390358,0.7292430132621821,0.6818057305648386,0.7124143183549124,0.7468653450051493,0.7043280403460213,0.7118366411390358,0.7145409656954178
Bacteroides oleiciplenus,0.7216198505481919,0.6800600903413008,0.6800600903413008,0.6800600903413008,0.6800600903413008,0.6800600903413008,0.6800600903413008,0.6800600903413008,0.6800600903413008,0.6800600903413008,0.6800600903413008,0.7702146175248508,0.7702146175248508,0.7793000583384956,0.8152267519084526,0.8152267519084526,0.662605286311879,0.6456294446797601,0.6456294446797601,0.7194347871173379,0.73806990713035,0.73806990713035,0.7490902789811125,0.7048461652034663,0.6310888672135254,0.7200662848686028,0.5890814176191095,0.7726923293270582,0.7537445379000278,0.7537445379000278,0.6717919997284592,0.7839997198667032,0.7709336067140449,0.7715997841583596,0.789414029355521,0.7469644508739062,0.7469644508739062,0.7494052482337674,0.7021188858196772,0.6689613335443372,0.6960950857647124,0.7664320884429581,0.7173970545169427,0.7673015012593126,0.7440245293004021,0.6618179176051733,0.47397078519482794,0.5374797782481089,0.4289494050178263,0.23948293707012358,0.44751822027932175,0.4289494050178263,0.4162049631191428,0.5135383907340646,0.46596079572509386,0.4888088000987718,0.2195144584591444,0.5077560458618364,0.4162049631191428,0.24353050942339993,0.22943970697647798,0.25550888529886917,0.5135383907340646,0.0,0.4888088000987718,0.3067719180382936,0.49100859547619957,0.4770491205908075,0.5018728420465246,0.31316278906551565,0.4905917358142654,0.5264672115463467,0.5950251557345692,0.5950251557345692,0.5950251557345692,0.6818576159689793,0.5950251557345692,0.5950251557345692,0.39560455480543566,0.4245540945189429,0.4286573682099728,0.4978178294299477,0.5139850360114677,0.7071808471236611,0.4775500319782424,0.561836256193174,0.3502401748057544,0.561836256193174,0.4469331394496596,0.5488856857744762,0.5347324710305548,0.3502401748057544,0.6203669654275317,0.567922218769225,0.6153426395939086,0.6949766187908575,0.7338165450779353,0.6654995884017623,0.7338165450779353,0.7338165450779353,0.7338165450779353,0.6635768829970787,0.6130472754888932,0.7149187633357041,0.6364297482366267,0.6364297482366267,0.7666831559211691,0.7941814783619116,0.7941814783619116,0.8586850503937948,0.8737087017217311,0.6857455616822811,0.6857455616822811,0.7862147748178552,0.7686077195995,0.7573087022143197,0.8447016988815751,0.7214653587456749,0.7190857566038975,0.7465671350843095,0.7016575312720023,0.6827581306108914,0.720624257350159,0.7275204524307276,0.7505612877105596,0.6643201904786553,0.7466663407360328,0.7684989363615502,0.7778321521644281,0.736125110143329,0.7505612877105596,0.7157343931491562
Bacteroides fragilis_A,0.7801099725068733,0.6927785352551616,0.6927785352551616,0.6927785352551616,0.6927785352551616,0.6927785352551616,0.6927785352551616,0.6927785352551616,0.6927785352551616,0.6927785352551616,0.6927785352551616,0.7483924912264173,0.7483924912264173,0.7416188356565538,0.7784376139327481,0.7784376139327481,0.6716724983873175,0.706854304803746,0.706854304803746,0.6403282829675633,0.635381548974943,0.635381548974943,0.6850677676607562,0.6484764854970431,0.6978222734805827,0.678977068691325,0.6948997815047241,0.7163646449704142,0.6875466491046508,0.6875466491046508,0.7181052850387154,0.7295250291304699,0.7125276493062538,0.7485670405616652,0.7625634494567568,0.6968658607062175,0.6968658607062175,0.7046725451184912,0.74363626910679,0.7051126227676383,0.7555194691285629,0.7292814863066074,0.7129857510012442,0.7378999675508529,0.6819362250036749,0.7275392910607592,0.26139484920181666,0.29717698845742835,0.28722710197578516,0.49973776432164396,0.2882346323146807,0.28722710197578516,0.2928459736836715,0.3100084348511456,0.27208888699928435,0.0,0.4842900810291926,0.3488947923133563,0.2928459736836715,0.5036589573333494,0.5135189345314506,0.4935540121176297,0.3100084348511456,0.4888088000987718,0.0,0.4311037664066958,0.3118874174437666,0.27604132480932564,0.3634552070698319,0.48451093487142516,0.38932689047134617,0.36672194344539444,0.5421857684353184,0.5421857684353184,0.5421857684353184,0.6914009634735536,0.5421857684353184,0.5421857684353184,0.5488636716928339,0.5547383256364117,0.6034460130866003,0.6273145172643859,0.6018181025190502,0.7148264070815984,0.5904275735011899,0.4099883138189091,0.532416605123831,0.4099883138189091,0.5801200492509748,0.4159068674273343,0.43111146868337424,0.532416605123831,0.6833745111180018,0.5174829100344294,0.5705615604422909,0.7607029080105941,0.6816413203804486,0.7215002953337271,0.6816413203804486,0.6816413203804486,0.6816413203804486,0.7086231700635371,0.6869697212348249,0.7216412622026304,0.5335281935669909,0.5335281935669909,0.6936366746493329,0.754817160404408,0.754817160404408,0.8390811128155597,0.8510642342519311,0.7149300954595852,0.7149300954595852,0.7543995494861326,0.7647789131888072,0.6614641081820931,0.8187886681862586,0.7306742026645136,0.7401825467497773,0.6616677117443508,0.6623485405543655,0.6451681911215439,0.7614972096795671,0.6715467930882124,0.7037359967769286,0.7355487730718666,0.6715341427425625,0.7291441476802676,0.7499586505831694,0.6871407354010403,0.7037359967769286,0.6722028363083254
Bacteroides clarus,0.7513111705461992,0.6754267326981573,0.6754267326981573,0.6754267326981573,0.6754267326981573,0.6754267326981573,0.6754267326981573,0.6754267326981573,0.6754267326981573,0.6754267326981573,0.6754267326981573,0.7685452722386041,0.7685452722386041,0.773911976583177,0.8083975270740329,0.8083975270740329,0.6529698346585889,0.6717567395186665,0.6717567395186665,0.6995864831685727,0.703188043730586,0.703188043730586,0.7213181946092766,0.6976165401030985,0.655457043657369,0.7091898026265342,0.6451382986024952,0.7587055561662575,0.7402877742212025,0.7402877742212025,0.6551645465371218,0.7594976832107702,0.7563730693473955,0.77060424425395,0.7828331244008554,0.7411253013994162,0.7411253013994162,0.7340071700623407,0.6830151928320998,0.6566508258145428,0.7138008690963301,0.7560668530627754,0.7199084184248152,0.7586554449216468,0.7314178705189941,0.7021172242772606,0.4443789515483555,0.5009448067440752,0.4423766944750712,0.356540505974981,0.4206855439642325,0.4423766944750712,0.4012958709610064,0.4901756775503512,0.449038961038961,0.4311037664066958,0.19668913309600533,0.49026898627400695,0.4012958709610064,0.3104513842869998,0.313644770598413,0.3210270608078595,0.4901756775503512,0.3067719180382936,0.4311037664066958,0.0,0.48291952588895826,0.43271652250082115,0.5045470491405133,0.3612948553097286,0.4888934065189402,0.4927793432318197,0.6042178896699796,0.6042178896699796,0.6042178896699796,0.6875036133433543,0.6042178896699796,0.6042178896699796,0.38502117909951705,0.393791235105326,0.5207735225610747,0.5375456898161735,0.5051575892187989,0.7335283358697625,0.48895829087290643,0.5305696359763414,0.4203699693401871,0.5305696359763414,0.5148507817495231,0.4976427888352637,0.5014481894835723,0.4203699693401871,0.6306641639890136,0.6082028399507136,0.6006738318279864,0.712363781594112,0.7317834160292939,0.6815872645875183,0.7317834160292939,0.7317834160292939,0.7317834160292939,0.6813885769372199,0.6336707457217652,0.722212846573866,0.5994583901511514,0.5994583901511514,0.7506221881879965,0.7927679893440527,0.7927679893440527,0.8682444187179341,0.8700018585811976,0.68445402152581,0.68445402152581,0.7892398153645783,0.7811055179323748,0.7213240198334118,0.8408587353789634,0.71555849879797,0.7186023895526535,0.7206397113469907,0.7103248787388844,0.7012815648342687,0.700648966015531,0.712425110705913,0.723098473685168,0.6598674498225335,0.7156411887667,0.7747416255672906,0.7857539714036261,0.7237323268260991,0.723098473685168,0.6833241756685567
Phocaeicola dorei,0.7809816520272299,0.7155279696347459,0.7155279696347459,0.7155279696347459,0.7155279696347459,0.7155279696347459,0.7155279696347459,0.7155279696347459,0.7155279696347459,0.7155279696347459,0.7155279696347459,0.7136965632858341,0.7136965632858341,0.7289703715829104,0.7797837665951188,0.7797837665951188,0.6968989230569612,0.73528633385723,0.73528633385723,0.6840280003963419,0.6388177205114174,0.6388177205114174,0.6775025658569962,0.6394779467892983,0.7193989000490588,0.674765758807133,0.7005389134339952,0.733202275275965,0.6792520247737017,0.6792520247737017,0.7528524036365041,0.7376203793928195,0.7105563516923896,0.7782110564604011,0.7754024702302996,0.6991173182921973,0.6991173182921973,0.7186113789778206,0.7749829482124736,0.7435442254102591,0.7649012732976563,0.743606990348777,0.738597021948842,0.7251397770744066,0.6677179192421352,0.7287827000508654,0.2826269668998078,0.34199751159371117,0.29339940890228977,0.496964491381498,0.2642863823419379,0.29339940890228977,0.286987642145216,0.36233125420949364,0.3112695565294398,0.3118874174437666,0.48893620495813783,0.33288178524479783,0.286987642145216,0.5098826192230761,0.52490357513722,0.46833496892378146,0.36233125420949364,0.49100859547619957,0.3118874174437666,0.48291952588895826,0.0,0.23235932396589143,0.3040001317729223,0.45370809482142505,0.35248292911708357,0.3297711650148222,0.5085932169375877,0.5085932169375877,0.5085932169375877,0.708884011270412,0.5085932169375877,0.5085932169375877,0.5357420758705697,0.5420733536589619,0.5999295565515861,0.6389602225610571,0.6122702061841621,0.6967031929705876,0.5956312727661673,0.4220295540420207,0.536914854920395,0.4220295540420207,0.5872456186818522,0.40399469897765994,0.4038052694186429,0.536914854920395,0.7103642648231854,0.5050852362774416,0.5856615958280418,0.7964089363824506,0.7218662713178545,0.7429517827993852,0.7218662713178545,0.7218662713178545,0.7218662713178545,0.7353639737745699,0.7086260684302635,0.7466040472408315,0.6008104531921932,0.6008104531921932,0.6965080093695786,0.7553433288141,0.7553433288141,0.8269659367046746,0.8484833273574758,0.7442965999629424,0.7442965999629424,0.7478525707949628,0.7812307732586299,0.7075147347740668,0.8120232653581082,0.7506477060169856,0.7702309113852889,0.7027469945084847,0.6702978819478742,0.6478073424116384,0.7749500333111259,0.6987558611259812,0.6942955179069269,0.7545398962489521,0.6660480861390379,0.7319060478049302,0.7727104052248776,0.717411207151897,0.6942955179069269,0.7067775065793793
Phocaeicola vulgatus,0.7784873207019851,0.7062890133478079,0.7062890133478079,0.7062890133478079,0.7062890133478079,0.7062890133478079,0.7062890133478079,0.7062890133478079,0.7062890133478079,0.7062890133478079,0.7062890133478079,0.745185347397107,0.745185347397107,0.7550464958040373,0.8026050318321487,0.8026050318321487,0.689007050180698,0.7143551531385253,0.7143551531385253,0.654532420838047,0.6490537419022422,0.6490537419022422,0.6976906006695001,0.6478678470173003,0.6938891294286269,0.6730137434900647,0.6753833544290664,0.7462025984344836,0.7016119746689695,0.7016119746689695,0.7224944202359442,0.741431537588302,0.7268045756638746,0.759706865518128,0.7815798760517338,0.7182640956566946,0.7182640956566946,0.7258835449073247,0.7414582241661409,0.7126301394475998,0.7557463434696553,0.7300094347314596,0.7290902421129861,0.7585857019142528,0.6785684267150807,0.7162362800018218,0.33739685671247854,0.3835610768901796,0.3435213321160423,0.46187781600335887,0.33671372565521396,0.3435213321160423,0.30649991314920966,0.4090966780892834,0.3786664846789053,0.27604132480932564,0.45258463778667635,0.39577248436857704,0.30649991314920966,0.48431395985229264,0.4925973128781743,0.42484094999112865,0.4090966780892834,0.4770491205908075,0.27604132480932564,0.43271652250082115,0.23235932396589143,0.0,0.3893095182413471,0.4079072567334019,0.4222810463097373,0.37604139905310674,0.5661485146388091,0.5661485146388091,0.5661485146388091,0.6859320465458573,0.5661485146388091,0.5661485146388091,0.4890289014264424,0.49045016316134393,0.5864811391976674,0.6054353875976431,0.5770201773098225,0.7039512496942314,0.5632472316267666,0.37154054833375505,0.5195658122776612,0.37154054833375505,0.5791182295250752,0.4125739188258485,0.4112822528768494,0.5195658122776612,0.6780320177785094,0.4964362521197315,0.5613109317153435,0.7747402444950396,0.7026620124064198,0.7199775608062082,0.7026620124064198,0.7026620124064198,0.7026620124064198,0.7091079457830933,0.6840544021687063,0.7311685742239905,0.5279729272419628,0.5279729272419628,0.715287534893509,0.7723552499467551,0.7723552499467551,0.8456624446798418,0.8679588167578545,0.717404080727434,0.717404080727434,0.7754997237299704,0.7814623423467189,0.6939100522359536,0.8316878623826761,0.7390888765594186,0.7500354958342089,0.6915001633910649,0.6921708643757573,0.6697911259135689,0.7514698291598998,0.6691983849524841,0.701033359193173,0.7360148300917344,0.669249813684995,0.7409058674806523,0.7770999908096683,0.7136429526158248,0.701033359193173,0.6754447786850022
Phocaeicola plebeius,0.8032891888525796,0.7347898802432054,0.7347898802432054,0.7347898802432054,0.7347898802432054,0.7347898802432054,0.7347898802432054,0.7347898802432054,0.7347898802432054,0.7347898802432054,0.7347898802432054,0.7267384916748286,0.7267384916748286,0.7333000631155602,0.7466308301596498,0.7466308301596498,0.6971241436849782,0.7229492345851025,0.7229492345851025,0.6775864301437265,0.6503668652001175,0.6503668652001175,0.6582378352198605,0.6529420582143246,0.7440199215781972,0.6858233103364064,0.7234717332479851,0.6984451814739021,0.674290477513595,0.674290477513595,0.7555960041152012,0.7190336022569432,0.7123403110217261,0.7583109015249176,0.7290645844529446,0.6906999457406402,0.6906999457406402,0.6960411869105416,0.7638729595853766,0.7373295483636074,0.766474092256114,0.7456271485357233,0.765112492447594,0.7257566852776962,0.6852458584981381,0.7706444952179065,0.3014004933556139,0.32931009795581456,0.27866277765312986,0.5135996253273064,0.2786087105330709,0.27866277765312986,0.2856400184842883,0.31562416688882966,0.2830691661059678,0.3634552070698319,0.4873567186852644,0.24966676053693793,0.2856400184842883,0.4921093870704306,0.5185212982990017,0.469515575168998,0.31562416688882966,0.5018728420465246,0.3634552070698319,0.5045470491405133,0.3040001317729223,0.3893095182413471,0.0,0.48245259019426456,0.18788842600271227,0.12929415328688276,0.3733835033171601,0.3733835033171601,0.3733835033171601,0.637599093997735,0.3733835033171601,0.3733835033171601,0.4935919667066019,0.5079874238866557,0.5610691569192653,0.6090807654683297,0.580776363154696,0.6612525770323732,0.5733080959022381,0.4852040848429173,0.5608095543731892,0.4852040848429173,0.5911638720840118,0.45267057651283626,0.4434828360776272,0.5608095543731892,0.6994191418365006,0.5204820918911962,0.5161573156186068,0.7670472762964174,0.7429259929259929,0.7657430372460257,0.7429259929259929,0.7429259929259929,0.7429259929259929,0.7620116255927748,0.7475550236550292,0.779733854368137,0.544734415714572,0.544734415714572,0.6885724549616687,0.7206245562038838,0.7206245562038838,0.8183797582401081,0.8280886566661049,0.7490554438453361,0.7490554438453361,0.7388731648377113,0.7495178362617504,0.6963251677290021,0.7928182035612077,0.7246075989404184,0.7603792132940115,0.6877897128836408,0.6528191347713463,0.6500017571604287,0.7554519880113754,0.6966576515337779,0.6856960854200476,0.7124042005499327,0.6519947844737797,0.7077375784629332,0.7330330351835805,0.6843993990487534,0.6856960854200476,0.6835019560232025
Phocaeicola massiliensis,0.7419710048694113,0.7083247824659333,0.7083247824659333,0.7083247824659333,0.7083247824659333,0.7083247824659333,0.7083247824659333,0.7083247824659333,0.7083247824659333,0.7083247824659333,0.7083247824659333,0.7885254114634553,0.7885254114634553,0.7975242718446602,0.8109036290079101,0.8109036290079101,0.6813882571842051,0.6659890574511813,0.6659890574511813,0.7392897499753157,0.7297791603992889,0.7297791603992889,0.7561190849895678,0.7295802536572042,0.6748339809347543,0.7423807235962567,0.6393936195623795,0.7714580714670497,0.7605767064654201,0.7605767064654201,0.6738150155691385,0.7945602160279983,0.7855118460655603,0.7861722584163247,0.7894784698317854,0.7563717373633982,0.7563717373633982,0.7603245332244242,0.6945917716009982,0.6937183688762936,0.7186837868788067,0.7639085659860706,0.7262326003390397,0.7826491912247551,0.758181096983186,0.6980989103744628,0.5001286322936079,0.5197226206923906,0.5046874297206818,0.3120785367009702,0.4767224700381577,0.5046874297206818,0.4669268626020908,0.5435529151451977,0.48250430878993145,0.48451093487142516,0.3128431129134597,0.4911582827499342,0.4669268626020908,0.28488099578146975,0.28584444570007905,0.19880356359566198,0.5435529151451977,0.31316278906551565,0.48451093487142516,0.3612948553097286,0.45370809482142505,0.4079072567334019,0.48245259019426456,0.0,0.49135032092701136,0.46374805077458936,0.5900134431562452,0.5900134431562452,0.5900134431562452,0.6791396879930975,0.5900134431562452,0.5900134431562452,0.36170293197042325,0.3702556098755231,0.43792918495463573,0.49774918217873376,0.5004078980615818,0.7003108919382504,0.4459780072016395,0.5467755841491231,0.3993730029541207,0.5467755841491231,0.48769865036953475,0.5545517446995224,0.54273125248735,0.3993730029541207,0.6058690489652833,0.5494243669349016,0.6178251549436244,0.7243767808390658,0.7492073268453023,0.6913502265174565,0.7492073268453023,0.7492073268453023,0.7492073268453023,0.6911485717383056,0.6701432956524306,0.7361835475365479,0.6084776969908745,0.6084776969908745,0.7545453396843848,0.7876708422833463,0.7876708422833463,0.8755077336919973,0.8756078570648017,0.6792356946844191,0.6792356946844191,0.7790592367962457,0.7760164693772517,0.7704005218525767,0.8539874029393142,0.7224531679075543,0.7264345195794384,0.7578584748371955,0.7060318057777359,0.6963623621585036,0.7152545153748342,0.7100162968534537,0.7324282982791587,0.6442935422059367,0.7433083612543764,0.7666950964916748,0.779920825726216,0.7156614895147823,0.7324282982791587,0.7100894594452463
Phocaeicola coprocola,0.7911664752200644,0.7286884513086431,0.7286884513086431,0.7286884513086431,0.7286884513086431,0.7286884513086431,0.7286884513086431,0.7286884513086431,0.7286884513086431,0.7286884513086431,0.7286884513086431,0.711506843144468,0.711506843144468,0.725635445746232,0.7172990502218073,0.7172990502218073,0.6992619718309859,0.7311106762262272,0.7311106762262272,0.6665326189889346,0.6536181112232936,0.6536181112232936,0.6689147620658895,0.6609502408568584,0.7455917176055951,0.6828581506799329,0.7180903588563994,0.6795899685926674,0.685161895090419,0.685161895090419,0.750505584200266,0.7159501031164069,0.6772658337546038,0.7408839630381858,0.6976602221704592,0.6888566044792221,0.6888566044792221,0.6948354755034829,0.7574549484019141,0.7364280984907219,0.7705843293492696,0.7353073003220223,0.7653402032462375,0.7093069014708053,0.6772617583819363,0.7690124434220158,0.3114868795497068,0.33146438270315437,0.29269890667867815,0.4957361326187639,0.23119655506738757,0.29269890667867815,0.30232388190587545,0.3174591363444701,0.26777756910416417,0.38932689047134617,0.47831610635844535,0.24137963327152512,0.30232388190587545,0.4752527940393827,0.48540545787342615,0.4768668831168831,0.3174591363444701,0.4905917358142654,0.38932689047134617,0.4888934065189402,0.35248292911708357,0.4222810463097373,0.18788842600271227,0.49135032092701136,0.0,0.20463030676263427,0.3582376618483929,0.3582376618483929,0.3582376618483929,0.6063023763058202,0.3582376618483929,0.3582376618483929,0.501658361881034,0.5130323820626531,0.552975591194121,0.5923414776479261,0.5687271819515087,0.6382271727430149,0.5641582632494985,0.5298736790963197,0.5815547794593197,0.5298736790963197,0.612832261821433,0.4637337681628234,0.45795292960703793,0.5815547794593197,0.7018527277080012,0.5267827727694749,0.5260004363273703,0.7515905128458173,0.7301406115703041,0.75300681293922,0.7301406115703041,0.7301406115703041,0.7301406115703041,0.7497220515016125,0.739106302387069,0.7724614822638602,0.5150176247949189,0.5150176247949189,0.648173630222667,0.6871144915806926,0.6871144915806926,0.8056838781357816,0.8156662589108702,0.7213629537165259,0.7213629537165259,0.7006069520524785,0.7269408913836999,0.6911335814287571,0.7836678223488622,0.7177035696660635,0.7500876270592359,0.6750186959651661,0.6348147787567542,0.6344623553418487,0.7626167941701189,0.7003020888513465,0.6958067286509092,0.7141044970860274,0.676771245170698,0.6757670916135483,0.7046691617310418,0.6857808606016651,0.6958067286509092,0.6839496912629421
Phocaeicola coprophilus,0.8008959534151566,0.7379851252348502,0.7379851252348502,0.7379851252348502,0.7379851252348502,0.7379851252348502,0.7379851252348502,0.7379851252348502,0.7379851252348502,0.7379851252348502,0.7379851252348502,0.7320921893868118,0.7320921893868118,0.733143913110168,0.7428822928103586,0.7428822928103586,0.7004946446398457,0.7320849517157824,0.7320849517157824,0.6758128244195956,0.6445910831509847,0.6445910831509847,0.6554837202056395,0.6597432228102387,0.7468410258672018,0.6758560258829873,0.7287573964497042,0.6894690953648939,0.6818581638262782,0.6818581638262782,0.7531859320901415,0.7271439654374765,0.7151026207323421,0.7522100241215028,0.7280380817498722,0.6949556429617295,0.6949556429617295,0.6988353714939146,0.7561683148635889,0.739230077128096,0.7685384697801216,0.7425623470538096,0.7628963994356867,0.7255712360134465,0.6885496582280135,0.7761983175938417,0.33379463695664,0.3592484906390795,0.3165520032375556,0.5080833374713589,0.2927705243588119,0.3165520032375556,0.2808577621374826,0.3574427805150361,0.2961653705012962,0.36672194344539444,0.4846018674844089,0.271562900829573,0.2808577621374826,0.5023796009256429,0.5154231227651966,0.47362248364143456,0.3574427805150361,0.5264672115463467,0.36672194344539444,0.4927793432318197,0.3297711650148222,0.37604139905310674,0.12929415328688276,0.46374805077458936,0.20463030676263427,0.0,0.42369451073985676,0.42369451073985676,0.42369451073985676,0.6083247874716069,0.42369451073985676,0.42369451073985676,0.4912761910749933,0.5077388830331032,0.5773186208621175,0.6044283991512617,0.5797288172426907,0.6576469825870417,0.580800336928554,0.5047841263553994,0.569702442125023,0.5047841263553994,0.6070608428030303,0.4298348219417042,0.4248774084729279,0.569702442125023,0.6790165359628908,0.5196473285666878,0.5144969179780676,0.7673832487805513,0.7500058596823718,0.7713376335586952,0.7500058596823718,0.7500058596823718,0.7500058596823718,0.7674826009011404,0.751674134116641,0.78415615848334,0.5009207194765053,0.5009207194765053,0.6843185581405996,0.7103323889585559,0.7103323889585559,0.8198578740744422,0.826398792047647,0.7369976245195928,0.7369976245195928,0.7350751196962193,0.7496827602876306,0.698136385241702,0.7937894305612454,0.7198511738171282,0.7608902466803339,0.6787982532751091,0.6478144542582683,0.6462819892076992,0.7399263439905498,0.6824412817602374,0.664258377242432,0.7026311543933239,0.6595431154274894,0.6983475528998675,0.7309188780136071,0.6743982767770736,0.664258377242432,0.6683196902279134
Prevotella sp900313215,0.7932942708333334,0.7221236852550109,0.7221236852550109,0.7221236852550109,0.7221236852550109,0.7221236852550109,0.7221236852550109,0.7221236852550109,0.7221236852550109,0.7221236852550109,0.7221236852550109,0.7093164178334752,0.7093164178334752,0.753994393546858,0.6919963976186856,0.6919963976186856,0.6952293132130019,0.7263302060314142,0.7263302060314142,0.6708296035344056,0.6681070438200305,0.6681070438200305,0.6612306524100056,0.6523758566517156,0.7464746802758285,0.7024001915364817,0.7292737686724241,0.6519316081330868,0.6710195290582976,0.6710195290582976,0.7323973695795729,0.7026194018196912,0.6839192257917484,0.7313909170225468,0.6664391547933908,0.693462438263582,0.693462438263582,0.6869706433479076,0.7463422480837016,0.7511030526556804,0.7717758985200845,0.7277433850795048,0.7723248503160304,0.712628768368429,0.7030276785392082,0.7815390926067854,0.49675362544224566,0.4431573981864878,0.45556803541343205,0.5772577663555616,0.4454796026137505,0.45556803541343205,0.45878651463871456,0.397822585613575,0.42753026613399425,0.5421857684353184,0.5991338028169014,0.391596557392902,0.45878651463871456,0.5573985465955835,0.6059600305715176,0.5902238565442879,0.397822585613575,0.5950251557345692,0.5421857684353184,0.6042178896699796,0.5085932169375877,0.5661485146388091,0.3733835033171601,0.5900134431562452,0.3582376618483929,0.42369451073985676,0.0,0.0,0.0,0.5868447397160539,0.0,0.0,0.5708781197238428,0.5819899991524706,0.5894366258856087,0.6375222013653313,0.6261194029850746,0.6674581770906083,0.6218196491526143,0.6410637065874902,0.6678304088250446,0.6410637065874902,0.6692718356198398,0.5853624236579877,0.5700638888700293,0.6678304088250446,0.7318690060547134,0.6067068324166216,0.574276363327241,0.7721223441512959,0.7822750947869755,0.7969410077761642,0.7822750947869755,0.7822750947869755,0.7822750947869755,0.7954895034422769,0.7865971194177153,0.8173431840230538,0.605368686694092,0.605368686694092,0.642560705610283,0.6995740348809173,0.6995740348809173,0.8175023357209592,0.806493376154155,0.7349675090252707,0.7349675090252707,0.7058518446031901,0.7435852861414366,0.706669118298023,0.756609274654269,0.7189513031144732,0.7556594394821319,0.6833048763295164,0.59615200719108,0.63970599870247,0.7672745553513851,0.6955218043152337,0.6942133260587875,0.7082656814341097,0.6512551151285653,0.6834167726330953,0.7078855409771214,0.6839001706258343,0.6942133260587875,0.7090812548857652
Prevotella sp900551275,0.7932942708333334,0.7221236852550109,0.7221236852550109,0.7221236852550109,0.7221236852550109,0.7221236852550109,0.7221236852550109,0.7221236852550109,0.7221236852550109,0.7221236852550109,0.7221236852550109,0.7093164178334752,0.7093164178334752,0.753994393546858,0.6919963976186856,0.6919963976186856,0.6952293132130019,0.7263302060314142,0.7263302060314142,0.6708296035344056,0.6681070438200305,0.6681070438200305,0.6612306524100056,0.6523758566517156,0.7464746802758285,0.7024001915364817,0.7292737686724241,0.6519316081330868,0.6710195290582976,0.6710195290582976,0.7323973695795729,0.7026194018196912,0.6839192257917484,0.7313909170225468,0.6664391547933908,0.693462438263582,0.693462438263582,0.6869706433479076,0.7463422480837016,0.7511030526556804,0.7717758985200845,0.7277433850795048,0.7723248503160304,0.712628768368429,0.7030276785392082,0.7815390926067854,0.49675362544224566,0.4431573981864878,0.45556803541343205,0.5772577663555616,0.4454796026137505,0.45556803541343205,0.45878651463871456,0.397822585613575,0.42753026613399425,0.5421857684353184,0.5991338028169014,0.391596557392902,0.45878651463871456,0.5573985465955835,0.6059600305715176,0.5902238565442879,0.397822585613575,0.5950251557345692,0.5421857684353184,0.6042178896699796,0.5085932169375877,0.5661485146388091,0.3733835033171601,0.5900134431562452,0.3582376618483929,0.42369451073985676,0.0,0.0,0.0,0.5868447397160539,0.0,0.0,0.5708781197238428,0.5819899991524706,0.5894366258856087,0.6375222013653313,0.6261194029850746,0.6674581770906083,0.6218196491526143,0.6410637065874902,0.6678304088250446,0.6410637065874902,0.6692718356198398,0.5853624236579877,0.5700638888700293,0.6678304088250446,0.7318690060547134,0.6067068324166216,0.574276363327241,0.7721223441512959,0.7822750947869755,0.7969410077761642,0.7822750947869755,0.7822750947869755,0.7822750947869755,0.7954895034422769,0.7865971194177153,0.8173431840230538,0.605368686694092,0.605368686694092,0.642560705610283,0.6995740348809173,0.6995740348809173,0.8175023357209592,0.806493376154155,0.7349675090252707,0.7349675090252707,0.7058518446031901,0.7435852861414366,0.706669118298023,0.756609274654269,0.7189513031144732,0.7556594394821319,0.6833048763295164,0.59615200719108,0.63970599870247,0.7672745553513851,0.6955218043152337,0.6942133260587875,0.7082656814341097,0.6512551151285653,0.6834167726330953,0.7078855409771214,0.6839001706258343,0.6942133260587875,0.7090812548857652
Prevotella copri_A,0.7932942708333334,0.7221236852550109,0.7221236852550109,0.7221236852550109,0.7221236852550109,0.7221236852550109,0.7221236852550109,0.7221236852550109,0.7221236852550109,0.7221236852550109,0.7221236852550109,0.7093164178334752,0.7093164178334752,0.753994393546858,0.6919963976186856,0.6919963976186856,0.6952293132130019,0.7263302060314142,0.7263302060314142,0.6708296035344056,0.6681070438200305,0.6681070438200305,0.6612306524100056,0.6523758566517156,0.7464746802758285,0.7024001915364817,0.7292737686724241,0.6519316081330868,0.6710195290582976,0.6710195290582976,0.7323973695795729,0.7026194018196912,0.6839192257917484,0.7313909170225468,0.6664391547933908,0.693462438263582,0.693462438263582,0.6869706433479076,0.7463422480837016,0.7511030526556804,0.7717758985200845,0.7277433850795048,0.7723248503160304,0.712628768368429,0.7030276785392082,0.7815390926067854,0.49675362544224566,0.4431573981864878,0.45556803541343205,0.5772577663555616,0.4454796026137505,0.45556803541343205,0.45878651463871456,0.397822585613575,0.42753026613399425,0.5421857684353184,0.5991338028169014,0.391596557392902,0.45878651463871456,0.5573985465955835,0.6059600305715176,0.5902238565442879,0.397822585613575,0.5950251557345692,0.5421857684353184,0.6042178896699796,0.5085932169375877,0.5661485146388091,0.3733835033171601,0.5900134431562452,0.3582376618483929,0.42369451073985676,0.0,0.0,0.0,0.5868447397160539,0.0,0.0,0.5708781197238428,0.5819899991524706,0.5894366258856087,0.6375222013653313,0.6261194029850746,0.6674581770906083,0.6218196491526143,0.6410637065874902,0.6678304088250446,0.6410637065874902,0.6692718356198398,0.5853624236579877,0.5700638888700293,0.6678304088250446,0.7318690060547134,0.6067068324166216,0.574276363327241,0.7721223441512959,0.7822750947869755,0.7969410077761642,0.7822750947869755,0.7822750947869755,0.7822750947869755,0.7954895034422769,0.7865971194177153,0.8173431840230538,0.605368686694092,0.605368686694092,0.642560705610283,0.6995740348809173,0.6995740348809173,0.8175023357209592,0.806493376154155,0.7349675090252707,0.7349675090252707,0.7058518446031901,0.7435852861414366,0.706669118298023,0.756609274654269,0.7189513031144732,0.7556594394821319,0.6833048763295164,0.59615200719108,0.63970599870247,0.7672745553513851,0.6955218043152337,0.6942133260587875,0.7082656814341097,0.6512551151285653,0.6834167726330953,0.7078855409771214,0.6839001706258343,0.6942133260587875,0.7090812548857652
Prevotella stercorea,0.810337852251245,0.8107246450887438,0.8107246450887438,0.8107246450887438,0.8107246450887438,0.8107246450887438,0.8107246450887438,0.8107246450887438,0.8107246450887438,0.8107246450887438,0.8107246450887438,0.8023539147625396,0.8023539147625396,0.7946785003046313,0.7764585302221572,0.7764585302221572,0.7760130727397208,0.7675537878192815,0.7675537878192815,0.7665717740905711,0.7605943386564353,0.7605943386564353,0.7594842525617842,0.7386792754736303,0.7797945945238298,0.7643681808885033,0.7639756262321298,0.74535293766063,0.7597408941691418,0.7597408941691418,0.7796734748424171,0.7895946859013171,0.801263136535421,0.7475676464779177,0.7494149079386119,0.77416605053712,0.77416605053712,0.7554772552739757,0.7733469849652422,0.7809134470395067,0.7978737272055735,0.7478753790817406,0.8193990338050823,0.751653812643196,0.7808246352926814,0.8135087153001936,0.6860660706167601,0.6540779976024282,0.6727827288757566,0.6640223322713938,0.6485187546131652,0.6727827288757566,0.6518292829982395,0.6739215782499877,0.6508539691819435,0.6914009634735536,0.681338028169014,0.6273180701655697,0.6518292829982395,0.6368077771991172,0.6722876209042513,0.6825910683881411,0.6739215782499877,0.6818576159689793,0.6914009634735536,0.6875036133433543,0.708884011270412,0.6859320465458573,0.637599093997735,0.6791396879930975,0.6063023763058202,0.6083247874716069,0.5868447397160539,0.5868447397160539,0.5868447397160539,0.0,0.5868447397160539,0.5868447397160539,0.6450909873631154,0.6333849448807217,0.6628016028646944,0.6537206699671845,0.6580918113909586,0.5432984930529321,0.719683816472898,0.74981312137144,0.7442845206159336,0.74981312137144,0.7427911968552808,0.7134769131460923,0.7125284399705643,0.7442845206159336,0.7308625696129729,0.68081945222692,0.639465738797452,0.793592975038621,0.8544844911419799,0.8534020864737399,0.8544844911419799,0.8544844911419799,0.8544844911419799,0.8551704936874681,0.8404329375489159,0.8736550028436673,0.6663083957950313,0.6663083957950313,0.7548234403105178,0.7927610413805687,0.7927610413805687,0.8491158111766905,0.8415122156697556,0.7850873075478784,0.7850873075478784,0.7896024135330244,0.722075258894699,0.7982666968274614,0.8469955429277868,0.7552122612820824,0.7770099329314882,0.770605899724591,0.7259382718528484,0.755313748608109,0.7008752177422781,0.7558222095995456,0.7556655306036697,0.7044261779805503,0.7472301552601468,0.7944665518960667,0.7997509492866101,0.7273534723524362,0.7556655306036697,0.7244682338044613
Prevotella sp015074785,0.7932942708333334,0.7221236852550109,0.7221236852550109,0.7221236852550109,0.7221236852550109,0.7221236852550109,0.7221236852550109,0.7221236852550109,0.7221236852550109,0.7221236852550109,0.7221236852550109,0.7093164178334752,0.7093164178334752,0.753994393546858,0.6919963976186856,0.6919963976186856,0.6952293132130019,0.7263302060314142,0.7263302060314142,0.6708296035344056,0.6681070438200305,0.6681070438200305,0.6612306524100056,0.6523758566517156,0.7464746802758285,0.7024001915364817,0.7292737686724241,0.6519316081330868,0.6710195290582976,0.6710195290582976,0.7323973695795729,0.7026194018196912,0.6839192257917484,0.7313909170225468,0.6664391547933908,0.693462438263582,0.693462438263582,0.6869706433479076,0.7463422480837016,0.7511030526556804,0.7717758985200845,0.7277433850795048,0.7723248503160304,0.712628768368429,0.7030276785392082,0.7815390926067854,0.49675362544224566,0.4431573981864878,0.45556803541343205,0.5772577663555616,0.4454796026137505,0.45556803541343205,0.45878651463871456,0.397822585613575,0.42753026613399425,0.5421857684353184,0.5991338028169014,0.391596557392902,0.45878651463871456,0.5573985465955835,0.6059600305715176,0.5902238565442879,0.397822585613575,0.5950251557345692,0.5421857684353184,0.6042178896699796,0.5085932169375877,0.5661485146388091,0.3733835033171601,0.5900134431562452,0.3582376618483929,0.42369451073985676,0.0,0.0,0.0,0.5868447397160539,0.0,0.0,0.5708781197238428,0.5819899991524706,0.5894366258856087,0.6375222013653313,0.6261194029850746,0.6674581770906083,0.6218196491526143,0.6410637065874902,0.6678304088250446,0.6410637065874902,0.6692718356198398,0.5853624236579877,0.5700638888700293,0.6678304088250446,0.7318690060547134,0.6067068324166216,0.574276363327241,0.7721223441512959,0.7822750947869755,0.7969410077761642,0.7822750947869755,0.7822750947869755,0.7822750947869755,0.7954895034422769,0.7865971194177153,0.8173431840230538,0.605368686694092,0.605368686694092,0.642560705610283,0.6995740348809173,0.6995740348809173,0.8175023357209592,0.806493376154155,0.7349675090252707,0.7349675090252707,0.7058518446031901,0.7435852861414366,0.706669118298023,0.756609274654269,0.7189513031144732,0.7556594394821319,0.6833048763295164,0.59615200719108,0.63970599870247,0.7672745553513851,0.6955218043152337,0.6942133260587875,0.7082656814341097,0.6512551151285653,0.6834167726330953,0.7078855409771214,0.6839001706258343,0.6942133260587875,0.7090812548857652
Prevotella copri,0.7932942708333334,0.7221236852550109,0.7221236852550109,0.7221236852550109,0.7221236852550109,0.7221236852550109,0.7221236852550109,0.7221236852550109,0.7221236852550109,0.7221236852550109,0.7221236852550109,0.7093164178334752,0.7093164178334752,0.753994393546858,0.6919963976186856,0.6919963976186856,0.6952293132130019,0.7263302060314142,0.7263302060314142,0.6708296035344056,0.6681070438200305,0.6681070438200305,0.6612306524100056,0.6523758566517156,0.7464746802758285,0.7024001915364817,0.7292737686724241,0.6519316081330868,0.6710195290582976,0.6710195290582976,0.7323973695795729,0.7026194018196912,0.6839192257917484,0.7313909170225468,0.6664391547933908,0.693462438263582,0.693462438263582,0.6869706433479076,0.7463422480837016,0.7511030526556804,0.7717758985200845,0.7277433850795048,0.7723248503160304,0.712628768368429,0.7030276785392082,0.7815390926067854,0.49675362544224566,0.4431573981864878,0.45556803541343205,0.5772577663555616,0.4454796026137505,0.45556803541343205,0.45878651463871456,0.397822585613575,0.42753026613399425,0.5421857684353184,0.5991338028169014,0.391596557392902,0.45878651463871456,0.5573985465955835,0.6059600305715176,0.5902238565442879,0.397822585613575,0.5950251557345692,0.5421857684353184,0.6042178896699796,0.5085932169375877,0.5661485146388091,0.3733835033171601,0.5900134431562452,0.3582376618483929,0.42369451073985676,0.0,0.0,0.0,0.5868447397160539,0.0,0.0,0.5708781197238428,0.5819899991524706,0.5894366258856087,0.6375222013653313,0.6261194029850746,0.6674581770906083,0.6218196491526143,0.6410637065874902,0.6678304088250446,0.6410637065874902,0.6692718356198398,0.5853624236579877,0.5700638888700293,0.6678304088250446,0.7318690060547134,0.6067068324166216,0.574276363327241,0.7721223441512959,0.7822750947869755,0.7969410077761642,0.7822750947869755,0.7822750947869755,0.7822750947869755,0.7954895034422769,0.7865971194177153,0.8173431840230538,0.605368686694092,0.605368686694092,0.642560705610283,0.6995740348809173,0.6995740348809173,0.8175023357209592,0.806493376154155,0.7349675090252707,0.7349675090252707,0.7058518446031901,0.7435852861414366,0.706669118298023,0.756609274654269,0.7189513031144732,0.7556594394821319,0.6833048763295164,0.59615200719108,0.63970599870247,0.7672745553513851,0.6955218043152337,0.6942133260587875,0.7082656814341097,0.6512551151285653,0.6834167726330953,0.7078855409771214,0.6839001706258343,0.6942133260587875,0.7090812548857652
Paraprevotella clara,0.7585993367034041,0.7327917820591644,0.7327917820591644,0.7327917820591644,0.7327917820591644,0.7327917820591644,0.7327917820591644,0.7327917820591644,0.7327917820591644,0.7327917820591644,0.7327917820591644,0.7988178931082218,0.7988178931082218,0.7963092249238082,0.8119115543104851,0.8119115543104851,0.6824556805317779,0.6792109731571911,0.6792109731571911,0.7411179931497858,0.7390014829461196,0.7390014829461196,0.7538994316674347,0.7284003607974869,0.6849416276577744,0.7331050228310503,0.6475148962645672,0.7581163578316112,0.7608414955164469,0.7608414955164469,0.6949281409364858,0.7828023882642907,0.7660409958375873,0.759808119506777,0.7797283024365371,0.7727290560510554,0.7727290560510554,0.7498577158653585,0.7081565240283062,0.7049938836534977,0.732481382186476,0.7628147157891978,0.7464500273074823,0.7778319909322244,0.7442944859869901,0.7171000507872016,0.5057348010804501,0.5486606037014756,0.5372835216546743,0.45270337976151276,0.5135425008580254,0.5372835216546743,0.5198865400939978,0.551005119240854,0.5225622038755071,0.5488636716928339,0.3319394163280385,0.4897898555256739,0.5198865400939978,0.2963764849811661,0.3885069221963845,0.3475915279650992,0.551005119240854,0.39560455480543566,0.5488636716928339,0.38502117909951705,0.5357420758705697,0.4890289014264424,0.4935919667066019,0.36170293197042325,0.501658361881034,0.4912761910749933,0.5708781197238428,0.5708781197238428,0.5708781197238428,0.6450909873631154,0.5708781197238428,0.5708781197238428,0.0,0.11692594173100046,0.46629667414813303,0.4564104241987992,0.44757630309158014,0.6872993361234132,0.42648009375998863,0.6001402937116738,0.5081146147750712,0.6001402937116738,0.5712153341309988,0.6128210954386824,0.6031764705882353,0.5081146147750712,0.6363380484124037,0.5933054975643702,0.5778005189868791,0.717562318859629,0.7655471705484402,0.7190844168529814,0.7655471705484402,0.7655471705484402,0.7655471705484402,0.7280414233747174,0.6937554969217239,0.773292376837033,0.6069718388039818,0.6069718388039818,0.7419719025409078,0.7766121195355337,0.7766121195355337,0.8630124387832525,0.8556288271314179,0.6934288633394979,0.6934288633394979,0.7899636452137935,0.7803963425481197,0.7405115511551155,0.8287362565895684,0.705724201668724,0.73018925681431,0.7320286942552956,0.7238944166017548,0.7409377949214915,0.6829091588959779,0.7149338374291115,0.7282649392117663,0.6202320472851072,0.722953473639755,0.7723255960862211,0.7983260367381929,0.7177123925449158,0.7282649392117663,0.6885847536894616
Paraprevotella xylaniphila,0.7563225230586135,0.73402146119478,0.73402146119478,0.73402146119478,0.73402146119478,0.73402146119478,0.73402146119478,0.73402146119478,0.73402146119478,0.73402146119478,0.73402146119478,0.7903937139746828,0.7903937139746828,0.786568009727519,0.8058024855158994,0.8058024855158994,0.6861026063968005,0.6929393441728833,0.6929393441728833,0.7428119181762498,0.7302609070289038,0.7302609070289038,0.7464718031094029,0.718837952887567,0.6856139788210094,0.7294284733095464,0.6518518518518519,0.7522200323316429,0.7539243994313102,0.7539243994313102,0.6948512758568625,0.7739798855440045,0.7566865958720317,0.7694431961025681,0.7837153715965438,0.7682849282793057,0.7682849282793057,0.7459501816870544,0.7120561419582243,0.7094174467694567,0.7321047397273566,0.7594322552974763,0.7463166972966868,0.7681685540238248,0.7349632733485478,0.7233063734415148,0.537603177390811,0.5410599672563423,0.551461061337009,0.4831113395291733,0.528063081569255,0.551461061337009,0.5360853380743374,0.5542122838906032,0.5343546989263486,0.5547383256364117,0.3516524294758091,0.5018065097598963,0.5360853380743374,0.31411248814570447,0.39634350644620875,0.366074878952513,0.5542122838906032,0.4245540945189429,0.5547383256364117,0.393791235105326,0.5420733536589619,0.49045016316134393,0.5079874238866557,0.3702556098755231,0.5130323820626531,0.5077388830331032,0.5819899991524706,0.5819899991524706,0.5819899991524706,0.6333849448807217,0.5819899991524706,0.5819899991524706,0.11692594173100046,0.0,0.4791993396615766,0.4731830483860321,0.43641291499206325,0.6707423896258703,0.43997450751527045,0.6226425754545352,0.5139755351681957,0.6226425754545352,0.5793672627235213,0.6179007505320937,0.6085952518405218,0.5139755351681957,0.6489835792723742,0.6004118302469571,0.5890787606433302,0.7121130588029543,0.7720809925246725,0.7308950245026132,0.7720809925246725,0.7720809925246725,0.7720809925246725,0.7388914115767107,0.7061742386535059,0.7794003814224815,0.5965153773613604,0.5965153773613604,0.7587733951279846,0.7900162000200708,0.7900162000200708,0.8646771712859789,0.8649956867631554,0.7050230098893566,0.7050230098893566,0.794418330463381,0.7853056199304751,0.7479817624178897,0.8311742157553,0.7112401830315584,0.7340783181021828,0.7399878800653423,0.7196025851549436,0.739395897270231,0.689587146150738,0.7272266398138825,0.7259532719732983,0.6165266019897423,0.7298100695982737,0.7787089273869723,0.794411431710536,0.7154589913017508,0.7259532719732983,0.6916491756102068
Alistipes onderdonkii,0.7344770669096888,0.7053212181031729,0.7053212181031729,0.7053212181031729,0.7053212181031729,0.7053212181031729,0.7053212181031729,0.7053212181031729,0.7053212181031729,0.7053212181031729,0.7053212181031729,0.7846679758527892,0.7846679758527892,0.7884072068721345,0.804636007500789,0.804636007500789,0.6904015274242074,0.672571587927341,0.672571587927341,0.7488658921337408,0.7512701781465045,0.7512701781465045,0.7653435684829663,0.7305852330946803,0.6715814902744803,0.7429528410943474,0.6348559772140228,0.7553232971183473,0.7615011191095518,0.7615011191095518,0.694964392730669,0.7878903459802079,0.7806145087411513,0.7669375413398847,0.7618232096282562,0.7671876950389038,0.7671876950389038,0.7640533748628464,0.7193391299806778,0.7133597619075627,0.7219260771489421,0.7633891227851864,0.7328367030708364,0.7831004074875844,0.7567273646939807,0.7175243349503788,0.5939520793906606,0.6050408154512573,0.5952997575490413,0.4471814020717899,0.5788888091307156,0.5952997575490413,0.5889766495360949,0.6047123172399285,0.5689430061531138,0.6034460130866003,0.48109968053815955,0.5677183877951371,0.5889766495360949,0.4242466844744365,0.46701828057930306,0.41187579637157934,0.6047123172399285,0.4286573682099728,0.6034460130866003,0.5207735225610747,0.5999295565515861,0.5864811391976674,0.5610691569192653,0.43792918495463573,0.552975591194121,0.5773186208621175,0.5894366258856087,0.5894366258856087,0.5894366258856087,0.6628016028646944,0.5894366258856087,0.5894366258856087,0.46629667414813303,0.4791993396615766,0.0,0.31009810778624225,0.3327711988372202,0.5842916687591021,0.43192714392631404,0.6578315431425616,0.5377421427159518,0.6578315431425616,0.5736599985200168,0.6731927710843373,0.6656130515352678,0.5377421427159518,0.62929933098791,0.5763915632313298,0.5976699854943686,0.6780432796619846,0.7840304007218195,0.7290400254082681,0.7840304007218195,0.7840304007218195,0.7840304007218195,0.7312820658383066,0.7192448633641345,0.7800345820014334,0.6491200157586502,0.6491200157586502,0.728581137204561,0.7653461135331379,0.7653461135331379,0.8584880767835351,0.8656156845717722,0.6926248749719325,0.6926248749719325,0.7759845749917952,0.7612991316621153,0.7610479533284618,0.843227083585828,0.7181588605676958,0.7138327218951739,0.7370098624714193,0.6975715683389145,0.708645858261256,0.6918075636399503,0.7085454996425393,0.7355949336980436,0.6308215055126093,0.7389344744426798,0.7555211947503394,0.7714536273497503,0.6930831986757577,0.7355949336980436,0.6999830709327917
Alistipes finegoldii,0.7290102127985107,0.7138152411934088,0.7138152411934088,0.7138152411934088,0.7138152411934088,0.7138152411934088,0.7138152411934088,0.7138152411934088,0.7138152411934088,0.7138152411934088,0.7138152411934088,0.7829897355601949,0.7829897355601949,0.7709734027572162,0.8113870514949404,0.8113870514949404,0.7002220238503971,0.6857542947163111,0.6857542947163111,0.7420054470779605,0.740011633167453,0.740011633167453,0.7862768847066244,0.7297868604023441,0.672455575898703,0.7191936211824883,0.6361013145238859,0.7284358458154232,0.784655146950229,0.784655146950229,0.7180001396196001,0.7826105044201768,0.7787276910301264,0.7404600588974237,0.7472180700880253,0.7570252190921684,0.7570252190921684,0.7460929121924018,0.6858888829588514,0.7086651687508088,0.7088590740200617,0.7529065530189976,0.7397071553744484,0.7637624272063318,0.7463074207190845,0.7124900851356353,0.6302084685479893,0.6377761710765979,0.63404789068807,0.5176331615120275,0.6144902482887454,0.63404789068807,0.6156501338223298,0.6440779203149393,0.6034286916281026,0.6273145172643859,0.5154552992044512,0.6108549130897482,0.6156501338223298,0.4479701460514015,0.49531177731993437,0.47487192883161367,0.6440779203149393,0.4978178294299477,0.6273145172643859,0.5375456898161735,0.6389602225610571,0.6054353875976431,0.6090807654683297,0.49774918217873376,0.5923414776479261,0.6044283991512617,0.6375222013653313,0.6375222013653313,0.6375222013653313,0.6537206699671845,0.6375222013653313,0.6375222013653313,0.4564104241987992,0.4731830483860321,0.31009810778624225,0.0,0.27884550930314955,0.6307451556190955,0.49587865397688646,0.6870603271138729,0.558680745190849,0.6870603271138729,0.5937702593806613,0.6941182509310535,0.6941816975672244,0.558680745190849,0.6147972116603295,0.613561269932481,0.6118467837920787,0.6657365831265153,0.7803829028505136,0.7340081551160325,0.7803829028505136,0.7803829028505136,0.7803829028505136,0.7490802342871903,0.7211456353999184,0.7892318441262811,0.6032925726050473,0.6032925726050473,0.7234991397784551,0.7533294156255486,0.7533294156255486,0.8415854764499837,0.8489504363354561,0.6706033942216925,0.6706033942216925,0.7611943997026391,0.74738515928336,0.7474150932014236,0.8280895126299423,0.6956818429959603,0.7153099391222575,0.7219234419487504,0.6778444749805131,0.6967545987397701,0.6348164522929594,0.6962262905910215,0.7056778679026652,0.6196755450636272,0.7194137669634496,0.7428549763033175,0.7609820864366706,0.7062793153791197,0.7056778679026652,0.6635723941904399
Alistipes shahii,0.7503241364191537,0.7390817153925853,0.7390817153925853,0.7390817153925853,0.7390817153925853,0.7390817153925853,0.7390817153925853,0.7390817153925853,0.7390817153925853,0.7390817153925853,0.7390817153925853,0.7904901064572551,0.7904901064572551,0.8007941480860891,0.8158396859451317,0.8158396859451317,0.7063540848501406,0.7096637676181597,0.7096637676181597,0.7620139122973677,0.7508883126860655,0.7508883126860655,0.7485214746121871,0.7343707502816956,0.7088343699608386,0.7398455758364642,0.680124752258551,0.7505818434326091,0.7636299498634003,0.7636299498634003,0.6936294783642661,0.7762542132092816,0.78879917980264,0.7735888120107925,0.7782418395339519,0.7719698479340887,0.7719698479340887,0.7718056002574831,0.720602551954205,0.7119144919293843,0.7362056027238392,0.782684340220423,0.7651595029874506,0.7941038142568235,0.7467268852126256,0.749015399308854,0.6056526791137402,0.6089411631173475,0.6138493285071547,0.5158369744287659,0.584456526380211,0.6138493285071547,0.5884320796840117,0.6082800774125281,0.58594930512695,0.6018181025190502,0.46730247157966176,0.5850437855277308,0.5884320796840117,0.4474504607324229,0.49459811669749454,0.48305133642015374,0.6082800774125281,0.5139850360114677,0.6018181025190502,0.5051575892187989,0.6122702061841621,0.5770201773098225,0.580776363154696,0.5004078980615818,0.5687271819515087,0.5797288172426907,0.6261194029850746,0.6261194029850746,0.6261194029850746,0.6580918113909586,0.6261194029850746,0.6261194029850746,0.44757630309158014,0.43641291499206325,0.3327711988372202,0.27884550930314955,0.0,0.6435809196061562,0.42674532212221694,0.6624958637824377,0.6113493742185034,0.6624958637824377,0.6411662141920988,0.6693672032894278,0.6628529626920263,0.6113493742185034,0.6520822805871551,0.6281824573364296,0.5766841524019879,0.7199114344456745,0.8005961348431097,0.7645734211157532,0.8005961348431097,0.8005961348431097,0.8005961348431097,0.7745865077981604,0.7370293586063394,0.8031047548518755,0.6396071615601211,0.6396071615601211,0.7370376172041087,0.7677436859836752,0.7677436859836752,0.842211940224118,0.8560569316452309,0.7074594493275583,0.7074594493275583,0.7904524030133344,0.7692505872546791,0.7559094719195306,0.839840919703093,0.7193232639725771,0.7486873886086663,0.7423283428679623,0.7250120004335641,0.7251007522837185,0.6797403946858429,0.7439480556143694,0.7474241525516817,0.6108109404223349,0.7393824651686378,0.765590709923153,0.7909787552177434,0.7118201483312732,0.7474241525516817,0.7002102085916024
Alistipes putredinis,0.8263374724803638,0.8018429022488562,0.8018429022488562,0.8018429022488562,0.8018429022488562,0.8018429022488562,0.8018429022488562,0.8018429022488562,0.8018429022488562,0.8018429022488562,0.8018429022488562,0.8064409548545783,0.8064409548545783,0.7973920945024988,0.7718922393015907,0.7718922393015907,0.801319597029007,0.7958509412216673,0.7958509412216673,0.7861166004248359,0.7930618609760407,0.7930618609760407,0.7785641311414507,0.769111703499871,0.8142372276950312,0.7847783063088087,0.7795198866152893,0.7903030303030303,0.7783197100555213,0.7783197100555213,0.7996841389496158,0.8140041502708009,0.8014729535257767,0.7839424224966394,0.7732827301309511,0.7909843811749343,0.7909843811749343,0.7740075226839225,0.8048155853129154,0.8189239959180225,0.818117011341845,0.7767264949156051,0.8122964337859326,0.7558767624918117,0.7755100474944564,0.8332028324368489,0.6981826927412931,0.7079335763202197,0.7006960014947683,0.6900681220003096,0.6696976961420505,0.7006960014947683,0.6938294902486764,0.7144388253320525,0.679259647341967,0.7148264070815984,0.7277656032102912,0.6694089275151294,0.6938294902486764,0.6973924597242983,0.7120554568490955,0.6908328522378536,0.7144388253320525,0.7071808471236611,0.7148264070815984,0.7335283358697625,0.6967031929705876,0.7039512496942314,0.6612525770323732,0.7003108919382504,0.6382271727430149,0.6576469825870417,0.6674581770906083,0.6674581770906083,0.6674581770906083,0.5432984930529321,0.6674581770906083,0.6674581770906083,0.6872993361234132,0.6707423896258703,0.5842916687591021,0.6307451556190955,0.6435809196061562,0.0,0.7162754441699024,0.756333275438553,0.7527484196586962,0.756333275438553,0.7520301176954309,0.7585445381207861,0.7617456644393021,0.7527484196586962,0.7450094083501712,0.6296240694460389,0.6657808149835485,0.79761267182758,0.8525753718945467,0.8505064342982909,0.8525753718945467,0.8525753718945467,0.8525753718945467,0.8495806130909013,0.8453196950992495,0.8743261213599065,0.6526292696420225,0.6526292696420225,0.7644114520120052,0.7894716537103836,0.7894716537103836,0.8324524130307113,0.8402680782638294,0.7922344915663402,0.7922344915663402,0.7804013268802001,0.7450582919843479,0.8007726425221764,0.8685013008060732,0.8019038240603972,0.7861259482402181,0.7776474669221494,0.7308362718384356,0.7463253509496284,0.722669121415944,0.7347885032537961,0.7482973359422035,0.7302507338780547,0.758294626614832,0.778500167072414,0.7894862710363153,0.7033083236819577,0.7482973359422035,0.7252719224630169
Alistipes_A indistinctus,0.7017071029573756,0.6712580586697046,0.6712580586697046,0.6712580586697046,0.6712580586697046,0.6712580586697046,0.6712580586697046,0.6712580586697046,0.6712580586697046,0.6712580586697046,0.6712580586697046,0.7502210543357785,0.7502210543357785,0.7628435614601743,0.830374057293505,0.830374057293505,0.6127073238414413,0.609044501419284,0.609044501419284,0.6958524833415769,0.6845163153335259,0.6845163153335259,0.6957110784237825,0.7285010367661813,0.697603788508731,0.6815159110548152,0.6752799036844925,0.7095871330582639,0.713327553953552,0.713327553953552,0.6165339114860725,0.738469547741127,0.7315778779149684,0.7215471180670481,0.7361133142978004,0.7221624431763227,0.7221624431763227,0.7133578870610918,0.6426740381094139,0.6422315001129846,0.6803975845788082,0.7291463567801628,0.697705977692743,0.7492489270386267,0.6964593052221568,0.6607840476167395,0.5922915740681949,0.5900411715398649,0.5899088831508028,0.5219633625603075,0.5863300349776277,0.5899088831508028,0.5763133354056574,0.596207237874508,0.5747468914336266,0.5904275735011899,0.4481671093638224,0.5657315185905321,0.5763133354056574,0.4150560950315829,0.4811908282662184,0.44494643748480156,0.596207237874508,0.4775500319782424,0.5904275735011899,0.48895829087290643,0.5956312727661673,0.5632472316267666,0.5733080959022381,0.4459780072016395,0.5641582632494985,0.580800336928554,0.6218196491526143,0.6218196491526143,0.6218196491526143,0.719683816472898,0.6218196491526143,0.6218196491526143,0.42648009375998863,0.43997450751527045,0.43192714392631404,0.49587865397688646,0.42674532212221694,0.7162754441699024,0.0,0.5584152520295811,0.44037454134262566,0.5584152520295811,0.5132338085082501,0.5712804392197954,0.5628501304218625,0.44037454134262566,0.559757327161484,0.6381025894612424,0.5436711816907986,0.6728787759334842,0.721163948944707,0.6513857105626738,0.721163948944707,0.721163948944707,0.721163948944707,0.6620528079896026,0.6291182706922109,0.7152522225524149,0.646308433303949,0.646308433303949,0.6955244122965643,0.7342693439322769,0.7342693439322769,0.8327905998561757,0.833192186671624,0.7153400975365478,0.7153400975365478,0.8043223725953205,0.7264804950650164,0.6874580378928062,0.8017420185724937,0.6322173227961744,0.6821097253793696,0.6735217573297905,0.743635449226832,0.7325790720991705,0.725322030311847,0.7483079299997029,0.6951712387991826,0.6598777210950582,0.7443007909106492,0.7118107580445343,0.7372399259367539,0.7390336594095217,0.6951712387991826,0.6377272809618415
Parabacteroides distasonis,0.7557616570819816,0.6871070424498711,0.6871070424498711,0.6871070424498711,0.6871070424498711,0.6871070424498711,0.6871070424498711,0.6871070424498711,0.6871070424498711,0.6871070424498711,0.6871070424498711,0.7398665554628857,0.7398665554628857,0.74671257924299,0.8377177280975718,0.8377177280975718,0.6543946682230234,0.6730830895520179,0.6730830895520179,0.6273347871432635,0.6505895931621022,0.6505895931621022,0.6590043269683002,0.6988455352844163,0.7346833766594034,0.6746310611384398,0.7263000332631112,0.7321788021691653,0.6988504943515168,0.6988504943515168,0.7032424905510244,0.7195129948195589,0.7119996971548783,0.7251685428738337,0.7497682612976215,0.6927064397069356,0.6927064397069356,0.7065508021390374,0.7260707987526029,0.6979319702428297,0.7362511920931711,0.6970308068138966,0.7040228257791911,0.7353181052393454,0.6668522778130497,0.7016569364074938,0.4287577892959059,0.48414455594043493,0.44519387941768307,0.5750349804056119,0.44703626199335433,0.44519387941768307,0.4343010950311553,0.49777147605571603,0.472903924830816,0.4099883138189091,0.5568440855425538,0.4963274911748312,0.4343010950311553,0.5790707286035914,0.5838248773944972,0.552178219953916,0.49777147605571603,0.561836256193174,0.4099883138189091,0.5305696359763414,0.4220295540420207,0.37154054833375505,0.4852040848429173,0.5467755841491231,0.5298736790963197,0.5047841263553994,0.6410637065874902,0.6410637065874902,0.6410637065874902,0.74981312137144,0.6410637065874902,0.6410637065874902,0.6001402937116738,0.6226425754545352,0.6578315431425616,0.6870603271138729,0.6624958637824377,0.756333275438553,0.5584152520295811,0.0,0.48011265987082075,0.0,0.4487871482516588,0.2775812216016236,0.2770239045498467,0.48011265987082075,0.599522284952481,0.49283430911246007,0.47239286831404437,0.754270154723127,0.6618201450523662,0.7211051376036344,0.6618201450523662,0.6618201450523662,0.6618201450523662,0.6685659018654001,0.6948979523755513,0.6967530406063338,0.6325124908726074,0.6325124908726074,0.6893039732699973,0.7496636247459593,0.7496636247459593,0.8471411018651698,0.8536176104761681,0.7733637458024456,0.7733637458024456,0.8228347122819485,0.7496266208051413,0.6896851942941467,0.8285676309797622,0.7375924503900093,0.7378160171342181,0.6967021372963813,0.7246155779468549,0.7087541649989344,0.7958119507521529,0.7105918646543595,0.6871012371652678,0.7746048149827585,0.7254091804255366,0.730381679389313,0.7513022157743433,0.7538516839020074,0.6871012371652678,0.6666931717582948
Parabacteroides goldsteinii,0.6750039909983676,0.6081914972456214,0.6081914972456214,0.6081914972456214,0.6081914972456214,0.6081914972456214,0.6081914972456214,0.6081914972456214,0.6081914972456214,0.6081914972456214,0.6081914972456214,0.7327306092900314,0.7327306092900314,0.7229304176953696,0.836626168108316,0.836626168108316,0.5709509080974319,0.5465794408732696,0.5465794408732696,0.655041729658086,0.6658383716881391,0.6658383716881391,0.7187536994965866,0.6940370095308825,0.6352755554910245,0.6615603636201859,0.6181468113129769,0.7279341671547852,0.7230473457675753,0.7230473457675753,0.6220027461021783,0.7292383212155513,0.7185147990972605,0.7280931908705823,0.7327780120905385,0.6887305591749605,0.6887305591749605,0.6920429191286117,0.6243550998381004,0.5918057663125948,0.6382648625290899,0.7031439331914197,0.6335743563763644,0.7128302758989831,0.6869199006535679,0.5993661533314125,0.5537363830908367,0.5933510638297872,0.5258396192528736,0.418581889580511,0.5498932311968274,0.5258396192528736,0.515221756000722,0.5768446979947315,0.555616727713984,0.532416605123831,0.40740912597370205,0.5691960194180499,0.515221756000722,0.418624135607215,0.4003485117842748,0.3553893905191874,0.5768446979947315,0.3502401748057544,0.532416605123831,0.4203699693401871,0.536914854920395,0.5195658122776612,0.5608095543731892,0.3993730029541207,0.5815547794593197,0.569702442125023,0.6678304088250446,0.6678304088250446,0.6678304088250446,0.7442845206159336,0.6678304088250446,0.6678304088250446,0.5081146147750712,0.5139755351681957,0.5377421427159518,0.558680745190849,0.6113493742185034,0.7527484196586962,0.44037454134262566,0.48011265987082075,0.0,0.48011265987082075,0.24813651464814257,0.47696325906578974,0.46783560001498636,0.0,0.4897317137114393,0.6186124857565933,0.5996536089118026,0.6230801794936923,0.6909743781102136,0.6085496889797638,0.6909743781102136,0.6909743781102136,0.6909743781102136,0.5970525492786396,0.558943276992983,0.6524961041544634,0.6452287731130862,0.6452287731130862,0.7202943795151528,0.7480933737666335,0.7480933737666335,0.834653395120106,0.8501586701256951,0.7062151554691408,0.7062151554691408,0.7958123370981756,0.714021245904703,0.7045021049499252,0.8176190504079135,0.6557337233715276,0.6584065841778176,0.6948208749846067,0.7032578853182399,0.6816664270538809,0.723639580318803,0.697636133622809,0.6654380245300735,0.7056610944372719,0.721342885704765,0.720601859794805,0.7041501271129744,0.7437923124265652,0.6654380245300735,0.6415752741774676
Parabacteroides distasonis_A,0.7557616570819816,0.6871070424498711,0.6871070424498711,0.6871070424498711,0.6871070424498711,0.6871070424498711,0.6871070424498711,0.6871070424498711,0.6871070424498711,0.6871070424498711,0.6871070424498711,0.7398665554628857,0.7398665554628857,0.74671257924299,0.8377177280975718,0.8377177280975718,0.6543946682230234,0.6730830895520179,0.6730830895520179,0.6273347871432635,0.6505895931621022,0.6505895931621022,0.6590043269683002,0.6988455352844163,0.7346833766594034,0.6746310611384398,0.7263000332631112,0.7321788021691653,0.6988504943515168,0.6988504943515168,0.7032424905510244,0.7195129948195589,0.7119996971548783,0.7251685428738337,0.7497682612976215,0.6927064397069356,0.6927064397069356,0.7065508021390374,0.7260707987526029,0.6979319702428297,0.7362511920931711,0.6970308068138966,0.7040228257791911,0.7353181052393454,0.6668522778130497,0.7016569364074938,0.4287577892959059,0.48414455594043493,0.44519387941768307,0.5750349804056119,0.44703626199335433,0.44519387941768307,0.4343010950311553,0.49777147605571603,0.472903924830816,0.4099883138189091,0.5568440855425538,0.4963274911748312,0.4343010950311553,0.5790707286035914,0.5838248773944972,0.552178219953916,0.49777147605571603,0.561836256193174,0.4099883138189091,0.5305696359763414,0.4220295540420207,0.37154054833375505,0.4852040848429173,0.5467755841491231,0.5298736790963197,0.5047841263553994,0.6410637065874902,0.6410637065874902,0.6410637065874902,0.74981312137144,0.6410637065874902,0.6410637065874902,0.6001402937116738,0.6226425754545352,0.6578315431425616,0.6870603271138729,0.6624958637824377,0.756333275438553,0.5584152520295811,0.0,0.48011265987082075,0.0,0.4487871482516588,0.2775812216016236,0.2770239045498467,0.48011265987082075,0.599522284952481,0.49283430911246007,0.47239286831404437,0.754270154723127,0.6618201450523662,0.7211051376036344,0.6618201450523662,0.6618201450523662,0.6618201450523662,0.6685659018654001,0.6948979523755513,0.6967530406063338,0.6325124908726074,0.6325124908726074,0.6893039732699973,0.7496636247459593,0.7496636247459593,0.8471411018651698,0.8536176104761681,0.7733637458024456,0.7733637458024456,0.8228347122819485,0.7496266208051413,0.6896851942941467,0.8285676309797622,0.7375924503900093,0.7378160171342181,0.6967021372963813,0.7246155779468549,0.7087541649989344,0.7958119507521529,0.7105918646543595,0.6871012371652678,0.7746048149827585,0.7254091804255366,0.730381679389313,0.7513022157743433,0.7538516839020074,0.6871012371652678,0.6666931717582948
Parabacteroides gordonii,0.6825053091882958,0.6257951883334245,0.6257951883334245,0.6257951883334245,0.6257951883334245,0.6257951883334245,0.6257951883334245,0.6257951883334245,0.6257951883334245,0.6257951883334245,0.6257951883334245,0.7299826549957646,0.7299826549957646,0.7285511193326825,0.8355005212763916,0.8355005212763916,0.5914251463225442,0.5447264348461853,0.5447264348461853,0.6610569204124928,0.6786063275931118,0.6786063275931118,0.72074866803515,0.6975991254257243,0.6670474317635208,0.6625132315136852,0.6474181679458284,0.735663926513179,0.7280621063424637,0.7280621063424637,0.6451822396823115,0.7312313648702773,0.7235452429043958,0.7310552493614733,0.7320532166238826,0.695092613508019,0.695092613508019,0.7033001422475107,0.6279010933409597,0.6248312953985977,0.6586033894044452,0.6925701929249586,0.6331658055645498,0.7098388862818708,0.696789096066408,0.6348785403627877,0.594664633333511,0.6298330658637064,0.5678391680028505,0.4062689957940626,0.5886575413252153,0.5678391680028505,0.5615655821841389,0.6211220184087978,0.5926963464957895,0.5801200492509748,0.49838209368235475,0.5908178401015077,0.5615655821841389,0.503049084687667,0.5069978713062134,0.4632709531358773,0.6211220184087978,0.4469331394496596,0.5801200492509748,0.5148507817495231,0.5872456186818522,0.5791182295250752,0.5911638720840118,0.48769865036953475,0.612832261821433,0.6070608428030303,0.6692718356198398,0.6692718356198398,0.6692718356198398,0.7427911968552808,0.6692718356198398,0.6692718356198398,0.5712153341309988,0.5793672627235213,0.5736599985200168,0.5937702593806613,0.6411662141920988,0.7520301176954309,0.5132338085082501,0.4487871482516588,0.24813651464814257,0.4487871482516588,0.0,0.4456200610756156,0.4247734003410213,0.24813651464814257,0.3921818656291517,0.5478880070025195,0.5245639381669591,0.651234986767999,0.6821490500368009,0.6598678908734106,0.6821490500368009,0.6821490500368009,0.6821490500368009,0.5969232345308018,0.6270719808279364,0.6480121329692695,0.6784346843633915,0.6784346843633915,0.7164942185989149,0.7420319247512981,0.7420319247512981,0.8362012977159471,0.8500717360114778,0.710782176605613,0.710782176605613,0.8006965462913056,0.6983758560087268,0.7166733263283558,0.8233254276268507,0.6635180796910655,0.6610888468376792,0.7039087310218819,0.7039662255768404,0.6974299945135923,0.7359662535623553,0.7060023146327488,0.6728034218499377,0.7223559186071473,0.7308252509399664,0.7164201922794226,0.7071416367674697,0.7476722585807779,0.6728034218499377,0.6492331415039789
Parabacteroides merdae,0.7727851286149838,0.6783398811712567,0.6783398811712567,0.6783398811712567,0.6783398811712567,0.6783398811712567,0.6783398811712567,0.6783398811712567,0.6783398811712567,0.6783398811712567,0.6783398811712567,0.6909609046927623,0.6909609046927623,0.7017389299165715,0.7987110633727175,0.7987110633727175,0.6559738706949345,0.6881587856615901,0.6881587856615901,0.6262863204400555,0.6170051393511287,0.6170051393511287,0.6311804204031315,0.6695775107389483,0.7396578982544606,0.6298574063527064,0.7252590518582334,0.6954002217498637,0.6481462761252496,0.6481462761252496,0.6917128106915358,0.6947677454541235,0.6889410955764382,0.7209091558231122,0.7047555525080569,0.6459777488699205,0.6459777488699205,0.6624317151256204,0.7159780892171221,0.6966389609130783,0.7368702198614134,0.6975503798389664,0.700486163726233,0.6772489529529008,0.6451426971658185,0.7221235617263211,0.40343789655658613,0.440424652744668,0.38142038216560514,0.5438837564518235,0.3847005064246938,0.38142038216560514,0.31600589701381043,0.44286812451955226,0.4189512384393247,0.4159068674273343,0.5229277826205243,0.4394111590966827,0.31600589701381043,0.5581348763471323,0.5635262954643112,0.5489023183528347,0.44286812451955226,0.5488856857744762,0.4159068674273343,0.4976427888352637,0.40399469897765994,0.4125739188258485,0.45267057651283626,0.5545517446995224,0.4637337681628234,0.4298348219417042,0.5853624236579877,0.5853624236579877,0.5853624236579877,0.7134769131460923,0.5853624236579877,0.5853624236579877,0.6128210954386824,0.6179007505320937,0.6731927710843373,0.6941182509310535,0.6693672032894278,0.7585445381207861,0.5712804392197954,0.2775812216016236,0.47696325906578974,0.2775812216016236,0.4456200610756156,0.0,0.07322149606626982,0.47696325906578974,0.5933238144232486,0.536852715892149,0.48837763201091744,0.7418210000267245,0.6600249185355569,0.7251133196681561,0.6600249185355569,0.6600249185355569,0.6600249185355569,0.6746140094262961,0.6894800242982507,0.6887448209428211,0.6081979995370427,0.6081979995370427,0.6610855847577038,0.7147923274429844,0.7147923274429844,0.8190009266912115,0.8309873315905891,0.7750333643385773,0.7750333643385773,0.799867561628992,0.7335287958115183,0.6711560335022231,0.7946974041842256,0.7038078917019648,0.7232287401857592,0.666182791430872,0.6966611832084324,0.6860444024251485,0.7848269536646814,0.7256395443404322,0.634526576785991,0.7606876548834831,0.718432234008729,0.6887793344261696,0.7083484772437506,0.7426853264096682,0.634526576785991,0.646532450982584
Parabacteroides johnsonii,0.7656519727579808,0.6805774761079427,0.6805774761079427,0.6805774761079427,0.6805774761079427,0.6805774761079427,0.6805774761079427,0.6805774761079427,0.6805774761079427,0.6805774761079427,0.6805774761079427,0.690076972844851,0.690076972844851,0.6999994062216099,0.7984582314135349,0.7984582314135349,0.6489361181165985,0.6818644516378591,0.6818644516378591,0.6240425637055461,0.6189520927544117,0.6189520927544117,0.6319889606723954,0.6667322253908938,0.7453329592648634,0.6240755741171273,0.7284578057254429,0.70094704385278,0.6448227671198069,0.6448227671198069,0.6934075324621188,0.6850105221198994,0.694541231126597,0.7250988142292489,0.7094396750439214,0.6447687694132938,0.6447687694132938,0.6541269860332176,0.7125320255890351,0.6971796789262579,0.7353443740134793,0.6916027036315728,0.703152415619094,0.6745669054197383,0.6444559465665247,0.7213918811309362,0.4252229098601623,0.45474007274931794,0.38312081799799713,0.5326277749096542,0.3902943433528868,0.38312081799799713,0.3181959585128704,0.45749256732852095,0.4265169737318093,0.43111146868337424,0.5130569733369937,0.4355965916727146,0.3181959585128704,0.5451013767788702,0.5600275461014614,0.5416934184886065,0.45749256732852095,0.5347324710305548,0.43111146868337424,0.5014481894835723,0.4038052694186429,0.4112822528768494,0.4434828360776272,0.54273125248735,0.45795292960703793,0.4248774084729279,0.5700638888700293,0.5700638888700293,0.5700638888700293,0.7125284399705643,0.5700638888700293,0.5700638888700293,0.6031764705882353,0.6085952518405218,0.6656130515352678,0.6941816975672244,0.6628529626920263,0.7617456644393021,0.5628501304218625,0.2770239045498467,0.46783560001498636,0.2770239045498467,0.4247734003410213,0.07322149606626982,0.0,0.46783560001498636,0.5929440619802522,0.5372095837366893,0.48164884823101506,0.7372658914144945,0.6512046582480684,0.7133692391155151,0.6512046582480684,0.6512046582480684,0.6512046582480684,0.6609403522620751,0.6778388951701846,0.6796070694388874,0.6041010623307561,0.6041010623307561,0.6643232343044174,0.719751797236692,0.719751797236692,0.8195559072127401,0.8325136491583807,0.7689345510668751,0.7689345510668751,0.7939700322253713,0.7270319833025686,0.6834932811641532,0.794893441392766,0.7072384729796728,0.7317141630617838,0.672142097040777,0.6852318750346749,0.6767056681690016,0.7830607306335462,0.7237480989128597,0.637045632236687,0.7618506827886056,0.7104229986174229,0.6964320435543457,0.7021300096501528,0.7446002273588481,0.637045632236687,0.6595460095460095
Parabacteroides timonensis,0.6750039909983676,0.6081914972456214,0.6081914972456214,0.6081914972456214,0.6081914972456214,0.6081914972456214,0.6081914972456214,0.6081914972456214,0.6081914972456214,0.6081914972456214,0.6081914972456214,0.7327306092900314,0.7327306092900314,0.7229304176953696,0.836626168108316,0.836626168108316,0.5709509080974319,0.5465794408732696,0.5465794408732696,0.655041729658086,0.6658383716881391,0.6658383716881391,0.7187536994965866,0.6940370095308825,0.6352755554910245,0.6615603636201859,0.6181468113129769,0.7279341671547852,0.7230473457675753,0.7230473457675753,0.6220027461021783,0.7292383212155513,0.7185147990972605,0.7280931908705823,0.7327780120905385,0.6887305591749605,0.6887305591749605,0.6920429191286117,0.6243550998381004,0.5918057663125948,0.6382648625290899,0.7031439331914197,0.6335743563763644,0.7128302758989831,0.6869199006535679,0.5993661533314125,0.5537363830908367,0.5933510638297872,0.5258396192528736,0.418581889580511,0.5498932311968274,0.5258396192528736,0.515221756000722,0.5768446979947315,0.555616727713984,0.532416605123831,0.40740912597370205,0.5691960194180499,0.515221756000722,0.418624135607215,0.4003485117842748,0.3553893905191874,0.5768446979947315,0.3502401748057544,0.532416605123831,0.4203699693401871,0.536914854920395,0.5195658122776612,0.5608095543731892,0.3993730029541207,0.5815547794593197,0.569702442125023,0.6678304088250446,0.6678304088250446,0.6678304088250446,0.7442845206159336,0.6678304088250446,0.6678304088250446,0.5081146147750712,0.5139755351681957,0.5377421427159518,0.558680745190849,0.6113493742185034,0.7527484196586962,0.44037454134262566,0.48011265987082075,0.0,0.48011265987082075,0.24813651464814257,0.47696325906578974,0.46783560001498636,0.0,0.4897317137114393,0.6186124857565933,0.5996536089118026,0.6230801794936923,0.6909743781102136,0.6085496889797638,0.6909743781102136,0.6909743781102136,0.6909743781102136,0.5970525492786396,0.558943276992983,0.6524961041544634,0.6452287731130862,0.6452287731130862,0.7202943795151528,0.7480933737666335,0.7480933737666335,0.834653395120106,0.8501586701256951,0.7062151554691408,0.7062151554691408,0.7958123370981756,0.714021245904703,0.7045021049499252,0.8176190504079135,0.6557337233715276,0.6584065841778176,0.6948208749846067,0.7032578853182399,0.6816664270538809,0.723639580318803,0.697636133622809,0.6654380245300735,0.7056610944372719,0.721342885704765,0.720601859794805,0.7041501271129744,0.7437923124265652,0.6654380245300735,0.6415752741774676
Butyricimonas virosa,0.6727747525028118,0.6678951263775815,0.6678951263775815,0.6678951263775815,0.6678951263775815,0.6678951263775815,0.6678951263775815,0.6678951263775815,0.6678951263775815,0.6678951263775815,0.6678951263775815,0.75037147102526,0.75037147102526,0.724207752921373,0.8685551266991106,0.8685551266991106,0.6303983120625771,0.6015890204967933,0.6015890204967933,0.7068323981851862,0.721697082286089,0.721697082286089,0.7527074191366192,0.7506945296128231,0.7053832449086059,0.6896560695145428,0.6898897454009398,0.7577493116832946,0.7613986201190056,0.7613986201190056,0.6595827516588152,0.7284745843061498,0.7395898252660249,0.7145061015068873,0.7278468776180963,0.7189306954012836,0.7189306954012836,0.7041778486980489,0.586642469543968,0.6567013737348546,0.6522987707672567,0.6836329267852198,0.6388285855700011,0.7527121847651598,0.7211990415456428,0.6963717083706378,0.6935925434425972,0.7296312317508381,0.6930456278453726,0.555419218101439,0.6876428185059666,0.6930456278453726,0.6726910248470823,0.7215820866753049,0.6953906827705201,0.6833745111180018,0.6230960639420902,0.7013385501272176,0.6726910248470823,0.6207802293179845,0.6195494858262147,0.6032924901628869,0.7215820866753049,0.6203669654275317,0.6833745111180018,0.6306641639890136,0.7103642648231854,0.6780320177785094,0.6994191418365006,0.6058690489652833,0.7018527277080012,0.6790165359628908,0.7318690060547134,0.7318690060547134,0.7318690060547134,0.7308625696129729,0.7318690060547134,0.7318690060547134,0.6363380484124037,0.6489835792723742,0.62929933098791,0.6147972116603295,0.6520822805871551,0.7450094083501712,0.559757327161484,0.599522284952481,0.4897317137114393,0.599522284952481,0.3921818656291517,0.5933238144232486,0.5929440619802522,0.4897317137114393,0.0,0.5413973897955591,0.5752347216667619,0.6919580053714061,0.7211130217289354,0.7058545941154065,0.7211130217289354,0.7211130217289354,0.7211130217289354,0.6504004292982468,0.6775685297258811,0.6880527505989298,0.6965922809366147,0.6965922809366147,0.7556549184639664,0.7458348828560804,0.7458348828560804,0.8537655154672326,0.8224468862504274,0.743391360412637,0.743391360412637,0.8266336338573876,0.7109682212345173,0.7301036458842853,0.8380741897993789,0.6943840877759309,0.7111144854491407,0.727815405159195,0.7416768162624345,0.708597601956388,0.7033435442872971,0.7273730425187237,0.6719771215984511,0.7271535625359127,0.7541419525252644,0.7436317455643083,0.7194395628782381,0.7689175513919079,0.6719771215984511,0.6256278278195176
Odoribacter splanchnicus,0.7848773468548719,0.7532048418208863,0.7532048418208863,0.7532048418208863,0.7532048418208863,0.7532048418208863,0.7532048418208863,0.7532048418208863,0.7532048418208863,0.7532048418208863,0.7532048418208863,0.773863943738166,0.773863943738166,0.7618993034718523,0.8077542001917706,0.8077542001917706,0.7130912961843576,0.7258952069543025,0.7258952069543025,0.7020005305807447,0.7074023992358174,0.7074023992358174,0.7249733183590616,0.7115519944690676,0.7460173299609785,0.7265308419630797,0.7153674584587933,0.7555361837942719,0.7362794164625706,0.7362794164625706,0.7541103059814133,0.7795885687720341,0.7590471532997014,0.7590166310601907,0.7796676372416732,0.7267801960238199,0.7267801960238199,0.738620118374818,0.7531288518062008,0.7484649723614446,0.7595762067763485,0.7155134567030745,0.7488366324353822,0.7699475229816957,0.7424047235641438,0.7633311832718801,0.5142660480631134,0.5840372221358094,0.5374544138152955,0.5504444210692403,0.5023114655750432,0.5374544138152955,0.5312745460038266,0.5960753325431318,0.5161877909370703,0.5174829100344294,0.5992048754649896,0.563773617838286,0.5312745460038266,0.588011088011088,0.6038137667678449,0.5648805971107131,0.5960753325431318,0.567922218769225,0.5174829100344294,0.6082028399507136,0.5050852362774416,0.4964362521197315,0.5204820918911962,0.5494243669349016,0.5267827727694749,0.5196473285666878,0.6067068324166216,0.6067068324166216,0.6067068324166216,0.68081945222692,0.6067068324166216,0.6067068324166216,0.5933054975643702,0.6004118302469571,0.5763915632313298,0.613561269932481,0.6281824573364296,0.6296240694460389,0.6381025894612424,0.49283430911246007,0.6186124857565933,0.49283430911246007,0.5478880070025195,0.536852715892149,0.5372095837366893,0.6186124857565933,0.5413973897955591,0.0,0.5115781280404748,0.7667445771808761,0.7233016173170781,0.7654868323601853,0.7233016173170781,0.7233016173170781,0.7233016173170781,0.7228794405171644,0.7458813121791339,0.7534693119877597,0.6392652432344563,0.6392652432344563,0.7428553724982616,0.7731651121474572,0.7731651121474572,0.8621928405864071,0.8629872343649381,0.7448545153756325,0.7448545153756325,0.7656794096097048,0.7562855686740848,0.7550794008334272,0.850852407549374,0.7682247605055426,0.767678617666934,0.7397658784617038,0.6754614468591843,0.6666754201680672,0.7434975758585953,0.6842575967088381,0.7210465697158082,0.7269795260160444,0.7147532816208474,0.748958151547939,0.7667154453405429,0.7132748675943993,0.7210465697158082,0.6768584170169079
Barnesiella intestinihominis,0.769145879939784,0.7275105008256586,0.7275105008256586,0.7275105008256586,0.7275105008256586,0.7275105008256586,0.7275105008256586,0.7275105008256586,0.7275105008256586,0.7275105008256586,0.7275105008256586,0.7314417972999613,0.7314417972999613,0.7450294065229015,0.8065781240360633,0.8065781240360633,0.7033190864164551,0.6949673569715966,0.6949673569715966,0.6775479278487702,0.673387416431044,0.673387416431044,0.6617834638151614,0.7376335178421257,0.7685002169406547,0.684741359090171,0.7638054339564019,0.7102122217824194,0.6791285950105788,0.6791285950105788,0.7162400024704321,0.7168519618659651,0.729672469471851,0.6986494381250214,0.7131732539464922,0.6972606029781583,0.6972606029781583,0.7121774101864484,0.7345415977789562,0.699280965791053,0.7265814012862752,0.7185710634829636,0.7548661305100275,0.7375234417655112,0.6988222492479037,0.7580011257615079,0.562708315387011,0.5765345710537082,0.5698967083862467,0.6198628361034044,0.5479975021997672,0.5698967083862467,0.5657609692162469,0.5881682481701707,0.5364403392056649,0.5705615604422909,0.6107392607392608,0.5400830258302582,0.5657609692162469,0.6085066604346809,0.6215667281192387,0.6112061096182775,0.5881682481701707,0.6153426395939086,0.5705615604422909,0.6006738318279864,0.5856615958280418,0.5613109317153435,0.5161573156186068,0.6178251549436244,0.5260004363273703,0.5144969179780676,0.574276363327241,0.574276363327241,0.574276363327241,0.639465738797452,0.574276363327241,0.574276363327241,0.5778005189868791,0.5890787606433302,0.5976699854943686,0.6118467837920787,0.5766841524019879,0.6657808149835485,0.5436711816907986,0.47239286831404437,0.5996536089118026,0.47239286831404437,0.5245639381669591,0.48837763201091744,0.48164884823101506,0.5996536089118026,0.5752347216667619,0.5115781280404748,0.0,0.7006379347708311,0.7143135645392982,0.7600692787586377,0.7143135645392982,0.7143135645392982,0.7143135645392982,0.729050133123035,0.73928969343762,0.7687922536007417,0.6246644407593864,0.6246644407593864,0.6896094756071995,0.7013377746736151,0.7013377746736151,0.8051767302434365,0.7990426186402825,0.7674355158730158,0.7674355158730158,0.8128233062371916,0.6814549332998722,0.6767549677083462,0.7934200459066565,0.7088795092281879,0.7170346959995622,0.6509258021155159,0.7385281705782187,0.7109250346146239,0.766254929682268,0.7397285651553409,0.6909945937939717,0.746603175489799,0.7335295288464272,0.7077636571703909,0.6987785785915778,0.7327194697158983,0.6909945937939717,0.6443786214945297
Parasutterella excrementihominis,0.7099388810531264,0.6912060672905272,0.6912060672905272,0.6912060672905272,0.6912060672905272,0.6912060672905272,0.6912060672905272,0.6912060672905272,0.6912060672905272,0.6912060672905272,0.6912060672905272,0.7719814863084629,0.7719814863084629,0.7340133470005089,0.8272837813365068,0.8272837813365068,0.676389085654379,0.658474817649317,0.658474817649317,0.715843861174309,0.7309534312180982,0.7309534312180982,0.762929912099822,0.7817088122142568,0.7165648544651657,0.7025893184696039,0.7227196834545537,0.7270705739656489,0.7797100001427164,0.7797100001427164,0.6979529113386348,0.7749793031035248,0.7877884602841227,0.7128294802193259,0.7416212419647901,0.7257347927013232,0.7257347927013232,0.7061753696824786,0.6548668469814902,0.6440893571827166,0.6445772248606236,0.7336291195144026,0.7123486225041751,0.7441391697189782,0.7345053635280095,0.7094528647783315,0.7716937014277969,0.7817648793936877,0.7629904746282996,0.7155225838282101,0.7686773159871825,0.7629904746282996,0.7658358053255162,0.795188818707163,0.7578027767372733,0.7607029080105941,0.7081330569036008,0.7801380741347952,0.7658358053255162,0.7046966137520223,0.7005576350164235,0.7141924339469201,0.795188818707163,0.6949766187908575,0.7607029080105941,0.712363781594112,0.7964089363824506,0.7747402444950396,0.7670472762964174,0.7243767808390658,0.7515905128458173,0.7673832487805513,0.7721223441512959,0.7721223441512959,0.7721223441512959,0.793592975038621,0.7721223441512959,0.7721223441512959,0.717562318859629,0.7121130588029543,0.6780432796619846,0.6657365831265153,0.7199114344456745,0.79761267182758,0.6728787759334842,0.754270154723127,0.6230801794936923,0.754270154723127,0.651234986767999,0.7418210000267245,0.7372658914144945,0.6230801794936923,0.6919580053714061,0.7667445771808761,0.7006379347708311,0.0,0.7433467627532202,0.6546129841288075,0.7433467627532202,0.7433467627532202,0.7433467627532202,0.6850193030708284,0.6596279875494877,0.7461726407772572,0.716212382277027,0.716212382277027,0.7420461790854449,0.7451254305438526,0.7451254305438526,0.8325505346007727,0.8257044132010276,0.7215613597450318,0.7215613597450318,0.811906534388721,0.6769715791454922,0.7145070439450897,0.8015364508622613,0.6847805826276828,0.6604241138185909,0.6917319325272347,0.7145768013293333,0.702991057254736,0.7115719695503016,0.7136883111443113,0.7184690544329777,0.6737049093399714,0.7750325543143033,0.729842754307293,0.5097396446779946,0.7338958121428101,0.7184690544329777,0.6526247438160752
Escherichia coli,0.7849034373558418,0.7420927012352877,0.7420927012352877,0.7420927012352877,0.7420927012352877,0.7420927012352877,0.7420927012352877,0.7420927012352877,0.7420927012352877,0.7420927012352877,0.7420927012352877,0.7793374776462574,0.7793374776462574,0.7772699842011405,0.8798847778683906,0.8798847778683906,0.7225935317706724,0.7489689192775411,0.7489689192775411,0.7377220077220077,0.7296012709755462,0.7296012709755462,0.7891527545488503,0.7297456600194937,0.74089734126731,0.6904321228179551,0.7431833395543683,0.783905392919582,0.7988098017125593,0.7988098017125593,0.7866788264754073,0.777584456526095,0.7705978349381293,0.7629206681067991,0.7966680463576159,0.7680510627501644,0.7680510627501644,0.7702153978540888,0.7866269565380786,0.7390919267341591,0.7709747738251538,0.76772979991344,0.7271945509484541,0.812439398906161,0.7226355011542173,0.7309866445196326,0.7036106689568999,0.7164737340353091,0.7146379064729951,0.7525567120949193,0.7197227850432861,0.7146379064729951,0.7162854205383176,0.7195207985378514,0.7115477458054191,0.6816413203804486,0.7426161510403637,0.7339332618918033,0.7162854205383176,0.7386667436926918,0.7245160071772594,0.7377612133088437,0.7195207985378514,0.7338165450779353,0.6816413203804486,0.7317834160292939,0.7218662713178545,0.7026620124064198,0.7429259929259929,0.7492073268453023,0.7301406115703041,0.7500058596823718,0.7822750947869755,0.7822750947869755,0.7822750947869755,0.8544844911419799,0.7822750947869755,0.7822750947869755,0.7655471705484402,0.7720809925246725,0.7840304007218195,0.7803829028505136,0.8005961348431097,0.8525753718945467,0.721163948944707,0.6618201450523662,0.6909743781102136,0.6618201450523662,0.6821490500368009,0.6600249185355569,0.6512046582480684,0.6909743781102136,0.7211130217289354,0.7233016173170781,0.7143135645392982,0.7433467627532202,0.0,0.4153900793181011,0.0,0.0,0.0,0.3742564989691699,0.48056913899857334,0.362816160826941,0.7491953252713557,0.7491953252713557,0.7683303138131916,0.7818106698342199,0.7818106698342199,0.8614653585697957,0.8611629461488114,0.7924301885366207,0.7924301885366207,0.8228193442645625,0.7955515491726591,0.7098501174754922,0.8407398677223,0.7727784352568885,0.7821127037109759,0.742339879416601,0.7951929897201114,0.7246542619221763,0.8433474057374479,0.7757700259944023,0.7796404111902092,0.8124757441451667,0.7737625234921107,0.7766583222589651,0.7287299630086312,0.8041168747655538,0.7796404111902092,0.7220477114636895
Escherichia fergusonii,0.7328923460684619,0.7124711316397229,0.7124711316397229,0.7124711316397229,0.7124711316397229,0.7124711316397229,0.7124711316397229,0.7124711316397229,0.7124711316397229,0.7124711316397229,0.7124711316397229,0.7945319452181652,0.7945319452181652,0.7833452385700662,0.8825836225580092,0.8825836225580092,0.6978272625631601,0.6942895483368561,0.6942895483368561,0.751832980390424,0.7491155895780173,0.7491155895780173,0.8013157753369122,0.7624536323737823,0.6965425594231909,0.713259660989269,0.6868484596598852,0.7957980824495444,0.8176406926406926,0.8176406926406926,0.7277874745459835,0.7938178614767931,0.78804762390194,0.7658400936837748,0.8032130592449385,0.7857775832059397,0.7857775832059397,0.7723530662170293,0.7251805800375057,0.6857359438916623,0.7060865662116149,0.7732079362821789,0.6927501164535996,0.8177270352295087,0.7398633510599497,0.6712190746109543,0.7333766303689446,0.7500761098195505,0.7361788881641629,0.7067345925316275,0.7401485715471994,0.7361788881641629,0.7384589729889771,0.756675123014319,0.7358177795348773,0.7215002953337271,0.6745073682238192,0.7581479822859133,0.7384589729889771,0.6785012554194969,0.6545468061907931,0.674816945145297,0.756675123014319,0.6654995884017623,0.7215002953337271,0.6815872645875183,0.7429517827993852,0.7199775608062082,0.7657430372460257,0.6913502265174565,0.75300681293922,0.7713376335586952,0.7969410077761642,0.7969410077761642,0.7969410077761642,0.8534020864737399,0.7969410077761642,0.7969410077761642,0.7190844168529814,0.7308950245026132,0.7290400254082681,0.7340081551160325,0.7645734211157532,0.8505064342982909,0.6513857105626738,0.7211051376036344,0.6085496889797638,0.7211051376036344,0.6598678908734106,0.7251133196681561,0.7133692391155151,0.6085496889797638,0.7058545941154065,0.7654868323601853,0.7600692787586377,0.6546129841288075,0.4153900793181011,0.0,0.4153900793181011,0.4153900793181011,0.4153900793181011,0.2401274227801823,0.2772244677611362,0.37643329304789785,0.7631868092409999,0.7631868092409999,0.785246621952858,0.7983541953031322,0.7983541953031322,0.8687772049975487,0.8672895303392869,0.7411830427725193,0.7411830427725193,0.8365488563954411,0.7979821327022912,0.7431885112777901,0.8527013894555678,0.7290122466442055,0.7271066771809496,0.771171644010567,0.7961287638538652,0.7408877303115746,0.8104828978257531,0.7753074435966797,0.7768845756521991,0.7657578283995878,0.8018260335754561,0.7897895263886909,0.7414410511074326,0.8117937208494859,0.7768845756521991,0.7201558144521478
Escherichia ruysiae,0.7849034373558418,0.7420927012352877,0.7420927012352877,0.7420927012352877,0.7420927012352877,0.7420927012352877,0.7420927012352877,0.7420927012352877,0.7420927012352877,0.7420927012352877,0.7420927012352877,0.7793374776462574,0.7793374776462574,0.7772699842011405,0.8798847778683906,0.8798847778683906,0.7225935317706724,0.7489689192775411,0.7489689192775411,0.7377220077220077,0.7296012709755462,0.7296012709755462,0.7891527545488503,0.7297456600194937,0.74089734126731,0.6904321228179551,0.7431833395543683,0.783905392919582,0.7988098017125593,0.7988098017125593,0.7866788264754073,0.777584456526095,0.7705978349381293,0.7629206681067991,0.7966680463576159,0.7680510627501644,0.7680510627501644,0.7702153978540888,0.7866269565380786,0.7390919267341591,0.7709747738251538,0.76772979991344,0.7271945509484541,0.812439398906161,0.7226355011542173,0.7309866445196326,0.7036106689568999,0.7164737340353091,0.7146379064729951,0.7525567120949193,0.7197227850432861,0.7146379064729951,0.7162854205383176,0.7195207985378514,0.7115477458054191,0.6816413203804486,0.7426161510403637,0.7339332618918033,0.7162854205383176,0.7386667436926918,0.7245160071772594,0.7377612133088437,0.7195207985378514,0.7338165450779353,0.6816413203804486,0.7317834160292939,0.7218662713178545,0.7026620124064198,0.7429259929259929,0.7492073268453023,0.7301406115703041,0.7500058596823718,0.7822750947869755,0.7822750947869755,0.7822750947869755,0.8544844911419799,0.7822750947869755,0.7822750947869755,0.7655471705484402,0.7720809925246725,0.7840304007218195,0.7803829028505136,0.8005961348431097,0.8525753718945467,0.721163948944707,0.6618201450523662,0.6909743781102136,0.6618201450523662,0.6821490500368009,0.6600249185355569,0.6512046582480684,0.6909743781102136,0.7211130217289354,0.7233016173170781,0.7143135645392982,0.7433467627532202,0.0,0.4153900793181011,0.0,0.0,0.0,0.3742564989691699,0.48056913899857334,0.362816160826941,0.7491953252713557,0.7491953252713557,0.7683303138131916,0.7818106698342199,0.7818106698342199,0.8614653585697957,0.8611629461488114,0.7924301885366207,0.7924301885366207,0.8228193442645625,0.7955515491726591,0.7098501174754922,0.8407398677223,0.7727784352568885,0.7821127037109759,0.742339879416601,0.7951929897201114,0.7246542619221763,0.8433474057374479,0.7757700259944023,0.7796404111902092,0.8124757441451667,0.7737625234921107,0.7766583222589651,0.7287299630086312,0.8041168747655538,0.7796404111902092,0.7220477114636895
Escherichia sp005843885,0.7849034373558418,0.7420927012352877,0.7420927012352877,0.7420927012352877,0.7420927012352877,0.7420927012352877,0.7420927012352877,0.7420927012352877,0.7420927012352877,0.7420927012352877,0.7420927012352877,0.7793374776462574,0.7793374776462574,0.7772699842011405,0.8798847778683906,0.8798847778683906,0.7225935317706724,0.7489689192775411,0.7489689192775411,0.7377220077220077,0.7296012709755462,0.7296012709755462,0.7891527545488503,0.7297456600194937,0.74089734126731,0.6904321228179551,0.7431833395543683,0.783905392919582,0.7988098017125593,0.7988098017125593,0.7866788264754073,0.777584456526095,0.7705978349381293,0.7629206681067991,0.7966680463576159,0.7680510627501644,0.7680510627501644,0.7702153978540888,0.7866269565380786,0.7390919267341591,0.7709747738251538,0.76772979991344,0.7271945509484541,0.812439398906161,0.7226355011542173,0.7309866445196326,0.7036106689568999,0.7164737340353091,0.7146379064729951,0.7525567120949193,0.7197227850432861,0.7146379064729951,0.7162854205383176,0.7195207985378514,0.7115477458054191,0.6816413203804486,0.7426161510403637,0.7339332618918033,0.7162854205383176,0.7386667436926918,0.7245160071772594,0.7377612133088437,0.7195207985378514,0.7338165450779353,0.6816413203804486,0.7317834160292939,0.7218662713178545,0.7026620124064198,0.7429259929259929,0.7492073268453023,0.7301406115703041,0.7500058596823718,0.7822750947869755,0.7822750947869755,0.7822750947869755,0.8544844911419799,0.7822750947869755,0.7822750947869755,0.7655471705484402,0.7720809925246725,0.7840304007218195,0.7803829028505136,0.8005961348431097,0.8525753718945467,0.721163948944707,0.6618201450523662,0.6909743781102136,0.6618201450523662,0.6821490500368009,0.6600249185355569,0.6512046582480684,0.6909743781102136,0.7211130217289354,0.7233016173170781,0.7143135645392982,0.7433467627532202,0.0,0.4153900793181011,0.0,0.0,0.0,0.3742564989691699,0.48056913899857334,0.362816160826941,0.7491953252713557,0.7491953252713557,0.7683303138131916,0.7818106698342199,0.7818106698342199,0.8614653585697957,0.8611629461488114,0.7924301885366207,0.7924301885366207,0.8228193442645625,0.7955515491726591,0.7098501174754922,0.8407398677223,0.7727784352568885,0.7821127037109759,0.742339879416601,0.7951929897201114,0.7246542619221763,0.8433474057374479,0.7757700259944023,0.7796404111902092,0.8124757441451667,0.7737625234921107,0.7766583222589651,0.7287299630086312,0.8041168747655538,0.7796404111902092,0.7220477114636895
Escherichia coli_E,0.7849034373558418,0.7420927012352877,0.7420927012352877,0.7420927012352877,0.7420927012352877,0.7420927012352877,0.7420927012352877,0.7420927012352877,0.7420927012352877,0.7420927012352877,0.7420927012352877,0.7793374776462574,0.7793374776462574,0.7772699842011405,0.8798847778683906,0.8798847778683906,0.7225935317706724,0.7489689192775411,0.7489689192775411,0.7377220077220077,0.7296012709755462,0.7296012709755462,0.7891527545488503,0.7297456600194937,0.74089734126731,0.6904321228179551,0.7431833395543683,0.783905392919582,0.7988098017125593,0.7988098017125593,0.7866788264754073,0.777584456526095,0.7705978349381293,0.7629206681067991,0.7966680463576159,0.7680510627501644,0.7680510627501644,0.7702153978540888,0.7866269565380786,0.7390919267341591,0.7709747738251538,0.76772979991344,0.7271945509484541,0.812439398906161,0.7226355011542173,0.7309866445196326,0.7036106689568999,0.7164737340353091,0.7146379064729951,0.7525567120949193,0.7197227850432861,0.7146379064729951,0.7162854205383176,0.7195207985378514,0.7115477458054191,0.6816413203804486,0.7426161510403637,0.7339332618918033,0.7162854205383176,0.7386667436926918,0.7245160071772594,0.7377612133088437,0.7195207985378514,0.7338165450779353,0.6816413203804486,0.7317834160292939,0.7218662713178545,0.7026620124064198,0.7429259929259929,0.7492073268453023,0.7301406115703041,0.7500058596823718,0.7822750947869755,0.7822750947869755,0.7822750947869755,0.8544844911419799,0.7822750947869755,0.7822750947869755,0.7655471705484402,0.7720809925246725,0.7840304007218195,0.7803829028505136,0.8005961348431097,0.8525753718945467,0.721163948944707,0.6618201450523662,0.6909743781102136,0.6618201450523662,0.6821490500368009,0.6600249185355569,0.6512046582480684,0.6909743781102136,0.7211130217289354,0.7233016173170781,0.7143135645392982,0.7433467627532202,0.0,0.4153900793181011,0.0,0.0,0.0,0.3742564989691699,0.48056913899857334,0.362816160826941,0.7491953252713557,0.7491953252713557,0.7683303138131916,0.7818106698342199,0.7818106698342199,0.8614653585697957,0.8611629461488114,0.7924301885366207,0.7924301885366207,0.8228193442645625,0.7955515491726591,0.7098501174754922,0.8407398677223,0.7727784352568885,0.7821127037109759,0.742339879416601,0.7951929897201114,0.7246542619221763,0.8433474057374479,0.7757700259944023,0.7796404111902092,0.8124757441451667,0.7737625234921107,0.7766583222589651,0.7287299630086312,0.8041168747655538,0.7796404111902092,0.7220477114636895
Escherichia albertii,0.7497007769879319,0.7061404213605027,0.7061404213605027,0.7061404213605027,0.7061404213605027,0.7061404213605027,0.7061404213605027,0.7061404213605027,0.7061404213605027,0.7061404213605027,0.7061404213605027,0.7952194114969052,0.7952194114969052,0.7811377956606173,0.8847426729890733,0.8847426729890733,0.7012289351681507,0.6967977300364816,0.6967977300364816,0.7497593998298555,0.7482466658181891,0.7482466658181891,0.8023221811301282,0.7585720543726437,0.7108899484783513,0.7168045033945845,0.6905274791453653,0.8051379233324958,0.815705061876578,0.815705061876578,0.733948644973385,0.792620683075749,0.7840558063749619,0.7709153952372713,0.8006985545185522,0.7931156764935341,0.7931156764935341,0.7724950611721485,0.7307362319623845,0.6995324783869199,0.7185548079242956,0.7780080794995483,0.6820197658526115,0.8159313655659706,0.7378443391004157,0.6780620358891518,0.7290903933989052,0.7435691102706472,0.7266219536489806,0.6909273502678605,0.7375916167344319,0.7266219536489806,0.7263464337700145,0.741820441915499,0.7326492975220467,0.7086231700635371,0.6766849608459942,0.7518275293866725,0.7263464337700145,0.6821562366081919,0.6523914547359914,0.6673005235315078,0.741820441915499,0.6635768829970787,0.7086231700635371,0.6813885769372199,0.7353639737745699,0.7091079457830933,0.7620116255927748,0.6911485717383056,0.7497220515016125,0.7674826009011404,0.7954895034422769,0.7954895034422769,0.7954895034422769,0.8551704936874681,0.7954895034422769,0.7954895034422769,0.7280414233747174,0.7388914115767107,0.7312820658383066,0.7490802342871903,0.7745865077981604,0.8495806130909013,0.6620528079896026,0.6685659018654001,0.5970525492786396,0.6685659018654001,0.5969232345308018,0.6746140094262961,0.6609403522620751,0.5970525492786396,0.6504004292982468,0.7228794405171644,0.729050133123035,0.6850193030708284,0.3742564989691699,0.2401274227801823,0.3742564989691699,0.3742564989691699,0.3742564989691699,0.0,0.30656332289958765,0.36365543055047644,0.7618751081127833,0.7618751081127833,0.7815852872790431,0.7981417079425299,0.7981417079425299,0.865516060446068,0.8712798657405916,0.7389035714164549,0.7389035714164549,0.8320093507748496,0.7946137942002862,0.7412899022801303,0.8528328712589749,0.7287519931819432,0.7284008974051446,0.768115599281052,0.7981993082879426,0.7570363973106,0.8171402431146046,0.7837614766510689,0.7782001649173317,0.7850312323327037,0.7998037794672647,0.7877277173033487,0.748352582725147,0.8183196077693421,0.7782001649173317,0.727085859935456
Hafnia alvei,0.7046363850317722,0.6849975038315312,0.6849975038315312,0.6849975038315312,0.6849975038315312,0.6849975038315312,0.6849975038315312,0.6849975038315312,0.6849975038315312,0.6849975038315312,0.6849975038315312,0.7696854168744198,0.7696854168744198,0.764562819066557,0.8800802531304273,0.8800802531304273,0.6620781918358007,0.673832219422227,0.673832219422227,0.7269605098832953,0.7202113334167286,0.7202113334167286,0.7729735698755221,0.7248115674511614,0.6592360992544534,0.6747161716052021,0.6502928671788041,0.7860512930670738,0.7896944003903867,0.7896944003903867,0.6973524348569772,0.762171430724878,0.7631507445854254,0.745367469340256,0.7961411731947281,0.7644982368772225,0.7644982368772225,0.746946331781052,0.700952380952381,0.6475202364826833,0.6622301604872027,0.7634013564969062,0.6699031763982707,0.8050405166802437,0.7103988278862932,0.6356589414117493,0.70138554367335,0.736426302310671,0.7010457188727013,0.6638590890530458,0.7084791702628555,0.7010457188727013,0.6988289649561226,0.7348326941497663,0.7166228624962181,0.6869697212348249,0.6164571274532562,0.7465990127185951,0.6988289649561226,0.6551909404949734,0.6196410936168135,0.652316418154215,0.7348326941497663,0.6130472754888932,0.6869697212348249,0.6336707457217652,0.7086260684302635,0.6840544021687063,0.7475550236550292,0.6701432956524306,0.739106302387069,0.751674134116641,0.7865971194177153,0.7865971194177153,0.7865971194177153,0.8404329375489159,0.7865971194177153,0.7865971194177153,0.6937554969217239,0.7061742386535059,0.7192448633641345,0.7211456353999184,0.7370293586063394,0.8453196950992495,0.6291182706922109,0.6948979523755513,0.558943276992983,0.6948979523755513,0.6270719808279364,0.6894800242982507,0.6778388951701846,0.558943276992983,0.6775685297258811,0.7458813121791339,0.73928969343762,0.6596279875494877,0.48056913899857334,0.2772244677611362,0.48056913899857334,0.48056913899857334,0.48056913899857334,0.30656332289958765,0.0,0.3989178702543472,0.7510749957677332,0.7510749957677332,0.7765663641509362,0.7821103832333945,0.7821103832333945,0.8489270149500745,0.8529036552221421,0.7248101891286953,0.7248101891286953,0.8315238778675432,0.785628414879434,0.7236762451632546,0.8356338475659265,0.7133443039868352,0.7253717241983596,0.7499778578176666,0.7825805140163618,0.7205734049467009,0.7832071816972517,0.7636307218375679,0.7580092059838895,0.7631864011332389,0.768484435355601,0.7774653290622062,0.7341847031804579,0.8107422972837153,0.7580092059838895,0.6960790970681876
Klebsiella pneumoniae,0.7619754459982705,0.7280790266051944,0.7280790266051944,0.7280790266051944,0.7280790266051944,0.7280790266051944,0.7280790266051944,0.7280790266051944,0.7280790266051944,0.7280790266051944,0.7280790266051944,0.80002411042575,0.80002411042575,0.7969124743135493,0.8970918395501689,0.8970918395501689,0.696803732755255,0.7177645522169833,0.7177645522169833,0.7626959513649192,0.7574647800831266,0.7574647800831266,0.8079270545045378,0.7572934973637961,0.7319578807762858,0.7176459835820399,0.7211190718022706,0.8158225366543317,0.8162841870035874,0.8162841870035874,0.7556824435883325,0.7954455434339777,0.7990344214495979,0.7933471528541021,0.8293450232078391,0.7888531073446328,0.7888531073446328,0.788763341397467,0.7584089962515619,0.7213071020043719,0.7474469236119545,0.7934300238311107,0.7004534315679802,0.8345760735948474,0.7601161193103754,0.6998238022371058,0.7347068102324943,0.7662670593603518,0.7423364444641041,0.7295012045447599,0.7448572211380932,0.7423364444641041,0.7416686003469575,0.7670489265211613,0.7564535411454759,0.7216412622026304,0.7200240186226581,0.7803562049372106,0.7416686003469575,0.7378706819404679,0.721635905671169,0.7332131752015629,0.7670489265211613,0.7149187633357041,0.7216412622026304,0.722212846573866,0.7466040472408315,0.7311685742239905,0.779733854368137,0.7361835475365479,0.7724614822638602,0.78415615848334,0.8173431840230538,0.8173431840230538,0.8173431840230538,0.8736550028436673,0.8173431840230538,0.8173431840230538,0.773292376837033,0.7794003814224815,0.7800345820014334,0.7892318441262811,0.8031047548518755,0.8743261213599065,0.7152522225524149,0.6967530406063338,0.6524961041544634,0.6967530406063338,0.6480121329692695,0.6887448209428211,0.6796070694388874,0.6524961041544634,0.6880527505989298,0.7534693119877597,0.7687922536007417,0.7461726407772572,0.362816160826941,0.37643329304789785,0.362816160826941,0.362816160826941,0.362816160826941,0.36365543055047644,0.3989178702543472,0.0,0.7946053255983085,0.7946053255983085,0.8061493786565316,0.8167610425506955,0.8167610425506955,0.8832200521953598,0.8833325635370599,0.7732741628277817,0.7732741628277817,0.8469385108792434,0.8260211197449692,0.7536140347056229,0.8663909389506623,0.7563784639835882,0.7745578466785652,0.7826479046262947,0.8177534259071848,0.7614390587996768,0.8377231016873261,0.8008461279838619,0.7936398796733992,0.8122369254395552,0.7920141817609974,0.8134101638829856,0.7712485244080272,0.8254924616034944,0.7936398796733992,0.7513967267827646
Akkermansia muciniphila,0.7993226232952384,0.7321439724728447,0.7321439724728447,0.7321439724728447,0.7321439724728447,0.7321439724728447,0.7321439724728447,0.7321439724728447,0.7321439724728447,0.7321439724728447,0.7321439724728447,0.7533289642229438,0.7533289642229438,0.7560859398479707,0.7404953354931887,0.7404953354931887,0.7072777048993326,0.7213799325761872,0.7213799325761872,0.6726215589072883,0.6605848968234289,0.6605848968234289,0.7092111297966672,0.6809560889731523,0.7461019002535167,0.6908484482312178,0.7293267509230832,0.6878866622151069,0.7438971179239866,0.7438971179239866,0.7457208300656035,0.7180720598033401,0.7279274283561186,0.7040656624671582,0.7042267389859437,0.6901746178854613,0.6901746178854613,0.6507074416379935,0.7008304571481467,0.7300775679154057,0.7579713246308581,0.7122764905421721,0.744988359721476,0.710227894564037,0.6789865911819749,0.7857967350079701,0.5511525493703984,0.5243408933047444,0.5443102932162559,0.6310068991112672,0.5433447450006612,0.5443102932162559,0.5202690012857741,0.579666863858934,0.5314678078597457,0.5335281935669909,0.6206344243151318,0.5322517451204594,0.5202690012857741,0.6169347662399891,0.6409112825458052,0.6289556962025317,0.579666863858934,0.6364297482366267,0.5335281935669909,0.5994583901511514,0.6008104531921932,0.5279729272419628,0.544734415714572,0.6084776969908745,0.5150176247949189,0.5009207194765053,0.605368686694092,0.605368686694092,0.605368686694092,0.6663083957950313,0.605368686694092,0.605368686694092,0.6069718388039818,0.5965153773613604,0.6491200157586502,0.6032925726050473,0.6396071615601211,0.6526292696420225,0.646308433303949,0.6325124908726074,0.6452287731130862,0.6325124908726074,0.6784346843633915,0.6081979995370427,0.6041010623307561,0.6452287731130862,0.6965922809366147,0.6392652432344563,0.6246644407593864,0.716212382277027,0.7491953252713557,0.7631868092409999,0.7491953252713557,0.7491953252713557,0.7491953252713557,0.7618751081127833,0.7510749957677332,0.7946053255983085,0.0,0.0,0.6789781181962,0.7367731126331221,0.7367731126331221,0.8336079631435586,0.8262833498556097,0.7390295842479442,0.7390295842479442,0.7656273224224208,0.724885322908621,0.6561354568750203,0.804277165669328,0.7220974736743326,0.7190261420350916,0.6360666112308949,0.6021252481870627,0.6347601417426261,0.702010582010582,0.6236689329732079,0.6717020546877436,0.7133590905713649,0.665758105222287,0.7084915537636929,0.7073060208743454,0.6931646525679758,0.6717020546877436,0.6533176450813127
Akkermansia muciniphila_B,0.7993226232952384,0.7321439724728447,0.7321439724728447,0.7321439724728447,0.7321439724728447,0.7321439724728447,0.7321439724728447,0.7321439724728447,0.7321439724728447,0.7321439724728447,0.7321439724728447,0.7533289642229438,0.7533289642229438,0.7560859398479707,0.7404953354931887,0.7404953354931887,0.7072777048993326,0.7213799325761872,0.7213799325761872,0.6726215589072883,0.6605848968234289,0.6605848968234289,0.7092111297966672,0.6809560889731523,0.7461019002535167,0.6908484482312178,0.7293267509230832,0.6878866622151069,0.7438971179239866,0.7438971179239866,0.7457208300656035,0.7180720598033401,0.7279274283561186,0.7040656624671582,0.7042267389859437,0.6901746178854613,0.6901746178854613,0.6507074416379935,0.7008304571481467,0.7300775679154057,0.7579713246308581,0.7122764905421721,0.744988359721476,0.710227894564037,0.6789865911819749,0.7857967350079701,0.5511525493703984,0.5243408933047444,0.5443102932162559,0.6310068991112672,0.5433447450006612,0.5443102932162559,0.5202690012857741,0.579666863858934,0.5314678078597457,0.5335281935669909,0.6206344243151318,0.5322517451204594,0.5202690012857741,0.6169347662399891,0.6409112825458052,0.6289556962025317,0.579666863858934,0.6364297482366267,0.5335281935669909,0.5994583901511514,0.6008104531921932,0.5279729272419628,0.544734415714572,0.6084776969908745,0.5150176247949189,0.5009207194765053,0.605368686694092,0.605368686694092,0.605368686694092,0.6663083957950313,0.605368686694092,0.605368686694092,0.6069718388039818,0.5965153773613604,0.6491200157586502,0.6032925726050473,0.6396071615601211,0.6526292696420225,0.646308433303949,0.6325124908726074,0.6452287731130862,0.6325124908726074,0.6784346843633915,0.6081979995370427,0.6041010623307561,0.6452287731130862,0.6965922809366147,0.6392652432344563,0.6246644407593864,0.716212382277027,0.7491953252713557,0.7631868092409999,0.7491953252713557,0.7491953252713557,0.7491953252713557,0.7618751081127833,0.7510749957677332,0.7946053255983085,0.0,0.0,0.6789781181962,0.7367731126331221,0.7367731126331221,0.8336079631435586,0.8262833498556097,0.7390295842479442,0.7390295842479442,0.7656273224224208,0.724885322908621,0.6561354568750203,0.804277165669328,0.7220974736743326,0.7190261420350916,0.6360666112308949,0.6021252481870627,0.6347601417426261,0.702010582010582,0.6236689329732079,0.6717020546877436,0.7133590905713649,0.665758105222287,0.7084915537636929,0.7073060208743454,0.6931646525679758,0.6717020546877436,0.6533176450813127
Erysipelatoclostridium ramosum,0.7026832182140258,0.6238325593395253,0.6238325593395253,0.6238325593395253,0.6238325593395253,0.6238325593395253,0.6238325593395253,0.6238325593395253,0.6238325593395253,0.6238325593395253,0.6238325593395253,0.5043359326766905,0.5043359326766905,0.6068295575437311,0.6518467387860408,0.6518467387860408,0.5840835739765585,0.6251883553396589,0.6251883553396589,0.5327702366079299,0.4363126408731167,0.4363126408731167,0.4833670509199175,0.5996379281613113,0.7092778771327759,0.5932908946863664,0.6959324645148255,0.44892606507407673,0.570385963610735,0.570385963610735,0.6847922344493338,0.5391834279750216,0.530285505570098,0.5353458416905748,0.42334164375972216,0.5074915675483757,0.5074915675483757,0.536661521812408,0.6650136676541726,0.6659607042612912,0.6876638637197234,0.6019065398944299,0.6384592451255142,0.5319035566804315,0.48763879566205426,0.6909242054888391,0.6755193789238112,0.6637472180007058,0.6915721711961645,0.7486811375626022,0.6806091640806148,0.6915721711961645,0.6896683853532943,0.6657999689961809,0.6757820447163312,0.6936366746493329,0.7552796605566051,0.6650957176904744,0.6896683853532943,0.7429285560055747,0.7637964419702288,0.7633454050205838,0.6657999689961809,0.7666831559211691,0.6936366746493329,0.7506221881879965,0.6965080093695786,0.715287534893509,0.6885724549616687,0.7545453396843848,0.648173630222667,0.6843185581405996,0.642560705610283,0.642560705610283,0.642560705610283,0.7548234403105178,0.642560705610283,0.642560705610283,0.7419719025409078,0.7587733951279846,0.728581137204561,0.7234991397784551,0.7370376172041087,0.7644114520120052,0.6955244122965643,0.6893039732699973,0.7202943795151528,0.6893039732699973,0.7164942185989149,0.6610855847577038,0.6643232343044174,0.7202943795151528,0.7556549184639664,0.7428553724982616,0.6896094756071995,0.7420461790854449,0.7683303138131916,0.785246621952858,0.7683303138131916,0.7683303138131916,0.7683303138131916,0.7815852872790431,0.7765663641509362,0.8061493786565316,0.6789781181962,0.6789781181962,0.0,0.3551599892444205,0.3551599892444205,0.6448470310987671,0.6646036985315898,0.69811186167443,0.69811186167443,0.6191286623195433,0.6777252422872966,0.6332261462549205,0.6412153155811516,0.6143943692208609,0.6698818010965628,0.5970857092587113,0.65291423376805,0.6896488701411684,0.7716724306474004,0.6948331916950593,0.5809657709278369,0.7411294738222116,0.593400005213266,0.5062206753326668,0.6791012936412741,0.6978446658606745,0.5809657709278369,0.6193717396406696
Catenibacterium sp000437715,0.686613834403127,0.665629400078438,0.665629400078438,0.665629400078438,0.665629400078438,0.665629400078438,0.665629400078438,0.665629400078438,0.665629400078438,0.665629400078438,0.665629400078438,0.4458962297988338,0.4458962297988338,0.5783899087651905,0.6615564505651552,0.6615564505651552,0.6310050045761688,0.6480217995804556,0.6480217995804556,0.5521988736525172,0.5081927529820285,0.5081927529820285,0.49205223660107544,0.6207257797394834,0.719740514166374,0.6131489841986456,0.6969454993994871,0.5084975656169972,0.5719126651006969,0.5719126651006969,0.7001322482909182,0.4944346807264206,0.5029265518063889,0.5320495378863016,0.376018094378634,0.4946678289254053,0.4946678289254053,0.5391083246895108,0.6648691772423065,0.6654654299836553,0.6502661394296909,0.6190790029573299,0.6650889632749043,0.5926343056650524,0.5452348454435969,0.7396324993483048,0.7224222392728561,0.7556295701307334,0.7340832773673607,0.7732231830017037,0.726523037423604,0.7340832773673607,0.738760129389402,0.7382004936370323,0.7316198901769372,0.754817160404408,0.7879528273359541,0.7221570747605196,0.738760129389402,0.7869425652578736,0.7748725355851018,0.786722801573946,0.7382004936370323,0.7941814783619116,0.754817160404408,0.7927679893440527,0.7553433288141,0.7723552499467551,0.7206245562038838,0.7876708422833463,0.6871144915806926,0.7103323889585559,0.6995740348809173,0.6995740348809173,0.6995740348809173,0.7927610413805687,0.6995740348809173,0.6995740348809173,0.7766121195355337,0.7900162000200708,0.7653461135331379,0.7533294156255486,0.7677436859836752,0.7894716537103836,0.7342693439322769,0.7496636247459593,0.7480933737666335,0.7496636247459593,0.7420319247512981,0.7147923274429844,0.719751797236692,0.7480933737666335,0.7458348828560804,0.7731651121474572,0.7013377746736151,0.7451254305438526,0.7818106698342199,0.7983541953031322,0.7818106698342199,0.7818106698342199,0.7818106698342199,0.7981417079425299,0.7821103832333945,0.8167610425506955,0.7367731126331221,0.7367731126331221,0.3551599892444205,0.0,0.0,0.6203194759159132,0.5767475946195125,0.7320167633044377,0.7320167633044377,0.6531787832707279,0.6625546061488584,0.6607401498772014,0.622709872216531,0.6400590933830962,0.7109423084414319,0.6496225994458422,0.69744134775009,0.6957515774590688,0.7823475085364717,0.7278574690201389,0.621664735763301,0.7623862010408968,0.6121436320628879,0.5022884097304985,0.6803328580600512,0.7172108419858205,0.621664735763301,0.6366585062593155
Catenibacterium mitsuokai,0.686613834403127,0.665629400078438,0.665629400078438,0.665629400078438,0.665629400078438,0.665629400078438,0.665629400078438,0.665629400078438,0.665629400078438,0.665629400078438,0.665629400078438,0.4458962297988338,0.4458962297988338,0.5783899087651905,0.6615564505651552,0.6615564505651552,0.6310050045761688,0.6480217995804556,0.6480217995804556,0.5521988736525172,0.5081927529820285,0.5081927529820285,0.49205223660107544,0.6207257797394834,0.719740514166374,0.6131489841986456,0.6969454993994871,0.5084975656169972,0.5719126651006969,0.5719126651006969,0.7001322482909182,0.4944346807264206,0.5029265518063889,0.5320495378863016,0.376018094378634,0.4946678289254053,0.4946678289254053,0.5391083246895108,0.6648691772423065,0.6654654299836553,0.6502661394296909,0.6190790029573299,0.6650889632749043,0.5926343056650524,0.5452348454435969,0.7396324993483048,0.7224222392728561,0.7556295701307334,0.7340832773673607,0.7732231830017037,0.726523037423604,0.7340832773673607,0.738760129389402,0.7382004936370323,0.7316198901769372,0.754817160404408,0.7879528273359541,0.7221570747605196,0.738760129389402,0.7869425652578736,0.7748725355851018,0.786722801573946,0.7382004936370323,0.7941814783619116,0.754817160404408,0.7927679893440527,0.7553433288141,0.7723552499467551,0.7206245562038838,0.7876708422833463,0.6871144915806926,0.7103323889585559,0.6995740348809173,0.6995740348809173,0.6995740348809173,0.7927610413805687,0.6995740348809173,0.6995740348809173,0.7766121195355337,0.7900162000200708,0.7653461135331379,0.7533294156255486,0.7677436859836752,0.7894716537103836,0.7342693439322769,0.7496636247459593,0.7480933737666335,0.7496636247459593,0.7420319247512981,0.7147923274429844,0.719751797236692,0.7480933737666335,0.7458348828560804,0.7731651121474572,0.7013377746736151,0.7451254305438526,0.7818106698342199,0.7983541953031322,0.7818106698342199,0.7818106698342199,0.7818106698342199,0.7981417079425299,0.7821103832333945,0.8167610425506955,0.7367731126331221,0.7367731126331221,0.3551599892444205,0.0,0.0,0.6203194759159132,0.5767475946195125,0.7320167633044377,0.7320167633044377,0.6531787832707279,0.6625546061488584,0.6607401498772014,0.622709872216531,0.6400590933830962,0.7109423084414319,0.6496225994458422,0.69744134775009,0.6957515774590688,0.7823475085364717,0.7278574690201389,0.621664735763301,0.7623862010408968,0.6121436320628879,0.5022884097304985,0.6803328580600512,0.7172108419858205,0.621664735763301,0.6366585062593155
Holdemania filiformis,0.7915659720638973,0.7715979105277257,0.7715979105277257,0.7715979105277257,0.7715979105277257,0.7715979105277257,0.7715979105277257,0.7715979105277257,0.7715979105277257,0.7715979105277257,0.7715979105277257,0.6600685032255353,0.6600685032255353,0.7117867100602284,0.7454044246916358,0.7454044246916358,0.790960049711312,0.8107822410147991,0.8107822410147991,0.749674821926293,0.7038816230717639,0.7038816230717639,0.693840561366559,0.7499838642011166,0.8244486823411962,0.7327450663453485,0.8058895124754886,0.7115792775367243,0.6982741457178485,0.6982741457178485,0.8275514422693349,0.7041590800191663,0.6972833723653395,0.757711736420921,0.7074217637912533,0.7279805621514164,0.7279805621514164,0.7664818350400571,0.8354128249360537,0.8011053050628592,0.7737681279149237,0.7928862316956936,0.7768825324415128,0.7078506931776725,0.7133893612489965,0.7913961859994645,0.8294771923087473,0.8431688910368416,0.8195534617842857,0.8567940857781619,0.8284769779171413,0.8195534617842857,0.8220573745912525,0.818845304604259,0.8227210057373282,0.8390811128155597,0.8538932121519448,0.8203252633220862,0.8220573745912525,0.866077983094574,0.8623319848623254,0.864504352709913,0.818845304604259,0.8586850503937948,0.8390811128155597,0.8682444187179341,0.8269659367046746,0.8456624446798418,0.8183797582401081,0.8755077336919973,0.8056838781357816,0.8198578740744422,0.8175023357209592,0.8175023357209592,0.8175023357209592,0.8491158111766905,0.8175023357209592,0.8175023357209592,0.8630124387832525,0.8646771712859789,0.8584880767835351,0.8415854764499837,0.842211940224118,0.8324524130307113,0.8327905998561757,0.8471411018651698,0.834653395120106,0.8471411018651698,0.8362012977159471,0.8190009266912115,0.8195559072127401,0.834653395120106,0.8537655154672326,0.8621928405864071,0.8051767302434365,0.8325505346007727,0.8614653585697957,0.8687772049975487,0.8614653585697957,0.8614653585697957,0.8614653585697957,0.865516060446068,0.8489270149500745,0.8832200521953598,0.8336079631435586,0.8336079631435586,0.6448470310987671,0.6203194759159132,0.6203194759159132,0.0,0.5023097382296673,0.8246128957707418,0.8246128957707418,0.7485558371577963,0.773781505843542,0.7705943308174529,0.6631396939275852,0.7586811558409484,0.795051919043803,0.7618362709469868,0.8093544149655298,0.8209135564575996,0.8495348770093601,0.8479698302954117,0.7660781125940489,0.8669431954372753,0.7602085878041905,0.7043127937606528,0.7894456626690851,0.8317678305370214,0.7660781125940489,0.7827073133720419
Holdemanella biformis,0.7689074968913793,0.7663330809269454,0.7663330809269454,0.7663330809269454,0.7663330809269454,0.7663330809269454,0.7663330809269454,0.7663330809269454,0.7663330809269454,0.7663330809269454,0.7663330809269454,0.6353618313274065,0.6353618313274065,0.6749934919560576,0.7469259034227353,0.7469259034227353,0.7772393558408455,0.7938485497372008,0.7938485497372008,0.726364131828674,0.6944745023273389,0.6944745023273389,0.6969312758346992,0.7749939696068184,0.8169175093412767,0.7728654903178742,0.8088330926091987,0.6595262432780765,0.6870945807384702,0.6870945807384702,0.7852735436967346,0.6367579345502384,0.6481844654424437,0.6797241949423214,0.6149536970394895,0.6917556500853662,0.6917556500853662,0.7047439295109381,0.7733227155086602,0.7704940858680442,0.705691410529029,0.7324792346484723,0.7547929264989222,0.7125969149937812,0.7371746664922836,0.8204233843692467,0.8378176589331637,0.8515638487116168,0.8391450342244609,0.8724355891446238,0.8417805724648992,0.8391450342244609,0.840383297155261,0.8376309099398908,0.829047658305166,0.8510642342519311,0.8645217800554306,0.8307702505634362,0.840383297155261,0.8730193475497812,0.8589117625567136,0.875277407900577,0.8376309099398908,0.8737087017217311,0.8510642342519311,0.8700018585811976,0.8484833273574758,0.8679588167578545,0.8280886566661049,0.8756078570648017,0.8156662589108702,0.826398792047647,0.806493376154155,0.806493376154155,0.806493376154155,0.8415122156697556,0.806493376154155,0.806493376154155,0.8556288271314179,0.8649956867631554,0.8656156845717722,0.8489504363354561,0.8560569316452309,0.8402680782638294,0.833192186671624,0.8536176104761681,0.8501586701256951,0.8536176104761681,0.8500717360114778,0.8309873315905891,0.8325136491583807,0.8501586701256951,0.8224468862504274,0.8629872343649381,0.7990426186402825,0.8257044132010276,0.8611629461488114,0.8672895303392869,0.8611629461488114,0.8611629461488114,0.8611629461488114,0.8712798657405916,0.8529036552221421,0.8833325635370599,0.8262833498556097,0.8262833498556097,0.6646036985315898,0.5767475946195125,0.5767475946195125,0.5023097382296673,0.0,0.8262186294380492,0.8262186294380492,0.7525668667327079,0.7393435522548886,0.7475875808892303,0.6083536526566654,0.7430558500487681,0.7953517446150907,0.7526840423860482,0.7966569681135325,0.7917318619780944,0.8424348548703033,0.8340695151572779,0.7503198398359294,0.8308842600459705,0.7705349590868916,0.7151344001673465,0.7746048599662838,0.819635357006491,0.7503198398359294,0.7508920234760571
Streptococcus salivarius,0.6731703665816279,0.6517395679935409,0.6517395679935409,0.6517395679935409,0.6517395679935409,0.6517395679935409,0.6517395679935409,0.6517395679935409,0.6517395679935409,0.6517395679935409,0.6517395679935409,0.7457698669194943,0.7457698669194943,0.758225698414739,0.7669568668731719,0.7669568668731719,0.6560825272287325,0.6580274183092842,0.6580274183092842,0.69231657369259,0.7139902578761181,0.7139902578761181,0.7455678993696873,0.7289132037308932,0.6638844645058167,0.7370301916923987,0.6388567105605334,0.7449976238269862,0.7724531894636624,0.7724531894636624,0.658744394618834,0.7401707121899173,0.7416985972310163,0.7164441893980398,0.7438361674894862,0.76355869960184,0.76355869960184,0.7698229055996246,0.6553765503132591,0.643545672166858,0.6701418257149512,0.71760391198044,0.6979149988895832,0.7664222256685203,0.7508149113969063,0.6686900312576136,0.7343812569443269,0.756492599832449,0.7347764034253093,0.6662692961701149,0.7330577821313806,0.7347764034253093,0.7353738860906625,0.7439204083316634,0.7280121617658502,0.7149300954595852,0.6699129066956593,0.75153056061526,0.7353738860906625,0.6686421184407704,0.6690593741610934,0.6828474959783627,0.7439204083316634,0.6857455616822811,0.7149300954595852,0.68445402152581,0.7442965999629424,0.717404080727434,0.7490554438453361,0.6792356946844191,0.7213629537165259,0.7369976245195928,0.7349675090252707,0.7349675090252707,0.7349675090252707,0.7850873075478784,0.7349675090252707,0.7349675090252707,0.6934288633394979,0.7050230098893566,0.6926248749719325,0.6706033942216925,0.7074594493275583,0.7922344915663402,0.7153400975365478,0.7733637458024456,0.7062151554691408,0.7733637458024456,0.710782176605613,0.7750333643385773,0.7689345510668751,0.7062151554691408,0.743391360412637,0.7448545153756325,0.7674355158730158,0.7215613597450318,0.7924301885366207,0.7411830427725193,0.7924301885366207,0.7924301885366207,0.7924301885366207,0.7389035714164549,0.7248101891286953,0.7732741628277817,0.7390295842479442,0.7390295842479442,0.69811186167443,0.7320167633044377,0.7320167633044377,0.8246128957707418,0.8262186294380492,0.0,0.0,0.5718857662510275,0.7490847187201732,0.7328145786503968,0.8089299775879824,0.6692307692307693,0.669479500648066,0.7028361173520888,0.7330375076568043,0.7463425780116222,0.7158006284088214,0.7067971804689297,0.7374202523144817,0.693490016348317,0.7406201455734414,0.6893100168288578,0.7838553468077117,0.7504444320991084,0.7374202523144817,0.7190576215571244
Streptococcus sp001556435,0.6731703665816279,0.6517395679935409,0.6517395679935409,0.6517395679935409,0.6517395679935409,0.6517395679935409,0.6517395679935409,0.6517395679935409,0.6517395679935409,0.6517395679935409,0.6517395679935409,0.7457698669194943,0.7457698669194943,0.758225698414739,0.7669568668731719,0.7669568668731719,0.6560825272287325,0.6580274183092842,0.6580274183092842,0.69231657369259,0.7139902578761181,0.7139902578761181,0.7455678993696873,0.7289132037308932,0.6638844645058167,0.7370301916923987,0.6388567105605334,0.7449976238269862,0.7724531894636624,0.7724531894636624,0.658744394618834,0.7401707121899173,0.7416985972310163,0.7164441893980398,0.7438361674894862,0.76355869960184,0.76355869960184,0.7698229055996246,0.6553765503132591,0.643545672166858,0.6701418257149512,0.71760391198044,0.6979149988895832,0.7664222256685203,0.7508149113969063,0.6686900312576136,0.7343812569443269,0.756492599832449,0.7347764034253093,0.6662692961701149,0.7330577821313806,0.7347764034253093,0.7353738860906625,0.7439204083316634,0.7280121617658502,0.7149300954595852,0.6699129066956593,0.75153056061526,0.7353738860906625,0.6686421184407704,0.6690593741610934,0.6828474959783627,0.7439204083316634,0.6857455616822811,0.7149300954595852,0.68445402152581,0.7442965999629424,0.717404080727434,0.7490554438453361,0.6792356946844191,0.7213629537165259,0.7369976245195928,0.7349675090252707,0.7349675090252707,0.7349675090252707,0.7850873075478784,0.7349675090252707,0.7349675090252707,0.6934288633394979,0.7050230098893566,0.6926248749719325,0.6706033942216925,0.7074594493275583,0.7922344915663402,0.7153400975365478,0.7733637458024456,0.7062151554691408,0.7733637458024456,0.710782176605613,0.7750333643385773,0.7689345510668751,0.7062151554691408,0.743391360412637,0.7448545153756325,0.7674355158730158,0.7215613597450318,0.7924301885366207,0.7411830427725193,0.7924301885366207,0.7924301885366207,0.7924301885366207,0.7389035714164549,0.7248101891286953,0.7732741628277817,0.7390295842479442,0.7390295842479442,0.69811186167443,0.7320167633044377,0.7320167633044377,0.8246128957707418,0.8262186294380492,0.0,0.0,0.5718857662510275,0.7490847187201732,0.7328145786503968,0.8089299775879824,0.6692307692307693,0.669479500648066,0.7028361173520888,0.7330375076568043,0.7463425780116222,0.7158006284088214,0.7067971804689297,0.7374202523144817,0.693490016348317,0.7406201455734414,0.6893100168288578,0.7838553468077117,0.7504444320991084,0.7374202523144817,0.7190576215571244
Streptococcus thermophilus,0.7550565423370833,0.7417703473302228,0.7417703473302228,0.7417703473302228,0.7417703473302228,0.7417703473302228,0.7417703473302228,0.7417703473302228,0.7417703473302228,0.7417703473302228,0.7417703473302228,0.6543170228502472,0.6543170228502472,0.6867181734101886,0.6490592560553633,0.6490592560553633,0.7516226276772566,0.7696101472080872,0.7696101472080872,0.7220214731437306,0.6854035316472805,0.6854035316472805,0.7109093928156307,0.7068721951219512,0.7655685562461512,0.734128766157949,0.7680460843432915,0.6984534079427994,0.7164539627593816,0.7164539627593816,0.7982712348820188,0.688547272710937,0.6681306176154195,0.7429621762927865,0.6771536272969114,0.7376160006779948,0.7376160006779948,0.7328917746660061,0.7840957798458398,0.7808630683021702,0.7676493707908136,0.7300225122293877,0.7741158404351343,0.6852517032751624,0.7395637740157126,0.7720322682513708,0.7488535984939905,0.7553372194826283,0.7412415002659536,0.7692899896657673,0.7328474152202737,0.7412415002659536,0.7496887206596987,0.7274059891704311,0.7325978578529199,0.7543995494861326,0.7829781696326903,0.7462759264520842,0.7496887206596987,0.7729211163067928,0.7807827587569653,0.7823788427433765,0.7274059891704311,0.7862147748178552,0.7543995494861326,0.7892398153645783,0.7478525707949628,0.7754997237299704,0.7388731648377113,0.7790592367962457,0.7006069520524785,0.7350751196962193,0.7058518446031901,0.7058518446031901,0.7058518446031901,0.7896024135330244,0.7058518446031901,0.7058518446031901,0.7899636452137935,0.794418330463381,0.7759845749917952,0.7611943997026391,0.7904524030133344,0.7804013268802001,0.8043223725953205,0.8228347122819485,0.7958123370981756,0.8228347122819485,0.8006965462913056,0.799867561628992,0.7939700322253713,0.7958123370981756,0.8266336338573876,0.7656794096097048,0.8128233062371916,0.811906534388721,0.8228193442645625,0.8365488563954411,0.8228193442645625,0.8228193442645625,0.8228193442645625,0.8320093507748496,0.8315238778675432,0.8469385108792434,0.7656273224224208,0.7656273224224208,0.6191286623195433,0.6531787832707279,0.6531787832707279,0.7485558371577963,0.7525668667327079,0.5718857662510275,0.5718857662510275,0.0,0.7213204819277108,0.7517598721112856,0.7239543811096728,0.7338783636548908,0.7665212172333247,0.7217162915142739,0.7298564368086609,0.7457249886365418,0.7783006045835872,0.7663065192781514,0.7330386126006564,0.7771089962901021,0.6905260066806151,0.6416016599166052,0.7737389979688558,0.7421443132357533,0.7330386126006564,0.7732071158964796
Adlercreutzia celatus_A,0.6977697347715373,0.6895266989520987,0.6895266989520987,0.6895266989520987,0.6895266989520987,0.6895266989520987,0.6895266989520987,0.6895266989520987,0.6895266989520987,0.6895266989520987,0.6895266989520987,0.6613681824243233,0.6613681824243233,0.653246764687745,0.7204673696209747,0.7204673696209747,0.7074516905980694,0.6728009466283246,0.6728009466283246,0.648830313014827,0.6900012536226006,0.6900012536226006,0.6823216390487417,0.7396184460244172,0.7683242876122275,0.6937917949882757,0.7869078579588266,0.6904420849075185,0.6610326674970679,0.6610326674970679,0.7116299510303166,0.6729303448796318,0.6937438558605018,0.6066792997048565,0.631894344891785,0.6583856099306122,0.6583856099306122,0.6435436260039816,0.693900843268392,0.7014851580508665,0.6670434546208989,0.5779737766372084,0.7374602342048551,0.6215787345866182,0.7011552273677835,0.7331298137515754,0.7706916243654822,0.7733087947480103,0.7581582417291166,0.7491001147106522,0.756314213062282,0.7581582417291166,0.758122147588949,0.7814968912159319,0.7505084093657249,0.7647789131888072,0.7808656510118833,0.7533998729019475,0.758122147588949,0.7698734210840893,0.7729798607657882,0.7704180187301972,0.7814968912159319,0.7686077195995,0.7647789131888072,0.7811055179323748,0.7812307732586299,0.7814623423467189,0.7495178362617504,0.7760164693772517,0.7269408913836999,0.7496827602876306,0.7435852861414366,0.7435852861414366,0.7435852861414366,0.722075258894699,0.7435852861414366,0.7435852861414366,0.7803963425481197,0.7853056199304751,0.7612991316621153,0.74738515928336,0.7692505872546791,0.7450582919843479,0.7264804950650164,0.7496266208051413,0.714021245904703,0.7496266208051413,0.6983758560087268,0.7335287958115183,0.7270319833025686,0.714021245904703,0.7109682212345173,0.7562855686740848,0.6814549332998722,0.6769715791454922,0.7955515491726591,0.7979821327022912,0.7955515491726591,0.7955515491726591,0.7955515491726591,0.7946137942002862,0.785628414879434,0.8260211197449692,0.724885322908621,0.724885322908621,0.6777252422872966,0.6625546061488584,0.6625546061488584,0.773781505843542,0.7393435522548886,0.7490847187201732,0.7490847187201732,0.7213204819277108,0.0,0.6874383641943381,0.760540223135643,0.6851508664705037,0.6793444203422512,0.6714046954574839,0.7105645768738942,0.7041676378373095,0.7380472095409987,0.7129649675655305,0.6559789980310654,0.7441705422620626,0.7126126500269945,0.7056100431541781,0.6501970684458641,0.7165382763601348,0.6559789980310654,0.6547676549286596
Bifidobacterium longum,0.7220267931398773,0.6526403081697074,0.6526403081697074,0.6526403081697074,0.6526403081697074,0.6526403081697074,0.6526403081697074,0.6526403081697074,0.6526403081697074,0.6526403081697074,0.6526403081697074,0.6762911670325958,0.6762911670325958,0.7043306623442831,0.7901608891891062,0.7901608891891062,0.6433917730737744,0.6923296436744393,0.6923296436744393,0.6077936233990371,0.6307927503131217,0.6307927503131217,0.6674519545568074,0.687020522377092,0.7171781419986465,0.6502210492696129,0.7224180545850845,0.6613228832680205,0.6905376928828768,0.6905376928828768,0.6779130174930464,0.6536259289624713,0.631684121666183,0.6187914204564005,0.6765469954431242,0.6538712115289396,0.6538712115289396,0.640220834948601,0.6831011054476507,0.6635973055831426,0.6951423502576666,0.6649592205304866,0.6800989364333416,0.7112152713760973,0.6369862599665113,0.6903231096469862,0.6802538981647579,0.6783453207696347,0.6876201536839612,0.7633404692899636,0.7025603184953839,0.6876201536839612,0.6978123448248927,0.6797501144536071,0.6892629295924135,0.6614641081820931,0.7465655189370268,0.6910088436591643,0.6978123448248927,0.7430583566810932,0.7427679209520555,0.7590788815734645,0.6797501144536071,0.7573087022143197,0.6614641081820931,0.7213240198334118,0.7075147347740668,0.6939100522359536,0.6963251677290021,0.7704005218525767,0.6911335814287571,0.698136385241702,0.706669118298023,0.706669118298023,0.706669118298023,0.7982666968274614,0.706669118298023,0.706669118298023,0.7405115511551155,0.7479817624178897,0.7610479533284618,0.7474150932014236,0.7559094719195306,0.8007726425221764,0.6874580378928062,0.6896851942941467,0.7045021049499252,0.6896851942941467,0.7166733263283558,0.6711560335022231,0.6834932811641532,0.7045021049499252,0.7301036458842853,0.7550794008334272,0.6767549677083462,0.7145070439450897,0.7098501174754922,0.7431885112777901,0.7098501174754922,0.7098501174754922,0.7098501174754922,0.7412899022801303,0.7236762451632546,0.7536140347056229,0.6561354568750203,0.6561354568750203,0.6332261462549205,0.6607401498772014,0.6607401498772014,0.7705943308174529,0.7475875808892303,0.7328145786503968,0.7328145786503968,0.7517598721112856,0.6874383641943381,0.0,0.5790777974194188,0.5072460807148014,0.5287656243424098,0.28755454145150317,0.7367185091407618,0.7163224273441784,0.7644859198895935,0.716715805745844,0.7058808224435237,0.7532726800746629,0.6954220193641223,0.6481316167547738,0.6964412124332325,0.7175986928793548,0.7058808224435237,0.6179458133319982
Bifidobacterium pseudocatenulatum,0.787475100523537,0.7603765877826385,0.7603765877826385,0.7603765877826385,0.7603765877826385,0.7603765877826385,0.7603765877826385,0.7603765877826385,0.7603765877826385,0.7603765877826385,0.7603765877826385,0.6530267231546358,0.6530267231546358,0.7139197920250793,0.7443455245428297,0.7443455245428297,0.7395138838612865,0.7811169284467714,0.7811169284467714,0.7229704293846946,0.684465177723651,0.684465177723651,0.6935687140358933,0.7390662265253581,0.7817361281729662,0.7382896769737919,0.7816829487885832,0.6083935096572124,0.6872003176251413,0.6872003176251413,0.7791385383034928,0.671170444079416,0.643136181777006,0.689506944259796,0.6360192416650928,0.6726715572476554,0.6726715572476554,0.6664058549059646,0.7649319136884487,0.7579150683451295,0.7456958982246047,0.720493528873571,0.7643749125613591,0.6975366523624089,0.7159692407805668,0.7821649333528636,0.8100890610268132,0.8027124517367309,0.7996706486943066,0.850797396311665,0.810682938208964,0.7996706486943066,0.80543804945345,0.7890294736065513,0.7995038058677159,0.8187886681862586,0.8387251977444622,0.7821638386556828,0.80543804945345,0.8282073782863562,0.8314312746729308,0.8483938856158916,0.7890294736065513,0.8447016988815751,0.8187886681862586,0.8408587353789634,0.8120232653581082,0.8316878623826761,0.7928182035612077,0.8539874029393142,0.7836678223488622,0.7937894305612454,0.756609274654269,0.756609274654269,0.756609274654269,0.8469955429277868,0.756609274654269,0.756609274654269,0.8287362565895684,0.8311742157553,0.843227083585828,0.8280895126299423,0.839840919703093,0.8685013008060732,0.8017420185724937,0.8285676309797622,0.8176190504079135,0.8285676309797622,0.8233254276268507,0.7946974041842256,0.794893441392766,0.8176190504079135,0.8380741897993789,0.850852407549374,0.7934200459066565,0.8015364508622613,0.8407398677223,0.8527013894555678,0.8407398677223,0.8407398677223,0.8407398677223,0.8528328712589749,0.8356338475659265,0.8663909389506623,0.804277165669328,0.804277165669328,0.6412153155811516,0.622709872216531,0.622709872216531,0.6631396939275852,0.6083536526566654,0.8089299775879824,0.8089299775879824,0.7239543811096728,0.760540223135643,0.5790777974194188,0.0,0.5518047381360351,0.681803824599085,0.6069590377535217,0.7992883623018312,0.8019708801294216,0.8350746338583783,0.8216224279238591,0.7554946318665648,0.8255509231685527,0.7423074091795796,0.6937597848340091,0.774573818515512,0.8138675554267497,0.7554946318665648,0.7735903539235962
Bifidobacterium catenulatum,0.6848773553141874,0.6302181555726293,0.6302181555726293,0.6302181555726293,0.6302181555726293,0.6302181555726293,0.6302181555726293,0.6302181555726293,0.6302181555726293,0.6302181555726293,0.6302181555726293,0.6704430103065284,0.6704430103065284,0.6921676429527497,0.7777537179631538,0.7777537179631538,0.592710507387362,0.6108981585869974,0.6108981585869974,0.6620039750960858,0.6221735910488988,0.6221735910488988,0.6646983274037113,0.6839680863247102,0.6895510267648564,0.6422576799966115,0.6712604377456795,0.6365759481845924,0.6769376380271321,0.6769376380271321,0.6278279307353745,0.6652067848838039,0.6485744411342198,0.6475136435817956,0.645615013746663,0.651762603447909,0.651762603447909,0.6558839812770976,0.6198251384926965,0.6500554938956715,0.634668950858158,0.6698987931694085,0.6373153178655808,0.6672849861281374,0.6586413176035636,0.6470684972202181,0.7359084146327612,0.7319444614199984,0.7226559731638752,0.7087782923026036,0.739028250755432,0.7226559731638752,0.722424456617777,0.7300633405848487,0.7252759882648278,0.7306742026645136,0.7070854721192961,0.7103231378857908,0.722424456617777,0.6846535231342963,0.7097090589751486,0.7098470919542905,0.7300633405848487,0.7214653587456749,0.7306742026645136,0.71555849879797,0.7506477060169856,0.7390888765594186,0.7246075989404184,0.7224531679075543,0.7177035696660635,0.7198511738171282,0.7189513031144732,0.7189513031144732,0.7189513031144732,0.7552122612820824,0.7189513031144732,0.7189513031144732,0.705724201668724,0.7112401830315584,0.7181588605676958,0.6956818429959603,0.7193232639725771,0.8019038240603972,0.6322173227961744,0.7375924503900093,0.6557337233715276,0.7375924503900093,0.6635180796910655,0.7038078917019648,0.7072384729796728,0.6557337233715276,0.6943840877759309,0.7682247605055426,0.7088795092281879,0.6847805826276828,0.7727784352568885,0.7290122466442055,0.7727784352568885,0.7727784352568885,0.7727784352568885,0.7287519931819432,0.7133443039868352,0.7563784639835882,0.7220974736743326,0.7220974736743326,0.6143943692208609,0.6400590933830962,0.6400590933830962,0.7586811558409484,0.7430558500487681,0.6692307692307693,0.6692307692307693,0.7338783636548908,0.6851508664705037,0.5072460807148014,0.5518047381360351,0.0,0.39839049213479416,0.49345534753440234,0.7574008341154637,0.7596580016397182,0.7229151618500123,0.7519441661833711,0.6812977926827506,0.6973872068080318,0.6939071257574358,0.6592321533878699,0.7278886913715301,0.743053693642842,0.6812977926827506,0.6448440070037671
Bifidobacterium ruminantium,0.6854423029243276,0.6107858451925561,0.6107858451925561,0.6107858451925561,0.6107858451925561,0.6107858451925561,0.6107858451925561,0.6107858451925561,0.6107858451925561,0.6107858451925561,0.6107858451925561,0.7071367729374544,0.7071367729374544,0.7235874147114822,0.781165819656197,0.781165819656197,0.6313699971343968,0.610410517842769,0.610410517842769,0.6645976559942381,0.6835213873913595,0.6835213873913595,0.7059014438498638,0.7389982305181324,0.7191667940941604,0.6925009428567952,0.6986372169284509,0.6847515478647405,0.715672602032561,0.715672602032561,0.6088547807773832,0.7096692204349878,0.6861243603569697,0.6547040019716288,0.6952846215748274,0.6971595866654168,0.6971595866654168,0.6786570386361944,0.6255643769416638,0.6501836074758387,0.6493306985813042,0.6670895172171056,0.6863939531104288,0.6849683904892933,0.6968652037617555,0.6671225590760581,0.753412400435103,0.7519173204776759,0.7555726688044858,0.7135968904524097,0.7581374070341818,0.7555726688044858,0.7555399584878043,0.7643987709784432,0.7419153218245684,0.7401825467497773,0.7328718721037999,0.7453733033198991,0.7555399584878043,0.6993631868620747,0.7227975306896632,0.7237448824388748,0.7643987709784432,0.7190857566038975,0.7401825467497773,0.7186023895526535,0.7702309113852889,0.7500354958342089,0.7603792132940115,0.7264345195794384,0.7500876270592359,0.7608902466803339,0.7556594394821319,0.7556594394821319,0.7556594394821319,0.7770099329314882,0.7556594394821319,0.7556594394821319,0.73018925681431,0.7340783181021828,0.7138327218951739,0.7153099391222575,0.7486873886086663,0.7861259482402181,0.6821097253793696,0.7378160171342181,0.6584065841778176,0.7378160171342181,0.6610888468376792,0.7232287401857592,0.7317141630617838,0.6584065841778176,0.7111144854491407,0.767678617666934,0.7170346959995622,0.6604241138185909,0.7821127037109759,0.7271066771809496,0.7821127037109759,0.7821127037109759,0.7821127037109759,0.7284008974051446,0.7253717241983596,0.7745578466785652,0.7190261420350916,0.7190261420350916,0.6698818010965628,0.7109423084414319,0.7109423084414319,0.795051919043803,0.7953517446150907,0.669479500648066,0.669479500648066,0.7665212172333247,0.6793444203422512,0.5287656243424098,0.681803824599085,0.39839049213479416,0.0,0.534046237364283,0.7489301641165783,0.7642286377110452,0.7290024548441998,0.7217340030264064,0.7045160130890249,0.6893427587132567,0.7404767578731486,0.6891142758986852,0.7388407680607822,0.7207916287534122,0.7045160130890249,0.6222109103249343
Bifidobacterium bifidum,0.7421499837891736,0.6599362689984213,0.6599362689984213,0.6599362689984213,0.6599362689984213,0.6599362689984213,0.6599362689984213,0.6599362689984213,0.6599362689984213,0.6599362689984213,0.6599362689984213,0.6727260255179037,0.6727260255179037,0.701661564725967,0.762916271952197,0.762916271952197,0.6450867588921334,0.6935184067592034,0.6935184067592034,0.6109561061568858,0.6260839877091158,0.6260839877091158,0.6573283277389954,0.6940328004820933,0.7452709917841654,0.6260418038492653,0.7413171829270355,0.6489754359170167,0.6781953374650851,0.6781953374650851,0.6936601827864586,0.6604932814710043,0.6715747299134291,0.6332872331230011,0.662439785217017,0.6567703298859681,0.6567703298859681,0.6478706536546148,0.6951731576717131,0.6849177043413435,0.7096827738841756,0.6854876341577227,0.6896295385141965,0.6681488513069038,0.6352848949399656,0.7135387690342255,0.6851655765379285,0.6689772300886703,0.6738676790405913,0.7469512195121951,0.6864596814494945,0.6738676790405913,0.6790153515754249,0.6868925077280984,0.6774885086330101,0.6616677117443508,0.7412924647632815,0.67284088373131,0.6790153515754249,0.7272012386920582,0.7454694100013626,0.7479840342453867,0.6868925077280984,0.7465671350843095,0.6616677117443508,0.7206397113469907,0.7027469945084847,0.6915001633910649,0.6877897128836408,0.7578584748371955,0.6750186959651661,0.6787982532751091,0.6833048763295164,0.6833048763295164,0.6833048763295164,0.770605899724591,0.6833048763295164,0.6833048763295164,0.7320286942552956,0.7399878800653423,0.7370098624714193,0.7219234419487504,0.7423283428679623,0.7776474669221494,0.6735217573297905,0.6967021372963813,0.6948208749846067,0.6967021372963813,0.7039087310218819,0.666182791430872,0.672142097040777,0.6948208749846067,0.727815405159195,0.7397658784617038,0.6509258021155159,0.6917319325272347,0.742339879416601,0.771171644010567,0.742339879416601,0.742339879416601,0.742339879416601,0.768115599281052,0.7499778578176666,0.7826479046262947,0.6360666112308949,0.6360666112308949,0.5970857092587113,0.6496225994458422,0.6496225994458422,0.7618362709469868,0.7526840423860482,0.7028361173520888,0.7028361173520888,0.7217162915142739,0.6714046954574839,0.28755454145150317,0.6069590377535217,0.49345534753440234,0.534046237364283,0.0,0.7248665397394258,0.7251869155837818,0.7461543684413028,0.7278501133410737,0.6783966458774731,0.7492387480707999,0.70020964360587,0.6183795244099294,0.6747096603906387,0.7147870829584575,0.6783966458774731,0.5859177945930584
Desulfovibrio sp900556755,0.767305145731063,0.693978813532809,0.693978813532809,0.693978813532809,0.693978813532809,0.693978813532809,0.693978813532809,0.693978813532809,0.693978813532809,0.693978813532809,0.693978813532809,0.677666358075429,0.677666358075429,0.7007696624037922,0.6819416626378434,0.6819416626378434,0.6558184341785871,0.6845517715487319,0.6845517715487319,0.6326677012268322,0.6177150804078402,0.6177150804078402,0.6548832262507738,0.597983773734608,0.7169107038708291,0.6570770923016336,0.694030285193115,0.6601991665313633,0.6949649580631365,0.6949649580631365,0.7349798694048787,0.6487280502382275,0.6805144136984322,0.7021706131192258,0.664679416120949,0.6408770894461668,0.6408770894461668,0.6081030636073999,0.6908762511963271,0.7189992044251502,0.7280637263167835,0.6689710935920761,0.7051946172768051,0.6601043780806031,0.6974588255460168,0.7526906380538947,0.6637691830459711,0.6444196311478481,0.6422476735862563,0.6874440289579644,0.6407034989974325,0.6422476735862563,0.6383659274842755,0.6621107755155256,0.6342671918229896,0.6623485405543655,0.7200886309814802,0.6514654601457082,0.6383659274842755,0.7066403609221727,0.7305621077929592,0.7250637046716759,0.6621107755155256,0.7016575312720023,0.6623485405543655,0.7103248787388844,0.6702978819478742,0.6921708643757573,0.6528191347713463,0.7060318057777359,0.6348147787567542,0.6478144542582683,0.59615200719108,0.59615200719108,0.59615200719108,0.7259382718528484,0.59615200719108,0.59615200719108,0.7238944166017548,0.7196025851549436,0.6975715683389145,0.6778444749805131,0.7250120004335641,0.7308362718384356,0.743635449226832,0.7246155779468549,0.7032578853182399,0.7246155779468549,0.7039662255768404,0.6966611832084324,0.6852318750346749,0.7032578853182399,0.7416768162624345,0.6754614468591843,0.7385281705782187,0.7145768013293333,0.7951929897201114,0.7961287638538652,0.7951929897201114,0.7951929897201114,0.7951929897201114,0.7981993082879426,0.7825805140163618,0.8177534259071848,0.6021252481870627,0.6021252481870627,0.65291423376805,0.69744134775009,0.69744134775009,0.8093544149655298,0.7966569681135325,0.7330375076568043,0.7330375076568043,0.7298564368086609,0.7105645768738942,0.7367185091407618,0.7992883623018312,0.7574008341154637,0.7489301641165783,0.7248665397394258,0.0,0.40897907858288385,0.7286208167348156,0.583998120905793,0.6123215828042776,0.7363460358687945,0.5958299848200732,0.6959519669166948,0.6506558348142506,0.6696514792379948,0.6123215828042776,0.6608645854526001
Bilophila wadsworthia,0.7466293244286458,0.7040078916450533,0.7040078916450533,0.7040078916450533,0.7040078916450533,0.7040078916450533,0.7040078916450533,0.7040078916450533,0.7040078916450533,0.7040078916450533,0.7040078916450533,0.6657194697696738,0.6657194697696738,0.6705583007596431,0.7362133101631867,0.7362133101631867,0.6607575355535859,0.6819587783062611,0.6819587783062611,0.6520735275410253,0.6381992321895881,0.6381992321895881,0.6700565558034557,0.5851464002755771,0.677697012826378,0.6235280314678622,0.6737198773185337,0.6822575994415188,0.7059215790877567,0.7059215790877567,0.7417427572990644,0.6528944809671006,0.6937123870318413,0.6940551773461168,0.6867541254511298,0.6266717142669938,0.6266717142669938,0.6154150522221475,0.6963431219463053,0.6781513911196311,0.704618331484546,0.6679350191656955,0.6990615605803163,0.7127439652258668,0.680505920207557,0.7403096153655071,0.6558628654793022,0.6559082961455153,0.631780427526816,0.6765914133164297,0.636227095223791,0.631780427526816,0.6200875040837375,0.6770481984679886,0.6294260974363677,0.6451681911215439,0.7099450343108804,0.6686875060007955,0.6200875040837375,0.7154879713874893,0.6948079848571064,0.7092206894126748,0.6770481984679886,0.6827581306108914,0.6451681911215439,0.7012815648342687,0.6478073424116384,0.6697911259135689,0.6500017571604287,0.6963623621585036,0.6344623553418487,0.6462819892076992,0.63970599870247,0.63970599870247,0.63970599870247,0.755313748608109,0.63970599870247,0.63970599870247,0.7409377949214915,0.739395897270231,0.708645858261256,0.6967545987397701,0.7251007522837185,0.7463253509496284,0.7325790720991705,0.7087541649989344,0.6816664270538809,0.7087541649989344,0.6974299945135923,0.6860444024251485,0.6767056681690016,0.6816664270538809,0.708597601956388,0.6666754201680672,0.7109250346146239,0.702991057254736,0.7246542619221763,0.7408877303115746,0.7246542619221763,0.7246542619221763,0.7246542619221763,0.7570363973106,0.7205734049467009,0.7614390587996768,0.6347601417426261,0.6347601417426261,0.6896488701411684,0.6957515774590688,0.6957515774590688,0.8209135564575996,0.7917318619780944,0.7463425780116222,0.7463425780116222,0.7457249886365418,0.7041676378373095,0.7163224273441784,0.8019708801294216,0.7596580016397182,0.7642286377110452,0.7251869155837818,0.40897907858288385,0.0,0.7609605013846378,0.6108605648380896,0.6552756724624759,0.7452913940751464,0.6076693462809855,0.7177127690602578,0.6185344021076109,0.6848871486422106,0.6552756724624759,0.6699386261704304
Dialister invisus,0.7589780769894701,0.7435266167301644,0.7435266167301644,0.7435266167301644,0.7435266167301644,0.7435266167301644,0.7435266167301644,0.7435266167301644,0.7435266167301644,0.7435266167301644,0.7435266167301644,0.7995076564284037,0.7995076564284037,0.7735696887245118,0.8264954253808624,0.8264954253808624,0.7462691076067911,0.7469313153759674,0.7469313153759674,0.7634707782513097,0.750675189373695,0.750675189373695,0.7856349109786267,0.7279764792781571,0.705974703417191,0.7362124116096367,0.7122196043623263,0.7734615974506229,0.8052047612767079,0.8052047612767079,0.7364931339809053,0.7853515290305495,0.8100050643469972,0.7467626339500837,0.7754028628413082,0.762580293533694,0.762580293533694,0.7271791183825572,0.6928695677811192,0.7218122993900178,0.7202782124847853,0.7774000336149862,0.7673276516749641,0.7514901464068845,0.7636644321437512,0.7619632309019712,0.7647825609984319,0.7866654737899756,0.7637488144694835,0.719288774694374,0.7569377459178505,0.7637488144694835,0.7541644583688338,0.7923449274584998,0.7687053369360967,0.7614972096795671,0.7012689937044727,0.7649820470832144,0.7541644583688338,0.7006982972345157,0.7283116036505868,0.7261587212450613,0.7923449274584998,0.720624257350159,0.7614972096795671,0.700648966015531,0.7749500333111259,0.7514698291598998,0.7554519880113754,0.7152545153748342,0.7626167941701189,0.7399263439905498,0.7672745553513851,0.7672745553513851,0.7672745553513851,0.7008752177422781,0.7672745553513851,0.7672745553513851,0.6829091588959779,0.689587146150738,0.6918075636399503,0.6348164522929594,0.6797403946858429,0.722669121415944,0.725322030311847,0.7958119507521529,0.723639580318803,0.7958119507521529,0.7359662535623553,0.7848269536646814,0.7830607306335462,0.723639580318803,0.7033435442872971,0.7434975758585953,0.766254929682268,0.7115719695503016,0.8433474057374479,0.8104828978257531,0.8433474057374479,0.8433474057374479,0.8433474057374479,0.8171402431146046,0.7832071816972517,0.8377231016873261,0.702010582010582,0.702010582010582,0.7716724306474004,0.7823475085364717,0.7823475085364717,0.8495348770093601,0.8424348548703033,0.7158006284088214,0.7158006284088214,0.7783006045835872,0.7380472095409987,0.7644859198895935,0.8350746338583783,0.7229151618500123,0.7290024548441998,0.7461543684413028,0.7286208167348156,0.7609605013846378,0.0,0.6313895137567054,0.6552935005822895,0.555759763702002,0.6869667675794688,0.7921236414727881,0.7704985709749127,0.675069421904865,0.6552935005822895,0.6556875533814737
Veillonella parvula_A,0.7230694668820679,0.6668848324726793,0.6668848324726793,0.6668848324726793,0.6668848324726793,0.6668848324726793,0.6668848324726793,0.6668848324726793,0.6668848324726793,0.6668848324726793,0.6668848324726793,0.7423137780402311,0.7423137780402311,0.7356180323561428,0.7672547676695574,0.7672547676695574,0.645249516115459,0.6397376920818244,0.6397376920818244,0.6429370790632059,0.6570016405750354,0.6570016405750354,0.6981713948357828,0.6234609612279591,0.6654939724316795,0.6888979992421842,0.6579122983179388,0.7116003184713375,0.7546790267930215,0.7546790267930215,0.7152014064444929,0.7146005428150952,0.722728285798506,0.6547655180071807,0.7149865459079872,0.6813791663248334,0.6813791663248334,0.6602672922003765,0.6628468488215189,0.6758437862914749,0.7005645353365648,0.6424025518146577,0.7029831387808041,0.7149599506043356,0.6968677780071795,0.7076913206659468,0.6866865799018562,0.72276889075984,0.6993732938598178,0.7042182401171488,0.6962854628116129,0.6993732938598178,0.696773574034953,0.7210595667170484,0.6997437873369032,0.6715467930882124,0.7304892890480073,0.7049893081180156,0.696773574034953,0.730787465785032,0.7416846397021892,0.7240173870454267,0.7210595667170484,0.7275204524307276,0.6715467930882124,0.712425110705913,0.6987558611259812,0.6691983849524841,0.6966576515337779,0.7100162968534537,0.7003020888513465,0.6824412817602374,0.6955218043152337,0.6955218043152337,0.6955218043152337,0.7558222095995456,0.6955218043152337,0.6955218043152337,0.7149338374291115,0.7272266398138825,0.7085454996425393,0.6962262905910215,0.7439480556143694,0.7347885032537961,0.7483079299997029,0.7105918646543595,0.697636133622809,0.7105918646543595,0.7060023146327488,0.7256395443404322,0.7237480989128597,0.697636133622809,0.7273730425187237,0.6842575967088381,0.7397285651553409,0.7136883111443113,0.7757700259944023,0.7753074435966797,0.7757700259944023,0.7757700259944023,0.7757700259944023,0.7837614766510689,0.7636307218375679,0.8008461279838619,0.6236689329732079,0.6236689329732079,0.6948331916950593,0.7278574690201389,0.7278574690201389,0.8479698302954117,0.8340695151572779,0.7067971804689297,0.7067971804689297,0.7663065192781514,0.7129649675655305,0.716715805745844,0.8216224279238591,0.7519441661833711,0.7217340030264064,0.7278501133410737,0.583998120905793,0.6108605648380896,0.6313895137567054,0.0,0.600203593508181,0.6526493180749333,0.5704813874150259,0.7483612499523065,0.6845920713970242,0.6027448354200751,0.600203593508181,0.6043548151395587
Phascolarctobacterium_A succinatutens,0.6921425533957941,0.6469034064102162,0.6469034064102162,0.6469034064102162,0.6469034064102162,0.6469034064102162,0.6469034064102162,0.6469034064102162,0.6469034064102162,0.6469034064102162,0.6469034064102162,0.6025473346031969,0.6025473346031969,0.6104538610453861,0.7398429925249429,0.7398429925249429,0.6214875720154223,0.6497956722717224,0.6497956722717224,0.5795867343186999,0.5219871774526296,0.5219871774526296,0.5426285569151783,0.614163813654356,0.7331305846573763,0.5705613398777474,0.7234239480216985,0.5942244688671283,0.6041920349545162,0.6041920349545162,0.6889716254340278,0.5798323618261498,0.6000737946867826,0.6157495030765698,0.5643297565279096,0.5429032147390812,0.5429032147390812,0.5306514591945564,0.6229952976795547,0.6904287231465782,0.6582421364168216,0.6289991500553266,0.638519211082247,0.5563254781318758,0.5732924137513984,0.7320015769378243,0.6854037690743615,0.7182449775830795,0.6844139634138158,0.7208867452477368,0.6808816283475714,0.6844139634138158,0.670162768209144,0.7118366411390358,0.6999174191082629,0.7037359967769286,0.7469164442248479,0.69139386160631,0.670162768209144,0.7417258949144842,0.7565918513913952,0.7367117653697133,0.7118366411390358,0.7505612877105596,0.7037359967769286,0.723098473685168,0.6942955179069269,0.701033359193173,0.6856960854200476,0.7324282982791587,0.6958067286509092,0.664258377242432,0.6942133260587875,0.6942133260587875,0.6942133260587875,0.7556655306036697,0.6942133260587875,0.6942133260587875,0.7282649392117663,0.7259532719732983,0.7355949336980436,0.7056778679026652,0.7474241525516817,0.7482973359422035,0.6951712387991826,0.6871012371652678,0.6654380245300735,0.6871012371652678,0.6728034218499377,0.634526576785991,0.637045632236687,0.6654380245300735,0.6719771215984511,0.7210465697158082,0.6909945937939717,0.7184690544329777,0.7796404111902092,0.7768845756521991,0.7796404111902092,0.7796404111902092,0.7796404111902092,0.7782001649173317,0.7580092059838895,0.7936398796733992,0.6717020546877436,0.6717020546877436,0.5809657709278369,0.621664735763301,0.621664735763301,0.7660781125940489,0.7503198398359294,0.7374202523144817,0.7374202523144817,0.7330386126006564,0.6559789980310654,0.7058808224435237,0.7554946318665648,0.6812977926827506,0.7045160130890249,0.6783966458774731,0.6123215828042776,0.6552756724624759,0.6552935005822895,0.600203593508181,0.0,0.6856521427376372,0.5592557697218382,0.6642036613466886,0.6325815363047871,0.6381136371476869,0.0,0.5247154992787306
Acidaminococcus fermentans,0.7090182259862121,0.6957974137931034,0.6957974137931034,0.6957974137931034,0.6957974137931034,0.6957974137931034,0.6957974137931034,0.6957974137931034,0.6957974137931034,0.6957974137931034,0.6957974137931034,0.7896377006546498,0.7896377006546498,0.7773162725262946,0.7775789275932645,0.7775789275932645,0.6977872225198232,0.6955766676882215,0.6955766676882215,0.7450775675433314,0.7361854905028381,0.7361854905028381,0.7404701348747591,0.7219076287602169,0.6620108819001,0.729405262673094,0.652615583039095,0.7119281045751634,0.7719708345588805,0.7719708345588805,0.6493773075439466,0.7724134936829766,0.776004628061858,0.692166611424152,0.7421526328380864,0.7389960995135348,0.7389960995135348,0.7086422763608099,0.6491791224175234,0.6851182745397357,0.6835684940172192,0.751754808210419,0.7137001209857856,0.7562307983670721,0.7570277866123181,0.7312778389002232,0.7410144358244133,0.7349825909233135,0.7327736770311444,0.6601136507471237,0.7315077323826,0.7327736770311444,0.7271555135700973,0.7292430132621821,0.7180186276070689,0.7355487730718666,0.6385005039671259,0.7230613722552386,0.7271555135700973,0.6155335703974932,0.6345782840999012,0.6441236018453982,0.7292430132621821,0.6643201904786553,0.7355487730718666,0.6598674498225335,0.7545398962489521,0.7360148300917344,0.7124042005499327,0.6442935422059367,0.7141044970860274,0.7026311543933239,0.7082656814341097,0.7082656814341097,0.7082656814341097,0.7044261779805503,0.7082656814341097,0.7082656814341097,0.6202320472851072,0.6165266019897423,0.6308215055126093,0.6196755450636272,0.6108109404223349,0.7302507338780547,0.6598777210950582,0.7746048149827585,0.7056610944372719,0.7746048149827585,0.7223559186071473,0.7606876548834831,0.7618506827886056,0.7056610944372719,0.7271535625359127,0.7269795260160444,0.746603175489799,0.6737049093399714,0.8124757441451667,0.7657578283995878,0.8124757441451667,0.8124757441451667,0.8124757441451667,0.7850312323327037,0.7631864011332389,0.8122369254395552,0.7133590905713649,0.7133590905713649,0.7411294738222116,0.7623862010408968,0.7623862010408968,0.8669431954372753,0.8308842600459705,0.693490016348317,0.693490016348317,0.7771089962901021,0.7441705422620626,0.7532726800746629,0.8255509231685527,0.6973872068080318,0.6893427587132567,0.7492387480707999,0.7363460358687945,0.7452913940751464,0.555759763702002,0.6526493180749333,0.6856521427376372,0.0,0.7254286108259664,0.7847287157616256,0.7624686174039436,0.5269233237675233,0.6856521427376372,0.6399205112900173
Mitsuokella multacida,0.7493244958948884,0.675869239472799,0.675869239472799,0.675869239472799,0.675869239472799,0.675869239472799,0.675869239472799,0.675869239472799,0.675869239472799,0.675869239472799,0.675869239472799,0.611801618033467,0.611801618033467,0.6677216483884949,0.718655363561107,0.718655363561107,0.6223110615393291,0.6734903298757492,0.6734903298757492,0.6064987896237091,0.5332614336178061,0.5332614336178061,0.5820224325884967,0.4870036856420904,0.6894531604244127,0.6230775413964953,0.6826047072720189,0.6347930895942145,0.6225382453129242,0.6225382453129242,0.7570707296367455,0.6048643809271173,0.6320348384430776,0.6520142597040959,0.6378811504592283,0.5813213844968816,0.5813213844968816,0.5648881680040976,0.6966230375485245,0.6875104342503107,0.7156612005415977,0.6805608706966492,0.7020745724698627,0.644678743670681,0.5892630594938681,0.7297265320390438,0.6504271806079873,0.6942333513281563,0.6578323080583217,0.7354925690558777,0.6741629046999197,0.6578323080583217,0.6554200836365611,0.6818057305648386,0.6857223085931882,0.6715341427425625,0.7387197436113688,0.6815340781956234,0.6554200836365611,0.7486429848565441,0.7696268001613324,0.7493589743589744,0.6818057305648386,0.7466663407360328,0.6715341427425625,0.7156411887667,0.6660480861390379,0.669249813684995,0.6519947844737797,0.7433083612543764,0.676771245170698,0.6595431154274894,0.6512551151285653,0.6512551151285653,0.6512551151285653,0.7472301552601468,0.6512551151285653,0.6512551151285653,0.722953473639755,0.7298100695982737,0.7389344744426798,0.7194137669634496,0.7393824651686378,0.758294626614832,0.7443007909106492,0.7254091804255366,0.721342885704765,0.7254091804255366,0.7308252509399664,0.718432234008729,0.7104229986174229,0.721342885704765,0.7541419525252644,0.7147532816208474,0.7335295288464272,0.7750325543143033,0.7737625234921107,0.8018260335754561,0.7737625234921107,0.7737625234921107,0.7737625234921107,0.7998037794672647,0.768484435355601,0.7920141817609974,0.665758105222287,0.665758105222287,0.593400005213266,0.6121436320628879,0.6121436320628879,0.7602085878041905,0.7705349590868916,0.7406201455734414,0.7406201455734414,0.6905260066806151,0.7126126500269945,0.6954220193641223,0.7423074091795796,0.6939071257574358,0.7404767578731486,0.70020964360587,0.5958299848200732,0.6076693462809855,0.6869667675794688,0.5704813874150259,0.5592557697218382,0.7254286108259664,0.0,0.6890362920567704,0.7010990718086139,0.6532739353158972,0.5592557697218382,0.6370730130272816
Ligilactobacillus ruminis,0.7548529520307583,0.6996612604578867,0.6996612604578867,0.6996612604578867,0.6996612604578867,0.6996612604578867,0.6996612604578867,0.6996612604578867,0.6996612604578867,0.6996612604578867,0.6996612604578867,0.6107399493296548,0.6107399493296548,0.6957156320631188,0.7198876454195603,0.7198876454195603,0.6658537042943173,0.6893832234647308,0.6893832234647308,0.5907220744182561,0.5883031365673096,0.5883031365673096,0.604106466608037,0.6862970764297553,0.7657894582362299,0.6600872468763463,0.73341895582129,0.6185289370532626,0.6686210276288951,0.6686210276288951,0.7447041246464969,0.6691455930502312,0.6399730655214039,0.6688945370108883,0.5856017997750281,0.5938793449226384,0.5938793449226384,0.6472301986621906,0.6960099661861541,0.7186869441745759,0.7407778389529754,0.6780687632497568,0.7107177038977115,0.6819676455901336,0.6128691106595456,0.756690773661304,0.7053263758983952,0.7328036622442378,0.7113623325346742,0.7469444390411537,0.7067485177312898,0.7113623325346742,0.7123274778317837,0.7124143183549124,0.7052508800357602,0.7291441476802676,0.7621407213034723,0.699885452462772,0.7123274778317837,0.7626786416677593,0.7711531639530759,0.7636800886404271,0.7124143183549124,0.7684989363615502,0.7291441476802676,0.7747416255672906,0.7319060478049302,0.7409058674806523,0.7077375784629332,0.7666950964916748,0.6757670916135483,0.6983475528998675,0.6834167726330953,0.6834167726330953,0.6834167726330953,0.7944665518960667,0.6834167726330953,0.6834167726330953,0.7723255960862211,0.7787089273869723,0.7555211947503394,0.7428549763033175,0.765590709923153,0.778500167072414,0.7118107580445343,0.730381679389313,0.720601859794805,0.730381679389313,0.7164201922794226,0.6887793344261696,0.6964320435543457,0.720601859794805,0.7436317455643083,0.748958151547939,0.7077636571703909,0.729842754307293,0.7766583222589651,0.7897895263886909,0.7766583222589651,0.7766583222589651,0.7766583222589651,0.7877277173033487,0.7774653290622062,0.8134101638829856,0.7084915537636929,0.7084915537636929,0.5062206753326668,0.5022884097304985,0.5022884097304985,0.7043127937606528,0.7151344001673465,0.6893100168288578,0.6893100168288578,0.6416016599166052,0.7056100431541781,0.6481316167547738,0.6937597848340091,0.6592321533878699,0.6891142758986852,0.6183795244099294,0.6959519669166948,0.7177127690602578,0.7921236414727881,0.7483612499523065,0.6642036613466886,0.7847287157616256,0.6890362920567704,0.0,0.647594442434086,0.7386656320169066,0.6642036613466886,0.6852838116786284
Sutterella wadsworthensis,0.7696686846171382,0.7325428424060133,0.7325428424060133,0.7325428424060133,0.7325428424060133,0.7325428424060133,0.7325428424060133,0.7325428424060133,0.7325428424060133,0.7325428424060133,0.7325428424060133,0.7240052353969262,0.7240052353969262,0.6881460705403752,0.7747285738190623,0.7747285738190623,0.7079444690111015,0.7144960773993032,0.7144960773993032,0.6898292106402104,0.68893016447323,0.68893016447323,0.7032192364773122,0.7203280364903594,0.7902945124881913,0.6555555555555556,0.781806996159242,0.6944378093881014,0.7329324287825105,0.7329324287825105,0.7641052354115152,0.719117415050823,0.7317703029068583,0.7087353343514544,0.6852517214471303,0.6495150316825209,0.6495150316825209,0.6785947053164085,0.7212359894979543,0.7284768211920529,0.737111926675529,0.7164932916743245,0.7304819283653767,0.6957708408295085,0.6927018907934264,0.7772101516177345,0.7509869199003074,0.746056461096767,0.733839411984805,0.7541497295196739,0.7409022947409478,0.733839411984805,0.7343836897719804,0.7468653450051493,0.7256803335193514,0.7499586505831694,0.7879869385884509,0.7402529756667535,0.7343836897719804,0.7841084722384715,0.7744011879775734,0.7787926240391543,0.7468653450051493,0.7778321521644281,0.7499586505831694,0.7857539714036261,0.7727104052248776,0.7770999908096683,0.7330330351835805,0.779920825726216,0.7046691617310418,0.7309188780136071,0.7078855409771214,0.7078855409771214,0.7078855409771214,0.7997509492866101,0.7078855409771214,0.7078855409771214,0.7983260367381929,0.794411431710536,0.7714536273497503,0.7609820864366706,0.7909787552177434,0.7894862710363153,0.7372399259367539,0.7513022157743433,0.7041501271129744,0.7513022157743433,0.7071416367674697,0.7083484772437506,0.7021300096501528,0.7041501271129744,0.7194395628782381,0.7667154453405429,0.6987785785915778,0.5097396446779946,0.7287299630086312,0.7414410511074326,0.7287299630086312,0.7287299630086312,0.7287299630086312,0.748352582725147,0.7341847031804579,0.7712485244080272,0.7073060208743454,0.7073060208743454,0.6791012936412741,0.6803328580600512,0.6803328580600512,0.7894456626690851,0.7746048599662838,0.7838553468077117,0.7838553468077117,0.7737389979688558,0.6501970684458641,0.6964412124332325,0.774573818515512,0.7278886913715301,0.7388407680607822,0.6747096603906387,0.6506558348142506,0.6185344021076109,0.7704985709749127,0.6845920713970242,0.6325815363047871,0.7624686174039436,0.7010990718086139,0.647594442434086,0.0,0.7018855186381829,0.6325815363047871,0.6433734243090089
Acidaminococcus intestini,0.7553957314955793,0.7250099802813834,0.7250099802813834,0.7250099802813834,0.7250099802813834,0.7250099802813834,0.7250099802813834,0.7250099802813834,0.7250099802813834,0.7250099802813834,0.7250099802813834,0.7425843845891579,0.7425843845891579,0.768477460397048,0.7281565050408065,0.7281565050408065,0.7139931781605053,0.7218748177476526,0.7218748177476526,0.7208691176072173,0.7091751319448385,0.7091751319448385,0.6935680625647538,0.6842317991209013,0.7281142092671491,0.6863105998356615,0.723432620029667,0.6987721738829893,0.724084236751734,0.724084236751734,0.739963734783942,0.7461149886245324,0.7642083846919228,0.685157479100472,0.7208044126573593,0.693964157253739,0.693964157253739,0.6943140155657039,0.7484899191902702,0.7409664992441605,0.7586813129570182,0.7200549830289813,0.7283316435732793,0.7165479307105002,0.7204562167862247,0.774195607083976,0.7126486837829054,0.71117905222151,0.7093864638373776,0.7218504663048633,0.7129704040348057,0.7093864638373776,0.7123682906909802,0.7043280403460213,0.6967240655186897,0.6871407354010403,0.7458849320467267,0.6880972467213744,0.7123682906909802,0.7206225785985232,0.7303836107876767,0.7155438018251574,0.7043280403460213,0.736125110143329,0.6871407354010403,0.7237323268260991,0.717411207151897,0.7136429526158248,0.6843993990487534,0.7156614895147823,0.6857808606016651,0.6743982767770736,0.6839001706258343,0.6839001706258343,0.6839001706258343,0.7273534723524362,0.6839001706258343,0.6839001706258343,0.7177123925449158,0.7154589913017508,0.6930831986757577,0.7062793153791197,0.7118201483312732,0.7033083236819577,0.7390336594095217,0.7538516839020074,0.7437923124265652,0.7538516839020074,0.7476722585807779,0.7426853264096682,0.7446002273588481,0.7437923124265652,0.7689175513919079,0.7132748675943993,0.7327194697158983,0.7338958121428101,0.8041168747655538,0.8117937208494859,0.8041168747655538,0.8041168747655538,0.8041168747655538,0.8183196077693421,0.8107422972837153,0.8254924616034944,0.6931646525679758,0.6931646525679758,0.6978446658606745,0.7172108419858205,0.7172108419858205,0.8317678305370214,0.819635357006491,0.7504444320991084,0.7504444320991084,0.7421443132357533,0.7165382763601348,0.7175986928793548,0.8138675554267497,0.743053693642842,0.7207916287534122,0.7147870829584575,0.6696514792379948,0.6848871486422106,0.675069421904865,0.6027448354200751,0.6381136371476869,0.5269233237675233,0.6532739353158972,0.7386656320169066,0.7018855186381829,0.0,0.6381136371476869,0.6391437308868502
Phascolarctobacterium_A succinatutens_A,0.6921425533957941,0.6469034064102162,0.6469034064102162,0.6469034064102162,0.6469034064102162,0.6469034064102162,0.6469034064102162,0.6469034064102162,0.6469034064102162,0.6469034064102162,0.6469034064102162,0.6025473346031969,0.6025473346031969,0.6104538610453861,0.7398429925249429,0.7398429925249429,0.6214875720154223,0.6497956722717224,0.6497956722717224,0.5795867343186999,0.5219871774526296,0.5219871774526296,0.5426285569151783,0.614163813654356,0.7331305846573763,0.5705613398777474,0.7234239480216985,0.5942244688671283,0.6041920349545162,0.6041920349545162,0.6889716254340278,0.5798323618261498,0.6000737946867826,0.6157495030765698,0.5643297565279096,0.5429032147390812,0.5429032147390812,0.5306514591945564,0.6229952976795547,0.6904287231465782,0.6582421364168216,0.6289991500553266,0.638519211082247,0.5563254781318758,0.5732924137513984,0.7320015769378243,0.6854037690743615,0.7182449775830795,0.6844139634138158,0.7208867452477368,0.6808816283475714,0.6844139634138158,0.670162768209144,0.7118366411390358,0.6999174191082629,0.7037359967769286,0.7469164442248479,0.69139386160631,0.670162768209144,0.7417258949144842,0.7565918513913952,0.7367117653697133,0.7118366411390358,0.7505612877105596,0.7037359967769286,0.723098473685168,0.6942955179069269,0.701033359193173,0.6856960854200476,0.7324282982791587,0.6958067286509092,0.664258377242432,0.6942133260587875,0.6942133260587875,0.6942133260587875,0.7556655306036697,0.6942133260587875,0.6942133260587875,0.7282649392117663,0.7259532719732983,0.7355949336980436,0.7056778679026652,0.7474241525516817,0.7482973359422035,0.6951712387991826,0.6871012371652678,0.6654380245300735,0.6871012371652678,0.6728034218499377,0.634526576785991,0.637045632236687,0.6654380245300735,0.6719771215984511,0.7210465697158082,0.6909945937939717,0.7184690544329777,0.7796404111902092,0.7768845756521991,0.7796404111902092,0.7796404111902092,0.7796404111902092,0.7782001649173317,0.7580092059838895,0.7936398796733992,0.6717020546877436,0.6717020546877436,0.5809657709278369,0.621664735763301,0.621664735763301,0.7660781125940489,0.7503198398359294,0.7374202523144817,0.7374202523144817,0.7330386126006564,0.6559789980310654,0.7058808224435237,0.7554946318665648,0.6812977926827506,0.7045160130890249,0.6783966458774731,0.6123215828042776,0.6552756724624759,0.6552935005822895,0.600203593508181,0.0,0.6856521427376372,0.5592557697218382,0.6642036613466886,0.6325815363047871,0.6381136371476869,0.0,0.5247154992787306
Megasphaera elsdenii,0.6678261414559243,0.645198360290208,0.645198360290208,0.645198360290208,0.645198360290208,0.645198360290208,0.645198360290208,0.645198360290208,0.645198360290208,0.645198360290208,0.645198360290208,0.6691117562750358,0.6691117562750358,0.6543578604398588,0.7886335477519986,0.7886335477519986,0.5889809362211798,0.6146400446456253,0.6146400446456253,0.5860282223595786,0.6011707146601433,0.6011707146601433,0.6383627859790985,0.6548960907407526,0.7112972529591666,0.5975851135778416,0.6818015190221438,0.6285822898726124,0.6640388387455567,0.6640388387455567,0.6368496734510303,0.6429593311238758,0.6621540897977328,0.5561722277282237,0.6461630714364615,0.6014324683091914,0.6014324683091914,0.591469973110248,0.5967858239747887,0.6336362782396318,0.6261643158575068,0.6199802501645819,0.6277681557247585,0.6322178235675002,0.596786014097832,0.7025603437381525,0.6895997568971663,0.7131411834203012,0.6966860642452588,0.6963377747260878,0.6917692806221647,0.6966860642452588,0.6829693112509342,0.7145409656954178,0.6977525678368849,0.6722028363083254,0.7146699922824835,0.6971510479625336,0.6829693112509342,0.7029652966499123,0.7152472813985083,0.7042584417618498,0.7145409656954178,0.7157343931491562,0.6722028363083254,0.6833241756685567,0.7067775065793793,0.6754447786850022,0.6835019560232025,0.7100894594452463,0.6839496912629421,0.6683196902279134,0.7090812548857652,0.7090812548857652,0.7090812548857652,0.7244682338044613,0.7090812548857652,0.7090812548857652,0.6885847536894616,0.6916491756102068,0.6999830709327917,0.6635723941904399,0.7002102085916024,0.7252719224630169,0.6377272809618415,0.6666931717582948,0.6415752741774676,0.6666931717582948,0.6492331415039789,0.646532450982584,0.6595460095460095,0.6415752741774676,0.6256278278195176,0.6768584170169079,0.6443786214945297,0.6526247438160752,0.7220477114636895,0.7201558144521478,0.7220477114636895,0.7220477114636895,0.7220477114636895,0.727085859935456,0.6960790970681876,0.7513967267827646,0.6533176450813127,0.6533176450813127,0.6193717396406696,0.6366585062593155,0.6366585062593155,0.7827073133720419,0.7508920234760571,0.7190576215571244,0.7190576215571244,0.7732071158964796,0.6547676549286596,0.6179458133319982,0.7735903539235962,0.6448440070037671,0.6222109103249343,0.5859177945930584,0.6608645854526001,0.6699386261704304,0.6556875533814737,0.6043548151395587,0.5247154992787306,0.6399205112900173,0.6370730130272816,0.6852838116786284,0.6433734243090089,0.6391437308868502,0.5247154992787306,0.0
