,Flavonifractor plautii,Faecalibacterium prausnitzii_C,Faecalibacterium prausnitzii,Faecalibacterium sp900539885,Faecalibacterium prausnitzii_G,Faecalibacterium prausnitzii_J,Faecalibacterium prausnitzii_A,Faecalibacterium sp900758465,Faecalibacterium prausnitzii_H,Faecalibacterium prausnitzii_E,Faecalibacterium prausnitzii_F,Gemmiger formicilis,Gemmiger sp900540775,Anaerotruncus colihominis,Ruminococcus_E bromii_B,Ruminococcus_E bromii,Blautia_A obeum,Blautia_A wexlerae,Blautia_A wexlerae_B,Agathobacter sp900317585,Mediterraneibacter faecis,Mediterraneibacter torques,Mediterraneibacter lactaris,Enterocloster bolteae,Enterocloster citroniae,Enterocloster asparagiformis,Enterocloster clostridioformis,Coprococcus eutactus,Dorea_A longicatena_B,Dorea_A longicatena,Lachnospira eligens_A,Roseburia inulinivorans,Roseburia intestinalis,Anaerostipes hadrus,Eubacterium_G ventriosum,Bariatricus comes,Bariatricus comes_A,Anaerobutyricum hallii,Anaerobutyricum soehngenii,Dorea formicigenerans,Coprococcus_A catus,Eubacterium_I ramulus,Clostridium_Q symbiosum,Bacteroides_F pectinophilus,Ruminococcus_B gnavus,Hungatella effluvii,Bacteroides uniformis,Bacteroides caccae,Bacteroides cellulosilyticus,Bacteroides timonensis,Bacteroides stercoris,Bacteroides sp900552405,Bacteroides intestinalis_A,Bacteroides xylanisolvens,Bacteroides eggerthii,Bacteroides fragilis,Bacteroides fluxus,Bacteroides finegoldii,Bacteroides intestinalis,Bacteroides faecis,Bacteroides nordii,Bacteroides salyersiae,Bacteroides sp902362375,Bacteroides oleiciplenus,Bacteroides fragilis_A,Bacteroides clarus,Phocaeicola dorei,Phocaeicola vulgatus,Phocaeicola plebeius,Phocaeicola massiliensis,Phocaeicola coprocola,Phocaeicola coprophilus,Prevotella sp900313215,Prevotella sp900551275,Prevotella copri_A,Prevotella stercorea,Prevotella sp015074785,Prevotella copri,Paraprevotella clara,Paraprevotella xylaniphila,Alistipes onderdonkii,Alistipes finegoldii,Alistipes shahii,Alistipes putredinis,Alistipes_A indistinctus,Parabacteroides distasonis,Parabacteroides goldsteinii,Parabacteroides distasonis_A,Parabacteroides gordonii,Parabacteroides merdae,Parabacteroides johnsonii,Parabacteroides timonensis,Butyricimonas virosa,Odoribacter splanchnicus,Barnesiella intestinihominis,Parasutterella excrementihominis,Escherichia coli,Escherichia fergusonii,Escherichia ruysiae,Escherichia sp005843885,Escherichia coli_E,Escherichia albertii,Hafnia alvei,Klebsiella pneumoniae,Akkermansia muciniphila,Akkermansia muciniphila_B,Erysipelatoclostridium ramosum,Catenibacterium sp000437715,Catenibacterium mitsuokai,Holdemania filiformis,Holdemanella biformis,Streptococcus salivarius,Streptococcus sp001556435,Streptococcus thermophilus,Adlercreutzia celatus_A,Bifidobacterium longum,Bifidobacterium pseudocatenulatum,Bifidobacterium catenulatum,Bifidobacterium ruminantium,Bifidobacterium bifidum,Desulfovibrio sp900556755,Bilophila wadsworthia,Dialister invisus,Veillonella parvula_A,Phascolarctobacterium_A succinatutens,Acidaminococcus fermentans,Mitsuokella multacida,Ligilactobacillus ruminis,Sutterella wadsworthensis,Acidaminococcus intestini,Phascolarctobacterium_A succinatutens_A,Megasphaera elsdenii
Flavonifractor plautii,0.0,0.5581418188960912,0.5581418188960912,0.5581418188960912,0.5581418188960912,0.5581418188960912,0.5581418188960912,0.5581418188960912,0.5581418188960912,0.5581418188960912,0.5581418188960912,0.58009768009768,0.58009768009768,0.5404632152588555,0.7038667951011421,0.7038667951011421,0.5399670374948495,0.4697537473233405,0.4697537473233405,0.6392642642642643,0.7327236521867395,0.7327236521867395,0.7395812562313061,0.6479134466769707,0.5784684592577446,0.6876753319618478,0.5190695477624276,0.6427249972793557,0.6320766008378217,0.6320766008378217,0.5238273453093812,0.6482412060301508,0.6469997993176801,0.586032038723061,0.5729537366548043,0.6740641111858328,0.6740641111858328,0.6175614300687085,0.4532520325203252,0.6198496526786563,0.5019830028328611,0.4926241710650968,0.5627362055933485,0.5972831470213669,0.7495008319467554,0.4620116186353799,0.8189451022604952,0.8255805488825799,0.8170238273640043,0.6584418551519305,0.7870962243245547,0.8170238273640043,0.8057793616361946,0.8219187824479055,0.796388336646786,0.806165028940638,0.7515933844292053,0.7992644543277454,0.8057793616361946,0.6571555951850201,0.6831149619611159,0.6953684886084073,0.8219187824479055,0.6668497363796133,0.806165028940638,0.7623785832741057,0.7903668579985026,0.7892109380821102,0.8196601941747572,0.6827570970948857,0.7903690369036904,0.8067528136723635,0.7497393117831074,0.7497393117831074,0.7497393117831074,0.7081908929303979,0.7497393117831074,0.7497393117831074,0.741396997109018,0.7394711992445704,0.6259092049159769,0.647051914493775,0.7265876298134363,0.7417147457399704,0.6828001854427446,0.7860054851382403,0.649352040269894,0.7860054851382403,0.6348523599162985,0.7762909319899245,0.7597003619223971,0.649352040269894,0.6555674901539563,0.7224828581739444,0.7872845585648962,0.6774875621890547,0.77087023914969,0.6662869294448241,0.77087023914969,0.77087023914969,0.77087023914969,0.6810756830016407,0.7156368614274158,0.6921899946780202,0.7891844536476584,0.7891844536476584,0.7117786391042205,0.7045348837209302,0.7045348837209302,0.7917376007263648,0.744307577454274,0.6513476586759408,0.6513476586759408,0.7120854724573331,0.5797665369649805,0.8246713852376137,0.8157385263637399,0.719765798505956,0.6887831747621432,0.78983250568134,0.6862566636328176,0.6935090828533452,0.6844317873609981,0.6486984282907662,0.6165311653116532,0.582270325988919,0.7126625038386734,0.7327001356852103,0.724937425899091,0.6409666283084005,0.6165311653116532,0.5814967002863902
Faecalibacterium prausnitzii_C,0.5581418188960912,0.0,0.0,0.0,0.0,0.0,0.0,0.0,0.0,0.0,0.0,0.46326977180368867,0.46326977180368867,0.6172148355493352,0.7152372169279639,0.7152372169279639,0.35727177733447324,0.5274714155620763,0.5274714155620763,0.4249061326658323,0.5767963547143358,0.5767963547143358,0.6537114546852311,0.5681918363748568,0.5104130206510326,0.6145707131895646,0.5688568034359864,0.48307063631056624,0.5020593080724877,0.5020593080724877,0.53841642228739,0.5498862244004901,0.5481811822315494,0.5557954012200845,0.5652263374485597,0.5085303801257108,0.5085303801257108,0.5906355772846935,0.5363544813695871,0.5514548742396843,0.4841822061415716,0.5711565443976749,0.49251644736842104,0.6587072869493619,0.614292258360055,0.5389416315049227,0.7350090462651848,0.7374909830152797,0.7255998921542195,0.7090245809085381,0.7178539757611587,0.7255998921542195,0.7192315665814387,0.7252120976620685,0.6891711229946524,0.7190148630389387,0.6988803358992302,0.7348473676448901,0.7192315665814387,0.7036752136752137,0.7213195470211718,0.7248355673965532,0.7252120976620685,0.6977379428083653,0.7190148630389387,0.6943440800444691,0.7258297258297258,0.7050210603730694,0.753835327234342,0.7156151284897123,0.727091020910209,0.7467107628154432,0.6535669344690737,0.6535669344690737,0.6535669344690737,0.7708109165606964,0.6535669344690737,0.6535669344690737,0.6949179168957662,0.6934306569343065,0.6679284565155673,0.6818550202611436,0.6882775674213739,0.7842202548886078,0.6407500392279931,0.7163736914872605,0.6783733826247689,0.7163736914872605,0.6778756338404057,0.6806390047359865,0.6865528909813152,0.6783733826247689,0.7235779572277931,0.7545100172241864,0.7233881926619357,0.7148864592094197,0.6942711287577992,0.6651174799896721,0.6942711287577992,0.6942711287577992,0.6942711287577992,0.6782677839623219,0.6503834138028969,0.6713719085394307,0.7106263194933146,0.7106263194933146,0.5923852183650615,0.6184847897694246,0.6184847897694246,0.7452142206016408,0.7046769291106971,0.700418410041841,0.700418410041841,0.7438209076175041,0.671811211789306,0.7258244483015126,0.7011913912375096,0.6174643450870592,0.7024627720504009,0.6746705044690198,0.6949269640742203,0.693702373653324,0.7465780211184982,0.6691793083953641,0.6750497017892645,0.6423764660642184,0.5913660025130139,0.6034701237937421,0.7676456427539721,0.6653722939520434,0.6750497017892645,0.6410376474995317
Faecalibacterium prausnitzii,0.5581418188960912,0.0,0.0,0.0,0.0,0.0,0.0,0.0,0.0,0.0,0.0,0.46326977180368867,0.46326977180368867,0.6172148355493352,0.7152372169279639,0.7152372169279639,0.35727177733447324,0.5274714155620763,0.5274714155620763,0.4249061326658323,0.5767963547143358,0.5767963547143358,0.6537114546852311,0.5681918363748568,0.5104130206510326,0.6145707131895646,0.5688568034359864,0.48307063631056624,0.5020593080724877,0.5020593080724877,0.53841642228739,0.5498862244004901,0.5481811822315494,0.5557954012200845,0.5652263374485597,0.5085303801257108,0.5085303801257108,0.5906355772846935,0.5363544813695871,0.5514548742396843,0.4841822061415716,0.5711565443976749,0.49251644736842104,0.6587072869493619,0.614292258360055,0.5389416315049227,0.7350090462651848,0.7374909830152797,0.7255998921542195,0.7090245809085381,0.7178539757611587,0.7255998921542195,0.7192315665814387,0.7252120976620685,0.6891711229946524,0.7190148630389387,0.6988803358992302,0.7348473676448901,0.7192315665814387,0.7036752136752137,0.7213195470211718,0.7248355673965532,0.7252120976620685,0.6977379428083653,0.7190148630389387,0.6943440800444691,0.7258297258297258,0.7050210603730694,0.753835327234342,0.7156151284897123,0.727091020910209,0.7467107628154432,0.6535669344690737,0.6535669344690737,0.6535669344690737,0.7708109165606964,0.6535669344690737,0.6535669344690737,0.6949179168957662,0.6934306569343065,0.6679284565155673,0.6818550202611436,0.6882775674213739,0.7842202548886078,0.6407500392279931,0.7163736914872605,0.6783733826247689,0.7163736914872605,0.6778756338404057,0.6806390047359865,0.6865528909813152,0.6783733826247689,0.7235779572277931,0.7545100172241864,0.7233881926619357,0.7148864592094197,0.6942711287577992,0.6651174799896721,0.6942711287577992,0.6942711287577992,0.6942711287577992,0.6782677839623219,0.6503834138028969,0.6713719085394307,0.7106263194933146,0.7106263194933146,0.5923852183650615,0.6184847897694246,0.6184847897694246,0.7452142206016408,0.7046769291106971,0.700418410041841,0.700418410041841,0.7438209076175041,0.671811211789306,0.7258244483015126,0.7011913912375096,0.6174643450870592,0.7024627720504009,0.6746705044690198,0.6949269640742203,0.693702373653324,0.7465780211184982,0.6691793083953641,0.6750497017892645,0.6423764660642184,0.5913660025130139,0.6034701237937421,0.7676456427539721,0.6653722939520434,0.6750497017892645,0.6410376474995317
Faecalibacterium sp900539885,0.5581418188960912,0.0,0.0,0.0,0.0,0.0,0.0,0.0,0.0,0.0,0.0,0.46326977180368867,0.46326977180368867,0.6172148355493352,0.7152372169279639,0.7152372169279639,0.35727177733447324,0.5274714155620763,0.5274714155620763,0.4249061326658323,0.5767963547143358,0.5767963547143358,0.6537114546852311,0.5681918363748568,0.5104130206510326,0.6145707131895646,0.5688568034359864,0.48307063631056624,0.5020593080724877,0.5020593080724877,0.53841642228739,0.5498862244004901,0.5481811822315494,0.5557954012200845,0.5652263374485597,0.5085303801257108,0.5085303801257108,0.5906355772846935,0.5363544813695871,0.5514548742396843,0.4841822061415716,0.5711565443976749,0.49251644736842104,0.6587072869493619,0.614292258360055,0.5389416315049227,0.7350090462651848,0.7374909830152797,0.7255998921542195,0.7090245809085381,0.7178539757611587,0.7255998921542195,0.7192315665814387,0.7252120976620685,0.6891711229946524,0.7190148630389387,0.6988803358992302,0.7348473676448901,0.7192315665814387,0.7036752136752137,0.7213195470211718,0.7248355673965532,0.7252120976620685,0.6977379428083653,0.7190148630389387,0.6943440800444691,0.7258297258297258,0.7050210603730694,0.753835327234342,0.7156151284897123,0.727091020910209,0.7467107628154432,0.6535669344690737,0.6535669344690737,0.6535669344690737,0.7708109165606964,0.6535669344690737,0.6535669344690737,0.6949179168957662,0.6934306569343065,0.6679284565155673,0.6818550202611436,0.6882775674213739,0.7842202548886078,0.6407500392279931,0.7163736914872605,0.6783733826247689,0.7163736914872605,0.6778756338404057,0.6806390047359865,0.6865528909813152,0.6783733826247689,0.7235779572277931,0.7545100172241864,0.7233881926619357,0.7148864592094197,0.6942711287577992,0.6651174799896721,0.6942711287577992,0.6942711287577992,0.6942711287577992,0.6782677839623219,0.6503834138028969,0.6713719085394307,0.7106263194933146,0.7106263194933146,0.5923852183650615,0.6184847897694246,0.6184847897694246,0.7452142206016408,0.7046769291106971,0.700418410041841,0.700418410041841,0.7438209076175041,0.671811211789306,0.7258244483015126,0.7011913912375096,0.6174643450870592,0.7024627720504009,0.6746705044690198,0.6949269640742203,0.693702373653324,0.7465780211184982,0.6691793083953641,0.6750497017892645,0.6423764660642184,0.5913660025130139,0.6034701237937421,0.7676456427539721,0.6653722939520434,0.6750497017892645,0.6410376474995317
Faecalibacterium prausnitzii_G,0.5581418188960912,0.0,0.0,0.0,0.0,0.0,0.0,0.0,0.0,0.0,0.0,0.46326977180368867,0.46326977180368867,0.6172148355493352,0.7152372169279639,0.7152372169279639,0.35727177733447324,0.5274714155620763,0.5274714155620763,0.4249061326658323,0.5767963547143358,0.5767963547143358,0.6537114546852311,0.5681918363748568,0.5104130206510326,0.6145707131895646,0.5688568034359864,0.48307063631056624,0.5020593080724877,0.5020593080724877,0.53841642228739,0.5498862244004901,0.5481811822315494,0.5557954012200845,0.5652263374485597,0.5085303801257108,0.5085303801257108,0.5906355772846935,0.5363544813695871,0.5514548742396843,0.4841822061415716,0.5711565443976749,0.49251644736842104,0.6587072869493619,0.614292258360055,0.5389416315049227,0.7350090462651848,0.7374909830152797,0.7255998921542195,0.7090245809085381,0.7178539757611587,0.7255998921542195,0.7192315665814387,0.7252120976620685,0.6891711229946524,0.7190148630389387,0.6988803358992302,0.7348473676448901,0.7192315665814387,0.7036752136752137,0.7213195470211718,0.7248355673965532,0.7252120976620685,0.6977379428083653,0.7190148630389387,0.6943440800444691,0.7258297258297258,0.7050210603730694,0.753835327234342,0.7156151284897123,0.727091020910209,0.7467107628154432,0.6535669344690737,0.6535669344690737,0.6535669344690737,0.7708109165606964,0.6535669344690737,0.6535669344690737,0.6949179168957662,0.6934306569343065,0.6679284565155673,0.6818550202611436,0.6882775674213739,0.7842202548886078,0.6407500392279931,0.7163736914872605,0.6783733826247689,0.7163736914872605,0.6778756338404057,0.6806390047359865,0.6865528909813152,0.6783733826247689,0.7235779572277931,0.7545100172241864,0.7233881926619357,0.7148864592094197,0.6942711287577992,0.6651174799896721,0.6942711287577992,0.6942711287577992,0.6942711287577992,0.6782677839623219,0.6503834138028969,0.6713719085394307,0.7106263194933146,0.7106263194933146,0.5923852183650615,0.6184847897694246,0.6184847897694246,0.7452142206016408,0.7046769291106971,0.700418410041841,0.700418410041841,0.7438209076175041,0.671811211789306,0.7258244483015126,0.7011913912375096,0.6174643450870592,0.7024627720504009,0.6746705044690198,0.6949269640742203,0.693702373653324,0.7465780211184982,0.6691793083953641,0.6750497017892645,0.6423764660642184,0.5913660025130139,0.6034701237937421,0.7676456427539721,0.6653722939520434,0.6750497017892645,0.6410376474995317
Faecalibacterium prausnitzii_J,0.5581418188960912,0.0,0.0,0.0,0.0,0.0,0.0,0.0,0.0,0.0,0.0,0.46326977180368867,0.46326977180368867,0.6172148355493352,0.7152372169279639,0.7152372169279639,0.35727177733447324,0.5274714155620763,0.5274714155620763,0.4249061326658323,0.5767963547143358,0.5767963547143358,0.6537114546852311,0.5681918363748568,0.5104130206510326,0.6145707131895646,0.5688568034359864,0.48307063631056624,0.5020593080724877,0.5020593080724877,0.53841642228739,0.5498862244004901,0.5481811822315494,0.5557954012200845,0.5652263374485597,0.5085303801257108,0.5085303801257108,0.5906355772846935,0.5363544813695871,0.5514548742396843,0.4841822061415716,0.5711565443976749,0.49251644736842104,0.6587072869493619,0.614292258360055,0.5389416315049227,0.7350090462651848,0.7374909830152797,0.7255998921542195,0.7090245809085381,0.7178539757611587,0.7255998921542195,0.7192315665814387,0.7252120976620685,0.6891711229946524,0.7190148630389387,0.6988803358992302,0.7348473676448901,0.7192315665814387,0.7036752136752137,0.7213195470211718,0.7248355673965532,0.7252120976620685,0.6977379428083653,0.7190148630389387,0.6943440800444691,0.7258297258297258,0.7050210603730694,0.753835327234342,0.7156151284897123,0.727091020910209,0.7467107628154432,0.6535669344690737,0.6535669344690737,0.6535669344690737,0.7708109165606964,0.6535669344690737,0.6535669344690737,0.6949179168957662,0.6934306569343065,0.6679284565155673,0.6818550202611436,0.6882775674213739,0.7842202548886078,0.6407500392279931,0.7163736914872605,0.6783733826247689,0.7163736914872605,0.6778756338404057,0.6806390047359865,0.6865528909813152,0.6783733826247689,0.7235779572277931,0.7545100172241864,0.7233881926619357,0.7148864592094197,0.6942711287577992,0.6651174799896721,0.6942711287577992,0.6942711287577992,0.6942711287577992,0.6782677839623219,0.6503834138028969,0.6713719085394307,0.7106263194933146,0.7106263194933146,0.5923852183650615,0.6184847897694246,0.6184847897694246,0.7452142206016408,0.7046769291106971,0.700418410041841,0.700418410041841,0.7438209076175041,0.671811211789306,0.7258244483015126,0.7011913912375096,0.6174643450870592,0.7024627720504009,0.6746705044690198,0.6949269640742203,0.693702373653324,0.7465780211184982,0.6691793083953641,0.6750497017892645,0.6423764660642184,0.5913660025130139,0.6034701237937421,0.7676456427539721,0.6653722939520434,0.6750497017892645,0.6410376474995317
Faecalibacterium prausnitzii_A,0.5581418188960912,0.0,0.0,0.0,0.0,0.0,0.0,0.0,0.0,0.0,0.0,0.46326977180368867,0.46326977180368867,0.6172148355493352,0.7152372169279639,0.7152372169279639,0.35727177733447324,0.5274714155620763,0.5274714155620763,0.4249061326658323,0.5767963547143358,0.5767963547143358,0.6537114546852311,0.5681918363748568,0.5104130206510326,0.6145707131895646,0.5688568034359864,0.48307063631056624,0.5020593080724877,0.5020593080724877,0.53841642228739,0.5498862244004901,0.5481811822315494,0.5557954012200845,0.5652263374485597,0.5085303801257108,0.5085303801257108,0.5906355772846935,0.5363544813695871,0.5514548742396843,0.4841822061415716,0.5711565443976749,0.49251644736842104,0.6587072869493619,0.614292258360055,0.5389416315049227,0.7350090462651848,0.7374909830152797,0.7255998921542195,0.7090245809085381,0.7178539757611587,0.7255998921542195,0.7192315665814387,0.7252120976620685,0.6891711229946524,0.7190148630389387,0.6988803358992302,0.7348473676448901,0.7192315665814387,0.7036752136752137,0.7213195470211718,0.7248355673965532,0.7252120976620685,0.6977379428083653,0.7190148630389387,0.6943440800444691,0.7258297258297258,0.7050210603730694,0.753835327234342,0.7156151284897123,0.727091020910209,0.7467107628154432,0.6535669344690737,0.6535669344690737,0.6535669344690737,0.7708109165606964,0.6535669344690737,0.6535669344690737,0.6949179168957662,0.6934306569343065,0.6679284565155673,0.6818550202611436,0.6882775674213739,0.7842202548886078,0.6407500392279931,0.7163736914872605,0.6783733826247689,0.7163736914872605,0.6778756338404057,0.6806390047359865,0.6865528909813152,0.6783733826247689,0.7235779572277931,0.7545100172241864,0.7233881926619357,0.7148864592094197,0.6942711287577992,0.6651174799896721,0.6942711287577992,0.6942711287577992,0.6942711287577992,0.6782677839623219,0.6503834138028969,0.6713719085394307,0.7106263194933146,0.7106263194933146,0.5923852183650615,0.6184847897694246,0.6184847897694246,0.7452142206016408,0.7046769291106971,0.700418410041841,0.700418410041841,0.7438209076175041,0.671811211789306,0.7258244483015126,0.7011913912375096,0.6174643450870592,0.7024627720504009,0.6746705044690198,0.6949269640742203,0.693702373653324,0.7465780211184982,0.6691793083953641,0.6750497017892645,0.6423764660642184,0.5913660025130139,0.6034701237937421,0.7676456427539721,0.6653722939520434,0.6750497017892645,0.6410376474995317
Faecalibacterium sp900758465,0.5581418188960912,0.0,0.0,0.0,0.0,0.0,0.0,0.0,0.0,0.0,0.0,0.46326977180368867,0.46326977180368867,0.6172148355493352,0.7152372169279639,0.7152372169279639,0.35727177733447324,0.5274714155620763,0.5274714155620763,0.4249061326658323,0.5767963547143358,0.5767963547143358,0.6537114546852311,0.5681918363748568,0.5104130206510326,0.6145707131895646,0.5688568034359864,0.48307063631056624,0.5020593080724877,0.5020593080724877,0.53841642228739,0.5498862244004901,0.5481811822315494,0.5557954012200845,0.5652263374485597,0.5085303801257108,0.5085303801257108,0.5906355772846935,0.5363544813695871,0.5514548742396843,0.4841822061415716,0.5711565443976749,0.49251644736842104,0.6587072869493619,0.614292258360055,0.5389416315049227,0.7350090462651848,0.7374909830152797,0.7255998921542195,0.7090245809085381,0.7178539757611587,0.7255998921542195,0.7192315665814387,0.7252120976620685,0.6891711229946524,0.7190148630389387,0.6988803358992302,0.7348473676448901,0.7192315665814387,0.7036752136752137,0.7213195470211718,0.7248355673965532,0.7252120976620685,0.6977379428083653,0.7190148630389387,0.6943440800444691,0.7258297258297258,0.7050210603730694,0.753835327234342,0.7156151284897123,0.727091020910209,0.7467107628154432,0.6535669344690737,0.6535669344690737,0.6535669344690737,0.7708109165606964,0.6535669344690737,0.6535669344690737,0.6949179168957662,0.6934306569343065,0.6679284565155673,0.6818550202611436,0.6882775674213739,0.7842202548886078,0.6407500392279931,0.7163736914872605,0.6783733826247689,0.7163736914872605,0.6778756338404057,0.6806390047359865,0.6865528909813152,0.6783733826247689,0.7235779572277931,0.7545100172241864,0.7233881926619357,0.7148864592094197,0.6942711287577992,0.6651174799896721,0.6942711287577992,0.6942711287577992,0.6942711287577992,0.6782677839623219,0.6503834138028969,0.6713719085394307,0.7106263194933146,0.7106263194933146,0.5923852183650615,0.6184847897694246,0.6184847897694246,0.7452142206016408,0.7046769291106971,0.700418410041841,0.700418410041841,0.7438209076175041,0.671811211789306,0.7258244483015126,0.7011913912375096,0.6174643450870592,0.7024627720504009,0.6746705044690198,0.6949269640742203,0.693702373653324,0.7465780211184982,0.6691793083953641,0.6750497017892645,0.6423764660642184,0.5913660025130139,0.6034701237937421,0.7676456427539721,0.6653722939520434,0.6750497017892645,0.6410376474995317
Faecalibacterium prausnitzii_H,0.5581418188960912,0.0,0.0,0.0,0.0,0.0,0.0,0.0,0.0,0.0,0.0,0.46326977180368867,0.46326977180368867,0.6172148355493352,0.7152372169279639,0.7152372169279639,0.35727177733447324,0.5274714155620763,0.5274714155620763,0.4249061326658323,0.5767963547143358,0.5767963547143358,0.6537114546852311,0.5681918363748568,0.5104130206510326,0.6145707131895646,0.5688568034359864,0.48307063631056624,0.5020593080724877,0.5020593080724877,0.53841642228739,0.5498862244004901,0.5481811822315494,0.5557954012200845,0.5652263374485597,0.5085303801257108,0.5085303801257108,0.5906355772846935,0.5363544813695871,0.5514548742396843,0.4841822061415716,0.5711565443976749,0.49251644736842104,0.6587072869493619,0.614292258360055,0.5389416315049227,0.7350090462651848,0.7374909830152797,0.7255998921542195,0.7090245809085381,0.7178539757611587,0.7255998921542195,0.7192315665814387,0.7252120976620685,0.6891711229946524,0.7190148630389387,0.6988803358992302,0.7348473676448901,0.7192315665814387,0.7036752136752137,0.7213195470211718,0.7248355673965532,0.7252120976620685,0.6977379428083653,0.7190148630389387,0.6943440800444691,0.7258297258297258,0.7050210603730694,0.753835327234342,0.7156151284897123,0.727091020910209,0.7467107628154432,0.6535669344690737,0.6535669344690737,0.6535669344690737,0.7708109165606964,0.6535669344690737,0.6535669344690737,0.6949179168957662,0.6934306569343065,0.6679284565155673,0.6818550202611436,0.6882775674213739,0.7842202548886078,0.6407500392279931,0.7163736914872605,0.6783733826247689,0.7163736914872605,0.6778756338404057,0.6806390047359865,0.6865528909813152,0.6783733826247689,0.7235779572277931,0.7545100172241864,0.7233881926619357,0.7148864592094197,0.6942711287577992,0.6651174799896721,0.6942711287577992,0.6942711287577992,0.6942711287577992,0.6782677839623219,0.6503834138028969,0.6713719085394307,0.7106263194933146,0.7106263194933146,0.5923852183650615,0.6184847897694246,0.6184847897694246,0.7452142206016408,0.7046769291106971,0.700418410041841,0.700418410041841,0.7438209076175041,0.671811211789306,0.7258244483015126,0.7011913912375096,0.6174643450870592,0.7024627720504009,0.6746705044690198,0.6949269640742203,0.693702373653324,0.7465780211184982,0.6691793083953641,0.6750497017892645,0.6423764660642184,0.5913660025130139,0.6034701237937421,0.7676456427539721,0.6653722939520434,0.6750497017892645,0.6410376474995317
Faecalibacterium prausnitzii_E,0.5581418188960912,0.0,0.0,0.0,0.0,0.0,0.0,0.0,0.0,0.0,0.0,0.46326977180368867,0.46326977180368867,0.6172148355493352,0.7152372169279639,0.7152372169279639,0.35727177733447324,0.5274714155620763,0.5274714155620763,0.4249061326658323,0.5767963547143358,0.5767963547143358,0.6537114546852311,0.5681918363748568,0.5104130206510326,0.6145707131895646,0.5688568034359864,0.48307063631056624,0.5020593080724877,0.5020593080724877,0.53841642228739,0.5498862244004901,0.5481811822315494,0.5557954012200845,0.5652263374485597,0.5085303801257108,0.5085303801257108,0.5906355772846935,0.5363544813695871,0.5514548742396843,0.4841822061415716,0.5711565443976749,0.49251644736842104,0.6587072869493619,0.614292258360055,0.5389416315049227,0.7350090462651848,0.7374909830152797,0.7255998921542195,0.7090245809085381,0.7178539757611587,0.7255998921542195,0.7192315665814387,0.7252120976620685,0.6891711229946524,0.7190148630389387,0.6988803358992302,0.7348473676448901,0.7192315665814387,0.7036752136752137,0.7213195470211718,0.7248355673965532,0.7252120976620685,0.6977379428083653,0.7190148630389387,0.6943440800444691,0.7258297258297258,0.7050210603730694,0.753835327234342,0.7156151284897123,0.727091020910209,0.7467107628154432,0.6535669344690737,0.6535669344690737,0.6535669344690737,0.7708109165606964,0.6535669344690737,0.6535669344690737,0.6949179168957662,0.6934306569343065,0.6679284565155673,0.6818550202611436,0.6882775674213739,0.7842202548886078,0.6407500392279931,0.7163736914872605,0.6783733826247689,0.7163736914872605,0.6778756338404057,0.6806390047359865,0.6865528909813152,0.6783733826247689,0.7235779572277931,0.7545100172241864,0.7233881926619357,0.7148864592094197,0.6942711287577992,0.6651174799896721,0.6942711287577992,0.6942711287577992,0.6942711287577992,0.6782677839623219,0.6503834138028969,0.6713719085394307,0.7106263194933146,0.7106263194933146,0.5923852183650615,0.6184847897694246,0.6184847897694246,0.7452142206016408,0.7046769291106971,0.700418410041841,0.700418410041841,0.7438209076175041,0.671811211789306,0.7258244483015126,0.7011913912375096,0.6174643450870592,0.7024627720504009,0.6746705044690198,0.6949269640742203,0.693702373653324,0.7465780211184982,0.6691793083953641,0.6750497017892645,0.6423764660642184,0.5913660025130139,0.6034701237937421,0.7676456427539721,0.6653722939520434,0.6750497017892645,0.6410376474995317
Faecalibacterium prausnitzii_F,0.5581418188960912,0.0,0.0,0.0,0.0,0.0,0.0,0.0,0.0,0.0,0.0,0.46326977180368867,0.46326977180368867,0.6172148355493352,0.7152372169279639,0.7152372169279639,0.35727177733447324,0.5274714155620763,0.5274714155620763,0.4249061326658323,0.5767963547143358,0.5767963547143358,0.6537114546852311,0.5681918363748568,0.5104130206510326,0.6145707131895646,0.5688568034359864,0.48307063631056624,0.5020593080724877,0.5020593080724877,0.53841642228739,0.5498862244004901,0.5481811822315494,0.5557954012200845,0.5652263374485597,0.5085303801257108,0.5085303801257108,0.5906355772846935,0.5363544813695871,0.5514548742396843,0.4841822061415716,0.5711565443976749,0.49251644736842104,0.6587072869493619,0.614292258360055,0.5389416315049227,0.7350090462651848,0.7374909830152797,0.7255998921542195,0.7090245809085381,0.7178539757611587,0.7255998921542195,0.7192315665814387,0.7252120976620685,0.6891711229946524,0.7190148630389387,0.6988803358992302,0.7348473676448901,0.7192315665814387,0.7036752136752137,0.7213195470211718,0.7248355673965532,0.7252120976620685,0.6977379428083653,0.7190148630389387,0.6943440800444691,0.7258297258297258,0.7050210603730694,0.753835327234342,0.7156151284897123,0.727091020910209,0.7467107628154432,0.6535669344690737,0.6535669344690737,0.6535669344690737,0.7708109165606964,0.6535669344690737,0.6535669344690737,0.6949179168957662,0.6934306569343065,0.6679284565155673,0.6818550202611436,0.6882775674213739,0.7842202548886078,0.6407500392279931,0.7163736914872605,0.6783733826247689,0.7163736914872605,0.6778756338404057,0.6806390047359865,0.6865528909813152,0.6783733826247689,0.7235779572277931,0.7545100172241864,0.7233881926619357,0.7148864592094197,0.6942711287577992,0.6651174799896721,0.6942711287577992,0.6942711287577992,0.6942711287577992,0.6782677839623219,0.6503834138028969,0.6713719085394307,0.7106263194933146,0.7106263194933146,0.5923852183650615,0.6184847897694246,0.6184847897694246,0.7452142206016408,0.7046769291106971,0.700418410041841,0.700418410041841,0.7438209076175041,0.671811211789306,0.7258244483015126,0.7011913912375096,0.6174643450870592,0.7024627720504009,0.6746705044690198,0.6949269640742203,0.693702373653324,0.7465780211184982,0.6691793083953641,0.6750497017892645,0.6423764660642184,0.5913660025130139,0.6034701237937421,0.7676456427539721,0.6653722939520434,0.6750497017892645,0.6410376474995317
Gemmiger formicilis,0.58009768009768,0.46326977180368867,0.46326977180368867,0.46326977180368867,0.46326977180368867,0.46326977180368867,0.46326977180368867,0.46326977180368867,0.46326977180368867,0.46326977180368867,0.46326977180368867,0.0,0.0,0.47911963882618513,0.5644673123486683,0.5644673123486683,0.493653480008462,0.571304347826087,0.571304347826087,0.40028552602679557,0.5483463771774804,0.5483463771774804,0.5076326914044151,0.4263214413554468,0.5064143681847337,0.4785282693137678,0.628114459797628,0.33346624136097824,0.3541875447387258,0.3541875447387258,0.5858585858585859,0.348564447159438,0.3395417228280848,0.40723047127178824,0.4021707245526548,0.4731776180698152,0.4731776180698152,0.3956457465394436,0.5808923495241627,0.5655640874187833,0.47433689286944536,0.5156974433699828,0.5366344219902308,0.5203854707190512,0.6021664660679567,0.5957777087860913,0.7024968592964824,0.7090604829070045,0.6877172653534183,0.7275371687136394,0.670324560587743,0.6877172653534183,0.674259290974482,0.6971643427855241,0.6437796153488804,0.7198935940757782,0.7010197258441992,0.6842645275627274,0.674259290974482,0.7233930453108535,0.7488766849725412,0.7531516876779178,0.6971643427855241,0.725031341412453,0.7198935940757782,0.7048222514812377,0.6813504242643076,0.6883440514469453,0.705529058470235,0.7433721052080059,0.6602519591310385,0.6959281762945497,0.5445040214477213,0.5445040214477213,0.5445040214477213,0.7587736464448793,0.5445040214477213,0.5445040214477213,0.7236024844720497,0.7189916929246634,0.6921342982560209,0.7122374124708236,0.6689292543021033,0.7773462783171521,0.6261430359033593,0.7072557188900244,0.7205570693309113,0.7072557188900244,0.7121046892039258,0.6391527935152097,0.6413033501606241,0.7205570693309113,0.7657117961006427,0.750496901671928,0.6648039310145486,0.7395452939097655,0.7151675993769111,0.7201974735007985,0.7151675993769111,0.7151675993769111,0.7151675993769111,0.7372754491017964,0.6621010466468535,0.7259575017761416,0.66064380317516,0.66064380317516,0.3784366576819407,0.3819835426591598,0.3819835426591598,0.585555848956958,0.6260481471463348,0.7368481905422593,0.7368481905422593,0.6646193400942723,0.630043947263284,0.7035775127768313,0.5781823121858443,0.5766439656134866,0.7258551915870906,0.6199484092863284,0.6259119156984598,0.5972090823084201,0.7637007973674219,0.6839415190776179,0.58968025250446,0.6766288105200239,0.44890197521776465,0.4000283808712928,0.724011521340665,0.6302983736714047,0.58968025250446,0.6225507873542493
Gemmiger sp900540775,0.58009768009768,0.46326977180368867,0.46326977180368867,0.46326977180368867,0.46326977180368867,0.46326977180368867,0.46326977180368867,0.46326977180368867,0.46326977180368867,0.46326977180368867,0.46326977180368867,0.0,0.0,0.47911963882618513,0.5644673123486683,0.5644673123486683,0.493653480008462,0.571304347826087,0.571304347826087,0.40028552602679557,0.5483463771774804,0.5483463771774804,0.5076326914044151,0.4263214413554468,0.5064143681847337,0.4785282693137678,0.628114459797628,0.33346624136097824,0.3541875447387258,0.3541875447387258,0.5858585858585859,0.348564447159438,0.3395417228280848,0.40723047127178824,0.4021707245526548,0.4731776180698152,0.4731776180698152,0.3956457465394436,0.5808923495241627,0.5655640874187833,0.47433689286944536,0.5156974433699828,0.5366344219902308,0.5203854707190512,0.6021664660679567,0.5957777087860913,0.7024968592964824,0.7090604829070045,0.6877172653534183,0.7275371687136394,0.670324560587743,0.6877172653534183,0.674259290974482,0.6971643427855241,0.6437796153488804,0.7198935940757782,0.7010197258441992,0.6842645275627274,0.674259290974482,0.7233930453108535,0.7488766849725412,0.7531516876779178,0.6971643427855241,0.725031341412453,0.7198935940757782,0.7048222514812377,0.6813504242643076,0.6883440514469453,0.705529058470235,0.7433721052080059,0.6602519591310385,0.6959281762945497,0.5445040214477213,0.5445040214477213,0.5445040214477213,0.7587736464448793,0.5445040214477213,0.5445040214477213,0.7236024844720497,0.7189916929246634,0.6921342982560209,0.7122374124708236,0.6689292543021033,0.7773462783171521,0.6261430359033593,0.7072557188900244,0.7205570693309113,0.7072557188900244,0.7121046892039258,0.6391527935152097,0.6413033501606241,0.7205570693309113,0.7657117961006427,0.750496901671928,0.6648039310145486,0.7395452939097655,0.7151675993769111,0.7201974735007985,0.7151675993769111,0.7151675993769111,0.7151675993769111,0.7372754491017964,0.6621010466468535,0.7259575017761416,0.66064380317516,0.66064380317516,0.3784366576819407,0.3819835426591598,0.3819835426591598,0.585555848956958,0.6260481471463348,0.7368481905422593,0.7368481905422593,0.6646193400942723,0.630043947263284,0.7035775127768313,0.5781823121858443,0.5766439656134866,0.7258551915870906,0.6199484092863284,0.6259119156984598,0.5972090823084201,0.7637007973674219,0.6839415190776179,0.58968025250446,0.6766288105200239,0.44890197521776465,0.4000283808712928,0.724011521340665,0.6302983736714047,0.58968025250446,0.6225507873542493
Anaerotruncus colihominis,0.5404632152588555,0.6172148355493352,0.6172148355493352,0.6172148355493352,0.6172148355493352,0.6172148355493352,0.6172148355493352,0.6172148355493352,0.6172148355493352,0.6172148355493352,0.6172148355493352,0.47911963882618513,0.47911963882618513,0.0,0.6257216164207826,0.6257216164207826,0.6044197737746124,0.5486082544906075,0.5486082544906075,0.622363507922091,0.6965126486313942,0.6965126486313942,0.6782111634162744,0.619770580296896,0.6444813622676773,0.582258064516129,0.6245147629690624,0.594558645707376,0.5574038723752386,0.5574038723752386,0.5664317410597755,0.5903344893164784,0.5866890380313199,0.5664072307306051,0.4963833634719711,0.6197838109602816,0.6197838109602816,0.5036654900896009,0.5510148107515085,0.6653308571987098,0.5736192782197624,0.4495177817962628,0.6289614356624667,0.3886222222222222,0.6766819072501633,0.5665571541860202,0.7857642940490082,0.7879460745440127,0.7742861831309484,0.7097347228801516,0.7417019275975553,0.7742861831309484,0.7631824743143415,0.8130805830375349,0.7521889821233126,0.7875807609475951,0.7731733914940022,0.7575357950263752,0.7631824743143415,0.6857176387747916,0.7135578201151971,0.7315001117818019,0.8130805830375349,0.6917014371812703,0.7875807609475951,0.7702837232453957,0.7589957400525695,0.7909404930130319,0.7749643366619116,0.723521954592601,0.7378446115288221,0.7638633859713551,0.7176576808977171,0.7176576808977171,0.7176576808977171,0.7170993733213966,0.7176576808977171,0.7176576808977171,0.7588812561334641,0.7529928172386273,0.664552781080724,0.6715637450199203,0.7458297174814386,0.7411070110701107,0.706969990319458,0.7821347345306251,0.6803545383148211,0.7821347345306251,0.6809541106671511,0.7277527700831026,0.709266660470304,0.6803545383148211,0.709613478691774,0.7247454972592012,0.7770953415855617,0.6722757497625187,0.7651650957034638,0.6932520134490578,0.7651650957034638,0.7651650957034638,0.7651650957034638,0.7046772890814303,0.7376745965941706,0.7118202985892343,0.7858230417864998,0.7858230417864998,0.6548886737657309,0.6400634249471459,0.6400634249471459,0.7600303759017846,0.7151793160967472,0.7212214130573655,0.7212214130573655,0.6821378340365682,0.5405700046721694,0.8198505869797226,0.7659904380410906,0.711984325677588,0.7023055143589052,0.7786404261081521,0.6065943992773262,0.6114423442851706,0.6827380952380953,0.6559025939650609,0.5181256925755897,0.6218783930510314,0.6685967302452316,0.6908884114747883,0.6673709628735285,0.6390203172836071,0.5181256925755897,0.5624488682847013
Ruminococcus_E bromii_B,0.7038667951011421,0.7152372169279639,0.7152372169279639,0.7152372169279639,0.7152372169279639,0.7152372169279639,0.7152372169279639,0.7152372169279639,0.7152372169279639,0.7152372169279639,0.7152372169279639,0.5644673123486683,0.5644673123486683,0.6257216164207826,0.0,0.0,0.6803773170999232,0.6424605493863238,0.6424605493863238,0.612975642608598,0.7453074163677318,0.7453074163677318,0.6657771000127081,0.6449024932115527,0.7028785706407852,0.7018558951965066,0.6681608606557377,0.5492977528089887,0.5943082046624282,0.5943082046624282,0.6192647477913935,0.6408222142084385,0.6221601263515977,0.6142055563158615,0.5761600262338088,0.7082277637018268,0.7082277637018268,0.5870733478576615,0.6585648148148149,0.7141371060022885,0.6852225519287833,0.6336017013519673,0.6966191283534457,0.5126339969372129,0.7759521322062874,0.7166421873234663,0.7900431070915392,0.7858010762020482,0.7823487417454935,0.7212306872669153,0.7494309952410512,0.7823487417454935,0.7692878338278932,0.7757215619694398,0.7246988572016885,0.7972389325929354,0.7814442413162705,0.7416966363444044,0.7692878338278932,0.7060744611365121,0.7229303304046528,0.7224904701397713,0.7757215619694398,0.7233009708737864,0.7972389325929354,0.7767631103074141,0.7527162977867203,0.7796712802768166,0.7603585657370517,0.7137409598948061,0.7218827789092555,0.7484574249280131,0.5815975069706413,0.5815975069706413,0.5815975069706413,0.6889247890863399,0.5815975069706413,0.5815975069706413,0.7649042645778938,0.7608094658852151,0.6623159811807557,0.6715783508075942,0.7436447495441382,0.6966312376148442,0.7334103317933641,0.7841646737273659,0.7196673189823874,0.7841646737273659,0.7256073277578654,0.7744147768836869,0.7579642962816846,0.7196673189823874,0.8099151989562948,0.741351150705271,0.7644001272939429,0.7238839621223508,0.8324991269933651,0.795845048422368,0.8324991269933651,0.8324991269933651,0.8324991269933651,0.809742245522062,0.8199043062200957,0.8057544146723938,0.7431431046097585,0.7431431046097585,0.6362121632879756,0.6523887973640856,0.6523887973640856,0.801043429216018,0.7895538297548348,0.6918342839987992,0.6918342839987992,0.5854963344561126,0.6416078035654221,0.8090491394751187,0.7333537895059834,0.7256348246674729,0.7423007246376812,0.7544538328412909,0.5166759828582075,0.575350553505535,0.7082549991454452,0.6637515078407721,0.6224385245901639,0.6411042944785277,0.6349600942038467,0.6433702484286141,0.6774306774306774,0.585195065021674,0.6224385245901639,0.6789030138551635
Ruminococcus_E bromii,0.7038667951011421,0.7152372169279639,0.7152372169279639,0.7152372169279639,0.7152372169279639,0.7152372169279639,0.7152372169279639,0.7152372169279639,0.7152372169279639,0.7152372169279639,0.7152372169279639,0.5644673123486683,0.5644673123486683,0.6257216164207826,0.0,0.0,0.6803773170999232,0.6424605493863238,0.6424605493863238,0.612975642608598,0.7453074163677318,0.7453074163677318,0.6657771000127081,0.6449024932115527,0.7028785706407852,0.7018558951965066,0.6681608606557377,0.5492977528089887,0.5943082046624282,0.5943082046624282,0.6192647477913935,0.6408222142084385,0.6221601263515977,0.6142055563158615,0.5761600262338088,0.7082277637018268,0.7082277637018268,0.5870733478576615,0.6585648148148149,0.7141371060022885,0.6852225519287833,0.6336017013519673,0.6966191283534457,0.5126339969372129,0.7759521322062874,0.7166421873234663,0.7900431070915392,0.7858010762020482,0.7823487417454935,0.7212306872669153,0.7494309952410512,0.7823487417454935,0.7692878338278932,0.7757215619694398,0.7246988572016885,0.7972389325929354,0.7814442413162705,0.7416966363444044,0.7692878338278932,0.7060744611365121,0.7229303304046528,0.7224904701397713,0.7757215619694398,0.7233009708737864,0.7972389325929354,0.7767631103074141,0.7527162977867203,0.7796712802768166,0.7603585657370517,0.7137409598948061,0.7218827789092555,0.7484574249280131,0.5815975069706413,0.5815975069706413,0.5815975069706413,0.6889247890863399,0.5815975069706413,0.5815975069706413,0.7649042645778938,0.7608094658852151,0.6623159811807557,0.6715783508075942,0.7436447495441382,0.6966312376148442,0.7334103317933641,0.7841646737273659,0.7196673189823874,0.7841646737273659,0.7256073277578654,0.7744147768836869,0.7579642962816846,0.7196673189823874,0.8099151989562948,0.741351150705271,0.7644001272939429,0.7238839621223508,0.8324991269933651,0.795845048422368,0.8324991269933651,0.8324991269933651,0.8324991269933651,0.809742245522062,0.8199043062200957,0.8057544146723938,0.7431431046097585,0.7431431046097585,0.6362121632879756,0.6523887973640856,0.6523887973640856,0.801043429216018,0.7895538297548348,0.6918342839987992,0.6918342839987992,0.5854963344561126,0.6416078035654221,0.8090491394751187,0.7333537895059834,0.7256348246674729,0.7423007246376812,0.7544538328412909,0.5166759828582075,0.575350553505535,0.7082549991454452,0.6637515078407721,0.6224385245901639,0.6411042944785277,0.6349600942038467,0.6433702484286141,0.6774306774306774,0.585195065021674,0.6224385245901639,0.6789030138551635
Blautia_A obeum,0.5399670374948495,0.35727177733447324,0.35727177733447324,0.35727177733447324,0.35727177733447324,0.35727177733447324,0.35727177733447324,0.35727177733447324,0.35727177733447324,0.35727177733447324,0.35727177733447324,0.493653480008462,0.493653480008462,0.6044197737746124,0.6803773170999232,0.6803773170999232,0.0,0.4367278797996661,0.4367278797996661,0.39865244244806286,0.5464091643413129,0.5464091643413129,0.6166681781082797,0.5055091185410334,0.505745046593685,0.6042260607076975,0.48338670936749395,0.44894601542416457,0.46797599563557013,0.46797599563557013,0.46182515174102867,0.5350237139730025,0.5351292318893338,0.5195980899323518,0.5376496191512514,0.4596843003412969,0.4596843003412969,0.5524237881059471,0.4855322824443965,0.5177102277647874,0.4924776233098458,0.5373896394000639,0.4861559368099202,0.6089515770768548,0.5724573185532811,0.5100323624595469,0.7267142952527208,0.7355817875210793,0.7257617728531855,0.6794223162542544,0.6915009322560597,0.7257617728531855,0.7100536672629696,0.7133847702113385,0.6790475456577021,0.7132469174834019,0.6678942328938646,0.7000546490748693,0.7100536672629696,0.6664240880560357,0.6843253621923546,0.6877270713336288,0.7133847702113385,0.6729350368904086,0.7132469174834019,0.658744131455399,0.696580547112462,0.6938577660826812,0.7167263503431811,0.6742362061103511,0.686390048285457,0.7036611519607843,0.6087813992111273,0.6087813992111273,0.6087813992111273,0.7431995831162064,0.6087813992111273,0.6087813992111273,0.6415921740597066,0.6409230245231607,0.6522646007151371,0.6604417480329889,0.6646123905287058,0.7649361351462711,0.5857719475277497,0.6798748696558916,0.624220515137822,0.6798748696558916,0.6426815431164902,0.6715926549125759,0.651744773451465,0.624220515137822,0.6991938507686539,0.7180778918814184,0.7247920391821503,0.7031234700871438,0.688216947718983,0.6486468381564845,0.688216947718983,0.688216947718983,0.688216947718983,0.6585722458839235,0.6499651648862053,0.6453986983760112,0.7048346055979644,0.7048346055979644,0.591185850971296,0.622358008614645,0.622358008614645,0.7561684961065767,0.6996929375639713,0.6774668630338734,0.6774668630338734,0.7243672243672243,0.6644462947543713,0.710075923304594,0.6699039051318749,0.5689155048189389,0.6486988847583643,0.6554289332067109,0.6695961498221386,0.6721658986175115,0.7312725399278722,0.6610619469026549,0.6363926406466022,0.6181873541053486,0.5918783608381235,0.5729037587773647,0.7462001428134244,0.6535489119381737,0.6363926406466022,0.5986190333233263
Blautia_A wexlerae,0.4697537473233405,0.5274714155620763,0.5274714155620763,0.5274714155620763,0.5274714155620763,0.5274714155620763,0.5274714155620763,0.5274714155620763,0.5274714155620763,0.5274714155620763,0.5274714155620763,0.571304347826087,0.571304347826087,0.5486082544906075,0.6424605493863238,0.6424605493863238,0.4367278797996661,0.0,0.0,0.6020815095807801,0.6986876239890127,0.6986876239890127,0.6607448630136986,0.6296140054840751,0.5386655351649517,0.6295456785256726,0.45616216888446715,0.6310302761450594,0.5603821656050956,0.5603821656050956,0.34253752478051547,0.6340613144673434,0.6286066331245508,0.5240700218818382,0.5526244588744589,0.6399349139934913,0.6399349139934913,0.5921352355832634,0.3625417089801247,0.49434436531210724,0.48138267022387193,0.4300584628546984,0.5402109745475661,0.5261334538334086,0.7062244986543971,0.4339578454332552,0.7841560568833297,0.7932594435648044,0.7801838292568936,0.589264027204275,0.7497340425531915,0.7801838292568936,0.7694598728165499,0.7929945660155676,0.761437908496732,0.7757230255839822,0.712151728768043,0.7614850427350427,0.7694598728165499,0.6015954950727358,0.6446544335787276,0.6378103837471784,0.7929945660155676,0.6018162766329025,0.7757230255839822,0.7103625653364307,0.766854893908282,0.7539032307930128,0.7860141034251176,0.6231325863678805,0.76003726129483,0.7769443007415071,0.7005849378503535,0.7005849378503535,0.7005849378503535,0.662024407753051,0.7005849378503535,0.7005849378503535,0.6928718099149311,0.6983361228709264,0.5497522432034284,0.5791443183235625,0.7009841029523088,0.7062937062937062,0.6370413399167393,0.7415782544722374,0.575812892184826,0.7415782544722374,0.5437562688064193,0.729564930784443,0.7098825399629074,0.575812892184826,0.6469444781922002,0.6774234211521493,0.754398760142219,0.6173993156093709,0.7660014534071217,0.6491282448663309,0.7660014534071217,0.7660014534071217,0.7660014534071217,0.6645818181818182,0.705967701236437,0.6821187584345478,0.7446914813889582,0.7446914813889582,0.6359760313436276,0.6467190956008848,0.6467190956008848,0.7741258741258741,0.7436641028874038,0.608842214443148,0.608842214443148,0.6937785388127854,0.5392965696917065,0.7895657038953773,0.7662462462462463,0.6370643795461948,0.5624565791301932,0.7460401267159451,0.6311745334796927,0.6716383923488558,0.6513102282333052,0.6133350331463538,0.594059405940594,0.5584570519618239,0.696408000837784,0.6673081549194131,0.6916438356164383,0.6397668393782383,0.594059405940594,0.5579311227755729
Blautia_A wexlerae_B,0.4697537473233405,0.5274714155620763,0.5274714155620763,0.5274714155620763,0.5274714155620763,0.5274714155620763,0.5274714155620763,0.5274714155620763,0.5274714155620763,0.5274714155620763,0.5274714155620763,0.571304347826087,0.571304347826087,0.5486082544906075,0.6424605493863238,0.6424605493863238,0.4367278797996661,0.0,0.0,0.6020815095807801,0.6986876239890127,0.6986876239890127,0.6607448630136986,0.6296140054840751,0.5386655351649517,0.6295456785256726,0.45616216888446715,0.6310302761450594,0.5603821656050956,0.5603821656050956,0.34253752478051547,0.6340613144673434,0.6286066331245508,0.5240700218818382,0.5526244588744589,0.6399349139934913,0.6399349139934913,0.5921352355832634,0.3625417089801247,0.49434436531210724,0.48138267022387193,0.4300584628546984,0.5402109745475661,0.5261334538334086,0.7062244986543971,0.4339578454332552,0.7841560568833297,0.7932594435648044,0.7801838292568936,0.589264027204275,0.7497340425531915,0.7801838292568936,0.7694598728165499,0.7929945660155676,0.761437908496732,0.7757230255839822,0.712151728768043,0.7614850427350427,0.7694598728165499,0.6015954950727358,0.6446544335787276,0.6378103837471784,0.7929945660155676,0.6018162766329025,0.7757230255839822,0.7103625653364307,0.766854893908282,0.7539032307930128,0.7860141034251176,0.6231325863678805,0.76003726129483,0.7769443007415071,0.7005849378503535,0.7005849378503535,0.7005849378503535,0.662024407753051,0.7005849378503535,0.7005849378503535,0.6928718099149311,0.6983361228709264,0.5497522432034284,0.5791443183235625,0.7009841029523088,0.7062937062937062,0.6370413399167393,0.7415782544722374,0.575812892184826,0.7415782544722374,0.5437562688064193,0.729564930784443,0.7098825399629074,0.575812892184826,0.6469444781922002,0.6774234211521493,0.754398760142219,0.6173993156093709,0.7660014534071217,0.6491282448663309,0.7660014534071217,0.7660014534071217,0.7660014534071217,0.6645818181818182,0.705967701236437,0.6821187584345478,0.7446914813889582,0.7446914813889582,0.6359760313436276,0.6467190956008848,0.6467190956008848,0.7741258741258741,0.7436641028874038,0.608842214443148,0.608842214443148,0.6937785388127854,0.5392965696917065,0.7895657038953773,0.7662462462462463,0.6370643795461948,0.5624565791301932,0.7460401267159451,0.6311745334796927,0.6716383923488558,0.6513102282333052,0.6133350331463538,0.594059405940594,0.5584570519618239,0.696408000837784,0.6673081549194131,0.6916438356164383,0.6397668393782383,0.594059405940594,0.5579311227755729
Agathobacter sp900317585,0.6392642642642643,0.4249061326658323,0.4249061326658323,0.4249061326658323,0.4249061326658323,0.4249061326658323,0.4249061326658323,0.4249061326658323,0.4249061326658323,0.4249061326658323,0.4249061326658323,0.40028552602679557,0.40028552602679557,0.622363507922091,0.612975642608598,0.612975642608598,0.39865244244806286,0.6020815095807801,0.6020815095807801,0.0,0.5043484724596744,0.5043484724596744,0.5474547827708371,0.4888972525404591,0.5397953875498527,0.5721016321723036,0.6409130816505706,0.30099228224917307,0.46768344709897613,0.46768344709897613,0.5821654828181992,0.47425751792198123,0.40283991441353817,0.4220193006122237,0.5042920786699989,0.45861601085481685,0.45861601085481685,0.47061860993493754,0.5964208879327205,0.5533714854441403,0.5163896795519236,0.5326800792244345,0.47363552266419984,0.6271765836983229,0.5713944983304182,0.6269105487346529,0.700609633549943,0.7085393106250424,0.6773555586947309,0.7568162574089754,0.6820449834958164,0.6773555586947309,0.6863502970438766,0.6926531706663092,0.6442098727103385,0.6893185419968304,0.6927009372337405,0.6881230198593618,0.6863502970438766,0.7424687421330871,0.7537627447807088,0.756163708086785,0.6926531706663092,0.7456315526709936,0.6893185419968304,0.6930261956598076,0.6928656895004487,0.6608974806336799,0.7085912172119069,0.7465845842469219,0.6751071919747593,0.6738161131611315,0.5973641193297916,0.5973641193297916,0.5973641193297916,0.7806438909126711,0.5973641193297916,0.5973641193297916,0.7072057898049087,0.704708127882933,0.7324393358876118,0.7346170678336981,0.6956116504854368,0.7978526110297706,0.625951751222249,0.6731693913999175,0.7109102967998673,0.6731693913999175,0.7249435469862775,0.6235758433241492,0.6515602349889372,0.7109102967998673,0.7674216783823657,0.7591067179205565,0.686582397738871,0.7579168954786747,0.6990426908150065,0.7136671686746988,0.6990426908150065,0.6990426908150065,0.6990426908150065,0.7217085247270775,0.6648357870894677,0.7169543493072905,0.6493187402278311,0.6493187402278311,0.5185884691848907,0.5,0.5,0.695351517479831,0.6988216496904334,0.7453619497999273,0.7453619497999273,0.7385155362857438,0.6836734693877551,0.6480424684804247,0.6290090460526316,0.5902527075812274,0.7295633229137066,0.6089331619537275,0.6926623897353649,0.6736586244148361,0.7857623210683062,0.656355401368411,0.6731254415178121,0.6989267382174522,0.5362770072648363,0.48527679623085984,0.7665460944373839,0.6775514182668876,0.6731254415178121,0.6352380952380952
Mediterraneibacter faecis,0.7327236521867395,0.5767963547143358,0.5767963547143358,0.5767963547143358,0.5767963547143358,0.5767963547143358,0.5767963547143358,0.5767963547143358,0.5767963547143358,0.5767963547143358,0.5767963547143358,0.5483463771774804,0.5483463771774804,0.6965126486313942,0.7453074163677318,0.7453074163677318,0.5464091643413129,0.6986876239890127,0.6986876239890127,0.5043484724596744,0.0,0.0,0.4493971811852606,0.5765170502012607,0.6483212184146764,0.6394157552263602,0.7192017488188421,0.4960099750623441,0.5779816513761468,0.5779816513761468,0.7165232737701301,0.4571636598980665,0.4388789017813368,0.6105933519726623,0.6340004982974836,0.579949548376597,0.579949548376597,0.609649471425165,0.7130986553860099,0.6038848421782865,0.6562299408030812,0.6926437319603713,0.6217002977174992,0.7238971494290642,0.37206369225918334,0.7038769147349871,0.6030370136032901,0.5805820174866241,0.6307003517748642,0.8049686876333356,0.5720040281973817,0.6307003517748642,0.5856249579775432,0.5930623374976219,0.6198890486952948,0.5935091522157996,0.6062107697390156,0.5736051657839367,0.5856249579775432,0.7973727198475361,0.8104196816208393,0.8137940217029492,0.5930623374976219,0.7988365800865801,0.5935091522157996,0.6073904512753434,0.5812398845964394,0.566118140693634,0.6059184658894944,0.8075302433056952,0.5744203440538519,0.5595780041910543,0.6733489612804139,0.6733489612804139,0.6733489612804139,0.8262054997273507,0.6733489612804139,0.6733489612804139,0.695708535170908,0.6927158707187651,0.7975629215928048,0.8024872493537344,0.5905637166220421,0.8509154983528691,0.621689259645464,0.6109111574161773,0.7819347942276857,0.6109111574161773,0.7904708832543884,0.5289457224268539,0.5511032028469751,0.7819347942276857,0.8231112350153331,0.815735744494677,0.5663220088626293,0.8215761618212136,0.7451404861768818,0.7627688530714629,0.7451404861768818,0.7451404861768818,0.7451404861768818,0.7695958358848745,0.7185517712501219,0.7594464618706448,0.5418388068062461,0.5418388068062461,0.545409429280397,0.6304436636980145,0.6304436636980145,0.6846446187434301,0.6891632601985485,0.809750812567714,0.809750812567714,0.7944507361268403,0.7767567567567568,0.5822418987886614,0.7146983311938382,0.6823842775898064,0.8087484272074605,0.6229429181298629,0.7533692722371967,0.7236350311469403,0.8256304131217904,0.7664341890488203,0.7258752515090543,0.7699593044765076,0.6164081508515815,0.6259797517962116,0.8135856079404467,0.7557427258805514,0.7258752515090543,0.7366896858988639
Mediterraneibacter torques,0.7327236521867395,0.5767963547143358,0.5767963547143358,0.5767963547143358,0.5767963547143358,0.5767963547143358,0.5767963547143358,0.5767963547143358,0.5767963547143358,0.5767963547143358,0.5767963547143358,0.5483463771774804,0.5483463771774804,0.6965126486313942,0.7453074163677318,0.7453074163677318,0.5464091643413129,0.6986876239890127,0.6986876239890127,0.5043484724596744,0.0,0.0,0.4493971811852606,0.5765170502012607,0.6483212184146764,0.6394157552263602,0.7192017488188421,0.4960099750623441,0.5779816513761468,0.5779816513761468,0.7165232737701301,0.4571636598980665,0.4388789017813368,0.6105933519726623,0.6340004982974836,0.579949548376597,0.579949548376597,0.609649471425165,0.7130986553860099,0.6038848421782865,0.6562299408030812,0.6926437319603713,0.6217002977174992,0.7238971494290642,0.37206369225918334,0.7038769147349871,0.6030370136032901,0.5805820174866241,0.6307003517748642,0.8049686876333356,0.5720040281973817,0.6307003517748642,0.5856249579775432,0.5930623374976219,0.6198890486952948,0.5935091522157996,0.6062107697390156,0.5736051657839367,0.5856249579775432,0.7973727198475361,0.8104196816208393,0.8137940217029492,0.5930623374976219,0.7988365800865801,0.5935091522157996,0.6073904512753434,0.5812398845964394,0.566118140693634,0.6059184658894944,0.8075302433056952,0.5744203440538519,0.5595780041910543,0.6733489612804139,0.6733489612804139,0.6733489612804139,0.8262054997273507,0.6733489612804139,0.6733489612804139,0.695708535170908,0.6927158707187651,0.7975629215928048,0.8024872493537344,0.5905637166220421,0.8509154983528691,0.621689259645464,0.6109111574161773,0.7819347942276857,0.6109111574161773,0.7904708832543884,0.5289457224268539,0.5511032028469751,0.7819347942276857,0.8231112350153331,0.815735744494677,0.5663220088626293,0.8215761618212136,0.7451404861768818,0.7627688530714629,0.7451404861768818,0.7451404861768818,0.7451404861768818,0.7695958358848745,0.7185517712501219,0.7594464618706448,0.5418388068062461,0.5418388068062461,0.545409429280397,0.6304436636980145,0.6304436636980145,0.6846446187434301,0.6891632601985485,0.809750812567714,0.809750812567714,0.7944507361268403,0.7767567567567568,0.5822418987886614,0.7146983311938382,0.6823842775898064,0.8087484272074605,0.6229429181298629,0.7533692722371967,0.7236350311469403,0.8256304131217904,0.7664341890488203,0.7258752515090543,0.7699593044765076,0.6164081508515815,0.6259797517962116,0.8135856079404467,0.7557427258805514,0.7258752515090543,0.7366896858988639
Mediterraneibacter lactaris,0.7395812562313061,0.6537114546852311,0.6537114546852311,0.6537114546852311,0.6537114546852311,0.6537114546852311,0.6537114546852311,0.6537114546852311,0.6537114546852311,0.6537114546852311,0.6537114546852311,0.5076326914044151,0.5076326914044151,0.6782111634162744,0.6657771000127081,0.6657771000127081,0.6166681781082797,0.6607448630136986,0.6607448630136986,0.5474547827708371,0.4493971811852606,0.4493971811852606,0.0,0.5945571499257793,0.6776100961962757,0.6289912917271407,0.731657355679702,0.5390254420008624,0.5159568157551311,0.5159568157551311,0.6607550300767475,0.4418230563002681,0.4121238552115133,0.5246463306808135,0.5523404255319149,0.5712704736609119,0.5712704736609119,0.5168346312414109,0.7067894845787621,0.529811320754717,0.6125933831376734,0.6728220725613729,0.6441411451398136,0.6359349795259958,0.4631307831727559,0.7215500613712081,0.5948241326816761,0.6,0.6483974358974358,0.7858360159060784,0.5419483858680125,0.6483974358974358,0.5567416221891679,0.5840956507783662,0.6160120578065431,0.6139795241953303,0.5887468030690537,0.5389447236180904,0.5567416221891679,0.7847820049986115,0.7898311142882674,0.7932194146518815,0.5840956507783662,0.7804945561911791,0.6139795241953303,0.5901363406833866,0.5538789113127198,0.5795081967213115,0.5672092172640819,0.7828731867103416,0.5211855775106946,0.5279716936023716,0.637709433096167,0.637709433096167,0.637709433096167,0.8113143631436315,0.637709433096167,0.637709433096167,0.688382974894268,0.683845662683572,0.7757323026851098,0.7797578692493947,0.5508877461919084,0.8216338028169015,0.60554643313264,0.5862822900639728,0.7681302861256074,0.5862822900639728,0.7745603975535168,0.5035103510351036,0.5087686215349803,0.7681302861256074,0.8281917418130043,0.7895716945996276,0.5525598598403738,0.7987898677058763,0.789676144929043,0.7920554691550026,0.789676144929043,0.789676144929043,0.789676144929043,0.8001961866225247,0.7550295179687052,0.7894583236049498,0.5443411407116038,0.5443411407116038,0.4015439284401422,0.5072676193966044,0.5072676193966044,0.5675543611043244,0.6204000987898246,0.7602035517706927,0.7602035517706927,0.7226331360946745,0.7344607458841976,0.5798435342843995,0.6772297764461858,0.6610235454368554,0.7778718002961709,0.6086408640864087,0.7122625215889464,0.7117270362217331,0.8232918576729972,0.7790462719741362,0.7130970021657358,0.7749163540504918,0.6225539640911841,0.5034709535988309,0.7805735010767313,0.7497063534436732,0.7130970021657358,0.7370126582278481
Enterocloster bolteae,0.6479134466769707,0.5681918363748568,0.5681918363748568,0.5681918363748568,0.5681918363748568,0.5681918363748568,0.5681918363748568,0.5681918363748568,0.5681918363748568,0.5681918363748568,0.5681918363748568,0.4263214413554468,0.4263214413554468,0.619770580296896,0.6449024932115527,0.6449024932115527,0.5055091185410334,0.6296140054840751,0.6296140054840751,0.4888972525404591,0.5765170502012607,0.5765170502012607,0.5945571499257793,0.0,0.44112903225806455,0.4795241809672387,0.501062925170068,0.49973270608360953,0.4613835583984838,0.4613835583984838,0.643746835443038,0.4970461600080104,0.5023394723743155,0.5062648520198747,0.5102826217678893,0.4744217842087274,0.4744217842087274,0.5038431547287512,0.6539060068471834,0.6082134811990989,0.5529665165459174,0.612998361551065,0.5482558642776768,0.6432119205298013,0.6126766452044485,0.6074334319526626,0.6440397350993378,0.6467033807556983,0.6278573123467531,0.685505384843395,0.6190642763445562,0.6278573123467531,0.6098599623290476,0.6442516268980477,0.5929164844774815,0.6457543859649123,0.6423846337769985,0.6019896038716616,0.6098599623290476,0.6775510204081633,0.6934687412652567,0.6983631374775285,0.6442516268980477,0.6885292991191114,0.6457543859649123,0.6447502949272512,0.6149677419354839,0.6153008863318302,0.6425989745313945,0.6902680652680653,0.6012309987876527,0.6261900640470832,0.5421388101983002,0.5421388101983002,0.5421388101983002,0.7324965453707969,0.5421388101983002,0.5421388101983002,0.6546331873827183,0.6474643926335844,0.6799198481333052,0.6826148267526189,0.6404444836405327,0.7414566793234381,0.6045317755354931,0.6442445771294687,0.6736241108199177,0.6442445771294687,0.6881964303323144,0.6171382376717867,0.6191000762647234,0.6736241108199177,0.7517033287911232,0.714376187460418,0.6658265252911524,0.7740800321737382,0.7004812424805862,0.7200615837740143,0.7004812424805862,0.7004812424805862,0.7004812424805862,0.7228485890821071,0.6563578042728317,0.7165668662674651,0.6420123136746598,0.6420123136746598,0.5360969801926616,0.4962112242481648,0.4962112242481648,0.7132616487455197,0.7297503543006649,0.7233473835715021,0.7233473835715021,0.7095929540585575,0.7288227042192728,0.6754061780907886,0.5672696777285252,0.5449530036779731,0.7593814432989691,0.6263897267947944,0.6437209302325582,0.613763753373469,0.7448729380294249,0.6570115433946131,0.629802095459837,0.6622297944840805,0.4319467554076539,0.5091078935077067,0.7450870924519875,0.6626069782751811,0.629802095459837,0.6618452319454489
Enterocloster citroniae,0.5784684592577446,0.5104130206510326,0.5104130206510326,0.5104130206510326,0.5104130206510326,0.5104130206510326,0.5104130206510326,0.5104130206510326,0.5104130206510326,0.5104130206510326,0.5104130206510326,0.5064143681847337,0.5064143681847337,0.6444813622676773,0.7028785706407852,0.7028785706407852,0.505745046593685,0.5386655351649517,0.5386655351649517,0.5397953875498527,0.6483212184146764,0.6483212184146764,0.6776100961962757,0.44112903225806455,0.0,0.5504116137027529,0.43194268857985674,0.5736568457538995,0.5996542607280863,0.5996542607280863,0.5743739314090315,0.5827874001615364,0.5751327991356803,0.5139340927583401,0.6273712737127372,0.635470826112074,0.635470826112074,0.5821029529130088,0.5714434060228453,0.5126258167049267,0.4596654459071563,0.6055653253336092,0.500299017513883,0.7075511495465092,0.696894689468947,0.47800192122958696,0.7033588523346438,0.7024160696727069,0.6881331403762663,0.6652136833128021,0.6775454835620811,0.6881331403762663,0.6776139410187667,0.7044675894203097,0.6638156331670231,0.6857778650435238,0.637503823799327,0.692866262368337,0.6776139410187667,0.6447541909964212,0.678714859437751,0.6710237659963436,0.7044675894203097,0.6446691004399514,0.6857778650435238,0.6389119758216849,0.6922540666150271,0.6582954463448076,0.7198699531226372,0.6701155853840417,0.6850262478126823,0.7062067894041792,0.6259677756852898,0.6259677756852898,0.6259677756852898,0.7329105760963026,0.6259677756852898,0.6259677756852898,0.6595006347862886,0.6600341588385995,0.6220080820640348,0.6402785952521091,0.635957894736842,0.7659260819206065,0.6143024618991794,0.6920067076579095,0.6445794053662074,0.6920067076579095,0.6551131480951017,0.666766043079675,0.6730380730380731,0.6445794053662074,0.6982684396823878,0.7148522704739242,0.6817290406929237,0.7086982484076434,0.711886643925479,0.6695855614973262,0.711886643925479,0.711886643925479,0.711886643925479,0.68068397720076,0.6161488439306358,0.6861152582860555,0.6485133261438916,0.6485133261438916,0.5972154132758114,0.6088526619892696,0.6088526619892696,0.7451207729468599,0.767202062264525,0.6693548387096775,0.6693548387096775,0.7437587809359127,0.6997205258254839,0.7260547504025765,0.678593652769135,0.584777694046722,0.7168602322787345,0.6756435643564356,0.68268416596105,0.644842791411043,0.6972090004327132,0.636809314676744,0.6873039113156243,0.5927449119476959,0.5477024922118381,0.6225475246518247,0.7584176822970461,0.6604358153464835,0.6873039113156243,0.6527369040612125
Enterocloster asparagiformis,0.6876753319618478,0.6145707131895646,0.6145707131895646,0.6145707131895646,0.6145707131895646,0.6145707131895646,0.6145707131895646,0.6145707131895646,0.6145707131895646,0.6145707131895646,0.6145707131895646,0.4785282693137678,0.4785282693137678,0.582258064516129,0.7018558951965066,0.7018558951965066,0.6042260607076975,0.6295456785256726,0.6295456785256726,0.5721016321723036,0.6394157552263602,0.6394157552263602,0.6289912917271407,0.4795241809672387,0.5504116137027529,0.0,0.6729715396853455,0.5608628659476117,0.525405749443089,0.525405749443089,0.6383971064153817,0.5469976273042526,0.5583664618720636,0.5586193409602034,0.6040726356670516,0.5950884086444008,0.5950884086444008,0.5208827472414148,0.6638121812758587,0.6065829434457851,0.5990536559235782,0.6531420089064819,0.5940531086023215,0.5932530667878237,0.6281840269613606,0.6350508416645304,0.7009332967334614,0.6967637993835809,0.6786308705405601,0.7218126236288438,0.6684470663265306,0.6786308705405601,0.6605511457241275,0.7208036554226582,0.6622078841765677,0.7015740443302281,0.6940765536312037,0.6741347466473941,0.6605511457241275,0.7041499330655957,0.735500804334942,0.742477496785255,0.7208036554226582,0.7245503754147022,0.7015740443302281,0.6907201616394862,0.6835100208929815,0.6871888366874693,0.7021907804655408,0.7393169877408057,0.6656323381415632,0.6762618296529969,0.6304213135068153,0.6304213135068153,0.6304213135068153,0.7527208036835495,0.6304213135068153,0.6304213135068153,0.7188703465982028,0.7163488843813388,0.7168927957194726,0.7115756515332903,0.6801390348395441,0.7921720517786158,0.6390860873113016,0.7088156723063224,0.7173229016072795,0.7088156723063224,0.7136910686815673,0.6197334150451969,0.6214852198990628,0.7173229016072795,0.7657681940700809,0.7550399391403575,0.6861366941347552,0.7478501815402254,0.6788563473791294,0.7279019558039116,0.6788563473791294,0.6788563473791294,0.6788563473791294,0.7338729161633244,0.5864473120910036,0.732329018215145,0.6675461741424802,0.6675461741424802,0.535652703113906,0.543752674368849,0.543752674368849,0.6817405285900915,0.7463580123727799,0.754089167211889,0.754089167211889,0.7606495149725854,0.6990569905699058,0.7248270561106841,0.6635863357906759,0.6029316861805107,0.7505067078467329,0.6566212229929045,0.6910907577019151,0.6873677431226424,0.7467311850097806,0.7418782673637043,0.6511380557328228,0.7142175572519084,0.5943017281644092,0.5636287274254514,0.7366396340195467,0.7284286130253323,0.6511380557328228,0.6687151910889187
Enterocloster clostridioformis,0.5190695477624276,0.5688568034359864,0.5688568034359864,0.5688568034359864,0.5688568034359864,0.5688568034359864,0.5688568034359864,0.5688568034359864,0.5688568034359864,0.5688568034359864,0.5688568034359864,0.628114459797628,0.628114459797628,0.6245147629690624,0.6681608606557377,0.6681608606557377,0.48338670936749395,0.45616216888446715,0.45616216888446715,0.6409130816505706,0.7192017488188421,0.7192017488188421,0.731657355679702,0.501062925170068,0.43194268857985674,0.6729715396853455,0.0,0.6648138957816377,0.6405565293602103,0.6405565293602103,0.48151220668404837,0.6742006615214995,0.6594995366079703,0.5788909149415424,0.622287047841307,0.679245283018868,0.679245283018868,0.6383767747404111,0.4946563031333495,0.5941528963137825,0.5260535603072451,0.5542829873538535,0.5388918967695362,0.6410928143712575,0.7284783989834815,0.412235500493367,0.7581541091012676,0.7796477216002282,0.7654248269768812,0.597442680776014,0.7354726078643279,0.7654248269768812,0.7437744234158302,0.7687719298245614,0.7416842446860294,0.750634094246429,0.6936085748312822,0.7428643174018582,0.7437744234158302,0.5808278867102397,0.5973497495826378,0.5911472254891479,0.7687719298245614,0.5810255300735612,0.750634094246429,0.6987575212940533,0.738642828118651,0.7221892613467813,0.7697352824970367,0.5790574763268003,0.7352863783878607,0.7566666666666666,0.712144420131291,0.712144420131291,0.712144420131291,0.6889224192128757,0.712144420131291,0.712144420131291,0.6622308474263008,0.6612164813603663,0.5421348314606742,0.5355594610427651,0.688356467155866,0.6830260648442467,0.6590728476821193,0.7408965617292906,0.5759639564124057,0.7408965617292906,0.6113294040602488,0.753789306990423,0.7388862140908361,0.5759639564124057,0.6685875829074699,0.6640562017735805,0.7661014117450505,0.6819884235614573,0.7362080244221544,0.629232589087683,0.7362080244221544,0.7362080244221544,0.7362080244221544,0.643300118458644,0.6797948342187214,0.6564900403593282,0.746766824130721,0.746766824130721,0.7110425171761425,0.7095709570957096,0.7095709570957096,0.8262493690055528,0.7795414462081129,0.604338599386937,0.604338599386937,0.695729537366548,0.6888316553500351,0.7969689051476352,0.7818220747243336,0.6663412729402577,0.6659678546471,0.7577448839278492,0.6476329917032699,0.6549799957885871,0.6515591465724024,0.5904974714806539,0.6249692799213566,0.5011882426516573,0.6769471013078274,0.7186711522287637,0.7294075575157946,0.6018306636155606,0.6249692799213566,0.590406744901447
Coprococcus eutactus,0.6427249972793557,0.48307063631056624,0.48307063631056624,0.48307063631056624,0.48307063631056624,0.48307063631056624,0.48307063631056624,0.48307063631056624,0.48307063631056624,0.48307063631056624,0.48307063631056624,0.33346624136097824,0.33346624136097824,0.594558645707376,0.5492977528089887,0.5492977528089887,0.44894601542416457,0.6310302761450594,0.6310302761450594,0.30099228224917307,0.4960099750623441,0.4960099750623441,0.5390254420008624,0.49973270608360953,0.5736568457538995,0.5608628659476117,0.6648138957816377,0.0,0.4343357441948992,0.4343357441948992,0.6169958758411114,0.43077259315921756,0.37024456521739135,0.4207309766327142,0.41263186367324856,0.4189625217175478,0.4189625217175478,0.4122981366459627,0.619202330271118,0.5941262313024444,0.5423973591912523,0.5814199929353585,0.5043139437795714,0.5697105854367649,0.58264426069174,0.654090399701158,0.719174041297935,0.7190529875986471,0.6908663269306154,0.771337023011943,0.7040143798681846,0.6908663269306154,0.6971268954509178,0.7033464420865178,0.6563397441475938,0.7261424960721361,0.7317903862528059,0.6980491203623063,0.6971268954509178,0.7485029940119761,0.7602669880411607,0.7638404225219277,0.7033464420865178,0.7623790552077405,0.7261424960721361,0.7274959711457294,0.7129529362765514,0.7085120794761797,0.7182434667548793,0.7608611701100598,0.6784859090071836,0.6785590277777778,0.5756542909312234,0.5756542909312234,0.5756542909312234,0.7687826913932477,0.5756542909312234,0.5756542909312234,0.7339836540996573,0.7303891015938029,0.7337814767392232,0.7301798120147118,0.6982279820153399,0.7893622028712638,0.6412584269662922,0.7218689930504214,0.734936377245509,0.7218689930504214,0.7521696252465483,0.644927536231884,0.676311336717428,0.734936377245509,0.7873505976095617,0.7750982683522788,0.6847096716471325,0.7632058287795993,0.7238142565291812,0.7413287904599659,0.7238142565291812,0.7238142565291812,0.7238142565291812,0.7536138772887889,0.696958703670113,0.7486159274806838,0.6599301397205588,0.6599301397205588,0.4725352948155178,0.4296325254104769,0.4296325254104769,0.6869673900693103,0.6564904139699597,0.7677486910994764,0.7677486910994764,0.7157258064516129,0.6784611731180242,0.6912541018690255,0.5981157803396554,0.6000617983314451,0.7505213478213149,0.6428761651131825,0.6636738655666101,0.63504512247529,0.7821645816595891,0.723757497857755,0.6230807330361565,0.6865490628445424,0.5400021652051532,0.4666582310514994,0.7397048321828137,0.6618346283196104,0.6230807330361565,0.6467935320646794
Dorea_A longicatena_B,0.6320766008378217,0.5020593080724877,0.5020593080724877,0.5020593080724877,0.5020593080724877,0.5020593080724877,0.5020593080724877,0.5020593080724877,0.5020593080724877,0.5020593080724877,0.5020593080724877,0.3541875447387258,0.3541875447387258,0.5574038723752386,0.5943082046624282,0.5943082046624282,0.46797599563557013,0.5603821656050956,0.5603821656050956,0.46768344709897613,0.5779816513761468,0.5779816513761468,0.5159568157551311,0.4613835583984838,0.5996542607280863,0.525405749443089,0.6405565293602103,0.4343357441948992,0.0,0.0,0.553770086526576,0.46772523299965485,0.4629288510246373,0.5194583384164939,0.446993900668022,0.3745136186770428,0.3745136186770428,0.5010854297024645,0.6050939663699307,0.5995907230559345,0.5648645684833864,0.5574780443046271,0.6136802427139836,0.5132259045302523,0.5762614678899083,0.6252956298200514,0.6922214211327405,0.7086359967715901,0.6898485228889446,0.7268640350877194,0.675,0.6898485228889446,0.668467369521652,0.6838606327593112,0.6312036508841985,0.7009297520661157,0.7074732496419243,0.6776340813997718,0.668467369521652,0.7204682130584192,0.7322640345465762,0.7333053338933222,0.6838606327593112,0.7220270414138188,0.7009297520661157,0.7047595232141368,0.6732965009208103,0.6761130277640874,0.6934201012292118,0.720763723150358,0.6592099959693671,0.6848451122240772,0.5389993145990404,0.5389993145990404,0.5389993145990404,0.7298513568798581,0.5389993145990404,0.5389993145990404,0.6770616770616771,0.6720257234726688,0.6899055918663761,0.6936668196420377,0.6756417679984559,0.7382284700423093,0.6173118490862646,0.6886503067484663,0.6895610165931527,0.6886503067484663,0.6974082800403905,0.6337204148568389,0.6376527661162421,0.6895610165931527,0.7707597173144877,0.7314624410306036,0.673078791411639,0.7366141258572976,0.7199118380604373,0.7408424246802976,0.7199118380604373,0.7199118380604373,0.7199118380604373,0.7496935022476502,0.7135060535725488,0.7412325941206808,0.7006380410415589,0.7006380410415589,0.48171435904016424,0.485207100591716,0.485207100591716,0.6692405063291139,0.6413369713506138,0.7303184562566591,0.7303184562566591,0.6734812237204582,0.6234989082969432,0.7057371531154162,0.5814564045875363,0.5776946616797007,0.7255361104264235,0.6321298252352603,0.6112813370473538,0.6550570868411948,0.7541666666666667,0.7148936170212765,0.6071872840359365,0.7037920343429526,0.5380096345905299,0.4372795258924792,0.7117408906882592,0.6785849175374543,0.6071872840359365,0.6496761813384504
Dorea_A longicatena,0.6320766008378217,0.5020593080724877,0.5020593080724877,0.5020593080724877,0.5020593080724877,0.5020593080724877,0.5020593080724877,0.5020593080724877,0.5020593080724877,0.5020593080724877,0.5020593080724877,0.3541875447387258,0.3541875447387258,0.5574038723752386,0.5943082046624282,0.5943082046624282,0.46797599563557013,0.5603821656050956,0.5603821656050956,0.46768344709897613,0.5779816513761468,0.5779816513761468,0.5159568157551311,0.4613835583984838,0.5996542607280863,0.525405749443089,0.6405565293602103,0.4343357441948992,0.0,0.0,0.553770086526576,0.46772523299965485,0.4629288510246373,0.5194583384164939,0.446993900668022,0.3745136186770428,0.3745136186770428,0.5010854297024645,0.6050939663699307,0.5995907230559345,0.5648645684833864,0.5574780443046271,0.6136802427139836,0.5132259045302523,0.5762614678899083,0.6252956298200514,0.6922214211327405,0.7086359967715901,0.6898485228889446,0.7268640350877194,0.675,0.6898485228889446,0.668467369521652,0.6838606327593112,0.6312036508841985,0.7009297520661157,0.7074732496419243,0.6776340813997718,0.668467369521652,0.7204682130584192,0.7322640345465762,0.7333053338933222,0.6838606327593112,0.7220270414138188,0.7009297520661157,0.7047595232141368,0.6732965009208103,0.6761130277640874,0.6934201012292118,0.720763723150358,0.6592099959693671,0.6848451122240772,0.5389993145990404,0.5389993145990404,0.5389993145990404,0.7298513568798581,0.5389993145990404,0.5389993145990404,0.6770616770616771,0.6720257234726688,0.6899055918663761,0.6936668196420377,0.6756417679984559,0.7382284700423093,0.6173118490862646,0.6886503067484663,0.6895610165931527,0.6886503067484663,0.6974082800403905,0.6337204148568389,0.6376527661162421,0.6895610165931527,0.7707597173144877,0.7314624410306036,0.673078791411639,0.7366141258572976,0.7199118380604373,0.7408424246802976,0.7199118380604373,0.7199118380604373,0.7199118380604373,0.7496935022476502,0.7135060535725488,0.7412325941206808,0.7006380410415589,0.7006380410415589,0.48171435904016424,0.485207100591716,0.485207100591716,0.6692405063291139,0.6413369713506138,0.7303184562566591,0.7303184562566591,0.6734812237204582,0.6234989082969432,0.7057371531154162,0.5814564045875363,0.5776946616797007,0.7255361104264235,0.6321298252352603,0.6112813370473538,0.6550570868411948,0.7541666666666667,0.7148936170212765,0.6071872840359365,0.7037920343429526,0.5380096345905299,0.4372795258924792,0.7117408906882592,0.6785849175374543,0.6071872840359365,0.6496761813384504
Lachnospira eligens_A,0.5238273453093812,0.53841642228739,0.53841642228739,0.53841642228739,0.53841642228739,0.53841642228739,0.53841642228739,0.53841642228739,0.53841642228739,0.53841642228739,0.53841642228739,0.5858585858585859,0.5858585858585859,0.5664317410597755,0.6192647477913935,0.6192647477913935,0.46182515174102867,0.34253752478051547,0.34253752478051547,0.5821654828181992,0.7165232737701301,0.7165232737701301,0.6607550300767475,0.643746835443038,0.5743739314090315,0.6383971064153817,0.48151220668404837,0.6169958758411114,0.553770086526576,0.553770086526576,0.0,0.6360834990059643,0.6191145467322559,0.5191308455361361,0.545478374836173,0.6394198335956824,0.6394198335956824,0.5810447586771065,0.39961654341276365,0.5099838644614765,0.49043303121852966,0.49366252970689195,0.5696997690531178,0.5023529411764707,0.708364986916519,0.4888084265964451,0.7736236346308922,0.7869555571988465,0.7785975053240036,0.614985590778098,0.7471274298056155,0.7785975053240036,0.7522074616180097,0.7784952477689908,0.7421602787456446,0.7597961572894429,0.7052873941287723,0.75,0.7522074616180097,0.5962853236098451,0.608458092011802,0.6089478969095169,0.7784952477689908,0.6234745950743288,0.7597961572894429,0.7032940219601465,0.7505693800084352,0.7282734200600416,0.776148904628562,0.5937968407702063,0.7442755083348599,0.7561620469083156,0.6879373739769896,0.6879373739769896,0.6879373739769896,0.6630898335396891,0.6879373739769896,0.6879373739769896,0.6738271842789711,0.6712195121951219,0.5724094087730451,0.5627209557478972,0.6968914306798266,0.693963183540877,0.6228120243531202,0.7321809320743222,0.5754727413468981,0.7321809320743222,0.588912379610054,0.7137513214605189,0.6977611940298507,0.5754727413468981,0.6694348327566321,0.6845029592946008,0.745136533999643,0.6241009463722398,0.7550409926877908,0.6499091459721381,0.7550409926877908,0.7550409926877908,0.7550409926877908,0.6657421236042955,0.7091358024691359,0.6821397870792831,0.7286172048311561,0.7286172048311561,0.6513832249531577,0.6512232596619785,0.6512232596619785,0.7860558211942622,0.7334392569054021,0.5853565526884454,0.5853565526884454,0.6928024083196497,0.5673904137648504,0.7684657115036861,0.7477995540429527,0.612872135360891,0.5640785781103835,0.7136459430979979,0.6339697169190257,0.6841875681570337,0.6498781478472786,0.6257160268129189,0.5857509108082579,0.543599018214701,0.7177363010280466,0.6571127749181095,0.6864686468646864,0.6439412789251058,0.5857509108082579,0.545941902505922
Roseburia inulinivorans,0.6482412060301508,0.5498862244004901,0.5498862244004901,0.5498862244004901,0.5498862244004901,0.5498862244004901,0.5498862244004901,0.5498862244004901,0.5498862244004901,0.5498862244004901,0.5498862244004901,0.348564447159438,0.348564447159438,0.5903344893164784,0.6408222142084385,0.6408222142084385,0.5350237139730025,0.6340613144673434,0.6340613144673434,0.47425751792198123,0.4571636598980665,0.4571636598980665,0.4418230563002681,0.4970461600080104,0.5827874001615364,0.5469976273042526,0.6742006615214995,0.43077259315921756,0.46772523299965485,0.46772523299965485,0.6360834990059643,0.0,0.22617124394184163,0.47577519379844957,0.5081544057256835,0.5387729015764806,0.5387729015764806,0.46884041842866686,0.630956056396007,0.6139015728056825,0.5294919213548763,0.6053533190578159,0.598245757849004,0.5954534634610806,0.5126153846153847,0.6662622410954155,0.6142457889568699,0.6212990589855405,0.6056638005837343,0.7703409705935413,0.6088720117372918,0.6056638005837343,0.6097541378756227,0.6062688821752266,0.5712296579932121,0.6519678549350917,0.6408329419132612,0.6119051769217361,0.6097541378756227,0.7686870471814808,0.7778061659001874,0.7818905128426878,0.6062688821752266,0.771891418563923,0.6519678549350917,0.6424429841515269,0.6265674636348437,0.6253884046987495,0.6346536294332118,0.7751174957878868,0.5912683823529412,0.6223639455782313,0.6216980106533319,0.6216980106533319,0.6216980106533319,0.7889957264957265,0.6216980106533319,0.6216980106533319,0.6538326916345818,0.6477635782747604,0.7537595808673717,0.7529532136545438,0.6102921705357931,0.8077045189967192,0.5613658711003844,0.6397080726839439,0.7491156932102494,0.6397080726839439,0.7573160725681466,0.5821405335068315,0.5814489290895127,0.7491156932102494,0.790528735632184,0.7925475431991504,0.5862037871956718,0.7818853974121996,0.7296456443788231,0.7499035865792518,0.7296456443788231,0.7296456443788231,0.7296456443788231,0.76211881909853,0.6913917286245352,0.744713078939703,0.567993297025555,0.567993297025555,0.51203007518797,0.4954965357967668,0.4954965357967668,0.5685244403837368,0.5361681329423265,0.7770101707925542,0.7770101707925542,0.738565782044043,0.7072389493914157,0.5972706155632985,0.6499285792770025,0.6240438190575125,0.7740975803252678,0.6600214185682511,0.6852318824690276,0.666374269005848,0.7960731352586744,0.7286263682082634,0.6518832181858703,0.7179512680258577,0.5514271407110666,0.5188871296086859,0.763284507644606,0.7024981859645485,0.6518832181858703,0.6701381934708592
Roseburia intestinalis,0.6469997993176801,0.5481811822315494,0.5481811822315494,0.5481811822315494,0.5481811822315494,0.5481811822315494,0.5481811822315494,0.5481811822315494,0.5481811822315494,0.5481811822315494,0.5481811822315494,0.3395417228280848,0.3395417228280848,0.5866890380313199,0.6221601263515977,0.6221601263515977,0.5351292318893338,0.6286066331245508,0.6286066331245508,0.40283991441353817,0.4388789017813368,0.4388789017813368,0.4121238552115133,0.5023394723743155,0.5751327991356803,0.5583664618720636,0.6594995366079703,0.37024456521739135,0.4629288510246373,0.4629288510246373,0.6191145467322559,0.22617124394184163,0.0,0.4390056099439006,0.47335648425338284,0.5367099382847415,0.5367099382847415,0.44480775735708644,0.6335040983606557,0.5901639344262295,0.5358731386578999,0.5897851203973653,0.5741865690272114,0.5831437806776009,0.5336043594844737,0.6444014765336614,0.6106281653942096,0.6261604017653325,0.5835399504119012,0.7620255457921913,0.5828215476399368,0.5835399504119012,0.6045556986477785,0.6054914384853285,0.5460008837825895,0.6316815144766147,0.6316369071029655,0.5880219391365888,0.6045556986477785,0.7532351628737171,0.7633253094910591,0.7680830643050345,0.6054914384853285,0.7578194027213289,0.6316815144766147,0.637708091366628,0.5969831259587524,0.6012931034482758,0.6311556955728734,0.7642124051762607,0.5716012646457131,0.580236117184084,0.6090809628008753,0.6090809628008753,0.6090809628008753,0.7891149217169028,0.6090809628008753,0.6090809628008753,0.6407475976373094,0.6339565256284104,0.7441248171623598,0.7444184960298925,0.6040874104220119,0.7928640102553146,0.5420357982281685,0.6300344362928583,0.7390021691973969,0.6300344362928583,0.7495424597364568,0.5469971718516053,0.5769690756876815,0.7390021691973969,0.7897393538913362,0.7759125512395081,0.5737496596169556,0.7828405235094522,0.7242874517476601,0.7414082687338501,0.7242874517476601,0.7242874517476601,0.7242874517476601,0.7526277193840136,0.6881214024071167,0.7433179991847667,0.5509392452191573,0.5509392452191573,0.4972405583811276,0.4476530005941771,0.4476530005941771,0.5593764328289775,0.5389760428067616,0.7617478926460615,0.7617478926460615,0.7148428538655656,0.7047151696180927,0.5980590961761298,0.6300867244829886,0.6135004272287098,0.7517873325949048,0.6404203853532404,0.6829481984448582,0.6661804745235317,0.8065509805934901,0.7316522762951334,0.6512506948304614,0.7118796093282838,0.5497649294788436,0.4996000457090618,0.7653256704980843,0.7003210106658382,0.6512506948304614,0.6680672268907564
Anaerostipes hadrus,0.586032038723061,0.5557954012200845,0.5557954012200845,0.5557954012200845,0.5557954012200845,0.5557954012200845,0.5557954012200845,0.5557954012200845,0.5557954012200845,0.5557954012200845,0.5557954012200845,0.40723047127178824,0.40723047127178824,0.5664072307306051,0.6142055563158615,0.6142055563158615,0.5195980899323518,0.5240700218818382,0.5240700218818382,0.4220193006122237,0.6105933519726623,0.6105933519726623,0.5246463306808135,0.5062648520198747,0.5139340927583401,0.5586193409602034,0.5788909149415424,0.4207309766327142,0.5194583384164939,0.5194583384164939,0.5191308455361361,0.47577519379844957,0.4390056099439006,0.0,0.3630428611978428,0.5528108045711647,0.5528108045711647,0.3460880999342538,0.502532427424336,0.4823905018457547,0.4094335312928278,0.4434954007884363,0.48014130227229335,0.568733153638814,0.6633259724817394,0.5783891945972987,0.7399985318945901,0.7446887812150578,0.7230995510140888,0.7275421563617782,0.7236842105263157,0.7230995510140888,0.7231110407096468,0.7411078717201166,0.7022400136274594,0.7347372753464124,0.7263066750629723,0.7162879777139375,0.7231110407096468,0.7134355456929595,0.7245787332945961,0.7252790674701175,0.7411078717201166,0.7231335122775624,0.7347372753464124,0.7255680049797697,0.7363884975553161,0.7155733979700045,0.7414842850090505,0.7248132444982839,0.7017254038179148,0.7112827112827113,0.6318419800095193,0.6318419800095193,0.6318419800095193,0.7272499373276511,0.6318419800095193,0.6318419800095193,0.7227517985611511,0.722762380736029,0.6737919272313815,0.671664493698392,0.6991514068780706,0.7407916094393807,0.6327129366461905,0.7178236397748593,0.6943137254901961,0.7178236397748593,0.7089080161775381,0.6736575811979761,0.6868197278911565,0.6943137254901961,0.7300307627028747,0.7270173072600584,0.6771897810218979,0.7060702875399361,0.7251683267486506,0.701634683724236,0.7251683267486506,0.7251683267486506,0.7251683267486506,0.7129064699966476,0.6790421384815296,0.7213711702661979,0.6524942830524265,0.6524942830524265,0.5166803230715206,0.45949811467949553,0.45949811467949553,0.6554950260540029,0.6375220792329044,0.7055070517125588,0.7055070517125588,0.7313944627889255,0.5989229388383126,0.6985869019439064,0.6403036238981391,0.5867637745408487,0.6827285579641847,0.6384150194060836,0.6700701193258704,0.651930127237438,0.7348972894129087,0.6335316765838293,0.6000256476019492,0.6074444048043763,0.5787502674941152,0.5261009401286492,0.7134894091415831,0.6212600340549745,0.6000256476019492,0.5494545018582904
Eubacterium_G ventriosum,0.5729537366548043,0.5652263374485597,0.5652263374485597,0.5652263374485597,0.5652263374485597,0.5652263374485597,0.5652263374485597,0.5652263374485597,0.5652263374485597,0.5652263374485597,0.5652263374485597,0.4021707245526548,0.4021707245526548,0.4963833634719711,0.5761600262338088,0.5761600262338088,0.5376496191512514,0.5526244588744589,0.5526244588744589,0.5042920786699989,0.6340004982974836,0.6340004982974836,0.5523404255319149,0.5102826217678893,0.6273712737127372,0.6040726356670516,0.622287047841307,0.41263186367324856,0.446993900668022,0.446993900668022,0.545478374836173,0.5081544057256835,0.47335648425338284,0.3630428611978428,0.0,0.45473537604456826,0.45473537604456826,0.34063477872150205,0.509420795533845,0.5948566180222472,0.525799976384461,0.4863960424850866,0.5710196426808805,0.45670085757524803,0.6472369417108251,0.6200821444012106,0.758253040593903,0.7598260309278351,0.7401238701037831,0.7288996651656853,0.7385736984764931,0.7401238701037831,0.7391565747659539,0.7557965888548298,0.7201966787271546,0.7690581336422211,0.7652676551897462,0.7253042061895181,0.7391565747659539,0.7094455852156057,0.7279826464208243,0.7282813713524908,0.7557965888548298,0.7271712435811566,0.7690581336422211,0.7641072315075293,0.750814332247557,0.752913752913753,0.7515544741822114,0.7193865873197528,0.7137794876986939,0.7231521534700018,0.6320228540334648,0.6320228540334648,0.6320228540334648,0.7192002352249338,0.6320228540334648,0.6320228540334648,0.7306276733313439,0.7266303250555219,0.6697032795419053,0.6733915610776233,0.7307989940027084,0.7339973634099897,0.6785363939572298,0.7572098196551998,0.6939403937094468,0.7572098196551998,0.7041789287816362,0.6929932933286269,0.7108921830402357,0.6939403937094468,0.7476213130352045,0.7372253449156873,0.7177371832645846,0.7052975801177239,0.7509163902949905,0.7252064550344723,0.7509163902949905,0.7509163902949905,0.7509163902949905,0.7382745878339966,0.7375697615423642,0.7566360052562418,0.7062505588840204,0.7062505588840204,0.5535806285419886,0.4311774461028193,0.4311774461028193,0.7008782278149168,0.5899638336347197,0.7231331987891019,0.7231331987891019,0.6927194860813705,0.5768942235558889,0.7448519464903052,0.6451703350623861,0.6253595673685421,0.7117724867724868,0.7085384324119652,0.6260448746150462,0.6495726495726496,0.7314657611771365,0.6531147540983606,0.555640243902439,0.6245144005358338,0.6059571462208617,0.5641623251987935,0.6841253494188613,0.6258333333333334,0.555640243902439,0.5985007890583903
Bariatricus comes,0.6740641111858328,0.5085303801257108,0.5085303801257108,0.5085303801257108,0.5085303801257108,0.5085303801257108,0.5085303801257108,0.5085303801257108,0.5085303801257108,0.5085303801257108,0.5085303801257108,0.4731776180698152,0.4731776180698152,0.6197838109602816,0.7082277637018268,0.7082277637018268,0.4596843003412969,0.6399349139934913,0.6399349139934913,0.45861601085481685,0.579949548376597,0.579949548376597,0.5712704736609119,0.4744217842087274,0.635470826112074,0.5950884086444008,0.679245283018868,0.4189625217175478,0.3745136186770428,0.3745136186770428,0.6394198335956824,0.5387729015764806,0.5367099382847415,0.5528108045711647,0.45473537604456826,0.0,0.0,0.5319869391703955,0.6397718011409943,0.6555019568581051,0.6126311458547624,0.6025483950012251,0.6003616636528029,0.6142643255750646,0.5068319344134296,0.6664729808251018,0.7211560516859087,0.7335135135135136,0.7199234632862952,0.7508319467554077,0.709479305740988,0.7199234632862952,0.6989381118300979,0.7305429864253394,0.6884693787113356,0.7325073912431367,0.7429529665415635,0.7147862019403521,0.6989381118300979,0.7594681708299759,0.7584357323971134,0.7615499254843517,0.7305429864253394,0.7467165083855325,0.7325073912431367,0.7364248910027744,0.7196091993774858,0.7206258229416777,0.7323378839590444,0.7500768836494105,0.7001422475106686,0.7239870482191302,0.6385571833066601,0.6385571833066601,0.6385571833066601,0.7880489021956087,0.6385571833066601,0.6385571833066601,0.7229541658934867,0.7194846718074102,0.7458100558659218,0.7467304625199362,0.7246952595936795,0.7945513621594601,0.6799817601459188,0.7289248625534515,0.7317577548005909,0.7289248625534515,0.7462421711899792,0.6752115271843847,0.6785273912277612,0.7317577548005909,0.7811244979919678,0.7553726566072245,0.7248072562358276,0.7736528293396332,0.7503614725836948,0.7598942755790499,0.7503614725836948,0.7503614725836948,0.7503614725836948,0.769483075308318,0.7346284192689421,0.773647609083636,0.7361326688995997,0.7361326688995997,0.5272092463279556,0.44965348552792495,0.44965348552792495,0.7404500865551067,0.6984924623115578,0.7521310004486317,0.7521310004486317,0.7364382111669754,0.7011764705882353,0.732168433113721,0.6037958115183246,0.6058779201205727,0.7648614464757962,0.6902164192452156,0.7101106827509016,0.7090111301369864,0.8018028846153846,0.7428348388535742,0.649045899948427,0.7288823728431262,0.6116095557237056,0.4700706572457005,0.751474833688967,0.7326122354035822,0.649045899948427,0.68367577331226
Bariatricus comes_A,0.6740641111858328,0.5085303801257108,0.5085303801257108,0.5085303801257108,0.5085303801257108,0.5085303801257108,0.5085303801257108,0.5085303801257108,0.5085303801257108,0.5085303801257108,0.5085303801257108,0.4731776180698152,0.4731776180698152,0.6197838109602816,0.7082277637018268,0.7082277637018268,0.4596843003412969,0.6399349139934913,0.6399349139934913,0.45861601085481685,0.579949548376597,0.579949548376597,0.5712704736609119,0.4744217842087274,0.635470826112074,0.5950884086444008,0.679245283018868,0.4189625217175478,0.3745136186770428,0.3745136186770428,0.6394198335956824,0.5387729015764806,0.5367099382847415,0.5528108045711647,0.45473537604456826,0.0,0.0,0.5319869391703955,0.6397718011409943,0.6555019568581051,0.6126311458547624,0.6025483950012251,0.6003616636528029,0.6142643255750646,0.5068319344134296,0.6664729808251018,0.7211560516859087,0.7335135135135136,0.7199234632862952,0.7508319467554077,0.709479305740988,0.7199234632862952,0.6989381118300979,0.7305429864253394,0.6884693787113356,0.7325073912431367,0.7429529665415635,0.7147862019403521,0.6989381118300979,0.7594681708299759,0.7584357323971134,0.7615499254843517,0.7305429864253394,0.7467165083855325,0.7325073912431367,0.7364248910027744,0.7196091993774858,0.7206258229416777,0.7323378839590444,0.7500768836494105,0.7001422475106686,0.7239870482191302,0.6385571833066601,0.6385571833066601,0.6385571833066601,0.7880489021956087,0.6385571833066601,0.6385571833066601,0.7229541658934867,0.7194846718074102,0.7458100558659218,0.7467304625199362,0.7246952595936795,0.7945513621594601,0.6799817601459188,0.7289248625534515,0.7317577548005909,0.7289248625534515,0.7462421711899792,0.6752115271843847,0.6785273912277612,0.7317577548005909,0.7811244979919678,0.7553726566072245,0.7248072562358276,0.7736528293396332,0.7503614725836948,0.7598942755790499,0.7503614725836948,0.7503614725836948,0.7503614725836948,0.769483075308318,0.7346284192689421,0.773647609083636,0.7361326688995997,0.7361326688995997,0.5272092463279556,0.44965348552792495,0.44965348552792495,0.7404500865551067,0.6984924623115578,0.7521310004486317,0.7521310004486317,0.7364382111669754,0.7011764705882353,0.732168433113721,0.6037958115183246,0.6058779201205727,0.7648614464757962,0.6902164192452156,0.7101106827509016,0.7090111301369864,0.8018028846153846,0.7428348388535742,0.649045899948427,0.7288823728431262,0.6116095557237056,0.4700706572457005,0.751474833688967,0.7326122354035822,0.649045899948427,0.68367577331226
Anaerobutyricum hallii,0.6175614300687085,0.5906355772846935,0.5906355772846935,0.5906355772846935,0.5906355772846935,0.5906355772846935,0.5906355772846935,0.5906355772846935,0.5906355772846935,0.5906355772846935,0.5906355772846935,0.3956457465394436,0.3956457465394436,0.5036654900896009,0.5870733478576615,0.5870733478576615,0.5524237881059471,0.5921352355832634,0.5921352355832634,0.47061860993493754,0.609649471425165,0.609649471425165,0.5168346312414109,0.5038431547287512,0.5821029529130088,0.5208827472414148,0.6383767747404111,0.4122981366459627,0.5010854297024645,0.5010854297024645,0.5810447586771065,0.46884041842866686,0.44480775735708644,0.3460880999342538,0.34063477872150205,0.5319869391703955,0.5319869391703955,0.0,0.5019166879631995,0.5483143865150921,0.48550319041755285,0.5235392751193086,0.5445423855963991,0.4709050112191473,0.6320670590333511,0.6446516192345437,0.698921393652518,0.7159703240921516,0.6829487808869252,0.7312631578947368,0.661018509991712,0.6829487808869252,0.683963843321058,0.7239866908650938,0.6541810266642482,0.7049156799425906,0.7248121515714632,0.6841526045487895,0.683963843321058,0.7204100652376515,0.7348192174343735,0.7374053508329126,0.7239866908650938,0.7244029927231731,0.7049156799425906,0.7202914798206278,0.6871187339757758,0.7101573453809005,0.6930432494078428,0.719757220594391,0.6613437195715677,0.6627034936894092,0.6032465081162703,0.6032465081162703,0.6032465081162703,0.7349585062240664,0.6032465081162703,0.6032465081162703,0.7281186659296113,0.7254572601717059,0.700126918195454,0.7034966568014908,0.707690904114588,0.7490960743801653,0.649139134481154,0.7065343771800636,0.6928369081343586,0.7065343771800636,0.7115672439598033,0.6334252715049129,0.6458145814581457,0.6928369081343586,0.7491624338052523,0.7254810495626822,0.693355574089519,0.7113414203274055,0.7474545151059924,0.7263915615422991,0.7474545151059924,0.7474545151059924,0.7474545151059924,0.7359467455621302,0.6955168119551681,0.743202416918429,0.6521852463289599,0.6521852463289599,0.5421071386150373,0.4842467566851999,0.4842467566851999,0.6861357639721756,0.6619065997684292,0.7416046878521523,0.7416046878521523,0.7269710645075658,0.6198715427972211,0.7152476107732406,0.6326139701187588,0.617096018735363,0.7240563246953023,0.6627515250842211,0.6307692307692307,0.6210982000455685,0.7327509811368528,0.6570919881305638,0.5715643671917436,0.6308399903171145,0.542915300237476,0.5360366086182788,0.6962537527737893,0.6436011904761905,0.5715643671917436,0.6035326411266261
Anaerobutyricum soehngenii,0.4532520325203252,0.5363544813695871,0.5363544813695871,0.5363544813695871,0.5363544813695871,0.5363544813695871,0.5363544813695871,0.5363544813695871,0.5363544813695871,0.5363544813695871,0.5363544813695871,0.5808923495241627,0.5808923495241627,0.5510148107515085,0.6585648148148149,0.6585648148148149,0.4855322824443965,0.3625417089801247,0.3625417089801247,0.5964208879327205,0.7130986553860099,0.7130986553860099,0.7067894845787621,0.6539060068471834,0.5714434060228453,0.6638121812758587,0.4946563031333495,0.619202330271118,0.6050939663699307,0.6050939663699307,0.39961654341276365,0.630956056396007,0.6335040983606557,0.502532427424336,0.509420795533845,0.6397718011409943,0.6397718011409943,0.5019166879631995,0.0,0.5698774778364379,0.4951076320939335,0.4057151145923992,0.5653747262165508,0.5619201884847592,0.7393918861692217,0.48462498581640756,0.805142480404366,0.8094138675802487,0.7974936572614746,0.6252963489805595,0.7684505071703392,0.7974936572614746,0.7847819165870742,0.8090816770636878,0.7819275067750677,0.7929046867494682,0.7301574150787076,0.7823647997195197,0.7847819165870742,0.6384852991648553,0.6704091547015005,0.6639316997449829,0.8090816770636878,0.659885995305689,0.7929046867494682,0.7294377608642278,0.7874652514531211,0.7663372404811155,0.8003987042113132,0.6380666049953747,0.7766221813161528,0.783512237011593,0.7182080924855492,0.7182080924855492,0.7182080924855492,0.6626402070750648,0.7182080924855492,0.7182080924855492,0.7077444336882865,0.7085982588281327,0.5946437857514301,0.6043200785468827,0.7160251006837126,0.7216452014956377,0.6557988335404914,0.7716815498713485,0.6291245050593929,0.7716815498713485,0.6069197501201345,0.7451923076923077,0.7295131934163546,0.6291245050593929,0.609032903790817,0.6943024560528612,0.7747844827586207,0.6271275202932705,0.7712534818941504,0.6617997387228156,0.7712534818941504,0.7712534818941504,0.7712534818941504,0.6750216700375614,0.7159147869674185,0.6897663174858985,0.7389228578607924,0.7389228578607924,0.6877637130801688,0.6929021519438829,0.6929021519438829,0.8154123885817444,0.7376237623762376,0.6123850239668351,0.6123850239668351,0.7128364097505988,0.5626426940639269,0.8075729360645562,0.7853080568720379,0.6553314739326325,0.6078457805338366,0.7618757612667478,0.6356536037270485,0.6591458501208702,0.6367009132420092,0.585461177696717,0.5564481423038301,0.4810409962221911,0.6916842105263158,0.7017605633802817,0.6881365262868153,0.6142252776308832,0.5564481423038301,0.5147272487121912
Dorea formicigenerans,0.6198496526786563,0.5514548742396843,0.5514548742396843,0.5514548742396843,0.5514548742396843,0.5514548742396843,0.5514548742396843,0.5514548742396843,0.5514548742396843,0.5514548742396843,0.5514548742396843,0.5655640874187833,0.5655640874187833,0.6653308571987098,0.7141371060022885,0.7141371060022885,0.5177102277647874,0.49434436531210724,0.49434436531210724,0.5533714854441403,0.6038848421782865,0.6038848421782865,0.529811320754717,0.6082134811990989,0.5126258167049267,0.6065829434457851,0.5941528963137825,0.5941262313024444,0.5995907230559345,0.5995907230559345,0.5099838644614765,0.6139015728056825,0.5901639344262295,0.4823905018457547,0.5948566180222472,0.6555019568581051,0.6555019568581051,0.5483143865150921,0.5698774778364379,0.0,0.4310261139695175,0.6005367259715735,0.5346678505125515,0.6776051846517848,0.6634193500409014,0.5633409051196925,0.6800027216438729,0.6935826313266215,0.7371047131009372,0.7113022113022114,0.6690692087111525,0.7371047131009372,0.6780210283739018,0.6993599146552874,0.7229003727797676,0.6825508058864751,0.6352452942048318,0.6807799875699192,0.6780210283739018,0.6885389326334208,0.713462502087857,0.7110259684972329,0.6993599146552874,0.697953544598912,0.6825508058864751,0.6209808860571937,0.6825169555388093,0.6571508536244053,0.6802920806985848,0.7066550674206177,0.6656076898012382,0.6691091399922869,0.6765924641033054,0.6765924641033054,0.6765924641033054,0.7484594403475098,0.6765924641033054,0.6765924641033054,0.7121591977436541,0.7145111654698966,0.6733797842893958,0.6787574234810416,0.6155114151487678,0.7842905072034735,0.6340608570973395,0.6664826062948648,0.6668095319732557,0.6664826062948648,0.672482372084614,0.6008778568185258,0.6285492629945695,0.6668095319732557,0.7363692964511251,0.7456529781724011,0.6515432347489725,0.6958401383418196,0.7475718483837226,0.6874719928301645,0.7475718483837226,0.7475718483837226,0.7475718483837226,0.6970636512857924,0.6625645097260817,0.7060002290163747,0.6119186046511628,0.6119186046511628,0.5212776510266839,0.6075736602728891,0.6075736602728891,0.7224520496427228,0.7509343555342597,0.6849628359062321,0.6849628359062321,0.7679903245313445,0.6594011000203708,0.6407417289220918,0.7011001849868562,0.6126798082045818,0.678877400295421,0.6055873118106433,0.7174596932756587,0.7097706181054106,0.7251184834123223,0.6931221889055472,0.6936829558998808,0.6577148907498316,0.6511951325510648,0.6331143740340031,0.7487855655794586,0.7113284588358181,0.6936829558998808,0.6626236238104124
Coprococcus_A catus,0.5019830028328611,0.4841822061415716,0.4841822061415716,0.4841822061415716,0.4841822061415716,0.4841822061415716,0.4841822061415716,0.4841822061415716,0.4841822061415716,0.4841822061415716,0.4841822061415716,0.47433689286944536,0.47433689286944536,0.5736192782197624,0.6852225519287833,0.6852225519287833,0.4924776233098458,0.48138267022387193,0.48138267022387193,0.5163896795519236,0.6562299408030812,0.6562299408030812,0.6125933831376734,0.5529665165459174,0.4596654459071563,0.5990536559235782,0.5260535603072451,0.5423973591912523,0.5648645684833864,0.5648645684833864,0.49043303121852966,0.5294919213548763,0.5358731386578999,0.4094335312928278,0.525799976384461,0.6126311458547624,0.6126311458547624,0.48550319041755285,0.4951076320939335,0.4310261139695175,0.0,0.5174371451743714,0.4677565849227975,0.6249554367201426,0.7012451361867704,0.5106592003143727,0.7376489443244374,0.7574381896912976,0.741905242662436,0.695542145220946,0.7253108704372242,0.741905242662436,0.7184356703197718,0.7518493150684932,0.7124791219279408,0.7354283478941193,0.6957978075517661,0.7324773901808785,0.7184356703197718,0.6904261417924709,0.6999631743693611,0.6991831752887052,0.7518493150684932,0.6805356288857006,0.7354283478941193,0.6945386064030132,0.7282932956508086,0.7094263476506197,0.7512873722235032,0.6863636363636363,0.7225418852597733,0.7378694483957642,0.6712562706799018,0.6712562706799018,0.6712562706799018,0.7415004533091569,0.6712562706799018,0.6712562706799018,0.7078785811732606,0.70540027605245,0.6484893936147418,0.6426658426040379,0.6691258471304795,0.738021726700972,0.6042583142706317,0.7177591355040523,0.6523422742727616,0.7177591355040523,0.6722480927375409,0.6937969782097031,0.6904704848630082,0.6523422742727616,0.673067050005134,0.7250259605399793,0.6913172384582804,0.6729648024184841,0.7314051783720559,0.6681219681219681,0.7314051783720559,0.7314051783720559,0.7314051783720559,0.683739465603972,0.6408849881148291,0.6994692209139162,0.6980928113659177,0.6980928113659177,0.6064852700490999,0.5761486260985649,0.5761486260985649,0.6973001588141874,0.6643173809253154,0.7003115264797508,0.7003115264797508,0.7638418079096045,0.6328268876611418,0.7403351365615516,0.6930081300813008,0.597006163780452,0.7021822849807445,0.6819003781029098,0.6951408919458619,0.680690399137001,0.6987054645434758,0.6597163420829806,0.6195184366639526,0.5977406135784693,0.6226049932262434,0.6080276966352915,0.7432657133355504,0.6751132197541514,0.6195184366639526,0.58505909140193
Eubacterium_I ramulus,0.4926241710650968,0.5711565443976749,0.5711565443976749,0.5711565443976749,0.5711565443976749,0.5711565443976749,0.5711565443976749,0.5711565443976749,0.5711565443976749,0.5711565443976749,0.5711565443976749,0.5156974433699828,0.5156974433699828,0.4495177817962628,0.6336017013519673,0.6336017013519673,0.5373896394000639,0.4300584628546984,0.4300584628546984,0.5326800792244345,0.6926437319603713,0.6926437319603713,0.6728220725613729,0.612998361551065,0.6055653253336092,0.6531420089064819,0.5542829873538535,0.5814199929353585,0.5574780443046271,0.5574780443046271,0.49366252970689195,0.6053533190578159,0.5897851203973653,0.4434954007884363,0.4863960424850866,0.6025483950012251,0.6025483950012251,0.5235392751193086,0.4057151145923992,0.6005367259715735,0.5174371451743714,0.0,0.5772561092938233,0.5260950605778192,0.7137196195843607,0.512680541339702,0.8037006640304409,0.8053083884706062,0.7917584145957848,0.6718291681332864,0.7633676668159427,0.7917584145957848,0.7868414663753338,0.8077263997636284,0.7760520607375271,0.7902459474566796,0.7674037674037674,0.7718744362258705,0.7868414663753338,0.6787906342350534,0.7110278372591006,0.7083927591881514,0.8077263997636284,0.6788856304985338,0.7902459474566796,0.767539605560944,0.778489227308125,0.7677333956240754,0.7891092494443495,0.6896433861228211,0.7605942291210361,0.779418226557694,0.7050961778666001,0.7050961778666001,0.7050961778666001,0.6775611900923347,0.7050961778666001,0.7050961778666001,0.7416249518675395,0.740867023867511,0.6311890838206627,0.6564543472995883,0.7482993197278911,0.7162724014336918,0.6915408715465678,0.7583469530702778,0.6587057010785824,0.7583469530702778,0.6502504173622705,0.7485931810658722,0.7300798580301686,0.6587057010785824,0.6632552404438965,0.6629950170469447,0.7646025878003697,0.678788663129287,0.7556990230246243,0.6852079177535676,0.7556990230246243,0.7556990230246243,0.7556990230246243,0.694275802254987,0.7337467117624953,0.706977682172627,0.7575451870533838,0.7575451870533838,0.6447862846406764,0.6529663147310206,0.6529663147310206,0.7759549754520416,0.7196397828102239,0.6877122374544082,0.6877122374544082,0.6913872063820358,0.485935085007728,0.7985027191185818,0.7660811479465611,0.6967892834361047,0.6528150134048257,0.7579884290164665,0.5905649388468259,0.6158247108947048,0.6792425968109339,0.5625594348593941,0.5361256544502617,0.5702121908365996,0.6666666666666667,0.663527078944107,0.6861158432708688,0.583819039689148,0.5361256544502617,0.5022531749283081
Clostridium_Q symbiosum,0.5627362055933485,0.49251644736842104,0.49251644736842104,0.49251644736842104,0.49251644736842104,0.49251644736842104,0.49251644736842104,0.49251644736842104,0.49251644736842104,0.49251644736842104,0.49251644736842104,0.5366344219902308,0.5366344219902308,0.6289614356624667,0.6966191283534457,0.6966191283534457,0.4861559368099202,0.5402109745475661,0.5402109745475661,0.47363552266419984,0.6217002977174992,0.6217002977174992,0.6441411451398136,0.5482558642776768,0.500299017513883,0.5940531086023215,0.5388918967695362,0.5043139437795714,0.6136802427139836,0.6136802427139836,0.5696997690531178,0.598245757849004,0.5741865690272114,0.48014130227229335,0.5710196426808805,0.6003616636528029,0.6003616636528029,0.5445423855963991,0.5653747262165508,0.5346678505125515,0.4677565849227975,0.5772561092938233,0.0,0.6739342980054752,0.6751063829787234,0.5328885467453597,0.7461495292136933,0.7580513528783979,0.7244569853664939,0.707472712006717,0.725425903485637,0.7244569853664939,0.7330542264752791,0.7541599901392826,0.7228661749209695,0.737724268177526,0.7053009274930607,0.7440357852882704,0.7330542264752791,0.7051059968654623,0.7214948821709117,0.7245875251509054,0.7541599901392826,0.7016201990295254,0.737724268177526,0.7083361187245136,0.7391002980522632,0.7194337194337195,0.7681345400513305,0.7180014816034241,0.7458535153383238,0.7445485043332402,0.7060035842293907,0.7060035842293907,0.7060035842293907,0.7801993107944492,0.7060035842293907,0.7060035842293907,0.7375009204035049,0.7379166976019007,0.6853568535685357,0.6969332531569452,0.709472908219683,0.7888816584549596,0.6586538461538461,0.7187819856704196,0.6766764322916667,0.7187819856704196,0.6719868863773617,0.6822269513283449,0.6943615963641528,0.6766764322916667,0.7077629526945071,0.7454945054945055,0.7348759611199768,0.7214215379106615,0.7232455923749321,0.6590592995321785,0.7232455923749321,0.7232455923749321,0.7232455923749321,0.6686710763680096,0.6424300005588778,0.6682854367822659,0.704083035468793,0.704083035468793,0.612,0.610390830514844,0.610390830514844,0.7114916629112213,0.7158209513129614,0.7122314929877507,0.7122314929877507,0.7655593738067965,0.697040864255519,0.7383473942440018,0.734894191805493,0.6355889724310777,0.7175156633070008,0.7068359515099347,0.7134973342063418,0.6901026206428632,0.7529422753596114,0.6766299440130035,0.6624203821656052,0.6236145030997557,0.6514295212765957,0.6509896495369529,0.7529004491017964,0.6550814731091645,0.6624203821656052,0.6252970206543593
Bacteroides_F pectinophilus,0.5972831470213669,0.6587072869493619,0.6587072869493619,0.6587072869493619,0.6587072869493619,0.6587072869493619,0.6587072869493619,0.6587072869493619,0.6587072869493619,0.6587072869493619,0.6587072869493619,0.5203854707190512,0.5203854707190512,0.3886222222222222,0.5126339969372129,0.5126339969372129,0.6089515770768548,0.5261334538334086,0.5261334538334086,0.6271765836983229,0.7238971494290642,0.7238971494290642,0.6359349795259958,0.6432119205298013,0.7075511495465092,0.5932530667878237,0.6410928143712575,0.5697105854367649,0.5132259045302523,0.5132259045302523,0.5023529411764707,0.5954534634610806,0.5831437806776009,0.568733153638814,0.45670085757524803,0.6142643255750646,0.6142643255750646,0.4709050112191473,0.5619201884847592,0.6776051846517848,0.6249554367201426,0.5260950605778192,0.6739342980054752,0.0,0.6627360847406816,0.6297109826589595,0.771750850128556,0.7853069439785307,0.7694516971279374,0.6908312799896252,0.7320366824549027,0.7694516971279374,0.7491140390731486,0.8016389491443722,0.7365375183913683,0.7782671425317033,0.7717661691542288,0.7381607088298197,0.7491140390731486,0.672581056931325,0.6953794185064543,0.7076696888017643,0.8016389491443722,0.6800906116284924,0.7782671425317033,0.7664496833216046,0.7306025994486018,0.7763157894736842,0.7542119957639357,0.6871087262041651,0.7191743617599131,0.7417784401390959,0.6758400926998841,0.6758400926998841,0.6758400926998841,0.6789767914619684,0.6758400926998841,0.6758400926998841,0.7382042816061348,0.7315698178664354,0.6636037329504666,0.6457189901207464,0.756037908896362,0.69,0.7097205096588574,0.772481040086674,0.6556291390728477,0.772481040086674,0.6679862760622856,0.7228195937873357,0.7047703879651623,0.6556291390728477,0.7598658756770699,0.7160440818663232,0.776008064516129,0.6552911240832211,0.7949815325086474,0.7370426224303517,0.7949815325086474,0.7949815325086474,0.7949815325086474,0.7499257719714965,0.7743933918430563,0.7601542062508605,0.7637723458591754,0.7637723458591754,0.6376122556788166,0.611062335381914,0.611062335381914,0.7822144017325392,0.7182328829512676,0.700211714890614,0.700211714890614,0.6386659532726948,0.5308536167295166,0.8109512691119982,0.7413693901035674,0.6924626688788813,0.6889020947853217,0.7521811587099304,0.5720317513933457,0.6637692611615962,0.6629026901361674,0.6497330062058018,0.5272664717013591,0.6252204585537919,0.6868164884028363,0.6437287173666288,0.6273504273504273,0.6233328223210179,0.5272664717013591,0.5957048140674546
Ruminococcus_B gnavus,0.7495008319467554,0.614292258360055,0.614292258360055,0.614292258360055,0.614292258360055,0.614292258360055,0.614292258360055,0.614292258360055,0.614292258360055,0.614292258360055,0.614292258360055,0.6021664660679567,0.6021664660679567,0.6766819072501633,0.7759521322062874,0.7759521322062874,0.5724573185532811,0.7062244986543971,0.7062244986543971,0.5713944983304182,0.37206369225918334,0.37206369225918334,0.4631307831727559,0.6126766452044485,0.696894689468947,0.6281840269613606,0.7284783989834815,0.58264426069174,0.5762614678899083,0.5762614678899083,0.708364986916519,0.5126153846153847,0.5336043594844737,0.6633259724817394,0.6472369417108251,0.5068319344134296,0.5068319344134296,0.6320670590333511,0.7393918861692217,0.6634193500409014,0.7012451361867704,0.7137196195843607,0.6751063829787234,0.6627360847406816,0.0,0.7177181715149226,0.602496668770601,0.5981549023814632,0.6624296728485102,0.7925232161282642,0.5754527162977867,0.6624296728485102,0.5783332078596702,0.6390870185449358,0.6358193118083977,0.606178113703582,0.6307914709071196,0.5776261272239824,0.5783332078596702,0.7922633872976339,0.7963130855243276,0.7982509972384166,0.6390870185449358,0.7873183619550859,0.606178113703582,0.6325903700528647,0.5774091627172195,0.5848284771063585,0.6056675160219288,0.7925327476664836,0.5580760702711922,0.5851368555060471,0.7119501400054196,0.7119501400054196,0.7119501400054196,0.8306020823902218,0.7119501400054196,0.7119501400054196,0.6685763616386753,0.6629034822706312,0.7934091669454667,0.7924589107315501,0.61211247296323,0.8326215356656066,0.6333410654913787,0.6252684075638983,0.7706422018348624,0.6252684075638983,0.7866315705511685,0.5532222475842654,0.551134102666136,0.7706422018348624,0.825601785429619,0.8108541525995949,0.5944625407166124,0.8151571164510166,0.7665994042471413,0.7792418877343705,0.7665994042471413,0.7665994042471413,0.7665994042471413,0.7845123436289162,0.7522641411789059,0.7913879598662208,0.6031271040622428,0.6031271040622428,0.535951432365775,0.6196145124716553,0.6196145124716553,0.6955919046298864,0.6929156626506023,0.7890288225847351,0.7890288225847351,0.7863125832857415,0.7709642664751302,0.6201320132013202,0.717706888580675,0.6904240655152842,0.8078830369357045,0.653056603773585,0.7846525787965616,0.7803435876947663,0.8374966899108482,0.7969412351425484,0.7483758806844176,0.7972074468085106,0.6831089954038083,0.6000572300648608,0.804292469989087,0.7905979239941666,0.7483758806844176,0.7568178015726953
Hungatella effluvii,0.4620116186353799,0.5389416315049227,0.5389416315049227,0.5389416315049227,0.5389416315049227,0.5389416315049227,0.5389416315049227,0.5389416315049227,0.5389416315049227,0.5389416315049227,0.5389416315049227,0.5957777087860913,0.5957777087860913,0.5665571541860202,0.7166421873234663,0.7166421873234663,0.5100323624595469,0.4339578454332552,0.4339578454332552,0.6269105487346529,0.7038769147349871,0.7038769147349871,0.7215500613712081,0.6074334319526626,0.47800192122958696,0.6350508416645304,0.412235500493367,0.654090399701158,0.6252956298200514,0.6252956298200514,0.4888084265964451,0.6662622410954155,0.6444014765336614,0.5783891945972987,0.6200821444012106,0.6664729808251018,0.6664729808251018,0.6446516192345437,0.48462498581640756,0.5633409051196925,0.5106592003143727,0.512680541339702,0.5328885467453597,0.6297109826589595,0.7177181715149226,0.0,0.7798116461069107,0.7896463969997322,0.7739972337482711,0.6227858293075684,0.7464341085271318,0.7739972337482711,0.7680130616880811,0.7887812540908496,0.7608155894966518,0.7651082522748667,0.708256064090201,0.7709406968694716,0.7680130616880811,0.6039920159680638,0.6448061723748588,0.6342382378514153,0.7887812540908496,0.6065135616709563,0.7651082522748667,0.7134195339323545,0.7538938454559202,0.7419600248979874,0.7893503259356918,0.631022906793049,0.7609571382533032,0.7779699248120301,0.7312138728323699,0.7312138728323699,0.7312138728323699,0.7105650549201676,0.7312138728323699,0.7312138728323699,0.7016569938598705,0.7077170146226016,0.5709695290858725,0.5862394957983194,0.7038647739394437,0.7386604257216093,0.6367781155015197,0.7431041580897488,0.5890623484921943,0.7431041580897488,0.6006340764982614,0.7350068726036316,0.7215578043544925,0.5890623484921943,0.640901605599012,0.6809493803822726,0.7662928397772724,0.6539985012311316,0.7123046562483333,0.5820548244019487,0.7123046562483333,0.7123046562483333,0.7123046562483333,0.6003973419195725,0.64296875,0.6110861037875378,0.761254425897825,0.761254425897825,0.6774776488491535,0.7008640381368557,0.7008640381368557,0.7753235379974701,0.7630307391796032,0.6401020082881734,0.6401020082881734,0.7211396011396012,0.6120305901152836,0.7929230002491902,0.7808516944965913,0.674583031182016,0.6601187263896384,0.7622876213592233,0.6801095890410959,0.6590842526603534,0.686117381489842,0.6144707267472975,0.6255656108597285,0.5842266462480857,0.6841914430746918,0.7107275936458128,0.7191048395987212,0.6444132873166523,0.6255656108597285,0.597959827531812
Bacteroides uniformis,0.8189451022604952,0.7350090462651848,0.7350090462651848,0.7350090462651848,0.7350090462651848,0.7350090462651848,0.7350090462651848,0.7350090462651848,0.7350090462651848,0.7350090462651848,0.7350090462651848,0.7024968592964824,0.7024968592964824,0.7857642940490082,0.7900431070915392,0.7900431070915392,0.7267142952527208,0.7841560568833297,0.7841560568833297,0.700609633549943,0.6030370136032901,0.6030370136032901,0.5948241326816761,0.6440397350993378,0.7033588523346438,0.7009332967334614,0.7581541091012676,0.719174041297935,0.6922214211327405,0.6922214211327405,0.7736236346308922,0.6142457889568699,0.6106281653942096,0.7399985318945901,0.758253040593903,0.7211560516859087,0.7211560516859087,0.698921393652518,0.805142480404366,0.6800027216438729,0.7376489443244374,0.8037006640304409,0.7461495292136933,0.771750850128556,0.602496668770601,0.7798116461069107,0.0,0.24845910378144265,0.32951057987401067,0.7,0.2984609910150342,0.32951057987401067,0.22238753719586912,0.2063518595904722,0.3834567695764334,0.25274046626524627,0.4440879926672777,0.3240396530359355,0.22238753719586912,0.6708503294634452,0.6689924858150591,0.6664846309876735,0.2063518595904722,0.6777674274181027,0.25274046626524627,0.43482231184841336,0.31990664707407723,0.35644333903311054,0.25824617860016086,0.6781139489194499,0.34923921851084905,0.36990835030549896,0.5967438948027552,0.5967438948027552,0.5967438948027552,0.7744168162009741,0.5967438948027552,0.5967438948027552,0.5294635004397538,0.5304067660088603,0.7417255337725217,0.7354595177567214,0.51727682454337,0.7822897116533015,0.5592095338663449,0.34172577753527167,0.6770195722814176,0.34172577753527167,0.7271266829865362,0.3842870692380651,0.4154963680387409,0.6770195722814176,0.7974551677952229,0.7277795998688095,0.4687807276302851,0.8124044050168246,0.7418635962672362,0.78898835202761,0.7418635962672362,0.7418635962672362,0.7418635962672362,0.793105227847448,0.7338489761515197,0.7911087042142576,0.4884560427164022,0.4884560427164022,0.6574568038856596,0.731851969002056,0.731851969002056,0.7472190875382879,0.7889463477698772,0.8161118208461712,0.8161118208461712,0.8233048385758155,0.8198001249219238,0.5453361125586242,0.7240343705681155,0.6946383484330907,0.8221319641351827,0.6601320820298923,0.781775359376269,0.7543100231360549,0.8189173881381989,0.7893254149535557,0.7887098067516638,0.7902145792116877,0.6208856263319915,0.7087876844130854,0.8111745513866232,0.8002318392581144,0.7887098067516638,0.8028810818756431
Bacteroides caccae,0.8255805488825799,0.7374909830152797,0.7374909830152797,0.7374909830152797,0.7374909830152797,0.7374909830152797,0.7374909830152797,0.7374909830152797,0.7374909830152797,0.7374909830152797,0.7374909830152797,0.7090604829070045,0.7090604829070045,0.7879460745440127,0.7858010762020482,0.7858010762020482,0.7355817875210793,0.7932594435648044,0.7932594435648044,0.7085393106250424,0.5805820174866241,0.5805820174866241,0.6,0.6467033807556983,0.7024160696727069,0.6967637993835809,0.7796477216002282,0.7190529875986471,0.7086359967715901,0.7086359967715901,0.7869555571988465,0.6212990589855405,0.6261604017653325,0.7446887812150578,0.7598260309278351,0.7335135135135136,0.7335135135135136,0.7159703240921516,0.8094138675802487,0.6935826313266215,0.7574381896912976,0.8053083884706062,0.7580513528783979,0.7853069439785307,0.5981549023814632,0.7896463969997322,0.24845910378144265,0.0,0.2936048948118347,0.7098687331962676,0.31508199659467695,0.2936048948118347,0.24453227931488797,0.22431319835335628,0.4264766455226955,0.2550645287446226,0.4176665614145879,0.28130772072404875,0.24453227931488797,0.6548765681910158,0.681374825824431,0.6895904970303219,0.22431319835335628,0.6851341780121193,0.2550645287446226,0.4391240650782635,0.337508698677801,0.35576087814893786,0.26150077125487703,0.6919356117675046,0.3658470193267399,0.3347442680776014,0.5789084181313598,0.5789084181313598,0.5789084181313598,0.7650427275129945,0.5789084181313598,0.5789084181313598,0.5741456870018151,0.5730211817168339,0.7515677761698022,0.7649677617439361,0.5219379160985,0.810319829424307,0.5792221549636805,0.3661675245671502,0.6882968165508818,0.3661675245671502,0.7166456891126495,0.3533600720307768,0.35866700671597385,0.6882968165508818,0.8142268813178585,0.748888156811069,0.4735223210574445,0.8152419543364763,0.7586814409569289,0.7877526428219312,0.7586814409569289,0.7586814409569289,0.7586814409569289,0.7873481621706894,0.7490324501339685,0.7895289004346305,0.4367143647719187,0.4367143647719187,0.6562652364700146,0.7444462202333386,0.7444462202333386,0.7469532279314888,0.8001800180018002,0.8208635842567826,0.8208635842567826,0.8240237691001697,0.8112995258378205,0.5824798711755234,0.7244376278118609,0.7003389830508475,0.8170309797137915,0.6353881607374334,0.7706291362989026,0.7485854106132437,0.8241884989289834,0.7915276592443169,0.797119140625,0.7921513882425935,0.6500551094315856,0.722451623350336,0.806132707774799,0.798893717898064,0.797119140625,0.7969703820936016
Bacteroides cellulosilyticus,0.8170238273640043,0.7255998921542195,0.7255998921542195,0.7255998921542195,0.7255998921542195,0.7255998921542195,0.7255998921542195,0.7255998921542195,0.7255998921542195,0.7255998921542195,0.7255998921542195,0.6877172653534183,0.6877172653534183,0.7742861831309484,0.7823487417454935,0.7823487417454935,0.7257617728531855,0.7801838292568936,0.7801838292568936,0.6773555586947309,0.6307003517748642,0.6307003517748642,0.6483974358974358,0.6278573123467531,0.6881331403762663,0.6786308705405601,0.7654248269768812,0.6908663269306154,0.6898485228889446,0.6898485228889446,0.7785975053240036,0.6056638005837343,0.5835399504119012,0.7230995510140888,0.7401238701037831,0.7199234632862952,0.7199234632862952,0.6829487808869252,0.7974936572614746,0.7371047131009372,0.741905242662436,0.7917584145957848,0.7244569853664939,0.7694516971279374,0.6624296728485102,0.7739972337482711,0.32951057987401067,0.2936048948118347,0.0,0.6696101299566811,0.3909859646063988,0.0,0.3155231560891938,0.35135992387598125,0.2981580618818619,0.3958515921706106,0.49445930454719145,0.3735529830810329,0.3155231560891938,0.6391838782506898,0.6600562023283822,0.6685853263072558,0.35135992387598125,0.6452227189932108,0.3958515921706106,0.5097363690832835,0.43725539178949124,0.4674799790434848,0.3913303693570451,0.6769066928811338,0.4275413922022432,0.4090792070711404,0.5672168686194066,0.5672168686194066,0.5672168686194066,0.7604931556522527,0.5672168686194066,0.5672168686194066,0.5608250771479617,0.5597803818733098,0.7327435105583842,0.7490068329890354,0.5854650707971525,0.7962127245376516,0.5622464898595944,0.4814268867924528,0.6654248573240329,0.4814268867924528,0.6968336869593602,0.41418030157202435,0.4537225801190573,0.6654248573240329,0.7956930731555625,0.7240223463687151,0.571100007930843,0.8071766878060528,0.763729067265413,0.7884668853917589,0.763729067265413,0.763729067265413,0.763729067265413,0.7903509239043612,0.7448516050878256,0.7881171038611802,0.5189053209330691,0.5189053209330691,0.715509718365728,0.7048461862621155,0.7048461862621155,0.7324639904542742,0.7872268338133153,0.8111601513240858,0.8111601513240858,0.8110201566763489,0.8097552937299168,0.6302010876438598,0.7103174603174602,0.6835876673933354,0.814516129032258,0.7069780372532666,0.7555362570560139,0.731813504314098,0.8046519612050468,0.7855035483613747,0.7762990590828176,0.7828484654731458,0.6275118444698579,0.703569928601428,0.8004658385093167,0.7920800130102456,0.7762990590828176,0.796949622554306
Bacteroides timonensis,0.6584418551519305,0.7090245809085381,0.7090245809085381,0.7090245809085381,0.7090245809085381,0.7090245809085381,0.7090245809085381,0.7090245809085381,0.7090245809085381,0.7090245809085381,0.7090245809085381,0.7275371687136394,0.7275371687136394,0.7097347228801516,0.7212306872669153,0.7212306872669153,0.6794223162542544,0.589264027204275,0.589264027204275,0.7568162574089754,0.8049686876333356,0.8049686876333356,0.7858360159060784,0.685505384843395,0.6652136833128021,0.7218126236288438,0.597442680776014,0.771337023011943,0.7268640350877194,0.7268640350877194,0.614985590778098,0.7703409705935413,0.7620255457921913,0.7275421563617782,0.7288996651656853,0.7508319467554077,0.7508319467554077,0.7312631578947368,0.6252963489805595,0.7113022113022114,0.695542145220946,0.6718291681332864,0.707472712006717,0.6908312799896252,0.7925232161282642,0.6227858293075684,0.7,0.7098687331962676,0.6696101299566811,0.0,0.628639391056137,0.6696101299566811,0.6299191848208011,0.7038928875474035,0.6503990459590863,0.681286334535286,0.5451166248489917,0.6549702071313723,0.6299191848208011,0.3244280038361419,0.30722891566265065,0.28924820342730795,0.7038928875474035,0.28186889818688987,0.681286334535286,0.5617345550213191,0.6580074742502962,0.6419834710743801,0.7062275553998423,0.3112010043241735,0.652586803838164,0.6733479773018488,0.6242477432296891,0.6242477432296891,0.6242477432296891,0.5596110695587135,0.6242477432296891,0.6242477432296891,0.5763946711074105,0.5875782881002087,0.5002019658004577,0.5205462131748642,0.6368226840163138,0.6588103254769921,0.625262755589528,0.6892512268481874,0.4331904470300061,0.6892512268481874,0.3939393939393939,0.6582494454871182,0.6318782098312545,0.4331904470300061,0.568946118264783,0.5677539114293291,0.720655557590185,0.6884550084889643,0.7823651000870322,0.6907467532467533,0.7823651000870322,0.7823651000870322,0.7823651000870322,0.6983617985360753,0.7376174598363141,0.7036262659261678,0.7280919312169312,0.7280919312169312,0.7588637989169307,0.776949665154461,0.776949665154461,0.8686657611534845,0.8638726086475728,0.651685393258427,0.651685393258427,0.7086914995224451,0.6832911392405063,0.8325492015108342,0.8256381798002219,0.7143713771736958,0.6749564784879383,0.7915006640106241,0.6519003931847969,0.6726144297905353,0.644864938982586,0.6754676770068672,0.6531881804043547,0.6115938430983119,0.7343253968253969,0.7790759995712295,0.7241557769439773,0.6897345776269543,0.6531881804043547,0.668583918095019
Bacteroides stercoris,0.7870962243245547,0.7178539757611587,0.7178539757611587,0.7178539757611587,0.7178539757611587,0.7178539757611587,0.7178539757611587,0.7178539757611587,0.7178539757611587,0.7178539757611587,0.7178539757611587,0.670324560587743,0.670324560587743,0.7417019275975553,0.7494309952410512,0.7494309952410512,0.6915009322560597,0.7497340425531915,0.7497340425531915,0.6820449834958164,0.5720040281973817,0.5720040281973817,0.5419483858680125,0.6190642763445562,0.6775454835620811,0.6684470663265306,0.7354726078643279,0.7040143798681846,0.675,0.675,0.7471274298056155,0.6088720117372918,0.5828215476399368,0.7236842105263157,0.7385736984764931,0.709479305740988,0.709479305740988,0.661018509991712,0.7684505071703392,0.6690692087111525,0.7253108704372242,0.7633676668159427,0.725425903485637,0.7320366824549027,0.5754527162977867,0.7464341085271318,0.2984609910150342,0.31508199659467695,0.3909859646063988,0.628639391056137,0.0,0.3909859646063988,0.2868510799545282,0.31620414952289244,0.28061581525542334,0.3337143790315996,0.3165073768210077,0.21132641044856015,0.2868510799545282,0.5889741131351869,0.6158068057080132,0.6171162790697675,0.31620414952289244,0.6071495766698025,0.3337143790315996,0.318419363711378,0.18593865289343314,0.3251593484419264,0.28124688776018325,0.6119459767928477,0.19457520735261147,0.235269666424192,0.48662019338880147,0.48662019338880147,0.48662019338880147,0.7133906764362323,0.48662019338880147,0.48662019338880147,0.5149288011024346,0.5134106728538284,0.6863973778077701,0.7041738971595579,0.41881159697636594,0.7556037599421548,0.49572116241754327,0.3507663001125638,0.6258992805755396,0.3507663001125638,0.6562237762237761,0.26935866983372925,0.22343574563641933,0.6258992805755396,0.7560039282206946,0.6620016109544906,0.44482237339380193,0.7816449899248947,0.7708425994563874,0.7636741428833344,0.7708425994563874,0.7708425994563874,0.7708425994563874,0.7671735710540115,0.7333586915176873,0.767226148409894,0.48542372881355933,0.48542372881355933,0.6234596933496379,0.7166620202583402,0.7166620202583402,0.7380343095441191,0.7787348071585798,0.7829959514170041,0.7829959514170041,0.7821257515540609,0.7799129117758425,0.6175479612184556,0.704214179474467,0.6766379310344828,0.7853049907578558,0.6477074409011582,0.7228277172282771,0.7109883254611888,0.7788746298124383,0.757360959651036,0.7470571067224439,0.7524409161419837,0.6556437389770723,0.6891177026261099,0.7703644692292372,0.7677909562638991,0.7470571067224439,0.7677679432126895
Bacteroides sp900552405,0.8170238273640043,0.7255998921542195,0.7255998921542195,0.7255998921542195,0.7255998921542195,0.7255998921542195,0.7255998921542195,0.7255998921542195,0.7255998921542195,0.7255998921542195,0.7255998921542195,0.6877172653534183,0.6877172653534183,0.7742861831309484,0.7823487417454935,0.7823487417454935,0.7257617728531855,0.7801838292568936,0.7801838292568936,0.6773555586947309,0.6307003517748642,0.6307003517748642,0.6483974358974358,0.6278573123467531,0.6881331403762663,0.6786308705405601,0.7654248269768812,0.6908663269306154,0.6898485228889446,0.6898485228889446,0.7785975053240036,0.6056638005837343,0.5835399504119012,0.7230995510140888,0.7401238701037831,0.7199234632862952,0.7199234632862952,0.6829487808869252,0.7974936572614746,0.7371047131009372,0.741905242662436,0.7917584145957848,0.7244569853664939,0.7694516971279374,0.6624296728485102,0.7739972337482711,0.32951057987401067,0.2936048948118347,0.0,0.6696101299566811,0.3909859646063988,0.0,0.3155231560891938,0.35135992387598125,0.2981580618818619,0.3958515921706106,0.49445930454719145,0.3735529830810329,0.3155231560891938,0.6391838782506898,0.6600562023283822,0.6685853263072558,0.35135992387598125,0.6452227189932108,0.3958515921706106,0.5097363690832835,0.43725539178949124,0.4674799790434848,0.3913303693570451,0.6769066928811338,0.4275413922022432,0.4090792070711404,0.5672168686194066,0.5672168686194066,0.5672168686194066,0.7604931556522527,0.5672168686194066,0.5672168686194066,0.5608250771479617,0.5597803818733098,0.7327435105583842,0.7490068329890354,0.5854650707971525,0.7962127245376516,0.5622464898595944,0.4814268867924528,0.6654248573240329,0.4814268867924528,0.6968336869593602,0.41418030157202435,0.4537225801190573,0.6654248573240329,0.7956930731555625,0.7240223463687151,0.571100007930843,0.8071766878060528,0.763729067265413,0.7884668853917589,0.763729067265413,0.763729067265413,0.763729067265413,0.7903509239043612,0.7448516050878256,0.7881171038611802,0.5189053209330691,0.5189053209330691,0.715509718365728,0.7048461862621155,0.7048461862621155,0.7324639904542742,0.7872268338133153,0.8111601513240858,0.8111601513240858,0.8110201566763489,0.8097552937299168,0.6302010876438598,0.7103174603174602,0.6835876673933354,0.814516129032258,0.7069780372532666,0.7555362570560139,0.731813504314098,0.8046519612050468,0.7855035483613747,0.7762990590828176,0.7828484654731458,0.6275118444698579,0.703569928601428,0.8004658385093167,0.7920800130102456,0.7762990590828176,0.796949622554306
Bacteroides intestinalis_A,0.8057793616361946,0.7192315665814387,0.7192315665814387,0.7192315665814387,0.7192315665814387,0.7192315665814387,0.7192315665814387,0.7192315665814387,0.7192315665814387,0.7192315665814387,0.7192315665814387,0.674259290974482,0.674259290974482,0.7631824743143415,0.7692878338278932,0.7692878338278932,0.7100536672629696,0.7694598728165499,0.7694598728165499,0.6863502970438766,0.5856249579775432,0.5856249579775432,0.5567416221891679,0.6098599623290476,0.6776139410187667,0.6605511457241275,0.7437744234158302,0.6971268954509178,0.668467369521652,0.668467369521652,0.7522074616180097,0.6097541378756227,0.6045556986477785,0.7231110407096468,0.7391565747659539,0.6989381118300979,0.6989381118300979,0.683963843321058,0.7847819165870742,0.6780210283739018,0.7184356703197718,0.7868414663753338,0.7330542264752791,0.7491140390731486,0.5783332078596702,0.7680130616880811,0.22238753719586912,0.24453227931488797,0.3155231560891938,0.6299191848208011,0.2868510799545282,0.3155231560891938,0.0,0.24587628865979383,0.3634825959227277,0.26522577534950986,0.36281236764083014,0.2558003509456034,0.0,0.6124781849912739,0.6065419762575797,0.6112312883966426,0.24587628865979383,0.6258164317634927,0.26522577534950986,0.3878292461398728,0.3047004608294931,0.3222333500250375,0.210035911870329,0.624891058044274,0.28825975054444664,0.2738502470543519,0.5503860621659078,0.5503860621659078,0.5503860621659078,0.7282463186077643,0.5503860621659078,0.5503860621659078,0.5114543114543115,0.5119377162629758,0.723935895226607,0.706496129249411,0.4596851352526746,0.769895872071402,0.522297684313886,0.33434875679235965,0.6267411794144633,0.33434875679235965,0.6836596893990547,0.2929426258359733,0.2897230655994112,0.6267411794144633,0.7657767981059678,0.7139683668029145,0.4694656488549618,0.7998342999171499,0.7515691629533803,0.7778094857599452,0.7515691629533803,0.7515691629533803,0.7515691629533803,0.7828621234406493,0.733767576509512,0.7840297889946214,0.46976632136834495,0.46976632136834495,0.6411820290353063,0.7160472683678711,0.7160472683678711,0.7267058926846404,0.7730951961991905,0.8021333767608501,0.8021333767608501,0.8095885444988218,0.799334527770668,0.5932068988303707,0.6996350364963504,0.6623250546072323,0.8088626538077819,0.6373421032962105,0.7481388465333214,0.7189521080638559,0.7891727711273897,0.7787276015124116,0.7536116281130905,0.7656003323639385,0.614521841794569,0.6872657543798484,0.7943692088382038,0.7876098786102972,0.7536116281130905,0.7815696930946292
Bacteroides xylanisolvens,0.8219187824479055,0.7252120976620685,0.7252120976620685,0.7252120976620685,0.7252120976620685,0.7252120976620685,0.7252120976620685,0.7252120976620685,0.7252120976620685,0.7252120976620685,0.7252120976620685,0.6971643427855241,0.6971643427855241,0.8130805830375349,0.7757215619694398,0.7757215619694398,0.7133847702113385,0.7929945660155676,0.7929945660155676,0.6926531706663092,0.5930623374976219,0.5930623374976219,0.5840956507783662,0.6442516268980477,0.7044675894203097,0.7208036554226582,0.7687719298245614,0.7033464420865178,0.6838606327593112,0.6838606327593112,0.7784952477689908,0.6062688821752266,0.6054914384853285,0.7411078717201166,0.7557965888548298,0.7305429864253394,0.7305429864253394,0.7239866908650938,0.8090816770636878,0.6993599146552874,0.7518493150684932,0.8077263997636284,0.7541599901392826,0.8016389491443722,0.6390870185449358,0.7887812540908496,0.2063518595904722,0.22431319835335628,0.35135992387598125,0.7038928875474035,0.31620414952289244,0.35135992387598125,0.24587628865979383,0.0,0.36160040261701054,0.22848017449559865,0.409676918297608,0.2908177003859618,0.24587628865979383,0.6537975682930681,0.6481424148606811,0.6636624970864735,0.0,0.6766522544780729,0.22848017449559865,0.3982801363495506,0.31662360034453063,0.33440438871473355,0.27322404371584696,0.6816199376947041,0.35515519086692826,0.35173649628807924,0.5578889700511322,0.5578889700511322,0.5578889700511322,0.7703174197940601,0.5578889700511322,0.5578889700511322,0.5372815687514826,0.5367564981661617,0.746662478404272,0.7412768550967546,0.516557854165028,0.7961660806964674,0.5585321927059883,0.30417195431472077,0.660532319391635,0.30417195431472077,0.7118461538461538,0.389576802507837,0.39258957654723126,0.660532319391635,0.8025027603974972,0.74261569416499,0.4655453951665578,0.8174255029496293,0.7310042446009608,0.7921417483004122,0.7310042446009608,0.7310042446009608,0.7310042446009608,0.7917609545361037,0.7401002259998035,0.7827846601845911,0.48508022192232714,0.48508022192232714,0.6442953020134228,0.73875,0.73875,0.7370672262125737,0.783740230440738,0.8184594755661502,0.8184594755661502,0.8019959745051997,0.8157915208090237,0.5536289802758798,0.7192749043738567,0.6954116258483328,0.8225045648204504,0.6449695867999721,0.7593824423092715,0.7396458583433374,0.8290196703034164,0.7975662885900999,0.8008040359451364,0.7950011292629677,0.6124398137185255,0.6994785399117529,0.8076985544908235,0.7893432465923172,0.8008040359451364,0.8051162451716347
Bacteroides eggerthii,0.796388336646786,0.6891711229946524,0.6891711229946524,0.6891711229946524,0.6891711229946524,0.6891711229946524,0.6891711229946524,0.6891711229946524,0.6891711229946524,0.6891711229946524,0.6891711229946524,0.6437796153488804,0.6437796153488804,0.7521889821233126,0.7246988572016885,0.7246988572016885,0.6790475456577021,0.761437908496732,0.761437908496732,0.6442098727103385,0.6198890486952948,0.6198890486952948,0.6160120578065431,0.5929164844774815,0.6638156331670231,0.6622078841765677,0.7416842446860294,0.6563397441475938,0.6312036508841985,0.6312036508841985,0.7421602787456446,0.5712296579932121,0.5460008837825895,0.7022400136274594,0.7201966787271546,0.6884693787113356,0.6884693787113356,0.6541810266642482,0.7819275067750677,0.7229003727797676,0.7124791219279408,0.7760520607375271,0.7228661749209695,0.7365375183913683,0.6358193118083977,0.7608155894966518,0.3834567695764334,0.4264766455226955,0.2981580618818619,0.6503990459590863,0.28061581525542334,0.2981580618818619,0.3634825959227277,0.36160040261701054,0.0,0.41624598439651217,0.4828891082592959,0.32674144037780406,0.3634825959227277,0.6082120678468811,0.6070590359270627,0.6187266599872484,0.36160040261701054,0.6226862405398013,0.41624598439651217,0.46090331103955084,0.36502007657110846,0.43959077622604736,0.43016809728183114,0.630402795659371,0.3322829843464119,0.39455592716462284,0.47663861824623566,0.47663861824623566,0.47663861824623566,0.7245736593384015,0.47663861824623566,0.47663861824623566,0.5226130653266332,0.5206708975521306,0.699934646624965,0.6934523809523809,0.5384414907479802,0.7525512781651005,0.49403717993686425,0.47465110778207054,0.6180253703539431,0.47465110778207054,0.6697712270548875,0.4053402239448751,0.40648064806480644,0.6180253703539431,0.7671719359029883,0.6871497584541063,0.5052622190510168,0.7815999283346771,0.7415129243537824,0.7678410659624273,0.7415129243537824,0.7415129243537824,0.7415129243537824,0.7726362752388034,0.7284429363925244,0.7662486368593239,0.5590007930214116,0.5590007930214116,0.6700213751335946,0.6956642322270501,0.6956642322270501,0.7195259593679458,0.7454370797310279,0.7912222416506383,0.7912222416506383,0.7720529270248597,0.7860824742268041,0.648920672758575,0.6708760067614596,0.6458423466297483,0.7871514932779933,0.6674348928324498,0.7123719464144995,0.6973440395305744,0.7902024446142093,0.7633418886627135,0.7608838740009403,0.7566966272136691,0.6184339169851569,0.6427955959789373,0.7699863839719898,0.7541689573025472,0.7608838740009403,0.7765187015421318
Bacteroides fragilis,0.806165028940638,0.7190148630389387,0.7190148630389387,0.7190148630389387,0.7190148630389387,0.7190148630389387,0.7190148630389387,0.7190148630389387,0.7190148630389387,0.7190148630389387,0.7190148630389387,0.7198935940757782,0.7198935940757782,0.7875807609475951,0.7972389325929354,0.7972389325929354,0.7132469174834019,0.7757230255839822,0.7757230255839822,0.6893185419968304,0.5935091522157996,0.5935091522157996,0.6139795241953303,0.6457543859649123,0.6857778650435238,0.7015740443302281,0.750634094246429,0.7261424960721361,0.7009297520661157,0.7009297520661157,0.7597961572894429,0.6519678549350917,0.6316815144766147,0.7347372753464124,0.7690581336422211,0.7325073912431367,0.7325073912431367,0.7049156799425906,0.7929046867494682,0.6825508058864751,0.7354283478941193,0.7902459474566796,0.737724268177526,0.7782671425317033,0.606178113703582,0.7651082522748667,0.25274046626524627,0.2550645287446226,0.3958515921706106,0.681286334535286,0.3337143790315996,0.3958515921706106,0.26522577534950986,0.22848017449559865,0.41624598439651217,0.0,0.417629001607952,0.34777278299959136,0.26522577534950986,0.6486726976123387,0.6433510444719412,0.653992673992674,0.22848017449559865,0.6582899846142575,0.0,0.39859268489335187,0.3258989898989899,0.24275191976179278,0.3054512812142973,0.6594830778345553,0.40567341298870196,0.36871019108280256,0.6303680981595092,0.6303680981595092,0.6303680981595092,0.7662481244570797,0.6303680981595092,0.6303680981595092,0.5366361675221305,0.5369052079430499,0.7394791053560918,0.7300846849433041,0.5183431952662723,0.7874015748031495,0.5640411441454136,0.2609299097848716,0.6479309103994242,0.2609299097848716,0.6983146883626326,0.39701867020884063,0.3939789570693495,0.6479309103994242,0.7894919489172681,0.7036122259956776,0.446147859922179,0.803800170794193,0.7011899313501144,0.766460531102219,0.7011899313501144,0.7011899313501144,0.7011899313501144,0.7629269271277396,0.7134427173287277,0.7605545960468241,0.4571696615429025,0.4571696615429025,0.6767087314902619,0.7504870481275705,0.7504870481275705,0.7585239852398524,0.8010907214975311,0.8036241045090603,0.8036241045090603,0.8209900083899015,0.7984757438077092,0.5618223900596906,0.7391602008215427,0.6924143669393981,0.8060236643958408,0.6116852414724755,0.7765837529120012,0.7496695192374592,0.8062406015037594,0.7691811734364926,0.7943492016775807,0.783959793303603,0.6335349413393573,0.7294255225844175,0.8166144200626959,0.7652461425422483,0.7943492016775807,0.7816920943134535
Bacteroides fluxus,0.7515933844292053,0.6988803358992302,0.6988803358992302,0.6988803358992302,0.6988803358992302,0.6988803358992302,0.6988803358992302,0.6988803358992302,0.6988803358992302,0.6988803358992302,0.6988803358992302,0.7010197258441992,0.7010197258441992,0.7731733914940022,0.7814442413162705,0.7814442413162705,0.6678942328938646,0.712151728768043,0.712151728768043,0.6927009372337405,0.6062107697390156,0.6062107697390156,0.5887468030690537,0.6423846337769985,0.637503823799327,0.6940765536312037,0.6936085748312822,0.7317903862528059,0.7074732496419243,0.7074732496419243,0.7052873941287723,0.6408329419132612,0.6316369071029655,0.7263066750629723,0.7652676551897462,0.7429529665415635,0.7429529665415635,0.7248121515714632,0.7301574150787076,0.6352452942048318,0.6957978075517661,0.7674037674037674,0.7053009274930607,0.7717661691542288,0.6307914709071196,0.708256064090201,0.4440879926672777,0.4176665614145879,0.49445930454719145,0.5451166248489917,0.3165073768210077,0.49445930454719145,0.36281236764083014,0.409676918297608,0.4828891082592959,0.417629001607952,0.0,0.34017568192325476,0.36281236764083014,0.4768085512502386,0.5124454941860466,0.5330115654311993,0.409676918297608,0.5270741556534508,0.417629001607952,0.19966905681191394,0.36322511974454497,0.34520682862770846,0.3872907949790795,0.5425179458862507,0.36604200018834165,0.3378932968536251,0.5701643489254109,0.5701643489254109,0.5701643489254109,0.7022537400427433,0.5701643489254109,0.5701643489254109,0.3703426324658303,0.37482346295075797,0.646919646919647,0.6441437483525174,0.35542391706775267,0.7754537915783655,0.4449403484679426,0.41990499182306673,0.5668314684708127,0.41990499182306673,0.5979759985670786,0.3634987384356603,0.319091400757166,0.5668314684708127,0.7107543323139653,0.7020364415862808,0.4874401913875598,0.748924823671082,0.7619702285009955,0.7185653756639017,0.7619702285009955,0.7619702285009955,0.7619702285009955,0.7260733579755474,0.6825669367387455,0.7308996931028913,0.4813696671168666,0.4813696671168666,0.6590371621621622,0.7454787898991583,0.7454787898991583,0.7330954660168828,0.792342186961021,0.7418008348240906,0.7418008348240906,0.7938568424901727,0.771771249782722,0.6106989457243264,0.7413368513632366,0.6479263423775767,0.7640893470790378,0.6587959228569333,0.7543547813722005,0.7452468445438569,0.7315505031680953,0.7580551161435352,0.7636140780949046,0.7006707901385139,0.6854819421191103,0.7256637168141593,0.8007588458484073,0.7821608040201005,0.7636140780949046,0.7607093691796907
Bacteroides finegoldii,0.7992644543277454,0.7348473676448901,0.7348473676448901,0.7348473676448901,0.7348473676448901,0.7348473676448901,0.7348473676448901,0.7348473676448901,0.7348473676448901,0.7348473676448901,0.7348473676448901,0.6842645275627274,0.6842645275627274,0.7575357950263752,0.7416966363444044,0.7416966363444044,0.7000546490748693,0.7614850427350427,0.7614850427350427,0.6881230198593618,0.5736051657839367,0.5736051657839367,0.5389447236180904,0.6019896038716616,0.692866262368337,0.6741347466473941,0.7428643174018582,0.6980491203623063,0.6776340813997718,0.6776340813997718,0.75,0.6119051769217361,0.5880219391365888,0.7162879777139375,0.7253042061895181,0.7147862019403521,0.7147862019403521,0.6841526045487895,0.7823647997195197,0.6807799875699192,0.7324773901808785,0.7718744362258705,0.7440357852882704,0.7381607088298197,0.5776261272239824,0.7709406968694716,0.3240396530359355,0.28130772072404875,0.3735529830810329,0.6549702071313723,0.21132641044856015,0.3735529830810329,0.2558003509456034,0.2908177003859618,0.32674144037780406,0.34777278299959136,0.34017568192325476,0.0,0.2558003509456034,0.5960757780784844,0.6130709246193835,0.6150070788107598,0.2908177003859618,0.6410637902175935,0.34777278299959136,0.37111829115060135,0.21389588581024355,0.32958701275532953,0.24297333470606408,0.6195725103038436,0.15616311399443927,0.19092770175627627,0.4820958700377531,0.4820958700377531,0.4820958700377531,0.7188137960674761,0.4820958700377531,0.4820958700377531,0.4738199885343015,0.4753371868978805,0.7070259865255053,0.713248138273421,0.4385277246653919,0.7566858940744625,0.49390629231741445,0.39545570589737045,0.6301071363718903,0.39545570589737045,0.6654152979821679,0.3212555886736215,0.27576880697185213,0.6301071363718903,0.7795737122557727,0.7062135730514669,0.4181252430960716,0.7964748003304875,0.7738473767885532,0.7781707317073171,0.7738473767885532,0.7738473767885532,0.7738473767885532,0.782121282527881,0.7530071740654836,0.7857377948436643,0.4506178249057926,0.4506178249057926,0.6300512236767217,0.7132193139941416,0.7132193139941416,0.7130528586839266,0.7688314232539916,0.8042503586800573,0.8042503586800573,0.7987537031361732,0.7769001059628167,0.5869287539029237,0.6953085418988753,0.6682772555565317,0.7914333706606943,0.627889938130902,0.7330312185297079,0.7233205116736738,0.7918650793650793,0.7606177606177607,0.7567858892699657,0.761370945511348,0.6619555555555556,0.6845140824762088,0.7755842062852538,0.7690429228890767,0.7567858892699657,0.7711323763955342
Bacteroides intestinalis,0.8057793616361946,0.7192315665814387,0.7192315665814387,0.7192315665814387,0.7192315665814387,0.7192315665814387,0.7192315665814387,0.7192315665814387,0.7192315665814387,0.7192315665814387,0.7192315665814387,0.674259290974482,0.674259290974482,0.7631824743143415,0.7692878338278932,0.7692878338278932,0.7100536672629696,0.7694598728165499,0.7694598728165499,0.6863502970438766,0.5856249579775432,0.5856249579775432,0.5567416221891679,0.6098599623290476,0.6776139410187667,0.6605511457241275,0.7437744234158302,0.6971268954509178,0.668467369521652,0.668467369521652,0.7522074616180097,0.6097541378756227,0.6045556986477785,0.7231110407096468,0.7391565747659539,0.6989381118300979,0.6989381118300979,0.683963843321058,0.7847819165870742,0.6780210283739018,0.7184356703197718,0.7868414663753338,0.7330542264752791,0.7491140390731486,0.5783332078596702,0.7680130616880811,0.22238753719586912,0.24453227931488797,0.3155231560891938,0.6299191848208011,0.2868510799545282,0.3155231560891938,0.0,0.24587628865979383,0.3634825959227277,0.26522577534950986,0.36281236764083014,0.2558003509456034,0.0,0.6124781849912739,0.6065419762575797,0.6112312883966426,0.24587628865979383,0.6258164317634927,0.26522577534950986,0.3878292461398728,0.3047004608294931,0.3222333500250375,0.210035911870329,0.624891058044274,0.28825975054444664,0.2738502470543519,0.5503860621659078,0.5503860621659078,0.5503860621659078,0.7282463186077643,0.5503860621659078,0.5503860621659078,0.5114543114543115,0.5119377162629758,0.723935895226607,0.706496129249411,0.4596851352526746,0.769895872071402,0.522297684313886,0.33434875679235965,0.6267411794144633,0.33434875679235965,0.6836596893990547,0.2929426258359733,0.2897230655994112,0.6267411794144633,0.7657767981059678,0.7139683668029145,0.4694656488549618,0.7998342999171499,0.7515691629533803,0.7778094857599452,0.7515691629533803,0.7515691629533803,0.7515691629533803,0.7828621234406493,0.733767576509512,0.7840297889946214,0.46976632136834495,0.46976632136834495,0.6411820290353063,0.7160472683678711,0.7160472683678711,0.7267058926846404,0.7730951961991905,0.8021333767608501,0.8021333767608501,0.8095885444988218,0.799334527770668,0.5932068988303707,0.6996350364963504,0.6623250546072323,0.8088626538077819,0.6373421032962105,0.7481388465333214,0.7189521080638559,0.7891727711273897,0.7787276015124116,0.7536116281130905,0.7656003323639385,0.614521841794569,0.6872657543798484,0.7943692088382038,0.7876098786102972,0.7536116281130905,0.7815696930946292
Bacteroides faecis,0.6571555951850201,0.7036752136752137,0.7036752136752137,0.7036752136752137,0.7036752136752137,0.7036752136752137,0.7036752136752137,0.7036752136752137,0.7036752136752137,0.7036752136752137,0.7036752136752137,0.7233930453108535,0.7233930453108535,0.6857176387747916,0.7060744611365121,0.7060744611365121,0.6664240880560357,0.6015954950727358,0.6015954950727358,0.7424687421330871,0.7973727198475361,0.7973727198475361,0.7847820049986115,0.6775510204081633,0.6447541909964212,0.7041499330655957,0.5808278867102397,0.7485029940119761,0.7204682130584192,0.7204682130584192,0.5962853236098451,0.7686870471814808,0.7532351628737171,0.7134355456929595,0.7094455852156057,0.7594681708299759,0.7594681708299759,0.7204100652376515,0.6384852991648553,0.6885389326334208,0.6904261417924709,0.6787906342350534,0.7051059968654623,0.672581056931325,0.7922633872976339,0.6039920159680638,0.6708503294634452,0.6548765681910158,0.6391838782506898,0.3244280038361419,0.5889741131351869,0.6391838782506898,0.6124781849912739,0.6537975682930681,0.6082120678468811,0.6486726976123387,0.4768085512502386,0.5960757780784844,0.6124781849912739,0.0,0.2553220156292104,0.2867756315007429,0.6537975682930681,0.2778990450204638,0.6486726976123387,0.4958108359709551,0.6213761467889909,0.6122719734660034,0.6608332593053211,0.3187483066919534,0.6054081121682524,0.6294684200777922,0.5786488530375599,0.5786488530375599,0.5786488530375599,0.54290743728913,0.5786488530375599,0.5786488530375599,0.4903908443100842,0.49864351600651113,0.46588014479152706,0.47497459349593496,0.6058131622436085,0.6652232746955344,0.5722060252672497,0.6433915211970075,0.3602103418054339,0.6433915211970075,0.4161378059836809,0.6191214470284238,0.5896414342629481,0.3602103418054339,0.5926946107784431,0.5619577884241875,0.6916239002932552,0.6408751986309742,0.7551983321446206,0.6514981693192856,0.7551983321446206,0.7551983321446206,0.7551983321446206,0.6564712546020957,0.7071170674989291,0.6772816808929745,0.6981163388930379,0.6981163388930379,0.7527797255334068,0.7736525682944837,0.7736525682944837,0.8665105386416861,0.8608658195132457,0.6477530098939087,0.6477530098939087,0.7048528241845664,0.6718769383451184,0.8050406720896119,0.7968387310710733,0.6776461136774452,0.6540587007245486,0.7620554676438744,0.6417853020392459,0.6643828167482327,0.6123143985832993,0.6622817229336437,0.6623311655827914,0.5727950310559007,0.7287591240875912,0.7784393607019743,0.7124762507916402,0.679144385026738,0.6623311655827914,0.6649432392941441
Bacteroides nordii,0.6831149619611159,0.7213195470211718,0.7213195470211718,0.7213195470211718,0.7213195470211718,0.7213195470211718,0.7213195470211718,0.7213195470211718,0.7213195470211718,0.7213195470211718,0.7213195470211718,0.7488766849725412,0.7488766849725412,0.7135578201151971,0.7229303304046528,0.7229303304046528,0.6843253621923546,0.6446544335787276,0.6446544335787276,0.7537627447807088,0.8104196816208393,0.8104196816208393,0.7898311142882674,0.6934687412652567,0.678714859437751,0.735500804334942,0.5973497495826378,0.7602669880411607,0.7322640345465762,0.7322640345465762,0.608458092011802,0.7778061659001874,0.7633253094910591,0.7245787332945961,0.7279826464208243,0.7584357323971134,0.7584357323971134,0.7348192174343735,0.6704091547015005,0.713462502087857,0.6999631743693611,0.7110278372591006,0.7214948821709117,0.6953794185064543,0.7963130855243276,0.6448061723748588,0.6689924858150591,0.681374825824431,0.6600562023283822,0.30722891566265065,0.6158068057080132,0.6600562023283822,0.6065419762575797,0.6481424148606811,0.6070590359270627,0.6433510444719412,0.5124454941860466,0.6130709246193835,0.6065419762575797,0.2553220156292104,0.0,0.18335644937586681,0.6481424148606811,0.26345231752797016,0.6433510444719412,0.5353071144498454,0.6309069953010018,0.6190821256038648,0.6666092795041749,0.26488095238095233,0.6042437220167414,0.634781048097631,0.6187832250443001,0.6187832250443001,0.6187832250443001,0.5787666529322895,0.6187832250443001,0.6187832250443001,0.5148545492056942,0.5159341803790877,0.5214463840399002,0.4827754703151722,0.6234141791044776,0.6570420695061405,0.5858841149489844,0.6521840873634945,0.3623803175372682,0.6521840873634945,0.47607569000843675,0.6482288156488863,0.6267673662948977,0.3623803175372682,0.626707303307371,0.5936279296875,0.6938122332859176,0.6696655132641292,0.7541655432731195,0.6678692546359766,0.7541655432731195,0.7541655432731195,0.7541655432731195,0.6757495048828792,0.7188819506393102,0.6983222538778094,0.7156870563840816,0.7156870563840816,0.7675064661366031,0.7750991760756789,0.7750991760756789,0.8746710846896014,0.8569200374337111,0.6579548048390778,0.6579548048390778,0.7176678000251857,0.7005141388174807,0.8061848958333333,0.8025855674472819,0.688899613899614,0.6834490740740741,0.7645346486617611,0.6753731343283582,0.6932894195142034,0.6526877621044606,0.6897766039396941,0.6903583215464404,0.6028169014084507,0.7501622924974497,0.777239220438251,0.7274476786143853,0.7021611886537595,0.6903583215464404,0.6908413205537807
Bacteroides salyersiae,0.6953684886084073,0.7248355673965532,0.7248355673965532,0.7248355673965532,0.7248355673965532,0.7248355673965532,0.7248355673965532,0.7248355673965532,0.7248355673965532,0.7248355673965532,0.7248355673965532,0.7531516876779178,0.7531516876779178,0.7315001117818019,0.7224904701397713,0.7224904701397713,0.6877270713336288,0.6378103837471784,0.6378103837471784,0.756163708086785,0.8137940217029492,0.8137940217029492,0.7932194146518815,0.6983631374775285,0.6710237659963436,0.742477496785255,0.5911472254891479,0.7638404225219277,0.7333053338933222,0.7333053338933222,0.6089478969095169,0.7818905128426878,0.7680830643050345,0.7252790674701175,0.7282813713524908,0.7615499254843517,0.7615499254843517,0.7374053508329126,0.6639316997449829,0.7110259684972329,0.6991831752887052,0.7083927591881514,0.7245875251509054,0.7076696888017643,0.7982509972384166,0.6342382378514153,0.6664846309876735,0.6895904970303219,0.6685853263072558,0.28924820342730795,0.6171162790697675,0.6685853263072558,0.6112312883966426,0.6636624970864735,0.6187266599872484,0.653992673992674,0.5330115654311993,0.6150070788107598,0.6112312883966426,0.2867756315007429,0.18335644937586681,0.0,0.6636624970864735,0.3119217552207243,0.653992673992674,0.5504888888888889,0.62149150694886,0.5946733250104037,0.6630367963467112,0.2072509277761918,0.6109356494275562,0.6277425869824658,0.6146944713870028,0.6146944713870028,0.6146944713870028,0.577997179125529,0.6146944713870028,0.6146944713870028,0.5016435160640441,0.5142371440713982,0.4929797191887676,0.47541394882087307,0.6315043913495136,0.64451062677677,0.5823860922724233,0.650832672482157,0.3646913580246913,0.650832672482157,0.45853051058530514,0.6489939049845537,0.6291804155890484,0.3646913580246913,0.6052508204406939,0.5711565316744953,0.6900935258331063,0.6861007462686567,0.7635083919870059,0.6738575905546242,0.7635083919870059,0.7635083919870059,0.7635083919870059,0.6846629986244842,0.7326661901358114,0.7045831737520746,0.7154906731549067,0.7154906731549067,0.7718101179452188,0.778549942951976,0.778549942951976,0.8797418073485601,0.8563965884861408,0.6687130777250088,0.6687130777250088,0.7274477094828693,0.6953125,0.8111184210526315,0.8068771626297577,0.7029317229960066,0.6853254437869822,0.7722440300948643,0.6758323057953144,0.6985655952256309,0.6576623376623376,0.6775732788002726,0.6814589665653495,0.6062275449101797,0.7491952281764818,0.7737626837854629,0.7276091783863805,0.6959944431581384,0.6814589665653495,0.68125
Bacteroides sp902362375,0.8219187824479055,0.7252120976620685,0.7252120976620685,0.7252120976620685,0.7252120976620685,0.7252120976620685,0.7252120976620685,0.7252120976620685,0.7252120976620685,0.7252120976620685,0.7252120976620685,0.6971643427855241,0.6971643427855241,0.8130805830375349,0.7757215619694398,0.7757215619694398,0.7133847702113385,0.7929945660155676,0.7929945660155676,0.6926531706663092,0.5930623374976219,0.5930623374976219,0.5840956507783662,0.6442516268980477,0.7044675894203097,0.7208036554226582,0.7687719298245614,0.7033464420865178,0.6838606327593112,0.6838606327593112,0.7784952477689908,0.6062688821752266,0.6054914384853285,0.7411078717201166,0.7557965888548298,0.7305429864253394,0.7305429864253394,0.7239866908650938,0.8090816770636878,0.6993599146552874,0.7518493150684932,0.8077263997636284,0.7541599901392826,0.8016389491443722,0.6390870185449358,0.7887812540908496,0.2063518595904722,0.22431319835335628,0.35135992387598125,0.7038928875474035,0.31620414952289244,0.35135992387598125,0.24587628865979383,0.0,0.36160040261701054,0.22848017449559865,0.409676918297608,0.2908177003859618,0.24587628865979383,0.6537975682930681,0.6481424148606811,0.6636624970864735,0.0,0.6766522544780729,0.22848017449559865,0.3982801363495506,0.31662360034453063,0.33440438871473355,0.27322404371584696,0.6816199376947041,0.35515519086692826,0.35173649628807924,0.5578889700511322,0.5578889700511322,0.5578889700511322,0.7703174197940601,0.5578889700511322,0.5578889700511322,0.5372815687514826,0.5367564981661617,0.746662478404272,0.7412768550967546,0.516557854165028,0.7961660806964674,0.5585321927059883,0.30417195431472077,0.660532319391635,0.30417195431472077,0.7118461538461538,0.389576802507837,0.39258957654723126,0.660532319391635,0.8025027603974972,0.74261569416499,0.4655453951665578,0.8174255029496293,0.7310042446009608,0.7921417483004122,0.7310042446009608,0.7310042446009608,0.7310042446009608,0.7917609545361037,0.7401002259998035,0.7827846601845911,0.48508022192232714,0.48508022192232714,0.6442953020134228,0.73875,0.73875,0.7370672262125737,0.783740230440738,0.8184594755661502,0.8184594755661502,0.8019959745051997,0.8157915208090237,0.5536289802758798,0.7192749043738567,0.6954116258483328,0.8225045648204504,0.6449695867999721,0.7593824423092715,0.7396458583433374,0.8290196703034164,0.7975662885900999,0.8008040359451364,0.7950011292629677,0.6124398137185255,0.6994785399117529,0.8076985544908235,0.7893432465923172,0.8008040359451364,0.8051162451716347
Bacteroides oleiciplenus,0.6668497363796133,0.6977379428083653,0.6977379428083653,0.6977379428083653,0.6977379428083653,0.6977379428083653,0.6977379428083653,0.6977379428083653,0.6977379428083653,0.6977379428083653,0.6977379428083653,0.725031341412453,0.725031341412453,0.6917014371812703,0.7233009708737864,0.7233009708737864,0.6729350368904086,0.6018162766329025,0.6018162766329025,0.7456315526709936,0.7988365800865801,0.7988365800865801,0.7804945561911791,0.6885292991191114,0.6446691004399514,0.7245503754147022,0.5810255300735612,0.7623790552077405,0.7220270414138188,0.7220270414138188,0.6234745950743288,0.771891418563923,0.7578194027213289,0.7231335122775624,0.7271712435811566,0.7467165083855325,0.7467165083855325,0.7244029927231731,0.659885995305689,0.697953544598912,0.6805356288857006,0.6788856304985338,0.7016201990295254,0.6800906116284924,0.7873183619550859,0.6065135616709563,0.6777674274181027,0.6851341780121193,0.6452227189932108,0.28186889818688987,0.6071495766698025,0.6452227189932108,0.6258164317634927,0.6766522544780729,0.6226862405398013,0.6582899846142575,0.5270741556534508,0.6410637902175935,0.6258164317634927,0.2778990450204638,0.26345231752797016,0.3119217552207243,0.6766522544780729,0.0,0.6582899846142575,0.5444364809173983,0.6381981981981981,0.6464199517296862,0.6844799167172725,0.33710256751363576,0.6287671232876713,0.6732020319044649,0.6076197476417984,0.6076197476417984,0.6076197476417984,0.6061196105702364,0.6076197476417984,0.6076197476417984,0.5644766374209345,0.5718974358974359,0.47379565907887766,0.5015487548011399,0.6318733409177095,0.6656388255798364,0.602930056710775,0.6585693938914385,0.3587254169778442,0.6585693938914385,0.43541216816969386,0.6515265579255541,0.625706848577327,0.3587254169778442,0.6221342953566857,0.563454382137816,0.708790221103721,0.6449038810301052,0.7621324927993044,0.6579843125647477,0.7621324927993044,0.7621324927993044,0.7621324927993044,0.6665034622648107,0.7076810623134555,0.6863598000389535,0.725010101010101,0.725010101010101,0.7555820184578743,0.7793290268806001,0.7793290268806001,0.8667945869521309,0.8592663886215378,0.6693435754189945,0.6693435754189945,0.7146955274481679,0.691039165757245,0.8181758530183727,0.8122091135404265,0.7078947368421052,0.6854253420582986,0.7781500245138094,0.6418669718936793,0.6586423769247451,0.6441483045256631,0.6783839306094499,0.6786326880666503,0.6089150546677881,0.731944846205766,0.7787106135986733,0.7203294646199925,0.686672136912437,0.6786326880666503,0.693416311824435
Bacteroides fragilis_A,0.806165028940638,0.7190148630389387,0.7190148630389387,0.7190148630389387,0.7190148630389387,0.7190148630389387,0.7190148630389387,0.7190148630389387,0.7190148630389387,0.7190148630389387,0.7190148630389387,0.7198935940757782,0.7198935940757782,0.7875807609475951,0.7972389325929354,0.7972389325929354,0.7132469174834019,0.7757230255839822,0.7757230255839822,0.6893185419968304,0.5935091522157996,0.5935091522157996,0.6139795241953303,0.6457543859649123,0.6857778650435238,0.7015740443302281,0.750634094246429,0.7261424960721361,0.7009297520661157,0.7009297520661157,0.7597961572894429,0.6519678549350917,0.6316815144766147,0.7347372753464124,0.7690581336422211,0.7325073912431367,0.7325073912431367,0.7049156799425906,0.7929046867494682,0.6825508058864751,0.7354283478941193,0.7902459474566796,0.737724268177526,0.7782671425317033,0.606178113703582,0.7651082522748667,0.25274046626524627,0.2550645287446226,0.3958515921706106,0.681286334535286,0.3337143790315996,0.3958515921706106,0.26522577534950986,0.22848017449559865,0.41624598439651217,0.0,0.417629001607952,0.34777278299959136,0.26522577534950986,0.6486726976123387,0.6433510444719412,0.653992673992674,0.22848017449559865,0.6582899846142575,0.0,0.39859268489335187,0.3258989898989899,0.24275191976179278,0.3054512812142973,0.6594830778345553,0.40567341298870196,0.36871019108280256,0.6303680981595092,0.6303680981595092,0.6303680981595092,0.7662481244570797,0.6303680981595092,0.6303680981595092,0.5366361675221305,0.5369052079430499,0.7394791053560918,0.7300846849433041,0.5183431952662723,0.7874015748031495,0.5640411441454136,0.2609299097848716,0.6479309103994242,0.2609299097848716,0.6983146883626326,0.39701867020884063,0.3939789570693495,0.6479309103994242,0.7894919489172681,0.7036122259956776,0.446147859922179,0.803800170794193,0.7011899313501144,0.766460531102219,0.7011899313501144,0.7011899313501144,0.7011899313501144,0.7629269271277396,0.7134427173287277,0.7605545960468241,0.4571696615429025,0.4571696615429025,0.6767087314902619,0.7504870481275705,0.7504870481275705,0.7585239852398524,0.8010907214975311,0.8036241045090603,0.8036241045090603,0.8209900083899015,0.7984757438077092,0.5618223900596906,0.7391602008215427,0.6924143669393981,0.8060236643958408,0.6116852414724755,0.7765837529120012,0.7496695192374592,0.8062406015037594,0.7691811734364926,0.7943492016775807,0.783959793303603,0.6335349413393573,0.7294255225844175,0.8166144200626959,0.7652461425422483,0.7943492016775807,0.7816920943134535
Bacteroides clarus,0.7623785832741057,0.6943440800444691,0.6943440800444691,0.6943440800444691,0.6943440800444691,0.6943440800444691,0.6943440800444691,0.6943440800444691,0.6943440800444691,0.6943440800444691,0.6943440800444691,0.7048222514812377,0.7048222514812377,0.7702837232453957,0.7767631103074141,0.7767631103074141,0.658744131455399,0.7103625653364307,0.7103625653364307,0.6930261956598076,0.6073904512753434,0.6073904512753434,0.5901363406833866,0.6447502949272512,0.6389119758216849,0.6907201616394862,0.6987575212940533,0.7274959711457294,0.7047595232141368,0.7047595232141368,0.7032940219601465,0.6424429841515269,0.637708091366628,0.7255680049797697,0.7641072315075293,0.7364248910027744,0.7364248910027744,0.7202914798206278,0.7294377608642278,0.6209808860571937,0.6945386064030132,0.767539605560944,0.7083361187245136,0.7664496833216046,0.6325903700528647,0.7134195339323545,0.43482231184841336,0.4391240650782635,0.5097363690832835,0.5617345550213191,0.318419363711378,0.5097363690832835,0.3878292461398728,0.3982801363495506,0.46090331103955084,0.39859268489335187,0.19966905681191394,0.37111829115060135,0.3878292461398728,0.4958108359709551,0.5353071144498454,0.5504888888888889,0.3982801363495506,0.5444364809173983,0.39859268489335187,0.0,0.33725595078898096,0.34686586554075993,0.42455135226219565,0.5585221143473571,0.3600598074946266,0.3752535496957403,0.5711957042861252,0.5711957042861252,0.5711957042861252,0.7099628889523266,0.5711957042861252,0.5711957042861252,0.3927332481285375,0.4000183284457478,0.6541313086199196,0.6480103806228374,0.3727923195362739,0.7759324802613667,0.45460681741478226,0.38892820633797276,0.5698768388641806,0.38892820633797276,0.6106047326906223,0.3716344958992627,0.3285144124168514,0.5698768388641806,0.7145723601705543,0.7084612012275318,0.46356535919663544,0.748046875,0.7466418976850528,0.7209467036534262,0.7466418976850528,0.7466418976850528,0.7466418976850528,0.726258242687257,0.6740772486205604,0.7318465560475911,0.5070346320346321,0.5070346320346321,0.6616434934643244,0.7487898925260481,0.7487898925260481,0.768999749728873,0.7969504447268106,0.7508971042309939,0.7508971042309939,0.8038585209003215,0.7773037542662116,0.5999090259276106,0.7390057361376673,0.6447134786117836,0.7523312516040722,0.6540477577169481,0.748657452240514,0.7375982220811175,0.7328195247270392,0.74824016563147,0.756296682299809,0.7020783236001373,0.648797473479634,0.7264715663451946,0.8008522480215671,0.765060745705907,0.756296682299809,0.7484256418537059
Phocaeicola dorei,0.7903668579985026,0.7258297258297258,0.7258297258297258,0.7258297258297258,0.7258297258297258,0.7258297258297258,0.7258297258297258,0.7258297258297258,0.7258297258297258,0.7258297258297258,0.7258297258297258,0.6813504242643076,0.6813504242643076,0.7589957400525695,0.7527162977867203,0.7527162977867203,0.696580547112462,0.766854893908282,0.766854893908282,0.6928656895004487,0.5812398845964394,0.5812398845964394,0.5538789113127198,0.6149677419354839,0.6922540666150271,0.6835100208929815,0.738642828118651,0.7129529362765514,0.6732965009208103,0.6732965009208103,0.7505693800084352,0.6265674636348437,0.5969831259587524,0.7363884975553161,0.750814332247557,0.7196091993774858,0.7196091993774858,0.6871187339757758,0.7874652514531211,0.6825169555388093,0.7282932956508086,0.778489227308125,0.7391002980522632,0.7306025994486018,0.5774091627172195,0.7538938454559202,0.31990664707407723,0.337508698677801,0.43725539178949124,0.6580074742502962,0.18593865289343314,0.43725539178949124,0.3047004608294931,0.31662360034453063,0.36502007657110846,0.3258989898989899,0.36322511974454497,0.21389588581024355,0.3047004608294931,0.6213761467889909,0.6309069953010018,0.62149150694886,0.31662360034453063,0.6381981981981981,0.3258989898989899,0.33725595078898096,0.0,0.23958619426897376,0.2735849056603774,0.6050168476226132,0.2298652291105121,0.23063542412769877,0.5102239532619279,0.5102239532619279,0.5102239532619279,0.7370667750787682,0.5102239532619279,0.5102239532619279,0.4811468608831935,0.48154003533897516,0.7184108883575502,0.716764029031687,0.4555045871559633,0.7545857689981859,0.5078579491186941,0.3250843644544432,0.6193765497697485,0.3250843644544432,0.6661230406813445,0.3010821716801174,0.2584545812033032,0.6193765497697485,0.7779684282772821,0.6843072755417956,0.4125331313896251,0.8008105012774205,0.756014424739416,0.7724855076794359,0.756014424739416,0.756014424739416,0.756014424739416,0.7764860090043882,0.7255854105967412,0.7710764887899679,0.5061211075507354,0.5061211075507354,0.6428117337208246,0.728386167146974,0.728386167146974,0.7491967318461397,0.7771540836373843,0.7936355710549259,0.7936355710549259,0.7892761923570653,0.7837265020272761,0.5939114264067773,0.705814065976589,0.6870389000670691,0.8007666250668568,0.6384530906808912,0.7410508083140878,0.732824427480916,0.7921508858830253,0.7612720347240677,0.7649592658488622,0.7702726473175022,0.6315650567432041,0.6990371389270977,0.7891716089535106,0.772616577974204,0.7649592658488622,0.7803615378087074
Phocaeicola vulgatus,0.7892109380821102,0.7050210603730694,0.7050210603730694,0.7050210603730694,0.7050210603730694,0.7050210603730694,0.7050210603730694,0.7050210603730694,0.7050210603730694,0.7050210603730694,0.7050210603730694,0.6883440514469453,0.6883440514469453,0.7909404930130319,0.7796712802768166,0.7796712802768166,0.6938577660826812,0.7539032307930128,0.7539032307930128,0.6608974806336799,0.566118140693634,0.566118140693634,0.5795081967213115,0.6153008863318302,0.6582954463448076,0.6871888366874693,0.7221892613467813,0.7085120794761797,0.6761130277640874,0.6761130277640874,0.7282734200600416,0.6253884046987495,0.6012931034482758,0.7155733979700045,0.752913752913753,0.7206258229416777,0.7206258229416777,0.7101573453809005,0.7663372404811155,0.6571508536244053,0.7094263476506197,0.7677333956240754,0.7194337194337195,0.7763157894736842,0.5848284771063585,0.7419600248979874,0.35644333903311054,0.35576087814893786,0.4674799790434848,0.6419834710743801,0.3251593484419264,0.4674799790434848,0.3222333500250375,0.33440438871473355,0.43959077622604736,0.24275191976179278,0.34520682862770846,0.32958701275532953,0.3222333500250375,0.6122719734660034,0.6190821256038648,0.5946733250104037,0.33440438871473355,0.6464199517296862,0.24275191976179278,0.34686586554075993,0.23958619426897376,0.0,0.3740721997300944,0.5839584043641323,0.3738225531533148,0.3019660411081323,0.5867798776590889,0.5867798776590889,0.5867798776590889,0.7226640159045725,0.5867798776590889,0.5867798776590889,0.4403465134231066,0.441323885240235,0.7102225886232482,0.6926675808663386,0.45428023672584816,0.767329769520638,0.5034455445544554,0.3089026250301036,0.6276080920269734,0.3089026250301036,0.6770531400966184,0.35201172829451055,0.3559881506559458,0.6276080920269734,0.7535744980076569,0.6615371163766722,0.38653627870426965,0.7908610212295794,0.7173995993513307,0.7586341572281426,0.7173995993513307,0.7173995993513307,0.7173995993513307,0.7599379380450484,0.7014764687788373,0.7582496047330035,0.4043799133643511,0.4043799133643511,0.6470874969534487,0.7274700538628507,0.7274700538628507,0.735757275950202,0.7838393812227433,0.7837584102644344,0.7837584102644344,0.8067987700717458,0.7864875864875864,0.5363852871129928,0.7177460479347272,0.6627146046654862,0.7900406990663156,0.583190904362042,0.7635208559725821,0.7523276057830596,0.7737344469064258,0.749661381563222,0.7701832590391283,0.7533963613251767,0.6365503080082136,0.6939446224632323,0.8055370801463253,0.749530573924402,0.7701832590391283,0.7549361207897793
Phocaeicola plebeius,0.8196601941747572,0.753835327234342,0.753835327234342,0.753835327234342,0.753835327234342,0.753835327234342,0.753835327234342,0.753835327234342,0.753835327234342,0.753835327234342,0.753835327234342,0.705529058470235,0.705529058470235,0.7749643366619116,0.7603585657370517,0.7603585657370517,0.7167263503431811,0.7860141034251176,0.7860141034251176,0.7085912172119069,0.6059184658894944,0.6059184658894944,0.5672092172640819,0.6425989745313945,0.7198699531226372,0.7021907804655408,0.7697352824970367,0.7182434667548793,0.6934201012292118,0.6934201012292118,0.776148904628562,0.6346536294332118,0.6311556955728734,0.7414842850090505,0.7515544741822114,0.7323378839590444,0.7323378839590444,0.6930432494078428,0.8003987042113132,0.6802920806985848,0.7512873722235032,0.7891092494443495,0.7681345400513305,0.7542119957639357,0.6056675160219288,0.7893503259356918,0.25824617860016086,0.26150077125487703,0.3913303693570451,0.7062275553998423,0.28124688776018325,0.3913303693570451,0.210035911870329,0.27322404371584696,0.43016809728183114,0.3054512812142973,0.3872907949790795,0.24297333470606408,0.210035911870329,0.6608332593053211,0.6666092795041749,0.6630367963467112,0.27322404371584696,0.6844799167172725,0.3054512812142973,0.42455135226219565,0.2735849056603774,0.3740721997300944,0.0,0.6575686837852397,0.22812869902076827,0.20682523267838682,0.5053542455381288,0.5053542455381288,0.5053542455381288,0.7389809947432269,0.5053542455381288,0.5053542455381288,0.5080812641083521,0.5077455804629123,0.7310344827586207,0.734029590948651,0.4773629148629148,0.7755404204915606,0.5351071064263856,0.32701094921976037,0.6634188034188034,0.32701094921976037,0.7081256013294848,0.34406205420827385,0.3251932868187818,0.6634188034188034,0.7987897125567323,0.7232669099073814,0.46649038023160394,0.8075076385857705,0.782512184529267,0.806077476223614,0.782512184529267,0.782512184529267,0.782512184529267,0.8083845600044304,0.774123374941731,0.8091338582677166,0.5043892033800967,0.5043892033800967,0.660591441079246,0.7351129363449692,0.7351129363449692,0.738187523071244,0.7877471816669747,0.8195034858017344,0.8195034858017344,0.818033416554638,0.7967117812698701,0.5957315399396101,0.719381915299504,0.700339207412923,0.8197394877174579,0.6664878945755439,0.7514500332794523,0.7314275932899692,0.8002639268545575,0.771278458844133,0.7658959537572254,0.776168876482903,0.6335931342499344,0.7110648315827599,0.7879423829056568,0.7848371596369461,0.7658959537572254,0.7807373583629291
Phocaeicola massiliensis,0.6827570970948857,0.7156151284897123,0.7156151284897123,0.7156151284897123,0.7156151284897123,0.7156151284897123,0.7156151284897123,0.7156151284897123,0.7156151284897123,0.7156151284897123,0.7156151284897123,0.7433721052080059,0.7433721052080059,0.723521954592601,0.7137409598948061,0.7137409598948061,0.6742362061103511,0.6231325863678805,0.6231325863678805,0.7465845842469219,0.8075302433056952,0.8075302433056952,0.7828731867103416,0.6902680652680653,0.6701155853840417,0.7393169877408057,0.5790574763268003,0.7608611701100598,0.720763723150358,0.720763723150358,0.5937968407702063,0.7751174957878868,0.7642124051762607,0.7248132444982839,0.7193865873197528,0.7500768836494105,0.7500768836494105,0.719757220594391,0.6380666049953747,0.7066550674206177,0.6863636363636363,0.6896433861228211,0.7180014816034241,0.6871087262041651,0.7925327476664836,0.631022906793049,0.6781139489194499,0.6919356117675046,0.6769066928811338,0.3112010043241735,0.6119459767928477,0.6769066928811338,0.624891058044274,0.6816199376947041,0.630402795659371,0.6594830778345553,0.5425179458862507,0.6195725103038436,0.624891058044274,0.3187483066919534,0.26488095238095233,0.2072509277761918,0.6816199376947041,0.33710256751363576,0.6594830778345553,0.5585221143473571,0.6050168476226132,0.5839584043641323,0.6575686837852397,0.0,0.6093702770780857,0.6149490373725934,0.6041797021649356,0.6041797021649356,0.6041797021649356,0.5712205068453248,0.6041797021649356,0.6041797021649356,0.4978322133102103,0.50371017023134,0.5083673738305442,0.5055967802792102,0.6443893602822004,0.644258872651357,0.581816411953665,0.6507898130238556,0.38491223702228305,0.6507898130238556,0.4607755880483153,0.6426926030202201,0.6166743014200642,0.38491223702228305,0.6013952369497233,0.5643137254901961,0.6964450174986185,0.690172721858249,0.7741199478487614,0.6889994148624927,0.7741199478487614,0.7741199478487614,0.7741199478487614,0.6990753519182997,0.7382711599687631,0.7060040069799005,0.7092868988391376,0.7092868988391376,0.768185451638689,0.774866879659212,0.774866879659212,0.8799470953301455,0.8542465753424657,0.6569718731298624,0.6569718731298624,0.7191235059760956,0.6916800593398442,0.8157684630738523,0.8077988257449873,0.7086715501880816,0.6872198667474259,0.7757661323810314,0.6584209177134068,0.6928287280937533,0.6407347379794706,0.666040835484628,0.6646880525385198,0.5948819384349116,0.7434204137127318,0.7691734921816828,0.7254727757329611,0.6862674793832915,0.6646880525385198,0.6753437006986702
Phocaeicola coprocola,0.7903690369036904,0.727091020910209,0.727091020910209,0.727091020910209,0.727091020910209,0.727091020910209,0.727091020910209,0.727091020910209,0.727091020910209,0.727091020910209,0.727091020910209,0.6602519591310385,0.6602519591310385,0.7378446115288221,0.7218827789092555,0.7218827789092555,0.686390048285457,0.76003726129483,0.76003726129483,0.6751071919747593,0.5744203440538519,0.5744203440538519,0.5211855775106946,0.6012309987876527,0.6850262478126823,0.6656323381415632,0.7352863783878607,0.6784859090071836,0.6592099959693671,0.6592099959693671,0.7442755083348599,0.5912683823529412,0.5716012646457131,0.7017254038179148,0.7137794876986939,0.7001422475106686,0.7001422475106686,0.6613437195715677,0.7766221813161528,0.6656076898012382,0.7225418852597733,0.7605942291210361,0.7458535153383238,0.7191743617599131,0.5580760702711922,0.7609571382533032,0.34923921851084905,0.3658470193267399,0.4275413922022432,0.652586803838164,0.19457520735261147,0.4275413922022432,0.28825975054444664,0.35515519086692826,0.3322829843464119,0.40567341298870196,0.36604200018834165,0.15616311399443927,0.28825975054444664,0.6054081121682524,0.6042437220167414,0.6109356494275562,0.35515519086692826,0.6287671232876713,0.40567341298870196,0.3600598074946266,0.2298652291105121,0.3738225531533148,0.22812869902076827,0.6093702770780857,0.0,0.20350643586329342,0.43062438057482655,0.43062438057482655,0.43062438057482655,0.6920766920766921,0.43062438057482655,0.43062438057482655,0.4720206738892754,0.4706709521896344,0.6830169317598769,0.6860225600784698,0.3985138436482085,0.7328304435937851,0.46022020105313544,0.40998170891037367,0.6330785923200302,0.40998170891037367,0.6809994189424753,0.32969034608378867,0.281650806785271,0.6330785923200302,0.7720052326667912,0.6874277911984035,0.4098244189586928,0.7814143775569842,0.7742428098752863,0.7777917505030181,0.7742428098752863,0.7742428098752863,0.7742428098752863,0.783187955550245,0.7496251874062969,0.7861571412467591,0.4779896631616468,0.4779896631616468,0.6046370967741935,0.6861122325393622,0.6861122325393622,0.7188746803069054,0.7537484381507705,0.7857551487414187,0.7857551487414187,0.7796369203849519,0.765360277607675,0.5947027577675907,0.6760138050043141,0.6588983050847458,0.7903036238981391,0.629657730568201,0.7214811652971935,0.71225393237261,0.777660472972973,0.7460332911515624,0.7397560212699406,0.7503638304065199,0.6441838649155722,0.6627491057741441,0.7538013587835652,0.7580933465739821,0.7397560212699406,0.7539675086862616
Phocaeicola coprophilus,0.8067528136723635,0.7467107628154432,0.7467107628154432,0.7467107628154432,0.7467107628154432,0.7467107628154432,0.7467107628154432,0.7467107628154432,0.7467107628154432,0.7467107628154432,0.7467107628154432,0.6959281762945497,0.6959281762945497,0.7638633859713551,0.7484574249280131,0.7484574249280131,0.7036611519607843,0.7769443007415071,0.7769443007415071,0.6738161131611315,0.5595780041910543,0.5595780041910543,0.5279716936023716,0.6261900640470832,0.7062067894041792,0.6762618296529969,0.7566666666666666,0.6785590277777778,0.6848451122240772,0.6848451122240772,0.7561620469083156,0.6223639455782313,0.580236117184084,0.7112827112827113,0.7231521534700018,0.7239870482191302,0.7239870482191302,0.6627034936894092,0.783512237011593,0.6691091399922869,0.7378694483957642,0.779418226557694,0.7445485043332402,0.7417784401390959,0.5851368555060471,0.7779699248120301,0.36990835030549896,0.3347442680776014,0.4090792070711404,0.6733479773018488,0.235269666424192,0.4090792070711404,0.2738502470543519,0.35173649628807924,0.39455592716462284,0.36871019108280256,0.3378932968536251,0.19092770175627627,0.2738502470543519,0.6294684200777922,0.634781048097631,0.6277425869824658,0.35173649628807924,0.6732020319044649,0.36871019108280256,0.3752535496957403,0.23063542412769877,0.3019660411081323,0.20682523267838682,0.6149490373725934,0.20350643586329342,0.0,0.5026536930561698,0.5026536930561698,0.5026536930561698,0.6986023685052811,0.5026536930561698,0.5026536930561698,0.46378593040847205,0.4650586328534655,0.7243625535082822,0.7154559366279594,0.44663735852586284,0.7646160114076187,0.5053327457029528,0.4141104294478528,0.6477112676056338,0.4141104294478528,0.6952921055000449,0.27337925828064547,0.2601731171027758,0.6477112676056338,0.7684737720762674,0.7175330903510455,0.4323351023502654,0.7987793932866631,0.7876991838321026,0.7931075460487225,0.7876991838321026,0.7876991838321026,0.7876991838321026,0.796134663341646,0.760951321574236,0.7969722997637965,0.41898555829517437,0.41898555829517437,0.6450603075223276,0.6915324479608176,0.6915324479608176,0.7227571741824769,0.7758078352873892,0.802446321717705,0.802446321717705,0.8106157951962044,0.7852594118748829,0.5758730158730159,0.7079976419728826,0.6795859000684463,0.8097380973809738,0.6328517838614415,0.7346195491682252,0.7282741738066095,0.7766971215247077,0.7574744828832084,0.7382204049844237,0.7568691250903832,0.6618648507071765,0.6961516906407622,0.7818502548020384,0.7742762916819348,0.7382204049844237,0.7578605304760232
Prevotella sp900313215,0.7497393117831074,0.6535669344690737,0.6535669344690737,0.6535669344690737,0.6535669344690737,0.6535669344690737,0.6535669344690737,0.6535669344690737,0.6535669344690737,0.6535669344690737,0.6535669344690737,0.5445040214477213,0.5445040214477213,0.7176576808977171,0.5815975069706413,0.5815975069706413,0.6087813992111273,0.7005849378503535,0.7005849378503535,0.5973641193297916,0.6733489612804139,0.6733489612804139,0.637709433096167,0.5421388101983002,0.6259677756852898,0.6304213135068153,0.712144420131291,0.5756542909312234,0.5389993145990404,0.5389993145990404,0.6879373739769896,0.6216980106533319,0.6090809628008753,0.6318419800095193,0.6320228540334648,0.6385571833066601,0.6385571833066601,0.6032465081162703,0.7182080924855492,0.6765924641033054,0.6712562706799018,0.7050961778666001,0.7060035842293907,0.6758400926998841,0.7119501400054196,0.7312138728323699,0.5967438948027552,0.5789084181313598,0.5672168686194066,0.6242477432296891,0.48662019338880147,0.5672168686194066,0.5503860621659078,0.5578889700511322,0.47663861824623566,0.6303680981595092,0.5701643489254109,0.4820958700377531,0.5503860621659078,0.5786488530375599,0.6187832250443001,0.6146944713870028,0.5578889700511322,0.6076197476417984,0.6303680981595092,0.5711957042861252,0.5102239532619279,0.5867798776590889,0.5053542455381288,0.6041797021649356,0.43062438057482655,0.5026536930561698,0.0,0.0,0.0,0.5848964279889088,0.0,0.0,0.5658739997745971,0.5641552511415525,0.6323845327604727,0.6575068698476143,0.5835678718337303,0.7016141197767386,0.5577026301663983,0.6042747272402075,0.6262907529875856,0.6042747272402075,0.6329429354597558,0.5561418938727646,0.5145197319434103,0.6262907529875856,0.7345954419389846,0.6358725761772853,0.589993502274204,0.7220422443954905,0.7701841969357893,0.7706838482940401,0.7701841969357893,0.7701841969357893,0.7701841969357893,0.7808586762075134,0.7404120443740094,0.7776339632410044,0.641566265060241,0.641566265060241,0.5805224448389551,0.6132655790318267,0.6132655790318267,0.7717661691542288,0.7907368967306694,0.731992457573853,0.731992457573853,0.6814872192099148,0.7020604395604395,0.7144179588058319,0.5797315238235727,0.5869023608969035,0.7413412894019977,0.6309487876043868,0.6007496251874063,0.6089589905362776,0.7200802637236634,0.6820347714101739,0.6571347275572628,0.6814432989690722,0.5011427120365668,0.5417074193097666,0.667863017795723,0.667477696674777,0.6571347275572628,0.6985663521627252
Prevotella sp900551275,0.7497393117831074,0.6535669344690737,0.6535669344690737,0.6535669344690737,0.6535669344690737,0.6535669344690737,0.6535669344690737,0.6535669344690737,0.6535669344690737,0.6535669344690737,0.6535669344690737,0.5445040214477213,0.5445040214477213,0.7176576808977171,0.5815975069706413,0.5815975069706413,0.6087813992111273,0.7005849378503535,0.7005849378503535,0.5973641193297916,0.6733489612804139,0.6733489612804139,0.637709433096167,0.5421388101983002,0.6259677756852898,0.6304213135068153,0.712144420131291,0.5756542909312234,0.5389993145990404,0.5389993145990404,0.6879373739769896,0.6216980106533319,0.6090809628008753,0.6318419800095193,0.6320228540334648,0.6385571833066601,0.6385571833066601,0.6032465081162703,0.7182080924855492,0.6765924641033054,0.6712562706799018,0.7050961778666001,0.7060035842293907,0.6758400926998841,0.7119501400054196,0.7312138728323699,0.5967438948027552,0.5789084181313598,0.5672168686194066,0.6242477432296891,0.48662019338880147,0.5672168686194066,0.5503860621659078,0.5578889700511322,0.47663861824623566,0.6303680981595092,0.5701643489254109,0.4820958700377531,0.5503860621659078,0.5786488530375599,0.6187832250443001,0.6146944713870028,0.5578889700511322,0.6076197476417984,0.6303680981595092,0.5711957042861252,0.5102239532619279,0.5867798776590889,0.5053542455381288,0.6041797021649356,0.43062438057482655,0.5026536930561698,0.0,0.0,0.0,0.5848964279889088,0.0,0.0,0.5658739997745971,0.5641552511415525,0.6323845327604727,0.6575068698476143,0.5835678718337303,0.7016141197767386,0.5577026301663983,0.6042747272402075,0.6262907529875856,0.6042747272402075,0.6329429354597558,0.5561418938727646,0.5145197319434103,0.6262907529875856,0.7345954419389846,0.6358725761772853,0.589993502274204,0.7220422443954905,0.7701841969357893,0.7706838482940401,0.7701841969357893,0.7701841969357893,0.7701841969357893,0.7808586762075134,0.7404120443740094,0.7776339632410044,0.641566265060241,0.641566265060241,0.5805224448389551,0.6132655790318267,0.6132655790318267,0.7717661691542288,0.7907368967306694,0.731992457573853,0.731992457573853,0.6814872192099148,0.7020604395604395,0.7144179588058319,0.5797315238235727,0.5869023608969035,0.7413412894019977,0.6309487876043868,0.6007496251874063,0.6089589905362776,0.7200802637236634,0.6820347714101739,0.6571347275572628,0.6814432989690722,0.5011427120365668,0.5417074193097666,0.667863017795723,0.667477696674777,0.6571347275572628,0.6985663521627252
Prevotella copri_A,0.7497393117831074,0.6535669344690737,0.6535669344690737,0.6535669344690737,0.6535669344690737,0.6535669344690737,0.6535669344690737,0.6535669344690737,0.6535669344690737,0.6535669344690737,0.6535669344690737,0.5445040214477213,0.5445040214477213,0.7176576808977171,0.5815975069706413,0.5815975069706413,0.6087813992111273,0.7005849378503535,0.7005849378503535,0.5973641193297916,0.6733489612804139,0.6733489612804139,0.637709433096167,0.5421388101983002,0.6259677756852898,0.6304213135068153,0.712144420131291,0.5756542909312234,0.5389993145990404,0.5389993145990404,0.6879373739769896,0.6216980106533319,0.6090809628008753,0.6318419800095193,0.6320228540334648,0.6385571833066601,0.6385571833066601,0.6032465081162703,0.7182080924855492,0.6765924641033054,0.6712562706799018,0.7050961778666001,0.7060035842293907,0.6758400926998841,0.7119501400054196,0.7312138728323699,0.5967438948027552,0.5789084181313598,0.5672168686194066,0.6242477432296891,0.48662019338880147,0.5672168686194066,0.5503860621659078,0.5578889700511322,0.47663861824623566,0.6303680981595092,0.5701643489254109,0.4820958700377531,0.5503860621659078,0.5786488530375599,0.6187832250443001,0.6146944713870028,0.5578889700511322,0.6076197476417984,0.6303680981595092,0.5711957042861252,0.5102239532619279,0.5867798776590889,0.5053542455381288,0.6041797021649356,0.43062438057482655,0.5026536930561698,0.0,0.0,0.0,0.5848964279889088,0.0,0.0,0.5658739997745971,0.5641552511415525,0.6323845327604727,0.6575068698476143,0.5835678718337303,0.7016141197767386,0.5577026301663983,0.6042747272402075,0.6262907529875856,0.6042747272402075,0.6329429354597558,0.5561418938727646,0.5145197319434103,0.6262907529875856,0.7345954419389846,0.6358725761772853,0.589993502274204,0.7220422443954905,0.7701841969357893,0.7706838482940401,0.7701841969357893,0.7701841969357893,0.7701841969357893,0.7808586762075134,0.7404120443740094,0.7776339632410044,0.641566265060241,0.641566265060241,0.5805224448389551,0.6132655790318267,0.6132655790318267,0.7717661691542288,0.7907368967306694,0.731992457573853,0.731992457573853,0.6814872192099148,0.7020604395604395,0.7144179588058319,0.5797315238235727,0.5869023608969035,0.7413412894019977,0.6309487876043868,0.6007496251874063,0.6089589905362776,0.7200802637236634,0.6820347714101739,0.6571347275572628,0.6814432989690722,0.5011427120365668,0.5417074193097666,0.667863017795723,0.667477696674777,0.6571347275572628,0.6985663521627252
Prevotella stercorea,0.7081908929303979,0.7708109165606964,0.7708109165606964,0.7708109165606964,0.7708109165606964,0.7708109165606964,0.7708109165606964,0.7708109165606964,0.7708109165606964,0.7708109165606964,0.7708109165606964,0.7587736464448793,0.7587736464448793,0.7170993733213966,0.6889247890863399,0.6889247890863399,0.7431995831162064,0.662024407753051,0.662024407753051,0.7806438909126711,0.8262054997273507,0.8262054997273507,0.8113143631436315,0.7324965453707969,0.7329105760963026,0.7527208036835495,0.6889224192128757,0.7687826913932477,0.7298513568798581,0.7298513568798581,0.6630898335396891,0.7889957264957265,0.7891149217169028,0.7272499373276511,0.7192002352249338,0.7880489021956087,0.7880489021956087,0.7349585062240664,0.6626402070750648,0.7484594403475098,0.7415004533091569,0.6775611900923347,0.7801993107944492,0.6789767914619684,0.8306020823902218,0.7105650549201676,0.7744168162009741,0.7650427275129945,0.7604931556522527,0.5596110695587135,0.7133906764362323,0.7604931556522527,0.7282463186077643,0.7703174197940601,0.7245736593384015,0.7662481244570797,0.7022537400427433,0.7188137960674761,0.7282463186077643,0.54290743728913,0.5787666529322895,0.577997179125529,0.7703174197940601,0.6061196105702364,0.7662481244570797,0.7099628889523266,0.7370667750787682,0.7226640159045725,0.7389809947432269,0.5712205068453248,0.6920766920766921,0.6986023685052811,0.5848964279889088,0.5848964279889088,0.5848964279889088,0.0,0.5848964279889088,0.5848964279889088,0.6566336166194523,0.6499218843888956,0.6106222501571339,0.6003869623455871,0.717111013986014,0.5612123613312203,0.7182232587723948,0.7582274072784259,0.6169455791276848,0.7582274072784259,0.5809874723655122,0.7287269285376242,0.7105639558643236,0.6169455791276848,0.6026267562614539,0.6041358936484491,0.7076923076923076,0.6765071472964574,0.8301886792452831,0.7751962572357466,0.8301886792452831,0.8301886792452831,0.8301886792452831,0.7839744541809001,0.812740322994104,0.7937293729372937,0.7464802222009386,0.7464802222009386,0.7897776139574886,0.7954090484452155,0.7954090484452155,0.8829383265680241,0.8538793103448276,0.7133186166298748,0.7133186166298748,0.7258666666666667,0.6297548605240912,0.8451797693525288,0.8363534204242169,0.7400739239298915,0.684036523929471,0.7986873040752351,0.6482233502538071,0.6987498319666622,0.575666541494555,0.6564908568837842,0.6417785234899329,0.6317733990147782,0.7315387413604948,0.794831013916501,0.6753064798598949,0.6581560283687944,0.6417785234899329,0.643316759286341
Prevotella sp015074785,0.7497393117831074,0.6535669344690737,0.6535669344690737,0.6535669344690737,0.6535669344690737,0.6535669344690737,0.6535669344690737,0.6535669344690737,0.6535669344690737,0.6535669344690737,0.6535669344690737,0.5445040214477213,0.5445040214477213,0.7176576808977171,0.5815975069706413,0.5815975069706413,0.6087813992111273,0.7005849378503535,0.7005849378503535,0.5973641193297916,0.6733489612804139,0.6733489612804139,0.637709433096167,0.5421388101983002,0.6259677756852898,0.6304213135068153,0.712144420131291,0.5756542909312234,0.5389993145990404,0.5389993145990404,0.6879373739769896,0.6216980106533319,0.6090809628008753,0.6318419800095193,0.6320228540334648,0.6385571833066601,0.6385571833066601,0.6032465081162703,0.7182080924855492,0.6765924641033054,0.6712562706799018,0.7050961778666001,0.7060035842293907,0.6758400926998841,0.7119501400054196,0.7312138728323699,0.5967438948027552,0.5789084181313598,0.5672168686194066,0.6242477432296891,0.48662019338880147,0.5672168686194066,0.5503860621659078,0.5578889700511322,0.47663861824623566,0.6303680981595092,0.5701643489254109,0.4820958700377531,0.5503860621659078,0.5786488530375599,0.6187832250443001,0.6146944713870028,0.5578889700511322,0.6076197476417984,0.6303680981595092,0.5711957042861252,0.5102239532619279,0.5867798776590889,0.5053542455381288,0.6041797021649356,0.43062438057482655,0.5026536930561698,0.0,0.0,0.0,0.5848964279889088,0.0,0.0,0.5658739997745971,0.5641552511415525,0.6323845327604727,0.6575068698476143,0.5835678718337303,0.7016141197767386,0.5577026301663983,0.6042747272402075,0.6262907529875856,0.6042747272402075,0.6329429354597558,0.5561418938727646,0.5145197319434103,0.6262907529875856,0.7345954419389846,0.6358725761772853,0.589993502274204,0.7220422443954905,0.7701841969357893,0.7706838482940401,0.7701841969357893,0.7701841969357893,0.7701841969357893,0.7808586762075134,0.7404120443740094,0.7776339632410044,0.641566265060241,0.641566265060241,0.5805224448389551,0.6132655790318267,0.6132655790318267,0.7717661691542288,0.7907368967306694,0.731992457573853,0.731992457573853,0.6814872192099148,0.7020604395604395,0.7144179588058319,0.5797315238235727,0.5869023608969035,0.7413412894019977,0.6309487876043868,0.6007496251874063,0.6089589905362776,0.7200802637236634,0.6820347714101739,0.6571347275572628,0.6814432989690722,0.5011427120365668,0.5417074193097666,0.667863017795723,0.667477696674777,0.6571347275572628,0.6985663521627252
Prevotella copri,0.7497393117831074,0.6535669344690737,0.6535669344690737,0.6535669344690737,0.6535669344690737,0.6535669344690737,0.6535669344690737,0.6535669344690737,0.6535669344690737,0.6535669344690737,0.6535669344690737,0.5445040214477213,0.5445040214477213,0.7176576808977171,0.5815975069706413,0.5815975069706413,0.6087813992111273,0.7005849378503535,0.7005849378503535,0.5973641193297916,0.6733489612804139,0.6733489612804139,0.637709433096167,0.5421388101983002,0.6259677756852898,0.6304213135068153,0.712144420131291,0.5756542909312234,0.5389993145990404,0.5389993145990404,0.6879373739769896,0.6216980106533319,0.6090809628008753,0.6318419800095193,0.6320228540334648,0.6385571833066601,0.6385571833066601,0.6032465081162703,0.7182080924855492,0.6765924641033054,0.6712562706799018,0.7050961778666001,0.7060035842293907,0.6758400926998841,0.7119501400054196,0.7312138728323699,0.5967438948027552,0.5789084181313598,0.5672168686194066,0.6242477432296891,0.48662019338880147,0.5672168686194066,0.5503860621659078,0.5578889700511322,0.47663861824623566,0.6303680981595092,0.5701643489254109,0.4820958700377531,0.5503860621659078,0.5786488530375599,0.6187832250443001,0.6146944713870028,0.5578889700511322,0.6076197476417984,0.6303680981595092,0.5711957042861252,0.5102239532619279,0.5867798776590889,0.5053542455381288,0.6041797021649356,0.43062438057482655,0.5026536930561698,0.0,0.0,0.0,0.5848964279889088,0.0,0.0,0.5658739997745971,0.5641552511415525,0.6323845327604727,0.6575068698476143,0.5835678718337303,0.7016141197767386,0.5577026301663983,0.6042747272402075,0.6262907529875856,0.6042747272402075,0.6329429354597558,0.5561418938727646,0.5145197319434103,0.6262907529875856,0.7345954419389846,0.6358725761772853,0.589993502274204,0.7220422443954905,0.7701841969357893,0.7706838482940401,0.7701841969357893,0.7701841969357893,0.7701841969357893,0.7808586762075134,0.7404120443740094,0.7776339632410044,0.641566265060241,0.641566265060241,0.5805224448389551,0.6132655790318267,0.6132655790318267,0.7717661691542288,0.7907368967306694,0.731992457573853,0.731992457573853,0.6814872192099148,0.7020604395604395,0.7144179588058319,0.5797315238235727,0.5869023608969035,0.7413412894019977,0.6309487876043868,0.6007496251874063,0.6089589905362776,0.7200802637236634,0.6820347714101739,0.6571347275572628,0.6814432989690722,0.5011427120365668,0.5417074193097666,0.667863017795723,0.667477696674777,0.6571347275572628,0.6985663521627252
Paraprevotella clara,0.741396997109018,0.6949179168957662,0.6949179168957662,0.6949179168957662,0.6949179168957662,0.6949179168957662,0.6949179168957662,0.6949179168957662,0.6949179168957662,0.6949179168957662,0.6949179168957662,0.7236024844720497,0.7236024844720497,0.7588812561334641,0.7649042645778938,0.7649042645778938,0.6415921740597066,0.6928718099149311,0.6928718099149311,0.7072057898049087,0.695708535170908,0.695708535170908,0.688382974894268,0.6546331873827183,0.6595006347862886,0.7188703465982028,0.6622308474263008,0.7339836540996573,0.6770616770616771,0.6770616770616771,0.6738271842789711,0.6538326916345818,0.6407475976373094,0.7227517985611511,0.7306276733313439,0.7229541658934867,0.7229541658934867,0.7281186659296113,0.7077444336882865,0.7121591977436541,0.7078785811732606,0.7416249518675395,0.7375009204035049,0.7382042816061348,0.6685763616386753,0.7016569938598705,0.5294635004397538,0.5741456870018151,0.5608250771479617,0.5763946711074105,0.5149288011024346,0.5608250771479617,0.5114543114543115,0.5372815687514826,0.5226130653266332,0.5366361675221305,0.3703426324658303,0.4738199885343015,0.5114543114543115,0.4903908443100842,0.5148545492056942,0.5016435160640441,0.5372815687514826,0.5644766374209345,0.5366361675221305,0.3927332481285375,0.4811468608831935,0.4403465134231066,0.5080812641083521,0.4978322133102103,0.4720206738892754,0.46378593040847205,0.5658739997745971,0.5658739997745971,0.5658739997745971,0.6566336166194523,0.5658739997745971,0.5658739997745971,0.0,0.09912935323383087,0.6122295187856605,0.5701987458816027,0.4653513460977743,0.7348171345487082,0.41516103692065986,0.5329274154782888,0.5579020424350585,0.5329274154782888,0.6120357215344023,0.5529801324503312,0.5201952951620061,0.5579020424350585,0.6998620961386919,0.6912010008340284,0.5276217228464419,0.7198736884995416,0.7524808765763903,0.7378609348698693,0.7524808765763903,0.7524808765763903,0.7524808765763903,0.7451462275743426,0.7102947897623401,0.7530750129930126,0.5909389902976484,0.5909389902976484,0.7397769516728625,0.74024472492533,0.74024472492533,0.7590016770247607,0.7495060829780598,0.7300704854561699,0.7300704854561699,0.7887688984881209,0.73632771886047,0.6555146803637121,0.7398589966281802,0.6430229319468944,0.7452725250278087,0.7232310582341891,0.7351056005043606,0.7608087372506545,0.6910788615142311,0.7214426877470356,0.7289093573372409,0.6514124882726988,0.6576001480247942,0.7209732360097323,0.7692878338278932,0.7437,0.7289093573372409,0.7242963813900057
Paraprevotella xylaniphila,0.7394711992445704,0.6934306569343065,0.6934306569343065,0.6934306569343065,0.6934306569343065,0.6934306569343065,0.6934306569343065,0.6934306569343065,0.6934306569343065,0.6934306569343065,0.6934306569343065,0.7189916929246634,0.7189916929246634,0.7529928172386273,0.7608094658852151,0.7608094658852151,0.6409230245231607,0.6983361228709264,0.6983361228709264,0.704708127882933,0.6927158707187651,0.6927158707187651,0.683845662683572,0.6474643926335844,0.6600341588385995,0.7163488843813388,0.6612164813603663,0.7303891015938029,0.6720257234726688,0.6720257234726688,0.6712195121951219,0.6477635782747604,0.6339565256284104,0.722762380736029,0.7266303250555219,0.7194846718074102,0.7194846718074102,0.7254572601717059,0.7085982588281327,0.7145111654698966,0.70540027605245,0.740867023867511,0.7379166976019007,0.7315698178664354,0.6629034822706312,0.7077170146226016,0.5304067660088603,0.5730211817168339,0.5597803818733098,0.5875782881002087,0.5134106728538284,0.5597803818733098,0.5119377162629758,0.5367564981661617,0.5206708975521306,0.5369052079430499,0.37482346295075797,0.4753371868978805,0.5119377162629758,0.49864351600651113,0.5159341803790877,0.5142371440713982,0.5367564981661617,0.5718974358974359,0.5369052079430499,0.4000183284457478,0.48154003533897516,0.441323885240235,0.5077455804629123,0.50371017023134,0.4706709521896344,0.4650586328534655,0.5641552511415525,0.5641552511415525,0.5641552511415525,0.6499218843888956,0.5641552511415525,0.5641552511415525,0.09912935323383087,0.0,0.611764705882353,0.5796327924850555,0.45562247013525525,0.7261836851112379,0.4075475455541173,0.5379104958145524,0.5652217239661186,0.5379104958145524,0.6159983633387889,0.5530511728858836,0.5199749193837334,0.5652217239661186,0.704130262112788,0.6888935855436965,0.5273208546038949,0.72182772460636,0.7539604217524541,0.7445331256894426,0.7539604217524541,0.7539604217524541,0.7539604217524541,0.7508008871365205,0.7161991986262164,0.7542259657275632,0.5856988262715392,0.5856988262715392,0.7414660931637229,0.740329338400078,0.740329338400078,0.7575697012091536,0.7523369393971222,0.730294206245607,0.730294206245607,0.7888171572382099,0.7367701209889532,0.6530025926704506,0.737986743993372,0.6402593741189737,0.7436212726713802,0.721932321315623,0.7323027718550106,0.7615573994711407,0.6870857142857143,0.7239900249376559,0.7281882752040708,0.6477056460139564,0.6594175844689192,0.7181889919116197,0.7660352991820921,0.7431926308330803,0.7281882752040708,0.7218504509746873
Alistipes onderdonkii,0.6259092049159769,0.6679284565155673,0.6679284565155673,0.6679284565155673,0.6679284565155673,0.6679284565155673,0.6679284565155673,0.6679284565155673,0.6679284565155673,0.6679284565155673,0.6679284565155673,0.6921342982560209,0.6921342982560209,0.664552781080724,0.6623159811807557,0.6623159811807557,0.6522646007151371,0.5497522432034284,0.5497522432034284,0.7324393358876118,0.7975629215928048,0.7975629215928048,0.7757323026851098,0.6799198481333052,0.6220080820640348,0.7168927957194726,0.5421348314606742,0.7337814767392232,0.6899055918663761,0.6899055918663761,0.5724094087730451,0.7537595808673717,0.7441248171623598,0.6737919272313815,0.6697032795419053,0.7458100558659218,0.7458100558659218,0.700126918195454,0.5946437857514301,0.6733797842893958,0.6484893936147418,0.6311890838206627,0.6853568535685357,0.6636037329504666,0.7934091669454667,0.5709695290858725,0.7417255337725217,0.7515677761698022,0.7327435105583842,0.5002019658004577,0.6863973778077701,0.7327435105583842,0.723935895226607,0.746662478404272,0.699934646624965,0.7394791053560918,0.646919646919647,0.7070259865255053,0.723935895226607,0.46588014479152706,0.5214463840399002,0.4929797191887676,0.746662478404272,0.47379565907887766,0.7394791053560918,0.6541313086199196,0.7184108883575502,0.7102225886232482,0.7310344827586207,0.5083673738305442,0.6830169317598769,0.7243625535082822,0.6323845327604727,0.6323845327604727,0.6323845327604727,0.6106222501571339,0.6323845327604727,0.6323845327604727,0.6122295187856605,0.611764705882353,0.0,0.2893416927899687,0.520433229120143,0.5723352318958503,0.5464358234476863,0.7350228566845778,0.5293973542381185,0.7350228566845778,0.538512006298386,0.730909708655398,0.7111455673112003,0.5293973542381185,0.6448004068141369,0.5812438022382773,0.6969068089732187,0.6103104212860311,0.7758317746415009,0.6648818897637796,0.7758317746415009,0.7758317746415009,0.7758317746415009,0.6796840395688764,0.7335819480437393,0.7082909633245204,0.7056215641071112,0.7056215641071112,0.7312932767478222,0.7403156384505021,0.7403156384505021,0.8421356088560885,0.8430487804878048,0.6412668963689372,0.6412668963689372,0.6977337535644604,0.6320956039265899,0.8284143115689824,0.8273467432950191,0.7175321227567166,0.6754798013689438,0.7903565782539961,0.6237322515212982,0.6619634102594762,0.6068310614182877,0.6226989802675142,0.6439361852322463,0.5381695487136229,0.7090477731047127,0.7556624809294683,0.7061172108940539,0.6253428414701042,0.6439361852322463,0.6248087710351862
Alistipes finegoldii,0.647051914493775,0.6818550202611436,0.6818550202611436,0.6818550202611436,0.6818550202611436,0.6818550202611436,0.6818550202611436,0.6818550202611436,0.6818550202611436,0.6818550202611436,0.6818550202611436,0.7122374124708236,0.7122374124708236,0.6715637450199203,0.6715783508075942,0.6715783508075942,0.6604417480329889,0.5791443183235625,0.5791443183235625,0.7346170678336981,0.8024872493537344,0.8024872493537344,0.7797578692493947,0.6826148267526189,0.6402785952521091,0.7115756515332903,0.5355594610427651,0.7301798120147118,0.6936668196420377,0.6936668196420377,0.5627209557478972,0.7529532136545438,0.7444184960298925,0.671664493698392,0.6733915610776233,0.7467304625199362,0.7467304625199362,0.7034966568014908,0.6043200785468827,0.6787574234810416,0.6426658426040379,0.6564543472995883,0.6969332531569452,0.6457189901207464,0.7924589107315501,0.5862394957983194,0.7354595177567214,0.7649677617439361,0.7490068329890354,0.5205462131748642,0.7041738971595579,0.7490068329890354,0.706496129249411,0.7412768550967546,0.6934523809523809,0.7300846849433041,0.6441437483525174,0.713248138273421,0.706496129249411,0.47497459349593496,0.4827754703151722,0.47541394882087307,0.7412768550967546,0.5015487548011399,0.7300846849433041,0.6480103806228374,0.716764029031687,0.6926675808663386,0.734029590948651,0.5055967802792102,0.6860225600784698,0.7154559366279594,0.6575068698476143,0.6575068698476143,0.6575068698476143,0.6003869623455871,0.6575068698476143,0.6575068698476143,0.5701987458816027,0.5796327924850555,0.2893416927899687,0.0,0.5086374433167782,0.5695678823168864,0.5466393022062597,0.7340153452685422,0.5168751475100306,0.7340153452685422,0.5724743777452416,0.7368206632445204,0.7204563267438823,0.5168751475100306,0.6374453618261292,0.606639441443815,0.6963777735634364,0.6071287649611996,0.7679991104686719,0.6718726307808947,0.7679991104686719,0.7679991104686719,0.7679991104686719,0.6920731707317074,0.7289892632358386,0.7134518265888372,0.69625042999656,0.69625042999656,0.7471626733921816,0.7361348365789773,0.7361348365789773,0.8503740648379052,0.8344931570401299,0.6380808462410276,0.6380808462410276,0.7040258100715389,0.6479341038926532,0.814383094751193,0.8153740562800275,0.682888703626511,0.6819560272934041,0.7646501206480524,0.6451656342580123,0.6782139241930041,0.5710903979878681,0.6384300086945721,0.6380442062960483,0.5181179015684154,0.711392144766605,0.7527926720285969,0.7122811706534813,0.6370542036822454,0.6380442062960483,0.6293478260869565
Alistipes shahii,0.7265876298134363,0.6882775674213739,0.6882775674213739,0.6882775674213739,0.6882775674213739,0.6882775674213739,0.6882775674213739,0.6882775674213739,0.6882775674213739,0.6882775674213739,0.6882775674213739,0.6689292543021033,0.6689292543021033,0.7458297174814386,0.7436447495441382,0.7436447495441382,0.6646123905287058,0.7009841029523088,0.7009841029523088,0.6956116504854368,0.5905637166220421,0.5905637166220421,0.5508877461919084,0.6404444836405327,0.635957894736842,0.6801390348395441,0.688356467155866,0.6982279820153399,0.6756417679984559,0.6756417679984559,0.6968914306798266,0.6102921705357931,0.6040874104220119,0.6991514068780706,0.7307989940027084,0.7246952595936795,0.7246952595936795,0.707690904114588,0.7160251006837126,0.6155114151487678,0.6691258471304795,0.7482993197278911,0.709472908219683,0.756037908896362,0.61211247296323,0.7038647739394437,0.51727682454337,0.5219379160985,0.5854650707971525,0.6368226840163138,0.41881159697636594,0.5854650707971525,0.4596851352526746,0.516557854165028,0.5384414907479802,0.5183431952662723,0.35542391706775267,0.4385277246653919,0.4596851352526746,0.6058131622436085,0.6234141791044776,0.6315043913495136,0.516557854165028,0.6318733409177095,0.5183431952662723,0.3727923195362739,0.4555045871559633,0.45428023672584816,0.4773629148629148,0.6443893602822004,0.3985138436482085,0.44663735852586284,0.5835678718337303,0.5835678718337303,0.5835678718337303,0.717111013986014,0.5835678718337303,0.5835678718337303,0.4653513460977743,0.45562247013525525,0.520433229120143,0.5086374433167782,0.0,0.721717227028803,0.3639067922657412,0.5100542610916055,0.6683641561690342,0.5100542610916055,0.6835787301885023,0.48027941051196865,0.44176045383841156,0.6683641561690342,0.7377583317817911,0.7134887427774457,0.4484421722774188,0.7364871469064608,0.7848107545017113,0.7454981992797118,0.7848107545017113,0.7848107545017113,0.7848107545017113,0.7580519868538991,0.7196449505945403,0.7715165081141578,0.4791829639287266,0.4791829639287266,0.620452786377709,0.706929740134745,0.706929740134745,0.7252487439661117,0.7681750372948781,0.741314958369222,0.741314958369222,0.7872184389732845,0.7442047165077772,0.6306218767351471,0.7390224518180012,0.6515397082658023,0.7736048410335222,0.6605607776974372,0.7469173236304831,0.7302631578947368,0.6963373546353657,0.7434807256235827,0.7405318291700242,0.6545583324901345,0.6581844432412922,0.6938183225307148,0.797408597830454,0.7439984449411994,0.7405318291700242,0.7306622148024485
Alistipes putredinis,0.7417147457399704,0.7842202548886078,0.7842202548886078,0.7842202548886078,0.7842202548886078,0.7842202548886078,0.7842202548886078,0.7842202548886078,0.7842202548886078,0.7842202548886078,0.7842202548886078,0.7773462783171521,0.7773462783171521,0.7411070110701107,0.6966312376148442,0.6966312376148442,0.7649361351462711,0.7062937062937062,0.7062937062937062,0.7978526110297706,0.8509154983528691,0.8509154983528691,0.8216338028169015,0.7414566793234381,0.7659260819206065,0.7921720517786158,0.6830260648442467,0.7893622028712638,0.7382284700423093,0.7382284700423093,0.693963183540877,0.8077045189967192,0.7928640102553146,0.7407916094393807,0.7339973634099897,0.7945513621594601,0.7945513621594601,0.7490960743801653,0.7216452014956377,0.7842905072034735,0.738021726700972,0.7162724014336918,0.7888816584549596,0.69,0.8326215356656066,0.7386604257216093,0.7822897116533015,0.810319829424307,0.7962127245376516,0.6588103254769921,0.7556037599421548,0.7962127245376516,0.769895872071402,0.7961660806964674,0.7525512781651005,0.7874015748031495,0.7754537915783655,0.7566858940744625,0.769895872071402,0.6652232746955344,0.6570420695061405,0.64451062677677,0.7961660806964674,0.6656388255798364,0.7874015748031495,0.7759324802613667,0.7545857689981859,0.767329769520638,0.7755404204915606,0.644258872651357,0.7328304435937851,0.7646160114076187,0.7016141197767386,0.7016141197767386,0.7016141197767386,0.5612123613312203,0.7016141197767386,0.7016141197767386,0.7348171345487082,0.7261836851112379,0.5723352318958503,0.5695678823168864,0.721717227028803,0.0,0.7042466048717396,0.7838231514009082,0.6625192406362237,0.7838231514009082,0.6784183602931011,0.7971914663786119,0.78572119570475,0.6625192406362237,0.6574512123004139,0.5633514986376023,0.739191831414295,0.7239087751095001,0.8316895243653342,0.7881629758058161,0.8316895243653342,0.8316895243653342,0.8316895243653342,0.7980244729470736,0.8317615038926515,0.811386205958373,0.768888888888889,0.768888888888889,0.807485979029505,0.7978794792645283,0.7978794792645283,0.8592612564033433,0.8312148980195093,0.7542725836564699,0.7542725836564699,0.7419354838709677,0.6688752691734305,0.8620458106394091,0.8513702460850112,0.7949954086317723,0.7613924996264754,0.826258542689383,0.6791194129419613,0.7193870752831446,0.6297849070360919,0.6796886693608741,0.6722911497105046,0.6821578003586372,0.7613825983313468,0.7872597769117055,0.746236199397792,0.6802625410220347,0.6722911497105046,0.6931592392847006
Alistipes_A indistinctus,0.6828001854427446,0.6407500392279931,0.6407500392279931,0.6407500392279931,0.6407500392279931,0.6407500392279931,0.6407500392279931,0.6407500392279931,0.6407500392279931,0.6407500392279931,0.6407500392279931,0.6261430359033593,0.6261430359033593,0.706969990319458,0.7334103317933641,0.7334103317933641,0.5857719475277497,0.6370413399167393,0.6370413399167393,0.625951751222249,0.621689259645464,0.621689259645464,0.60554643313264,0.6045317755354931,0.6143024618991794,0.6390860873113016,0.6590728476821193,0.6412584269662922,0.6173118490862646,0.6173118490862646,0.6228120243531202,0.5613658711003844,0.5420357982281685,0.6327129366461905,0.6785363939572298,0.6799817601459188,0.6799817601459188,0.649139134481154,0.6557988335404914,0.6340608570973395,0.6042583142706317,0.6915408715465678,0.6586538461538461,0.7097205096588574,0.6333410654913787,0.6367781155015197,0.5592095338663449,0.5792221549636805,0.5622464898595944,0.625262755589528,0.49572116241754327,0.5622464898595944,0.522297684313886,0.5585321927059883,0.49403717993686425,0.5640411441454136,0.4449403484679426,0.49390629231741445,0.522297684313886,0.5722060252672497,0.5858841149489844,0.5823860922724233,0.5585321927059883,0.602930056710775,0.5640411441454136,0.45460681741478226,0.5078579491186941,0.5034455445544554,0.5351071064263856,0.581816411953665,0.46022020105313544,0.5053327457029528,0.5577026301663983,0.5577026301663983,0.5577026301663983,0.7182232587723948,0.5577026301663983,0.5577026301663983,0.41516103692065986,0.4075475455541173,0.5464358234476863,0.5466393022062597,0.3639067922657412,0.7042466048717396,0.0,0.5229072837397111,0.5769589552238805,0.5229072837397111,0.6266704849179077,0.5182469859889215,0.48487490192659755,0.5769589552238805,0.6783542379323451,0.6907511598065343,0.5213675213675213,0.723733538402384,0.7289236750562718,0.6822539620426531,0.7289236750562718,0.7289236750562718,0.7289236750562718,0.6953515649114144,0.6704921776864223,0.7153389781694603,0.5603775106880697,0.5603775106880697,0.6611986803519061,0.662948593598448,0.662948593598448,0.6824625755923466,0.7180674383492702,0.7347015275044513,0.7347015275044513,0.7878849476572822,0.6906870229007633,0.666843712654362,0.7047666335650447,0.6100126972610194,0.7481629926519706,0.6872831032621269,0.7267279264882142,0.7217599150141643,0.6961343472750317,0.7332714617169374,0.681235251872371,0.6683255269320842,0.6534548349995577,0.6310900286589585,0.7814693958271531,0.7368671488389797,0.681235251872371,0.6642558051008756
Parabacteroides distasonis,0.7860054851382403,0.7163736914872605,0.7163736914872605,0.7163736914872605,0.7163736914872605,0.7163736914872605,0.7163736914872605,0.7163736914872605,0.7163736914872605,0.7163736914872605,0.7163736914872605,0.7072557188900244,0.7072557188900244,0.7821347345306251,0.7841646737273659,0.7841646737273659,0.6798748696558916,0.7415782544722374,0.7415782544722374,0.6731693913999175,0.6109111574161773,0.6109111574161773,0.5862822900639728,0.6442445771294687,0.6920067076579095,0.7088156723063224,0.7408965617292906,0.7218689930504214,0.6886503067484663,0.6886503067484663,0.7321809320743222,0.6397080726839439,0.6300344362928583,0.7178236397748593,0.7572098196551998,0.7289248625534515,0.7289248625534515,0.7065343771800636,0.7716815498713485,0.6664826062948648,0.7177591355040523,0.7583469530702778,0.7187819856704196,0.772481040086674,0.6252684075638983,0.7431041580897488,0.34172577753527167,0.3661675245671502,0.4814268867924528,0.6892512268481874,0.3507663001125638,0.4814268867924528,0.33434875679235965,0.30417195431472077,0.47465110778207054,0.2609299097848716,0.41990499182306673,0.39545570589737045,0.33434875679235965,0.6433915211970075,0.6521840873634945,0.650832672482157,0.30417195431472077,0.6585693938914385,0.2609299097848716,0.38892820633797276,0.3250843644544432,0.3089026250301036,0.32701094921976037,0.6507898130238556,0.40998170891037367,0.4141104294478528,0.6042747272402075,0.6042747272402075,0.6042747272402075,0.7582274072784259,0.6042747272402075,0.6042747272402075,0.5329274154782888,0.5379104958145524,0.7350228566845778,0.7340153452685422,0.5100542610916055,0.7838231514009082,0.5229072837397111,0.0,0.5882209980557356,0.0,0.6153524542185802,0.3583004111908409,0.32645724557048705,0.5882209980557356,0.7489497432705772,0.6663210644548125,0.4326987870619946,0.7829683314951945,0.7079049304193965,0.7602770083102492,0.7079049304193965,0.7079049304193965,0.7079049304193965,0.7504155273175701,0.7214604992215359,0.7536283546366553,0.5180990450810571,0.5180990450810571,0.6588075447570332,0.7394738920925823,0.7394738920925823,0.7652132247244849,0.7874745831638877,0.8031459987782529,0.8031459987782529,0.8165869218500797,0.7744722471269052,0.5738640005127219,0.7347193347193347,0.6857443292774523,0.7833213973104162,0.641036533559898,0.7562520840280094,0.7384370015948963,0.7971662938105891,0.7527788726842728,0.7704770477047704,0.7727695888285493,0.626766679826293,0.7131384516543526,0.7994864999171774,0.7625190289239644,0.7704770477047704,0.758007662835249
Parabacteroides goldsteinii,0.649352040269894,0.6783733826247689,0.6783733826247689,0.6783733826247689,0.6783733826247689,0.6783733826247689,0.6783733826247689,0.6783733826247689,0.6783733826247689,0.6783733826247689,0.6783733826247689,0.7205570693309113,0.7205570693309113,0.6803545383148211,0.7196673189823874,0.7196673189823874,0.624220515137822,0.575812892184826,0.575812892184826,0.7109102967998673,0.7819347942276857,0.7819347942276857,0.7681302861256074,0.6736241108199177,0.6445794053662074,0.7173229016072795,0.5759639564124057,0.734936377245509,0.6895610165931527,0.6895610165931527,0.5754727413468981,0.7491156932102494,0.7390021691973969,0.6943137254901961,0.6939403937094468,0.7317577548005909,0.7317577548005909,0.6928369081343586,0.6291245050593929,0.6668095319732557,0.6523422742727616,0.6587057010785824,0.6766764322916667,0.6556291390728477,0.7706422018348624,0.5890623484921943,0.6770195722814176,0.6882968165508818,0.6654248573240329,0.4331904470300061,0.6258992805755396,0.6654248573240329,0.6267411794144633,0.660532319391635,0.6180253703539431,0.6479309103994242,0.5668314684708127,0.6301071363718903,0.6267411794144633,0.3602103418054339,0.3623803175372682,0.3646913580246913,0.660532319391635,0.3587254169778442,0.6479309103994242,0.5698768388641806,0.6193765497697485,0.6276080920269734,0.6634188034188034,0.38491223702228305,0.6330785923200302,0.6477112676056338,0.6262907529875856,0.6262907529875856,0.6262907529875856,0.6169455791276848,0.6262907529875856,0.6262907529875856,0.5579020424350585,0.5652217239661186,0.5293973542381185,0.5168751475100306,0.6683641561690342,0.6625192406362237,0.5769589552238805,0.5882209980557356,0.0,0.5882209980557356,0.2934898612593383,0.6090855753918364,0.5881037567084079,0.0,0.561784629759402,0.5771247408852579,0.6704891596488085,0.6228928445125546,0.7340338650841183,0.643487134630804,0.7340338650841183,0.7340338650841183,0.7340338650841183,0.6478200692041522,0.6976883818673072,0.6619281468079607,0.7162717219589257,0.7162717219589257,0.7527314548591144,0.7624365482233503,0.7624365482233503,0.8538808310466484,0.8357195109206814,0.6870658286470394,0.6870658286470394,0.7333251593918588,0.6525170393399498,0.784681130834977,0.7792706333973128,0.6770401772810483,0.6602720613882107,0.7440364731743059,0.6421962503043583,0.6620833333333334,0.6540628521347189,0.6570855614973262,0.6533907427341228,0.62215616782897,0.7180090327436959,0.7572746628814762,0.6893097128894319,0.6931512981199641,0.6533907427341228,0.6586522911051214
Parabacteroides distasonis_A,0.7860054851382403,0.7163736914872605,0.7163736914872605,0.7163736914872605,0.7163736914872605,0.7163736914872605,0.7163736914872605,0.7163736914872605,0.7163736914872605,0.7163736914872605,0.7163736914872605,0.7072557188900244,0.7072557188900244,0.7821347345306251,0.7841646737273659,0.7841646737273659,0.6798748696558916,0.7415782544722374,0.7415782544722374,0.6731693913999175,0.6109111574161773,0.6109111574161773,0.5862822900639728,0.6442445771294687,0.6920067076579095,0.7088156723063224,0.7408965617292906,0.7218689930504214,0.6886503067484663,0.6886503067484663,0.7321809320743222,0.6397080726839439,0.6300344362928583,0.7178236397748593,0.7572098196551998,0.7289248625534515,0.7289248625534515,0.7065343771800636,0.7716815498713485,0.6664826062948648,0.7177591355040523,0.7583469530702778,0.7187819856704196,0.772481040086674,0.6252684075638983,0.7431041580897488,0.34172577753527167,0.3661675245671502,0.4814268867924528,0.6892512268481874,0.3507663001125638,0.4814268867924528,0.33434875679235965,0.30417195431472077,0.47465110778207054,0.2609299097848716,0.41990499182306673,0.39545570589737045,0.33434875679235965,0.6433915211970075,0.6521840873634945,0.650832672482157,0.30417195431472077,0.6585693938914385,0.2609299097848716,0.38892820633797276,0.3250843644544432,0.3089026250301036,0.32701094921976037,0.6507898130238556,0.40998170891037367,0.4141104294478528,0.6042747272402075,0.6042747272402075,0.6042747272402075,0.7582274072784259,0.6042747272402075,0.6042747272402075,0.5329274154782888,0.5379104958145524,0.7350228566845778,0.7340153452685422,0.5100542610916055,0.7838231514009082,0.5229072837397111,0.0,0.5882209980557356,0.0,0.6153524542185802,0.3583004111908409,0.32645724557048705,0.5882209980557356,0.7489497432705772,0.6663210644548125,0.4326987870619946,0.7829683314951945,0.7079049304193965,0.7602770083102492,0.7079049304193965,0.7079049304193965,0.7079049304193965,0.7504155273175701,0.7214604992215359,0.7536283546366553,0.5180990450810571,0.5180990450810571,0.6588075447570332,0.7394738920925823,0.7394738920925823,0.7652132247244849,0.7874745831638877,0.8031459987782529,0.8031459987782529,0.8165869218500797,0.7744722471269052,0.5738640005127219,0.7347193347193347,0.6857443292774523,0.7833213973104162,0.641036533559898,0.7562520840280094,0.7384370015948963,0.7971662938105891,0.7527788726842728,0.7704770477047704,0.7727695888285493,0.626766679826293,0.7131384516543526,0.7994864999171774,0.7625190289239644,0.7704770477047704,0.758007662835249
Parabacteroides gordonii,0.6348523599162985,0.6778756338404057,0.6778756338404057,0.6778756338404057,0.6778756338404057,0.6778756338404057,0.6778756338404057,0.6778756338404057,0.6778756338404057,0.6778756338404057,0.6778756338404057,0.7121046892039258,0.7121046892039258,0.6809541106671511,0.7256073277578654,0.7256073277578654,0.6426815431164902,0.5437562688064193,0.5437562688064193,0.7249435469862775,0.7904708832543884,0.7904708832543884,0.7745603975535168,0.6881964303323144,0.6551131480951017,0.7136910686815673,0.6113294040602488,0.7521696252465483,0.6974082800403905,0.6974082800403905,0.588912379610054,0.7573160725681466,0.7495424597364568,0.7089080161775381,0.7041789287816362,0.7462421711899792,0.7462421711899792,0.7115672439598033,0.6069197501201345,0.672482372084614,0.6722480927375409,0.6502504173622705,0.6719868863773617,0.6679862760622856,0.7866315705511685,0.6006340764982614,0.7271266829865362,0.7166456891126495,0.6968336869593602,0.3939393939393939,0.6562237762237761,0.6968336869593602,0.6836596893990547,0.7118461538461538,0.6697712270548875,0.6983146883626326,0.5979759985670786,0.6654152979821679,0.6836596893990547,0.4161378059836809,0.47607569000843675,0.45853051058530514,0.7118461538461538,0.43541216816969386,0.6983146883626326,0.6106047326906223,0.6661230406813445,0.6770531400966184,0.7081256013294848,0.4607755880483153,0.6809994189424753,0.6952921055000449,0.6329429354597558,0.6329429354597558,0.6329429354597558,0.5809874723655122,0.6329429354597558,0.6329429354597558,0.6120357215344023,0.6159983633387889,0.538512006298386,0.5724743777452416,0.6835787301885023,0.6784183602931011,0.6266704849179077,0.6153524542185802,0.2934898612593383,0.6153524542185802,0.0,0.6205596000350846,0.5944596249882219,0.2934898612593383,0.5057441253263708,0.5635057853437957,0.6697134152147006,0.6388923851478918,0.7578935686143944,0.6679180118627525,0.7578935686143944,0.7578935686143944,0.7578935686143944,0.6608090661311146,0.7216355599214146,0.6690816394982223,0.7337229401596839,0.7337229401596839,0.7462840627580511,0.7669353082117185,0.7669353082117185,0.8462276214833759,0.8397334538061894,0.6850506253722454,0.6850506253722454,0.7308208154506437,0.6307266982622433,0.8055461387212692,0.8026256224535989,0.6911884411884412,0.628876592459143,0.7667090216010165,0.636484157497017,0.6711051930758988,0.6459303918881886,0.6514767932489451,0.6524445597198807,0.6273932253313697,0.723150835752177,0.7683573050719152,0.6909187466808284,0.6809029896278218,0.6524445597198807,0.6426225662678864
Parabacteroides merdae,0.7762909319899245,0.6806390047359865,0.6806390047359865,0.6806390047359865,0.6806390047359865,0.6806390047359865,0.6806390047359865,0.6806390047359865,0.6806390047359865,0.6806390047359865,0.6806390047359865,0.6391527935152097,0.6391527935152097,0.7277527700831026,0.7744147768836869,0.7744147768836869,0.6715926549125759,0.729564930784443,0.729564930784443,0.6235758433241492,0.5289457224268539,0.5289457224268539,0.5035103510351036,0.6171382376717867,0.666766043079675,0.6197334150451969,0.753789306990423,0.644927536231884,0.6337204148568389,0.6337204148568389,0.7137513214605189,0.5821405335068315,0.5469971718516053,0.6736575811979761,0.6929932933286269,0.6752115271843847,0.6752115271843847,0.6334252715049129,0.7451923076923077,0.6008778568185258,0.6937969782097031,0.7485931810658722,0.6822269513283449,0.7228195937873357,0.5532222475842654,0.7350068726036316,0.3842870692380651,0.3533600720307768,0.41418030157202435,0.6582494454871182,0.26935866983372925,0.41418030157202435,0.2929426258359733,0.389576802507837,0.4053402239448751,0.39701867020884063,0.3634987384356603,0.3212555886736215,0.2929426258359733,0.6191214470284238,0.6482288156488863,0.6489939049845537,0.389576802507837,0.6515265579255541,0.39701867020884063,0.3716344958992627,0.3010821716801174,0.35201172829451055,0.34406205420827385,0.6426926030202201,0.32969034608378867,0.27337925828064547,0.5561418938727646,0.5561418938727646,0.5561418938727646,0.7287269285376242,0.5561418938727646,0.5561418938727646,0.5529801324503312,0.5530511728858836,0.730909708655398,0.7368206632445204,0.48027941051196865,0.7971914663786119,0.5182469859889215,0.3583004111908409,0.6090855753918364,0.3583004111908409,0.6205596000350846,0.0,0.1136638452237001,0.6090855753918364,0.7326296542553192,0.7071529745042493,0.4489528795811518,0.7735358281590871,0.7433658045011757,0.7540481147351377,0.7433658045011757,0.7433658045011757,0.7433658045011757,0.7455205135361429,0.7105979683736516,0.7433294355267355,0.4694479897894065,0.4694479897894065,0.5949255572196283,0.6598440545808967,0.6598440545808967,0.713393720868877,0.7484662576687117,0.7958786305370761,0.7958786305370761,0.8063703437106352,0.7586086348540465,0.5456273764258555,0.673032567580035,0.6349414366450978,0.7668031388604571,0.6094661113214692,0.7458381554348794,0.7361633960752904,0.7873283119184759,0.7712927289122059,0.7376378512984703,0.764875556288116,0.6598689002184996,0.6583061026229797,0.7665432878938341,0.7889109895574341,0.7376378512984703,0.7484942210646264
Parabacteroides johnsonii,0.7597003619223971,0.6865528909813152,0.6865528909813152,0.6865528909813152,0.6865528909813152,0.6865528909813152,0.6865528909813152,0.6865528909813152,0.6865528909813152,0.6865528909813152,0.6865528909813152,0.6413033501606241,0.6413033501606241,0.709266660470304,0.7579642962816846,0.7579642962816846,0.651744773451465,0.7098825399629074,0.7098825399629074,0.6515602349889372,0.5511032028469751,0.5511032028469751,0.5087686215349803,0.6191000762647234,0.6730380730380731,0.6214852198990628,0.7388862140908361,0.676311336717428,0.6376527661162421,0.6376527661162421,0.6977611940298507,0.5814489290895127,0.5769690756876815,0.6868197278911565,0.7108921830402357,0.6785273912277612,0.6785273912277612,0.6458145814581457,0.7295131934163546,0.6285492629945695,0.6904704848630082,0.7300798580301686,0.6943615963641528,0.7047703879651623,0.551134102666136,0.7215578043544925,0.4154963680387409,0.35866700671597385,0.4537225801190573,0.6318782098312545,0.22343574563641933,0.4537225801190573,0.2897230655994112,0.39258957654723126,0.40648064806480644,0.3939789570693495,0.319091400757166,0.27576880697185213,0.2897230655994112,0.5896414342629481,0.6267673662948977,0.6291804155890484,0.39258957654723126,0.625706848577327,0.3939789570693495,0.3285144124168514,0.2584545812033032,0.3559881506559458,0.3251932868187818,0.6166743014200642,0.281650806785271,0.2601731171027758,0.5145197319434103,0.5145197319434103,0.5145197319434103,0.7105639558643236,0.5145197319434103,0.5145197319434103,0.5201952951620061,0.5199749193837334,0.7111455673112003,0.7204563267438823,0.44176045383841156,0.78572119570475,0.48487490192659755,0.32645724557048705,0.5881037567084079,0.32645724557048705,0.5944596249882219,0.1136638452237001,0.0,0.5881037567084079,0.7194927279177012,0.6931312174324964,0.4346742941502122,0.7575812111940969,0.7451416703753153,0.7387469586374695,0.7451416703753153,0.7451416703753153,0.7451416703753153,0.7312445095168375,0.7093539995664426,0.7326265541740675,0.49133897052787123,0.49133897052787123,0.5959005750324615,0.6940060213484172,0.6940060213484172,0.710820895522388,0.7478999528079282,0.7783388472923559,0.7783388472923559,0.7878551965745426,0.7395068699416525,0.5954749897778384,0.6819770829287239,0.6407201028718388,0.7547445255474452,0.6164275579378843,0.7226551226551227,0.7163193551153417,0.771469465648855,0.7548081145165539,0.7186213499281953,0.7490514426894909,0.6620795107033639,0.6643759286775632,0.7473930416138778,0.7753526750066543,0.7186213499281953,0.7361388286334056
Parabacteroides timonensis,0.649352040269894,0.6783733826247689,0.6783733826247689,0.6783733826247689,0.6783733826247689,0.6783733826247689,0.6783733826247689,0.6783733826247689,0.6783733826247689,0.6783733826247689,0.6783733826247689,0.7205570693309113,0.7205570693309113,0.6803545383148211,0.7196673189823874,0.7196673189823874,0.624220515137822,0.575812892184826,0.575812892184826,0.7109102967998673,0.7819347942276857,0.7819347942276857,0.7681302861256074,0.6736241108199177,0.6445794053662074,0.7173229016072795,0.5759639564124057,0.734936377245509,0.6895610165931527,0.6895610165931527,0.5754727413468981,0.7491156932102494,0.7390021691973969,0.6943137254901961,0.6939403937094468,0.7317577548005909,0.7317577548005909,0.6928369081343586,0.6291245050593929,0.6668095319732557,0.6523422742727616,0.6587057010785824,0.6766764322916667,0.6556291390728477,0.7706422018348624,0.5890623484921943,0.6770195722814176,0.6882968165508818,0.6654248573240329,0.4331904470300061,0.6258992805755396,0.6654248573240329,0.6267411794144633,0.660532319391635,0.6180253703539431,0.6479309103994242,0.5668314684708127,0.6301071363718903,0.6267411794144633,0.3602103418054339,0.3623803175372682,0.3646913580246913,0.660532319391635,0.3587254169778442,0.6479309103994242,0.5698768388641806,0.6193765497697485,0.6276080920269734,0.6634188034188034,0.38491223702228305,0.6330785923200302,0.6477112676056338,0.6262907529875856,0.6262907529875856,0.6262907529875856,0.6169455791276848,0.6262907529875856,0.6262907529875856,0.5579020424350585,0.5652217239661186,0.5293973542381185,0.5168751475100306,0.6683641561690342,0.6625192406362237,0.5769589552238805,0.5882209980557356,0.0,0.5882209980557356,0.2934898612593383,0.6090855753918364,0.5881037567084079,0.0,0.561784629759402,0.5771247408852579,0.6704891596488085,0.6228928445125546,0.7340338650841183,0.643487134630804,0.7340338650841183,0.7340338650841183,0.7340338650841183,0.6478200692041522,0.6976883818673072,0.6619281468079607,0.7162717219589257,0.7162717219589257,0.7527314548591144,0.7624365482233503,0.7624365482233503,0.8538808310466484,0.8357195109206814,0.6870658286470394,0.6870658286470394,0.7333251593918588,0.6525170393399498,0.784681130834977,0.7792706333973128,0.6770401772810483,0.6602720613882107,0.7440364731743059,0.6421962503043583,0.6620833333333334,0.6540628521347189,0.6570855614973262,0.6533907427341228,0.62215616782897,0.7180090327436959,0.7572746628814762,0.6893097128894319,0.6931512981199641,0.6533907427341228,0.6586522911051214
Butyricimonas virosa,0.6555674901539563,0.7235779572277931,0.7235779572277931,0.7235779572277931,0.7235779572277931,0.7235779572277931,0.7235779572277931,0.7235779572277931,0.7235779572277931,0.7235779572277931,0.7235779572277931,0.7657117961006427,0.7657117961006427,0.709613478691774,0.8099151989562948,0.8099151989562948,0.6991938507686539,0.6469444781922002,0.6469444781922002,0.7674216783823657,0.8231112350153331,0.8231112350153331,0.8281917418130043,0.7517033287911232,0.6982684396823878,0.7657681940700809,0.6685875829074699,0.7873505976095617,0.7707597173144877,0.7707597173144877,0.6694348327566321,0.790528735632184,0.7897393538913362,0.7300307627028747,0.7476213130352045,0.7811244979919678,0.7811244979919678,0.7491624338052523,0.609032903790817,0.7363692964511251,0.673067050005134,0.6632552404438965,0.7077629526945071,0.7598658756770699,0.825601785429619,0.640901605599012,0.7974551677952229,0.8142268813178585,0.7956930731555625,0.568946118264783,0.7560039282206946,0.7956930731555625,0.7657767981059678,0.8025027603974972,0.7671719359029883,0.7894919489172681,0.7107543323139653,0.7795737122557727,0.7657767981059678,0.5926946107784431,0.626707303307371,0.6052508204406939,0.8025027603974972,0.6221342953566857,0.7894919489172681,0.7145723601705543,0.7779684282772821,0.7535744980076569,0.7987897125567323,0.6013952369497233,0.7720052326667912,0.7684737720762674,0.7345954419389846,0.7345954419389846,0.7345954419389846,0.6026267562614539,0.7345954419389846,0.7345954419389846,0.6998620961386919,0.704130262112788,0.6448004068141369,0.6374453618261292,0.7377583317817911,0.6574512123004139,0.6783542379323451,0.7489497432705772,0.561784629759402,0.7489497432705772,0.5057441253263708,0.7326296542553192,0.7194927279177012,0.561784629759402,0.0,0.5219072164948453,0.7409964545624184,0.7036247334754797,0.7973648092231678,0.7126985310565953,0.7973648092231678,0.7973648092231678,0.7973648092231678,0.7096247960848288,0.7541184395860127,0.7236651285431773,0.7815922837992479,0.7815922837992479,0.8135041692088671,0.8201501468828202,0.8201501468828202,0.862622266183097,0.8188833956348728,0.7481033665244192,0.7481033665244192,0.7992783642923961,0.6879545154039403,0.851427422597507,0.8584020793309979,0.7528949753297755,0.7147006819904016,0.8199949719265901,0.7350702953695344,0.7184574230940705,0.6552266552266552,0.6947830326669917,0.6527589018755097,0.6548561377057419,0.7645638394204648,0.8049288061336254,0.7408401556838009,0.7268022181146025,0.6527589018755097,0.6371453138435081
Odoribacter splanchnicus,0.7224828581739444,0.7545100172241864,0.7545100172241864,0.7545100172241864,0.7545100172241864,0.7545100172241864,0.7545100172241864,0.7545100172241864,0.7545100172241864,0.7545100172241864,0.7545100172241864,0.750496901671928,0.750496901671928,0.7247454972592012,0.741351150705271,0.741351150705271,0.7180778918814184,0.6774234211521493,0.6774234211521493,0.7591067179205565,0.815735744494677,0.815735744494677,0.7895716945996276,0.714376187460418,0.7148522704739242,0.7550399391403575,0.6640562017735805,0.7750982683522788,0.7314624410306036,0.7314624410306036,0.6845029592946008,0.7925475431991504,0.7759125512395081,0.7270173072600584,0.7372253449156873,0.7553726566072245,0.7553726566072245,0.7254810495626822,0.6943024560528612,0.7456529781724011,0.7250259605399793,0.6629950170469447,0.7454945054945055,0.7160440818663232,0.8108541525995949,0.6809493803822726,0.7277795998688095,0.748888156811069,0.7240223463687151,0.5677539114293291,0.6620016109544906,0.7240223463687151,0.7139683668029145,0.74261569416499,0.6871497584541063,0.7036122259956776,0.7020364415862808,0.7062135730514669,0.7139683668029145,0.5619577884241875,0.5936279296875,0.5711565316744953,0.74261569416499,0.563454382137816,0.7036122259956776,0.7084612012275318,0.6843072755417956,0.6615371163766722,0.7232669099073814,0.5643137254901961,0.6874277911984035,0.7175330903510455,0.6358725761772853,0.6358725761772853,0.6358725761772853,0.6041358936484491,0.6358725761772853,0.6358725761772853,0.6912010008340284,0.6888935855436965,0.5812438022382773,0.606639441443815,0.7134887427774457,0.5633514986376023,0.6907511598065343,0.6663210644548125,0.5771247408852579,0.6663210644548125,0.5635057853437957,0.7071529745042493,0.6931312174324964,0.5771247408852579,0.5219072164948453,0.0,0.7043460724009277,0.6969208013984134,0.7737339946937363,0.728656670746634,0.7737339946937363,0.7737339946937363,0.7737339946937363,0.7303378916142103,0.7773709036742801,0.7474402730375427,0.7215598386373823,0.7215598386373823,0.7803717636645275,0.7908713692946058,0.7908713692946058,0.8604978863316111,0.8427975211837613,0.7275760297703067,0.7275760297703067,0.7206626783248964,0.6952608634509914,0.816191774922845,0.8165436115630084,0.7595097210481826,0.7200214851618101,0.7781011276827937,0.6540326134861172,0.6803258754863813,0.6899491474723303,0.6600532623169109,0.6718257380338206,0.6723409870678279,0.7399545109931767,0.7796005706134095,0.701397146254459,0.6612769485903814,0.6718257380338206,0.6755386565272496
Barnesiella intestinihominis,0.7872845585648962,0.7233881926619357,0.7233881926619357,0.7233881926619357,0.7233881926619357,0.7233881926619357,0.7233881926619357,0.7233881926619357,0.7233881926619357,0.7233881926619357,0.7233881926619357,0.6648039310145486,0.6648039310145486,0.7770953415855617,0.7644001272939429,0.7644001272939429,0.7247920391821503,0.754398760142219,0.754398760142219,0.686582397738871,0.5663220088626293,0.5663220088626293,0.5525598598403738,0.6658265252911524,0.6817290406929237,0.6861366941347552,0.7661014117450505,0.6847096716471325,0.673078791411639,0.673078791411639,0.745136533999643,0.5862037871956718,0.5737496596169556,0.6771897810218979,0.7177371832645846,0.7248072562358276,0.7248072562358276,0.693355574089519,0.7747844827586207,0.6515432347489725,0.6913172384582804,0.7646025878003697,0.7348759611199768,0.776008064516129,0.5944625407166124,0.7662928397772724,0.4687807276302851,0.4735223210574445,0.571100007930843,0.720655557590185,0.44482237339380193,0.571100007930843,0.4694656488549618,0.4655453951665578,0.5052622190510168,0.446147859922179,0.4874401913875598,0.4181252430960716,0.4694656488549618,0.6916239002932552,0.6938122332859176,0.6900935258331063,0.4655453951665578,0.708790221103721,0.446147859922179,0.46356535919663544,0.4125331313896251,0.38653627870426965,0.46649038023160394,0.6964450174986185,0.4098244189586928,0.4323351023502654,0.589993502274204,0.589993502274204,0.589993502274204,0.7076923076923076,0.589993502274204,0.589993502274204,0.5276217228464419,0.5273208546038949,0.6969068089732187,0.6963777735634364,0.4484421722774188,0.739191831414295,0.5213675213675213,0.4326987870619946,0.6704891596488085,0.4326987870619946,0.6697134152147006,0.4489528795811518,0.4346742941502122,0.6704891596488085,0.7409964545624184,0.7043460724009277,0.0,0.7583743604595038,0.7515585079202861,0.7911550913200172,0.7515585079202861,0.7515585079202861,0.7515585079202861,0.7889291559504326,0.7339459698848538,0.8042611308385688,0.44454358882841083,0.44454358882841083,0.6137318097470457,0.682628830426643,0.682628830426643,0.7112112112112112,0.7338403041825095,0.8191825318054679,0.8191825318054679,0.8355083459787557,0.7374239350912779,0.5748967316472209,0.7131356364006929,0.6661597638429197,0.7801997311311696,0.5928656159972886,0.7650946230099129,0.7505345687811832,0.7802883140783151,0.7606293313354561,0.7577149705383002,0.7700316043874326,0.6479452054794521,0.6928988326848249,0.7766591329361002,0.782501657040053,0.7577149705383002,0.7444925799612867
Parasutterella excrementihominis,0.6774875621890547,0.7148864592094197,0.7148864592094197,0.7148864592094197,0.7148864592094197,0.7148864592094197,0.7148864592094197,0.7148864592094197,0.7148864592094197,0.7148864592094197,0.7148864592094197,0.7395452939097655,0.7395452939097655,0.6722757497625187,0.7238839621223508,0.7238839621223508,0.7031234700871438,0.6173993156093709,0.6173993156093709,0.7579168954786747,0.8215761618212136,0.8215761618212136,0.7987898677058763,0.7740800321737382,0.7086982484076434,0.7478501815402254,0.6819884235614573,0.7632058287795993,0.7366141258572976,0.7366141258572976,0.6241009463722398,0.7818853974121996,0.7828405235094522,0.7060702875399361,0.7052975801177239,0.7736528293396332,0.7736528293396332,0.7113414203274055,0.6271275202932705,0.6958401383418196,0.6729648024184841,0.678788663129287,0.7214215379106615,0.6552911240832211,0.8151571164510166,0.6539985012311316,0.8124044050168246,0.8152419543364763,0.8071766878060528,0.6884550084889643,0.7816449899248947,0.8071766878060528,0.7998342999171499,0.8174255029496293,0.7815999283346771,0.803800170794193,0.748924823671082,0.7964748003304875,0.7998342999171499,0.6408751986309742,0.6696655132641292,0.6861007462686567,0.8174255029496293,0.6449038810301052,0.803800170794193,0.748046875,0.8008105012774205,0.7908610212295794,0.8075076385857705,0.690172721858249,0.7814143775569842,0.7987793932866631,0.7220422443954905,0.7220422443954905,0.7220422443954905,0.6765071472964574,0.7220422443954905,0.7220422443954905,0.7198736884995416,0.72182772460636,0.6103104212860311,0.6071287649611996,0.7364871469064608,0.7239087751095001,0.723733538402384,0.7829683314951945,0.6228928445125546,0.7829683314951945,0.6388923851478918,0.7735358281590871,0.7575812111940969,0.6228928445125546,0.7036247334754797,0.6969208013984134,0.7583743604595038,0.0,0.7837868739995426,0.6724137931034483,0.7837868739995426,0.7837868739995426,0.7837868739995426,0.6890862944162437,0.7312866061659264,0.73411732900784,0.7723402425389181,0.7723402425389181,0.7704991087344029,0.7688969258589512,0.7688969258589512,0.85128265752453,0.8334818586887333,0.7074980473834939,0.7074980473834939,0.7474883790673265,0.6074640287769784,0.805052844939916,0.794244970715559,0.680327868852459,0.639344262295082,0.7572537423766401,0.6764281592613964,0.7016369936671047,0.6336448598130842,0.6431457042822515,0.6876414027149321,0.6181069958847736,0.7410009728677981,0.7735353776398998,0.5291645654731888,0.6793737236215112,0.6876414027149321,0.6532372248680653
Escherichia coli,0.77087023914969,0.6942711287577992,0.6942711287577992,0.6942711287577992,0.6942711287577992,0.6942711287577992,0.6942711287577992,0.6942711287577992,0.6942711287577992,0.6942711287577992,0.6942711287577992,0.7151675993769111,0.7151675993769111,0.7651650957034638,0.8324991269933651,0.8324991269933651,0.688216947718983,0.7660014534071217,0.7660014534071217,0.6990426908150065,0.7451404861768818,0.7451404861768818,0.789676144929043,0.7004812424805862,0.711886643925479,0.6788563473791294,0.7362080244221544,0.7238142565291812,0.7199118380604373,0.7199118380604373,0.7550409926877908,0.7296456443788231,0.7242874517476601,0.7251683267486506,0.7509163902949905,0.7503614725836948,0.7503614725836948,0.7474545151059924,0.7712534818941504,0.7475718483837226,0.7314051783720559,0.7556990230246243,0.7232455923749321,0.7949815325086474,0.7665994042471413,0.7123046562483333,0.7418635962672362,0.7586814409569289,0.763729067265413,0.7823651000870322,0.7708425994563874,0.763729067265413,0.7515691629533803,0.7310042446009608,0.7415129243537824,0.7011899313501144,0.7619702285009955,0.7738473767885532,0.7515691629533803,0.7551983321446206,0.7541655432731195,0.7635083919870059,0.7310042446009608,0.7621324927993044,0.7011899313501144,0.7466418976850528,0.756014424739416,0.7173995993513307,0.782512184529267,0.7741199478487614,0.7742428098752863,0.7876991838321026,0.7701841969357893,0.7701841969357893,0.7701841969357893,0.8301886792452831,0.7701841969357893,0.7701841969357893,0.7524808765763903,0.7539604217524541,0.7758317746415009,0.7679991104686719,0.7848107545017113,0.8316895243653342,0.7289236750562718,0.7079049304193965,0.7340338650841183,0.7079049304193965,0.7578935686143944,0.7433658045011757,0.7451416703753153,0.7340338650841183,0.7973648092231678,0.7737339946937363,0.7515585079202861,0.7837868739995426,0.0,0.482784592210028,0.0,0.0,0.0,0.4620136212449184,0.4621964408612722,0.46255327785670797,0.7395630120952009,0.7395630120952009,0.7495989822445932,0.771737904590053,0.771737904590053,0.8346107522172342,0.8232589817810319,0.8189958250933861,0.8189958250933861,0.8261253829837379,0.7799157796233478,0.7530200746136081,0.8093486503310509,0.7558412461325082,0.8151618876606251,0.7457890515339884,0.7815693645013508,0.7492474077377633,0.839191965304725,0.765625,0.7904750855618076,0.7894854586129754,0.6935456642845085,0.7573792868111244,0.7996928347805541,0.765166908563135,0.7904750855618076,0.7415467214987435
Escherichia fergusonii,0.6662869294448241,0.6651174799896721,0.6651174799896721,0.6651174799896721,0.6651174799896721,0.6651174799896721,0.6651174799896721,0.6651174799896721,0.6651174799896721,0.6651174799896721,0.6651174799896721,0.7201974735007985,0.7201974735007985,0.6932520134490578,0.795845048422368,0.795845048422368,0.6486468381564845,0.6491282448663309,0.6491282448663309,0.7136671686746988,0.7627688530714629,0.7627688530714629,0.7920554691550026,0.7200615837740143,0.6695855614973262,0.7279019558039116,0.629232589087683,0.7413287904599659,0.7408424246802976,0.7408424246802976,0.6499091459721381,0.7499035865792518,0.7414082687338501,0.701634683724236,0.7252064550344723,0.7598942755790499,0.7598942755790499,0.7263915615422991,0.6617997387228156,0.6874719928301645,0.6681219681219681,0.6852079177535676,0.6590592995321785,0.7370426224303517,0.7792418877343705,0.5820548244019487,0.78898835202761,0.7877526428219312,0.7884668853917589,0.6907467532467533,0.7636741428833344,0.7884668853917589,0.7778094857599452,0.7921417483004122,0.7678410659624273,0.766460531102219,0.7185653756639017,0.7781707317073171,0.7778094857599452,0.6514981693192856,0.6678692546359766,0.6738575905546242,0.7921417483004122,0.6579843125647477,0.766460531102219,0.7209467036534262,0.7724855076794359,0.7586341572281426,0.806077476223614,0.6889994148624927,0.7777917505030181,0.7931075460487225,0.7706838482940401,0.7706838482940401,0.7706838482940401,0.7751962572357466,0.7706838482940401,0.7706838482940401,0.7378609348698693,0.7445331256894426,0.6648818897637796,0.6718726307808947,0.7454981992797118,0.7881629758058161,0.6822539620426531,0.7602770083102492,0.643487134630804,0.7602770083102492,0.6679180118627525,0.7540481147351377,0.7387469586374695,0.643487134630804,0.7126985310565953,0.728656670746634,0.7911550913200172,0.6724137931034483,0.482784592210028,0.0,0.482784592210028,0.482784592210028,0.482784592210028,0.21794498617377378,0.3967260471834376,0.33681208271212804,0.7579379027533685,0.7579379027533685,0.7668863261943987,0.7848280751506558,0.7848280751506558,0.837720829551009,0.8304259340020352,0.7223738062755798,0.7223738062755798,0.7857767183154549,0.7087811479977708,0.8051292510069852,0.834790023449158,0.7271922054915855,0.7141519007103271,0.7838257236645777,0.7356312814070352,0.7068313953488372,0.7611457429180146,0.6901864119550146,0.7154065620542083,0.6786352685163597,0.7515962094226762,0.7828393577138006,0.7429441949967928,0.7267018914158818,0.7154065620542083,0.6669477234401349
Escherichia ruysiae,0.77087023914969,0.6942711287577992,0.6942711287577992,0.6942711287577992,0.6942711287577992,0.6942711287577992,0.6942711287577992,0.6942711287577992,0.6942711287577992,0.6942711287577992,0.6942711287577992,0.7151675993769111,0.7151675993769111,0.7651650957034638,0.8324991269933651,0.8324991269933651,0.688216947718983,0.7660014534071217,0.7660014534071217,0.6990426908150065,0.7451404861768818,0.7451404861768818,0.789676144929043,0.7004812424805862,0.711886643925479,0.6788563473791294,0.7362080244221544,0.7238142565291812,0.7199118380604373,0.7199118380604373,0.7550409926877908,0.7296456443788231,0.7242874517476601,0.7251683267486506,0.7509163902949905,0.7503614725836948,0.7503614725836948,0.7474545151059924,0.7712534818941504,0.7475718483837226,0.7314051783720559,0.7556990230246243,0.7232455923749321,0.7949815325086474,0.7665994042471413,0.7123046562483333,0.7418635962672362,0.7586814409569289,0.763729067265413,0.7823651000870322,0.7708425994563874,0.763729067265413,0.7515691629533803,0.7310042446009608,0.7415129243537824,0.7011899313501144,0.7619702285009955,0.7738473767885532,0.7515691629533803,0.7551983321446206,0.7541655432731195,0.7635083919870059,0.7310042446009608,0.7621324927993044,0.7011899313501144,0.7466418976850528,0.756014424739416,0.7173995993513307,0.782512184529267,0.7741199478487614,0.7742428098752863,0.7876991838321026,0.7701841969357893,0.7701841969357893,0.7701841969357893,0.8301886792452831,0.7701841969357893,0.7701841969357893,0.7524808765763903,0.7539604217524541,0.7758317746415009,0.7679991104686719,0.7848107545017113,0.8316895243653342,0.7289236750562718,0.7079049304193965,0.7340338650841183,0.7079049304193965,0.7578935686143944,0.7433658045011757,0.7451416703753153,0.7340338650841183,0.7973648092231678,0.7737339946937363,0.7515585079202861,0.7837868739995426,0.0,0.482784592210028,0.0,0.0,0.0,0.4620136212449184,0.4621964408612722,0.46255327785670797,0.7395630120952009,0.7395630120952009,0.7495989822445932,0.771737904590053,0.771737904590053,0.8346107522172342,0.8232589817810319,0.8189958250933861,0.8189958250933861,0.8261253829837379,0.7799157796233478,0.7530200746136081,0.8093486503310509,0.7558412461325082,0.8151618876606251,0.7457890515339884,0.7815693645013508,0.7492474077377633,0.839191965304725,0.765625,0.7904750855618076,0.7894854586129754,0.6935456642845085,0.7573792868111244,0.7996928347805541,0.765166908563135,0.7904750855618076,0.7415467214987435
Escherichia sp005843885,0.77087023914969,0.6942711287577992,0.6942711287577992,0.6942711287577992,0.6942711287577992,0.6942711287577992,0.6942711287577992,0.6942711287577992,0.6942711287577992,0.6942711287577992,0.6942711287577992,0.7151675993769111,0.7151675993769111,0.7651650957034638,0.8324991269933651,0.8324991269933651,0.688216947718983,0.7660014534071217,0.7660014534071217,0.6990426908150065,0.7451404861768818,0.7451404861768818,0.789676144929043,0.7004812424805862,0.711886643925479,0.6788563473791294,0.7362080244221544,0.7238142565291812,0.7199118380604373,0.7199118380604373,0.7550409926877908,0.7296456443788231,0.7242874517476601,0.7251683267486506,0.7509163902949905,0.7503614725836948,0.7503614725836948,0.7474545151059924,0.7712534818941504,0.7475718483837226,0.7314051783720559,0.7556990230246243,0.7232455923749321,0.7949815325086474,0.7665994042471413,0.7123046562483333,0.7418635962672362,0.7586814409569289,0.763729067265413,0.7823651000870322,0.7708425994563874,0.763729067265413,0.7515691629533803,0.7310042446009608,0.7415129243537824,0.7011899313501144,0.7619702285009955,0.7738473767885532,0.7515691629533803,0.7551983321446206,0.7541655432731195,0.7635083919870059,0.7310042446009608,0.7621324927993044,0.7011899313501144,0.7466418976850528,0.756014424739416,0.7173995993513307,0.782512184529267,0.7741199478487614,0.7742428098752863,0.7876991838321026,0.7701841969357893,0.7701841969357893,0.7701841969357893,0.8301886792452831,0.7701841969357893,0.7701841969357893,0.7524808765763903,0.7539604217524541,0.7758317746415009,0.7679991104686719,0.7848107545017113,0.8316895243653342,0.7289236750562718,0.7079049304193965,0.7340338650841183,0.7079049304193965,0.7578935686143944,0.7433658045011757,0.7451416703753153,0.7340338650841183,0.7973648092231678,0.7737339946937363,0.7515585079202861,0.7837868739995426,0.0,0.482784592210028,0.0,0.0,0.0,0.4620136212449184,0.4621964408612722,0.46255327785670797,0.7395630120952009,0.7395630120952009,0.7495989822445932,0.771737904590053,0.771737904590053,0.8346107522172342,0.8232589817810319,0.8189958250933861,0.8189958250933861,0.8261253829837379,0.7799157796233478,0.7530200746136081,0.8093486503310509,0.7558412461325082,0.8151618876606251,0.7457890515339884,0.7815693645013508,0.7492474077377633,0.839191965304725,0.765625,0.7904750855618076,0.7894854586129754,0.6935456642845085,0.7573792868111244,0.7996928347805541,0.765166908563135,0.7904750855618076,0.7415467214987435
Escherichia coli_E,0.77087023914969,0.6942711287577992,0.6942711287577992,0.6942711287577992,0.6942711287577992,0.6942711287577992,0.6942711287577992,0.6942711287577992,0.6942711287577992,0.6942711287577992,0.6942711287577992,0.7151675993769111,0.7151675993769111,0.7651650957034638,0.8324991269933651,0.8324991269933651,0.688216947718983,0.7660014534071217,0.7660014534071217,0.6990426908150065,0.7451404861768818,0.7451404861768818,0.789676144929043,0.7004812424805862,0.711886643925479,0.6788563473791294,0.7362080244221544,0.7238142565291812,0.7199118380604373,0.7199118380604373,0.7550409926877908,0.7296456443788231,0.7242874517476601,0.7251683267486506,0.7509163902949905,0.7503614725836948,0.7503614725836948,0.7474545151059924,0.7712534818941504,0.7475718483837226,0.7314051783720559,0.7556990230246243,0.7232455923749321,0.7949815325086474,0.7665994042471413,0.7123046562483333,0.7418635962672362,0.7586814409569289,0.763729067265413,0.7823651000870322,0.7708425994563874,0.763729067265413,0.7515691629533803,0.7310042446009608,0.7415129243537824,0.7011899313501144,0.7619702285009955,0.7738473767885532,0.7515691629533803,0.7551983321446206,0.7541655432731195,0.7635083919870059,0.7310042446009608,0.7621324927993044,0.7011899313501144,0.7466418976850528,0.756014424739416,0.7173995993513307,0.782512184529267,0.7741199478487614,0.7742428098752863,0.7876991838321026,0.7701841969357893,0.7701841969357893,0.7701841969357893,0.8301886792452831,0.7701841969357893,0.7701841969357893,0.7524808765763903,0.7539604217524541,0.7758317746415009,0.7679991104686719,0.7848107545017113,0.8316895243653342,0.7289236750562718,0.7079049304193965,0.7340338650841183,0.7079049304193965,0.7578935686143944,0.7433658045011757,0.7451416703753153,0.7340338650841183,0.7973648092231678,0.7737339946937363,0.7515585079202861,0.7837868739995426,0.0,0.482784592210028,0.0,0.0,0.0,0.4620136212449184,0.4621964408612722,0.46255327785670797,0.7395630120952009,0.7395630120952009,0.7495989822445932,0.771737904590053,0.771737904590053,0.8346107522172342,0.8232589817810319,0.8189958250933861,0.8189958250933861,0.8261253829837379,0.7799157796233478,0.7530200746136081,0.8093486503310509,0.7558412461325082,0.8151618876606251,0.7457890515339884,0.7815693645013508,0.7492474077377633,0.839191965304725,0.765625,0.7904750855618076,0.7894854586129754,0.6935456642845085,0.7573792868111244,0.7996928347805541,0.765166908563135,0.7904750855618076,0.7415467214987435
Escherichia albertii,0.6810756830016407,0.6782677839623219,0.6782677839623219,0.6782677839623219,0.6782677839623219,0.6782677839623219,0.6782677839623219,0.6782677839623219,0.6782677839623219,0.6782677839623219,0.6782677839623219,0.7372754491017964,0.7372754491017964,0.7046772890814303,0.809742245522062,0.809742245522062,0.6585722458839235,0.6645818181818182,0.6645818181818182,0.7217085247270775,0.7695958358848745,0.7695958358848745,0.8001961866225247,0.7228485890821071,0.68068397720076,0.7338729161633244,0.643300118458644,0.7536138772887889,0.7496935022476502,0.7496935022476502,0.6657421236042955,0.76211881909853,0.7526277193840136,0.7129064699966476,0.7382745878339966,0.769483075308318,0.769483075308318,0.7359467455621302,0.6750216700375614,0.6970636512857924,0.683739465603972,0.694275802254987,0.6686710763680096,0.7499257719714965,0.7845123436289162,0.6003973419195725,0.793105227847448,0.7873481621706894,0.7903509239043612,0.6983617985360753,0.7671735710540115,0.7903509239043612,0.7828621234406493,0.7917609545361037,0.7726362752388034,0.7629269271277396,0.7260733579755474,0.782121282527881,0.7828621234406493,0.6564712546020957,0.6757495048828792,0.6846629986244842,0.7917609545361037,0.6665034622648107,0.7629269271277396,0.726258242687257,0.7764860090043882,0.7599379380450484,0.8083845600044304,0.6990753519182997,0.783187955550245,0.796134663341646,0.7808586762075134,0.7808586762075134,0.7808586762075134,0.7839744541809001,0.7808586762075134,0.7808586762075134,0.7451462275743426,0.7508008871365205,0.6796840395688764,0.6920731707317074,0.7580519868538991,0.7980244729470736,0.6953515649114144,0.7504155273175701,0.6478200692041522,0.7504155273175701,0.6608090661311146,0.7455205135361429,0.7312445095168375,0.6478200692041522,0.7096247960848288,0.7303378916142103,0.7889291559504326,0.6890862944162437,0.4620136212449184,0.21794498617377378,0.4620136212449184,0.4620136212449184,0.4620136212449184,0.0,0.42857957136342906,0.3341478696741854,0.7626635357262663,0.7626635357262663,0.7732614765274982,0.7949179671868747,0.7949179671868747,0.8406122179707085,0.8389385360529368,0.7289358965196884,0.7289358965196884,0.793719303467778,0.7225864123957092,0.8079068401996281,0.8405380085653105,0.7362247857188889,0.7249413833528722,0.7912860951948715,0.7456179113271468,0.7157555387886687,0.7740342081981716,0.7085553795189399,0.7300481659874027,0.6974429754467528,0.7569152326322498,0.7909333333333333,0.7548174252080677,0.736997338320984,0.7300481659874027,0.6760135867601358
Hafnia alvei,0.7156368614274158,0.6503834138028969,0.6503834138028969,0.6503834138028969,0.6503834138028969,0.6503834138028969,0.6503834138028969,0.6503834138028969,0.6503834138028969,0.6503834138028969,0.6503834138028969,0.6621010466468535,0.6621010466468535,0.7376745965941706,0.8199043062200957,0.8199043062200957,0.6499651648862053,0.705967701236437,0.705967701236437,0.6648357870894677,0.7185517712501219,0.7185517712501219,0.7550295179687052,0.6563578042728317,0.6161488439306358,0.5864473120910036,0.6797948342187214,0.696958703670113,0.7135060535725488,0.7135060535725488,0.7091358024691359,0.6913917286245352,0.6881214024071167,0.6790421384815296,0.7375697615423642,0.7346284192689421,0.7346284192689421,0.6955168119551681,0.7159147869674185,0.6625645097260817,0.6408849881148291,0.7337467117624953,0.6424300005588778,0.7743933918430563,0.7522641411789059,0.64296875,0.7338489761515197,0.7490324501339685,0.7448516050878256,0.7376174598363141,0.7333586915176873,0.7448516050878256,0.733767576509512,0.7401002259998035,0.7284429363925244,0.7134427173287277,0.6825669367387455,0.7530071740654836,0.733767576509512,0.7071170674989291,0.7188819506393102,0.7326661901358114,0.7401002259998035,0.7076810623134555,0.7134427173287277,0.6740772486205604,0.7255854105967412,0.7014764687788373,0.774123374941731,0.7382711599687631,0.7496251874062969,0.760951321574236,0.7404120443740094,0.7404120443740094,0.7404120443740094,0.812740322994104,0.7404120443740094,0.7404120443740094,0.7102947897623401,0.7161991986262164,0.7335819480437393,0.7289892632358386,0.7196449505945403,0.8317615038926515,0.6704921776864223,0.7214604992215359,0.6976883818673072,0.7214604992215359,0.7216355599214146,0.7105979683736516,0.7093539995664426,0.6976883818673072,0.7541184395860127,0.7773709036742801,0.7339459698848538,0.7312866061659264,0.4621964408612722,0.3967260471834376,0.4621964408612722,0.4621964408612722,0.4621964408612722,0.42857957136342906,0.0,0.45999678473822414,0.7162569389373513,0.7162569389373513,0.7149487054225696,0.7270209015361371,0.7270209015361371,0.8008389567754879,0.8235763377515954,0.7736359721965922,0.7736359721965922,0.8327399872854419,0.7620910840282232,0.7465727521981658,0.7776592406652024,0.6775448192038893,0.7752583777012214,0.7356761709696544,0.7823409927637426,0.7236930602262306,0.793989211405086,0.7412885434946102,0.7624149878095727,0.7345138319994959,0.6715538923992392,0.7284066691738749,0.7909764743796326,0.7793124806441623,0.7624149878095727,0.7287461963609265
Klebsiella pneumoniae,0.6921899946780202,0.6713719085394307,0.6713719085394307,0.6713719085394307,0.6713719085394307,0.6713719085394307,0.6713719085394307,0.6713719085394307,0.6713719085394307,0.6713719085394307,0.6713719085394307,0.7259575017761416,0.7259575017761416,0.7118202985892343,0.8057544146723938,0.8057544146723938,0.6453986983760112,0.6821187584345478,0.6821187584345478,0.7169543493072905,0.7594464618706448,0.7594464618706448,0.7894583236049498,0.7165668662674651,0.6861152582860555,0.732329018215145,0.6564900403593282,0.7486159274806838,0.7412325941206808,0.7412325941206808,0.6821397870792831,0.744713078939703,0.7433179991847667,0.7213711702661979,0.7566360052562418,0.773647609083636,0.773647609083636,0.743202416918429,0.6897663174858985,0.7060002290163747,0.6994692209139162,0.706977682172627,0.6682854367822659,0.7601542062508605,0.7913879598662208,0.6110861037875378,0.7911087042142576,0.7895289004346305,0.7881171038611802,0.7036262659261678,0.767226148409894,0.7881171038611802,0.7840297889946214,0.7827846601845911,0.7662486368593239,0.7605545960468241,0.7308996931028913,0.7857377948436643,0.7840297889946214,0.6772816808929745,0.6983222538778094,0.7045831737520746,0.7827846601845911,0.6863598000389535,0.7605545960468241,0.7318465560475911,0.7710764887899679,0.7582496047330035,0.8091338582677166,0.7060040069799005,0.7861571412467591,0.7969722997637965,0.7776339632410044,0.7776339632410044,0.7776339632410044,0.7937293729372937,0.7776339632410044,0.7776339632410044,0.7530750129930126,0.7542259657275632,0.7082909633245204,0.7134518265888372,0.7715165081141578,0.811386205958373,0.7153389781694603,0.7536283546366553,0.6619281468079607,0.7536283546366553,0.6690816394982223,0.7433294355267355,0.7326265541740675,0.6619281468079607,0.7236651285431773,0.7474402730375427,0.8042611308385688,0.73411732900784,0.46255327785670797,0.33681208271212804,0.46255327785670797,0.46255327785670797,0.46255327785670797,0.3341478696741854,0.45999678473822414,0.0,0.7754887534160185,0.7754887534160185,0.7663264051162219,0.8049447136290222,0.8049447136290222,0.840304417770078,0.8362019323053298,0.7344772332754708,0.7344772332754708,0.7812762973352034,0.7409265878471267,0.8006482220865235,0.8436386370740856,0.7441677746887465,0.7408637873754154,0.7830959987005253,0.7375320801831171,0.7140733079061348,0.7814596741065316,0.7221032914102221,0.7379704949675996,0.7143241787829833,0.7440461725394897,0.7879073271802599,0.7740689655172414,0.7316445407748577,0.7379704949675996,0.6894627126622285
Akkermansia muciniphila,0.7891844536476584,0.7106263194933146,0.7106263194933146,0.7106263194933146,0.7106263194933146,0.7106263194933146,0.7106263194933146,0.7106263194933146,0.7106263194933146,0.7106263194933146,0.7106263194933146,0.66064380317516,0.66064380317516,0.7858230417864998,0.7431431046097585,0.7431431046097585,0.7048346055979644,0.7446914813889582,0.7446914813889582,0.6493187402278311,0.5418388068062461,0.5418388068062461,0.5443411407116038,0.6420123136746598,0.6485133261438916,0.6675461741424802,0.746766824130721,0.6599301397205588,0.7006380410415589,0.7006380410415589,0.7286172048311561,0.567993297025555,0.5509392452191573,0.6524942830524265,0.7062505588840204,0.7361326688995997,0.7361326688995997,0.6521852463289599,0.7389228578607924,0.6119186046511628,0.6980928113659177,0.7575451870533838,0.704083035468793,0.7637723458591754,0.6031271040622428,0.761254425897825,0.4884560427164022,0.4367143647719187,0.5189053209330691,0.7280919312169312,0.48542372881355933,0.5189053209330691,0.46976632136834495,0.48508022192232714,0.5590007930214116,0.4571696615429025,0.4813696671168666,0.4506178249057926,0.46976632136834495,0.6981163388930379,0.7156870563840816,0.7154906731549067,0.48508022192232714,0.725010101010101,0.4571696615429025,0.5070346320346321,0.5061211075507354,0.4043799133643511,0.5043892033800967,0.7092868988391376,0.4779896631616468,0.41898555829517437,0.641566265060241,0.641566265060241,0.641566265060241,0.7464802222009386,0.641566265060241,0.641566265060241,0.5909389902976484,0.5856988262715392,0.7056215641071112,0.69625042999656,0.4791829639287266,0.768888888888889,0.5603775106880697,0.5180990450810571,0.7162717219589257,0.5180990450810571,0.7337229401596839,0.4694479897894065,0.49133897052787123,0.7162717219589257,0.7815922837992479,0.7215598386373823,0.44454358882841083,0.7723402425389181,0.7395630120952009,0.7579379027533685,0.7395630120952009,0.7395630120952009,0.7395630120952009,0.7626635357262663,0.7162569389373513,0.7754887534160185,0.0,0.0,0.6126766823717664,0.6692473892689953,0.6692473892689953,0.7008274984086569,0.7721949038891373,0.7796481777628146,0.7796481777628146,0.8039796390559926,0.763183724457928,0.5206008282445427,0.7489975942261428,0.6868061142397426,0.7839234944430085,0.5869667503136763,0.725781032724576,0.7278720949398385,0.7586527726088574,0.7249934708801253,0.7425329096686337,0.7355150677834383,0.6475690100909015,0.6972275837866293,0.7965305384893386,0.7272565108811987,0.7425329096686337,0.7406383513445589
Akkermansia muciniphila_B,0.7891844536476584,0.7106263194933146,0.7106263194933146,0.7106263194933146,0.7106263194933146,0.7106263194933146,0.7106263194933146,0.7106263194933146,0.7106263194933146,0.7106263194933146,0.7106263194933146,0.66064380317516,0.66064380317516,0.7858230417864998,0.7431431046097585,0.7431431046097585,0.7048346055979644,0.7446914813889582,0.7446914813889582,0.6493187402278311,0.5418388068062461,0.5418388068062461,0.5443411407116038,0.6420123136746598,0.6485133261438916,0.6675461741424802,0.746766824130721,0.6599301397205588,0.7006380410415589,0.7006380410415589,0.7286172048311561,0.567993297025555,0.5509392452191573,0.6524942830524265,0.7062505588840204,0.7361326688995997,0.7361326688995997,0.6521852463289599,0.7389228578607924,0.6119186046511628,0.6980928113659177,0.7575451870533838,0.704083035468793,0.7637723458591754,0.6031271040622428,0.761254425897825,0.4884560427164022,0.4367143647719187,0.5189053209330691,0.7280919312169312,0.48542372881355933,0.5189053209330691,0.46976632136834495,0.48508022192232714,0.5590007930214116,0.4571696615429025,0.4813696671168666,0.4506178249057926,0.46976632136834495,0.6981163388930379,0.7156870563840816,0.7154906731549067,0.48508022192232714,0.725010101010101,0.4571696615429025,0.5070346320346321,0.5061211075507354,0.4043799133643511,0.5043892033800967,0.7092868988391376,0.4779896631616468,0.41898555829517437,0.641566265060241,0.641566265060241,0.641566265060241,0.7464802222009386,0.641566265060241,0.641566265060241,0.5909389902976484,0.5856988262715392,0.7056215641071112,0.69625042999656,0.4791829639287266,0.768888888888889,0.5603775106880697,0.5180990450810571,0.7162717219589257,0.5180990450810571,0.7337229401596839,0.4694479897894065,0.49133897052787123,0.7162717219589257,0.7815922837992479,0.7215598386373823,0.44454358882841083,0.7723402425389181,0.7395630120952009,0.7579379027533685,0.7395630120952009,0.7395630120952009,0.7395630120952009,0.7626635357262663,0.7162569389373513,0.7754887534160185,0.0,0.0,0.6126766823717664,0.6692473892689953,0.6692473892689953,0.7008274984086569,0.7721949038891373,0.7796481777628146,0.7796481777628146,0.8039796390559926,0.763183724457928,0.5206008282445427,0.7489975942261428,0.6868061142397426,0.7839234944430085,0.5869667503136763,0.725781032724576,0.7278720949398385,0.7586527726088574,0.7249934708801253,0.7425329096686337,0.7355150677834383,0.6475690100909015,0.6972275837866293,0.7965305384893386,0.7272565108811987,0.7425329096686337,0.7406383513445589
Erysipelatoclostridium ramosum,0.7117786391042205,0.5923852183650615,0.5923852183650615,0.5923852183650615,0.5923852183650615,0.5923852183650615,0.5923852183650615,0.5923852183650615,0.5923852183650615,0.5923852183650615,0.5923852183650615,0.3784366576819407,0.3784366576819407,0.6548886737657309,0.6362121632879756,0.6362121632879756,0.591185850971296,0.6359760313436276,0.6359760313436276,0.5185884691848907,0.545409429280397,0.545409429280397,0.4015439284401422,0.5360969801926616,0.5972154132758114,0.535652703113906,0.7110425171761425,0.4725352948155178,0.48171435904016424,0.48171435904016424,0.6513832249531577,0.51203007518797,0.4972405583811276,0.5166803230715206,0.5535806285419886,0.5272092463279556,0.5272092463279556,0.5421071386150373,0.6877637130801688,0.5212776510266839,0.6064852700490999,0.6447862846406764,0.612,0.6376122556788166,0.535951432365775,0.6774776488491535,0.6574568038856596,0.6562652364700146,0.715509718365728,0.7588637989169307,0.6234596933496379,0.715509718365728,0.6411820290353063,0.6442953020134228,0.6700213751335946,0.6767087314902619,0.6590371621621622,0.6300512236767217,0.6411820290353063,0.7527797255334068,0.7675064661366031,0.7718101179452188,0.6442953020134228,0.7555820184578743,0.6767087314902619,0.6616434934643244,0.6428117337208246,0.6470874969534487,0.660591441079246,0.768185451638689,0.6046370967741935,0.6450603075223276,0.5805224448389551,0.5805224448389551,0.5805224448389551,0.7897776139574886,0.5805224448389551,0.5805224448389551,0.7397769516728625,0.7414660931637229,0.7312932767478222,0.7471626733921816,0.620452786377709,0.807485979029505,0.6611986803519061,0.6588075447570332,0.7527314548591144,0.6588075447570332,0.7462840627580511,0.5949255572196283,0.5959005750324615,0.7527314548591144,0.8135041692088671,0.7803717636645275,0.6137318097470457,0.7704991087344029,0.7495989822445932,0.7668863261943987,0.7495989822445932,0.7495989822445932,0.7495989822445932,0.7732614765274982,0.7149487054225696,0.7663264051162219,0.6126766823717664,0.6126766823717664,0.0,0.3437589670014347,0.3437589670014347,0.6024538325322539,0.688616768711733,0.698150289017341,0.698150289017341,0.6378340365682138,0.7078214329157038,0.6446588664336728,0.6069125612587052,0.6038198890311566,0.7499138030111481,0.5530102790014684,0.6967253783180352,0.6965163496473605,0.8034107058266224,0.7597303761687324,0.6971519764301497,0.7454905411350639,0.556605871886121,0.3819676700111483,0.7444582814445828,0.7176566314076485,0.6971519764301497,0.7052689352360044
Catenibacterium sp000437715,0.7045348837209302,0.6184847897694246,0.6184847897694246,0.6184847897694246,0.6184847897694246,0.6184847897694246,0.6184847897694246,0.6184847897694246,0.6184847897694246,0.6184847897694246,0.6184847897694246,0.3819835426591598,0.3819835426591598,0.6400634249471459,0.6523887973640856,0.6523887973640856,0.622358008614645,0.6467190956008848,0.6467190956008848,0.5,0.6304436636980145,0.6304436636980145,0.5072676193966044,0.4962112242481648,0.6088526619892696,0.543752674368849,0.7095709570957096,0.4296325254104769,0.485207100591716,0.485207100591716,0.6512232596619785,0.4954965357967668,0.4476530005941771,0.45949811467949553,0.4311774461028193,0.44965348552792495,0.44965348552792495,0.4842467566851999,0.6929021519438829,0.6075736602728891,0.5761486260985649,0.6529663147310206,0.610390830514844,0.611062335381914,0.6196145124716553,0.7008640381368557,0.731851969002056,0.7444462202333386,0.7048461862621155,0.776949665154461,0.7166620202583402,0.7048461862621155,0.7160472683678711,0.73875,0.6956642322270501,0.7504870481275705,0.7454787898991583,0.7132193139941416,0.7160472683678711,0.7736525682944837,0.7750991760756789,0.778549942951976,0.73875,0.7793290268806001,0.7504870481275705,0.7487898925260481,0.728386167146974,0.7274700538628507,0.7351129363449692,0.774866879659212,0.6861122325393622,0.6915324479608176,0.6132655790318267,0.6132655790318267,0.6132655790318267,0.7954090484452155,0.6132655790318267,0.6132655790318267,0.74024472492533,0.740329338400078,0.7403156384505021,0.7361348365789773,0.706929740134745,0.7978794792645283,0.662948593598448,0.7394738920925823,0.7624365482233503,0.7394738920925823,0.7669353082117185,0.6598440545808967,0.6940060213484172,0.7624365482233503,0.8201501468828202,0.7908713692946058,0.682628830426643,0.7688969258589512,0.771737904590053,0.7848280751506558,0.771737904590053,0.771737904590053,0.771737904590053,0.7949179671868747,0.7270209015361371,0.8049447136290222,0.6692473892689953,0.6692473892689953,0.3437589670014347,0.0,0.0,0.6118653271789303,0.6677228268356523,0.7066914498141263,0.7066914498141263,0.670118565210866,0.7003978779840849,0.6940670811267173,0.5492875835998836,0.5656293869911091,0.7627076923076923,0.6557834922469421,0.7307641892777559,0.7427876644191445,0.7996378217565645,0.7619604632120716,0.6941035218783351,0.7475440880577583,0.5766978922716628,0.3531297709923664,0.743996743996744,0.7416173570019724,0.6941035218783351,0.7004264392324093
Catenibacterium mitsuokai,0.7045348837209302,0.6184847897694246,0.6184847897694246,0.6184847897694246,0.6184847897694246,0.6184847897694246,0.6184847897694246,0.6184847897694246,0.6184847897694246,0.6184847897694246,0.6184847897694246,0.3819835426591598,0.3819835426591598,0.6400634249471459,0.6523887973640856,0.6523887973640856,0.622358008614645,0.6467190956008848,0.6467190956008848,0.5,0.6304436636980145,0.6304436636980145,0.5072676193966044,0.4962112242481648,0.6088526619892696,0.543752674368849,0.7095709570957096,0.4296325254104769,0.485207100591716,0.485207100591716,0.6512232596619785,0.4954965357967668,0.4476530005941771,0.45949811467949553,0.4311774461028193,0.44965348552792495,0.44965348552792495,0.4842467566851999,0.6929021519438829,0.6075736602728891,0.5761486260985649,0.6529663147310206,0.610390830514844,0.611062335381914,0.6196145124716553,0.7008640381368557,0.731851969002056,0.7444462202333386,0.7048461862621155,0.776949665154461,0.7166620202583402,0.7048461862621155,0.7160472683678711,0.73875,0.6956642322270501,0.7504870481275705,0.7454787898991583,0.7132193139941416,0.7160472683678711,0.7736525682944837,0.7750991760756789,0.778549942951976,0.73875,0.7793290268806001,0.7504870481275705,0.7487898925260481,0.728386167146974,0.7274700538628507,0.7351129363449692,0.774866879659212,0.6861122325393622,0.6915324479608176,0.6132655790318267,0.6132655790318267,0.6132655790318267,0.7954090484452155,0.6132655790318267,0.6132655790318267,0.74024472492533,0.740329338400078,0.7403156384505021,0.7361348365789773,0.706929740134745,0.7978794792645283,0.662948593598448,0.7394738920925823,0.7624365482233503,0.7394738920925823,0.7669353082117185,0.6598440545808967,0.6940060213484172,0.7624365482233503,0.8201501468828202,0.7908713692946058,0.682628830426643,0.7688969258589512,0.771737904590053,0.7848280751506558,0.771737904590053,0.771737904590053,0.771737904590053,0.7949179671868747,0.7270209015361371,0.8049447136290222,0.6692473892689953,0.6692473892689953,0.3437589670014347,0.0,0.0,0.6118653271789303,0.6677228268356523,0.7066914498141263,0.7066914498141263,0.670118565210866,0.7003978779840849,0.6940670811267173,0.5492875835998836,0.5656293869911091,0.7627076923076923,0.6557834922469421,0.7307641892777559,0.7427876644191445,0.7996378217565645,0.7619604632120716,0.6941035218783351,0.7475440880577583,0.5766978922716628,0.3531297709923664,0.743996743996744,0.7416173570019724,0.6941035218783351,0.7004264392324093
Holdemania filiformis,0.7917376007263648,0.7452142206016408,0.7452142206016408,0.7452142206016408,0.7452142206016408,0.7452142206016408,0.7452142206016408,0.7452142206016408,0.7452142206016408,0.7452142206016408,0.7452142206016408,0.585555848956958,0.585555848956958,0.7600303759017846,0.801043429216018,0.801043429216018,0.7561684961065767,0.7741258741258741,0.7741258741258741,0.695351517479831,0.6846446187434301,0.6846446187434301,0.5675543611043244,0.7132616487455197,0.7451207729468599,0.6817405285900915,0.8262493690055528,0.6869673900693103,0.6692405063291139,0.6692405063291139,0.7860558211942622,0.5685244403837368,0.5593764328289775,0.6554950260540029,0.7008782278149168,0.7404500865551067,0.7404500865551067,0.6861357639721756,0.8154123885817444,0.7224520496427228,0.6973001588141874,0.7759549754520416,0.7114916629112213,0.7822144017325392,0.6955919046298864,0.7753235379974701,0.7472190875382879,0.7469532279314888,0.7324639904542742,0.8686657611534845,0.7380343095441191,0.7324639904542742,0.7267058926846404,0.7370672262125737,0.7195259593679458,0.7585239852398524,0.7330954660168828,0.7130528586839266,0.7267058926846404,0.8665105386416861,0.8746710846896014,0.8797418073485601,0.7370672262125737,0.8667945869521309,0.7585239852398524,0.768999749728873,0.7491967318461397,0.735757275950202,0.738187523071244,0.8799470953301455,0.7188746803069054,0.7227571741824769,0.7717661691542288,0.7717661691542288,0.7717661691542288,0.8829383265680241,0.7717661691542288,0.7717661691542288,0.7590016770247607,0.7575697012091536,0.8421356088560885,0.8503740648379052,0.7252487439661117,0.8592612564033433,0.6824625755923466,0.7652132247244849,0.8538808310466484,0.7652132247244849,0.8462276214833759,0.713393720868877,0.710820895522388,0.8538808310466484,0.862622266183097,0.8604978863316111,0.7112112112112112,0.85128265752453,0.8346107522172342,0.837720829551009,0.8346107522172342,0.8346107522172342,0.8346107522172342,0.8406122179707085,0.8008389567754879,0.840304417770078,0.7008274984086569,0.7008274984086569,0.6024538325322539,0.6118653271789303,0.6118653271789303,0.0,0.45417789757412397,0.8636415590353184,0.8636415590353184,0.8312377759150601,0.804420457465947,0.7096774193548387,0.6968530988044523,0.7370115929583512,0.8295371050698016,0.7592626728110599,0.8316378433367243,0.8171142763944764,0.8778898965385107,0.8775033377837116,0.8148431522570773,0.87421875,0.7444815333261549,0.6360985952822688,0.8527101335428122,0.8478054567022538,0.8148431522570773,0.8087332272003639
Holdemanella biformis,0.744307577454274,0.7046769291106971,0.7046769291106971,0.7046769291106971,0.7046769291106971,0.7046769291106971,0.7046769291106971,0.7046769291106971,0.7046769291106971,0.7046769291106971,0.7046769291106971,0.6260481471463348,0.6260481471463348,0.7151793160967472,0.7895538297548348,0.7895538297548348,0.6996929375639713,0.7436641028874038,0.7436641028874038,0.6988216496904334,0.6891632601985485,0.6891632601985485,0.6204000987898246,0.7297503543006649,0.767202062264525,0.7463580123727799,0.7795414462081129,0.6564904139699597,0.6413369713506138,0.6413369713506138,0.7334392569054021,0.5361681329423265,0.5389760428067616,0.6375220792329044,0.5899638336347197,0.6984924623115578,0.6984924623115578,0.6619065997684292,0.7376237623762376,0.7509343555342597,0.6643173809253154,0.7196397828102239,0.7158209513129614,0.7182328829512676,0.6929156626506023,0.7630307391796032,0.7889463477698772,0.8001800180018002,0.7872268338133153,0.8638726086475728,0.7787348071585798,0.7872268338133153,0.7730951961991905,0.783740230440738,0.7454370797310279,0.8010907214975311,0.792342186961021,0.7688314232539916,0.7730951961991905,0.8608658195132457,0.8569200374337111,0.8563965884861408,0.783740230440738,0.8592663886215378,0.8010907214975311,0.7969504447268106,0.7771540836373843,0.7838393812227433,0.7877471816669747,0.8542465753424657,0.7537484381507705,0.7758078352873892,0.7907368967306694,0.7907368967306694,0.7907368967306694,0.8538793103448276,0.7907368967306694,0.7907368967306694,0.7495060829780598,0.7523369393971222,0.8430487804878048,0.8344931570401299,0.7681750372948781,0.8312148980195093,0.7180674383492702,0.7874745831638877,0.8357195109206814,0.7874745831638877,0.8397334538061894,0.7484662576687117,0.7478999528079282,0.8357195109206814,0.8188833956348728,0.8427975211837613,0.7338403041825095,0.8334818586887333,0.8232589817810319,0.8304259340020352,0.8232589817810319,0.8232589817810319,0.8232589817810319,0.8389385360529368,0.8235763377515954,0.8362019323053298,0.7721949038891373,0.7721949038891373,0.688616768711733,0.6677228268356523,0.6677228268356523,0.45417789757412397,0.0,0.8479568045158915,0.8479568045158915,0.8133070028862222,0.7632508833922261,0.760211212921261,0.717834577828834,0.7383819061550579,0.8151072509540729,0.779731518245415,0.7973255328040116,0.8248349647165946,0.8696786597088711,0.8336391437308869,0.7677992386860285,0.805538153113645,0.7646273637374861,0.6788766788766789,0.8118396294688088,0.797558093737692,0.7677992386860285,0.7567973938102994
Streptococcus salivarius,0.6513476586759408,0.700418410041841,0.700418410041841,0.700418410041841,0.700418410041841,0.700418410041841,0.700418410041841,0.700418410041841,0.700418410041841,0.700418410041841,0.700418410041841,0.7368481905422593,0.7368481905422593,0.7212214130573655,0.6918342839987992,0.6918342839987992,0.6774668630338734,0.608842214443148,0.608842214443148,0.7453619497999273,0.809750812567714,0.809750812567714,0.7602035517706927,0.7233473835715021,0.6693548387096775,0.754089167211889,0.604338599386937,0.7677486910994764,0.7303184562566591,0.7303184562566591,0.5853565526884454,0.7770101707925542,0.7617478926460615,0.7055070517125588,0.7231331987891019,0.7521310004486317,0.7521310004486317,0.7416046878521523,0.6123850239668351,0.6849628359062321,0.7003115264797508,0.6877122374544082,0.7122314929877507,0.700211714890614,0.7890288225847351,0.6401020082881734,0.8161118208461712,0.8208635842567826,0.8111601513240858,0.651685393258427,0.7829959514170041,0.8111601513240858,0.8021333767608501,0.8184594755661502,0.7912222416506383,0.8036241045090603,0.7418008348240906,0.8042503586800573,0.8021333767608501,0.6477530098939087,0.6579548048390778,0.6687130777250088,0.8184594755661502,0.6693435754189945,0.8036241045090603,0.7508971042309939,0.7936355710549259,0.7837584102644344,0.8195034858017344,0.6569718731298624,0.7857551487414187,0.802446321717705,0.731992457573853,0.731992457573853,0.731992457573853,0.7133186166298748,0.731992457573853,0.731992457573853,0.7300704854561699,0.730294206245607,0.6412668963689372,0.6380808462410276,0.741314958369222,0.7542725836564699,0.7347015275044513,0.8031459987782529,0.6870658286470394,0.8031459987782529,0.6850506253722454,0.7958786305370761,0.7783388472923559,0.6870658286470394,0.7481033665244192,0.7275760297703067,0.8191825318054679,0.7074980473834939,0.8189958250933861,0.7223738062755798,0.8189958250933861,0.8189958250933861,0.8189958250933861,0.7289358965196884,0.7736359721965922,0.7344772332754708,0.7796481777628146,0.7796481777628146,0.698150289017341,0.7066914498141263,0.7066914498141263,0.8636415590353184,0.8479568045158915,0.0,0.0,0.464924838940587,0.7262749297282827,0.8265656778175188,0.8055931994579278,0.6736795482227882,0.6481250864812509,0.7859362514427772,0.7038058466629895,0.7598121435759813,0.6817582417582417,0.6867669556348801,0.7027838427947598,0.6084312930685043,0.7456946645536187,0.7092651757188498,0.7438768369489153,0.6875165300185135,0.7027838427947598,0.6871391720918806
Streptococcus sp001556435,0.6513476586759408,0.700418410041841,0.700418410041841,0.700418410041841,0.700418410041841,0.700418410041841,0.700418410041841,0.700418410041841,0.700418410041841,0.700418410041841,0.700418410041841,0.7368481905422593,0.7368481905422593,0.7212214130573655,0.6918342839987992,0.6918342839987992,0.6774668630338734,0.608842214443148,0.608842214443148,0.7453619497999273,0.809750812567714,0.809750812567714,0.7602035517706927,0.7233473835715021,0.6693548387096775,0.754089167211889,0.604338599386937,0.7677486910994764,0.7303184562566591,0.7303184562566591,0.5853565526884454,0.7770101707925542,0.7617478926460615,0.7055070517125588,0.7231331987891019,0.7521310004486317,0.7521310004486317,0.7416046878521523,0.6123850239668351,0.6849628359062321,0.7003115264797508,0.6877122374544082,0.7122314929877507,0.700211714890614,0.7890288225847351,0.6401020082881734,0.8161118208461712,0.8208635842567826,0.8111601513240858,0.651685393258427,0.7829959514170041,0.8111601513240858,0.8021333767608501,0.8184594755661502,0.7912222416506383,0.8036241045090603,0.7418008348240906,0.8042503586800573,0.8021333767608501,0.6477530098939087,0.6579548048390778,0.6687130777250088,0.8184594755661502,0.6693435754189945,0.8036241045090603,0.7508971042309939,0.7936355710549259,0.7837584102644344,0.8195034858017344,0.6569718731298624,0.7857551487414187,0.802446321717705,0.731992457573853,0.731992457573853,0.731992457573853,0.7133186166298748,0.731992457573853,0.731992457573853,0.7300704854561699,0.730294206245607,0.6412668963689372,0.6380808462410276,0.741314958369222,0.7542725836564699,0.7347015275044513,0.8031459987782529,0.6870658286470394,0.8031459987782529,0.6850506253722454,0.7958786305370761,0.7783388472923559,0.6870658286470394,0.7481033665244192,0.7275760297703067,0.8191825318054679,0.7074980473834939,0.8189958250933861,0.7223738062755798,0.8189958250933861,0.8189958250933861,0.8189958250933861,0.7289358965196884,0.7736359721965922,0.7344772332754708,0.7796481777628146,0.7796481777628146,0.698150289017341,0.7066914498141263,0.7066914498141263,0.8636415590353184,0.8479568045158915,0.0,0.0,0.464924838940587,0.7262749297282827,0.8265656778175188,0.8055931994579278,0.6736795482227882,0.6481250864812509,0.7859362514427772,0.7038058466629895,0.7598121435759813,0.6817582417582417,0.6867669556348801,0.7027838427947598,0.6084312930685043,0.7456946645536187,0.7092651757188498,0.7438768369489153,0.6875165300185135,0.7027838427947598,0.6871391720918806
Streptococcus thermophilus,0.7120854724573331,0.7438209076175041,0.7438209076175041,0.7438209076175041,0.7438209076175041,0.7438209076175041,0.7438209076175041,0.7438209076175041,0.7438209076175041,0.7438209076175041,0.7438209076175041,0.6646193400942723,0.6646193400942723,0.6821378340365682,0.5854963344561126,0.5854963344561126,0.7243672243672243,0.6937785388127854,0.6937785388127854,0.7385155362857438,0.7944507361268403,0.7944507361268403,0.7226331360946745,0.7095929540585575,0.7437587809359127,0.7606495149725854,0.695729537366548,0.7157258064516129,0.6734812237204582,0.6734812237204582,0.6928024083196497,0.738565782044043,0.7148428538655656,0.7313944627889255,0.6927194860813705,0.7364382111669754,0.7364382111669754,0.7269710645075658,0.7128364097505988,0.7679903245313445,0.7638418079096045,0.6913872063820358,0.7655593738067965,0.6386659532726948,0.7863125832857415,0.7211396011396012,0.8233048385758155,0.8240237691001697,0.8110201566763489,0.7086914995224451,0.7821257515540609,0.8110201566763489,0.8095885444988218,0.8019959745051997,0.7720529270248597,0.8209900083899015,0.7938568424901727,0.7987537031361732,0.8095885444988218,0.7048528241845664,0.7176678000251857,0.7274477094828693,0.8019959745051997,0.7146955274481679,0.8209900083899015,0.8038585209003215,0.7892761923570653,0.8067987700717458,0.818033416554638,0.7191235059760956,0.7796369203849519,0.8106157951962044,0.6814872192099148,0.6814872192099148,0.6814872192099148,0.7258666666666667,0.6814872192099148,0.6814872192099148,0.7887688984881209,0.7888171572382099,0.6977337535644604,0.7040258100715389,0.7872184389732845,0.7419354838709677,0.7878849476572822,0.8165869218500797,0.7333251593918588,0.8165869218500797,0.7308208154506437,0.8063703437106352,0.7878551965745426,0.7333251593918588,0.7992783642923961,0.7206626783248964,0.8355083459787557,0.7474883790673265,0.8261253829837379,0.7857767183154549,0.8261253829837379,0.8261253829837379,0.8261253829837379,0.793719303467778,0.8327399872854419,0.7812762973352034,0.8039796390559926,0.8039796390559926,0.6378340365682138,0.670118565210866,0.670118565210866,0.8312377759150601,0.8133070028862222,0.464924838940587,0.464924838940587,0.0,0.7236778652949687,0.8311868589496414,0.7887513053856482,0.7672434226119933,0.7467115325787703,0.7918913521070501,0.6402502606882169,0.7154043472390981,0.7216192937123169,0.7189839964762883,0.6901222332342253,0.6813303099017385,0.6991787744788376,0.6232845026985351,0.7134411406711876,0.6404494382022472,0.6901222332342253,0.7202247191011236
Adlercreutzia celatus_A,0.5797665369649805,0.671811211789306,0.671811211789306,0.671811211789306,0.671811211789306,0.671811211789306,0.671811211789306,0.671811211789306,0.671811211789306,0.671811211789306,0.671811211789306,0.630043947263284,0.630043947263284,0.5405700046721694,0.6416078035654221,0.6416078035654221,0.6644462947543713,0.5392965696917065,0.5392965696917065,0.6836734693877551,0.7767567567567568,0.7767567567567568,0.7344607458841976,0.7288227042192728,0.6997205258254839,0.6990569905699058,0.6888316553500351,0.6784611731180242,0.6234989082969432,0.6234989082969432,0.5673904137648504,0.7072389493914157,0.7047151696180927,0.5989229388383126,0.5768942235558889,0.7011764705882353,0.7011764705882353,0.6198715427972211,0.5626426940639269,0.6594011000203708,0.6328268876611418,0.485935085007728,0.697040864255519,0.5308536167295166,0.7709642664751302,0.6120305901152836,0.8198001249219238,0.8112995258378205,0.8097552937299168,0.6832911392405063,0.7799129117758425,0.8097552937299168,0.799334527770668,0.8157915208090237,0.7860824742268041,0.7984757438077092,0.771771249782722,0.7769001059628167,0.799334527770668,0.6718769383451184,0.7005141388174807,0.6953125,0.8157915208090237,0.691039165757245,0.7984757438077092,0.7773037542662116,0.7837265020272761,0.7864875864875864,0.7967117812698701,0.6916800593398442,0.765360277607675,0.7852594118748829,0.7020604395604395,0.7020604395604395,0.7020604395604395,0.6297548605240912,0.7020604395604395,0.7020604395604395,0.73632771886047,0.7367701209889532,0.6320956039265899,0.6479341038926532,0.7442047165077772,0.6688752691734305,0.6906870229007633,0.7744722471269052,0.6525170393399498,0.7744722471269052,0.6307266982622433,0.7586086348540465,0.7395068699416525,0.6525170393399498,0.6879545154039403,0.6952608634509914,0.7374239350912779,0.6074640287769784,0.7799157796233478,0.7087811479977708,0.7799157796233478,0.7799157796233478,0.7799157796233478,0.7225864123957092,0.7620910840282232,0.7409265878471267,0.763183724457928,0.763183724457928,0.7078214329157038,0.7003978779840849,0.7003978779840849,0.804420457465947,0.7632508833922261,0.7262749297282827,0.7262749297282827,0.7236778652949687,0.0,0.8126014460675816,0.7928828468612554,0.7277011107371256,0.6749854904236796,0.7713477851083883,0.5908652299774847,0.6546975546975546,0.6319148936170214,0.6205567451820129,0.5865476569971311,0.6410184273456183,0.710810190498049,0.7069462647444299,0.6238032353912182,0.6479836948609696,0.5865476569971311,0.5681721042883602
Bifidobacterium longum,0.8246713852376137,0.7258244483015126,0.7258244483015126,0.7258244483015126,0.7258244483015126,0.7258244483015126,0.7258244483015126,0.7258244483015126,0.7258244483015126,0.7258244483015126,0.7258244483015126,0.7035775127768313,0.7035775127768313,0.8198505869797226,0.8090491394751187,0.8090491394751187,0.710075923304594,0.7895657038953773,0.7895657038953773,0.6480424684804247,0.5822418987886614,0.5822418987886614,0.5798435342843995,0.6754061780907886,0.7260547504025765,0.7248270561106841,0.7969689051476352,0.6912541018690255,0.7057371531154162,0.7057371531154162,0.7684657115036861,0.5972706155632985,0.5980590961761298,0.6985869019439064,0.7448519464903052,0.732168433113721,0.732168433113721,0.7152476107732406,0.8075729360645562,0.6407417289220918,0.7403351365615516,0.7985027191185818,0.7383473942440018,0.8109512691119982,0.6201320132013202,0.7929230002491902,0.5453361125586242,0.5824798711755234,0.6302010876438598,0.8325492015108342,0.6175479612184556,0.6302010876438598,0.5932068988303707,0.5536289802758798,0.648920672758575,0.5618223900596906,0.6106989457243264,0.5869287539029237,0.5932068988303707,0.8050406720896119,0.8061848958333333,0.8111184210526315,0.5536289802758798,0.8181758530183727,0.5618223900596906,0.5999090259276106,0.5939114264067773,0.5363852871129928,0.5957315399396101,0.8157684630738523,0.5947027577675907,0.5758730158730159,0.7144179588058319,0.7144179588058319,0.7144179588058319,0.8451797693525288,0.7144179588058319,0.7144179588058319,0.6555146803637121,0.6530025926704506,0.8284143115689824,0.814383094751193,0.6306218767351471,0.8620458106394091,0.666843712654362,0.5738640005127219,0.784681130834977,0.5738640005127219,0.8055461387212692,0.5456273764258555,0.5954749897778384,0.784681130834977,0.851427422597507,0.816191774922845,0.5748967316472209,0.805052844939916,0.7530200746136081,0.8051292510069852,0.7530200746136081,0.7530200746136081,0.7530200746136081,0.8079068401996281,0.7465727521981658,0.8006482220865235,0.5206008282445427,0.5206008282445427,0.6446588664336728,0.6940670811267173,0.6940670811267173,0.7096774193548387,0.760211212921261,0.8265656778175188,0.8265656778175188,0.8311868589496414,0.8126014460675816,0.0,0.6230326620409545,0.5884679750494447,0.7410088563727377,0.37372520677748333,0.829879165140974,0.8160680782632002,0.8562931414304596,0.8222857940273514,0.8377772960474023,0.825784456967926,0.6972179070752719,0.6802132426794406,0.8291048708876007,0.8036969916636463,0.8377772960474023,0.8032991405600222
Bifidobacterium pseudocatenulatum,0.8157385263637399,0.7011913912375096,0.7011913912375096,0.7011913912375096,0.7011913912375096,0.7011913912375096,0.7011913912375096,0.7011913912375096,0.7011913912375096,0.7011913912375096,0.7011913912375096,0.5781823121858443,0.5781823121858443,0.7659904380410906,0.7333537895059834,0.7333537895059834,0.6699039051318749,0.7662462462462463,0.7662462462462463,0.6290090460526316,0.7146983311938382,0.7146983311938382,0.6772297764461858,0.5672696777285252,0.678593652769135,0.6635863357906759,0.7818220747243336,0.5981157803396554,0.5814564045875363,0.5814564045875363,0.7477995540429527,0.6499285792770025,0.6300867244829886,0.6403036238981391,0.6451703350623861,0.6037958115183246,0.6037958115183246,0.6326139701187588,0.7853080568720379,0.7011001849868562,0.6930081300813008,0.7660811479465611,0.734894191805493,0.7413693901035674,0.717706888580675,0.7808516944965913,0.7240343705681155,0.7244376278118609,0.7103174603174602,0.8256381798002219,0.704214179474467,0.7103174603174602,0.6996350364963504,0.7192749043738567,0.6708760067614596,0.7391602008215427,0.7413368513632366,0.6953085418988753,0.6996350364963504,0.7968387310710733,0.8025855674472819,0.8068771626297577,0.7192749043738567,0.8122091135404265,0.7391602008215427,0.7390057361376673,0.705814065976589,0.7177460479347272,0.719381915299504,0.8077988257449873,0.6760138050043141,0.7079976419728826,0.5797315238235727,0.5797315238235727,0.5797315238235727,0.8363534204242169,0.5797315238235727,0.5797315238235727,0.7398589966281802,0.737986743993372,0.8273467432950191,0.8153740562800275,0.7390224518180012,0.8513702460850112,0.7047666335650447,0.7347193347193347,0.7792706333973128,0.7347193347193347,0.8026256224535989,0.673032567580035,0.6819770829287239,0.7792706333973128,0.8584020793309979,0.8165436115630084,0.7131356364006929,0.794244970715559,0.8093486503310509,0.834790023449158,0.8093486503310509,0.8093486503310509,0.8093486503310509,0.8405380085653105,0.7776592406652024,0.8436386370740856,0.7489975942261428,0.7489975942261428,0.6069125612587052,0.5492875835998836,0.5492875835998836,0.6968530988044523,0.717834577828834,0.8055931994579278,0.8055931994579278,0.7887513053856482,0.7928828468612554,0.6230326620409545,0.0,0.3853378188954303,0.7001256456791847,0.5517808219178082,0.8081844841375633,0.8028375182974891,0.8514931396287329,0.8290303390838787,0.8064643799472295,0.8133140376266281,0.6292337256785971,0.5325054784514244,0.7722029988465975,0.8192590744667582,0.8064643799472295,0.812100801300662
Bifidobacterium catenulatum,0.719765798505956,0.6174643450870592,0.6174643450870592,0.6174643450870592,0.6174643450870592,0.6174643450870592,0.6174643450870592,0.6174643450870592,0.6174643450870592,0.6174643450870592,0.6174643450870592,0.5766439656134866,0.5766439656134866,0.711984325677588,0.7256348246674729,0.7256348246674729,0.5689155048189389,0.6370643795461948,0.6370643795461948,0.5902527075812274,0.6823842775898064,0.6823842775898064,0.6610235454368554,0.5449530036779731,0.584777694046722,0.6029316861805107,0.6663412729402577,0.6000617983314451,0.5776946616797007,0.5776946616797007,0.612872135360891,0.6240438190575125,0.6135004272287098,0.5867637745408487,0.6253595673685421,0.6058779201205727,0.6058779201205727,0.617096018735363,0.6553314739326325,0.6126798082045818,0.597006163780452,0.6967892834361047,0.6355889724310777,0.6924626688788813,0.6904240655152842,0.674583031182016,0.6946383484330907,0.7003389830508475,0.6835876673933354,0.7143713771736958,0.6766379310344828,0.6835876673933354,0.6623250546072323,0.6954116258483328,0.6458423466297483,0.6924143669393981,0.6479263423775767,0.6682772555565317,0.6623250546072323,0.6776461136774452,0.688899613899614,0.7029317229960066,0.6954116258483328,0.7078947368421052,0.6924143669393981,0.6447134786117836,0.6870389000670691,0.6627146046654862,0.700339207412923,0.7086715501880816,0.6588983050847458,0.6795859000684463,0.5869023608969035,0.5869023608969035,0.5869023608969035,0.7400739239298915,0.5869023608969035,0.5869023608969035,0.6430229319468944,0.6402593741189737,0.7175321227567166,0.682888703626511,0.6515397082658023,0.7949954086317723,0.6100126972610194,0.6857443292774523,0.6770401772810483,0.6857443292774523,0.6911884411884412,0.6349414366450978,0.6407201028718388,0.6770401772810483,0.7528949753297755,0.7595097210481826,0.6661597638429197,0.680327868852459,0.7558412461325082,0.7271922054915855,0.7558412461325082,0.7558412461325082,0.7558412461325082,0.7362247857188889,0.6775448192038893,0.7441677746887465,0.6868061142397426,0.6868061142397426,0.6038198890311566,0.5656293869911091,0.5656293869911091,0.7370115929583512,0.7383819061550579,0.6736795482227882,0.6736795482227882,0.7672434226119933,0.7277011107371256,0.5884679750494447,0.3853378188954303,0.0,0.5166325486182191,0.5046314164415284,0.7637405000550721,0.7626940026825062,0.7430595888024161,0.7648976265661608,0.7426478748196649,0.682998370450842,0.6150267974517141,0.5527119042028645,0.7514163487108336,0.7467733333333333,0.7426478748196649,0.7106347897774115
Bifidobacterium ruminantium,0.6887831747621432,0.7024627720504009,0.7024627720504009,0.7024627720504009,0.7024627720504009,0.7024627720504009,0.7024627720504009,0.7024627720504009,0.7024627720504009,0.7024627720504009,0.7024627720504009,0.7258551915870906,0.7258551915870906,0.7023055143589052,0.7423007246376812,0.7423007246376812,0.6486988847583643,0.5624565791301932,0.5624565791301932,0.7295633229137066,0.8087484272074605,0.8087484272074605,0.7778718002961709,0.7593814432989691,0.7168602322787345,0.7505067078467329,0.6659678546471,0.7505213478213149,0.7255361104264235,0.7255361104264235,0.5640785781103835,0.7740975803252678,0.7517873325949048,0.6827285579641847,0.7117724867724868,0.7648614464757962,0.7648614464757962,0.7240563246953023,0.6078457805338366,0.678877400295421,0.7021822849807445,0.6528150134048257,0.7175156633070008,0.6889020947853217,0.8078830369357045,0.6601187263896384,0.8221319641351827,0.8170309797137915,0.814516129032258,0.6749564784879383,0.7853049907578558,0.814516129032258,0.8088626538077819,0.8225045648204504,0.7871514932779933,0.8060236643958408,0.7640893470790378,0.7914333706606943,0.8088626538077819,0.6540587007245486,0.6834490740740741,0.6853254437869822,0.8225045648204504,0.6854253420582986,0.8060236643958408,0.7523312516040722,0.8007666250668568,0.7900406990663156,0.8197394877174579,0.6872198667474259,0.7903036238981391,0.8097380973809738,0.7413412894019977,0.7413412894019977,0.7413412894019977,0.684036523929471,0.7413412894019977,0.7413412894019977,0.7452725250278087,0.7436212726713802,0.6754798013689438,0.6819560272934041,0.7736048410335222,0.7613924996264754,0.7481629926519706,0.7833213973104162,0.6602720613882107,0.7833213973104162,0.628876592459143,0.7668031388604571,0.7547445255474452,0.6602720613882107,0.7147006819904016,0.7200214851618101,0.7801997311311696,0.639344262295082,0.8151618876606251,0.7141519007103271,0.8151618876606251,0.8151618876606251,0.8151618876606251,0.7249413833528722,0.7752583777012214,0.7408637873754154,0.7839234944430085,0.7839234944430085,0.7499138030111481,0.7627076923076923,0.7627076923076923,0.8295371050698016,0.8151072509540729,0.6481250864812509,0.6481250864812509,0.7467115325787703,0.6749854904236796,0.7410088563727377,0.7001256456791847,0.5166325486182191,0.0,0.6877962085308057,0.7477777777777778,0.7773210003425831,0.7186849152038084,0.7307052348649686,0.7323513062812674,0.6524870888828487,0.7898451490572,0.7549212598425197,0.7202443021004021,0.7070063694267517,0.7323513062812674,0.6682176554219982
Bifidobacterium bifidum,0.78983250568134,0.6746705044690198,0.6746705044690198,0.6746705044690198,0.6746705044690198,0.6746705044690198,0.6746705044690198,0.6746705044690198,0.6746705044690198,0.6746705044690198,0.6746705044690198,0.6199484092863284,0.6199484092863284,0.7786404261081521,0.7544538328412909,0.7544538328412909,0.6554289332067109,0.7460401267159451,0.7460401267159451,0.6089331619537275,0.6229429181298629,0.6229429181298629,0.6086408640864087,0.6263897267947944,0.6756435643564356,0.6566212229929045,0.7577448839278492,0.6428761651131825,0.6321298252352603,0.6321298252352603,0.7136459430979979,0.6600214185682511,0.6404203853532404,0.6384150194060836,0.7085384324119652,0.6902164192452156,0.6902164192452156,0.6627515250842211,0.7618757612667478,0.6055873118106433,0.6819003781029098,0.7579884290164665,0.7068359515099347,0.7521811587099304,0.653056603773585,0.7622876213592233,0.6601320820298923,0.6353881607374334,0.7069780372532666,0.7915006640106241,0.6477074409011582,0.7069780372532666,0.6373421032962105,0.6449695867999721,0.6674348928324498,0.6116852414724755,0.6587959228569333,0.627889938130902,0.6373421032962105,0.7620554676438744,0.7645346486617611,0.7722440300948643,0.6449695867999721,0.7781500245138094,0.6116852414724755,0.6540477577169481,0.6384530906808912,0.583190904362042,0.6664878945755439,0.7757661323810314,0.629657730568201,0.6328517838614415,0.6309487876043868,0.6309487876043868,0.6309487876043868,0.7986873040752351,0.6309487876043868,0.6309487876043868,0.7232310582341891,0.721932321315623,0.7903565782539961,0.7646501206480524,0.6605607776974372,0.826258542689383,0.6872831032621269,0.641036533559898,0.7440364731743059,0.641036533559898,0.7667090216010165,0.6094661113214692,0.6164275579378843,0.7440364731743059,0.8199949719265901,0.7781011276827937,0.5928656159972886,0.7572537423766401,0.7457890515339884,0.7838257236645777,0.7457890515339884,0.7457890515339884,0.7457890515339884,0.7912860951948715,0.7356761709696544,0.7830959987005253,0.5869667503136763,0.5869667503136763,0.5530102790014684,0.6557834922469421,0.6557834922469421,0.7592626728110599,0.779731518245415,0.7859362514427772,0.7859362514427772,0.7918913521070501,0.7713477851083883,0.37372520677748333,0.5517808219178082,0.5046314164415284,0.6877962085308057,0.0,0.7836565618527584,0.7785487376692861,0.8133295411452408,0.7954505839288827,0.789967487227125,0.7823596792668958,0.6523071534891867,0.5968984492246123,0.7858322806335634,0.7535922870121443,0.789967487227125,0.7508352382627044
Desulfovibrio sp900556755,0.6862566636328176,0.6949269640742203,0.6949269640742203,0.6949269640742203,0.6949269640742203,0.6949269640742203,0.6949269640742203,0.6949269640742203,0.6949269640742203,0.6949269640742203,0.6949269640742203,0.6259119156984598,0.6259119156984598,0.6065943992773262,0.5166759828582075,0.5166759828582075,0.6695961498221386,0.6311745334796927,0.6311745334796927,0.6926623897353649,0.7533692722371967,0.7533692722371967,0.7122625215889464,0.6437209302325582,0.68268416596105,0.6910907577019151,0.6476329917032699,0.6636738655666101,0.6112813370473538,0.6112813370473538,0.6339697169190257,0.6852318824690276,0.6829481984448582,0.6700701193258704,0.6260448746150462,0.7101106827509016,0.7101106827509016,0.6307692307692307,0.6356536037270485,0.7174596932756587,0.6951408919458619,0.5905649388468259,0.7134973342063418,0.5720317513933457,0.7846525787965616,0.6801095890410959,0.781775359376269,0.7706291362989026,0.7555362570560139,0.6519003931847969,0.7228277172282771,0.7555362570560139,0.7481388465333214,0.7593824423092715,0.7123719464144995,0.7765837529120012,0.7543547813722005,0.7330312185297079,0.7481388465333214,0.6417853020392459,0.6753731343283582,0.6758323057953144,0.7593824423092715,0.6418669718936793,0.7765837529120012,0.748657452240514,0.7410508083140878,0.7635208559725821,0.7514500332794523,0.6584209177134068,0.7214811652971935,0.7346195491682252,0.6007496251874063,0.6007496251874063,0.6007496251874063,0.6482233502538071,0.6007496251874063,0.6007496251874063,0.7351056005043606,0.7323027718550106,0.6237322515212982,0.6451656342580123,0.7469173236304831,0.6791194129419613,0.7267279264882142,0.7562520840280094,0.6421962503043583,0.7562520840280094,0.636484157497017,0.7458381554348794,0.7226551226551227,0.6421962503043583,0.7350702953695344,0.6540326134861172,0.7650946230099129,0.6764281592613964,0.7815693645013508,0.7356312814070352,0.7815693645013508,0.7815693645013508,0.7815693645013508,0.7456179113271468,0.7823409927637426,0.7375320801831171,0.725781032724576,0.725781032724576,0.6967253783180352,0.7307641892777559,0.7307641892777559,0.8316378433367243,0.7973255328040116,0.7038058466629895,0.7038058466629895,0.6402502606882169,0.5908652299774847,0.829879165140974,0.8081844841375633,0.7637405000550721,0.7477777777777778,0.7836565618527584,0.0,0.4318871359223301,0.6464696223316913,0.590432600029529,0.5342488695360912,0.6242432977803402,0.6181953765846384,0.7020766773162939,0.6006808510638297,0.565013299953059,0.5342488695360912,0.6275214147554573
Bilophila wadsworthia,0.6935090828533452,0.693702373653324,0.693702373653324,0.693702373653324,0.693702373653324,0.693702373653324,0.693702373653324,0.693702373653324,0.693702373653324,0.693702373653324,0.693702373653324,0.5972090823084201,0.5972090823084201,0.6114423442851706,0.575350553505535,0.575350553505535,0.6721658986175115,0.6716383923488558,0.6716383923488558,0.6736586244148361,0.7236350311469403,0.7236350311469403,0.7117270362217331,0.613763753373469,0.644842791411043,0.6873677431226424,0.6549799957885871,0.63504512247529,0.6550570868411948,0.6550570868411948,0.6841875681570337,0.666374269005848,0.6661804745235317,0.651930127237438,0.6495726495726496,0.7090111301369864,0.7090111301369864,0.6210982000455685,0.6591458501208702,0.7097706181054106,0.680690399137001,0.6158247108947048,0.6901026206428632,0.6637692611615962,0.7803435876947663,0.6590842526603534,0.7543100231360549,0.7485854106132437,0.731813504314098,0.6726144297905353,0.7109883254611888,0.731813504314098,0.7189521080638559,0.7396458583433374,0.6973440395305744,0.7496695192374592,0.7452468445438569,0.7233205116736738,0.7189521080638559,0.6643828167482327,0.6932894195142034,0.6985655952256309,0.7396458583433374,0.6586423769247451,0.7496695192374592,0.7375982220811175,0.732824427480916,0.7523276057830596,0.7314275932899692,0.6928287280937533,0.71225393237261,0.7282741738066095,0.6089589905362776,0.6089589905362776,0.6089589905362776,0.6987498319666622,0.6089589905362776,0.6089589905362776,0.7608087372506545,0.7615573994711407,0.6619634102594762,0.6782139241930041,0.7302631578947368,0.7193870752831446,0.7217599150141643,0.7384370015948963,0.6620833333333334,0.7384370015948963,0.6711051930758988,0.7361633960752904,0.7163193551153417,0.6620833333333334,0.7184574230940705,0.6803258754863813,0.7505345687811832,0.7016369936671047,0.7492474077377633,0.7068313953488372,0.7492474077377633,0.7492474077377633,0.7492474077377633,0.7157555387886687,0.7236930602262306,0.7140733079061348,0.7278720949398385,0.7278720949398385,0.6965163496473605,0.7427876644191445,0.7427876644191445,0.8171142763944764,0.8248349647165946,0.7598121435759813,0.7598121435759813,0.7154043472390981,0.6546975546975546,0.8160680782632002,0.8028375182974891,0.7626940026825062,0.7773210003425831,0.7785487376692861,0.4318871359223301,0.0,0.7132124352331606,0.5954255718035246,0.5766662123483712,0.6606270115627608,0.5609482080665094,0.708253358925144,0.6670252824098978,0.6070787381379841,0.5766662123483712,0.6538906901343214
Dialister invisus,0.6844317873609981,0.7465780211184982,0.7465780211184982,0.7465780211184982,0.7465780211184982,0.7465780211184982,0.7465780211184982,0.7465780211184982,0.7465780211184982,0.7465780211184982,0.7465780211184982,0.7637007973674219,0.7637007973674219,0.6827380952380953,0.7082549991454452,0.7082549991454452,0.7312725399278722,0.6513102282333052,0.6513102282333052,0.7857623210683062,0.8256304131217904,0.8256304131217904,0.8232918576729972,0.7448729380294249,0.6972090004327132,0.7467311850097806,0.6515591465724024,0.7821645816595891,0.7541666666666667,0.7541666666666667,0.6498781478472786,0.7960731352586744,0.8065509805934901,0.7348972894129087,0.7314657611771365,0.8018028846153846,0.8018028846153846,0.7327509811368528,0.6367009132420092,0.7251184834123223,0.6987054645434758,0.6792425968109339,0.7529422753596114,0.6629026901361674,0.8374966899108482,0.686117381489842,0.8189173881381989,0.8241884989289834,0.8046519612050468,0.644864938982586,0.7788746298124383,0.8046519612050468,0.7891727711273897,0.8290196703034164,0.7902024446142093,0.8062406015037594,0.7315505031680953,0.7918650793650793,0.7891727711273897,0.6123143985832993,0.6526877621044606,0.6576623376623376,0.8290196703034164,0.6441483045256631,0.8062406015037594,0.7328195247270392,0.7921508858830253,0.7737344469064258,0.8002639268545575,0.6407347379794706,0.777660472972973,0.7766971215247077,0.7200802637236634,0.7200802637236634,0.7200802637236634,0.575666541494555,0.7200802637236634,0.7200802637236634,0.6910788615142311,0.6870857142857143,0.6068310614182877,0.5710903979878681,0.6963373546353657,0.6297849070360919,0.6961343472750317,0.7971662938105891,0.6540628521347189,0.7971662938105891,0.6459303918881886,0.7873283119184759,0.771469465648855,0.6540628521347189,0.6552266552266552,0.6899491474723303,0.7802883140783151,0.6336448598130842,0.839191965304725,0.7611457429180146,0.839191965304725,0.839191965304725,0.839191965304725,0.7740342081981716,0.793989211405086,0.7814596741065316,0.7586527726088574,0.7586527726088574,0.8034107058266224,0.7996378217565645,0.7996378217565645,0.8778898965385107,0.8696786597088711,0.6817582417582417,0.6817582417582417,0.7216192937123169,0.6319148936170214,0.8562931414304596,0.8514931396287329,0.7430595888024161,0.7186849152038084,0.8133295411452408,0.6464696223316913,0.7132124352331606,0.0,0.6024759284731774,0.5977494121598925,0.5295158436544958,0.723036586819211,0.7987405217838324,0.7168882323978336,0.6183422628427355,0.5977494121598925,0.6166908563134978
Veillonella parvula_A,0.6486984282907662,0.6691793083953641,0.6691793083953641,0.6691793083953641,0.6691793083953641,0.6691793083953641,0.6691793083953641,0.6691793083953641,0.6691793083953641,0.6691793083953641,0.6691793083953641,0.6839415190776179,0.6839415190776179,0.6559025939650609,0.6637515078407721,0.6637515078407721,0.6610619469026549,0.6133350331463538,0.6133350331463538,0.656355401368411,0.7664341890488203,0.7664341890488203,0.7790462719741362,0.6570115433946131,0.636809314676744,0.7418782673637043,0.5904974714806539,0.723757497857755,0.7148936170212765,0.7148936170212765,0.6257160268129189,0.7286263682082634,0.7316522762951334,0.6335316765838293,0.6531147540983606,0.7428348388535742,0.7428348388535742,0.6570919881305638,0.585461177696717,0.6931221889055472,0.6597163420829806,0.5625594348593941,0.6766299440130035,0.6497330062058018,0.7969412351425484,0.6144707267472975,0.7893254149535557,0.7915276592443169,0.7855035483613747,0.6754676770068672,0.757360959651036,0.7855035483613747,0.7787276015124116,0.7975662885900999,0.7633418886627135,0.7691811734364926,0.7580551161435352,0.7606177606177607,0.7787276015124116,0.6622817229336437,0.6897766039396941,0.6775732788002726,0.7975662885900999,0.6783839306094499,0.7691811734364926,0.74824016563147,0.7612720347240677,0.749661381563222,0.771278458844133,0.666040835484628,0.7460332911515624,0.7574744828832084,0.6820347714101739,0.6820347714101739,0.6820347714101739,0.6564908568837842,0.6820347714101739,0.6820347714101739,0.7214426877470356,0.7239900249376559,0.6226989802675142,0.6384300086945721,0.7434807256235827,0.6796886693608741,0.7332714617169374,0.7527788726842728,0.6570855614973262,0.7527788726842728,0.6514767932489451,0.7712927289122059,0.7548081145165539,0.6570855614973262,0.6947830326669917,0.6600532623169109,0.7606293313354561,0.6431457042822515,0.765625,0.6901864119550146,0.765625,0.765625,0.765625,0.7085553795189399,0.7412885434946102,0.7221032914102221,0.7249934708801253,0.7249934708801253,0.7597303761687324,0.7619604632120716,0.7619604632120716,0.8775033377837116,0.8336391437308869,0.6867669556348801,0.6867669556348801,0.7189839964762883,0.6205567451820129,0.8222857940273514,0.8290303390838787,0.7648976265661608,0.7307052348649686,0.7954505839288827,0.590432600029529,0.5954255718035246,0.6024759284731774,0.0,0.5555888074218165,0.5483602001111729,0.6040650406504064,0.7685281535437622,0.6549690356826895,0.5277006285630756,0.5555888074218165,0.5483654876741694
Phascolarctobacterium_A succinatutens,0.6165311653116532,0.6750497017892645,0.6750497017892645,0.6750497017892645,0.6750497017892645,0.6750497017892645,0.6750497017892645,0.6750497017892645,0.6750497017892645,0.6750497017892645,0.6750497017892645,0.58968025250446,0.58968025250446,0.5181256925755897,0.6224385245901639,0.6224385245901639,0.6363926406466022,0.594059405940594,0.594059405940594,0.6731254415178121,0.7258752515090543,0.7258752515090543,0.7130970021657358,0.629802095459837,0.6873039113156243,0.6511380557328228,0.6249692799213566,0.6230807330361565,0.6071872840359365,0.6071872840359365,0.5857509108082579,0.6518832181858703,0.6512506948304614,0.6000256476019492,0.555640243902439,0.649045899948427,0.649045899948427,0.5715643671917436,0.5564481423038301,0.6936829558998808,0.6195184366639526,0.5361256544502617,0.6624203821656052,0.5272664717013591,0.7483758806844176,0.6255656108597285,0.7887098067516638,0.797119140625,0.7762990590828176,0.6531881804043547,0.7470571067224439,0.7762990590828176,0.7536116281130905,0.8008040359451364,0.7608838740009403,0.7943492016775807,0.7636140780949046,0.7567858892699657,0.7536116281130905,0.6623311655827914,0.6903583215464404,0.6814589665653495,0.8008040359451364,0.6786326880666503,0.7943492016775807,0.756296682299809,0.7649592658488622,0.7701832590391283,0.7658959537572254,0.6646880525385198,0.7397560212699406,0.7382204049844237,0.6571347275572628,0.6571347275572628,0.6571347275572628,0.6417785234899329,0.6571347275572628,0.6571347275572628,0.7289093573372409,0.7281882752040708,0.6439361852322463,0.6380442062960483,0.7405318291700242,0.6722911497105046,0.681235251872371,0.7704770477047704,0.6533907427341228,0.7704770477047704,0.6524445597198807,0.7376378512984703,0.7186213499281953,0.6533907427341228,0.6527589018755097,0.6718257380338206,0.7577149705383002,0.6876414027149321,0.7904750855618076,0.7154065620542083,0.7904750855618076,0.7904750855618076,0.7904750855618076,0.7300481659874027,0.7624149878095727,0.7379704949675996,0.7425329096686337,0.7425329096686337,0.6971519764301497,0.6941035218783351,0.6941035218783351,0.8148431522570773,0.7677992386860285,0.7027838427947598,0.7027838427947598,0.6901222332342253,0.5865476569971311,0.8377772960474023,0.8064643799472295,0.7426478748196649,0.7323513062812674,0.789967487227125,0.5342488695360912,0.5766662123483712,0.5977494121598925,0.5555888074218165,0.0,0.546755006776088,0.6261933904528764,0.6995645863570392,0.6512795594428247,0.5500156298843388,0.0,0.46153846153846156
Acidaminococcus fermentans,0.582270325988919,0.6423764660642184,0.6423764660642184,0.6423764660642184,0.6423764660642184,0.6423764660642184,0.6423764660642184,0.6423764660642184,0.6423764660642184,0.6423764660642184,0.6423764660642184,0.6766288105200239,0.6766288105200239,0.6218783930510314,0.6411042944785277,0.6411042944785277,0.6181873541053486,0.5584570519618239,0.5584570519618239,0.6989267382174522,0.7699593044765076,0.7699593044765076,0.7749163540504918,0.6622297944840805,0.5927449119476959,0.7142175572519084,0.5011882426516573,0.6865490628445424,0.7037920343429526,0.7037920343429526,0.543599018214701,0.7179512680258577,0.7118796093282838,0.6074444048043763,0.6245144005358338,0.7288823728431262,0.7288823728431262,0.6308399903171145,0.4810409962221911,0.6577148907498316,0.5977406135784693,0.5702121908365996,0.6236145030997557,0.6252204585537919,0.7972074468085106,0.5842266462480857,0.7902145792116877,0.7921513882425935,0.7828484654731458,0.6115938430983119,0.7524409161419837,0.7828484654731458,0.7656003323639385,0.7950011292629677,0.7566966272136691,0.783959793303603,0.7006707901385139,0.761370945511348,0.7656003323639385,0.5727950310559007,0.6028169014084507,0.6062275449101797,0.7950011292629677,0.6089150546677881,0.783959793303603,0.7020783236001373,0.7702726473175022,0.7533963613251767,0.776168876482903,0.5948819384349116,0.7503638304065199,0.7568691250903832,0.6814432989690722,0.6814432989690722,0.6814432989690722,0.6317733990147782,0.6814432989690722,0.6814432989690722,0.6514124882726988,0.6477056460139564,0.5381695487136229,0.5181179015684154,0.6545583324901345,0.6821578003586372,0.6683255269320842,0.7727695888285493,0.62215616782897,0.7727695888285493,0.6273932253313697,0.764875556288116,0.7490514426894909,0.62215616782897,0.6548561377057419,0.6723409870678279,0.7700316043874326,0.6181069958847736,0.7894854586129754,0.6786352685163597,0.7894854586129754,0.7894854586129754,0.7894854586129754,0.6974429754467528,0.7345138319994959,0.7143241787829833,0.7355150677834383,0.7355150677834383,0.7454905411350639,0.7475440880577583,0.7475440880577583,0.87421875,0.805538153113645,0.6084312930685043,0.6084312930685043,0.6813303099017385,0.6410184273456183,0.825784456967926,0.8133140376266281,0.682998370450842,0.6524870888828487,0.7823596792668958,0.6242432977803402,0.6606270115627608,0.5295158436544958,0.5483602001111729,0.546755006776088,0.0,0.6711268384385713,0.7633259783997213,0.6907838070628769,0.4726224783861671,0.546755006776088,0.5216975982532751
Mitsuokella multacida,0.7126625038386734,0.5913660025130139,0.5913660025130139,0.5913660025130139,0.5913660025130139,0.5913660025130139,0.5913660025130139,0.5913660025130139,0.5913660025130139,0.5913660025130139,0.5913660025130139,0.44890197521776465,0.44890197521776465,0.6685967302452316,0.6349600942038467,0.6349600942038467,0.5918783608381235,0.696408000837784,0.696408000837784,0.5362770072648363,0.6164081508515815,0.6164081508515815,0.6225539640911841,0.4319467554076539,0.5477024922118381,0.5943017281644092,0.6769471013078274,0.5400021652051532,0.5380096345905299,0.5380096345905299,0.7177363010280466,0.5514271407110666,0.5497649294788436,0.5787502674941152,0.6059571462208617,0.6116095557237056,0.6116095557237056,0.542915300237476,0.6916842105263158,0.6511951325510648,0.6226049932262434,0.6666666666666667,0.6514295212765957,0.6868164884028363,0.6831089954038083,0.6841914430746918,0.6208856263319915,0.6500551094315856,0.6275118444698579,0.7343253968253969,0.6556437389770723,0.6275118444698579,0.614521841794569,0.6124398137185255,0.6184339169851569,0.6335349413393573,0.6854819421191103,0.6619555555555556,0.614521841794569,0.7287591240875912,0.7501622924974497,0.7491952281764818,0.6124398137185255,0.731944846205766,0.6335349413393573,0.648797473479634,0.6315650567432041,0.6365503080082136,0.6335931342499344,0.7434204137127318,0.6441838649155722,0.6618648507071765,0.5011427120365668,0.5011427120365668,0.5011427120365668,0.7315387413604948,0.5011427120365668,0.5011427120365668,0.6576001480247942,0.6594175844689192,0.7090477731047127,0.711392144766605,0.6581844432412922,0.7613825983313468,0.6534548349995577,0.626766679826293,0.7180090327436959,0.626766679826293,0.723150835752177,0.6598689002184996,0.6620795107033639,0.7180090327436959,0.7645638394204648,0.7399545109931767,0.6479452054794521,0.7410009728677981,0.6935456642845085,0.7515962094226762,0.6935456642845085,0.6935456642845085,0.6935456642845085,0.7569152326322498,0.6715538923992392,0.7440461725394897,0.6475690100909015,0.6475690100909015,0.556605871886121,0.5766978922716628,0.5766978922716628,0.7444815333261549,0.7646273637374861,0.7456946645536187,0.7456946645536187,0.6991787744788376,0.710810190498049,0.6972179070752719,0.6292337256785971,0.6150267974517141,0.7898451490572,0.6523071534891867,0.6181953765846384,0.5609482080665094,0.723036586819211,0.6040650406504064,0.6261933904528764,0.6711268384385713,0.0,0.5285335901757766,0.7197078544061303,0.6226191884538034,0.6261933904528764,0.6781033564198189
Ligilactobacillus ruminis,0.7327001356852103,0.6034701237937421,0.6034701237937421,0.6034701237937421,0.6034701237937421,0.6034701237937421,0.6034701237937421,0.6034701237937421,0.6034701237937421,0.6034701237937421,0.6034701237937421,0.4000283808712928,0.4000283808712928,0.6908884114747883,0.6433702484286141,0.6433702484286141,0.5729037587773647,0.6673081549194131,0.6673081549194131,0.48527679623085984,0.6259797517962116,0.6259797517962116,0.5034709535988309,0.5091078935077067,0.6225475246518247,0.5636287274254514,0.7186711522287637,0.4666582310514994,0.4372795258924792,0.4372795258924792,0.6571127749181095,0.5188871296086859,0.4996000457090618,0.5261009401286492,0.5641623251987935,0.4700706572457005,0.4700706572457005,0.5360366086182788,0.7017605633802817,0.6331143740340031,0.6080276966352915,0.663527078944107,0.6509896495369529,0.6437287173666288,0.6000572300648608,0.7107275936458128,0.7087876844130854,0.722451623350336,0.703569928601428,0.7790759995712295,0.6891177026261099,0.703569928601428,0.6872657543798484,0.6994785399117529,0.6427955959789373,0.7294255225844175,0.7256637168141593,0.6845140824762088,0.6872657543798484,0.7784393607019743,0.777239220438251,0.7737626837854629,0.6994785399117529,0.7787106135986733,0.7294255225844175,0.7264715663451946,0.6990371389270977,0.6939446224632323,0.7110648315827599,0.7691734921816828,0.6627491057741441,0.6961516906407622,0.5417074193097666,0.5417074193097666,0.5417074193097666,0.794831013916501,0.5417074193097666,0.5417074193097666,0.7209732360097323,0.7181889919116197,0.7556624809294683,0.7527926720285969,0.6938183225307148,0.7872597769117055,0.6310900286589585,0.7131384516543526,0.7572746628814762,0.7131384516543526,0.7683573050719152,0.6583061026229797,0.6643759286775632,0.7572746628814762,0.8049288061336254,0.7796005706134095,0.6928988326848249,0.7735353776398998,0.7573792868111244,0.7828393577138006,0.7573792868111244,0.7573792868111244,0.7573792868111244,0.7909333333333333,0.7284066691738749,0.7879073271802599,0.6972275837866293,0.6972275837866293,0.3819676700111483,0.3531297709923664,0.3531297709923664,0.6360985952822688,0.6788766788766789,0.7092651757188498,0.7092651757188498,0.6232845026985351,0.7069462647444299,0.6802132426794406,0.5325054784514244,0.5527119042028645,0.7549212598425197,0.5968984492246123,0.7020766773162939,0.708253358925144,0.7987405217838324,0.7685281535437622,0.6995645863570392,0.7633259783997213,0.5285335901757766,0.0,0.7273099495018425,0.7220149253731343,0.6995645863570392,0.7264335987077419
Sutterella wadsworthensis,0.724937425899091,0.7676456427539721,0.7676456427539721,0.7676456427539721,0.7676456427539721,0.7676456427539721,0.7676456427539721,0.7676456427539721,0.7676456427539721,0.7676456427539721,0.7676456427539721,0.724011521340665,0.724011521340665,0.6673709628735285,0.6774306774306774,0.6774306774306774,0.7462001428134244,0.6916438356164383,0.6916438356164383,0.7665460944373839,0.8135856079404467,0.8135856079404467,0.7805735010767313,0.7450870924519875,0.7584176822970461,0.7366396340195467,0.7294075575157946,0.7397048321828137,0.7117408906882592,0.7117408906882592,0.6864686468646864,0.763284507644606,0.7653256704980843,0.7134894091415831,0.6841253494188613,0.751474833688967,0.751474833688967,0.6962537527737893,0.6881365262868153,0.7487855655794586,0.7432657133355504,0.6861158432708688,0.7529004491017964,0.6273504273504273,0.804292469989087,0.7191048395987212,0.8111745513866232,0.806132707774799,0.8004658385093167,0.7241557769439773,0.7703644692292372,0.8004658385093167,0.7943692088382038,0.8076985544908235,0.7699863839719898,0.8166144200626959,0.8007588458484073,0.7755842062852538,0.7943692088382038,0.7124762507916402,0.7274476786143853,0.7276091783863805,0.8076985544908235,0.7203294646199925,0.8166144200626959,0.8008522480215671,0.7891716089535106,0.8055370801463253,0.7879423829056568,0.7254727757329611,0.7538013587835652,0.7818502548020384,0.667863017795723,0.667863017795723,0.667863017795723,0.6753064798598949,0.667863017795723,0.667863017795723,0.7692878338278932,0.7660352991820921,0.7061172108940539,0.7122811706534813,0.797408597830454,0.746236199397792,0.7814693958271531,0.7994864999171774,0.6893097128894319,0.7994864999171774,0.6909187466808284,0.7665432878938341,0.7473930416138778,0.6893097128894319,0.7408401556838009,0.701397146254459,0.7766591329361002,0.5291645654731888,0.7996928347805541,0.7429441949967928,0.7996928347805541,0.7996928347805541,0.7996928347805541,0.7548174252080677,0.7909764743796326,0.7740689655172414,0.7965305384893386,0.7965305384893386,0.7444582814445828,0.743996743996744,0.743996743996744,0.8527101335428122,0.8118396294688088,0.7438768369489153,0.7438768369489153,0.7134411406711876,0.6238032353912182,0.8291048708876007,0.7722029988465975,0.7514163487108336,0.7202443021004021,0.7858322806335634,0.6006808510638297,0.6670252824098978,0.7168882323978336,0.6549690356826895,0.6512795594428247,0.6907838070628769,0.7197078544061303,0.7273099495018425,0.0,0.677253478523896,0.6512795594428247,0.6866022099447514
Acidaminococcus intestini,0.6409666283084005,0.6653722939520434,0.6653722939520434,0.6653722939520434,0.6653722939520434,0.6653722939520434,0.6653722939520434,0.6653722939520434,0.6653722939520434,0.6653722939520434,0.6653722939520434,0.6302983736714047,0.6302983736714047,0.6390203172836071,0.585195065021674,0.585195065021674,0.6535489119381737,0.6397668393782383,0.6397668393782383,0.6775514182668876,0.7557427258805514,0.7557427258805514,0.7497063534436732,0.6626069782751811,0.6604358153464835,0.7284286130253323,0.6018306636155606,0.6618346283196104,0.6785849175374543,0.6785849175374543,0.6439412789251058,0.7024981859645485,0.7003210106658382,0.6212600340549745,0.6258333333333334,0.7326122354035822,0.7326122354035822,0.6436011904761905,0.6142252776308832,0.7113284588358181,0.6751132197541514,0.583819039689148,0.6550814731091645,0.6233328223210179,0.7905979239941666,0.6444132873166523,0.8002318392581144,0.798893717898064,0.7920800130102456,0.6897345776269543,0.7677909562638991,0.7920800130102456,0.7876098786102972,0.7893432465923172,0.7541689573025472,0.7652461425422483,0.7821608040201005,0.7690429228890767,0.7876098786102972,0.679144385026738,0.7021611886537595,0.6959944431581384,0.7893432465923172,0.686672136912437,0.7652461425422483,0.765060745705907,0.772616577974204,0.749530573924402,0.7848371596369461,0.6862674793832915,0.7580933465739821,0.7742762916819348,0.667477696674777,0.667477696674777,0.667477696674777,0.6581560283687944,0.667477696674777,0.667477696674777,0.7437,0.7431926308330803,0.6253428414701042,0.6370542036822454,0.7439984449411994,0.6802625410220347,0.7368671488389797,0.7625190289239644,0.6931512981199641,0.7625190289239644,0.6809029896278218,0.7889109895574341,0.7753526750066543,0.6931512981199641,0.7268022181146025,0.6612769485903814,0.782501657040053,0.6793737236215112,0.765166908563135,0.7267018914158818,0.765166908563135,0.765166908563135,0.765166908563135,0.736997338320984,0.7793124806441623,0.7316445407748577,0.7272565108811987,0.7272565108811987,0.7176566314076485,0.7416173570019724,0.7416173570019724,0.8478054567022538,0.797558093737692,0.6875165300185135,0.6875165300185135,0.6404494382022472,0.6479836948609696,0.8036969916636463,0.8192590744667582,0.7467733333333333,0.7070063694267517,0.7535922870121443,0.565013299953059,0.6070787381379841,0.6183422628427355,0.5277006285630756,0.5500156298843388,0.4726224783861671,0.6226191884538034,0.7220149253731343,0.677253478523896,0.0,0.5500156298843388,0.5650980930168747
Phascolarctobacterium_A succinatutens_A,0.6165311653116532,0.6750497017892645,0.6750497017892645,0.6750497017892645,0.6750497017892645,0.6750497017892645,0.6750497017892645,0.6750497017892645,0.6750497017892645,0.6750497017892645,0.6750497017892645,0.58968025250446,0.58968025250446,0.5181256925755897,0.6224385245901639,0.6224385245901639,0.6363926406466022,0.594059405940594,0.594059405940594,0.6731254415178121,0.7258752515090543,0.7258752515090543,0.7130970021657358,0.629802095459837,0.6873039113156243,0.6511380557328228,0.6249692799213566,0.6230807330361565,0.6071872840359365,0.6071872840359365,0.5857509108082579,0.6518832181858703,0.6512506948304614,0.6000256476019492,0.555640243902439,0.649045899948427,0.649045899948427,0.5715643671917436,0.5564481423038301,0.6936829558998808,0.6195184366639526,0.5361256544502617,0.6624203821656052,0.5272664717013591,0.7483758806844176,0.6255656108597285,0.7887098067516638,0.797119140625,0.7762990590828176,0.6531881804043547,0.7470571067224439,0.7762990590828176,0.7536116281130905,0.8008040359451364,0.7608838740009403,0.7943492016775807,0.7636140780949046,0.7567858892699657,0.7536116281130905,0.6623311655827914,0.6903583215464404,0.6814589665653495,0.8008040359451364,0.6786326880666503,0.7943492016775807,0.756296682299809,0.7649592658488622,0.7701832590391283,0.7658959537572254,0.6646880525385198,0.7397560212699406,0.7382204049844237,0.6571347275572628,0.6571347275572628,0.6571347275572628,0.6417785234899329,0.6571347275572628,0.6571347275572628,0.7289093573372409,0.7281882752040708,0.6439361852322463,0.6380442062960483,0.7405318291700242,0.6722911497105046,0.681235251872371,0.7704770477047704,0.6533907427341228,0.7704770477047704,0.6524445597198807,0.7376378512984703,0.7186213499281953,0.6533907427341228,0.6527589018755097,0.6718257380338206,0.7577149705383002,0.6876414027149321,0.7904750855618076,0.7154065620542083,0.7904750855618076,0.7904750855618076,0.7904750855618076,0.7300481659874027,0.7624149878095727,0.7379704949675996,0.7425329096686337,0.7425329096686337,0.6971519764301497,0.6941035218783351,0.6941035218783351,0.8148431522570773,0.7677992386860285,0.7027838427947598,0.7027838427947598,0.6901222332342253,0.5865476569971311,0.8377772960474023,0.8064643799472295,0.7426478748196649,0.7323513062812674,0.789967487227125,0.5342488695360912,0.5766662123483712,0.5977494121598925,0.5555888074218165,0.0,0.546755006776088,0.6261933904528764,0.6995645863570392,0.6512795594428247,0.5500156298843388,0.0,0.46153846153846156
Megasphaera elsdenii,0.5814967002863902,0.6410376474995317,0.6410376474995317,0.6410376474995317,0.6410376474995317,0.6410376474995317,0.6410376474995317,0.6410376474995317,0.6410376474995317,0.6410376474995317,0.6410376474995317,0.6225507873542493,0.6225507873542493,0.5624488682847013,0.6789030138551635,0.6789030138551635,0.5986190333233263,0.5579311227755729,0.5579311227755729,0.6352380952380952,0.7366896858988639,0.7366896858988639,0.7370126582278481,0.6618452319454489,0.6527369040612125,0.6687151910889187,0.590406744901447,0.6467935320646794,0.6496761813384504,0.6496761813384504,0.545941902505922,0.6701381934708592,0.6680672268907564,0.5494545018582904,0.5985007890583903,0.68367577331226,0.68367577331226,0.6035326411266261,0.5147272487121912,0.6626236238104124,0.58505909140193,0.5022531749283081,0.6252970206543593,0.5957048140674546,0.7568178015726953,0.597959827531812,0.8028810818756431,0.7969703820936016,0.796949622554306,0.668583918095019,0.7677679432126895,0.796949622554306,0.7815696930946292,0.8051162451716347,0.7765187015421318,0.7816920943134535,0.7607093691796907,0.7711323763955342,0.7815696930946292,0.6649432392941441,0.6908413205537807,0.68125,0.8051162451716347,0.693416311824435,0.7816920943134535,0.7484256418537059,0.7803615378087074,0.7549361207897793,0.7807373583629291,0.6753437006986702,0.7539675086862616,0.7578605304760232,0.6985663521627252,0.6985663521627252,0.6985663521627252,0.643316759286341,0.6985663521627252,0.6985663521627252,0.7242963813900057,0.7218504509746873,0.6248087710351862,0.6293478260869565,0.7306622148024485,0.6931592392847006,0.6642558051008756,0.758007662835249,0.6586522911051214,0.758007662835249,0.6426225662678864,0.7484942210646264,0.7361388286334056,0.6586522911051214,0.6371453138435081,0.6755386565272496,0.7444925799612867,0.6532372248680653,0.7415467214987435,0.6669477234401349,0.7415467214987435,0.7415467214987435,0.7415467214987435,0.6760135867601358,0.7287461963609265,0.6894627126622285,0.7406383513445589,0.7406383513445589,0.7052689352360044,0.7004264392324093,0.7004264392324093,0.8087332272003639,0.7567973938102994,0.6871391720918806,0.6871391720918806,0.7202247191011236,0.5681721042883602,0.8032991405600222,0.812100801300662,0.7106347897774115,0.6682176554219982,0.7508352382627044,0.6275214147554573,0.6538906901343214,0.6166908563134978,0.5483654876741694,0.46153846153846156,0.5216975982532751,0.6781033564198189,0.7264335987077419,0.6866022099447514,0.5650980930168747,0.46153846153846156,0.0
