,Flavonifractor plautii,Faecalibacterium prausnitzii_C,Faecalibacterium prausnitzii,Faecalibacterium sp900539885,Faecalibacterium prausnitzii_G,Faecalibacterium prausnitzii_J,Faecalibacterium prausnitzii_A,Faecalibacterium sp900758465,Faecalibacterium prausnitzii_H,Faecalibacterium prausnitzii_E,Faecalibacterium prausnitzii_F,Gemmiger formicilis,Gemmiger sp900540775,Anaerotruncus colihominis,Ruminococcus_E bromii_B,Ruminococcus_E bromii,Blautia_A obeum,Blautia_A wexlerae,Blautia_A wexlerae_B,Agathobacter sp900317585,Mediterraneibacter faecis,Mediterraneibacter torques,Mediterraneibacter lactaris,Enterocloster bolteae,Enterocloster citroniae,Enterocloster asparagiformis,Enterocloster clostridioformis,Coprococcus eutactus,Dorea_A longicatena_B,Dorea_A longicatena,Lachnospira eligens_A,Roseburia inulinivorans,Roseburia intestinalis,Anaerostipes hadrus,Eubacterium_G ventriosum,Bariatricus comes,Bariatricus comes_A,Anaerobutyricum hallii,Anaerobutyricum soehngenii,Dorea formicigenerans,Coprococcus_A catus,Eubacterium_I ramulus,Clostridium_Q symbiosum,Bacteroides_F pectinophilus,Ruminococcus_B gnavus,Hungatella effluvii,Bacteroides uniformis,Bacteroides caccae,Bacteroides cellulosilyticus,Bacteroides timonensis,Bacteroides stercoris,Bacteroides sp900552405,Bacteroides intestinalis_A,Bacteroides xylanisolvens,Bacteroides eggerthii,Bacteroides fragilis,Bacteroides fluxus,Bacteroides finegoldii,Bacteroides intestinalis,Bacteroides faecis,Bacteroides nordii,Bacteroides salyersiae,Bacteroides sp902362375,Bacteroides oleiciplenus,Bacteroides fragilis_A,Bacteroides clarus,Phocaeicola dorei,Phocaeicola vulgatus,Phocaeicola plebeius,Phocaeicola massiliensis,Phocaeicola coprocola,Phocaeicola coprophilus,Prevotella sp900313215,Prevotella sp900551275,Prevotella copri_A,Prevotella stercorea,Prevotella sp015074785,Prevotella copri,Paraprevotella clara,Paraprevotella xylaniphila,Alistipes onderdonkii,Alistipes finegoldii,Alistipes shahii,Alistipes putredinis,Alistipes_A indistinctus,Parabacteroides distasonis,Parabacteroides goldsteinii,Parabacteroides distasonis_A,Parabacteroides gordonii,Parabacteroides merdae,Parabacteroides johnsonii,Parabacteroides timonensis,Butyricimonas virosa,Odoribacter splanchnicus,Barnesiella intestinihominis,Parasutterella excrementihominis,Escherichia coli,Escherichia fergusonii,Escherichia ruysiae,Escherichia sp005843885,Escherichia coli_E,Escherichia albertii,Hafnia alvei,Klebsiella pneumoniae,Akkermansia muciniphila,Akkermansia muciniphila_B,Erysipelatoclostridium ramosum,Catenibacterium sp000437715,Catenibacterium mitsuokai,Holdemania filiformis,Holdemanella biformis,Streptococcus salivarius,Streptococcus sp001556435,Streptococcus thermophilus,Adlercreutzia celatus_A,Bifidobacterium longum,Bifidobacterium pseudocatenulatum,Bifidobacterium catenulatum,Bifidobacterium ruminantium,Bifidobacterium bifidum,Desulfovibrio sp900556755,Bilophila wadsworthia,Dialister invisus,Veillonella parvula_A,Phascolarctobacterium_A succinatutens,Acidaminococcus fermentans,Mitsuokella multacida,Ligilactobacillus ruminis,Sutterella wadsworthensis,Acidaminococcus intestini,Phascolarctobacterium_A succinatutens_A,Megasphaera elsdenii
Flavonifractor plautii,0.0,1.63693,1.63693,1.6467299999999998,1.61275,1.64733,1.64956,1.6163699999999999,1.63443,1.64134,1.64397,1.67886,1.6730399999999999,1.29269,1.4523,1.4523,1.79437,1.7746300000000002,1.77514,1.76664,1.74464,1.78442,1.73681,1.67357,1.6764000000000001,1.6740300000000001,1.67523,1.72221,1.7376900000000002,1.7346599999999999,1.72763,1.69151,1.6683,1.68096,1.70876,1.71994,1.7172399999999999,1.6352,1.63426,1.74984,1.53106,1.65591,1.62443,1.66192,1.71465,1.64764,3.4261299999999997,3.3926499999999997,3.4071,3.41008,3.4304300000000003,3.40836,3.40586,3.39316,3.43419,3.3578200000000002,3.4326600000000003,3.3992899999999997,3.40692,3.38387,3.37404,3.3803799999999997,3.40171,3.404,3.3559,3.4311499999999997,3.35916,3.35542,3.37444,3.3452200000000003,3.36606,3.37456,3.67007,3.69114,3.69732,3.67109,3.68671,3.68995,3.4761800000000003,3.4782900000000003,3.596,3.58499,3.57731,3.5534,3.32285,3.3247299999999997,3.31342,3.32865,3.31414,3.3228299999999997,3.32501,3.31542,3.19684,3.22243,3.3164800000000003,3.18992,3.02514,3.02742,3.0227500000000003,3.0259,3.02492,3.02715,2.95484,3.02609,2.9061399999999997,2.89778,2.77121,2.8465100000000003,2.84312,2.7689700000000004,3.05311,2.57519,2.57388,2.59294,2.46313,2.91221,2.87685,2.88157,2.88166,2.89562,2.9448600000000003,2.93279,2.17178,2.00984,1.93395,2.06402,2.22757,2.4583500000000003,3.28062,2.0879700000000003,1.93872,2.02697
Faecalibacterium prausnitzii_C,1.63693,0.0,0.0,0.07878,0.06975999999999999,0.07938,0.08161,0.07338,0.048960000000000004,0.05587,0.07602,0.55681,0.55099,1.28298,1.51627,1.51627,2.13,2.11026,2.11077,2.10227,2.0802699999999996,2.12005,2.07244,2.0092,2.0120299999999998,2.00966,2.01086,2.0578399999999997,2.07332,2.07029,2.0632599999999996,2.02714,2.00393,2.01659,2.04439,2.05557,2.05287,1.9708299999999999,1.96989,2.08547,1.86669,1.9915399999999999,1.96006,1.99755,2.05028,1.9832699999999999,3.7617599999999998,3.72828,3.74273,3.74571,3.7660600000000004,3.74399,3.74149,3.72879,3.76982,3.6934500000000003,3.7682900000000004,3.73492,3.74255,3.7195,3.70967,3.71601,3.73734,3.73963,3.69153,3.76678,3.6947900000000002,3.69105,3.71007,3.6808500000000004,3.70169,3.71019,4.0057,4.02677,4.03295,4.00672,4.02234,4.02558,3.8118100000000004,3.8139200000000004,3.93163,3.92062,3.9129400000000003,3.88903,3.65848,3.66036,3.64905,3.66428,3.64977,3.65846,3.66064,3.65105,3.53247,3.5580600000000002,3.6521100000000004,3.52555,3.36077,3.3630500000000003,3.3583800000000004,3.36153,3.36055,3.36278,3.29047,3.36172,3.24177,3.23341,3.10684,3.18214,3.17875,3.1046,3.3887400000000003,2.91082,2.90951,2.9285699999999997,2.79876,3.24784,3.2124800000000002,3.2172,3.21729,3.23125,3.2804900000000004,3.26842,2.50741,2.3454699999999997,2.26958,2.39965,2.5632,2.79398,3.61625,2.4236,2.27435,2.3626
Faecalibacterium prausnitzii,1.63693,0.0,0.0,0.07878,0.06975999999999999,0.07938,0.08161,0.07338,0.048960000000000004,0.05587,0.07602,0.55681,0.55099,1.28298,1.51627,1.51627,2.13,2.11026,2.11077,2.10227,2.0802699999999996,2.12005,2.07244,2.0092,2.0120299999999998,2.00966,2.01086,2.0578399999999997,2.07332,2.07029,2.0632599999999996,2.02714,2.00393,2.01659,2.04439,2.05557,2.05287,1.9708299999999999,1.96989,2.08547,1.86669,1.9915399999999999,1.96006,1.99755,2.05028,1.9832699999999999,3.7617599999999998,3.72828,3.74273,3.74571,3.7660600000000004,3.74399,3.74149,3.72879,3.76982,3.6934500000000003,3.7682900000000004,3.73492,3.74255,3.7195,3.70967,3.71601,3.73734,3.73963,3.69153,3.76678,3.6947900000000002,3.69105,3.71007,3.6808500000000004,3.70169,3.71019,4.0057,4.02677,4.03295,4.00672,4.02234,4.02558,3.8118100000000004,3.8139200000000004,3.93163,3.92062,3.9129400000000003,3.88903,3.65848,3.66036,3.64905,3.66428,3.64977,3.65846,3.66064,3.65105,3.53247,3.5580600000000002,3.6521100000000004,3.52555,3.36077,3.3630500000000003,3.3583800000000004,3.36153,3.36055,3.36278,3.29047,3.36172,3.24177,3.23341,3.10684,3.18214,3.17875,3.1046,3.3887400000000003,2.91082,2.90951,2.9285699999999997,2.79876,3.24784,3.2124800000000002,3.2172,3.21729,3.23125,3.2804900000000004,3.26842,2.50741,2.3454699999999997,2.26958,2.39965,2.5632,2.79398,3.61625,2.4236,2.27435,2.3626
Faecalibacterium sp900539885,1.6467299999999998,0.07878,0.07878,0.0,0.07955999999999999,0.049479999999999996,0.05171,0.08318,0.07628000000000001,0.08319000000000001,0.02772,0.5666100000000001,0.56079,1.29278,1.5260699999999998,1.5260699999999998,2.1398,2.12006,2.12057,2.11207,2.09007,2.12985,2.0822399999999996,2.019,2.02183,2.01946,2.02066,2.06764,2.08312,2.0800899999999998,2.07306,2.03694,2.01373,2.02639,2.05419,2.0653699999999997,2.06267,1.98063,1.97969,2.09527,1.87649,2.00134,1.96986,2.0073499999999997,2.06008,1.99307,3.77156,3.73808,3.75253,3.75551,3.77586,3.7537900000000004,3.75129,3.7385900000000003,3.7796200000000004,3.70325,3.77809,3.74472,3.75235,3.7293000000000003,3.7194700000000003,3.72581,3.74714,3.7494300000000003,3.7013300000000005,3.77658,3.70459,3.70085,3.7198700000000002,3.69065,3.7114900000000004,3.71999,4.0155,4.03657,4.04275,4.01652,4.03214,4.03538,3.82161,3.8237200000000002,3.9414300000000004,3.93042,3.92274,3.8988300000000002,3.66828,3.67016,3.65885,3.67408,3.6595700000000004,3.66826,3.67044,3.66085,3.5422700000000003,3.56786,3.66191,3.53535,3.37057,3.37285,3.36818,3.3713300000000004,3.37035,3.37258,3.3002700000000003,3.3715200000000003,3.25157,3.2432100000000004,3.1166400000000003,3.1919399999999998,3.18855,3.1144,3.39854,2.92062,2.9193100000000003,2.93837,2.80856,3.2576400000000003,3.22228,3.2270000000000003,3.22709,3.2410500000000004,3.29029,3.27822,2.51721,2.35527,2.2793799999999997,2.40945,2.573,2.8037799999999997,3.62605,2.4334,2.28415,2.3724
Faecalibacterium prausnitzii_G,1.61275,0.06975999999999999,0.06975999999999999,0.07955999999999999,0.0,0.08016,0.08238999999999999,0.01258,0.06726,0.07417,0.07680000000000001,0.5326299999999999,0.52681,1.2588,1.4920900000000001,1.4920900000000001,2.10582,2.08608,2.08659,2.07809,2.05609,2.09587,2.04826,1.98502,1.98785,1.98548,1.98668,2.0336600000000002,2.04914,2.04611,2.0390800000000002,2.00296,1.9797500000000001,1.99241,2.02021,2.03139,2.02869,1.94665,1.94571,2.06129,1.84251,1.96736,1.93588,1.97337,2.0261,1.95909,3.73758,3.7041,3.71855,3.72153,3.74188,3.71981,3.7173100000000003,3.7046099999999997,3.74564,3.66927,3.74411,3.71074,3.71837,3.6953199999999997,3.6854899999999997,3.69183,3.7131600000000002,3.7154499999999997,3.66735,3.7426,3.67061,3.6668700000000003,3.68589,3.65667,3.67751,3.68601,3.9815199999999997,4.00259,4.00877,3.98254,3.9981600000000004,4.0014,3.78763,3.78974,3.90745,3.89644,3.8887600000000004,3.8648499999999997,3.6343,3.63618,3.62487,3.6401000000000003,3.62559,3.63428,3.63646,3.6268700000000003,3.5082899999999997,3.53388,3.62793,3.5013699999999996,3.33659,3.33887,3.3342,3.33735,3.33637,3.3386,3.2662899999999997,3.3375399999999997,3.21759,3.20923,3.08266,3.15796,3.15457,3.08042,3.36456,2.88664,2.88533,2.9043900000000002,2.7745800000000003,3.2236599999999997,3.1883,3.1930199999999997,3.19311,3.20707,3.25631,3.24424,2.48323,2.3212900000000003,2.2454,2.37547,2.53902,2.7698,3.59207,2.39942,2.2501700000000002,2.33842
Faecalibacterium prausnitzii_J,1.64733,0.07938,0.07938,0.049479999999999996,0.08016,0.0,0.00851,0.08378,0.07688,0.08379,0.04672,0.56721,0.5613900000000001,1.29338,1.52667,1.52667,2.1404,2.12066,2.12117,2.11267,2.0906700000000003,2.13045,2.08284,2.0196,2.02243,2.02006,2.02126,2.0682400000000003,2.08372,2.08069,2.0736600000000003,2.03754,2.01433,2.02699,2.05479,2.06597,2.06327,1.98123,1.98029,2.09587,1.8770900000000001,2.0019400000000003,1.97046,2.00795,2.06068,1.99367,3.77216,3.73868,3.75313,3.75611,3.77646,3.75439,3.7518900000000004,3.73919,3.78022,3.70385,3.77869,3.74532,3.7529500000000002,3.7298999999999998,3.7200699999999998,3.72641,3.7477400000000003,3.7500299999999998,3.70193,3.77718,3.70519,3.7014500000000004,3.72047,3.69125,3.71209,3.72059,4.0161,4.03717,4.04335,4.01712,4.03274,4.03598,3.82221,3.82432,3.94203,3.93102,3.9233400000000005,3.8994299999999997,3.66888,3.67076,3.65945,3.6746800000000004,3.66017,3.66886,3.67104,3.6614500000000003,3.5428699999999997,3.56846,3.66251,3.5359499999999997,3.37117,3.37345,3.36878,3.37193,3.37095,3.37318,3.3008699999999997,3.37212,3.25217,3.24381,3.11724,3.19254,3.1891499999999997,3.115,3.39914,2.92122,2.91991,2.93897,2.8091600000000003,3.25824,3.22288,3.2276,3.22769,3.24165,3.29089,3.27882,2.51781,2.35587,2.27998,2.41005,2.5736,2.80438,3.62665,2.434,2.28475,2.3729999999999998
Faecalibacterium prausnitzii_A,1.64956,0.08161,0.08161,0.05171,0.08238999999999999,0.00851,0.0,0.08601,0.07911000000000001,0.08602000000000001,0.04895,0.56944,0.56362,1.29561,1.5289,1.5289,2.14263,2.12289,2.1234,2.1149,2.0929,2.13268,2.08507,2.02183,2.02466,2.02229,2.02349,2.0704700000000003,2.08595,2.08292,2.0758900000000002,2.03977,2.01656,2.02922,2.05702,2.0682,2.0655,1.98346,1.98252,2.0981,1.87932,2.0041700000000002,1.97269,2.01018,2.06291,1.9959,3.77439,3.74091,3.75536,3.75834,3.77869,3.75662,3.7541200000000003,3.7414199999999997,3.78245,3.70608,3.78092,3.74755,3.75518,3.7321299999999997,3.7222999999999997,3.72864,3.7499700000000002,3.7522599999999997,3.70416,3.77941,3.70742,3.7036800000000003,3.7227,3.69348,3.71432,3.72282,4.01833,4.0394,4.04558,4.01935,4.03497,4.03821,3.82444,3.82655,3.94426,3.93325,3.9255700000000004,3.9016599999999997,3.67111,3.67299,3.66168,3.6769100000000003,3.6624,3.67109,3.67327,3.6636800000000003,3.5450999999999997,3.57069,3.66474,3.5381799999999997,3.3734,3.37568,3.37101,3.37416,3.37318,3.37541,3.3030999999999997,3.3743499999999997,3.2544,3.24604,3.1194699999999997,3.19477,3.1913799999999997,3.11723,3.40137,2.92345,2.9221399999999997,2.9412,2.8113900000000003,3.2604699999999998,3.22511,3.2298299999999998,3.22992,3.24388,3.29312,3.28105,2.52004,2.3581000000000003,2.28221,2.41228,2.57583,2.80661,3.62888,2.43623,2.2869800000000002,2.37523
Faecalibacterium sp900758465,1.6163699999999999,0.07338,0.07338,0.08318,0.01258,0.08378,0.08601,0.0,0.07088,0.07779,0.08042,0.53625,0.53043,1.26242,1.4957099999999999,1.4957099999999999,2.10944,2.0897,2.09021,2.08171,2.05971,2.09949,2.0518799999999997,1.98864,1.99147,1.9891,1.9903,2.03728,2.05276,2.04973,2.0427,2.00658,1.9833699999999999,1.99603,2.0238300000000002,2.0350099999999998,2.03231,1.95027,1.94933,2.0649100000000002,1.84613,1.97098,1.9395,1.97699,2.02972,1.96271,3.7412,3.70772,3.72217,3.72515,3.7455,3.72343,3.72093,3.70823,3.74926,3.6728899999999998,3.74773,3.71436,3.72199,3.69894,3.68911,3.69545,3.71678,3.71907,3.67097,3.74622,3.6742299999999997,3.67049,3.6895100000000003,3.66029,3.68113,3.68963,3.98514,4.006209999999999,4.01239,3.98616,4.00178,4.00502,3.79125,3.79336,3.91107,3.90006,3.89238,3.86847,3.6379200000000003,3.6398,3.62849,3.64372,3.62921,3.6379,3.64008,3.63049,3.51191,3.5374999999999996,3.63155,3.50499,3.34021,3.3424899999999997,3.33782,3.34097,3.3399900000000002,3.34222,3.26991,3.34116,3.22121,3.21285,3.0862800000000004,3.16158,3.1581900000000003,3.08404,3.36818,2.89026,2.8889500000000004,2.90801,2.7782,3.22728,3.1919199999999996,3.19664,3.1967299999999996,3.21069,3.2599299999999998,3.24786,2.48685,2.32491,2.24902,2.37909,2.54264,2.7734199999999998,3.5956900000000003,2.40304,2.25379,2.34204
Faecalibacterium prausnitzii_H,1.63443,0.048960000000000004,0.048960000000000004,0.07628000000000001,0.06726,0.07688,0.07911000000000001,0.07088,0.0,0.03413,0.07352,0.55431,0.5484899999999999,1.2804799999999998,1.51377,1.51377,2.1275,2.10776,2.10827,2.09977,2.07777,2.11755,2.06994,2.0067,2.00953,2.00716,2.0083599999999997,2.05534,2.07082,2.06779,2.06076,2.0246399999999998,2.00143,2.01409,2.04189,2.05307,2.05037,1.96833,1.96739,2.08297,1.86419,1.98904,1.95756,1.99505,2.04778,1.98077,3.75926,3.72578,3.74023,3.74321,3.76356,3.7414899999999998,3.7389900000000003,3.7262899999999997,3.76732,3.69095,3.76579,3.73242,3.74005,3.7169999999999996,3.7071699999999996,3.71351,3.73484,3.7371299999999996,3.68903,3.76428,3.69229,3.68855,3.70757,3.67835,3.6991899999999998,3.70769,4.0032,4.02427,4.03045,4.00422,4.01984,4.02308,3.80931,3.81142,3.92913,3.91812,3.9104400000000004,3.8865299999999996,3.65598,3.65786,3.64655,3.6617800000000003,3.64727,3.65596,3.65814,3.64855,3.5299699999999996,3.55556,3.64961,3.5230499999999996,3.35827,3.36055,3.35588,3.3590299999999997,3.35805,3.36028,3.2879699999999996,3.3592199999999997,3.23927,3.2309099999999997,3.10434,3.17964,3.17625,3.1021,3.38624,2.90832,2.90701,2.92607,2.79626,3.2453399999999997,3.20998,3.2146999999999997,3.21479,3.22875,3.27799,3.26592,2.5049099999999997,2.34297,2.26708,2.39715,2.5606999999999998,2.79148,3.61375,2.4211,2.27185,2.3601
Faecalibacterium prausnitzii_E,1.64134,0.05587,0.05587,0.08319000000000001,0.07417,0.08379,0.08602000000000001,0.07779,0.03413,0.0,0.08043,0.56122,0.5554,1.2873899999999998,1.52068,1.52068,2.13441,2.11467,2.11518,2.10668,2.0846799999999996,2.12446,2.07685,2.01361,2.01644,2.01407,2.01527,2.0622499999999997,2.07773,2.0747,2.0676699999999997,2.03155,2.00834,2.021,2.0488,2.05998,2.05728,1.9752399999999999,1.9743,2.08988,1.8711,1.99595,1.96447,2.00196,2.05469,1.98768,3.76617,3.73269,3.74714,3.75012,3.7704700000000004,3.7484,3.7459000000000002,3.7332,3.77423,3.6978600000000004,3.7727000000000004,3.73933,3.74696,3.72391,3.71408,3.72042,3.74175,3.74404,3.6959400000000002,3.77119,3.6992000000000003,3.69546,3.71448,3.6852600000000004,3.7061,3.7146,4.01011,4.03118,4.03736,4.01113,4.02675,4.02999,3.8162200000000004,3.8183300000000004,3.93604,3.92503,3.9173500000000003,3.89344,3.66289,3.66477,3.65346,3.6686900000000002,3.65418,3.66287,3.66505,3.65546,3.53688,3.5624700000000002,3.6565200000000004,3.52996,3.36518,3.3674600000000003,3.3627900000000004,3.36594,3.36496,3.36719,3.29488,3.36613,3.24618,3.23782,3.11125,3.18655,3.18316,3.10901,3.3931500000000003,2.91523,2.91392,2.9329799999999997,2.80317,3.25225,3.2168900000000002,3.22161,3.2217000000000002,3.23566,3.2849000000000004,3.27283,2.51182,2.3498799999999997,2.27399,2.40406,2.56761,2.79839,3.62066,2.42801,2.27876,2.36701
Faecalibacterium prausnitzii_F,1.64397,0.07602,0.07602,0.02772,0.07680000000000001,0.04672,0.04895,0.08042,0.07352,0.08043,0.0,0.56385,0.55803,1.29002,1.52331,1.52331,2.13704,2.1173,2.11781,2.10931,2.08731,2.12709,2.07948,2.01624,2.01907,2.0167,2.0179,2.06488,2.08036,2.07733,2.0703,2.03418,2.01097,2.02363,2.05143,2.0626100000000003,2.05991,1.97787,1.97693,2.09251,1.8737300000000001,1.99858,1.9671,2.0045900000000003,2.05732,1.99031,3.7687999999999997,3.7353199999999998,3.74977,3.75275,3.7731000000000003,3.75103,3.74853,3.73583,3.77686,3.7004900000000003,3.7753300000000003,3.7419599999999997,3.74959,3.72654,3.71671,3.7230499999999997,3.74438,3.74667,3.69857,3.7738199999999997,3.70183,3.69809,3.71711,3.6878900000000003,3.70873,3.71723,4.01274,4.03381,4.0399899999999995,4.0137599999999996,4.02938,4.03262,3.8188500000000003,3.8209600000000004,3.93867,3.92766,3.9199800000000002,3.89607,3.66552,3.6673999999999998,3.65609,3.67132,3.65681,3.6654999999999998,3.66768,3.65809,3.53951,3.5651,3.6591500000000003,3.53259,3.36781,3.3700900000000003,3.3654200000000003,3.36857,3.36759,3.36982,3.29751,3.36876,3.2488099999999998,3.24045,3.11388,3.18918,3.18579,3.11164,3.3957800000000002,2.91786,2.91655,2.9356099999999996,2.8058,3.25488,3.21952,3.22424,3.22433,3.23829,3.2875300000000003,3.27546,2.51445,2.35251,2.2766200000000003,2.40669,2.57024,2.80102,3.62329,2.4306400000000004,2.28139,2.36964
Gemmiger formicilis,1.67886,0.55681,0.55681,0.5666100000000001,0.5326299999999999,0.56721,0.56944,0.53625,0.55431,0.56122,0.56385,0.0,0.03434,1.32491,1.5581999999999998,1.5581999999999998,2.1719299999999997,2.15219,2.1527,2.1441999999999997,2.1222,2.16198,2.11437,2.0511299999999997,2.05396,2.05159,2.05279,2.09977,2.11525,2.1122199999999998,2.10519,2.06907,2.04586,2.0585199999999997,2.0863199999999997,2.0975,2.0947999999999998,2.01276,2.01182,2.1273999999999997,1.90862,2.03347,2.00199,2.03948,2.0922099999999997,2.0252,3.8036899999999996,3.7702099999999996,3.7846599999999997,3.7876399999999997,3.80799,3.78592,3.78342,3.77072,3.81175,3.73538,3.81022,3.7768499999999996,3.78448,3.76143,3.7516,3.7579399999999996,3.77927,3.78156,3.73346,3.8087099999999996,3.73672,3.73298,3.752,3.72278,3.74362,3.7521199999999997,4.04763,4.0687,4.07488,4.04865,4.0642700000000005,4.06751,3.85374,3.85585,3.97356,3.96255,3.95487,3.93096,3.7004099999999998,3.7022899999999996,3.6909799999999997,3.70621,3.6917,3.7003899999999996,3.7025699999999997,3.69298,3.5744,3.59999,3.69404,3.5674799999999998,3.4027,3.40498,3.40031,3.40346,3.4024799999999997,3.4047099999999997,3.3324,3.40365,3.2836999999999996,3.27534,3.14877,3.22407,3.2206799999999998,3.1465300000000003,3.43067,2.95275,2.95144,2.9705,2.84069,3.28977,3.25441,3.25913,3.25922,3.27318,3.32242,3.3103499999999997,2.54934,2.3874,2.31151,2.44158,2.60513,2.83591,3.6581799999999998,2.46553,2.31628,2.40453
Gemmiger sp900540775,1.6730399999999999,0.55099,0.55099,0.56079,0.52681,0.5613900000000001,0.56362,0.53043,0.5484899999999999,0.5554,0.55803,0.03434,0.0,1.31909,1.5523799999999999,1.5523799999999999,2.1661099999999998,2.14637,2.14688,2.1383799999999997,2.11638,2.15616,2.10855,2.0453099999999997,2.04814,2.04577,2.04697,2.09395,2.10943,2.1064,2.09937,2.06325,2.04004,2.0526999999999997,2.0805,2.09168,2.08898,2.00694,2.0060000000000002,2.12158,1.9028,2.02765,1.99617,2.0336600000000002,2.0863899999999997,2.01938,3.7978699999999996,3.7643899999999997,3.7788399999999998,3.7818199999999997,3.8021700000000003,3.7801,3.7776,3.7649,3.80593,3.72956,3.8044000000000002,3.7710299999999997,3.77866,3.75561,3.74578,3.7521199999999997,3.77345,3.77574,3.72764,3.8028899999999997,3.7309,3.72716,3.74618,3.7169600000000003,3.7378,3.7462999999999997,4.04181,4.06288,4.06906,4.04283,4.058450000000001,4.0616900000000005,3.8479200000000002,3.8500300000000003,3.96774,3.95673,3.94905,3.92514,3.69459,3.6964699999999997,3.6851599999999998,3.70039,3.68588,3.6945699999999997,3.6967499999999998,3.68716,3.56858,3.59417,3.6882200000000003,3.56166,3.39688,3.39916,3.3944900000000002,3.39764,3.39666,3.3988899999999997,3.32658,3.39783,3.2778799999999997,3.26952,3.14295,3.2182500000000003,3.21486,3.1407100000000003,3.42485,2.94693,2.94562,2.96468,2.83487,3.28395,3.24859,3.25331,3.2534,3.26736,3.3166,3.3045299999999997,2.54352,2.38158,2.3056900000000002,2.43576,2.59931,2.83009,3.65236,2.4597100000000003,2.31046,2.39871
Anaerotruncus colihominis,1.29269,1.28298,1.28298,1.29278,1.2588,1.29338,1.29561,1.26242,1.2804799999999998,1.2873899999999998,1.29002,1.32491,1.31909,0.0,1.17203,1.17203,1.78576,1.7660200000000001,1.76653,1.75803,1.73603,1.7758099999999999,1.7282,1.66496,1.66779,1.6654200000000001,1.66662,1.7136,1.7290800000000002,1.7260499999999999,1.71902,1.6829,1.6596899999999999,1.67235,1.70015,1.71133,1.7086299999999999,1.62659,1.62565,1.74123,1.52245,1.6473,1.61582,1.65331,1.70604,1.63903,3.4175199999999997,3.3840399999999997,3.39849,3.4014699999999998,3.4218200000000003,3.39975,3.39725,3.38455,3.42558,3.3492100000000002,3.4240500000000003,3.3906799999999997,3.39831,3.37526,3.36543,3.3717699999999997,3.3931,3.39539,3.34729,3.4225399999999997,3.35055,3.34681,3.36583,3.3366100000000003,3.35745,3.3659499999999998,3.66146,3.68253,3.68871,3.66248,3.6781,3.68134,3.4675700000000003,3.4696800000000003,3.58739,3.57638,3.5687,3.54479,3.31424,3.3161199999999997,3.30481,3.32004,3.30553,3.3142199999999997,3.3164,3.30681,3.18823,3.21382,3.3078700000000003,3.18131,3.01653,3.01881,3.0141400000000003,3.01729,3.01631,3.01854,2.94623,3.01748,2.8975299999999997,2.88917,2.7626,2.8379,2.83451,2.76036,3.0445,2.56658,2.56527,2.5843299999999996,2.45452,2.9036,2.86824,2.87296,2.87305,2.88701,2.9362500000000002,2.92418,2.16317,2.00123,1.92534,2.05541,2.21896,2.44974,3.27201,2.0793600000000003,1.93011,2.01836
Ruminococcus_E bromii_B,1.4523,1.51627,1.51627,1.5260699999999998,1.4920900000000001,1.52667,1.5289,1.4957099999999999,1.51377,1.52068,1.52331,1.5581999999999998,1.5523799999999999,1.17203,0.0,0.0,1.94537,1.92563,1.9261400000000002,1.91764,1.89564,1.9354200000000001,1.88781,1.82457,1.8274,1.82503,1.82623,1.87321,1.88869,1.8856600000000001,1.87863,1.84251,1.8193000000000001,1.83196,1.85976,1.87094,1.8682400000000001,1.7862,1.78526,1.90084,1.68206,1.80691,1.77543,1.81292,1.86565,1.79864,3.57713,3.54365,3.5581,3.56108,3.58143,3.55936,3.5568600000000004,3.5441599999999998,3.58519,3.50882,3.58366,3.55029,3.55792,3.5348699999999997,3.5250399999999997,3.53138,3.5527100000000003,3.5549999999999997,3.5069,3.58215,3.51016,3.5064200000000003,3.52544,3.49622,3.51706,3.52556,3.8210699999999997,3.8421399999999997,3.84832,3.82209,3.8377100000000004,3.8409500000000003,3.62718,3.62929,3.747,3.73599,3.7283100000000005,3.7043999999999997,3.47385,3.47573,3.46442,3.4796500000000004,3.46514,3.47383,3.47601,3.4664200000000003,3.3478399999999997,3.37343,3.46748,3.3409199999999997,3.17614,3.17842,3.17375,3.1769,3.17592,3.17815,3.1058399999999997,3.1770899999999997,3.05714,3.04878,2.9222099999999998,2.99751,2.9941199999999997,2.91997,3.20411,2.72619,2.7248799999999997,2.74394,2.6141300000000003,3.0632099999999998,3.02785,3.0325699999999998,3.03266,3.04662,3.09586,3.08379,2.32278,2.16084,2.08495,2.21502,2.37857,2.60935,3.43162,2.23897,2.08972,2.1779699999999997
Ruminococcus_E bromii,1.4523,1.51627,1.51627,1.5260699999999998,1.4920900000000001,1.52667,1.5289,1.4957099999999999,1.51377,1.52068,1.52331,1.5581999999999998,1.5523799999999999,1.17203,0.0,0.0,1.94537,1.92563,1.9261400000000002,1.91764,1.89564,1.9354200000000001,1.88781,1.82457,1.8274,1.82503,1.82623,1.87321,1.88869,1.8856600000000001,1.87863,1.84251,1.8193000000000001,1.83196,1.85976,1.87094,1.8682400000000001,1.7862,1.78526,1.90084,1.68206,1.80691,1.77543,1.81292,1.86565,1.79864,3.57713,3.54365,3.5581,3.56108,3.58143,3.55936,3.5568600000000004,3.5441599999999998,3.58519,3.50882,3.58366,3.55029,3.55792,3.5348699999999997,3.5250399999999997,3.53138,3.5527100000000003,3.5549999999999997,3.5069,3.58215,3.51016,3.5064200000000003,3.52544,3.49622,3.51706,3.52556,3.8210699999999997,3.8421399999999997,3.84832,3.82209,3.8377100000000004,3.8409500000000003,3.62718,3.62929,3.747,3.73599,3.7283100000000005,3.7043999999999997,3.47385,3.47573,3.46442,3.4796500000000004,3.46514,3.47383,3.47601,3.4664200000000003,3.3478399999999997,3.37343,3.46748,3.3409199999999997,3.17614,3.17842,3.17375,3.1769,3.17592,3.17815,3.1058399999999997,3.1770899999999997,3.05714,3.04878,2.9222099999999998,2.99751,2.9941199999999997,2.91997,3.20411,2.72619,2.7248799999999997,2.74394,2.6141300000000003,3.0632099999999998,3.02785,3.0325699999999998,3.03266,3.04662,3.09586,3.08379,2.32278,2.16084,2.08495,2.21502,2.37857,2.60935,3.43162,2.23897,2.08972,2.1779699999999997
Blautia_A obeum,1.79437,2.13,2.13,2.1398,2.10582,2.1404,2.14263,2.10944,2.1275,2.13441,2.13704,2.1719299999999997,2.1661099999999998,1.78576,1.94537,1.94537,0.0,0.23906,0.23957,0.7991900000000001,0.6387499999999999,0.67853,0.6309199999999999,0.77296,0.77579,0.77342,0.77462,0.9557,0.6317999999999999,0.62877,0.86042,0.7240599999999999,0.70085,0.91445,0.84155,0.61405,0.6113500000000001,0.86869,0.86775,0.64395,0.79745,0.6884600000000001,0.72382,0.79471,0.60876,0.74703,3.38074,3.34726,3.36171,3.36469,3.38504,3.36297,3.3604700000000003,3.3477699999999997,3.3888,3.31243,3.38727,3.3539,3.36153,3.3384799999999997,3.3286499999999997,3.33499,3.35632,3.3586099999999997,3.31051,3.38576,3.31377,3.3100300000000002,3.32905,3.29983,3.32067,3.32917,3.6246799999999997,3.6457499999999996,3.65193,3.6257,3.6413200000000003,3.6445600000000002,3.43079,3.4329,3.55061,3.5396,3.5319200000000004,3.5080099999999996,3.27746,3.27934,3.26803,3.2832600000000003,3.26875,3.27744,3.27962,3.27003,3.1514499999999996,3.17704,3.27109,3.1445299999999996,2.97975,2.98203,2.97736,2.9805099999999998,2.97953,2.98176,2.9094499999999996,2.9806999999999997,2.86075,2.8523899999999998,2.72582,2.80112,2.79773,2.72358,3.00772,2.5298,2.52849,2.54755,2.4177400000000002,2.8668199999999997,2.83146,2.8361799999999997,2.83627,2.85023,2.89947,2.8874,2.12639,1.96445,1.88856,2.01863,2.18218,2.41296,3.23523,2.04258,1.8933300000000002,1.9815800000000001
Blautia_A wexlerae,1.7746300000000002,2.11026,2.11026,2.12006,2.08608,2.12066,2.12289,2.0897,2.10776,2.11467,2.1173,2.15219,2.14637,1.7660200000000001,1.92563,1.92563,0.23906,0.0,0.00813,0.77945,0.6190100000000001,0.65879,0.6111800000000001,0.75322,0.75605,0.75368,0.75488,0.93596,0.61206,0.60903,0.8406800000000001,0.7043200000000001,0.68111,0.89471,0.82181,0.59431,0.59161,0.8489500000000001,0.84801,0.62421,0.77771,0.66872,0.70408,0.7749699999999999,0.58902,0.72729,3.3609999999999998,3.32752,3.34197,3.34495,3.3653000000000004,3.34323,3.34073,3.32803,3.36906,3.2926900000000003,3.3675300000000004,3.33416,3.34179,3.31874,3.30891,3.31525,3.33658,3.33887,3.29077,3.36602,3.2940300000000002,3.29029,3.30931,3.2800900000000004,3.30093,3.30943,3.60494,3.62601,3.63219,3.60596,3.6215800000000002,3.62482,3.4110500000000004,3.4131600000000004,3.53087,3.51986,3.5121800000000003,3.48827,3.25772,3.2596,3.24829,3.26352,3.24901,3.2577,3.25988,3.25029,3.13171,3.1573,3.2513500000000004,3.12479,2.96001,2.9622900000000003,2.9576200000000004,2.96077,2.95979,2.96202,2.88971,2.96096,2.84101,2.83265,2.70608,2.78138,2.77799,2.70384,2.9879800000000003,2.51006,2.50875,2.5278099999999997,2.398,2.84708,2.81172,2.81644,2.81653,2.83049,2.8797300000000003,2.86766,2.10665,1.94471,1.86882,1.9988899999999998,2.16244,2.39322,3.21549,2.02284,1.87359,1.96184
Blautia_A wexlerae_B,1.77514,2.11077,2.11077,2.12057,2.08659,2.12117,2.1234,2.09021,2.10827,2.11518,2.11781,2.1527,2.14688,1.76653,1.9261400000000002,1.9261400000000002,0.23957,0.00813,0.0,0.77996,0.6195200000000001,0.6593,0.6116900000000001,0.75373,0.7565599999999999,0.7541899999999999,0.75539,0.9364699999999999,0.6125700000000001,0.60954,0.8411900000000001,0.7048300000000001,0.68162,0.8952199999999999,0.82232,0.59482,0.59212,0.84946,0.8485199999999999,0.62472,0.77822,0.66923,0.70459,0.77548,0.58953,0.7278,3.36151,3.32803,3.34248,3.34546,3.36581,3.3437400000000004,3.34124,3.3285400000000003,3.3695700000000004,3.2932,3.36804,3.33467,3.3423,3.3192500000000003,3.3094200000000003,3.31576,3.33709,3.3393800000000002,3.2912800000000004,3.36653,3.29454,3.2908,3.30982,3.2806,3.3014400000000004,3.30994,3.6054500000000003,3.62652,3.6327,3.60647,3.62209,3.62533,3.41156,3.41367,3.5313800000000004,3.5203699999999998,3.51269,3.48878,3.25823,3.26011,3.2488,3.26403,3.2495200000000004,3.25821,3.26039,3.2508,3.1322200000000002,3.15781,3.25186,3.1253,2.96052,2.9628,2.95813,2.9612800000000004,2.9603,2.96253,2.8902200000000002,2.9614700000000003,2.84152,2.8331600000000003,2.7065900000000003,2.7818899999999998,2.7785,2.70435,2.98849,2.51057,2.5092600000000003,2.52832,2.39851,2.8475900000000003,2.81223,2.8169500000000003,2.81704,2.8310000000000004,2.88024,2.86817,2.10716,1.94522,1.86933,1.9994,2.16295,2.3937299999999997,3.216,2.0233499999999998,1.8740999999999999,1.9623499999999998
Agathobacter sp900317585,1.76664,2.10227,2.10227,2.11207,2.07809,2.11267,2.1149,2.08171,2.09977,2.10668,2.10931,2.1441999999999997,2.1383799999999997,1.75803,1.91764,1.91764,0.7991900000000001,0.77945,0.77996,0.0,0.74946,0.7892399999999999,0.74163,0.7452300000000001,0.74806,0.74569,0.74689,0.92797,0.74251,0.73948,0.83269,0.33423,0.31102,0.88672,0.81382,0.7247600000000001,0.72206,0.84096,0.84002,0.75466,0.7697200000000001,0.53159,0.6960900000000001,0.76698,0.71947,0.7193,3.35301,3.31953,3.33398,3.33696,3.35731,3.3352399999999998,3.3327400000000003,3.3200399999999997,3.36107,3.2847,3.35954,3.32617,3.3338,3.3107499999999996,3.3009199999999996,3.30726,3.32859,3.3308799999999996,3.28278,3.35803,3.28604,3.2823,3.30132,3.2721,3.2929399999999998,3.30144,3.5969499999999996,3.6180199999999996,3.6242,3.59797,3.6135900000000003,3.61683,3.40306,3.40517,3.52288,3.51187,3.5041900000000004,3.4802799999999996,3.24973,3.25161,3.2403,3.2555300000000003,3.24102,3.24971,3.25189,3.2423,3.1237199999999996,3.14931,3.24336,3.1167999999999996,2.95202,2.9543,2.94963,2.9527799999999997,2.9518,2.95403,2.8817199999999996,2.9529699999999997,2.83302,2.8246599999999997,2.69809,2.77339,2.77,2.69585,2.97999,2.50207,2.50076,2.51982,2.39001,2.8390899999999997,2.80373,2.8084499999999997,2.80854,2.8225,2.87174,2.85967,2.0986599999999997,1.93672,1.86083,1.9909,2.1544499999999998,2.38523,3.2075,2.01485,1.8656000000000001,1.95385
Mediterraneibacter faecis,1.74464,2.0802699999999996,2.0802699999999996,2.09007,2.05609,2.0906700000000003,2.0929,2.05971,2.07777,2.0846799999999996,2.08731,2.1222,2.11638,1.73603,1.89564,1.89564,0.6387499999999999,0.6190100000000001,0.6195200000000001,0.74946,0.0,0.20456,0.07607,0.72323,0.7260599999999999,0.7236899999999999,0.72489,0.9059699999999999,0.39139,0.38836000000000004,0.81069,0.67433,0.6511199999999999,0.8647199999999999,0.79182,0.37364,0.37094000000000005,0.81896,0.81802,0.40354,0.74772,0.63873,0.6740900000000001,0.74498,0.21043,0.6973,3.33101,3.29753,3.31198,3.31496,3.3353099999999998,3.31324,3.31074,3.29804,3.33907,3.2626999999999997,3.3375399999999997,3.30417,3.3118,3.28875,3.27892,3.28526,3.30659,3.30888,3.26078,3.33603,3.2640399999999996,3.2603,3.2793200000000002,3.2500999999999998,3.27094,3.27944,3.57495,3.5960199999999998,3.6022,3.57597,3.59159,3.59483,3.3810599999999997,3.38317,3.50088,3.48987,3.48219,3.45828,3.22773,3.22961,3.2183,3.23353,3.21902,3.22771,3.22989,3.2203,3.10172,3.1273099999999996,3.22136,3.0947999999999998,2.93002,2.9322999999999997,2.9276299999999997,2.93078,2.9298,2.93203,2.85972,2.93097,2.81102,2.80266,2.6760900000000003,2.75139,2.748,2.67385,2.95799,2.48007,2.4787600000000003,2.49782,2.36801,2.81709,2.7817299999999996,2.78645,2.7865399999999996,2.8005,2.8497399999999997,2.83767,2.07666,1.91472,1.83883,1.9689,2.13245,2.3632299999999997,3.1855,1.99285,1.8436,1.9318499999999998
Mediterraneibacter torques,1.78442,2.12005,2.12005,2.12985,2.09587,2.13045,2.13268,2.09949,2.11755,2.12446,2.12709,2.16198,2.15616,1.7758099999999999,1.9354200000000001,1.9354200000000001,0.67853,0.65879,0.6593,0.7892399999999999,0.20456,0.0,0.19673,0.76301,0.76584,0.76347,0.76467,0.94575,0.43117,0.42813999999999997,0.8504700000000001,0.71411,0.6909,0.9045,0.8316,0.41342,0.41072,0.8587400000000001,0.8578,0.44332,0.7875,0.67851,0.71387,0.7847599999999999,0.25021,0.73708,3.37079,3.33731,3.35176,3.35474,3.37509,3.35302,3.3505200000000004,3.33782,3.37885,3.30248,3.37732,3.34395,3.3515800000000002,3.3285299999999998,3.3186999999999998,3.32504,3.3463700000000003,3.3486599999999997,3.30056,3.37581,3.30382,3.3000800000000003,3.3191,3.28988,3.31072,3.31922,3.6147299999999998,3.6357999999999997,3.64198,3.6157500000000002,3.6313700000000004,3.6346100000000003,3.42084,3.42295,3.54066,3.52965,3.5219700000000005,3.4980599999999997,3.26751,3.26939,3.25808,3.2733100000000004,3.2588,3.26749,3.26967,3.2600800000000003,3.1414999999999997,3.16709,3.26114,3.1345799999999997,2.9698,2.97208,2.96741,2.97056,2.96958,2.97181,2.8994999999999997,2.97075,2.8508,2.84244,2.71587,2.79117,2.7877799999999997,2.71363,2.99777,2.51985,2.51854,2.5376,2.4077900000000003,2.85687,2.82151,2.82623,2.82632,2.84028,2.88952,2.87745,2.11644,1.9545,1.87861,2.00868,2.17223,2.40301,3.22528,2.03263,1.8833799999999998,1.9716299999999998
Mediterraneibacter lactaris,1.73681,2.07244,2.07244,2.0822399999999996,2.04826,2.08284,2.08507,2.0518799999999997,2.06994,2.07685,2.07948,2.11437,2.10855,1.7282,1.88781,1.88781,0.6309199999999999,0.6111800000000001,0.6116900000000001,0.74163,0.07607,0.19673,0.0,0.7154,0.7182299999999999,0.7158599999999999,0.71706,0.8981399999999999,0.38356,0.38053000000000003,0.80286,0.6665,0.6432899999999999,0.8568899999999999,0.78399,0.36581,0.36311000000000004,0.81113,0.81019,0.39571,0.73989,0.6309,0.6662600000000001,0.73715,0.2026,0.68947,3.32318,3.2897,3.30415,3.30713,3.32748,3.30541,3.30291,3.29021,3.33124,3.25487,3.32971,3.29634,3.3039699999999996,3.28092,3.27109,3.27743,3.2987599999999997,3.30105,3.2529500000000002,3.3282,3.25621,3.2524699999999998,3.27149,3.24227,3.26311,3.27161,3.56712,3.58819,3.5943699999999996,3.5681399999999996,3.58376,3.5869999999999997,3.37323,3.37534,3.49305,3.4820399999999996,3.47436,3.45045,3.2199,3.22178,3.21047,3.2257,3.21119,3.21988,3.22206,3.2124699999999997,3.09389,3.11948,3.21353,3.08697,2.9221899999999996,2.92447,2.9198,2.92295,2.92197,2.9242,2.85189,2.92314,2.80319,2.79483,2.66826,2.74356,2.74017,2.66602,2.9501600000000003,2.47224,2.47093,2.4899899999999997,2.3601799999999997,2.80926,2.7739,2.77862,2.77871,2.79267,2.84191,2.82984,2.06883,1.90689,1.831,1.9610699999999999,2.12462,2.3554,3.17767,1.98502,1.8357700000000001,1.92402
Enterocloster bolteae,1.67357,2.0092,2.0092,2.019,1.98502,2.0196,2.02183,1.98864,2.0067,2.01361,2.01624,2.0511299999999997,2.0453099999999997,1.66496,1.82457,1.82457,0.77296,0.75322,0.75373,0.7452300000000001,0.72323,0.76301,0.7154,0.0,0.09161,0.18982,0.01388,0.8349,0.71628,0.7132499999999999,0.7396199999999999,0.6700999999999999,0.64689,0.79365,0.72075,0.69853,0.69583,0.7478899999999999,0.74695,0.7284299999999999,0.67665,0.6345,0.34299999999999997,0.67391,0.69324,0.32785,3.25994,3.22646,3.24091,3.24389,3.26424,3.2421699999999998,3.2396700000000003,3.2269699999999997,3.268,3.19163,3.26647,3.2331,3.24073,3.2176799999999997,3.2078499999999996,3.21419,3.23552,3.2378099999999996,3.18971,3.26496,3.19297,3.1892300000000002,3.20825,3.17903,3.1998699999999998,3.20837,3.5038799999999997,3.5249499999999996,3.53113,3.5049,3.5205200000000003,3.5237600000000002,3.30999,3.3121,3.42981,3.4188,3.4111200000000004,3.3872099999999996,3.15666,3.15854,3.14723,3.1624600000000003,3.14795,3.15664,3.15882,3.14923,3.0306499999999996,3.05624,3.15029,3.0237299999999996,2.85895,2.86123,2.85656,2.8597099999999998,2.85873,2.86096,2.7886499999999996,2.8598999999999997,2.73995,2.7315899999999997,2.60502,2.68032,2.67693,2.60278,2.88692,2.409,2.40769,2.42675,2.29694,2.7460199999999997,2.71066,2.7153799999999997,2.71547,2.72943,2.77867,2.7666,2.0055899999999998,1.84365,1.76776,1.89783,2.0613799999999998,2.29216,3.11443,1.92178,1.7725300000000002,1.86078
Enterocloster citroniae,1.6764000000000001,2.0120299999999998,2.0120299999999998,2.02183,1.98785,2.02243,2.02466,1.99147,2.00953,2.01644,2.01907,2.05396,2.04814,1.66779,1.8274,1.8274,0.77579,0.75605,0.7565599999999999,0.74806,0.7260599999999999,0.76584,0.7182299999999999,0.09161,0.0,0.19265,0.09326999999999999,0.83773,0.7191099999999999,0.71608,0.74245,0.67293,0.64972,0.79648,0.72358,0.70136,0.6986600000000001,0.75072,0.74978,0.73126,0.6794800000000001,0.63733,0.34582999999999997,0.6767399999999999,0.69607,0.33068,3.2627699999999997,3.2292899999999998,3.24374,3.24672,3.2670700000000004,3.245,3.2425,3.2298,3.27083,3.1944600000000003,3.2693000000000003,3.2359299999999998,3.24356,3.22051,3.21068,3.2170199999999998,3.23835,3.24064,3.19254,3.2677899999999998,3.1958,3.19206,3.21108,3.1818600000000004,3.2027,3.2112,3.50671,3.52778,3.53396,3.50773,3.52335,3.52659,3.3128200000000003,3.3149300000000004,3.43264,3.42163,3.4139500000000003,3.39004,3.15949,3.16137,3.15006,3.16529,3.15078,3.15947,3.16165,3.15206,3.03348,3.05907,3.1531200000000004,3.02656,2.86178,2.8640600000000003,2.8593900000000003,2.86254,2.86156,2.86379,2.79148,2.86273,2.7427799999999998,2.73442,2.60785,2.68315,2.67976,2.60561,2.8897500000000003,2.41183,2.41052,2.4295799999999996,2.29977,2.74885,2.71349,2.71821,2.7183,2.73226,2.7815000000000003,2.76943,2.00842,1.84648,1.7705899999999999,1.9006599999999998,2.06421,2.29499,3.11726,1.92461,1.77536,1.86361
Enterocloster asparagiformis,1.6740300000000001,2.00966,2.00966,2.01946,1.98548,2.02006,2.02229,1.9891,2.00716,2.01407,2.0167,2.05159,2.04577,1.6654200000000001,1.82503,1.82503,0.77342,0.75368,0.7541899999999999,0.74569,0.7236899999999999,0.76347,0.7158599999999999,0.18982,0.19265,0.0,0.19147999999999998,0.83536,0.7167399999999999,0.7137100000000001,0.7400800000000001,0.67056,0.64735,0.79411,0.72121,0.69899,0.6962900000000001,0.7483500000000001,0.74741,0.72889,0.6771100000000001,0.63496,0.34346,0.6743699999999999,0.6937,0.32831,3.2603999999999997,3.22692,3.24137,3.24435,3.2647000000000004,3.24263,3.24013,3.22743,3.26846,3.1920900000000003,3.2669300000000003,3.2335599999999998,3.24119,3.21814,3.20831,3.21465,3.23598,3.23827,3.19017,3.2654199999999998,3.19343,3.18969,3.20871,3.1794900000000004,3.20033,3.20883,3.50434,3.52541,3.53159,3.50536,3.52098,3.52422,3.3104500000000003,3.3125600000000004,3.43027,3.41926,3.4115800000000003,3.38767,3.15712,3.159,3.14769,3.16292,3.14841,3.1571,3.15928,3.14969,3.03111,3.0567,3.1507500000000004,3.02419,2.85941,2.8616900000000003,2.8570200000000003,2.86017,2.85919,2.86142,2.78911,2.86036,2.74041,2.73205,2.60548,2.68078,2.67739,2.60324,2.8873800000000003,2.40946,2.40815,2.4272099999999996,2.2974,2.74648,2.71112,2.71584,2.71593,2.72989,2.7791300000000003,2.76706,2.00605,1.84411,1.76822,1.8982899999999998,2.06184,2.29262,3.11489,1.92224,1.77299,1.86124
Enterocloster clostridioformis,1.67523,2.01086,2.01086,2.02066,1.98668,2.02126,2.02349,1.9903,2.0083599999999997,2.01527,2.0179,2.05279,2.04697,1.66662,1.82623,1.82623,0.77462,0.75488,0.75539,0.74689,0.72489,0.76467,0.71706,0.01388,0.09326999999999999,0.19147999999999998,0.0,0.83656,0.71794,0.7149099999999999,0.7412799999999999,0.6717599999999999,0.64855,0.79531,0.72241,0.70019,0.6974899999999999,0.7495499999999999,0.74861,0.7300899999999999,0.67831,0.63616,0.34465999999999997,0.67557,0.6949,0.32950999999999997,3.2615999999999996,3.2281199999999997,3.2425699999999997,3.2455499999999997,3.2659000000000002,3.24383,3.24133,3.22863,3.26966,3.19329,3.26813,3.2347599999999996,3.24239,3.21934,3.20951,3.2158499999999997,3.23718,3.23947,3.19137,3.2666199999999996,3.19463,3.19089,3.20991,3.1806900000000002,3.20153,3.2100299999999997,3.50554,3.52661,3.53279,3.50656,3.52218,3.52542,3.31165,3.3137600000000003,3.43147,3.42046,3.41278,3.38887,3.15832,3.1601999999999997,3.1488899999999997,3.16412,3.14961,3.1582999999999997,3.1604799999999997,3.15089,3.03231,3.0579,3.1519500000000003,3.02539,2.86061,2.86289,2.85822,2.86137,2.8603899999999998,2.8626199999999997,2.79031,2.86156,2.7416099999999997,2.73325,2.60668,2.6819800000000003,2.67859,2.6044400000000003,2.88858,2.41066,2.40935,2.42841,2.2986,2.74768,2.71232,2.71704,2.71713,2.73109,2.78033,2.7682599999999997,2.00725,1.84531,1.76942,1.8994900000000001,2.06304,2.29382,3.11609,1.92344,1.77419,1.8624399999999999
Coprococcus eutactus,1.72221,2.0578399999999997,2.0578399999999997,2.06764,2.0336600000000002,2.0682400000000003,2.0704700000000003,2.03728,2.05534,2.0622499999999997,2.06488,2.09977,2.09395,1.7136,1.87321,1.87321,0.9557,0.93596,0.9364699999999999,0.92797,0.9059699999999999,0.94575,0.8981399999999999,0.8349,0.83773,0.83536,0.83656,0.0,0.8990199999999999,0.8959900000000001,0.88896,0.85284,0.82963,0.74013,0.87009,0.88127,0.8785700000000001,0.6943699999999999,0.69343,0.91117,0.72529,0.81724,0.78576,0.82325,0.87598,0.80897,3.30858,3.2751,3.28955,3.29253,3.31288,3.29081,3.28831,3.27561,3.31664,3.2402699999999998,3.31511,3.28174,3.28937,3.26632,3.25649,3.26283,3.28416,3.28645,3.23835,3.3136,3.2416099999999997,3.23787,3.2568900000000003,3.22767,3.24851,3.25701,3.55252,3.57359,3.57977,3.55354,3.56916,3.5724,3.35863,3.36074,3.47845,3.46744,3.45976,3.43585,3.2053000000000003,3.20718,3.19587,3.2111,3.19659,3.20528,3.20746,3.19787,3.07929,3.1048799999999996,3.19893,3.07237,2.90759,2.9098699999999997,2.9052,2.90835,2.9073700000000002,2.9096,2.83729,2.90854,2.78859,2.78023,2.6536600000000004,2.72896,2.7255700000000003,2.65142,2.93556,2.45764,2.4563300000000003,2.47539,2.34558,2.79466,2.7592999999999996,2.76402,2.7641099999999996,2.77807,2.8273099999999998,2.81524,2.05423,1.89229,1.8164,1.9464700000000001,2.11002,2.3407999999999998,3.1630700000000003,1.97042,1.82117,1.90942
Dorea_A longicatena_B,1.7376900000000002,2.07332,2.07332,2.08312,2.04914,2.08372,2.08595,2.05276,2.07082,2.07773,2.08036,2.11525,2.10943,1.7290800000000002,1.88869,1.88869,0.6317999999999999,0.61206,0.6125700000000001,0.74251,0.39139,0.43117,0.38356,0.71628,0.7191099999999999,0.7167399999999999,0.71794,0.8990199999999999,0.0,0.019870000000000002,0.80374,0.66738,0.6441699999999999,0.8577699999999999,0.78487,0.33745,0.33475,0.81201,0.81107,0.24093000000000003,0.74077,0.63178,0.6671400000000001,0.73803,0.3614,0.69035,3.32406,3.29058,3.30503,3.30801,3.32836,3.3062899999999997,3.3037900000000002,3.2910899999999996,3.3321199999999997,3.25575,3.33059,3.29722,3.30485,3.2817999999999996,3.2719699999999996,3.27831,3.29964,3.3019299999999996,3.25383,3.32908,3.25709,3.25335,3.27237,3.24315,3.2639899999999997,3.27249,3.5679999999999996,3.5890699999999995,3.59525,3.56902,3.5846400000000003,3.58788,3.37411,3.37622,3.4939299999999998,3.48292,3.4752400000000003,3.4513299999999996,3.22078,3.22266,3.21135,3.2265800000000002,3.2120699999999998,3.22076,3.22294,3.21335,3.0947699999999996,3.12036,3.21441,3.0878499999999995,2.92307,2.92535,2.92068,2.9238299999999997,2.92285,2.92508,2.8527699999999996,2.9240199999999996,2.80407,2.7957099999999997,2.66914,2.74444,2.74105,2.6669,2.95104,2.4731199999999998,2.47181,2.49087,2.36106,2.8101399999999996,2.77478,2.7794999999999996,2.77959,2.7935499999999998,2.84279,2.83072,2.0697099999999997,1.90777,1.83188,1.9619499999999999,2.1254999999999997,2.35628,3.17855,1.9859,1.8366500000000001,1.9249
Dorea_A longicatena,1.7346599999999999,2.07029,2.07029,2.0800899999999998,2.04611,2.08069,2.08292,2.04973,2.06779,2.0747,2.07733,2.1122199999999998,2.1064,1.7260499999999999,1.8856600000000001,1.8856600000000001,0.62877,0.60903,0.60954,0.73948,0.38836000000000004,0.42813999999999997,0.38053000000000003,0.7132499999999999,0.71608,0.7137100000000001,0.7149099999999999,0.8959900000000001,0.019870000000000002,0.0,0.80071,0.66435,0.64114,0.85474,0.7818400000000001,0.33442,0.33172,0.80898,0.8080400000000001,0.2379,0.7377400000000001,0.62875,0.66411,0.735,0.35836999999999997,0.6873199999999999,3.32103,3.28755,3.302,3.30498,3.32533,3.30326,3.3007600000000004,3.2880599999999998,3.32909,3.25272,3.32756,3.29419,3.30182,3.2787699999999997,3.2689399999999997,3.27528,3.2966100000000003,3.2988999999999997,3.2508,3.32605,3.25406,3.2503200000000003,3.26934,3.24012,3.26096,3.26946,3.5649699999999998,3.5860399999999997,3.59222,3.56599,3.5816100000000004,3.5848500000000003,3.37108,3.37319,3.4909,3.47989,3.4722100000000005,3.4482999999999997,3.21775,3.21963,3.20832,3.2235500000000004,3.20904,3.21773,3.21991,3.2103200000000003,3.0917399999999997,3.11733,3.21138,3.0848199999999997,2.92004,2.92232,2.91765,2.9208,2.91982,2.92205,2.8497399999999997,2.9209899999999998,2.80104,2.79268,2.6661099999999998,2.74141,2.7380199999999997,2.66387,2.94801,2.47009,2.4687799999999998,2.48784,2.3580300000000003,2.8071099999999998,2.77175,2.7764699999999998,2.77656,2.79052,2.83976,2.82769,2.06668,1.9047399999999999,1.8288499999999999,1.95892,2.12247,2.35325,3.17552,1.98287,1.8336199999999998,1.9218699999999997
Lachnospira eligens_A,1.72763,2.0632599999999996,2.0632599999999996,2.07306,2.0390800000000002,2.0736600000000003,2.0758900000000002,2.0427,2.06076,2.0676699999999997,2.0703,2.10519,2.09937,1.71902,1.87863,1.87863,0.86042,0.8406800000000001,0.8411900000000001,0.83269,0.81069,0.8504700000000001,0.80286,0.7396199999999999,0.74245,0.7400800000000001,0.7412799999999999,0.88896,0.80374,0.80071,0.0,0.75756,0.7343500000000001,0.84771,0.7348699999999999,0.78599,0.78329,0.80195,0.80101,0.81589,0.73071,0.72196,0.69048,0.33895,0.7807,0.7136899999999999,3.314,3.28052,3.29497,3.29795,3.3183,3.29623,3.29373,3.28103,3.32206,3.2456899999999997,3.3205299999999998,3.28716,3.29479,3.27174,3.26191,3.26825,3.28958,3.29187,3.24377,3.31902,3.2470299999999996,3.24329,3.2623100000000003,3.23309,3.25393,3.26243,3.55794,3.57901,3.58519,3.55896,3.57458,3.57782,3.3640499999999998,3.36616,3.48387,3.47286,3.46518,3.44127,3.2107200000000002,3.2126,3.20129,3.21652,3.20201,3.2107,3.21288,3.20329,3.08471,3.1102999999999996,3.20435,3.07779,2.91301,2.9152899999999997,2.9106199999999998,2.91377,2.91279,2.91502,2.84271,2.91396,2.79401,2.78565,2.6590800000000003,2.73438,2.7309900000000003,2.65684,2.94098,2.46306,2.4617500000000003,2.48081,2.351,2.80008,2.7647199999999996,2.76944,2.7695299999999996,2.78349,2.8327299999999997,2.82066,2.05965,1.89771,1.82182,1.9518900000000001,2.11544,2.3462199999999998,3.1684900000000003,1.97584,1.82659,1.9148399999999999
Roseburia inulinivorans,1.69151,2.02714,2.02714,2.03694,2.00296,2.03754,2.03977,2.00658,2.0246399999999998,2.03155,2.03418,2.06907,2.06325,1.6829,1.84251,1.84251,0.7240599999999999,0.7043200000000001,0.7048300000000001,0.33423,0.67433,0.71411,0.6665,0.6700999999999999,0.67293,0.67056,0.6717599999999999,0.85284,0.66738,0.66435,0.75756,0.0,0.15883,0.81159,0.7386900000000001,0.6496299999999999,0.64693,0.76583,0.7648900000000001,0.67953,0.69459,0.45646,0.62096,0.69185,0.6443399999999999,0.6441699999999999,3.2778799999999997,3.2443999999999997,3.25885,3.26183,3.2821800000000003,3.26011,3.25761,3.24491,3.28594,3.2095700000000003,3.2844100000000003,3.2510399999999997,3.25867,3.23562,3.22579,3.2321299999999997,3.25346,3.25575,3.20765,3.2828999999999997,3.21091,3.20717,3.22619,3.1969700000000003,3.21781,3.22631,3.52182,3.54289,3.54907,3.52284,3.53846,3.5417,3.3279300000000003,3.3300400000000003,3.44775,3.43674,3.42906,3.40515,3.1746,3.1764799999999997,3.16517,3.1804,3.16589,3.1745799999999997,3.17676,3.16717,3.04859,3.07418,3.1682300000000003,3.04167,2.87689,2.8791700000000002,2.8745000000000003,2.87765,2.87667,2.8789,2.80659,2.87784,2.7578899999999997,2.74953,2.62296,2.69826,2.69487,2.62072,2.90486,2.42694,2.42563,2.4446899999999996,2.31488,2.76396,2.7286,2.73332,2.73341,2.74737,2.7966100000000003,2.78454,2.02353,1.86159,1.7857,1.9157700000000002,2.07932,2.3101,3.13237,1.93972,1.79047,1.87872
Roseburia intestinalis,1.6683,2.00393,2.00393,2.01373,1.9797500000000001,2.01433,2.01656,1.9833699999999999,2.00143,2.00834,2.01097,2.04586,2.04004,1.6596899999999999,1.8193000000000001,1.8193000000000001,0.70085,0.68111,0.68162,0.31102,0.6511199999999999,0.6909,0.6432899999999999,0.64689,0.64972,0.64735,0.64855,0.82963,0.6441699999999999,0.64114,0.7343500000000001,0.15883,0.0,0.78838,0.71548,0.62642,0.62372,0.7426200000000001,0.74168,0.65632,0.6713800000000001,0.43325,0.59775,0.6686399999999999,0.62113,0.62096,3.25467,3.22119,3.23564,3.23862,3.25897,3.2369000000000003,3.2344,3.2217000000000002,3.2627300000000004,3.18636,3.2612,3.22783,3.23546,3.21241,3.20258,3.20892,3.23025,3.23254,3.1844400000000004,3.25969,3.1877,3.18396,3.20298,3.17376,3.1946000000000003,3.2031,3.49861,3.51968,3.5258599999999998,3.49963,3.51525,3.51849,3.30472,3.30683,3.4245400000000004,3.4135299999999997,3.40585,3.38194,3.15139,3.15327,3.14196,3.15719,3.1426800000000004,3.15137,3.15355,3.14396,3.02538,3.05097,3.14502,3.01846,2.8536799999999998,2.85596,2.85129,2.8544400000000003,2.85346,2.85569,2.78338,2.8546300000000002,2.73468,2.7263200000000003,2.5997500000000002,2.6750499999999997,2.67166,2.5975099999999998,2.88165,2.40373,2.40242,2.42148,2.29167,2.7407500000000002,2.70539,2.7101100000000002,2.7102,2.7241600000000004,2.7734,2.76133,2.00032,1.83838,1.76249,1.89256,2.05611,2.2868899999999996,3.10916,1.91651,1.7672599999999998,1.8555099999999998
Anaerostipes hadrus,1.68096,2.01659,2.01659,2.02639,1.99241,2.02699,2.02922,1.99603,2.01409,2.021,2.02363,2.0585199999999997,2.0526999999999997,1.67235,1.83196,1.83196,0.91445,0.89471,0.8952199999999999,0.88672,0.8647199999999999,0.9045,0.8568899999999999,0.79365,0.79648,0.79411,0.79531,0.74013,0.8577699999999999,0.85474,0.84771,0.81159,0.78838,0.0,0.82884,0.84002,0.8373200000000001,0.5582400000000001,0.5572999999999999,0.86992,0.68404,0.77599,0.74451,0.782,0.83473,0.76772,3.26733,3.23385,3.2483,3.25128,3.27163,3.24956,3.2470600000000003,3.2343599999999997,3.27539,3.19902,3.27386,3.24049,3.24812,3.2250699999999997,3.2152399999999997,3.22158,3.24291,3.2451999999999996,3.1971,3.27235,3.20036,3.1966200000000002,3.21564,3.18642,3.2072599999999998,3.21576,3.5112699999999997,3.5323399999999996,3.53852,3.51229,3.5279100000000003,3.5311500000000002,3.31738,3.31949,3.4372,3.42619,3.4185100000000004,3.3945999999999996,3.16405,3.16593,3.15462,3.1698500000000003,3.15534,3.16403,3.16621,3.15662,3.0380399999999996,3.06363,3.15768,3.0311199999999996,2.86634,2.86862,2.86395,2.8670999999999998,2.86612,2.86835,2.7960399999999996,2.8672899999999997,2.74734,2.7389799999999997,2.61241,2.68771,2.68432,2.61017,2.89431,2.41639,2.41508,2.43414,2.30433,2.7534099999999997,2.71805,2.7227699999999997,2.72286,2.73682,2.78606,2.77399,2.0129799999999998,1.85104,1.77515,1.90522,2.0687699999999998,2.29955,3.12182,1.92917,1.7799200000000002,1.86817
Eubacterium_G ventriosum,1.70876,2.04439,2.04439,2.05419,2.02021,2.05479,2.05702,2.0238300000000002,2.04189,2.0488,2.05143,2.0863199999999997,2.0805,1.70015,1.85976,1.85976,0.84155,0.82181,0.82232,0.81382,0.79182,0.8316,0.78399,0.72075,0.72358,0.72121,0.72241,0.87009,0.78487,0.7818400000000001,0.7348699999999999,0.7386900000000001,0.71548,0.82884,0.0,0.76712,0.7644200000000001,0.78308,0.7821400000000001,0.7970200000000001,0.71184,0.70309,0.67161,0.66916,0.76183,0.69482,3.29513,3.26165,3.2761,3.27908,3.29943,3.27736,3.2748600000000003,3.2621599999999997,3.30319,3.22682,3.30166,3.26829,3.27592,3.2528699999999997,3.2430399999999997,3.24938,3.2707100000000002,3.2729999999999997,3.2249,3.30015,3.22816,3.2244200000000003,3.24344,3.21422,3.23506,3.24356,3.5390699999999997,3.5601399999999996,3.56632,3.54009,3.5557100000000004,3.5589500000000003,3.34518,3.34729,3.465,3.45399,3.4463100000000004,3.4223999999999997,3.19185,3.19373,3.18242,3.1976500000000003,3.18314,3.19183,3.19401,3.1844200000000003,3.0658399999999997,3.09143,3.18548,3.0589199999999996,2.89414,2.89642,2.89175,2.8949,2.89392,2.89615,2.8238399999999997,2.8950899999999997,2.77514,2.76678,2.64021,2.71551,2.71212,2.63797,2.92211,2.44419,2.44288,2.4619400000000002,2.3321300000000003,2.7812099999999997,2.74585,2.7505699999999997,2.75066,2.76462,2.81386,2.80179,2.04078,1.87884,1.80295,1.93302,2.09657,2.32735,3.14962,1.95697,1.8077200000000002,1.8959700000000002
Bariatricus comes,1.71994,2.05557,2.05557,2.0653699999999997,2.03139,2.06597,2.0682,2.0350099999999998,2.05307,2.05998,2.0626100000000003,2.0975,2.09168,1.71133,1.87094,1.87094,0.61405,0.59431,0.59482,0.7247600000000001,0.37364,0.41342,0.36581,0.69853,0.70136,0.69899,0.70019,0.88127,0.33745,0.33442,0.78599,0.6496299999999999,0.62642,0.84002,0.76712,0.0,0.00984,0.79426,0.79332,0.3496,0.72302,0.6140300000000001,0.64939,0.72028,0.34365,0.6726,3.30631,3.27283,3.28728,3.29026,3.31061,3.2885400000000002,3.28604,3.27334,3.3143700000000003,3.238,3.31284,3.27947,3.2870999999999997,3.26405,3.25422,3.26056,3.2818899999999998,3.28418,3.2360800000000003,3.31133,3.23934,3.2356,3.25462,3.2254,3.2462400000000002,3.25474,3.55025,3.57132,3.5774999999999997,3.5512699999999997,3.56689,3.57013,3.35636,3.35847,3.4761800000000003,3.4651699999999996,3.45749,3.43358,3.20303,3.20491,3.1936,3.20883,3.1943200000000003,3.20301,3.20519,3.1955999999999998,3.07702,3.10261,3.19666,3.0701,2.9053199999999997,2.9076,2.90293,2.90608,2.9051,2.90733,2.83502,2.90627,2.78632,2.77796,2.65139,2.72669,2.7233,2.64915,2.9332900000000004,2.4553700000000003,2.45406,2.4731199999999998,2.34331,2.79239,2.75703,2.76175,2.76184,2.7758000000000003,2.82504,2.81297,2.0519600000000002,1.89002,1.81413,1.9442,2.1077500000000002,2.33853,3.1608,1.96815,1.8189000000000002,1.9071500000000001
Bariatricus comes_A,1.7172399999999999,2.05287,2.05287,2.06267,2.02869,2.06327,2.0655,2.03231,2.05037,2.05728,2.05991,2.0947999999999998,2.08898,1.7086299999999999,1.8682400000000001,1.8682400000000001,0.6113500000000001,0.59161,0.59212,0.72206,0.37094000000000005,0.41072,0.36311000000000004,0.69583,0.6986600000000001,0.6962900000000001,0.6974899999999999,0.8785700000000001,0.33475,0.33172,0.78329,0.64693,0.62372,0.8373200000000001,0.7644200000000001,0.00984,0.0,0.79156,0.7906200000000001,0.3469,0.7203200000000001,0.61133,0.64669,0.71758,0.34095,0.6698999999999999,3.30361,3.27013,3.28458,3.28756,3.30791,3.2858400000000003,3.28334,3.27064,3.3116700000000003,3.2353,3.31014,3.27677,3.2843999999999998,3.26135,3.25152,3.25786,3.27919,3.28148,3.2333800000000004,3.30863,3.23664,3.2329,3.25192,3.2227,3.2435400000000003,3.25204,3.54755,3.56862,3.5747999999999998,3.54857,3.56419,3.56743,3.35366,3.35577,3.4734800000000003,3.4624699999999997,3.45479,3.43088,3.20033,3.20221,3.1909,3.20613,3.1916200000000003,3.20031,3.20249,3.1929,3.07432,3.09991,3.19396,3.0674,2.9026199999999998,2.9049,2.90023,2.9033800000000003,2.9024,2.90463,2.83232,2.90357,2.78362,2.7752600000000003,2.64869,2.7239899999999997,2.7206,2.6464499999999997,2.93059,2.45267,2.45136,2.47042,2.34061,2.7896900000000002,2.75433,2.7590500000000002,2.75914,2.7731000000000003,2.82234,2.81027,2.04926,1.8873199999999999,1.8114299999999999,1.9415,2.10505,2.3358299999999996,3.1581,1.96545,1.8161999999999998,1.9044499999999998
Anaerobutyricum hallii,1.6352,1.9708299999999999,1.9708299999999999,1.98063,1.94665,1.98123,1.98346,1.95027,1.96833,1.9752399999999999,1.97787,2.01276,2.00694,1.62659,1.7862,1.7862,0.86869,0.8489500000000001,0.84946,0.84096,0.81896,0.8587400000000001,0.81113,0.7478899999999999,0.75072,0.7483500000000001,0.7495499999999999,0.6943699999999999,0.81201,0.80898,0.80195,0.76583,0.7426200000000001,0.5582400000000001,0.78308,0.79426,0.79156,0.0,0.02714,0.82416,0.63828,0.73023,0.69875,0.73624,0.78897,0.7219599999999999,3.22157,3.18809,3.20254,3.20552,3.22587,3.2038,3.2013,3.1886,3.2296300000000002,3.15326,3.2281,3.19473,3.2023599999999997,3.17931,3.16948,3.17582,3.1971499999999997,3.19944,3.1513400000000003,3.22659,3.1546,3.1508599999999998,3.16988,3.14066,3.1615,3.17,3.46551,3.48658,3.4927599999999996,3.4665299999999997,3.48215,3.4853899999999998,3.27162,3.27373,3.3914400000000002,3.3804299999999996,3.37275,3.34884,3.11829,3.12017,3.10886,3.12409,3.1095800000000002,3.11827,3.12045,3.1108599999999997,2.99228,3.01787,3.11192,2.98536,2.8205799999999996,2.82286,2.81819,2.82134,2.82036,2.82259,2.75028,2.82153,2.70158,2.69322,2.56665,2.64195,2.63856,2.56441,2.8485500000000004,2.3706300000000002,2.36932,2.3883799999999997,2.2585699999999997,2.70765,2.67229,2.67701,2.6771,2.6910600000000002,2.7403,2.72823,1.96722,1.80528,1.72939,1.85946,2.02301,2.25379,3.07606,1.88341,1.7341600000000001,1.82241
Anaerobutyricum soehngenii,1.63426,1.96989,1.96989,1.97969,1.94571,1.98029,1.98252,1.94933,1.96739,1.9743,1.97693,2.01182,2.0060000000000002,1.62565,1.78526,1.78526,0.86775,0.84801,0.8485199999999999,0.84002,0.81802,0.8578,0.81019,0.74695,0.74978,0.74741,0.74861,0.69343,0.81107,0.8080400000000001,0.80101,0.7648900000000001,0.74168,0.5572999999999999,0.7821400000000001,0.79332,0.7906200000000001,0.02714,0.0,0.8232200000000001,0.63734,0.72929,0.69781,0.7353000000000001,0.78803,0.72102,3.22063,3.18715,3.2016,3.20458,3.22493,3.2028600000000003,3.20036,3.18766,3.2286900000000003,3.15232,3.22716,3.19379,3.2014199999999997,3.17837,3.16854,3.17488,3.1962099999999998,3.1985,3.1504000000000003,3.22565,3.15366,3.14992,3.16894,3.13972,3.1605600000000003,3.16906,3.46457,3.48564,3.4918199999999997,3.4655899999999997,3.48121,3.48445,3.27068,3.27279,3.3905000000000003,3.3794899999999997,3.37181,3.3479,3.11735,3.11923,3.10792,3.12315,3.1086400000000003,3.11733,3.11951,3.10992,2.99134,3.01693,3.11098,2.98442,2.8196399999999997,2.82192,2.81725,2.8204000000000002,2.81942,2.82165,2.74934,2.82059,2.70064,2.6922800000000002,2.56571,2.64101,2.63762,2.56347,2.8476100000000004,2.3696900000000003,2.36838,2.38744,2.25763,2.70671,2.67135,2.67607,2.67616,2.6901200000000003,2.73936,2.72729,1.96628,1.80434,1.72845,1.85852,2.0220700000000003,2.25285,3.07512,1.88247,1.7332200000000002,1.8214700000000001
Dorea formicigenerans,1.74984,2.08547,2.08547,2.09527,2.06129,2.09587,2.0981,2.0649100000000002,2.08297,2.08988,2.09251,2.1273999999999997,2.12158,1.74123,1.90084,1.90084,0.64395,0.62421,0.62472,0.75466,0.40354,0.44332,0.39571,0.7284299999999999,0.73126,0.72889,0.7300899999999999,0.91117,0.24093000000000003,0.2379,0.81589,0.67953,0.65632,0.86992,0.7970200000000001,0.3496,0.3469,0.82416,0.8232200000000001,0.0,0.75292,0.64393,0.67929,0.75018,0.37355,0.7024999999999999,3.33621,3.30273,3.31718,3.32016,3.34051,3.31844,3.3159400000000003,3.3032399999999997,3.34427,3.2679,3.34274,3.30937,3.317,3.2939499999999997,3.2841199999999997,3.29046,3.3117900000000002,3.3140799999999997,3.26598,3.34123,3.26924,3.2655000000000003,3.28452,3.2553,3.27614,3.28464,3.5801499999999997,3.6012199999999996,3.6074,3.58117,3.5967900000000004,3.6000300000000003,3.38626,3.38837,3.50608,3.49507,3.4873900000000004,3.4634799999999997,3.23293,3.23481,3.2235,3.2387300000000003,3.22422,3.23291,3.23509,3.2255000000000003,3.1069199999999997,3.13251,3.22656,3.0999999999999996,2.93522,2.9375,2.93283,2.93598,2.935,2.93723,2.8649199999999997,2.9361699999999997,2.81622,2.80786,2.68129,2.75659,2.7532,2.67905,2.96319,2.48527,2.48396,2.5030200000000002,2.3732100000000003,2.8222899999999997,2.78693,2.7916499999999997,2.79174,2.8057,2.85494,2.84287,2.08186,1.91992,1.84403,1.9741,2.13765,2.36843,3.1907,1.99805,1.8488000000000002,1.9370500000000002
Coprococcus_A catus,1.53106,1.86669,1.86669,1.87649,1.84251,1.8770900000000001,1.87932,1.84613,1.86419,1.8711,1.8737300000000001,1.90862,1.9028,1.52245,1.68206,1.68206,0.79745,0.77771,0.77822,0.7697200000000001,0.74772,0.7875,0.73989,0.67665,0.6794800000000001,0.6771100000000001,0.67831,0.72529,0.74077,0.7377400000000001,0.73071,0.69459,0.6713800000000001,0.68404,0.71184,0.72302,0.7203200000000001,0.63828,0.63734,0.75292,0.0,0.65899,0.62751,0.665,0.71773,0.65072,3.1174299999999997,3.0839499999999997,3.0984,3.10138,3.1217300000000003,3.09966,3.09716,3.08446,3.12549,3.0491200000000003,3.1239600000000003,3.0905899999999997,3.09822,3.07517,3.06534,3.0716799999999997,3.09301,3.0953,3.0472,3.1224499999999997,3.05046,3.04672,3.06574,3.0365200000000003,3.05736,3.06586,3.36137,3.38244,3.38862,3.36239,3.37801,3.38125,3.1674800000000003,3.1695900000000004,3.2873,3.27629,3.2686100000000002,3.2447,3.01415,3.0160299999999998,3.00472,3.01995,3.00544,3.0141299999999998,3.01631,3.00672,2.88814,2.91373,3.0077800000000003,2.88122,2.71644,2.7187200000000002,2.7140500000000003,2.7172,2.71622,2.71845,2.64614,2.71739,2.5974399999999997,2.58908,2.46251,2.53781,2.53442,2.46027,2.7444100000000002,2.26649,2.26518,2.28424,2.15443,2.60351,2.56815,2.57287,2.57296,2.58692,2.6361600000000003,2.62409,1.86308,1.70114,1.6252499999999999,1.75532,1.91887,2.14965,2.97192,1.77927,1.63002,1.71827
Eubacterium_I ramulus,1.65591,1.9915399999999999,1.9915399999999999,2.00134,1.96736,2.0019400000000003,2.0041700000000002,1.97098,1.98904,1.99595,1.99858,2.03347,2.02765,1.6473,1.80691,1.80691,0.6884600000000001,0.66872,0.66923,0.53159,0.63873,0.67851,0.6309,0.6345,0.63733,0.63496,0.63616,0.81724,0.63178,0.62875,0.72196,0.45646,0.43325,0.77599,0.70309,0.6140300000000001,0.61133,0.73023,0.72929,0.64393,0.65899,0.0,0.58536,0.65625,0.6087400000000001,0.6085699999999999,3.24228,3.2088,3.22325,3.22623,3.24658,3.22451,3.22201,3.20931,3.25034,3.1739699999999997,3.2488099999999998,3.21544,3.22307,3.20002,3.19019,3.19653,3.21786,3.22015,3.17205,3.2473,3.1753099999999996,3.17157,3.1905900000000003,3.16137,3.18221,3.19071,3.48622,3.50729,3.51347,3.48724,3.50286,3.5061,3.2923299999999998,3.29444,3.41215,3.40114,3.39346,3.36955,3.1390000000000002,3.14088,3.12957,3.1448,3.13029,3.13898,3.14116,3.13157,3.01299,3.0385799999999996,3.13263,3.00607,2.84129,2.8435699999999997,2.8388999999999998,2.84205,2.84107,2.8433,2.77099,2.84224,2.72229,2.71393,2.5873600000000003,2.66266,2.6592700000000002,2.58512,2.86926,2.39134,2.3900300000000003,2.40909,2.27928,2.72836,2.6929999999999996,2.69772,2.6978099999999996,2.71177,2.7610099999999997,2.74894,1.98793,1.82599,1.7501,1.8801700000000001,2.04372,2.2744999999999997,3.0967700000000002,1.90412,1.75487,1.8431199999999999
Clostridium_Q symbiosum,1.62443,1.96006,1.96006,1.96986,1.93588,1.97046,1.97269,1.9395,1.95756,1.96447,1.9671,2.00199,1.99617,1.61582,1.77543,1.77543,0.72382,0.70408,0.70459,0.6960900000000001,0.6740900000000001,0.71387,0.6662600000000001,0.34299999999999997,0.34582999999999997,0.34346,0.34465999999999997,0.78576,0.6671400000000001,0.66411,0.69048,0.62096,0.59775,0.74451,0.67161,0.64939,0.64669,0.69875,0.69781,0.67929,0.62751,0.58536,0.0,0.62477,0.6441,0.31706999999999996,3.2108,3.17732,3.19177,3.19475,3.2151,3.1930300000000003,3.19053,3.17783,3.2188600000000003,3.14249,3.21733,3.18396,3.1915899999999997,3.16854,3.15871,3.16505,3.1863799999999998,3.18867,3.1405700000000003,3.21582,3.14383,3.14009,3.15911,3.12989,3.1507300000000003,3.15923,3.45474,3.47581,3.4819899999999997,3.4557599999999997,3.47138,3.47462,3.26085,3.26296,3.3806700000000003,3.3696599999999997,3.36198,3.33807,3.10752,3.1094,3.09809,3.11332,3.0988100000000003,3.1075,3.10968,3.10009,2.98151,3.0071,3.10115,2.97459,2.8098099999999997,2.81209,2.80742,2.8105700000000002,2.80959,2.81182,2.73951,2.81076,2.69081,2.6824500000000002,2.55588,2.63118,2.62779,2.55364,2.8377800000000004,2.3598600000000003,2.35855,2.37761,2.2478,2.69688,2.66152,2.66624,2.66633,2.6802900000000003,2.72953,2.71746,1.95645,1.79451,1.71862,1.84869,2.0122400000000003,2.24302,3.06529,1.87264,1.7233900000000002,1.8116400000000001
Bacteroides_F pectinophilus,1.66192,1.99755,1.99755,2.0073499999999997,1.97337,2.00795,2.01018,1.97699,1.99505,2.00196,2.0045900000000003,2.03948,2.0336600000000002,1.65331,1.81292,1.81292,0.79471,0.7749699999999999,0.77548,0.76698,0.74498,0.7847599999999999,0.73715,0.67391,0.6767399999999999,0.6743699999999999,0.67557,0.82325,0.73803,0.735,0.33895,0.69185,0.6686399999999999,0.782,0.66916,0.72028,0.71758,0.73624,0.7353000000000001,0.75018,0.665,0.65625,0.62477,0.0,0.71499,0.64798,3.24829,3.21481,3.22926,3.23224,3.25259,3.2305200000000003,3.22802,3.21532,3.2563500000000003,3.17998,3.25482,3.22145,3.2290799999999997,3.20603,3.1962,3.20254,3.22387,3.22616,3.1780600000000003,3.25331,3.18132,3.17758,3.1966,3.16738,3.1882200000000003,3.19672,3.49223,3.5133,3.5194799999999997,3.4932499999999997,3.50887,3.51211,3.29834,3.30045,3.4181600000000003,3.4071499999999997,3.39947,3.37556,3.14501,3.14689,3.13558,3.15081,3.1363000000000003,3.14499,3.14717,3.13758,3.019,3.04459,3.13864,3.01208,2.8472999999999997,2.84958,2.84491,2.8480600000000003,2.84708,2.84931,2.777,2.84825,2.7283,2.7199400000000002,2.59337,2.6686699999999997,2.66528,2.5911299999999997,2.87527,2.39735,2.39604,2.4151,2.28529,2.73437,2.69901,2.70373,2.70382,2.7177800000000003,2.76702,2.75495,1.99394,1.832,1.75611,1.88618,2.0497300000000003,2.2805099999999996,3.10278,1.91013,1.7608800000000002,1.8491300000000002
Ruminococcus_B gnavus,1.71465,2.05028,2.05028,2.06008,2.0261,2.06068,2.06291,2.02972,2.04778,2.05469,2.05732,2.0922099999999997,2.0863899999999997,1.70604,1.86565,1.86565,0.60876,0.58902,0.58953,0.71947,0.21043,0.25021,0.2026,0.69324,0.69607,0.6937,0.6949,0.87598,0.3614,0.35836999999999997,0.7807,0.6443399999999999,0.62113,0.83473,0.76183,0.34365,0.34095,0.78897,0.78803,0.37355,0.71773,0.6087400000000001,0.6441,0.71499,0.0,0.66731,3.30102,3.26754,3.28199,3.28497,3.30532,3.28325,3.2807500000000003,3.2680499999999997,3.30908,3.23271,3.30755,3.27418,3.28181,3.2587599999999997,3.2489299999999997,3.25527,3.2766,3.2788899999999996,3.23079,3.30604,3.23405,3.2303100000000002,3.24933,3.22011,3.2409499999999998,3.24945,3.5449599999999997,3.5660299999999996,3.57221,3.54598,3.5616000000000003,3.5648400000000002,3.35107,3.35318,3.47089,3.45988,3.4522000000000004,3.4282899999999996,3.19774,3.19962,3.18831,3.2035400000000003,3.18903,3.19772,3.1999,3.19031,3.0717299999999996,3.09732,3.19137,3.0648099999999996,2.90003,2.90231,2.89764,2.9007899999999998,2.89981,2.90204,2.8297299999999996,2.9009799999999997,2.78103,2.7726699999999997,2.6461,2.7214,2.71801,2.64386,2.928,2.45008,2.44877,2.46783,2.33802,2.7870999999999997,2.75174,2.7564599999999997,2.75655,2.77051,2.81975,2.80768,2.0466699999999998,1.88473,1.80884,1.93891,2.1024599999999998,2.33324,3.15551,1.96286,1.8136100000000002,1.90186
Hungatella effluvii,1.64764,1.9832699999999999,1.9832699999999999,1.99307,1.95909,1.99367,1.9959,1.96271,1.98077,1.98768,1.99031,2.0252,2.01938,1.63903,1.79864,1.79864,0.74703,0.72729,0.7278,0.7193,0.6973,0.73708,0.68947,0.32785,0.33068,0.32831,0.32950999999999997,0.80897,0.69035,0.6873199999999999,0.7136899999999999,0.6441699999999999,0.62096,0.76772,0.69482,0.6726,0.6698999999999999,0.7219599999999999,0.72102,0.7024999999999999,0.65072,0.6085699999999999,0.31706999999999996,0.64798,0.66731,0.0,3.2340099999999996,3.2005299999999997,3.2149799999999997,3.2179599999999997,3.2383100000000002,3.21624,3.21374,3.20104,3.24207,3.1657,3.24054,3.2071699999999996,3.2148,3.19175,3.18192,3.1882599999999996,3.20959,3.21188,3.16378,3.2390299999999996,3.16704,3.1633,3.18232,3.1531000000000002,3.17394,3.1824399999999997,3.47795,3.49902,3.5052,3.47897,3.49459,3.49783,3.28406,3.2861700000000003,3.40388,3.39287,3.38519,3.36128,3.13073,3.1326099999999997,3.1212999999999997,3.13653,3.12202,3.1307099999999997,3.1328899999999997,3.1233,3.00472,3.03031,3.1243600000000002,2.9978,2.83302,2.8353,2.83063,2.83378,2.8327999999999998,2.8350299999999997,2.76272,2.83397,2.7140199999999997,2.70566,2.57909,2.6543900000000002,2.651,2.5768500000000003,2.86099,2.38307,2.38176,2.40082,2.27101,2.72009,2.68473,2.68945,2.68954,2.7035,2.75274,2.7406699999999997,1.97966,1.81772,1.74183,1.8719000000000001,2.03545,2.26623,3.0885,1.89585,1.7466,1.8348499999999999
Bacteroides uniformis,3.4261299999999997,3.7617599999999998,3.7617599999999998,3.77156,3.73758,3.77216,3.77439,3.7412,3.75926,3.76617,3.7687999999999997,3.8036899999999996,3.7978699999999996,3.4175199999999997,3.57713,3.57713,3.38074,3.3609999999999998,3.36151,3.35301,3.33101,3.37079,3.32318,3.25994,3.2627699999999997,3.2603999999999997,3.2615999999999996,3.30858,3.32406,3.32103,3.314,3.2778799999999997,3.25467,3.26733,3.29513,3.30631,3.30361,3.22157,3.22063,3.33621,3.1174299999999997,3.24228,3.2108,3.24829,3.30102,3.2340099999999996,0.0,0.17326,0.09805,0.10103000000000001,0.061520000000000005,0.09931000000000001,0.09681000000000001,0.17377,0.06528,0.15059,0.05527,0.1799,0.09787000000000001,0.16448000000000002,0.15465,0.16099000000000002,0.18231999999999998,0.09495,0.14867000000000002,0.062240000000000004,0.33138999999999996,0.32765,0.34667000000000003,0.31745,0.33829,0.34679,0.74038,0.76145,0.76763,0.7414000000000001,0.75702,0.76026,0.5464899999999999,0.5486,1.5181900000000002,1.50718,1.4994999999999998,1.47559,1.24504,0.67476,0.66345,0.67868,0.6641699999999999,0.67286,0.67504,0.66545,0.96627,0.99186,0.62737,3.3422099999999997,3.17743,3.17971,3.17504,3.17819,3.1772099999999996,3.17944,3.1071299999999997,3.1783799999999998,3.14523,3.13687,3.69358,3.7688800000000002,3.76549,3.69134,3.97548,3.49756,3.49625,3.51531,3.0955399999999997,3.54462,3.50926,3.51398,3.51407,3.52803,3.09715,3.08508,3.15225,2.99031,2.91442,3.0444899999999997,3.20804,3.38072,3.4329099999999997,3.06844,2.91919,3.00744
Bacteroides caccae,3.3926499999999997,3.72828,3.72828,3.73808,3.7041,3.73868,3.74091,3.70772,3.72578,3.73269,3.7353199999999998,3.7702099999999996,3.7643899999999997,3.3840399999999997,3.54365,3.54365,3.34726,3.32752,3.32803,3.31953,3.29753,3.33731,3.2897,3.22646,3.2292899999999998,3.22692,3.2281199999999997,3.2751,3.29058,3.28755,3.28052,3.2443999999999997,3.22119,3.23385,3.26165,3.27283,3.27013,3.18809,3.18715,3.30273,3.0839499999999997,3.2088,3.17732,3.21481,3.26754,3.2005299999999997,0.17326,0.0,0.15422999999999998,0.15721,0.17756,0.15549,0.15299000000000001,0.03141,0.18131999999999998,0.11710999999999999,0.17979,0.02704,0.15405,0.042499999999999996,0.10971,0.11604999999999999,0.039959999999999996,0.15113,0.11519,0.17828,0.29791,0.29417,0.31318999999999997,0.28397,0.30481,0.31331,0.7069,0.72797,0.7341500000000001,0.70792,0.7235400000000001,0.72678,0.51301,0.51512,1.4847100000000002,1.4737,1.4660199999999999,1.44211,1.21156,0.64128,0.6299699999999999,0.6452,0.63069,0.63938,0.6415599999999999,0.6319699999999999,0.93279,0.95838,0.59389,3.3087299999999997,3.1439500000000002,3.14623,3.14156,3.14471,3.1437299999999997,3.14596,3.0736499999999998,3.1449,3.1117500000000002,3.10339,3.6601,3.7354000000000003,3.73201,3.65786,3.942,3.46408,3.46277,3.48183,3.06206,3.51114,3.47578,3.4805,3.48059,3.4945500000000003,3.06367,3.0516,3.11877,2.95683,2.88094,3.0110099999999997,3.17456,3.34724,3.3994299999999997,3.03496,2.88571,2.97396
Bacteroides cellulosilyticus,3.4071,3.74273,3.74273,3.75253,3.71855,3.75313,3.75536,3.72217,3.74023,3.74714,3.74977,3.7846599999999997,3.7788399999999998,3.39849,3.5581,3.5581,3.36171,3.34197,3.34248,3.33398,3.31198,3.35176,3.30415,3.24091,3.24374,3.24137,3.2425699999999997,3.28955,3.30503,3.302,3.29497,3.25885,3.23564,3.2483,3.2761,3.28728,3.28458,3.20254,3.2016,3.31718,3.0984,3.22325,3.19177,3.22926,3.28199,3.2149799999999997,0.09805,0.15422999999999998,0.0,0.00956,0.10235000000000001,0.00784,0.016759999999999997,0.15474,0.10611000000000001,0.13156,0.10458,0.16087,0.01782,0.14545,0.13562,0.14196,0.16329,0.03556,0.12964,0.10307000000000001,0.31235999999999997,0.30862,0.32764000000000004,0.29842,0.31926,0.32776,0.7213499999999999,0.74242,0.7486,0.72237,0.73799,0.74123,0.52746,0.52957,1.49916,1.48815,1.48047,1.45656,1.22601,0.6557299999999999,0.64442,0.6596500000000001,0.64514,0.6538299999999999,0.65601,0.64642,0.94724,0.97283,0.60834,3.32318,3.1584000000000003,3.16068,3.15601,3.15916,3.1581799999999998,3.16041,3.0881,3.15935,3.1262,3.11784,3.67455,3.7498500000000003,3.74646,3.67231,3.9564500000000002,3.47853,3.47722,3.49628,3.07651,3.5255900000000002,3.49023,3.4949500000000002,3.49504,3.5090000000000003,3.07812,3.06605,3.13322,2.97128,2.89539,3.02546,3.18901,3.3616900000000003,3.41388,3.04941,2.90016,2.98841
Bacteroides timonensis,3.41008,3.74571,3.74571,3.75551,3.72153,3.75611,3.75834,3.72515,3.74321,3.75012,3.75275,3.7876399999999997,3.7818199999999997,3.4014699999999998,3.56108,3.56108,3.36469,3.34495,3.34546,3.33696,3.31496,3.35474,3.30713,3.24389,3.24672,3.24435,3.2455499999999997,3.29253,3.30801,3.30498,3.29795,3.26183,3.23862,3.25128,3.27908,3.29026,3.28756,3.20552,3.20458,3.32016,3.10138,3.22623,3.19475,3.23224,3.28497,3.2179599999999997,0.10103000000000001,0.15721,0.00956,0.0,0.10533000000000001,0.006180000000000001,0.01974,0.15772,0.10909,0.13454,0.10756,0.16385,0.0208,0.14843,0.1386,0.14494,0.16626999999999997,0.038540000000000005,0.13262000000000002,0.10605,0.31533999999999995,0.3116,0.33062,0.3014,0.32223999999999997,0.33074,0.7243299999999999,0.7454,0.75158,0.7253499999999999,0.74097,0.74421,0.53044,0.53255,1.50214,1.49113,1.48345,1.45954,1.22899,0.6587099999999999,0.6474,0.66263,0.64812,0.6568099999999999,0.65899,0.6494,0.95022,0.97581,0.61132,3.32616,3.1613800000000003,3.16366,3.15899,3.16214,3.1611599999999997,3.16339,3.09108,3.16233,3.12918,3.12082,3.67753,3.7528300000000003,3.74944,3.67529,3.9594300000000002,3.48151,3.4802,3.49926,3.07949,3.52857,3.49321,3.49793,3.49802,3.5119800000000003,3.0811,3.06903,3.1362,2.97426,2.89837,3.02844,3.19199,3.3646700000000003,3.41686,3.05239,2.90314,2.99139
Bacteroides stercoris,3.4304300000000003,3.7660600000000004,3.7660600000000004,3.77586,3.74188,3.77646,3.77869,3.7455,3.76356,3.7704700000000004,3.7731000000000003,3.80799,3.8021700000000003,3.4218200000000003,3.58143,3.58143,3.38504,3.3653000000000004,3.36581,3.35731,3.3353099999999998,3.37509,3.32748,3.26424,3.2670700000000004,3.2647000000000004,3.2659000000000002,3.31288,3.32836,3.32533,3.3183,3.2821800000000003,3.25897,3.27163,3.29943,3.31061,3.30791,3.22587,3.22493,3.34051,3.1217300000000003,3.24658,3.2151,3.25259,3.30532,3.2383100000000002,0.061520000000000005,0.17756,0.10235000000000001,0.10533000000000001,0.0,0.10361000000000001,0.10111,0.17807,0.0266,0.15489,0.06805,0.1842,0.10217000000000001,0.16877999999999999,0.15895,0.16529,0.18662,0.09925,0.15297,0.02356,0.33569,0.33194999999999997,0.35097,0.32175,0.34259,0.35109,0.74468,0.7657499999999999,0.77193,0.7457,0.76132,0.7645600000000001,0.55079,0.5529,1.52249,1.51148,1.5038,1.47989,1.2493400000000001,0.67906,0.6677500000000001,0.68298,0.66847,0.67716,0.67934,0.6697500000000001,0.9705699999999999,0.9961599999999999,0.63167,3.34651,3.18173,3.18401,3.17934,3.1824899999999996,3.18151,3.1837400000000002,3.11143,3.18268,3.1495300000000004,3.14117,3.69788,3.77318,3.7697900000000004,3.69564,3.97978,3.50186,3.50055,3.51961,3.0998400000000004,3.54892,3.51356,3.51828,3.51837,3.53233,3.10145,3.0893800000000002,3.15655,2.9946099999999998,2.9187200000000004,3.0487900000000003,3.21234,3.38502,3.43721,3.07274,2.92349,3.01174
Bacteroides sp900552405,3.40836,3.74399,3.74399,3.7537900000000004,3.71981,3.75439,3.75662,3.72343,3.7414899999999998,3.7484,3.75103,3.78592,3.7801,3.39975,3.55936,3.55936,3.36297,3.34323,3.3437400000000004,3.3352399999999998,3.31324,3.35302,3.30541,3.2421699999999998,3.245,3.24263,3.24383,3.29081,3.3062899999999997,3.30326,3.29623,3.26011,3.2369000000000003,3.24956,3.27736,3.2885400000000002,3.2858400000000003,3.2038,3.2028600000000003,3.31844,3.09966,3.22451,3.1930300000000003,3.2305200000000003,3.28325,3.21624,0.09931000000000001,0.15549,0.00784,0.006180000000000001,0.10361000000000001,0.0,0.01802,0.156,0.10737000000000001,0.13282,0.10584,0.16213,0.01908,0.14671,0.13688,0.14322000000000001,0.16454999999999997,0.036820000000000006,0.13090000000000002,0.10433,0.31362,0.30988,0.32889999999999997,0.29968,0.32052,0.32902,0.72261,0.7436799999999999,0.74986,0.72363,0.73925,0.7424900000000001,0.52872,0.5308299999999999,1.50042,1.48941,1.48173,1.45782,1.22727,0.65699,0.64568,0.66091,0.6464,0.65509,0.65727,0.64768,0.9485,0.97409,0.6095999999999999,3.32444,3.15966,3.1619400000000004,3.15727,3.1604200000000002,3.15944,3.16167,3.08936,3.16061,3.12746,3.1191,3.6758100000000002,3.75111,3.74772,3.67357,3.95771,3.4797900000000004,3.4784800000000002,3.49754,3.07777,3.52685,3.4914899999999998,3.49621,3.4962999999999997,3.51026,3.0793800000000005,3.06731,3.13448,2.97254,2.89665,3.02672,3.19027,3.36295,3.41514,3.05067,2.90142,2.9896700000000003
Bacteroides intestinalis_A,3.40586,3.74149,3.74149,3.75129,3.7173100000000003,3.7518900000000004,3.7541200000000003,3.72093,3.7389900000000003,3.7459000000000002,3.74853,3.78342,3.7776,3.39725,3.5568600000000004,3.5568600000000004,3.3604700000000003,3.34073,3.34124,3.3327400000000003,3.31074,3.3505200000000004,3.30291,3.2396700000000003,3.2425,3.24013,3.24133,3.28831,3.3037900000000002,3.3007600000000004,3.29373,3.25761,3.2344,3.2470600000000003,3.2748600000000003,3.28604,3.28334,3.2013,3.20036,3.3159400000000003,3.09716,3.22201,3.19053,3.22802,3.2807500000000003,3.21374,0.09681000000000001,0.15299000000000001,0.016759999999999997,0.01974,0.10111,0.01802,0.0,0.15350000000000003,0.10487,0.13032,0.10334,0.15963,0.00932,0.14421,0.13438,0.14072,0.16205,0.03432,0.12840000000000001,0.10183,0.31112,0.30738,0.3264,0.29718,0.31802,0.32652000000000003,0.72011,0.74118,0.74736,0.72113,0.73675,0.73999,0.52622,0.52833,1.4979200000000001,1.48691,1.4792299999999998,1.45532,1.22477,0.65449,0.6431800000000001,0.65841,0.6439,0.65259,0.6547700000000001,0.6451800000000001,0.946,0.97159,0.6071,3.3219399999999997,3.15716,3.15944,3.15477,3.15792,3.1569399999999996,3.15917,3.0868599999999997,3.1581099999999998,3.12496,3.1166,3.67331,3.74861,3.74522,3.6710700000000003,3.95521,3.47729,3.47598,3.4950400000000004,3.07527,3.52435,3.4889900000000003,3.49371,3.4938000000000002,3.50776,3.07688,3.06481,3.1319800000000004,2.97004,2.8941500000000002,3.02422,3.1877700000000004,3.36045,3.4126399999999997,3.04817,2.8989200000000004,2.98717
Bacteroides xylanisolvens,3.39316,3.72879,3.72879,3.7385900000000003,3.7046099999999997,3.73919,3.7414199999999997,3.70823,3.7262899999999997,3.7332,3.73583,3.77072,3.7649,3.38455,3.5441599999999998,3.5441599999999998,3.3477699999999997,3.32803,3.3285400000000003,3.3200399999999997,3.29804,3.33782,3.29021,3.2269699999999997,3.2298,3.22743,3.22863,3.27561,3.2910899999999996,3.2880599999999998,3.28103,3.24491,3.2217000000000002,3.2343599999999997,3.2621599999999997,3.27334,3.27064,3.1886,3.18766,3.3032399999999997,3.08446,3.20931,3.17783,3.21532,3.2680499999999997,3.20104,0.17377,0.03141,0.15474,0.15772,0.17807,0.156,0.15350000000000003,0.0,0.18183,0.11762,0.18030000000000002,0.03805,0.15456,0.04301,0.11022000000000001,0.11656,0.01549,0.15164,0.1157,0.17879,0.29842,0.29468,0.3137,0.28448,0.30532000000000004,0.31382,0.70741,0.72848,0.7346600000000001,0.70843,0.7240500000000001,0.72729,0.51352,0.51563,1.48522,1.47421,1.4665300000000001,1.44262,1.2120700000000002,0.64179,0.6304799999999999,0.64571,0.6312,0.63989,0.6420699999999999,0.6324799999999999,0.9333,0.95889,0.5944,3.30924,3.14446,3.1467400000000003,3.14207,3.14522,3.14424,3.14647,3.07416,3.14541,3.11226,3.1039,3.66061,3.73591,3.73252,3.6583699999999997,3.94251,3.4645900000000003,3.46328,3.4823399999999998,3.06257,3.51165,3.4762899999999997,3.48101,3.4810999999999996,3.49506,3.0641800000000003,3.05211,3.11928,2.95734,2.88145,3.01152,3.17507,3.34775,3.39994,3.03547,2.88622,2.97447
Bacteroides eggerthii,3.43419,3.76982,3.76982,3.7796200000000004,3.74564,3.78022,3.78245,3.74926,3.76732,3.77423,3.77686,3.81175,3.80593,3.42558,3.58519,3.58519,3.3888,3.36906,3.3695700000000004,3.36107,3.33907,3.37885,3.33124,3.268,3.27083,3.26846,3.26966,3.31664,3.3321199999999997,3.32909,3.32206,3.28594,3.2627300000000004,3.27539,3.30319,3.3143700000000003,3.3116700000000003,3.2296300000000002,3.2286900000000003,3.34427,3.12549,3.25034,3.2188600000000003,3.2563500000000003,3.30908,3.24207,0.06528,0.18131999999999998,0.10611000000000001,0.10909,0.0266,0.10737000000000001,0.10487,0.18183,0.0,0.15865,0.07181,0.18796000000000002,0.10593000000000001,0.17254,0.16271,0.16905,0.19038,0.10301,0.15673,0.022220000000000004,0.33945000000000003,0.33571,0.35473,0.32551,0.34635000000000005,0.35485,0.74844,0.7695099999999999,0.77569,0.74946,0.76508,0.7683200000000001,0.55455,0.5566599999999999,1.52625,1.51524,1.50756,1.48365,1.2531,0.68282,0.67151,0.68674,0.67223,0.68092,0.6831,0.67351,0.97433,0.99992,0.6354299999999999,3.35027,3.1854899999999997,3.18777,3.1830999999999996,3.18625,3.18527,3.1875,3.11519,3.18644,3.15329,3.14493,3.7016400000000003,3.77694,3.77355,3.6994,3.98354,3.5056200000000004,3.5043100000000003,3.52337,3.1036,3.55268,3.51732,3.52204,3.5221299999999998,3.53609,3.10521,3.09314,3.16031,2.99837,2.92248,3.05255,3.2161,3.38878,3.44097,3.0765000000000002,2.92725,3.0155000000000003
Bacteroides fragilis,3.3578200000000002,3.6934500000000003,3.6934500000000003,3.70325,3.66927,3.70385,3.70608,3.6728899999999998,3.69095,3.6978600000000004,3.7004900000000003,3.73538,3.72956,3.3492100000000002,3.50882,3.50882,3.31243,3.2926900000000003,3.2932,3.2847,3.2626999999999997,3.30248,3.25487,3.19163,3.1944600000000003,3.1920900000000003,3.19329,3.2402699999999998,3.25575,3.25272,3.2456899999999997,3.2095700000000003,3.18636,3.19902,3.22682,3.238,3.2353,3.15326,3.15232,3.2679,3.0491200000000003,3.1739699999999997,3.14249,3.17998,3.23271,3.1657,0.15059,0.11710999999999999,0.13156,0.13454,0.15489,0.13282,0.13032,0.11762,0.15865,0.0,0.15712,0.12375,0.13138,0.10833000000000001,0.0985,0.10484000000000002,0.12617,0.12846,0.01506,0.15561,0.26308,0.25934,0.27836,0.24913999999999997,0.26998,0.27847999999999995,0.67207,0.69314,0.69932,0.67309,0.68871,0.6919500000000001,0.47818,0.48029,1.44988,1.43887,1.43119,1.40728,1.17673,0.6064499999999999,0.59514,0.6103700000000001,0.5958600000000001,0.6045499999999999,0.60673,0.59714,0.89796,0.92355,0.55906,3.2739000000000003,3.10912,3.1114,3.1067299999999998,3.10988,3.1089,3.11113,3.0388200000000003,3.1100700000000003,3.0769200000000003,3.0685599999999997,3.62527,3.70057,3.6971800000000004,3.62303,3.90717,3.42925,3.42794,3.447,3.0272300000000003,3.47631,3.44095,3.44567,3.44576,3.45972,3.02884,3.01677,3.08394,2.9219999999999997,2.8461100000000004,2.9761800000000003,3.13973,3.31241,3.3646000000000003,3.00013,2.85088,2.93913
Bacteroides fluxus,3.4326600000000003,3.7682900000000004,3.7682900000000004,3.77809,3.74411,3.77869,3.78092,3.74773,3.76579,3.7727000000000004,3.7753300000000003,3.81022,3.8044000000000002,3.4240500000000003,3.58366,3.58366,3.38727,3.3675300000000004,3.36804,3.35954,3.3375399999999997,3.37732,3.32971,3.26647,3.2693000000000003,3.2669300000000003,3.26813,3.31511,3.33059,3.32756,3.3205299999999998,3.2844100000000003,3.2612,3.27386,3.30166,3.31284,3.31014,3.2281,3.22716,3.34274,3.1239600000000003,3.2488099999999998,3.21733,3.25482,3.30755,3.24054,0.05527,0.17979,0.10458,0.10756,0.06805,0.10584,0.10334,0.18030000000000002,0.07181,0.15712,0.0,0.18642999999999998,0.1044,0.17101,0.16118,0.16752,0.18885,0.10148,0.1552,0.06877,0.33792,0.33418000000000003,0.3532,0.32398,0.34482,0.35331999999999997,0.74691,0.7679799999999999,0.77416,0.74793,0.76355,0.7667900000000001,0.55302,0.5551299999999999,1.52472,1.51371,1.50603,1.48212,1.25157,0.68129,0.66998,0.6852100000000001,0.6707000000000001,0.6793899999999999,0.68157,0.67198,0.9728,0.99839,0.6338999999999999,3.3487400000000003,3.18396,3.18624,3.18157,3.18472,3.1837400000000002,3.18597,3.1136600000000003,3.1849100000000004,3.1517600000000003,3.1433999999999997,3.70011,3.77541,3.7720200000000004,3.69787,3.98201,3.50409,3.50278,3.52184,3.1020700000000003,3.55115,3.51579,3.52051,3.5206,3.53456,3.10368,3.09161,3.15878,2.9968399999999997,2.9209500000000004,3.0510200000000003,3.21457,3.38725,3.4394400000000003,3.07497,2.92572,3.01397
Bacteroides finegoldii,3.3992899999999997,3.73492,3.73492,3.74472,3.71074,3.74532,3.74755,3.71436,3.73242,3.73933,3.7419599999999997,3.7768499999999996,3.7710299999999997,3.3906799999999997,3.55029,3.55029,3.3539,3.33416,3.33467,3.32617,3.30417,3.34395,3.29634,3.2331,3.2359299999999998,3.2335599999999998,3.2347599999999996,3.28174,3.29722,3.29419,3.28716,3.2510399999999997,3.22783,3.24049,3.26829,3.27947,3.27677,3.19473,3.19379,3.30937,3.0905899999999997,3.21544,3.18396,3.22145,3.27418,3.2071699999999996,0.1799,0.02704,0.16087,0.16385,0.1842,0.16213,0.15963,0.03805,0.18796000000000002,0.12375,0.18642999999999998,0.0,0.16069,0.04914,0.11635000000000001,0.12269,0.0466,0.15777000000000002,0.12183000000000001,0.18492,0.30455,0.30081,0.31983,0.29061,0.31145,0.31994999999999996,0.71354,0.73461,0.7407900000000001,0.71456,0.73018,0.7334200000000001,0.51965,0.52176,1.4913500000000002,1.48034,1.4726599999999999,1.44875,1.2182,0.64792,0.63661,0.65184,0.63733,0.64602,0.6482,0.63861,0.93943,0.96502,0.60053,3.3153699999999997,3.1505900000000002,3.15287,3.1482,3.15135,3.1503699999999997,3.1526,3.0802899999999998,3.15154,3.11839,3.11003,3.66674,3.7420400000000003,3.73865,3.6645,3.94864,3.47072,3.46941,3.48847,3.0686999999999998,3.51778,3.48242,3.48714,3.48723,3.5011900000000002,3.07031,3.05824,3.12541,2.96347,2.88758,3.0176499999999997,3.1812,3.35388,3.4060699999999997,3.0416,2.89235,2.9806
Bacteroides intestinalis,3.40692,3.74255,3.74255,3.75235,3.71837,3.7529500000000002,3.75518,3.72199,3.74005,3.74696,3.74959,3.78448,3.77866,3.39831,3.55792,3.55792,3.36153,3.34179,3.3423,3.3338,3.3118,3.3515800000000002,3.3039699999999996,3.24073,3.24356,3.24119,3.24239,3.28937,3.30485,3.30182,3.29479,3.25867,3.23546,3.24812,3.27592,3.2870999999999997,3.2843999999999998,3.2023599999999997,3.2014199999999997,3.317,3.09822,3.22307,3.1915899999999997,3.2290799999999997,3.28181,3.2148,0.09787000000000001,0.15405,0.01782,0.0208,0.10217000000000001,0.01908,0.00932,0.15456,0.10593000000000001,0.13138,0.1044,0.16069,0.0,0.14527,0.13544,0.14178000000000002,0.16310999999999998,0.03538,0.12946000000000002,0.10289000000000001,0.31218,0.30844,0.32746,0.29824,0.31908000000000003,0.32758,0.72117,0.74224,0.7484200000000001,0.72219,0.7378100000000001,0.74105,0.52728,0.52939,1.49898,1.48797,1.48029,1.45638,1.2258300000000002,0.65555,0.6442399999999999,0.65947,0.64496,0.65365,0.6558299999999999,0.6462399999999999,0.94706,0.97265,0.60816,3.323,3.15822,3.1605,3.15583,3.1589799999999997,3.158,3.1602300000000003,3.08792,3.15917,3.1260200000000005,3.11766,3.6743699999999997,3.74967,3.74628,3.67213,3.95627,3.47835,3.4770399999999997,3.4961,3.07633,3.52541,3.49005,3.49477,3.49486,3.50882,3.07794,3.0658700000000003,3.1330400000000003,2.9711,2.89521,3.02528,3.1888300000000003,3.36151,3.4137,3.0492299999999997,2.8999800000000002,2.9882299999999997
Bacteroides faecis,3.38387,3.7195,3.7195,3.7293000000000003,3.6953199999999997,3.7298999999999998,3.7321299999999997,3.69894,3.7169999999999996,3.72391,3.72654,3.76143,3.75561,3.37526,3.5348699999999997,3.5348699999999997,3.3384799999999997,3.31874,3.3192500000000003,3.3107499999999996,3.28875,3.3285299999999998,3.28092,3.2176799999999997,3.22051,3.21814,3.21934,3.26632,3.2817999999999996,3.2787699999999997,3.27174,3.23562,3.21241,3.2250699999999997,3.2528699999999997,3.26405,3.26135,3.17931,3.17837,3.2939499999999997,3.07517,3.20002,3.16854,3.20603,3.2587599999999997,3.19175,0.16448000000000002,0.042499999999999996,0.14545,0.14843,0.16877999999999999,0.14671,0.14421,0.04301,0.17254,0.10833000000000001,0.17101,0.04914,0.14527,0.0,0.10092999999999999,0.10727,0.05156,0.14235,0.10641,0.16949999999999998,0.28913,0.28539000000000003,0.30441,0.27519,0.29603,0.30452999999999997,0.69812,0.71919,0.7253700000000001,0.69914,0.7147600000000001,0.7180000000000001,0.50423,0.50634,1.47593,1.46492,1.45724,1.43333,1.2027800000000002,0.6325000000000001,0.62119,0.63642,0.62191,0.6306,0.63278,0.62319,0.92401,0.9496,0.58511,3.29995,3.13517,3.1374500000000003,3.13278,3.13593,3.13495,3.13718,3.06487,3.13612,3.10297,3.0946100000000003,3.65132,3.72662,3.72323,3.6490799999999997,3.93322,3.4553000000000003,3.45399,3.4730499999999997,3.05328,3.50236,3.4669999999999996,3.47172,3.4718099999999996,3.48577,3.0548900000000003,3.04282,3.10999,2.94805,2.87216,3.00223,3.16578,3.33846,3.39065,3.02618,2.8769299999999998,2.96518
Bacteroides nordii,3.37404,3.70967,3.70967,3.7194700000000003,3.6854899999999997,3.7200699999999998,3.7222999999999997,3.68911,3.7071699999999996,3.71408,3.71671,3.7516,3.74578,3.36543,3.5250399999999997,3.5250399999999997,3.3286499999999997,3.30891,3.3094200000000003,3.3009199999999996,3.27892,3.3186999999999998,3.27109,3.2078499999999996,3.21068,3.20831,3.20951,3.25649,3.2719699999999996,3.2689399999999997,3.26191,3.22579,3.20258,3.2152399999999997,3.2430399999999997,3.25422,3.25152,3.16948,3.16854,3.2841199999999997,3.06534,3.19019,3.15871,3.1962,3.2489299999999997,3.18192,0.15465,0.10971,0.13562,0.1386,0.15895,0.13688,0.13438,0.11022000000000001,0.16271,0.0985,0.16118,0.11635000000000001,0.13544,0.10092999999999999,0.0,0.04016,0.11876999999999999,0.13252,0.09658,0.15967,0.2793,0.27556,0.29458,0.26536,0.2862,0.29469999999999996,0.68829,0.70936,0.7155400000000001,0.68931,0.7049300000000001,0.7081700000000001,0.49439999999999995,0.49651,1.4661,1.45509,1.44741,1.4235,1.1929500000000002,0.6226700000000001,0.61136,0.62659,0.61208,0.62077,0.62295,0.61336,0.91418,0.93977,0.57528,3.29012,3.12534,3.1276200000000003,3.12295,3.1261,3.12512,3.12735,3.05504,3.12629,3.09314,3.0847800000000003,3.64149,3.71679,3.7134,3.6392499999999997,3.92339,3.4454700000000003,3.44416,3.4632199999999997,3.04345,3.49253,3.4571699999999996,3.46189,3.4619799999999996,3.47594,3.0450600000000003,3.03299,3.10016,2.93822,2.86233,2.9924,3.15595,3.32863,3.38082,3.01635,2.8670999999999998,2.95535
Bacteroides salyersiae,3.3803799999999997,3.71601,3.71601,3.72581,3.69183,3.72641,3.72864,3.69545,3.71351,3.72042,3.7230499999999997,3.7579399999999996,3.7521199999999997,3.3717699999999997,3.53138,3.53138,3.33499,3.31525,3.31576,3.30726,3.28526,3.32504,3.27743,3.21419,3.2170199999999998,3.21465,3.2158499999999997,3.26283,3.27831,3.27528,3.26825,3.2321299999999997,3.20892,3.22158,3.24938,3.26056,3.25786,3.17582,3.17488,3.29046,3.0716799999999997,3.19653,3.16505,3.20254,3.25527,3.1882599999999996,0.16099000000000002,0.11604999999999999,0.14196,0.14494,0.16529,0.14322000000000001,0.14072,0.11656,0.16905,0.10484000000000002,0.16752,0.12269,0.14178000000000002,0.10727,0.04016,0.0,0.12511,0.13886,0.10292000000000001,0.16601,0.28564,0.28190000000000004,0.30092,0.2717,0.29254,0.30104,0.69463,0.7157,0.7218800000000001,0.69565,0.7112700000000001,0.7145100000000001,0.50074,0.50285,1.4724400000000002,1.46143,1.4537499999999999,1.42984,1.19929,0.6290100000000001,0.6177,0.63293,0.61842,0.6271100000000001,0.62929,0.6197,0.92052,0.94611,0.58162,3.2964599999999997,3.1316800000000002,3.13396,3.12929,3.13244,3.1314599999999997,3.13369,3.0613799999999998,3.13263,3.0994800000000002,3.09112,3.64783,3.7231300000000003,3.71974,3.64559,3.92973,3.45181,3.4505,3.46956,3.04979,3.49887,3.46351,3.46823,3.46832,3.4822800000000003,3.0514,3.03933,3.1065,2.94456,2.86867,2.9987399999999997,3.16229,3.33497,3.3871599999999997,3.02269,2.87344,2.96169
Bacteroides sp902362375,3.40171,3.73734,3.73734,3.74714,3.7131600000000002,3.7477400000000003,3.7499700000000002,3.71678,3.73484,3.74175,3.74438,3.77927,3.77345,3.3931,3.5527100000000003,3.5527100000000003,3.35632,3.33658,3.33709,3.32859,3.30659,3.3463700000000003,3.2987599999999997,3.23552,3.23835,3.23598,3.23718,3.28416,3.29964,3.2966100000000003,3.28958,3.25346,3.23025,3.24291,3.2707100000000002,3.2818899999999998,3.27919,3.1971499999999997,3.1962099999999998,3.3117900000000002,3.09301,3.21786,3.1863799999999998,3.22387,3.2766,3.20959,0.18231999999999998,0.039959999999999996,0.16329,0.16626999999999997,0.18662,0.16454999999999997,0.16205,0.01549,0.19038,0.12617,0.18885,0.0466,0.16310999999999998,0.05156,0.11876999999999999,0.12511,0.0,0.16019,0.12425,0.18734,0.30696999999999997,0.30323,0.32225000000000004,0.29303,0.31387,0.32237,0.7159599999999999,0.73703,0.74321,0.71698,0.7326,0.73584,0.52207,0.52418,1.49377,1.4827599999999999,1.47508,1.4511699999999998,1.22062,0.6503399999999999,0.63903,0.6542600000000001,0.63975,0.6484399999999999,0.65062,0.64103,0.94185,0.96744,0.60295,3.31779,3.15301,3.15529,3.15062,3.1537699999999997,3.15279,3.1550200000000004,3.08271,3.15396,3.12081,3.11245,3.6691599999999998,3.74446,3.74107,3.66692,3.95106,3.47314,3.4718299999999997,3.4908900000000003,3.07112,3.5202,3.48484,3.48956,3.48965,3.50361,3.07273,3.0606600000000004,3.1278300000000003,2.96589,2.89,3.02007,3.1836200000000003,3.3563,3.40849,3.0440199999999997,2.8947700000000003,2.98302
Bacteroides oleiciplenus,3.404,3.73963,3.73963,3.7494300000000003,3.7154499999999997,3.7500299999999998,3.7522599999999997,3.71907,3.7371299999999996,3.74404,3.74667,3.78156,3.77574,3.39539,3.5549999999999997,3.5549999999999997,3.3586099999999997,3.33887,3.3393800000000002,3.3308799999999996,3.30888,3.3486599999999997,3.30105,3.2378099999999996,3.24064,3.23827,3.23947,3.28645,3.3019299999999996,3.2988999999999997,3.29187,3.25575,3.23254,3.2451999999999996,3.2729999999999997,3.28418,3.28148,3.19944,3.1985,3.3140799999999997,3.0953,3.22015,3.18867,3.22616,3.2788899999999996,3.21188,0.09495,0.15113,0.03556,0.038540000000000005,0.09925,0.036820000000000006,0.03432,0.15164,0.10301,0.12846,0.10148,0.15777000000000002,0.03538,0.14235,0.13252,0.13886,0.16019,0.0,0.12653999999999999,0.09997,0.30926,0.30552,0.32454000000000005,0.29532,0.31616,0.32466,0.71825,0.73932,0.7455,0.7192700000000001,0.73489,0.7381300000000001,0.5243599999999999,0.52647,1.49606,1.48505,1.47737,1.45346,1.2229100000000002,0.65263,0.64132,0.65655,0.6420399999999999,0.65073,0.65291,0.64332,0.94414,0.96973,0.60524,3.32008,3.1553,3.1575800000000003,3.15291,3.15606,3.15508,3.15731,3.085,3.15625,3.1231,3.1147400000000003,3.67145,3.74675,3.74336,3.6692099999999996,3.95335,3.4754300000000002,3.47412,3.4931799999999997,3.07341,3.52249,3.4871299999999996,3.49185,3.4919399999999996,3.5059,3.0750200000000003,3.06295,3.13012,2.96818,2.89229,3.02236,3.18591,3.35859,3.41078,3.04631,2.8970599999999997,2.98531
Bacteroides fragilis_A,3.3559,3.69153,3.69153,3.7013300000000005,3.66735,3.70193,3.70416,3.67097,3.68903,3.6959400000000002,3.69857,3.73346,3.72764,3.34729,3.5069,3.5069,3.31051,3.29077,3.2912800000000004,3.28278,3.26078,3.30056,3.2529500000000002,3.18971,3.19254,3.19017,3.19137,3.23835,3.25383,3.2508,3.24377,3.20765,3.1844400000000004,3.1971,3.2249,3.2360800000000003,3.2333800000000004,3.1513400000000003,3.1504000000000003,3.26598,3.0472,3.17205,3.1405700000000003,3.1780600000000003,3.23079,3.16378,0.14867000000000002,0.11519,0.12964,0.13262000000000002,0.15297,0.13090000000000002,0.12840000000000001,0.1157,0.15673,0.01506,0.1552,0.12183000000000001,0.12946000000000002,0.10641,0.09658,0.10292000000000001,0.12425,0.12653999999999999,0.0,0.15369,0.26116,0.25742,0.27644,0.24722,0.26806,0.27656000000000003,0.67015,0.69122,0.6974,0.67117,0.68679,0.69003,0.47626,0.47836999999999996,1.4479600000000001,1.43695,1.4292699999999998,1.40536,1.17481,0.60453,0.5932200000000001,0.60845,0.59394,0.60263,0.6048100000000001,0.5952200000000001,0.89604,0.92163,0.55714,3.27198,3.1071999999999997,3.10948,3.1048099999999996,3.10796,3.10698,3.10921,3.0369,3.10815,3.075,3.06664,3.6233500000000003,3.69865,3.69526,3.62111,3.90525,3.4273300000000004,3.4260200000000003,3.44508,3.02531,3.47439,3.43903,3.44375,3.44384,3.4578,3.02692,3.01485,3.08202,2.92008,2.84419,2.97426,3.13781,3.31049,3.36268,2.9982100000000003,2.84896,2.9372100000000003
Bacteroides clarus,3.4311499999999997,3.76678,3.76678,3.77658,3.7426,3.77718,3.77941,3.74622,3.76428,3.77119,3.7738199999999997,3.8087099999999996,3.8028899999999997,3.4225399999999997,3.58215,3.58215,3.38576,3.36602,3.36653,3.35803,3.33603,3.37581,3.3282,3.26496,3.2677899999999998,3.2654199999999998,3.2666199999999996,3.3136,3.32908,3.32605,3.31902,3.2828999999999997,3.25969,3.27235,3.30015,3.31133,3.30863,3.22659,3.22565,3.34123,3.1224499999999997,3.2473,3.21582,3.25331,3.30604,3.2390299999999996,0.062240000000000004,0.17828,0.10307000000000001,0.10605,0.02356,0.10433,0.10183,0.17879,0.022220000000000004,0.15561,0.06877,0.18492,0.10289000000000001,0.16949999999999998,0.15967,0.16601,0.18734,0.09997,0.15369,0.0,0.33641,0.33267,0.35169,0.32247,0.34331,0.35180999999999996,0.7454000000000001,0.76647,0.7726500000000001,0.7464200000000001,0.76204,0.7652800000000001,0.55151,0.55362,1.5232100000000002,1.5122,1.5045199999999999,1.48061,1.25006,0.67978,0.66847,0.6837,0.66919,0.67788,0.68006,0.67047,0.97129,0.99688,0.63239,3.3472299999999997,3.1824500000000002,3.18473,3.18006,3.18321,3.1822299999999997,3.18446,3.1121499999999997,3.1834,3.15025,3.14189,3.6986,3.7739000000000003,3.77051,3.69636,3.9805,3.50258,3.50127,3.52033,3.1005599999999998,3.54964,3.51428,3.519,3.51909,3.5330500000000002,3.10217,3.0901,3.15727,2.99533,2.91944,3.0495099999999997,3.21306,3.38574,3.4379299999999997,3.07346,2.92421,3.01246
Phocaeicola dorei,3.35916,3.6947900000000002,3.6947900000000002,3.70459,3.67061,3.70519,3.70742,3.6742299999999997,3.69229,3.6992000000000003,3.70183,3.73672,3.7309,3.35055,3.51016,3.51016,3.31377,3.2940300000000002,3.29454,3.28604,3.2640399999999996,3.30382,3.25621,3.19297,3.1958,3.19343,3.19463,3.2416099999999997,3.25709,3.25406,3.2470299999999996,3.21091,3.1877,3.20036,3.22816,3.23934,3.23664,3.1546,3.15366,3.26924,3.05046,3.1753099999999996,3.14383,3.18132,3.23405,3.16704,0.33138999999999996,0.29791,0.31235999999999997,0.31533999999999995,0.33569,0.31362,0.31112,0.29842,0.33945000000000003,0.26308,0.33792,0.30455,0.31218,0.28913,0.2793,0.28564,0.30696999999999997,0.30926,0.26116,0.33641,0.0,0.0107,0.18802000000000002,0.05852,0.17964000000000002,0.18814,0.67341,0.69448,0.7006600000000001,0.67443,0.69005,0.6932900000000001,0.47951999999999995,0.48163,1.4512200000000002,1.44021,1.4325299999999999,1.40862,1.17807,0.60779,0.59648,0.61171,0.5972,0.60589,0.60807,0.59848,0.8993,0.92489,0.5604,3.27524,3.11046,3.11274,3.1080699999999997,3.11122,3.11024,3.11247,3.04016,3.1114100000000002,3.07826,3.0699,3.62661,3.70191,3.6985200000000003,3.62437,3.9085099999999997,3.43059,3.42928,3.44834,3.02857,3.4776499999999997,3.44229,3.4470099999999997,3.4471,3.46106,3.03018,3.01811,3.08528,2.9233399999999996,2.8474500000000003,2.97752,3.14107,3.3137499999999998,3.36594,3.00147,2.85222,2.94047
Phocaeicola vulgatus,3.35542,3.69105,3.69105,3.70085,3.6668700000000003,3.7014500000000004,3.7036800000000003,3.67049,3.68855,3.69546,3.69809,3.73298,3.72716,3.34681,3.5064200000000003,3.5064200000000003,3.3100300000000002,3.29029,3.2908,3.2823,3.2603,3.3000800000000003,3.2524699999999998,3.1892300000000002,3.19206,3.18969,3.19089,3.23787,3.25335,3.2503200000000003,3.24329,3.20717,3.18396,3.1966200000000002,3.2244200000000003,3.2356,3.2329,3.1508599999999998,3.14992,3.2655000000000003,3.04672,3.17157,3.14009,3.17758,3.2303100000000002,3.1633,0.32765,0.29417,0.30862,0.3116,0.33194999999999997,0.30988,0.30738,0.29468,0.33571,0.25934,0.33418000000000003,0.30081,0.30844,0.28539000000000003,0.27556,0.28190000000000004,0.30323,0.30552,0.25742,0.33267,0.0107,0.0,0.18428,0.054779999999999995,0.1759,0.1844,0.66967,0.6907399999999999,0.69692,0.67069,0.68631,0.6895500000000001,0.47578,0.47789,1.44748,1.43647,1.42879,1.40488,1.17433,0.60405,0.59274,0.60797,0.59346,0.60215,0.60433,0.59474,0.89556,0.92115,0.5566599999999999,3.2714999999999996,3.10672,3.109,3.10433,3.10748,3.1064999999999996,3.10873,3.0364199999999997,3.1076699999999997,3.07452,3.06616,3.62287,3.69817,3.69478,3.6206300000000002,3.90477,3.42685,3.42554,3.4446000000000003,3.02483,3.47391,3.43855,3.44327,3.44336,3.45732,3.02644,3.01437,3.0815400000000004,2.9196,2.84371,2.97378,3.1373300000000004,3.31001,3.3621999999999996,2.99773,2.8484800000000003,2.93673
Phocaeicola plebeius,3.37444,3.71007,3.71007,3.7198700000000002,3.68589,3.72047,3.7227,3.6895100000000003,3.70757,3.71448,3.71711,3.752,3.74618,3.36583,3.52544,3.52544,3.32905,3.30931,3.30982,3.30132,3.2793200000000002,3.3191,3.27149,3.20825,3.21108,3.20871,3.20991,3.2568900000000003,3.27237,3.26934,3.2623100000000003,3.22619,3.20298,3.21564,3.24344,3.25462,3.25192,3.16988,3.16894,3.28452,3.06574,3.1905900000000003,3.15911,3.1966,3.24933,3.18232,0.34667000000000003,0.31318999999999997,0.32764000000000004,0.33062,0.35097,0.32889999999999997,0.3264,0.3137,0.35473,0.27836,0.3532,0.31983,0.32746,0.30441,0.29458,0.30092,0.32225000000000004,0.32454000000000005,0.27644,0.35169,0.18802000000000002,0.18428,0.0,0.17408,0.09522,0.095,0.68869,0.70976,0.71594,0.68971,0.70533,0.70857,0.4948,0.49690999999999996,1.4665,1.45549,1.44781,1.4239,1.1933500000000001,0.62307,0.6117600000000001,0.62699,0.61248,0.62117,0.6233500000000001,0.6137600000000001,0.91458,0.94017,0.57568,3.29052,3.12574,3.1280200000000002,3.12335,3.1265,3.12552,3.12775,3.05544,3.12669,3.09354,3.0851800000000003,3.64189,3.7171900000000004,3.7138,3.63965,3.9237900000000003,3.44587,3.44456,3.46362,3.04385,3.4929300000000003,3.45757,3.4622900000000003,3.46238,3.4763400000000004,3.0454600000000003,3.03339,3.10056,2.9386200000000002,2.86273,2.9928,3.15635,3.3290300000000004,3.38122,3.01675,2.8675,2.95575
Phocaeicola massiliensis,3.3452200000000003,3.6808500000000004,3.6808500000000004,3.69065,3.65667,3.69125,3.69348,3.66029,3.67835,3.6852600000000004,3.6878900000000003,3.72278,3.7169600000000003,3.3366100000000003,3.49622,3.49622,3.29983,3.2800900000000004,3.2806,3.2721,3.2500999999999998,3.28988,3.24227,3.17903,3.1818600000000004,3.1794900000000004,3.1806900000000002,3.22767,3.24315,3.24012,3.23309,3.1969700000000003,3.17376,3.18642,3.21422,3.2254,3.2227,3.14066,3.13972,3.2553,3.0365200000000003,3.16137,3.12989,3.16738,3.22011,3.1531000000000002,0.31745,0.28397,0.29842,0.3014,0.32175,0.29968,0.29718,0.28448,0.32551,0.24913999999999997,0.32398,0.29061,0.29824,0.27519,0.26536,0.2717,0.29303,0.29532,0.24722,0.32247,0.05852,0.054779999999999995,0.17408,0.0,0.16570000000000001,0.1742,0.65947,0.6805399999999999,0.68672,0.66049,0.67611,0.6793500000000001,0.46558,0.46769,1.4372800000000001,1.4262700000000001,1.41859,1.3946800000000001,1.16413,0.59385,0.5825400000000001,0.59777,0.58326,0.59195,0.59413,0.5845400000000001,0.88536,0.91095,0.54646,3.2613,3.09652,3.0987999999999998,3.09413,3.0972799999999996,3.0963,3.0985300000000002,3.02622,3.09747,3.0643200000000004,3.05596,3.61267,3.68797,3.6845800000000004,3.61043,3.89457,3.41665,3.41534,3.4344,3.0146300000000004,3.46371,3.42835,3.43307,3.43316,3.44712,3.01624,3.0041700000000002,3.07134,2.9093999999999998,2.8335100000000004,2.9635800000000003,3.12713,3.29981,3.352,2.98753,2.83828,2.92653
Phocaeicola coprocola,3.36606,3.70169,3.70169,3.7114900000000004,3.67751,3.71209,3.71432,3.68113,3.6991899999999998,3.7061,3.70873,3.74362,3.7378,3.35745,3.51706,3.51706,3.32067,3.30093,3.3014400000000004,3.2929399999999998,3.27094,3.31072,3.26311,3.1998699999999998,3.2027,3.20033,3.20153,3.24851,3.2639899999999997,3.26096,3.25393,3.21781,3.1946000000000003,3.2072599999999998,3.23506,3.2462400000000002,3.2435400000000003,3.1615,3.1605600000000003,3.27614,3.05736,3.18221,3.1507300000000003,3.1882200000000003,3.2409499999999998,3.17394,0.33829,0.30481,0.31926,0.32223999999999997,0.34259,0.32052,0.31802,0.30532000000000004,0.34635000000000005,0.26998,0.34482,0.31145,0.31908000000000003,0.29603,0.2862,0.29254,0.31387,0.31616,0.26806,0.34331,0.17964000000000002,0.1759,0.09522,0.16570000000000001,0.0,0.09534000000000001,0.68031,0.70138,0.7075600000000001,0.68133,0.6969500000000001,0.7001900000000001,0.48641999999999996,0.48853,1.45812,1.44711,1.43943,1.41552,1.18497,0.61469,0.60338,0.6186100000000001,0.6041000000000001,0.61279,0.61497,0.60538,0.9062,0.93179,0.5672999999999999,3.28214,3.11736,3.1196400000000004,3.11497,3.1181200000000002,3.11714,3.11937,3.04706,3.11831,3.08516,3.0768,3.6335100000000002,3.70881,3.70542,3.6312699999999998,3.91541,3.4374900000000004,3.4361800000000002,3.45524,3.03547,3.48455,3.4491899999999998,3.45391,3.4539999999999997,3.46796,3.0370800000000004,3.02501,3.09218,2.93024,2.85435,2.98442,3.14797,3.32065,3.37284,3.00837,2.85912,2.9473700000000003
Phocaeicola coprophilus,3.37456,3.71019,3.71019,3.71999,3.68601,3.72059,3.72282,3.68963,3.70769,3.7146,3.71723,3.7521199999999997,3.7462999999999997,3.3659499999999998,3.52556,3.52556,3.32917,3.30943,3.30994,3.30144,3.27944,3.31922,3.27161,3.20837,3.2112,3.20883,3.2100299999999997,3.25701,3.27249,3.26946,3.26243,3.22631,3.2031,3.21576,3.24356,3.25474,3.25204,3.17,3.16906,3.28464,3.06586,3.19071,3.15923,3.19672,3.24945,3.1824399999999997,0.34679,0.31331,0.32776,0.33074,0.35109,0.32902,0.32652000000000003,0.31382,0.35485,0.27847999999999995,0.35331999999999997,0.31994999999999996,0.32758,0.30452999999999997,0.29469999999999996,0.30104,0.32237,0.32466,0.27656000000000003,0.35180999999999996,0.18814,0.1844,0.095,0.1742,0.09534000000000001,0.0,0.6888099999999999,0.70988,0.71606,0.6898299999999999,0.70545,0.70869,0.49491999999999997,0.49702999999999997,1.46662,1.45561,1.44793,1.42402,1.19347,0.6231899999999999,0.61188,0.6271100000000001,0.6126,0.6212899999999999,0.62347,0.61388,0.9147,0.94029,0.5758,3.29064,3.1258600000000003,3.12814,3.12347,3.12662,3.1256399999999998,3.12787,3.05556,3.12681,3.09366,3.0853,3.64201,3.7173100000000003,3.71392,3.63977,3.9239100000000002,3.44599,3.44468,3.46374,3.04397,3.49305,3.45769,3.46241,3.4625,3.4764600000000003,3.04558,3.03351,3.10068,2.93874,2.86285,2.99292,3.15647,3.3291500000000003,3.38134,3.01687,2.86762,2.95587
Prevotella sp900313215,3.67007,4.0057,4.0057,4.0155,3.9815199999999997,4.0161,4.01833,3.98514,4.0032,4.01011,4.01274,4.04763,4.04181,3.66146,3.8210699999999997,3.8210699999999997,3.6246799999999997,3.60494,3.6054500000000003,3.5969499999999996,3.57495,3.6147299999999998,3.56712,3.5038799999999997,3.50671,3.50434,3.50554,3.55252,3.5679999999999996,3.5649699999999998,3.55794,3.52182,3.49861,3.5112699999999997,3.5390699999999997,3.55025,3.54755,3.46551,3.46457,3.5801499999999997,3.36137,3.48622,3.45474,3.49223,3.5449599999999997,3.47795,0.74038,0.7069,0.7213499999999999,0.7243299999999999,0.74468,0.72261,0.72011,0.70741,0.74844,0.67207,0.74691,0.71354,0.72117,0.69812,0.68829,0.69463,0.7159599999999999,0.71825,0.67015,0.7454000000000001,0.67341,0.66967,0.68869,0.65947,0.68031,0.6888099999999999,0.0,0.10221,0.10839000000000001,0.32132000000000005,0.09778,0.10102,0.59941,0.60152,1.76213,1.75112,1.74344,1.71953,1.4889800000000002,0.9187000000000001,0.90739,0.92262,0.90811,0.9168000000000001,0.91898,0.90939,1.21021,1.2358,0.87131,3.58615,3.42137,3.4236500000000003,3.41898,3.42213,3.42115,3.42338,3.35107,3.42232,3.38917,3.3808100000000003,3.93752,4.01282,4.00943,3.9352799999999997,4.2194199999999995,3.7415000000000003,3.74019,3.7592499999999998,3.33948,3.78856,3.7531999999999996,3.75792,3.7580099999999996,3.77197,3.3410900000000003,3.32902,3.39619,3.23425,3.15836,3.28843,3.45198,3.62466,3.67685,3.31238,3.1631299999999998,3.25138
Prevotella sp900551275,3.69114,4.02677,4.02677,4.03657,4.00259,4.03717,4.0394,4.006209999999999,4.02427,4.03118,4.03381,4.0687,4.06288,3.68253,3.8421399999999997,3.8421399999999997,3.6457499999999996,3.62601,3.62652,3.6180199999999996,3.5960199999999998,3.6357999999999997,3.58819,3.5249499999999996,3.52778,3.52541,3.52661,3.57359,3.5890699999999995,3.5860399999999997,3.57901,3.54289,3.51968,3.5323399999999996,3.5601399999999996,3.57132,3.56862,3.48658,3.48564,3.6012199999999996,3.38244,3.50729,3.47581,3.5133,3.5660299999999996,3.49902,0.76145,0.72797,0.74242,0.7454,0.7657499999999999,0.7436799999999999,0.74118,0.72848,0.7695099999999999,0.69314,0.7679799999999999,0.73461,0.74224,0.71919,0.70936,0.7157,0.73703,0.73932,0.69122,0.76647,0.69448,0.6907399999999999,0.70976,0.6805399999999999,0.70138,0.70988,0.10221,0.0,0.05284,0.34238999999999997,0.00579,0.00779,0.6204799999999999,0.62259,1.7832,1.77219,1.76451,1.7406,1.5100500000000001,0.93977,0.92846,0.9436899999999999,0.9291799999999999,0.93787,0.9400499999999999,0.93046,1.23128,1.2568700000000002,0.89238,3.60722,3.44244,3.4447200000000002,3.44005,3.4432,3.44222,3.44445,3.37214,3.44339,3.41024,3.4018800000000002,3.95859,4.0338899999999995,4.0305,3.9563499999999996,4.240489999999999,3.76257,3.76126,3.7803199999999997,3.36055,3.80963,3.7742699999999996,3.77899,3.7790799999999996,3.79304,3.3621600000000003,3.35009,3.4172599999999997,3.2553199999999998,3.17943,3.3095,3.4730499999999997,3.64573,3.69792,3.33345,3.1841999999999997,3.27245
Prevotella copri_A,3.69732,4.03295,4.03295,4.04275,4.00877,4.04335,4.04558,4.01239,4.03045,4.03736,4.0399899999999995,4.07488,4.06906,3.68871,3.84832,3.84832,3.65193,3.63219,3.6327,3.6242,3.6022,3.64198,3.5943699999999996,3.53113,3.53396,3.53159,3.53279,3.57977,3.59525,3.59222,3.58519,3.54907,3.5258599999999998,3.53852,3.56632,3.5774999999999997,3.5747999999999998,3.4927599999999996,3.4918199999999997,3.6074,3.38862,3.51347,3.4819899999999997,3.5194799999999997,3.57221,3.5052,0.76763,0.7341500000000001,0.7486,0.75158,0.77193,0.74986,0.74736,0.7346600000000001,0.77569,0.69932,0.77416,0.7407900000000001,0.7484200000000001,0.7253700000000001,0.7155400000000001,0.7218800000000001,0.74321,0.7455,0.6974,0.7726500000000001,0.7006600000000001,0.69692,0.71594,0.68672,0.7075600000000001,0.71606,0.10839000000000001,0.05284,0.0,0.34857000000000005,0.04841,0.05165,0.62666,0.62877,1.78938,1.77837,1.77069,1.74678,1.5162300000000002,0.9459500000000001,0.93464,0.94987,0.93536,0.9440500000000001,0.94623,0.93664,1.23746,1.26305,0.89856,3.6134,3.44862,3.4509,3.44623,3.4493799999999997,3.4484,3.4506300000000003,3.37832,3.44957,3.4164200000000005,3.40806,3.9647699999999997,4.04007,4.0366800000000005,3.96253,4.24667,3.76875,3.7674399999999997,3.7865,3.36673,3.81581,3.78045,3.78517,3.78526,3.79922,3.36834,3.3562700000000003,3.4234400000000003,3.2615,3.18561,3.31568,3.4792300000000003,3.65191,3.7041,3.3396299999999997,3.19038,3.2786299999999997
Prevotella stercorea,3.67109,4.00672,4.00672,4.01652,3.98254,4.01712,4.01935,3.98616,4.00422,4.01113,4.0137599999999996,4.04865,4.04283,3.66248,3.82209,3.82209,3.6257,3.60596,3.60647,3.59797,3.57597,3.6157500000000002,3.5681399999999996,3.5049,3.50773,3.50536,3.50656,3.55354,3.56902,3.56599,3.55896,3.52284,3.49963,3.51229,3.54009,3.5512699999999997,3.54857,3.4665299999999997,3.4655899999999997,3.58117,3.36239,3.48724,3.4557599999999997,3.4932499999999997,3.54598,3.47897,0.7414000000000001,0.70792,0.72237,0.7253499999999999,0.7457,0.72363,0.72113,0.70843,0.74946,0.67309,0.74793,0.71456,0.72219,0.69914,0.68931,0.69565,0.71698,0.7192700000000001,0.67117,0.7464200000000001,0.67443,0.67069,0.68971,0.66049,0.68133,0.6898299999999999,0.32132000000000005,0.34238999999999997,0.34857000000000005,0.0,0.33796000000000004,0.3412,0.60043,0.6025400000000001,1.76315,1.75214,1.7444600000000001,1.72055,1.4900000000000002,0.9197200000000001,0.90841,0.92364,0.90913,0.9178200000000001,0.92,0.91041,1.21123,1.23682,0.8723299999999999,3.58717,3.42239,3.42467,3.42,3.4231499999999997,3.42217,3.4244000000000003,3.35209,3.42334,3.3901900000000005,3.38183,3.9385399999999997,4.01384,4.0104500000000005,3.9363,4.22044,3.74252,3.7412099999999997,3.7602700000000002,3.3405,3.78958,3.75422,3.75894,3.75903,3.77299,3.34211,3.3300400000000003,3.3972100000000003,3.23527,3.15938,3.28945,3.4530000000000003,3.62568,3.67787,3.3133999999999997,3.1641500000000002,3.2523999999999997
Prevotella sp015074785,3.68671,4.02234,4.02234,4.03214,3.9981600000000004,4.03274,4.03497,4.00178,4.01984,4.02675,4.02938,4.0642700000000005,4.058450000000001,3.6781,3.8377100000000004,3.8377100000000004,3.6413200000000003,3.6215800000000002,3.62209,3.6135900000000003,3.59159,3.6313700000000004,3.58376,3.5205200000000003,3.52335,3.52098,3.52218,3.56916,3.5846400000000003,3.5816100000000004,3.57458,3.53846,3.51525,3.5279100000000003,3.5557100000000004,3.56689,3.56419,3.48215,3.48121,3.5967900000000004,3.37801,3.50286,3.47138,3.50887,3.5616000000000003,3.49459,0.75702,0.7235400000000001,0.73799,0.74097,0.76132,0.73925,0.73675,0.7240500000000001,0.76508,0.68871,0.76355,0.73018,0.7378100000000001,0.7147600000000001,0.7049300000000001,0.7112700000000001,0.7326,0.73489,0.68679,0.76204,0.69005,0.68631,0.70533,0.67611,0.6969500000000001,0.70545,0.09778,0.00579,0.04841,0.33796000000000004,0.0,0.0046,0.61605,0.61816,1.7787700000000002,1.76776,1.7600799999999999,1.73617,1.50562,0.9353400000000001,0.92403,0.93926,0.92475,0.93344,0.93562,0.92603,1.22685,1.25244,0.88795,3.60279,3.4380100000000002,3.44029,3.43562,3.43877,3.43779,3.4400200000000005,3.36771,3.4389600000000002,3.40581,3.39745,3.95416,4.02946,4.026070000000001,3.9519200000000003,4.23606,3.75814,3.75683,3.7758900000000004,3.35612,3.8052,3.7698400000000003,3.77456,3.7746500000000003,3.7886100000000003,3.35773,3.3456600000000005,3.4128300000000005,3.25089,3.1750000000000003,3.30507,3.4686200000000005,3.6413,3.69349,3.32902,3.1797700000000004,3.26802
Prevotella copri,3.68995,4.02558,4.02558,4.03538,4.0014,4.03598,4.03821,4.00502,4.02308,4.02999,4.03262,4.06751,4.0616900000000005,3.68134,3.8409500000000003,3.8409500000000003,3.6445600000000002,3.62482,3.62533,3.61683,3.59483,3.6346100000000003,3.5869999999999997,3.5237600000000002,3.52659,3.52422,3.52542,3.5724,3.58788,3.5848500000000003,3.57782,3.5417,3.51849,3.5311500000000002,3.5589500000000003,3.57013,3.56743,3.4853899999999998,3.48445,3.6000300000000003,3.38125,3.5061,3.47462,3.51211,3.5648400000000002,3.49783,0.76026,0.72678,0.74123,0.74421,0.7645600000000001,0.7424900000000001,0.73999,0.72729,0.7683200000000001,0.6919500000000001,0.7667900000000001,0.7334200000000001,0.74105,0.7180000000000001,0.7081700000000001,0.7145100000000001,0.73584,0.7381300000000001,0.69003,0.7652800000000001,0.6932900000000001,0.6895500000000001,0.70857,0.6793500000000001,0.7001900000000001,0.70869,0.10102,0.00779,0.05165,0.3412,0.0046,0.0,0.61929,0.6214,1.78201,1.771,1.76332,1.73941,1.50886,0.93858,0.92727,0.9425000000000001,0.9279900000000001,0.93668,0.93886,0.92927,1.2300900000000001,1.25568,0.8911899999999999,3.60603,3.44125,3.44353,3.43886,3.44201,3.44103,3.4432600000000004,3.37095,3.4422,3.4090500000000006,3.40069,3.9574,4.0327,4.029310000000001,3.9551600000000002,4.2393,3.76138,3.76007,3.7791300000000003,3.35936,3.80844,3.77308,3.7778,3.77789,3.79185,3.36097,3.3489000000000004,3.4160700000000004,3.25413,3.17824,3.30831,3.4718600000000004,3.64454,3.69673,3.3322599999999998,3.1830100000000003,3.27126
Paraprevotella clara,3.4761800000000003,3.8118100000000004,3.8118100000000004,3.82161,3.78763,3.82221,3.82444,3.79125,3.80931,3.8162200000000004,3.8188500000000003,3.85374,3.8479200000000002,3.4675700000000003,3.62718,3.62718,3.43079,3.4110500000000004,3.41156,3.40306,3.3810599999999997,3.42084,3.37323,3.30999,3.3128200000000003,3.3104500000000003,3.31165,3.35863,3.37411,3.37108,3.3640499999999998,3.3279300000000003,3.30472,3.31738,3.34518,3.35636,3.35366,3.27162,3.27068,3.38626,3.1674800000000003,3.2923299999999998,3.26085,3.29834,3.35107,3.28406,0.5464899999999999,0.51301,0.52746,0.53044,0.55079,0.52872,0.52622,0.51352,0.55455,0.47818,0.55302,0.51965,0.52728,0.50423,0.49439999999999995,0.50074,0.52207,0.5243599999999999,0.47626,0.55151,0.47951999999999995,0.47578,0.4948,0.46558,0.48641999999999996,0.49491999999999997,0.59941,0.6204799999999999,0.62666,0.60043,0.61605,0.61929,0.0,0.01601,1.56824,1.5572300000000001,1.54955,1.52564,1.29509,0.72481,0.7135,0.7287300000000001,0.7142200000000001,0.7229099999999999,0.72509,0.7155,1.01632,1.0419100000000001,0.6774199999999999,3.3922600000000003,3.22748,3.22976,3.22509,3.22824,3.2272600000000002,3.22949,3.1571800000000003,3.2284300000000004,3.1952800000000003,3.1869199999999998,3.74363,3.81893,3.8155400000000004,3.74139,4.02553,3.54761,3.5463,3.56536,3.1455900000000003,3.59467,3.55931,3.56403,3.56412,3.57808,3.1472,3.13513,3.2023,3.0403599999999997,2.9644700000000004,3.0945400000000003,3.25809,3.43077,3.4829600000000003,3.11849,2.96924,3.05749
Paraprevotella xylaniphila,3.4782900000000003,3.8139200000000004,3.8139200000000004,3.8237200000000002,3.78974,3.82432,3.82655,3.79336,3.81142,3.8183300000000004,3.8209600000000004,3.85585,3.8500300000000003,3.4696800000000003,3.62929,3.62929,3.4329,3.4131600000000004,3.41367,3.40517,3.38317,3.42295,3.37534,3.3121,3.3149300000000004,3.3125600000000004,3.3137600000000003,3.36074,3.37622,3.37319,3.36616,3.3300400000000003,3.30683,3.31949,3.34729,3.35847,3.35577,3.27373,3.27279,3.38837,3.1695900000000004,3.29444,3.26296,3.30045,3.35318,3.2861700000000003,0.5486,0.51512,0.52957,0.53255,0.5529,0.5308299999999999,0.52833,0.51563,0.5566599999999999,0.48029,0.5551299999999999,0.52176,0.52939,0.50634,0.49651,0.50285,0.52418,0.52647,0.47836999999999996,0.55362,0.48163,0.47789,0.49690999999999996,0.46769,0.48853,0.49702999999999997,0.60152,0.62259,0.62877,0.6025400000000001,0.61816,0.6214,0.01601,0.0,1.57035,1.55934,1.55166,1.52775,1.2972000000000001,0.72692,0.7156100000000001,0.73084,0.71633,0.72502,0.7272000000000001,0.7176100000000001,1.01843,1.04402,0.67953,3.39437,3.22959,3.23187,3.2272,3.2303499999999996,3.22937,3.2316000000000003,3.15929,3.23054,3.1973900000000004,3.18903,3.74574,3.82104,3.8176500000000004,3.7435,4.02764,3.54972,3.54841,3.56747,3.1477000000000004,3.59678,3.56142,3.56614,3.56623,3.58019,3.14931,3.1372400000000003,3.20441,3.04247,2.9665800000000004,3.0966500000000003,3.2602,3.43288,3.48507,3.1206,2.97135,3.0596
Alistipes onderdonkii,3.596,3.93163,3.93163,3.9414300000000004,3.90745,3.94203,3.94426,3.91107,3.92913,3.93604,3.93867,3.97356,3.96774,3.58739,3.747,3.747,3.55061,3.53087,3.5313800000000004,3.52288,3.50088,3.54066,3.49305,3.42981,3.43264,3.43027,3.43147,3.47845,3.4939299999999998,3.4909,3.48387,3.44775,3.4245400000000004,3.4372,3.465,3.4761800000000003,3.4734800000000003,3.3914400000000002,3.3905000000000003,3.50608,3.2873,3.41215,3.3806700000000003,3.4181600000000003,3.47089,3.40388,1.5181900000000002,1.4847100000000002,1.49916,1.50214,1.52249,1.50042,1.4979200000000001,1.48522,1.52625,1.44988,1.52472,1.4913500000000002,1.49898,1.47593,1.4661,1.4724400000000002,1.49377,1.49606,1.4479600000000001,1.5232100000000002,1.4512200000000002,1.44748,1.4665,1.4372800000000001,1.45812,1.46662,1.76213,1.7832,1.78938,1.76315,1.7787700000000002,1.78201,1.56824,1.57035,0.0,0.05809,0.10847,0.27108,0.5936899999999999,1.4167900000000002,1.40548,1.4207100000000001,1.4062000000000001,1.4148900000000002,1.41707,1.40748,1.2889,1.3144900000000002,1.40854,3.51208,3.3472999999999997,3.34958,3.3449099999999996,3.34806,3.34708,3.34931,3.277,3.34825,3.3151,3.3067399999999996,3.8634500000000003,3.93875,3.93536,3.86121,4.1453500000000005,3.6674300000000004,3.6661200000000003,3.68518,3.26541,3.71449,3.67913,3.68385,3.6839399999999998,3.6979,3.26702,3.25495,3.32212,3.16018,3.08429,3.21436,3.37791,3.55059,3.60278,3.2383100000000002,3.08906,3.1773100000000003
Alistipes finegoldii,3.58499,3.92062,3.92062,3.93042,3.89644,3.93102,3.93325,3.90006,3.91812,3.92503,3.92766,3.96255,3.95673,3.57638,3.73599,3.73599,3.5396,3.51986,3.5203699999999998,3.51187,3.48987,3.52965,3.4820399999999996,3.4188,3.42163,3.41926,3.42046,3.46744,3.48292,3.47989,3.47286,3.43674,3.4135299999999997,3.42619,3.45399,3.4651699999999996,3.4624699999999997,3.3804299999999996,3.3794899999999997,3.49507,3.27629,3.40114,3.3696599999999997,3.4071499999999997,3.45988,3.39287,1.50718,1.4737,1.48815,1.49113,1.51148,1.48941,1.48691,1.47421,1.51524,1.43887,1.51371,1.48034,1.48797,1.46492,1.45509,1.46143,1.4827599999999999,1.48505,1.43695,1.5122,1.44021,1.43647,1.45549,1.4262700000000001,1.44711,1.45561,1.75112,1.77219,1.77837,1.75214,1.76776,1.771,1.5572300000000001,1.55934,0.05809,0.0,0.09745999999999999,0.26006999999999997,0.58268,1.40578,1.39447,1.4097,1.39519,1.40388,1.40606,1.3964699999999999,1.27789,1.30348,1.39753,3.50107,3.33629,3.33857,3.3339,3.3370499999999996,3.33607,3.3383000000000003,3.26599,3.33724,3.3040900000000004,3.29573,3.8524399999999996,3.92774,3.92435,3.8502,4.13434,3.65642,3.6551099999999996,3.67417,3.2544,3.70348,3.66812,3.67284,3.67293,3.68689,3.25601,3.2439400000000003,3.31111,3.14917,3.07328,3.20335,3.3669000000000002,3.53958,3.59177,3.2272999999999996,3.07805,3.1662999999999997
Alistipes shahii,3.57731,3.9129400000000003,3.9129400000000003,3.92274,3.8887600000000004,3.9233400000000005,3.9255700000000004,3.89238,3.9104400000000004,3.9173500000000003,3.9199800000000002,3.95487,3.94905,3.5687,3.7283100000000005,3.7283100000000005,3.5319200000000004,3.5121800000000003,3.51269,3.5041900000000004,3.48219,3.5219700000000005,3.47436,3.4111200000000004,3.4139500000000003,3.4115800000000003,3.41278,3.45976,3.4752400000000003,3.4722100000000005,3.46518,3.42906,3.40585,3.4185100000000004,3.4463100000000004,3.45749,3.45479,3.37275,3.37181,3.4873900000000004,3.2686100000000002,3.39346,3.36198,3.39947,3.4522000000000004,3.38519,1.4994999999999998,1.4660199999999999,1.48047,1.48345,1.5038,1.48173,1.4792299999999998,1.4665300000000001,1.50756,1.43119,1.50603,1.4726599999999999,1.48029,1.45724,1.44741,1.4537499999999999,1.47508,1.47737,1.4292699999999998,1.5045199999999999,1.4325299999999999,1.42879,1.44781,1.41859,1.43943,1.44793,1.74344,1.76451,1.77069,1.7444600000000001,1.7600799999999999,1.76332,1.54955,1.55166,0.10847,0.09745999999999999,0.0,0.25239,0.575,1.3981,1.38679,1.4020199999999998,1.38751,1.3961999999999999,1.39838,1.38879,1.27021,1.2957999999999998,1.38985,3.4933899999999998,3.3286100000000003,3.33089,3.32622,3.32937,3.3283899999999997,3.33062,3.25831,3.32956,3.29641,3.28805,3.84476,3.9200600000000003,3.9166700000000003,3.8425200000000004,4.12666,3.64874,3.64743,3.6664900000000005,3.2467200000000003,3.6958,3.6604400000000004,3.66516,3.6652500000000003,3.6792100000000003,3.24833,3.23626,3.3034300000000005,3.14149,3.0656000000000003,3.1956700000000002,3.3592200000000005,3.5319000000000003,3.5840899999999998,3.21962,3.0703700000000005,3.15862
Alistipes putredinis,3.5534,3.88903,3.88903,3.8988300000000002,3.8648499999999997,3.8994299999999997,3.9016599999999997,3.86847,3.8865299999999996,3.89344,3.89607,3.93096,3.92514,3.54479,3.7043999999999997,3.7043999999999997,3.5080099999999996,3.48827,3.48878,3.4802799999999996,3.45828,3.4980599999999997,3.45045,3.3872099999999996,3.39004,3.38767,3.38887,3.43585,3.4513299999999996,3.4482999999999997,3.44127,3.40515,3.38194,3.3945999999999996,3.4223999999999997,3.43358,3.43088,3.34884,3.3479,3.4634799999999997,3.2447,3.36955,3.33807,3.37556,3.4282899999999996,3.36128,1.47559,1.44211,1.45656,1.45954,1.47989,1.45782,1.45532,1.44262,1.48365,1.40728,1.48212,1.44875,1.45638,1.43333,1.4235,1.42984,1.4511699999999998,1.45346,1.40536,1.48061,1.40862,1.40488,1.4239,1.3946800000000001,1.41552,1.42402,1.71953,1.7406,1.74678,1.72055,1.73617,1.73941,1.52564,1.52775,0.27108,0.26006999999999997,0.25239,0.0,0.55109,1.37419,1.36288,1.37811,1.3636,1.37229,1.37447,1.3648799999999999,1.2463,1.27189,1.36594,3.46948,3.3047,3.3069800000000003,3.30231,3.30546,3.30448,3.30671,3.2344,3.30565,3.2725,3.2641400000000003,3.82085,3.89615,3.89276,3.8186099999999996,4.10275,3.62483,3.62352,3.6425799999999997,3.22281,3.67189,3.6365299999999996,3.64125,3.6413399999999996,3.6553,3.2244200000000003,3.21235,3.2795199999999998,3.11758,3.04169,3.17176,3.3353099999999998,3.50799,3.56018,3.19571,3.0464599999999997,3.13471
Alistipes_A indistinctus,3.32285,3.65848,3.65848,3.66828,3.6343,3.66888,3.67111,3.6379200000000003,3.65598,3.66289,3.66552,3.7004099999999998,3.69459,3.31424,3.47385,3.47385,3.27746,3.25772,3.25823,3.24973,3.22773,3.26751,3.2199,3.15666,3.15949,3.15712,3.15832,3.2053000000000003,3.22078,3.21775,3.2107200000000002,3.1746,3.15139,3.16405,3.19185,3.20303,3.20033,3.11829,3.11735,3.23293,3.01415,3.1390000000000002,3.10752,3.14501,3.19774,3.13073,1.24504,1.21156,1.22601,1.22899,1.2493400000000001,1.22727,1.22477,1.2120700000000002,1.2531,1.17673,1.25157,1.2182,1.2258300000000002,1.2027800000000002,1.1929500000000002,1.19929,1.22062,1.2229100000000002,1.17481,1.25006,1.17807,1.17433,1.1933500000000001,1.16413,1.18497,1.19347,1.4889800000000002,1.5100500000000001,1.5162300000000002,1.4900000000000002,1.50562,1.50886,1.29509,1.2972000000000001,0.5936899999999999,0.58268,0.575,0.55109,0.0,1.14364,1.13233,1.14756,1.1330500000000001,1.14174,1.14392,1.13433,1.0157500000000002,1.04134,1.1353900000000001,3.23893,3.07415,3.07643,3.07176,3.07491,3.07393,3.07616,3.00385,3.0751,3.04195,3.0335900000000002,3.5903,3.6656000000000004,3.66221,3.58806,3.8722000000000003,3.39428,3.39297,3.41203,2.99226,3.4413400000000003,3.40598,3.4107000000000003,3.41079,3.4247500000000004,2.9938700000000003,2.9818,3.04897,2.88703,2.81114,2.94121,3.10476,3.2774400000000004,3.32963,2.96516,2.81591,2.90416
Parabacteroides distasonis,3.3247299999999997,3.66036,3.66036,3.67016,3.63618,3.67076,3.67299,3.6398,3.65786,3.66477,3.6673999999999998,3.7022899999999996,3.6964699999999997,3.3161199999999997,3.47573,3.47573,3.27934,3.2596,3.26011,3.25161,3.22961,3.26939,3.22178,3.15854,3.16137,3.159,3.1601999999999997,3.20718,3.22266,3.21963,3.2126,3.1764799999999997,3.15327,3.16593,3.19373,3.20491,3.20221,3.12017,3.11923,3.23481,3.0160299999999998,3.14088,3.1094,3.14689,3.19962,3.1326099999999997,0.67476,0.64128,0.6557299999999999,0.6587099999999999,0.67906,0.65699,0.65449,0.64179,0.68282,0.6064499999999999,0.68129,0.64792,0.65555,0.6325000000000001,0.6226700000000001,0.6290100000000001,0.6503399999999999,0.65263,0.60453,0.67978,0.60779,0.60405,0.62307,0.59385,0.61469,0.6231899999999999,0.9187000000000001,0.93977,0.9459500000000001,0.9197200000000001,0.9353400000000001,0.93858,0.72481,0.72692,1.4167900000000002,1.40578,1.3981,1.37419,1.14364,0.0,0.14065,0.014180000000000002,0.14137,0.15006000000000003,0.15224,0.14265,0.86487,0.89046,0.56511,3.2408099999999997,3.0760300000000003,3.07831,3.07364,3.07679,3.0758099999999997,3.07804,3.00573,3.07698,3.04383,3.03547,3.59218,3.6674800000000003,3.66409,3.58994,3.87408,3.39616,3.39485,3.41391,2.99414,3.44322,3.40786,3.41258,3.41267,3.4266300000000003,2.99575,2.98368,3.05085,2.88891,2.81302,2.9430899999999998,3.10664,3.2793200000000002,3.3315099999999997,2.96704,2.81779,2.90604
Parabacteroides goldsteinii,3.31342,3.64905,3.64905,3.65885,3.62487,3.65945,3.66168,3.62849,3.64655,3.65346,3.65609,3.6909799999999997,3.6851599999999998,3.30481,3.46442,3.46442,3.26803,3.24829,3.2488,3.2403,3.2183,3.25808,3.21047,3.14723,3.15006,3.14769,3.1488899999999997,3.19587,3.21135,3.20832,3.20129,3.16517,3.14196,3.15462,3.18242,3.1936,3.1909,3.10886,3.10792,3.2235,3.00472,3.12957,3.09809,3.13558,3.18831,3.1212999999999997,0.66345,0.6299699999999999,0.64442,0.6474,0.6677500000000001,0.64568,0.6431800000000001,0.6304799999999999,0.67151,0.59514,0.66998,0.63661,0.6442399999999999,0.62119,0.61136,0.6177,0.63903,0.64132,0.5932200000000001,0.66847,0.59648,0.59274,0.6117600000000001,0.5825400000000001,0.60338,0.61188,0.90739,0.92846,0.93464,0.90841,0.92403,0.92727,0.7135,0.7156100000000001,1.40548,1.39447,1.38679,1.36288,1.13233,0.14065,0.0,0.14457,0.042080000000000006,0.11073,0.11291,0.043359999999999996,0.85356,0.87915,0.5538000000000001,3.2295,3.0647200000000003,3.067,3.06233,3.06548,3.0645,3.06673,2.99442,3.06567,3.03252,3.02416,3.58087,3.6561700000000004,3.65278,3.57863,3.8627700000000003,3.38485,3.38354,3.4026,2.98283,3.4319100000000002,3.39655,3.4012700000000002,3.40136,3.4153200000000004,2.98444,2.97237,3.03954,2.8776,2.80171,2.93178,3.09533,3.2680100000000003,3.3202,2.95573,2.80648,2.89473
Parabacteroides distasonis_A,3.32865,3.66428,3.66428,3.67408,3.6401000000000003,3.6746800000000004,3.6769100000000003,3.64372,3.6617800000000003,3.6686900000000002,3.67132,3.70621,3.70039,3.32004,3.4796500000000004,3.4796500000000004,3.2832600000000003,3.26352,3.26403,3.2555300000000003,3.23353,3.2733100000000004,3.2257,3.1624600000000003,3.16529,3.16292,3.16412,3.2111,3.2265800000000002,3.2235500000000004,3.21652,3.1804,3.15719,3.1698500000000003,3.1976500000000003,3.20883,3.20613,3.12409,3.12315,3.2387300000000003,3.01995,3.1448,3.11332,3.15081,3.2035400000000003,3.13653,0.67868,0.6452,0.6596500000000001,0.66263,0.68298,0.66091,0.65841,0.64571,0.68674,0.6103700000000001,0.6852100000000001,0.65184,0.65947,0.63642,0.62659,0.63293,0.6542600000000001,0.65655,0.60845,0.6837,0.61171,0.60797,0.62699,0.59777,0.6186100000000001,0.6271100000000001,0.92262,0.9436899999999999,0.94987,0.92364,0.93926,0.9425000000000001,0.7287300000000001,0.73084,1.4207100000000001,1.4097,1.4020199999999998,1.37811,1.14756,0.014180000000000002,0.14457,0.0,0.14529,0.15398,0.15616,0.14656999999999998,0.86879,0.89438,0.56903,3.2447299999999997,3.07995,3.08223,3.07756,3.08071,3.0797299999999996,3.08196,3.0096499999999997,3.0808999999999997,3.04775,3.03939,3.5961,3.6714,3.66801,3.5938600000000003,3.878,3.40008,3.39877,3.4178300000000004,2.99806,3.44714,3.4117800000000003,3.4165,3.4165900000000002,3.43055,2.99967,2.9876,3.0547700000000004,2.89283,2.81694,2.94701,3.1105600000000004,3.28324,3.3354299999999997,2.97096,2.8217100000000004,2.90996
Parabacteroides gordonii,3.31414,3.64977,3.64977,3.6595700000000004,3.62559,3.66017,3.6624,3.62921,3.64727,3.65418,3.65681,3.6917,3.68588,3.30553,3.46514,3.46514,3.26875,3.24901,3.2495200000000004,3.24102,3.21902,3.2588,3.21119,3.14795,3.15078,3.14841,3.14961,3.19659,3.2120699999999998,3.20904,3.20201,3.16589,3.1426800000000004,3.15534,3.18314,3.1943200000000003,3.1916200000000003,3.1095800000000002,3.1086400000000003,3.22422,3.00544,3.13029,3.0988100000000003,3.1363000000000003,3.18903,3.12202,0.6641699999999999,0.63069,0.64514,0.64812,0.66847,0.6464,0.6439,0.6312,0.67223,0.5958600000000001,0.6707000000000001,0.63733,0.64496,0.62191,0.61208,0.61842,0.63975,0.6420399999999999,0.59394,0.66919,0.5972,0.59346,0.61248,0.58326,0.6041000000000001,0.6126,0.90811,0.9291799999999999,0.93536,0.90913,0.92475,0.9279900000000001,0.7142200000000001,0.71633,1.4062000000000001,1.39519,1.38751,1.3636,1.1330500000000001,0.14137,0.042080000000000006,0.14529,0.0,0.11145,0.11363000000000001,0.0256,0.8542799999999999,0.8798699999999999,0.55452,3.23022,3.0654399999999997,3.06772,3.0630499999999996,3.0662,3.06522,3.06745,2.99514,3.06639,3.03324,3.02488,3.5815900000000003,3.65689,3.6535,3.57935,3.86349,3.3855700000000004,3.3842600000000003,3.40332,2.98355,3.43263,3.39727,3.40199,3.4020799999999998,3.41604,2.98516,2.97309,3.04026,2.87832,2.80243,2.9325,3.09605,3.26873,3.32092,2.9564500000000002,2.8072,2.8954500000000003
Parabacteroides merdae,3.3228299999999997,3.65846,3.65846,3.66826,3.63428,3.66886,3.67109,3.6379,3.65596,3.66287,3.6654999999999998,3.7003899999999996,3.6945699999999997,3.3142199999999997,3.47383,3.47383,3.27744,3.2577,3.25821,3.24971,3.22771,3.26749,3.21988,3.15664,3.15947,3.1571,3.1582999999999997,3.20528,3.22076,3.21773,3.2107,3.1745799999999997,3.15137,3.16403,3.19183,3.20301,3.20031,3.11827,3.11733,3.23291,3.0141299999999998,3.13898,3.1075,3.14499,3.19772,3.1307099999999997,0.67286,0.63938,0.6538299999999999,0.6568099999999999,0.67716,0.65509,0.65259,0.63989,0.68092,0.6045499999999999,0.6793899999999999,0.64602,0.65365,0.6306,0.62077,0.6271100000000001,0.6484399999999999,0.65073,0.60263,0.67788,0.60589,0.60215,0.62117,0.59195,0.61279,0.6212899999999999,0.9168000000000001,0.93787,0.9440500000000001,0.9178200000000001,0.93344,0.93668,0.7229099999999999,0.72502,1.4148900000000002,1.40388,1.3961999999999999,1.37229,1.14174,0.15006000000000003,0.11073,0.15398,0.11145,0.0,0.01434,0.11273,0.86297,0.88856,0.56321,3.2389099999999997,3.0741300000000003,3.07641,3.07174,3.07489,3.0739099999999997,3.07614,3.00383,3.07508,3.0419300000000002,3.03357,3.59028,3.6655800000000003,3.66219,3.58804,3.87218,3.39426,3.39295,3.41201,2.99224,3.44132,3.40596,3.41068,3.41077,3.4247300000000003,2.99385,2.98178,3.04895,2.88701,2.81112,2.9411899999999997,3.10474,3.27742,3.3296099999999997,2.96514,2.81589,2.90414
Parabacteroides johnsonii,3.32501,3.66064,3.66064,3.67044,3.63646,3.67104,3.67327,3.64008,3.65814,3.66505,3.66768,3.7025699999999997,3.6967499999999998,3.3164,3.47601,3.47601,3.27962,3.25988,3.26039,3.25189,3.22989,3.26967,3.22206,3.15882,3.16165,3.15928,3.1604799999999997,3.20746,3.22294,3.21991,3.21288,3.17676,3.15355,3.16621,3.19401,3.20519,3.20249,3.12045,3.11951,3.23509,3.01631,3.14116,3.10968,3.14717,3.1999,3.1328899999999997,0.67504,0.6415599999999999,0.65601,0.65899,0.67934,0.65727,0.6547700000000001,0.6420699999999999,0.6831,0.60673,0.68157,0.6482,0.6558299999999999,0.63278,0.62295,0.62929,0.65062,0.65291,0.6048100000000001,0.68006,0.60807,0.60433,0.6233500000000001,0.59413,0.61497,0.62347,0.91898,0.9400499999999999,0.94623,0.92,0.93562,0.93886,0.72509,0.7272000000000001,1.41707,1.40606,1.39838,1.37447,1.14392,0.15224,0.11291,0.15616,0.11363000000000001,0.01434,0.0,0.11491,0.86515,0.89074,0.5653900000000001,3.24109,3.0763100000000003,3.07859,3.07392,3.07707,3.0760899999999998,3.07832,3.00601,3.07726,3.04411,3.03575,3.59246,3.6677600000000004,3.66437,3.59022,3.8743600000000002,3.39644,3.39513,3.41419,2.99442,3.4435000000000002,3.40814,3.4128600000000002,3.41295,3.4269100000000003,2.99603,2.98396,3.05113,2.88919,2.8133,2.94337,3.10692,3.2796000000000003,3.33179,2.96732,2.81807,2.90632
Parabacteroides timonensis,3.31542,3.65105,3.65105,3.66085,3.6268700000000003,3.6614500000000003,3.6636800000000003,3.63049,3.64855,3.65546,3.65809,3.69298,3.68716,3.30681,3.4664200000000003,3.4664200000000003,3.27003,3.25029,3.2508,3.2423,3.2203,3.2600800000000003,3.2124699999999997,3.14923,3.15206,3.14969,3.15089,3.19787,3.21335,3.2103200000000003,3.20329,3.16717,3.14396,3.15662,3.1844200000000003,3.1955999999999998,3.1929,3.1108599999999997,3.10992,3.2255000000000003,3.00672,3.13157,3.10009,3.13758,3.19031,3.1233,0.66545,0.6319699999999999,0.64642,0.6494,0.6697500000000001,0.64768,0.6451800000000001,0.6324799999999999,0.67351,0.59714,0.67198,0.63861,0.6462399999999999,0.62319,0.61336,0.6197,0.64103,0.64332,0.5952200000000001,0.67047,0.59848,0.59474,0.6137600000000001,0.5845400000000001,0.60538,0.61388,0.90939,0.93046,0.93664,0.91041,0.92603,0.92927,0.7155,0.7176100000000001,1.40748,1.3964699999999999,1.38879,1.3648799999999999,1.13433,0.14265,0.043359999999999996,0.14656999999999998,0.0256,0.11273,0.11491,0.0,0.85556,0.88115,0.5558000000000001,3.2315,3.06672,3.069,3.06433,3.0674799999999998,3.0665,3.0687300000000004,2.99642,3.06767,3.03452,3.02616,3.5828699999999998,3.65817,3.65478,3.58063,3.86477,3.38685,3.3855399999999998,3.4046000000000003,2.98483,3.43391,3.39855,3.40327,3.40336,3.41732,2.98644,2.9743700000000004,3.0415400000000004,2.8796,2.80371,2.93378,3.0973300000000004,3.27001,3.3222,2.9577299999999997,2.8084800000000003,2.89673
Butyricimonas virosa,3.19684,3.53247,3.53247,3.5422700000000003,3.5082899999999997,3.5428699999999997,3.5450999999999997,3.51191,3.5299699999999996,3.53688,3.53951,3.5744,3.56858,3.18823,3.3478399999999997,3.3478399999999997,3.1514499999999996,3.13171,3.1322200000000002,3.1237199999999996,3.10172,3.1414999999999997,3.09389,3.0306499999999996,3.03348,3.03111,3.03231,3.07929,3.0947699999999996,3.0917399999999997,3.08471,3.04859,3.02538,3.0380399999999996,3.0658399999999997,3.07702,3.07432,2.99228,2.99134,3.1069199999999997,2.88814,3.01299,2.98151,3.019,3.0717299999999996,3.00472,0.96627,0.93279,0.94724,0.95022,0.9705699999999999,0.9485,0.946,0.9333,0.97433,0.89796,0.9728,0.93943,0.94706,0.92401,0.91418,0.92052,0.94185,0.94414,0.89604,0.97129,0.8993,0.89556,0.91458,0.88536,0.9062,0.9147,1.21021,1.23128,1.23746,1.21123,1.22685,1.2300900000000001,1.01632,1.01843,1.2889,1.27789,1.27021,1.2463,1.0157500000000002,0.86487,0.85356,0.86879,0.8542799999999999,0.86297,0.86515,0.85556,0.0,0.30793,0.8566199999999999,3.11292,2.94814,2.9504200000000003,2.94575,2.9489,2.94792,2.95015,2.87784,2.94909,2.91594,2.9075800000000003,3.46429,3.53959,3.5362,3.4620499999999996,3.74619,3.2682700000000002,3.26696,3.2860199999999997,2.86625,3.31533,3.2799699999999996,3.28469,3.2847799999999996,3.29874,2.8678600000000003,2.85579,2.92296,2.76102,2.68513,2.8152,2.97875,3.15143,3.20362,2.83915,2.6898999999999997,2.77815
Odoribacter splanchnicus,3.22243,3.5580600000000002,3.5580600000000002,3.56786,3.53388,3.56846,3.57069,3.5374999999999996,3.55556,3.5624700000000002,3.5651,3.59999,3.59417,3.21382,3.37343,3.37343,3.17704,3.1573,3.15781,3.14931,3.1273099999999996,3.16709,3.11948,3.05624,3.05907,3.0567,3.0579,3.1048799999999996,3.12036,3.11733,3.1102999999999996,3.07418,3.05097,3.06363,3.09143,3.10261,3.09991,3.01787,3.01693,3.13251,2.91373,3.0385799999999996,3.0071,3.04459,3.09732,3.03031,0.99186,0.95838,0.97283,0.97581,0.9961599999999999,0.97409,0.97159,0.95889,0.99992,0.92355,0.99839,0.96502,0.97265,0.9496,0.93977,0.94611,0.96744,0.96973,0.92163,0.99688,0.92489,0.92115,0.94017,0.91095,0.93179,0.94029,1.2358,1.2568700000000002,1.26305,1.23682,1.25244,1.25568,1.0419100000000001,1.04402,1.3144900000000002,1.30348,1.2957999999999998,1.27189,1.04134,0.89046,0.87915,0.89438,0.8798699999999999,0.88856,0.89074,0.88115,0.30793,0.0,0.8822099999999999,3.13851,2.9737299999999998,2.97601,2.9713399999999996,2.97449,2.97351,2.97574,2.90343,2.97468,2.94153,2.93317,3.48988,3.56518,3.5617900000000002,3.48764,3.7717799999999997,3.29386,3.29255,3.31161,2.89184,3.3409199999999997,3.30556,3.3102799999999997,3.31037,3.32433,2.89345,2.88138,2.94855,2.7866099999999996,2.7107200000000002,2.84079,3.00434,3.1770199999999997,3.22921,2.86474,2.71549,2.80374
Barnesiella intestinihominis,3.3164800000000003,3.6521100000000004,3.6521100000000004,3.66191,3.62793,3.66251,3.66474,3.63155,3.64961,3.6565200000000004,3.6591500000000003,3.69404,3.6882200000000003,3.3078700000000003,3.46748,3.46748,3.27109,3.2513500000000004,3.25186,3.24336,3.22136,3.26114,3.21353,3.15029,3.1531200000000004,3.1507500000000004,3.1519500000000003,3.19893,3.21441,3.21138,3.20435,3.1682300000000003,3.14502,3.15768,3.18548,3.19666,3.19396,3.11192,3.11098,3.22656,3.0077800000000003,3.13263,3.10115,3.13864,3.19137,3.1243600000000002,0.62737,0.59389,0.60834,0.61132,0.63167,0.6095999999999999,0.6071,0.5944,0.6354299999999999,0.55906,0.6338999999999999,0.60053,0.60816,0.58511,0.57528,0.58162,0.60295,0.60524,0.55714,0.63239,0.5604,0.5566599999999999,0.57568,0.54646,0.5672999999999999,0.5758,0.87131,0.89238,0.89856,0.8723299999999999,0.88795,0.8911899999999999,0.6774199999999999,0.67953,1.40854,1.39753,1.38985,1.36594,1.1353900000000001,0.56511,0.5538000000000001,0.56903,0.55452,0.56321,0.5653900000000001,0.5558000000000001,0.8566199999999999,0.8822099999999999,0.0,3.23256,3.06778,3.07006,3.06539,3.0685399999999996,3.06756,3.0697900000000002,2.99748,3.06873,3.0355800000000004,3.02722,3.58393,3.65923,3.6558400000000004,3.58169,3.86583,3.38791,3.3866,3.40566,2.9858900000000004,3.43497,3.39961,3.40433,3.40442,3.41838,2.9875,2.9754300000000002,3.0426,2.8806599999999998,2.8047700000000004,2.9348400000000003,3.09839,3.27107,3.32326,2.95879,2.80954,2.89779
Parasutterella excrementihominis,3.18992,3.52555,3.52555,3.53535,3.5013699999999996,3.5359499999999997,3.5381799999999997,3.50499,3.5230499999999996,3.52996,3.53259,3.5674799999999998,3.56166,3.18131,3.3409199999999997,3.3409199999999997,3.1445299999999996,3.12479,3.1253,3.1167999999999996,3.0947999999999998,3.1345799999999997,3.08697,3.0237299999999996,3.02656,3.02419,3.02539,3.07237,3.0878499999999995,3.0848199999999997,3.07779,3.04167,3.01846,3.0311199999999996,3.0589199999999996,3.0701,3.0674,2.98536,2.98442,3.0999999999999996,2.88122,3.00607,2.97459,3.01208,3.0648099999999996,2.9978,3.3422099999999997,3.3087299999999997,3.32318,3.32616,3.34651,3.32444,3.3219399999999997,3.30924,3.35027,3.2739000000000003,3.3487400000000003,3.3153699999999997,3.323,3.29995,3.29012,3.2964599999999997,3.31779,3.32008,3.27198,3.3472299999999997,3.27524,3.2714999999999996,3.29052,3.2613,3.28214,3.29064,3.58615,3.60722,3.6134,3.58717,3.60279,3.60603,3.3922600000000003,3.39437,3.51208,3.50107,3.4933899999999998,3.46948,3.23893,3.2408099999999997,3.2295,3.2447299999999997,3.23022,3.2389099999999997,3.24109,3.2315,3.11292,3.13851,3.23256,0.0,1.69804,1.70032,1.69565,1.6987999999999999,1.69782,1.70005,1.62774,1.69899,2.90902,2.9006600000000002,3.45737,3.53267,3.52928,3.4551299999999996,3.73927,3.26135,3.26004,3.2790999999999997,2.85933,3.30841,3.2730499999999996,3.27777,3.2778599999999996,3.29182,2.37354,2.3614699999999997,2.9160399999999997,2.7540999999999998,2.67821,2.80828,2.9718299999999997,3.14451,0.7004,2.83223,2.6829799999999997,2.77123
Escherichia coli,3.02514,3.36077,3.36077,3.37057,3.33659,3.37117,3.3734,3.34021,3.35827,3.36518,3.36781,3.4027,3.39688,3.01653,3.17614,3.17614,2.97975,2.96001,2.96052,2.95202,2.93002,2.9698,2.9221899999999996,2.85895,2.86178,2.85941,2.86061,2.90759,2.92307,2.92004,2.91301,2.87689,2.8536799999999998,2.86634,2.89414,2.9053199999999997,2.9026199999999998,2.8205799999999996,2.8196399999999997,2.93522,2.71644,2.84129,2.8098099999999997,2.8472999999999997,2.90003,2.83302,3.17743,3.1439500000000002,3.1584000000000003,3.1613800000000003,3.18173,3.15966,3.15716,3.14446,3.1854899999999997,3.10912,3.18396,3.1505900000000002,3.15822,3.13517,3.12534,3.1316800000000002,3.15301,3.1553,3.1071999999999997,3.1824500000000002,3.11046,3.10672,3.12574,3.09652,3.11736,3.1258600000000003,3.42137,3.44244,3.44862,3.42239,3.4380100000000002,3.44125,3.22748,3.22959,3.3472999999999997,3.33629,3.3286100000000003,3.3047,3.07415,3.0760300000000003,3.0647200000000003,3.07995,3.0654399999999997,3.0741300000000003,3.0763100000000003,3.06672,2.94814,2.9737299999999998,3.06778,1.69804,0.0,0.00568,0.007509999999999999,0.00798,0.004399999999999999,0.010329999999999999,0.21564,0.08457,2.74424,2.73588,3.2925899999999997,3.36789,3.3645,3.29035,3.57449,3.09657,3.0952599999999997,3.11432,2.69455,3.14363,3.10827,3.11299,3.11308,3.12704,2.20876,2.1966900000000003,2.7512600000000003,2.58932,2.51343,2.6435,2.8070500000000003,2.97973,1.7887400000000002,2.6674499999999997,2.5182,2.6064499999999997
Escherichia fergusonii,3.02742,3.3630500000000003,3.3630500000000003,3.37285,3.33887,3.37345,3.37568,3.3424899999999997,3.36055,3.3674600000000003,3.3700900000000003,3.40498,3.39916,3.01881,3.17842,3.17842,2.98203,2.9622900000000003,2.9628,2.9543,2.9322999999999997,2.97208,2.92447,2.86123,2.8640600000000003,2.8616900000000003,2.86289,2.9098699999999997,2.92535,2.92232,2.9152899999999997,2.8791700000000002,2.85596,2.86862,2.89642,2.9076,2.9049,2.82286,2.82192,2.9375,2.7187200000000002,2.8435699999999997,2.81209,2.84958,2.90231,2.8353,3.17971,3.14623,3.16068,3.16366,3.18401,3.1619400000000004,3.15944,3.1467400000000003,3.18777,3.1114,3.18624,3.15287,3.1605,3.1374500000000003,3.1276200000000003,3.13396,3.15529,3.1575800000000003,3.10948,3.18473,3.11274,3.109,3.1280200000000002,3.0987999999999998,3.1196400000000004,3.12814,3.4236500000000003,3.4447200000000002,3.4509,3.42467,3.44029,3.44353,3.22976,3.23187,3.34958,3.33857,3.33089,3.3069800000000003,3.07643,3.07831,3.067,3.08223,3.06772,3.07641,3.07859,3.069,2.9504200000000003,2.97601,3.07006,1.70032,0.00568,0.0,0.00979,0.01026,0.00668,0.01261,0.21792,0.08685,2.7465200000000003,2.7381599999999997,3.29487,3.37017,3.3667800000000003,3.29263,3.57677,3.09885,3.09754,3.1166,2.6968300000000003,3.1459099999999998,3.11055,3.1152699999999998,3.11536,3.12932,2.21104,2.19897,2.75354,2.5915999999999997,2.5157100000000003,2.6457800000000002,2.80933,2.98201,1.79102,2.66973,2.52048,2.60873
Escherichia ruysiae,3.0227500000000003,3.3583800000000004,3.3583800000000004,3.36818,3.3342,3.36878,3.37101,3.33782,3.35588,3.3627900000000004,3.3654200000000003,3.40031,3.3944900000000002,3.0141400000000003,3.17375,3.17375,2.97736,2.9576200000000004,2.95813,2.94963,2.9276299999999997,2.96741,2.9198,2.85656,2.8593900000000003,2.8570200000000003,2.85822,2.9052,2.92068,2.91765,2.9106199999999998,2.8745000000000003,2.85129,2.86395,2.89175,2.90293,2.90023,2.81819,2.81725,2.93283,2.7140500000000003,2.8388999999999998,2.80742,2.84491,2.89764,2.83063,3.17504,3.14156,3.15601,3.15899,3.17934,3.15727,3.15477,3.14207,3.1830999999999996,3.1067299999999998,3.18157,3.1482,3.15583,3.13278,3.12295,3.12929,3.15062,3.15291,3.1048099999999996,3.18006,3.1080699999999997,3.10433,3.12335,3.09413,3.11497,3.12347,3.41898,3.44005,3.44623,3.42,3.43562,3.43886,3.22509,3.2272,3.3449099999999996,3.3339,3.32622,3.30231,3.07176,3.07364,3.06233,3.07756,3.0630499999999996,3.07174,3.07392,3.06433,2.94575,2.9713399999999996,3.06539,1.69565,0.007509999999999999,0.00979,0.0,0.00827,0.00729,0.00952,0.21325,0.08218,2.7418500000000003,2.7334899999999998,3.2902,3.3655,3.3621100000000004,3.28796,3.5721,3.09418,3.09287,3.11193,2.6921600000000003,3.14124,3.10588,3.1106,3.11069,3.12465,2.20637,2.1943,2.74887,2.5869299999999997,2.5110400000000004,2.6411100000000003,2.80466,2.97734,1.78635,2.66506,2.51581,2.60406
Escherichia sp005843885,3.0259,3.36153,3.36153,3.3713300000000004,3.33735,3.37193,3.37416,3.34097,3.3590299999999997,3.36594,3.36857,3.40346,3.39764,3.01729,3.1769,3.1769,2.9805099999999998,2.96077,2.9612800000000004,2.9527799999999997,2.93078,2.97056,2.92295,2.8597099999999998,2.86254,2.86017,2.86137,2.90835,2.9238299999999997,2.9208,2.91377,2.87765,2.8544400000000003,2.8670999999999998,2.8949,2.90608,2.9033800000000003,2.82134,2.8204000000000002,2.93598,2.7172,2.84205,2.8105700000000002,2.8480600000000003,2.9007899999999998,2.83378,3.17819,3.14471,3.15916,3.16214,3.1824899999999996,3.1604200000000002,3.15792,3.14522,3.18625,3.10988,3.18472,3.15135,3.1589799999999997,3.13593,3.1261,3.13244,3.1537699999999997,3.15606,3.10796,3.18321,3.11122,3.10748,3.1265,3.0972799999999996,3.1181200000000002,3.12662,3.42213,3.4432,3.4493799999999997,3.4231499999999997,3.43877,3.44201,3.22824,3.2303499999999996,3.34806,3.3370499999999996,3.32937,3.30546,3.07491,3.07679,3.06548,3.08071,3.0662,3.07489,3.07707,3.0674799999999998,2.9489,2.97449,3.0685399999999996,1.6987999999999999,0.00798,0.01026,0.00827,0.0,0.0077599999999999995,0.01109,0.21639999999999998,0.08532999999999999,2.745,2.73664,3.29335,3.36865,3.36526,3.2911099999999998,3.57525,3.0973300000000004,3.09602,3.11508,2.69531,3.14439,3.1090299999999997,3.11375,3.1138399999999997,3.1278,2.2095200000000004,2.19745,2.75202,2.59008,2.51419,2.64426,2.80781,2.98049,1.7895,2.66821,2.51896,2.6072100000000002
Escherichia coli_E,3.02492,3.36055,3.36055,3.37035,3.33637,3.37095,3.37318,3.3399900000000002,3.35805,3.36496,3.36759,3.4024799999999997,3.39666,3.01631,3.17592,3.17592,2.97953,2.95979,2.9603,2.9518,2.9298,2.96958,2.92197,2.85873,2.86156,2.85919,2.8603899999999998,2.9073700000000002,2.92285,2.91982,2.91279,2.87667,2.85346,2.86612,2.89392,2.9051,2.9024,2.82036,2.81942,2.935,2.71622,2.84107,2.80959,2.84708,2.89981,2.8327999999999998,3.1772099999999996,3.1437299999999997,3.1581799999999998,3.1611599999999997,3.18151,3.15944,3.1569399999999996,3.14424,3.18527,3.1089,3.1837400000000002,3.1503699999999997,3.158,3.13495,3.12512,3.1314599999999997,3.15279,3.15508,3.10698,3.1822299999999997,3.11024,3.1064999999999996,3.12552,3.0963,3.11714,3.1256399999999998,3.42115,3.44222,3.4484,3.42217,3.43779,3.44103,3.2272600000000002,3.22937,3.34708,3.33607,3.3283899999999997,3.30448,3.07393,3.0758099999999997,3.0645,3.0797299999999996,3.06522,3.0739099999999997,3.0760899999999998,3.0665,2.94792,2.97351,3.06756,1.69782,0.004399999999999999,0.00668,0.00729,0.0077599999999999995,0.0,0.010110000000000001,0.21542,0.08435000000000001,2.74402,2.73566,3.29237,3.3676700000000004,3.36428,3.29013,3.5742700000000003,3.09635,3.09504,3.1141,2.69433,3.1434100000000003,3.10805,3.1127700000000003,3.11286,3.1268200000000004,2.20854,2.19647,2.75104,2.5891,2.51321,2.64328,2.80683,2.9795100000000003,1.78852,2.66723,2.51798,2.60623
Escherichia albertii,3.02715,3.36278,3.36278,3.37258,3.3386,3.37318,3.37541,3.34222,3.36028,3.36719,3.36982,3.4047099999999997,3.3988899999999997,3.01854,3.17815,3.17815,2.98176,2.96202,2.96253,2.95403,2.93203,2.97181,2.9242,2.86096,2.86379,2.86142,2.8626199999999997,2.9096,2.92508,2.92205,2.91502,2.8789,2.85569,2.86835,2.89615,2.90733,2.90463,2.82259,2.82165,2.93723,2.71845,2.8433,2.81182,2.84931,2.90204,2.8350299999999997,3.17944,3.14596,3.16041,3.16339,3.1837400000000002,3.16167,3.15917,3.14647,3.1875,3.11113,3.18597,3.1526,3.1602300000000003,3.13718,3.12735,3.13369,3.1550200000000004,3.15731,3.10921,3.18446,3.11247,3.10873,3.12775,3.0985300000000002,3.11937,3.12787,3.42338,3.44445,3.4506300000000003,3.4244000000000003,3.4400200000000005,3.4432600000000004,3.22949,3.2316000000000003,3.34931,3.3383000000000003,3.33062,3.30671,3.07616,3.07804,3.06673,3.08196,3.06745,3.07614,3.07832,3.0687300000000004,2.95015,2.97574,3.0697900000000002,1.70005,0.010329999999999999,0.01261,0.00952,0.01109,0.010110000000000001,0.0,0.21765,0.08657999999999999,2.74625,2.73789,3.2946,3.3699000000000003,3.36651,3.29236,3.5765000000000002,3.09858,3.09727,3.11633,2.69656,3.14564,3.11028,3.115,3.11509,3.1290500000000003,2.21077,2.1987,2.75327,2.59133,2.51544,2.64551,2.80906,2.9817400000000003,1.79075,2.66946,2.52021,2.60846
Hafnia alvei,2.95484,3.29047,3.29047,3.3002700000000003,3.2662899999999997,3.3008699999999997,3.3030999999999997,3.26991,3.2879699999999996,3.29488,3.29751,3.3324,3.32658,2.94623,3.1058399999999997,3.1058399999999997,2.9094499999999996,2.88971,2.8902200000000002,2.8817199999999996,2.85972,2.8994999999999997,2.85189,2.7886499999999996,2.79148,2.78911,2.79031,2.83729,2.8527699999999996,2.8497399999999997,2.84271,2.80659,2.78338,2.7960399999999996,2.8238399999999997,2.83502,2.83232,2.75028,2.74934,2.8649199999999997,2.64614,2.77099,2.73951,2.777,2.8297299999999996,2.76272,3.1071299999999997,3.0736499999999998,3.0881,3.09108,3.11143,3.08936,3.0868599999999997,3.07416,3.11519,3.0388200000000003,3.1136600000000003,3.0802899999999998,3.08792,3.06487,3.05504,3.0613799999999998,3.08271,3.085,3.0369,3.1121499999999997,3.04016,3.0364199999999997,3.05544,3.02622,3.04706,3.05556,3.35107,3.37214,3.37832,3.35209,3.36771,3.37095,3.1571800000000003,3.15929,3.277,3.26599,3.25831,3.2344,3.00385,3.00573,2.99442,3.0096499999999997,2.99514,3.00383,3.00601,2.99642,2.87784,2.90343,2.99748,1.62774,0.21564,0.21792,0.21325,0.21639999999999998,0.21542,0.21765,0.0,0.21659,2.67394,2.6655800000000003,3.22229,3.29759,3.2942,3.2200499999999996,3.50419,3.0262700000000002,3.02496,3.0440199999999997,2.62425,3.07333,3.0379699999999996,3.04269,3.0427799999999996,3.05674,2.1384600000000002,2.12639,2.68096,2.51902,2.44313,2.5732,2.73675,2.90943,1.7184400000000002,2.59715,2.4478999999999997,2.53615
Klebsiella pneumoniae,3.02609,3.36172,3.36172,3.3715200000000003,3.3375399999999997,3.37212,3.3743499999999997,3.34116,3.3592199999999997,3.36613,3.36876,3.40365,3.39783,3.01748,3.1770899999999997,3.1770899999999997,2.9806999999999997,2.96096,2.9614700000000003,2.9529699999999997,2.93097,2.97075,2.92314,2.8598999999999997,2.86273,2.86036,2.86156,2.90854,2.9240199999999996,2.9209899999999998,2.91396,2.87784,2.8546300000000002,2.8672899999999997,2.8950899999999997,2.90627,2.90357,2.82153,2.82059,2.9361699999999997,2.71739,2.84224,2.81076,2.84825,2.9009799999999997,2.83397,3.1783799999999998,3.1449,3.15935,3.16233,3.18268,3.16061,3.1581099999999998,3.14541,3.18644,3.1100700000000003,3.1849100000000004,3.15154,3.15917,3.13612,3.12629,3.13263,3.15396,3.15625,3.10815,3.1834,3.1114100000000002,3.1076699999999997,3.12669,3.09747,3.11831,3.12681,3.42232,3.44339,3.44957,3.42334,3.4389600000000002,3.4422,3.2284300000000004,3.23054,3.34825,3.33724,3.32956,3.30565,3.0751,3.07698,3.06567,3.0808999999999997,3.06639,3.07508,3.07726,3.06767,2.94909,2.97468,3.06873,1.69899,0.08457,0.08685,0.08218,0.08532999999999999,0.08435000000000001,0.08657999999999999,0.21659,0.0,2.74519,2.73683,3.29354,3.36884,3.36545,3.2912999999999997,3.57544,3.0975200000000003,3.09621,3.1152699999999998,2.6955,3.14458,3.1092199999999997,3.11394,3.1140299999999996,3.12799,2.2097100000000003,2.19764,2.75221,2.59027,2.51438,2.64445,2.808,2.98068,1.7896900000000002,2.6684,2.51915,2.6074
Akkermansia muciniphila,2.9061399999999997,3.24177,3.24177,3.25157,3.21759,3.25217,3.2544,3.22121,3.23927,3.24618,3.2488099999999998,3.2836999999999996,3.2778799999999997,2.8975299999999997,3.05714,3.05714,2.86075,2.84101,2.84152,2.83302,2.81102,2.8508,2.80319,2.73995,2.7427799999999998,2.74041,2.7416099999999997,2.78859,2.80407,2.80104,2.79401,2.7578899999999997,2.73468,2.74734,2.77514,2.78632,2.78362,2.70158,2.70064,2.81622,2.5974399999999997,2.72229,2.69081,2.7283,2.78103,2.7140199999999997,3.14523,3.1117500000000002,3.1262,3.12918,3.1495300000000004,3.12746,3.12496,3.11226,3.15329,3.0769200000000003,3.1517600000000003,3.11839,3.1260200000000005,3.10297,3.09314,3.0994800000000002,3.12081,3.1231,3.075,3.15025,3.07826,3.07452,3.09354,3.0643200000000004,3.08516,3.09366,3.38917,3.41024,3.4164200000000005,3.3901900000000005,3.40581,3.4090500000000006,3.1952800000000003,3.1973900000000004,3.3151,3.3040900000000004,3.29641,3.2725,3.04195,3.04383,3.03252,3.04775,3.03324,3.0419300000000002,3.04411,3.03452,2.91594,2.94153,3.0355800000000004,2.90902,2.74424,2.7465200000000003,2.7418500000000003,2.745,2.74402,2.74625,2.67394,2.74519,0.0,0.03828,3.17359,3.2488900000000003,3.2455,3.17135,3.45549,2.97757,2.97626,2.99532,2.57555,3.02463,2.98927,2.99399,2.99408,3.0080400000000003,2.6639600000000003,2.65189,2.63226,2.47032,2.39443,2.5244999999999997,2.68805,2.86073,2.99972,2.54845,2.3992,2.48745
Akkermansia muciniphila_B,2.89778,3.23341,3.23341,3.2432100000000004,3.20923,3.24381,3.24604,3.21285,3.2309099999999997,3.23782,3.24045,3.27534,3.26952,2.88917,3.04878,3.04878,2.8523899999999998,2.83265,2.8331600000000003,2.8246599999999997,2.80266,2.84244,2.79483,2.7315899999999997,2.73442,2.73205,2.73325,2.78023,2.7957099999999997,2.79268,2.78565,2.74953,2.7263200000000003,2.7389799999999997,2.76678,2.77796,2.7752600000000003,2.69322,2.6922800000000002,2.80786,2.58908,2.71393,2.6824500000000002,2.7199400000000002,2.7726699999999997,2.70566,3.13687,3.10339,3.11784,3.12082,3.14117,3.1191,3.1166,3.1039,3.14493,3.0685599999999997,3.1433999999999997,3.11003,3.11766,3.0946100000000003,3.0847800000000003,3.09112,3.11245,3.1147400000000003,3.06664,3.14189,3.0699,3.06616,3.0851800000000003,3.05596,3.0768,3.0853,3.3808100000000003,3.4018800000000002,3.40806,3.38183,3.39745,3.40069,3.1869199999999998,3.18903,3.3067399999999996,3.29573,3.28805,3.2641400000000003,3.0335900000000002,3.03547,3.02416,3.03939,3.02488,3.03357,3.03575,3.02616,2.9075800000000003,2.93317,3.02722,2.9006600000000002,2.73588,2.7381599999999997,2.7334899999999998,2.73664,2.73566,2.73789,2.6655800000000003,2.73683,0.03828,0.0,3.16523,3.24053,3.23714,3.1629899999999997,3.44713,2.9692100000000003,2.9679,2.98696,2.56719,3.01627,2.9809099999999997,2.98563,2.9857199999999997,2.99968,2.6555999999999997,2.64353,2.6239,2.46196,2.38607,2.51614,2.67969,2.85237,2.9913600000000002,2.54009,2.39084,2.4790900000000002
Erysipelatoclostridium ramosum,2.77121,3.10684,3.10684,3.1166400000000003,3.08266,3.11724,3.1194699999999997,3.0862800000000004,3.10434,3.11125,3.11388,3.14877,3.14295,2.7626,2.9222099999999998,2.9222099999999998,2.72582,2.70608,2.7065900000000003,2.69809,2.6760900000000003,2.71587,2.66826,2.60502,2.60785,2.60548,2.60668,2.6536600000000004,2.66914,2.6661099999999998,2.6590800000000003,2.62296,2.5997500000000002,2.61241,2.64021,2.65139,2.64869,2.56665,2.56571,2.68129,2.46251,2.5873600000000003,2.55588,2.59337,2.6461,2.57909,3.69358,3.6601,3.67455,3.67753,3.69788,3.6758100000000002,3.67331,3.66061,3.7016400000000003,3.62527,3.70011,3.66674,3.6743699999999997,3.65132,3.64149,3.64783,3.6691599999999998,3.67145,3.6233500000000003,3.6986,3.62661,3.62287,3.64189,3.61267,3.6335100000000002,3.64201,3.93752,3.95859,3.9647699999999997,3.9385399999999997,3.95416,3.9574,3.74363,3.74574,3.8634500000000003,3.8524399999999996,3.84476,3.82085,3.5903,3.59218,3.58087,3.5961,3.5815900000000003,3.59028,3.59246,3.5828699999999998,3.46429,3.48988,3.58393,3.45737,3.2925899999999997,3.29487,3.2902,3.29335,3.29237,3.2946,3.22229,3.29354,3.17359,3.16523,0.0,0.46952,0.46613,0.99226,1.2764,1.76974,1.76843,1.78749,2.73058,3.17966,3.1443,3.14902,3.14911,3.1630700000000003,3.21231,3.20024,2.49733,2.3353900000000003,2.2595,2.38957,2.55312,1.6529,3.54807,2.41352,2.2642700000000002,2.35252
Catenibacterium sp000437715,2.8465100000000003,3.18214,3.18214,3.1919399999999998,3.15796,3.19254,3.19477,3.16158,3.17964,3.18655,3.18918,3.22407,3.2182500000000003,2.8379,2.99751,2.99751,2.80112,2.78138,2.7818899999999998,2.77339,2.75139,2.79117,2.74356,2.68032,2.68315,2.68078,2.6819800000000003,2.72896,2.74444,2.74141,2.73438,2.69826,2.6750499999999997,2.68771,2.71551,2.72669,2.7239899999999997,2.64195,2.64101,2.75659,2.53781,2.66266,2.63118,2.6686699999999997,2.7214,2.6543900000000002,3.7688800000000002,3.7354000000000003,3.7498500000000003,3.7528300000000003,3.77318,3.75111,3.74861,3.73591,3.77694,3.70057,3.77541,3.7420400000000003,3.74967,3.72662,3.71679,3.7231300000000003,3.74446,3.74675,3.69865,3.7739000000000003,3.70191,3.69817,3.7171900000000004,3.68797,3.70881,3.7173100000000003,4.01282,4.0338899999999995,4.04007,4.01384,4.02946,4.0327,3.81893,3.82104,3.93875,3.92774,3.9200600000000003,3.89615,3.6656000000000004,3.6674800000000003,3.6561700000000004,3.6714,3.65689,3.6655800000000003,3.6677600000000004,3.65817,3.53959,3.56518,3.65923,3.53267,3.36789,3.37017,3.3655,3.36865,3.3676700000000004,3.3699000000000003,3.29759,3.36884,3.2488900000000003,3.24053,0.46952,0.0,0.02605,1.06756,1.3517000000000001,1.84504,1.84373,1.8627900000000002,2.80588,3.25496,3.2196,3.22432,3.2244099999999998,3.23837,3.28761,3.2755400000000003,2.57263,2.4106899999999998,2.3348,2.46487,2.62842,1.7282000000000002,3.6233700000000004,2.48882,2.33957,2.42782
Catenibacterium mitsuokai,2.84312,3.17875,3.17875,3.18855,3.15457,3.1891499999999997,3.1913799999999997,3.1581900000000003,3.17625,3.18316,3.18579,3.2206799999999998,3.21486,2.83451,2.9941199999999997,2.9941199999999997,2.79773,2.77799,2.7785,2.77,2.748,2.7877799999999997,2.74017,2.67693,2.67976,2.67739,2.67859,2.7255700000000003,2.74105,2.7380199999999997,2.7309900000000003,2.69487,2.67166,2.68432,2.71212,2.7233,2.7206,2.63856,2.63762,2.7532,2.53442,2.6592700000000002,2.62779,2.66528,2.71801,2.651,3.76549,3.73201,3.74646,3.74944,3.7697900000000004,3.74772,3.74522,3.73252,3.77355,3.6971800000000004,3.7720200000000004,3.73865,3.74628,3.72323,3.7134,3.71974,3.74107,3.74336,3.69526,3.77051,3.6985200000000003,3.69478,3.7138,3.6845800000000004,3.70542,3.71392,4.00943,4.0305,4.0366800000000005,4.0104500000000005,4.026070000000001,4.029310000000001,3.8155400000000004,3.8176500000000004,3.93536,3.92435,3.9166700000000003,3.89276,3.66221,3.66409,3.65278,3.66801,3.6535,3.66219,3.66437,3.65478,3.5362,3.5617900000000002,3.6558400000000004,3.52928,3.3645,3.3667800000000003,3.3621100000000004,3.36526,3.36428,3.36651,3.2942,3.36545,3.2455,3.23714,0.46613,0.02605,0.0,1.06417,1.3483100000000001,1.84165,1.84034,1.8594000000000002,2.80249,3.25157,3.2162100000000002,3.22093,3.22102,3.23498,3.2842200000000004,3.27215,2.5692399999999997,2.4073,2.33141,2.46148,2.6250299999999998,1.7248100000000002,3.61998,2.48543,2.33618,2.42443
Holdemania filiformis,2.7689700000000004,3.1046,3.1046,3.1144,3.08042,3.115,3.11723,3.08404,3.1021,3.10901,3.11164,3.1465300000000003,3.1407100000000003,2.76036,2.91997,2.91997,2.72358,2.70384,2.70435,2.69585,2.67385,2.71363,2.66602,2.60278,2.60561,2.60324,2.6044400000000003,2.65142,2.6669,2.66387,2.65684,2.62072,2.5975099999999998,2.61017,2.63797,2.64915,2.6464499999999997,2.56441,2.56347,2.67905,2.46027,2.58512,2.55364,2.5911299999999997,2.64386,2.5768500000000003,3.69134,3.65786,3.67231,3.67529,3.69564,3.67357,3.6710700000000003,3.6583699999999997,3.6994,3.62303,3.69787,3.6645,3.67213,3.6490799999999997,3.6392499999999997,3.64559,3.66692,3.6692099999999996,3.62111,3.69636,3.62437,3.6206300000000002,3.63965,3.61043,3.6312699999999998,3.63977,3.9352799999999997,3.9563499999999996,3.96253,3.9363,3.9519200000000003,3.9551600000000002,3.74139,3.7435,3.86121,3.8502,3.8425200000000004,3.8186099999999996,3.58806,3.58994,3.57863,3.5938600000000003,3.57935,3.58804,3.59022,3.58063,3.4620499999999996,3.48764,3.58169,3.4551299999999996,3.29035,3.29263,3.28796,3.2911099999999998,3.29013,3.29236,3.2200499999999996,3.2912999999999997,3.17135,3.1629899999999997,0.99226,1.06756,1.06417,0.0,0.95244,1.7675,1.76619,1.78525,2.72834,3.1774199999999997,3.14206,3.1467799999999997,3.14687,3.16083,3.21007,3.198,2.4950900000000003,2.33315,2.25726,2.38733,2.5508800000000003,1.65066,3.54583,2.41128,2.26203,2.35028
Holdemanella biformis,3.05311,3.3887400000000003,3.3887400000000003,3.39854,3.36456,3.39914,3.40137,3.36818,3.38624,3.3931500000000003,3.3957800000000002,3.43067,3.42485,3.0445,3.20411,3.20411,3.00772,2.9879800000000003,2.98849,2.97999,2.95799,2.99777,2.9501600000000003,2.88692,2.8897500000000003,2.8873800000000003,2.88858,2.93556,2.95104,2.94801,2.94098,2.90486,2.88165,2.89431,2.92211,2.9332900000000004,2.93059,2.8485500000000004,2.8476100000000004,2.96319,2.7444100000000002,2.86926,2.8377800000000004,2.87527,2.928,2.86099,3.97548,3.942,3.9564500000000002,3.9594300000000002,3.97978,3.95771,3.95521,3.94251,3.98354,3.90717,3.98201,3.94864,3.95627,3.93322,3.92339,3.92973,3.95106,3.95335,3.90525,3.9805,3.9085099999999997,3.90477,3.9237900000000003,3.89457,3.91541,3.9239100000000002,4.2194199999999995,4.240489999999999,4.24667,4.22044,4.23606,4.2393,4.02553,4.02764,4.1453500000000005,4.13434,4.12666,4.10275,3.8722000000000003,3.87408,3.8627700000000003,3.878,3.86349,3.87218,3.8743600000000002,3.86477,3.74619,3.7717799999999997,3.86583,3.73927,3.57449,3.57677,3.5721,3.57525,3.5742700000000003,3.5765000000000002,3.50419,3.57544,3.45549,3.44713,1.2764,1.3517000000000001,1.3483100000000001,0.95244,0.0,2.05164,2.0503299999999998,2.0693900000000003,3.01248,3.46156,3.4261999999999997,3.43092,3.4310099999999997,3.44497,3.49421,3.4821400000000002,2.77923,2.61729,2.5414000000000003,2.6714700000000002,2.83502,1.9348,3.8299700000000003,2.6954200000000004,2.54617,2.63442
Streptococcus salivarius,2.57519,2.91082,2.91082,2.92062,2.88664,2.92122,2.92345,2.89026,2.90832,2.91523,2.91786,2.95275,2.94693,2.56658,2.72619,2.72619,2.5298,2.51006,2.51057,2.50207,2.48007,2.51985,2.47224,2.409,2.41183,2.40946,2.41066,2.45764,2.4731199999999998,2.47009,2.46306,2.42694,2.40373,2.41639,2.44419,2.4553700000000003,2.45267,2.3706300000000002,2.3696900000000003,2.48527,2.26649,2.39134,2.3598600000000003,2.39735,2.45008,2.38307,3.49756,3.46408,3.47853,3.48151,3.50186,3.4797900000000004,3.47729,3.4645900000000003,3.5056200000000004,3.42925,3.50409,3.47072,3.47835,3.4553000000000003,3.4454700000000003,3.45181,3.47314,3.4754300000000002,3.4273300000000004,3.50258,3.43059,3.42685,3.44587,3.41665,3.4374900000000004,3.44599,3.7415000000000003,3.76257,3.76875,3.74252,3.75814,3.76138,3.54761,3.54972,3.6674300000000004,3.65642,3.64874,3.62483,3.39428,3.39616,3.38485,3.40008,3.3855700000000004,3.39426,3.39644,3.38685,3.2682700000000002,3.29386,3.38791,3.26135,3.09657,3.09885,3.09418,3.0973300000000004,3.09635,3.09858,3.0262700000000002,3.0975200000000003,2.97757,2.9692100000000003,1.76974,1.84504,1.84165,1.7675,2.05164,0.0,0.006489999999999999,0.03041,2.53456,2.9836400000000003,2.94828,2.9530000000000003,2.95309,2.9670500000000004,3.01629,3.00422,2.30131,2.13937,2.06348,2.19355,2.3571,1.01234,3.35205,2.2175000000000002,2.06825,2.1565
Streptococcus sp001556435,2.57388,2.90951,2.90951,2.9193100000000003,2.88533,2.91991,2.9221399999999997,2.8889500000000004,2.90701,2.91392,2.91655,2.95144,2.94562,2.56527,2.7248799999999997,2.7248799999999997,2.52849,2.50875,2.5092600000000003,2.50076,2.4787600000000003,2.51854,2.47093,2.40769,2.41052,2.40815,2.40935,2.4563300000000003,2.47181,2.4687799999999998,2.4617500000000003,2.42563,2.40242,2.41508,2.44288,2.45406,2.45136,2.36932,2.36838,2.48396,2.26518,2.3900300000000003,2.35855,2.39604,2.44877,2.38176,3.49625,3.46277,3.47722,3.4802,3.50055,3.4784800000000002,3.47598,3.46328,3.5043100000000003,3.42794,3.50278,3.46941,3.4770399999999997,3.45399,3.44416,3.4505,3.4718299999999997,3.47412,3.4260200000000003,3.50127,3.42928,3.42554,3.44456,3.41534,3.4361800000000002,3.44468,3.74019,3.76126,3.7674399999999997,3.7412099999999997,3.75683,3.76007,3.5463,3.54841,3.6661200000000003,3.6551099999999996,3.64743,3.62352,3.39297,3.39485,3.38354,3.39877,3.3842600000000003,3.39295,3.39513,3.3855399999999998,3.26696,3.29255,3.3866,3.26004,3.0952599999999997,3.09754,3.09287,3.09602,3.09504,3.09727,3.02496,3.09621,2.97626,2.9679,1.76843,1.84373,1.84034,1.76619,2.0503299999999998,0.006489999999999999,0.0,0.0291,2.53325,2.98233,2.94697,2.95169,2.95178,2.9657400000000003,3.01498,3.00291,2.3,2.1380600000000003,2.06217,2.19224,2.35579,1.01103,3.35074,2.21619,2.06694,2.15519
Streptococcus thermophilus,2.59294,2.9285699999999997,2.9285699999999997,2.93837,2.9043900000000002,2.93897,2.9412,2.90801,2.92607,2.9329799999999997,2.9356099999999996,2.9705,2.96468,2.5843299999999996,2.74394,2.74394,2.54755,2.5278099999999997,2.52832,2.51982,2.49782,2.5376,2.4899899999999997,2.42675,2.4295799999999996,2.4272099999999996,2.42841,2.47539,2.49087,2.48784,2.48081,2.4446899999999996,2.42148,2.43414,2.4619400000000002,2.4731199999999998,2.47042,2.3883799999999997,2.38744,2.5030200000000002,2.28424,2.40909,2.37761,2.4151,2.46783,2.40082,3.51531,3.48183,3.49628,3.49926,3.51961,3.49754,3.4950400000000004,3.4823399999999998,3.52337,3.447,3.52184,3.48847,3.4961,3.4730499999999997,3.4632199999999997,3.46956,3.4908900000000003,3.4931799999999997,3.44508,3.52033,3.44834,3.4446000000000003,3.46362,3.4344,3.45524,3.46374,3.7592499999999998,3.7803199999999997,3.7865,3.7602700000000002,3.7758900000000004,3.7791300000000003,3.56536,3.56747,3.68518,3.67417,3.6664900000000005,3.6425799999999997,3.41203,3.41391,3.4026,3.4178300000000004,3.40332,3.41201,3.41419,3.4046000000000003,3.2860199999999997,3.31161,3.40566,3.2790999999999997,3.11432,3.1166,3.11193,3.11508,3.1141,3.11633,3.0440199999999997,3.1152699999999998,2.99532,2.98696,1.78749,1.8627900000000002,1.8594000000000002,1.78525,2.0693900000000003,0.03041,0.0291,0.0,2.5523100000000003,3.00139,2.96603,2.97075,2.97084,2.9848,3.03404,3.02197,2.31906,2.15712,2.0812299999999997,2.2113,2.37485,1.03009,3.3698,2.2352499999999997,2.086,2.17425
Adlercreutzia celatus_A,2.46313,2.79876,2.79876,2.80856,2.7745800000000003,2.8091600000000003,2.8113900000000003,2.7782,2.79626,2.80317,2.8058,2.84069,2.83487,2.45452,2.6141300000000003,2.6141300000000003,2.4177400000000002,2.398,2.39851,2.39001,2.36801,2.4077900000000003,2.3601799999999997,2.29694,2.29977,2.2974,2.2986,2.34558,2.36106,2.3580300000000003,2.351,2.31488,2.29167,2.30433,2.3321300000000003,2.34331,2.34061,2.2585699999999997,2.25763,2.3732100000000003,2.15443,2.27928,2.2478,2.28529,2.33802,2.27101,3.0955399999999997,3.06206,3.07651,3.07949,3.0998400000000004,3.07777,3.07527,3.06257,3.1036,3.0272300000000003,3.1020700000000003,3.0686999999999998,3.07633,3.05328,3.04345,3.04979,3.07112,3.07341,3.02531,3.1005599999999998,3.02857,3.02483,3.04385,3.0146300000000004,3.03547,3.04397,3.33948,3.36055,3.36673,3.3405,3.35612,3.35936,3.1455900000000003,3.1477000000000004,3.26541,3.2544,3.2467200000000003,3.22281,2.99226,2.99414,2.98283,2.99806,2.98355,2.99224,2.99442,2.98483,2.86625,2.89184,2.9858900000000004,2.85933,2.69455,2.6968300000000003,2.6921600000000003,2.69531,2.69433,2.69656,2.62425,2.6955,2.57555,2.56719,2.73058,2.80588,2.80249,2.72834,3.01248,2.53456,2.53325,2.5523100000000003,0.0,2.37322,2.33786,2.34258,2.34267,2.35663,2.6142700000000003,2.6022,2.1892500000000004,2.02731,1.9514200000000002,2.08149,2.2450400000000004,2.41772,2.95003,2.1054399999999998,1.95619,2.04444
Bifidobacterium longum,2.91221,3.24784,3.24784,3.2576400000000003,3.2236599999999997,3.25824,3.2604699999999998,3.22728,3.2453399999999997,3.25225,3.25488,3.28977,3.28395,2.9036,3.0632099999999998,3.0632099999999998,2.8668199999999997,2.84708,2.8475900000000003,2.8390899999999997,2.81709,2.85687,2.80926,2.7460199999999997,2.74885,2.74648,2.74768,2.79466,2.8101399999999996,2.8071099999999998,2.80008,2.76396,2.7407500000000002,2.7534099999999997,2.7812099999999997,2.79239,2.7896900000000002,2.70765,2.70671,2.8222899999999997,2.60351,2.72836,2.69688,2.73437,2.7870999999999997,2.72009,3.54462,3.51114,3.5255900000000002,3.52857,3.54892,3.52685,3.52435,3.51165,3.55268,3.47631,3.55115,3.51778,3.52541,3.50236,3.49253,3.49887,3.5202,3.52249,3.47439,3.54964,3.4776499999999997,3.47391,3.4929300000000003,3.46371,3.48455,3.49305,3.78856,3.80963,3.81581,3.78958,3.8052,3.80844,3.59467,3.59678,3.71449,3.70348,3.6958,3.67189,3.4413400000000003,3.44322,3.4319100000000002,3.44714,3.43263,3.44132,3.4435000000000002,3.43391,3.31533,3.3409199999999997,3.43497,3.30841,3.14363,3.1459099999999998,3.14124,3.14439,3.1434100000000003,3.14564,3.07333,3.14458,3.02463,3.01627,3.17966,3.25496,3.25157,3.1774199999999997,3.46156,2.9836400000000003,2.98233,3.00139,2.37322,0.0,0.22448,0.22920000000000001,0.22929,0.22522999999999999,3.06335,3.05128,2.63833,2.47639,2.4005,2.53057,2.69412,2.8668,3.3991100000000003,2.55452,2.40527,2.49352
Bifidobacterium pseudocatenulatum,2.87685,3.2124800000000002,3.2124800000000002,3.22228,3.1883,3.22288,3.22511,3.1919199999999996,3.20998,3.2168900000000002,3.21952,3.25441,3.24859,2.86824,3.02785,3.02785,2.83146,2.81172,2.81223,2.80373,2.7817299999999996,2.82151,2.7739,2.71066,2.71349,2.71112,2.71232,2.7592999999999996,2.77478,2.77175,2.7647199999999996,2.7286,2.70539,2.71805,2.74585,2.75703,2.75433,2.67229,2.67135,2.78693,2.56815,2.6929999999999996,2.66152,2.69901,2.75174,2.68473,3.50926,3.47578,3.49023,3.49321,3.51356,3.4914899999999998,3.4889900000000003,3.4762899999999997,3.51732,3.44095,3.51579,3.48242,3.49005,3.4669999999999996,3.4571699999999996,3.46351,3.48484,3.4871299999999996,3.43903,3.51428,3.44229,3.43855,3.45757,3.42835,3.4491899999999998,3.45769,3.7531999999999996,3.7742699999999996,3.78045,3.75422,3.7698400000000003,3.77308,3.55931,3.56142,3.67913,3.66812,3.6604400000000004,3.6365299999999996,3.40598,3.40786,3.39655,3.4117800000000003,3.39727,3.40596,3.40814,3.39855,3.2799699999999996,3.30556,3.39961,3.2730499999999996,3.10827,3.11055,3.10588,3.1090299999999997,3.10805,3.11028,3.0379699999999996,3.1092199999999997,2.98927,2.9809099999999997,3.1443,3.2196,3.2162100000000002,3.14206,3.4261999999999997,2.94828,2.94697,2.96603,2.33786,0.22448,0.0,0.01678,0.060090000000000005,0.20789000000000002,3.02799,3.01592,2.60297,2.44103,2.36514,2.49521,2.65876,2.8314399999999997,3.36375,2.51916,2.36991,2.45816
Bifidobacterium catenulatum,2.88157,3.2172,3.2172,3.2270000000000003,3.1930199999999997,3.2276,3.2298299999999998,3.19664,3.2146999999999997,3.22161,3.22424,3.25913,3.25331,2.87296,3.0325699999999998,3.0325699999999998,2.8361799999999997,2.81644,2.8169500000000003,2.8084499999999997,2.78645,2.82623,2.77862,2.7153799999999997,2.71821,2.71584,2.71704,2.76402,2.7794999999999996,2.7764699999999998,2.76944,2.73332,2.7101100000000002,2.7227699999999997,2.7505699999999997,2.76175,2.7590500000000002,2.67701,2.67607,2.7916499999999997,2.57287,2.69772,2.66624,2.70373,2.7564599999999997,2.68945,3.51398,3.4805,3.4949500000000002,3.49793,3.51828,3.49621,3.49371,3.48101,3.52204,3.44567,3.52051,3.48714,3.49477,3.47172,3.46189,3.46823,3.48956,3.49185,3.44375,3.519,3.4470099999999997,3.44327,3.4622900000000003,3.43307,3.45391,3.46241,3.75792,3.77899,3.78517,3.75894,3.77456,3.7778,3.56403,3.56614,3.68385,3.67284,3.66516,3.64125,3.4107000000000003,3.41258,3.4012700000000002,3.4165,3.40199,3.41068,3.4128600000000002,3.40327,3.28469,3.3102799999999997,3.40433,3.27777,3.11299,3.1152699999999998,3.1106,3.11375,3.1127700000000003,3.115,3.04269,3.11394,2.99399,2.98563,3.14902,3.22432,3.22093,3.1467799999999997,3.43092,2.9530000000000003,2.95169,2.97075,2.34258,0.22920000000000001,0.01678,0.0,0.06481,0.21261,3.03271,3.02064,2.60769,2.44575,2.36986,2.49993,2.66348,2.83616,3.3684700000000003,2.52388,2.37463,2.46288
Bifidobacterium ruminantium,2.88166,3.21729,3.21729,3.22709,3.19311,3.22769,3.22992,3.1967299999999996,3.21479,3.2217000000000002,3.22433,3.25922,3.2534,2.87305,3.03266,3.03266,2.83627,2.81653,2.81704,2.80854,2.7865399999999996,2.82632,2.77871,2.71547,2.7183,2.71593,2.71713,2.7641099999999996,2.77959,2.77656,2.7695299999999996,2.73341,2.7102,2.72286,2.75066,2.76184,2.75914,2.6771,2.67616,2.79174,2.57296,2.6978099999999996,2.66633,2.70382,2.75655,2.68954,3.51407,3.48059,3.49504,3.49802,3.51837,3.4962999999999997,3.4938000000000002,3.4810999999999996,3.5221299999999998,3.44576,3.5206,3.48723,3.49486,3.4718099999999996,3.4619799999999996,3.46832,3.48965,3.4919399999999996,3.44384,3.51909,3.4471,3.44336,3.46238,3.43316,3.4539999999999997,3.4625,3.7580099999999996,3.7790799999999996,3.78526,3.75903,3.7746500000000003,3.77789,3.56412,3.56623,3.6839399999999998,3.67293,3.6652500000000003,3.6413399999999996,3.41079,3.41267,3.40136,3.4165900000000002,3.4020799999999998,3.41077,3.41295,3.40336,3.2847799999999996,3.31037,3.40442,3.2778599999999996,3.11308,3.11536,3.11069,3.1138399999999997,3.11286,3.11509,3.0427799999999996,3.1140299999999996,2.99408,2.9857199999999997,3.14911,3.2244099999999998,3.22102,3.14687,3.4310099999999997,2.95309,2.95178,2.97084,2.34267,0.22929,0.060090000000000005,0.06481,0.0,0.2127,3.0328,3.02073,2.60778,2.44584,2.36995,2.50002,2.66357,2.8362499999999997,3.36856,2.52397,2.37472,2.46297
Bifidobacterium bifidum,2.89562,3.23125,3.23125,3.2410500000000004,3.20707,3.24165,3.24388,3.21069,3.22875,3.23566,3.23829,3.27318,3.26736,2.88701,3.04662,3.04662,2.85023,2.83049,2.8310000000000004,2.8225,2.8005,2.84028,2.79267,2.72943,2.73226,2.72989,2.73109,2.77807,2.7935499999999998,2.79052,2.78349,2.74737,2.7241600000000004,2.73682,2.76462,2.7758000000000003,2.7731000000000003,2.6910600000000002,2.6901200000000003,2.8057,2.58692,2.71177,2.6802900000000003,2.7177800000000003,2.77051,2.7035,3.52803,3.4945500000000003,3.5090000000000003,3.5119800000000003,3.53233,3.51026,3.50776,3.49506,3.53609,3.45972,3.53456,3.5011900000000002,3.50882,3.48577,3.47594,3.4822800000000003,3.50361,3.5059,3.4578,3.5330500000000002,3.46106,3.45732,3.4763400000000004,3.44712,3.46796,3.4764600000000003,3.77197,3.79304,3.79922,3.77299,3.7886100000000003,3.79185,3.57808,3.58019,3.6979,3.68689,3.6792100000000003,3.6553,3.4247500000000004,3.4266300000000003,3.4153200000000004,3.43055,3.41604,3.4247300000000003,3.4269100000000003,3.41732,3.29874,3.32433,3.41838,3.29182,3.12704,3.12932,3.12465,3.1278,3.1268200000000004,3.1290500000000003,3.05674,3.12799,3.0080400000000003,2.99968,3.1630700000000003,3.23837,3.23498,3.16083,3.44497,2.9670500000000004,2.9657400000000003,2.9848,2.35663,0.22522999999999999,0.20789000000000002,0.21261,0.2127,0.0,3.04676,3.0346900000000003,2.62174,2.4598,2.38391,2.51398,2.67753,2.85021,3.3825200000000004,2.5379300000000002,2.38868,2.4769300000000003
Desulfovibrio sp900556755,2.9448600000000003,3.2804900000000004,3.2804900000000004,3.29029,3.25631,3.29089,3.29312,3.2599299999999998,3.27799,3.2849000000000004,3.2875300000000003,3.32242,3.3166,2.9362500000000002,3.09586,3.09586,2.89947,2.8797300000000003,2.88024,2.87174,2.8497399999999997,2.88952,2.84191,2.77867,2.7815000000000003,2.7791300000000003,2.78033,2.8273099999999998,2.84279,2.83976,2.8327299999999997,2.7966100000000003,2.7734,2.78606,2.81386,2.82504,2.82234,2.7403,2.73936,2.85494,2.6361600000000003,2.7610099999999997,2.72953,2.76702,2.81975,2.75274,3.09715,3.06367,3.07812,3.0811,3.10145,3.0793800000000005,3.07688,3.0641800000000003,3.10521,3.02884,3.10368,3.07031,3.07794,3.0548900000000003,3.0450600000000003,3.0514,3.07273,3.0750200000000003,3.02692,3.10217,3.03018,3.02644,3.0454600000000003,3.01624,3.0370800000000004,3.04558,3.3410900000000003,3.3621600000000003,3.36834,3.34211,3.35773,3.36097,3.1472,3.14931,3.26702,3.25601,3.24833,3.2244200000000003,2.9938700000000003,2.99575,2.98444,2.99967,2.98516,2.99385,2.99603,2.98644,2.8678600000000003,2.89345,2.9875,2.37354,2.20876,2.21104,2.20637,2.2095200000000004,2.20854,2.21077,2.1384600000000002,2.2097100000000003,2.6639600000000003,2.6555999999999997,3.21231,3.28761,3.2842200000000004,3.21007,3.49421,3.01629,3.01498,3.03404,2.6142700000000003,3.06335,3.02799,3.03271,3.0328,3.04676,0.0,0.59685,2.67098,2.5090399999999997,2.4331500000000004,2.5632200000000003,2.72677,2.89945,2.46424,2.58717,2.43792,2.52617
Bilophila wadsworthia,2.93279,3.26842,3.26842,3.27822,3.24424,3.27882,3.28105,3.24786,3.26592,3.27283,3.27546,3.3103499999999997,3.3045299999999997,2.92418,3.08379,3.08379,2.8874,2.86766,2.86817,2.85967,2.83767,2.87745,2.82984,2.7666,2.76943,2.76706,2.7682599999999997,2.81524,2.83072,2.82769,2.82066,2.78454,2.76133,2.77399,2.80179,2.81297,2.81027,2.72823,2.72729,2.84287,2.62409,2.74894,2.71746,2.75495,2.80768,2.7406699999999997,3.08508,3.0516,3.06605,3.06903,3.0893800000000002,3.06731,3.06481,3.05211,3.09314,3.01677,3.09161,3.05824,3.0658700000000003,3.04282,3.03299,3.03933,3.0606600000000004,3.06295,3.01485,3.0901,3.01811,3.01437,3.03339,3.0041700000000002,3.02501,3.03351,3.32902,3.35009,3.3562700000000003,3.3300400000000003,3.3456600000000005,3.3489000000000004,3.13513,3.1372400000000003,3.25495,3.2439400000000003,3.23626,3.21235,2.9818,2.98368,2.97237,2.9876,2.97309,2.98178,2.98396,2.9743700000000004,2.85579,2.88138,2.9754300000000002,2.3614699999999997,2.1966900000000003,2.19897,2.1943,2.19745,2.19647,2.1987,2.12639,2.19764,2.65189,2.64353,3.20024,3.2755400000000003,3.27215,3.198,3.4821400000000002,3.00422,3.00291,3.02197,2.6022,3.05128,3.01592,3.02064,3.02073,3.0346900000000003,0.59685,0.0,2.65891,2.49697,2.42108,2.55115,2.7147,2.8873800000000003,2.4521699999999997,2.5751,2.42585,2.5141
Dialister invisus,2.17178,2.50741,2.50741,2.51721,2.48323,2.51781,2.52004,2.48685,2.5049099999999997,2.51182,2.51445,2.54934,2.54352,2.16317,2.32278,2.32278,2.12639,2.10665,2.10716,2.0986599999999997,2.07666,2.11644,2.06883,2.0055899999999998,2.00842,2.00605,2.00725,2.05423,2.0697099999999997,2.06668,2.05965,2.02353,2.00032,2.0129799999999998,2.04078,2.0519600000000002,2.04926,1.96722,1.96628,2.08186,1.86308,1.98793,1.95645,1.99394,2.0466699999999998,1.97966,3.15225,3.11877,3.13322,3.1362,3.15655,3.13448,3.1319800000000004,3.11928,3.16031,3.08394,3.15878,3.12541,3.1330400000000003,3.10999,3.10016,3.1065,3.1278300000000003,3.13012,3.08202,3.15727,3.08528,3.0815400000000004,3.10056,3.07134,3.09218,3.10068,3.39619,3.4172599999999997,3.4234400000000003,3.3972100000000003,3.4128300000000005,3.4160700000000004,3.2023,3.20441,3.32212,3.31111,3.3034300000000005,3.2795199999999998,3.04897,3.05085,3.03954,3.0547700000000004,3.04026,3.04895,3.05113,3.0415400000000004,2.92296,2.94855,3.0426,2.9160399999999997,2.7512600000000003,2.75354,2.74887,2.75202,2.75104,2.75327,2.68096,2.75221,2.63226,2.6239,2.49733,2.57263,2.5692399999999997,2.4950900000000003,2.77923,2.30131,2.3,2.31906,2.1892500000000004,2.63833,2.60297,2.60769,2.60778,2.62174,2.67098,2.65891,0.0,0.9384,1.15961,1.2896800000000002,1.51979,2.18447,3.00674,1.31363,1.16438,0.95553
Veillonella parvula_A,2.00984,2.3454699999999997,2.3454699999999997,2.35527,2.3212900000000003,2.35587,2.3581000000000003,2.32491,2.34297,2.3498799999999997,2.35251,2.3874,2.38158,2.00123,2.16084,2.16084,1.96445,1.94471,1.94522,1.93672,1.91472,1.9545,1.90689,1.84365,1.84648,1.84411,1.84531,1.89229,1.90777,1.9047399999999999,1.89771,1.86159,1.83838,1.85104,1.87884,1.89002,1.8873199999999999,1.80528,1.80434,1.91992,1.70114,1.82599,1.79451,1.832,1.88473,1.81772,2.99031,2.95683,2.97128,2.97426,2.9946099999999998,2.97254,2.97004,2.95734,2.99837,2.9219999999999997,2.9968399999999997,2.96347,2.9711,2.94805,2.93822,2.94456,2.96589,2.96818,2.92008,2.99533,2.9233399999999996,2.9196,2.9386200000000002,2.9093999999999998,2.93024,2.93874,3.23425,3.2553199999999998,3.2615,3.23527,3.25089,3.25413,3.0403599999999997,3.04247,3.16018,3.14917,3.14149,3.11758,2.88703,2.88891,2.8776,2.89283,2.87832,2.88701,2.88919,2.8796,2.76102,2.7866099999999996,2.8806599999999998,2.7540999999999998,2.58932,2.5915999999999997,2.5869299999999997,2.59008,2.5891,2.59133,2.51902,2.59027,2.47032,2.46196,2.3353900000000003,2.4106899999999998,2.4073,2.33315,2.61729,2.13937,2.1380600000000003,2.15712,2.02731,2.47639,2.44103,2.44575,2.44584,2.4598,2.5090399999999997,2.49697,0.9384,0.0,0.9976700000000001,1.1277400000000002,1.35785,2.0225299999999997,2.8448,1.15169,1.00244,0.72191
Phascolarctobacterium_A succinatutens,1.93395,2.26958,2.26958,2.2793799999999997,2.2454,2.27998,2.28221,2.24902,2.26708,2.27399,2.2766200000000003,2.31151,2.3056900000000002,1.92534,2.08495,2.08495,1.88856,1.86882,1.86933,1.86083,1.83883,1.87861,1.831,1.76776,1.7705899999999999,1.76822,1.76942,1.8164,1.83188,1.8288499999999999,1.82182,1.7857,1.76249,1.77515,1.80295,1.81413,1.8114299999999999,1.72939,1.72845,1.84403,1.6252499999999999,1.7501,1.71862,1.75611,1.80884,1.74183,2.91442,2.88094,2.89539,2.89837,2.9187200000000004,2.89665,2.8941500000000002,2.88145,2.92248,2.8461100000000004,2.9209500000000004,2.88758,2.89521,2.87216,2.86233,2.86867,2.89,2.89229,2.84419,2.91944,2.8474500000000003,2.84371,2.86273,2.8335100000000004,2.85435,2.86285,3.15836,3.17943,3.18561,3.15938,3.1750000000000003,3.17824,2.9644700000000004,2.9665800000000004,3.08429,3.07328,3.0656000000000003,3.04169,2.81114,2.81302,2.80171,2.81694,2.80243,2.81112,2.8133,2.80371,2.68513,2.7107200000000002,2.8047700000000004,2.67821,2.51343,2.5157100000000003,2.5110400000000004,2.51419,2.51321,2.51544,2.44313,2.51438,2.39443,2.38607,2.2595,2.3348,2.33141,2.25726,2.5414000000000003,2.06348,2.06217,2.0812299999999997,1.9514200000000002,2.4005,2.36514,2.36986,2.36995,2.38391,2.4331500000000004,2.42108,1.15961,0.9976700000000001,0.0,0.64767,1.28196,1.94664,2.76891,0.6716200000000001,0.00799,1.0148000000000001
Acidaminococcus fermentans,2.06402,2.39965,2.39965,2.40945,2.37547,2.41005,2.41228,2.37909,2.39715,2.40406,2.40669,2.44158,2.43576,2.05541,2.21502,2.21502,2.01863,1.9988899999999998,1.9994,1.9909,1.9689,2.00868,1.9610699999999999,1.89783,1.9006599999999998,1.8982899999999998,1.8994900000000001,1.9464700000000001,1.9619499999999999,1.95892,1.9518900000000001,1.9157700000000002,1.89256,1.90522,1.93302,1.9442,1.9415,1.85946,1.85852,1.9741,1.75532,1.8801700000000001,1.84869,1.88618,1.93891,1.8719000000000001,3.0444899999999997,3.0110099999999997,3.02546,3.02844,3.0487900000000003,3.02672,3.02422,3.01152,3.05255,2.9761800000000003,3.0510200000000003,3.0176499999999997,3.02528,3.00223,2.9924,2.9987399999999997,3.02007,3.02236,2.97426,3.0495099999999997,2.97752,2.97378,2.9928,2.9635800000000003,2.98442,2.99292,3.28843,3.3095,3.31568,3.28945,3.30507,3.30831,3.0945400000000003,3.0966500000000003,3.21436,3.20335,3.1956700000000002,3.17176,2.94121,2.9430899999999998,2.93178,2.94701,2.9325,2.9411899999999997,2.94337,2.93378,2.8152,2.84079,2.9348400000000003,2.80828,2.6435,2.6457800000000002,2.6411100000000003,2.64426,2.64328,2.64551,2.5732,2.64445,2.5244999999999997,2.51614,2.38957,2.46487,2.46148,2.38733,2.6714700000000002,2.19355,2.19224,2.2113,2.08149,2.53057,2.49521,2.49993,2.50002,2.51398,2.5632200000000003,2.55115,1.2896800000000002,1.1277400000000002,0.64767,0.0,1.4120300000000001,2.07671,2.89898,0.28376999999999997,0.65244,1.14487
Mitsuokella multacida,2.22757,2.5632,2.5632,2.573,2.53902,2.5736,2.57583,2.54264,2.5606999999999998,2.56761,2.57024,2.60513,2.59931,2.21896,2.37857,2.37857,2.18218,2.16244,2.16295,2.1544499999999998,2.13245,2.17223,2.12462,2.0613799999999998,2.06421,2.06184,2.06304,2.11002,2.1254999999999997,2.12247,2.11544,2.07932,2.05611,2.0687699999999998,2.09657,2.1077500000000002,2.10505,2.02301,2.0220700000000003,2.13765,1.91887,2.04372,2.0122400000000003,2.0497300000000003,2.1024599999999998,2.03545,3.20804,3.17456,3.18901,3.19199,3.21234,3.19027,3.1877700000000004,3.17507,3.2161,3.13973,3.21457,3.1812,3.1888300000000003,3.16578,3.15595,3.16229,3.1836200000000003,3.18591,3.13781,3.21306,3.14107,3.1373300000000004,3.15635,3.12713,3.14797,3.15647,3.45198,3.4730499999999997,3.4792300000000003,3.4530000000000003,3.4686200000000005,3.4718600000000004,3.25809,3.2602,3.37791,3.3669000000000002,3.3592200000000005,3.3353099999999998,3.10476,3.10664,3.09533,3.1105600000000004,3.09605,3.10474,3.10692,3.0973300000000004,2.97875,3.00434,3.09839,2.9718299999999997,2.8070500000000003,2.80933,2.80466,2.80781,2.80683,2.80906,2.73675,2.808,2.68805,2.67969,2.55312,2.62842,2.6250299999999998,2.5508800000000003,2.83502,2.3571,2.35579,2.37485,2.2450400000000004,2.69412,2.65876,2.66348,2.66357,2.67753,2.72677,2.7147,1.51979,1.35785,1.28196,1.4120300000000001,0.0,2.24026,3.06253,1.43598,1.28673,1.3749799999999999
Ligilactobacillus ruminis,2.4583500000000003,2.79398,2.79398,2.8037799999999997,2.7698,2.80438,2.80661,2.7734199999999998,2.79148,2.79839,2.80102,2.83591,2.83009,2.44974,2.60935,2.60935,2.41296,2.39322,2.3937299999999997,2.38523,2.3632299999999997,2.40301,2.3554,2.29216,2.29499,2.29262,2.29382,2.3407999999999998,2.35628,2.35325,2.3462199999999998,2.3101,2.2868899999999996,2.29955,2.32735,2.33853,2.3358299999999996,2.25379,2.25285,2.36843,2.14965,2.2744999999999997,2.24302,2.2805099999999996,2.33324,2.26623,3.38072,3.34724,3.3616900000000003,3.3646700000000003,3.38502,3.36295,3.36045,3.34775,3.38878,3.31241,3.38725,3.35388,3.36151,3.33846,3.32863,3.33497,3.3563,3.35859,3.31049,3.38574,3.3137499999999998,3.31001,3.3290300000000004,3.29981,3.32065,3.3291500000000003,3.62466,3.64573,3.65191,3.62568,3.6413,3.64454,3.43077,3.43288,3.55059,3.53958,3.5319000000000003,3.50799,3.2774400000000004,3.2793200000000002,3.2680100000000003,3.28324,3.26873,3.27742,3.2796000000000003,3.27001,3.15143,3.1770199999999997,3.27107,3.14451,2.97973,2.98201,2.97734,2.98049,2.9795100000000003,2.9817400000000003,2.90943,2.98068,2.86073,2.85237,1.6529,1.7282000000000002,1.7248100000000002,1.65066,1.9348,1.01234,1.01103,1.03009,2.41772,2.8668,2.8314399999999997,2.83616,2.8362499999999997,2.85021,2.89945,2.8873800000000003,2.18447,2.0225299999999997,1.94664,2.07671,2.24026,0.0,3.2352100000000004,2.10066,1.95141,2.03966
Sutterella wadsworthensis,3.28062,3.61625,3.61625,3.62605,3.59207,3.62665,3.62888,3.5956900000000003,3.61375,3.62066,3.62329,3.6581799999999998,3.65236,3.27201,3.43162,3.43162,3.23523,3.21549,3.216,3.2075,3.1855,3.22528,3.17767,3.11443,3.11726,3.11489,3.11609,3.1630700000000003,3.17855,3.17552,3.1684900000000003,3.13237,3.10916,3.12182,3.14962,3.1608,3.1581,3.07606,3.07512,3.1907,2.97192,3.0967700000000002,3.06529,3.10278,3.15551,3.0885,3.4329099999999997,3.3994299999999997,3.41388,3.41686,3.43721,3.41514,3.4126399999999997,3.39994,3.44097,3.3646000000000003,3.4394400000000003,3.4060699999999997,3.4137,3.39065,3.38082,3.3871599999999997,3.40849,3.41078,3.36268,3.4379299999999997,3.36594,3.3621999999999996,3.38122,3.352,3.37284,3.38134,3.67685,3.69792,3.7041,3.67787,3.69349,3.69673,3.4829600000000003,3.48507,3.60278,3.59177,3.5840899999999998,3.56018,3.32963,3.3315099999999997,3.3202,3.3354299999999997,3.32092,3.3296099999999997,3.33179,3.3222,3.20362,3.22921,3.32326,0.7004,1.7887400000000002,1.79102,1.78635,1.7895,1.78852,1.79075,1.7184400000000002,1.7896900000000002,2.99972,2.9913600000000002,3.54807,3.6233700000000004,3.61998,3.54583,3.8299700000000003,3.35205,3.35074,3.3698,2.95003,3.3991100000000003,3.36375,3.3684700000000003,3.36856,3.3825200000000004,2.46424,2.4521699999999997,3.00674,2.8448,2.76891,2.89898,3.06253,3.2352100000000004,0.0,2.92293,2.77368,2.86193
Acidaminococcus intestini,2.0879700000000003,2.4236,2.4236,2.4334,2.39942,2.434,2.43623,2.40304,2.4211,2.42801,2.4306400000000004,2.46553,2.4597100000000003,2.0793600000000003,2.23897,2.23897,2.04258,2.02284,2.0233499999999998,2.01485,1.99285,2.03263,1.98502,1.92178,1.92461,1.92224,1.92344,1.97042,1.9859,1.98287,1.97584,1.93972,1.91651,1.92917,1.95697,1.96815,1.96545,1.88341,1.88247,1.99805,1.77927,1.90412,1.87264,1.91013,1.96286,1.89585,3.06844,3.03496,3.04941,3.05239,3.07274,3.05067,3.04817,3.03547,3.0765000000000002,3.00013,3.07497,3.0416,3.0492299999999997,3.02618,3.01635,3.02269,3.0440199999999997,3.04631,2.9982100000000003,3.07346,3.00147,2.99773,3.01675,2.98753,3.00837,3.01687,3.31238,3.33345,3.3396299999999997,3.3133999999999997,3.32902,3.3322599999999998,3.11849,3.1206,3.2383100000000002,3.2272999999999996,3.21962,3.19571,2.96516,2.96704,2.95573,2.97096,2.9564500000000002,2.96514,2.96732,2.9577299999999997,2.83915,2.86474,2.95879,2.83223,2.6674499999999997,2.66973,2.66506,2.66821,2.66723,2.66946,2.59715,2.6684,2.54845,2.54009,2.41352,2.48882,2.48543,2.41128,2.6954200000000004,2.2175000000000002,2.21619,2.2352499999999997,2.1054399999999998,2.55452,2.51916,2.52388,2.52397,2.5379300000000002,2.58717,2.5751,1.31363,1.15169,0.6716200000000001,0.28376999999999997,1.43598,2.10066,2.92293,0.0,0.67639,1.1688200000000002
Phascolarctobacterium_A succinatutens_A,1.93872,2.27435,2.27435,2.28415,2.2501700000000002,2.28475,2.2869800000000002,2.25379,2.27185,2.27876,2.28139,2.31628,2.31046,1.93011,2.08972,2.08972,1.8933300000000002,1.87359,1.8740999999999999,1.8656000000000001,1.8436,1.8833799999999998,1.8357700000000001,1.7725300000000002,1.77536,1.77299,1.77419,1.82117,1.8366500000000001,1.8336199999999998,1.82659,1.79047,1.7672599999999998,1.7799200000000002,1.8077200000000002,1.8189000000000002,1.8161999999999998,1.7341600000000001,1.7332200000000002,1.8488000000000002,1.63002,1.75487,1.7233900000000002,1.7608800000000002,1.8136100000000002,1.7466,2.91919,2.88571,2.90016,2.90314,2.92349,2.90142,2.8989200000000004,2.88622,2.92725,2.85088,2.92572,2.89235,2.8999800000000002,2.8769299999999998,2.8670999999999998,2.87344,2.8947700000000003,2.8970599999999997,2.84896,2.92421,2.85222,2.8484800000000003,2.8675,2.83828,2.85912,2.86762,3.1631299999999998,3.1841999999999997,3.19038,3.1641500000000002,3.1797700000000004,3.1830100000000003,2.96924,2.97135,3.08906,3.07805,3.0703700000000005,3.0464599999999997,2.81591,2.81779,2.80648,2.8217100000000004,2.8072,2.81589,2.81807,2.8084800000000003,2.6898999999999997,2.71549,2.80954,2.6829799999999997,2.5182,2.52048,2.51581,2.51896,2.51798,2.52021,2.4478999999999997,2.51915,2.3992,2.39084,2.2642700000000002,2.33957,2.33618,2.26203,2.54617,2.06825,2.06694,2.086,1.95619,2.40527,2.36991,2.37463,2.37472,2.38868,2.43792,2.42585,1.16438,1.00244,0.00799,0.65244,1.28673,1.95141,2.77368,0.67639,0.0,1.01957
Megasphaera elsdenii,2.02697,2.3626,2.3626,2.3724,2.33842,2.3729999999999998,2.37523,2.34204,2.3601,2.36701,2.36964,2.40453,2.39871,2.01836,2.1779699999999997,2.1779699999999997,1.9815800000000001,1.96184,1.9623499999999998,1.95385,1.9318499999999998,1.9716299999999998,1.92402,1.86078,1.86361,1.86124,1.8624399999999999,1.90942,1.9249,1.9218699999999997,1.9148399999999999,1.87872,1.8555099999999998,1.86817,1.8959700000000002,1.9071500000000001,1.9044499999999998,1.82241,1.8214700000000001,1.9370500000000002,1.71827,1.8431199999999999,1.8116400000000001,1.8491300000000002,1.90186,1.8348499999999999,3.00744,2.97396,2.98841,2.99139,3.01174,2.9896700000000003,2.98717,2.97447,3.0155000000000003,2.93913,3.01397,2.9806,2.9882299999999997,2.96518,2.95535,2.96169,2.98302,2.98531,2.9372100000000003,3.01246,2.94047,2.93673,2.95575,2.92653,2.9473700000000003,2.95587,3.25138,3.27245,3.2786299999999997,3.2523999999999997,3.26802,3.27126,3.05749,3.0596,3.1773100000000003,3.1662999999999997,3.15862,3.13471,2.90416,2.90604,2.89473,2.90996,2.8954500000000003,2.90414,2.90632,2.89673,2.77815,2.80374,2.89779,2.77123,2.6064499999999997,2.60873,2.60406,2.6072100000000002,2.60623,2.60846,2.53615,2.6074,2.48745,2.4790900000000002,2.35252,2.42782,2.42443,2.35028,2.63442,2.1565,2.15519,2.17425,2.04444,2.49352,2.45816,2.46288,2.46297,2.4769300000000003,2.52617,2.5141,0.95553,0.72191,1.0148000000000001,1.14487,1.3749799999999999,2.03966,2.86193,1.1688200000000002,1.01957,0.0
