,Flavonifractor plautii,Faecalibacterium prausnitzii_C,Faecalibacterium prausnitzii,Faecalibacterium sp900539885,Faecalibacterium prausnitzii_G,Faecalibacterium prausnitzii_J,Faecalibacterium prausnitzii_A,Faecalibacterium sp900758465,Faecalibacterium prausnitzii_H,Faecalibacterium prausnitzii_E,Faecalibacterium prausnitzii_F,Gemmiger formicilis,Gemmiger sp900540775,Anaerotruncus colihominis,Ruminococcus_E bromii_B,Ruminococcus_E bromii,Blautia_A obeum,Blautia_A wexlerae,Blautia_A wexlerae_B,Agathobacter sp900317585,Mediterraneibacter faecis,Mediterraneibacter torques,Mediterraneibacter lactaris,Enterocloster bolteae,Enterocloster citroniae,Enterocloster asparagiformis,Enterocloster clostridioformis,Coprococcus eutactus,Dorea_A longicatena_B,Dorea_A longicatena,Lachnospira eligens_A,Roseburia inulinivorans,Roseburia intestinalis,Anaerostipes hadrus,Eubacterium_G ventriosum,Bariatricus comes,Bariatricus comes_A,Anaerobutyricum hallii,Anaerobutyricum soehngenii,Dorea formicigenerans,Coprococcus_A catus,Eubacterium_I ramulus,Clostridium_Q symbiosum,Bacteroides_F pectinophilus,Ruminococcus_B gnavus,Hungatella effluvii,Bacteroides uniformis,Bacteroides caccae,Bacteroides cellulosilyticus,Bacteroides timonensis,Bacteroides stercoris,Bacteroides sp900552405,Bacteroides intestinalis_A,Bacteroides xylanisolvens,Bacteroides eggerthii,Bacteroides fragilis,Bacteroides fluxus,Bacteroides finegoldii,Bacteroides intestinalis,Bacteroides faecis,Bacteroides nordii,Bacteroides salyersiae,Bacteroides sp902362375,Bacteroides oleiciplenus,Bacteroides fragilis_A,Bacteroides clarus,Phocaeicola dorei,Phocaeicola vulgatus,Phocaeicola plebeius,Phocaeicola massiliensis,Phocaeicola coprocola,Phocaeicola coprophilus,Prevotella sp900313215,Prevotella sp900551275,Prevotella copri_A,Prevotella stercorea,Prevotella sp015074785,Prevotella copri,Paraprevotella clara,Paraprevotella xylaniphila,Alistipes onderdonkii,Alistipes finegoldii,Alistipes shahii,Alistipes putredinis,Alistipes_A indistinctus,Parabacteroides distasonis,Parabacteroides goldsteinii,Parabacteroides distasonis_A,Parabacteroides gordonii,Parabacteroides merdae,Parabacteroides johnsonii,Parabacteroides timonensis,Butyricimonas virosa,Odoribacter splanchnicus,Barnesiella intestinihominis,Parasutterella excrementihominis,Escherichia coli,Escherichia fergusonii,Escherichia ruysiae,Escherichia sp005843885,Escherichia coli_E,Escherichia albertii,Hafnia alvei,Klebsiella pneumoniae,Akkermansia muciniphila,Akkermansia muciniphila_B,Erysipelatoclostridium ramosum,Catenibacterium sp000437715,Catenibacterium mitsuokai,Holdemania filiformis,Holdemanella biformis,Streptococcus salivarius,Streptococcus sp001556435,Streptococcus thermophilus,Adlercreutzia celatus_A,Bifidobacterium longum,Bifidobacterium pseudocatenulatum,Bifidobacterium catenulatum,Bifidobacterium ruminantium,Bifidobacterium bifidum,Desulfovibrio sp900556755,Bilophila wadsworthia,Dialister invisus,Veillonella parvula_A,Phascolarctobacterium_A succinatutens,Acidaminococcus fermentans,Mitsuokella multacida,Ligilactobacillus ruminis,Sutterella wadsworthensis,Acidaminococcus intestini,Phascolarctobacterium_A succinatutens_A,Megasphaera elsdenii
Flavonifractor plautii,0.0,3.7065640102723414e+20,4.8451410018633155e+19,1.2774702233331904e+20,3.990383091039267e+21,7.544296058511439e+19,1.25434865016767e+21,1.634611511853786e+21,2.701549070805525e+20,5.053499998389742e+20,3.158343938868941e+20,4.857461591494085e+19,4.8574615717460525e+19,4.8574619011184935e+19,4.857461584852764e+19,4.857461847401326e+19,2.042097048198146e+20,1.2897179623546778e+21,5.740570473932406e+20,1.1260006888384515e+21,4.327799060725092e+19,4.725971916085095e+21,4.8574619107431e+19,1.2131689883805528e+21,8.211699759413602e+19,2.8249294391854236e+19,1.476707019661521e+22,4.857460103254899e+19,4.857461614042125e+19,4.8574618553984655e+19,1.992823164867436e+20,1.660209500040235e+27,4.8574619064516575e+19,7.313759692503022e+19,4.857461912133249e+19,4.857461849268218e+19,4.857460359347936e+19,4.857461660651862e+19,3.125309079480548e+20,2.0188769200714744e+20,2.7313670508072948e+19,5.649486193252577e+19,1.9535548524646177e+20,4.857426873633649e+19,1.599145053660926e+29,2.0050823747951886e+20,2.158520496478885e+19,8.86369523610312e+18,8.688329635995129e+20,9.308789248862875e+21,7.447960159882117e+21,2.6975407388695095e+20,7.447597198401089e+19,1.7684195876349114e+19,1.3879635405475167e+20,3.8711747153530605e+20,3.5686879140556866e+19,4.342598577662628e+20,9.055462965579918e+20,7.3055049646107705e+19,1.0807125402893919e+21,8.237585378501784e+19,6.235748308628849e+19,9.195083902178735e+19,4.3485601194933145e+20,4.1348465507491906e+19,5.435610599333237e+20,1.2036713836487803e+20,1.05787832308226e+21,1.314787162031026e+21,2.1261816972255108e+16,8.47002233792296e+20,1.523033858553269e+21,2.7157347335898063e+19,3.3841727372139243e+22,2.956446009212666e+20,5.199967105490897e+19,8.013576744637454e+20,3.90546365885564e+19,4.730492288675548e+18,1.3955237361201734e+20,5.0504059039468526e+20,7.3642172957193855e+19,1.0718648390449239e+21,2.988914634872107e+20,2.8615511200063074e+19,1.0710375698901852e+22,2.8701756518860548e+20,8.199498833927465e+20,6.531578547444344e+18,3.8941482098609055e+20,3.0128215435294907e+21,1.4260763178941048e+21,7.995179995171746e+20,1.1794441420866632e+19,7.077664600259635e+18,4.184483677846612e+21,2.5561205389163594e+20,9.768546048347176e+21,3.0170040978193876e+21,1.0947089862854864e+21,5.130381513255315e+19,4.429807979727795e+19,1.0929807119064265e+21,1.0846339198036205e+17,3.4051597057069673e+21,4.857461908612565e+19,4.857461776270917e+19,4.857461912662113e+19,3.207958369533266e+20,4.857460662173683e+19,7.845240126015426e+20,2.861811011442479e+22,4.85746191260759e+19,3.785986743166741e+19,1.6819319682790664e+21,4.857461901832023e+19,1.559589224012199e+21,4.232518661010449e+21,1.6655661855252315e+21,9.734826421734599e+21,5.98867372201998e+21,1.1663375199571446e+21,1.8667013131714754e+21,4.857283964360891e+19,2.9090120252263268e+20,4.857461911986893e+19,1.3078878407784679e+20,1.306479362640173e+23,5.039297260695917e+20,4.8437523083602665e+19,3.7852823548346624e+20
Faecalibacterium prausnitzii_C,3.7065640102723414e+20,0.0,3.222050197805151e+20,2.4290937912118e+20,3.619751650776468e+21,2.952140296330823e+20,8.836963168249446e+20,1.263970854034636e+21,1.0050246864697011e+20,1.3469410246523234e+20,5.482335657319509e+19,4.192269652169201e+20,4.1922696501961274e+20,4.192269683083185e+20,4.192269651508596e+20,4.192269677721302e+20,1.6644700446058732e+20,9.190690018369017e+20,2.0340316717335282e+20,7.553542785864103e+20,4.139312275985321e+20,4.355351743315698e+21,4.192269684043633e+20,8.425258658577566e+20,2.885394052061621e+20,3.989034967814802e+20,1.439646324011786e+22,4.192269503537804e+20,4.1922696544199e+20,4.19226967851904e+20,1.7138144441889754e+20,1.6602091300095912e+27,4.19226968361533e+20,2.97518841233408e+20,4.19226968418235e+20,4.1922696779071095e+20,4.192269529119982e+20,4.192269659074507e+20,5.8125668122348495e+19,1.6876922207808196e+20,3.979681756031752e+20,3.1416233728379165e+20,1.753013553653034e+20,4.1922661840761114e+20,1.5991450499634337e+29,1.7014822084666317e+20,3.4907143278598534e+20,3.795191096081366e+20,4.981856204510678e+20,8.938169527955881e+21,7.077348035015936e+21,1.0090319035556754e+20,2.961817774393715e+20,3.8833924879740515e+20,2.3186005093077205e+20,1.650805969365181e+19,4.0634088579544973e+20,6.36112867900973e+19,5.3490177806670574e+20,2.976018595606554e+20,7.10062654798869e+20,2.8828145673305335e+20,3.0829951626203483e+20,2.78706204221824e+20,6.421925362087918e+19,4.120022509800524e+20,1.7290787215230173e+20,2.5028937250582934e+20,6.872276993343159e+20,9.441377958369295e+20,3.7064179302208976e+20,4.763555266624849e+20,1.1523891471384353e+21,3.434990625497712e+20,3.347114753769113e+22,7.502491993272595e+19,3.186571128036906e+20,4.307068738034052e+20,4.09708403581714e+20,3.753835394764015e+20,2.311063037062093e+20,1.343853127095747e+20,2.9701460020194365e+20,7.012107077330424e+20,7.1770387132820865e+19,3.992705396962466e+20,1.0339760991562237e+22,8.364307427198724e+19,4.4929721439317675e+20,3.7718671281080474e+20,1.8771585314918412e+19,2.6421825629263883e+21,1.0554248030337192e+21,4.288638802866272e+20,3.588626065594593e+20,3.7773387882975435e+20,3.813860770595945e+21,1.1504498090527338e+20,9.397942343526026e+21,2.6463758404927713e+21,7.240682150842495e+20,3.193531888638656e+20,4.1495124420570894e+20,7.223362062925777e+20,3.706781991236758e+20,3.034529555529028e+21,4.1922696838310226e+20,4.192269670618594e+20,4.192269684235111e+20,4.986386594101307e+19,4.192269559360427e+20,4.1387052749073495e+20,2.824751691302282e+22,4.1922696842296754e+20,3.3279864917728854e+20,1.3112933832979136e+21,4.1922696831542945e+20,1.1889478799001282e+21,3.8618824315665336e+21,1.2949266903499489e+21,9.364202523372364e+21,5.618047789621258e+21,7.956845726761619e+20,1.4960543259780073e+21,4.192251905501964e+20,7.975561760291752e+19,4.1922696841677406e+20,2.3987101878468205e+20,1.3027738890974156e+23,1.3327405145655173e+20,4.1908994185200645e+20,7.874104660700335e+18
Faecalibacterium prausnitzii,4.8451410018633155e+19,3.222050197805151e+20,0.0,7.929564825970244e+19,3.9419352527588635e+21,2.6991978253484073e+19,1.205897856904077e+21,1.5861621781903843e+21,2.2170350151333616e+20,4.568986831576221e+20,2.6738311482461903e+20,9.702406260871299e+19,9.702406241131951e+19,9.702406570247709e+19,9.702406254248332e+19,9.70240651658104e+19,1.557584455279376e+20,1.241267571705792e+21,5.256059100482594e+20,1.0775505293996226e+21,9.172781848715467e+19,4.677525607800174e+21,9.702406579861953e+19,1.1647192212323138e+21,3.3665629206544146e+19,7.669943452897172e+19,1.471862592941008e+22,9.702404773612528e+19,9.702406283398255e+19,9.702406524567981e+19,1.5083165326872986e+20,1.6602094516735068e+27,9.702406575574835e+19,2.4686187834565825e+19,9.702406581250569e+19,9.702406518443352e+19,9.702405029568306e+19,9.702406329975526e+19,2.6407950816328627e+20,1.5343648688550737e+20,7.57639858514614e+19,8.046013066805764e+18,1.4690427224665398e+20,9.702371561701653e+19,1.5991450531776323e+29,1.5205683557303697e+20,2.6866447656319046e+19,5.731436202032517e+19,8.203825747198447e+20,9.260343173495251e+21,7.399515056677466e+21,2.2130266677566793e+20,2.6025883291312075e+19,6.613473039649968e+19,9.034496953109093e+19,3.386665736842546e+20,8.41370196122527e+19,3.8580878227146283e+20,8.570962019945809e+20,2.4604029430860313e+19,1.0322619896755475e+21,3.392502023186744e+19,1.390703888800222e+19,4.349968295494551e+19,3.8640527556801226e+20,8.97985635235688e+19,4.9510995080661985e+20,7.191591119237288e+19,1.0094276852982619e+21,1.2663367300939752e+21,4.843678850404024e+19,7.985518890220641e+20,1.474584019365491e+21,2.1294064570563027e+19,3.379328689625447e+22,2.4719349227454562e+20,3.5505580752701046e+18,7.529069207280176e+20,8.750469094894797e+19,5.317897087597828e+19,9.110141729987612e+19,4.565893202792019e+20,2.51910005506421e+19,1.0234138042384765e+21,2.5044044324336373e+20,7.706616781471341e+19,1.06619303275978e+22,2.3856653212103665e+20,7.714989576211345e+20,5.498196548816757e+19,3.4096363809817756e+20,2.9643726423654935e+21,1.3776256479219737e+21,7.510669209311593e+20,3.665764165610934e+19,5.552895126851741e+19,4.136036968930519e+21,2.0716079588835865e+20,9.720102141104507e+21,2.9685565696799723e+21,1.0462594005811786e+21,2.8576964016246093e+18,9.274788499038996e+19,1.0445307384413035e+21,4.847341689856178e+19,3.3567119836651407e+21,9.7024065777337e+19,9.702406445503416e+19,9.702406581778786e+19,2.7234463167685686e+20,9.70240533217907e+19,7.360729944997694e+20,2.8569667801676497e+22,9.702406581724347e+19,1.0598560474516226e+19,1.6334828918679114e+21,9.702406570959977e+19,1.5111397877362385e+21,4.184070205779427e+21,1.617116997378472e+21,9.686379786228139e+21,5.940226719752934e+21,1.1178866402683233e+21,1.818251263395226e+21,9.702228714452078e+19,2.4244979406438806e+20,9.702406581104342e+19,8.233825641170158e+19,1.3059950029044364e+23,4.554783161994624e+20,9.688700363196788e+19,3.300768896332509e+20
Faecalibacterium sp900539885,1.2774702233331904e+20,2.4290937912118e+20,7.929564825970244e+19,0.0,3.862644211611532e+21,5.230517252240094e+19,1.1266027586451468e+21,1.5068691031572108e+21,1.4240810370163188e+20,3.776030477941392e+20,1.8808752078744977e+20,1.7631834422166962e+20,1.7631834402432827e+20,1.7631834731399135e+20,1.7631834415554376e+20,1.7631834677761668e+20,7.646293590710241e+19,1.1619730104794217e+21,4.463104411796018e+20,9.982563201352892e+20,1.7102239602025526e+20,4.5982368183322626e+21,1.7631834741007414e+20,1.0854255742410245e+21,4.563002643281785e+19,1.5599439523900853e+20,1.4639340048443607e+22,1.7631832935483176e+20,1.7631834444681727e+20,1.7631834685742763e+20,7.154125774447741e+19,1.6602093725093043e+27,1.763183473672279e+20,5.460948665019055e+19,1.7631834742395145e+20,1.763183467962138e+20,1.7631833191357592e+20,1.763183449124e+20,1.8478390002267878e+20,7.414110156703359e+19,1.5505903067585433e+20,7.125334633233196e+19,6.760888564575499e+19,1.7631799734072544e+20,1.5991450523865873e+29,7.2761251890150375e+19,1.061620791714856e+20,1.3660977965954274e+20,7.410880839161695e+20,9.18105463328648e+21,7.320228000080122e+21,1.4200724599828606e+20,5.327358201057534e+19,1.454299881806117e+20,1.104934597771887e+19,2.593715133285371e+20,1.634318680963161e+20,3.0651342059889276e+20,7.778021414244001e+20,5.469289457772412e+19,9.529672298439106e+20,4.537310791627657e+19,6.5390485102282334e+19,3.5797848718993637e+19,3.071104447697003e+20,1.690933115491728e+20,4.158145200787996e+20,7.381295655169796e+18,9.301328083204215e+20,1.1870421091884015e+21,1.2773241410108934e+20,7.192574694848484e+20,1.395290217190405e+21,1.005896839088766e+20,3.3714006693177335e+22,1.678995473466584e+20,7.574788936725402e+19,6.736119203751066e+20,1.6679944887976355e+20,1.3247424857600433e+20,1.1820330406566973e+19,3.772937182253744e+20,5.410552650228099e+19,9.441184206362398e+20,1.711452616486983e+20,1.5636133853806222e+20,1.0582642822619563e+22,1.5927134305623353e+20,6.922037239774034e+20,1.3427738118075151e+20,2.6166814378483948e+20,2.8850800869870603e+21,1.2983306990497964e+21,6.717715011198152e+20,1.1595326370495432e+20,1.3482450924526853e+20,4.056747602080044e+21,1.2786524584573008e+20,9.640816849546878e+21,2.889266045376255e+21,9.669660575586915e+20,7.644405436132942e+19,1.720424344763547e+20,9.652368099514416e+20,1.2776885513021977e+20,3.2774211431406984e+21,1.7631834738880473e+20,1.7631834606714837e+20,1.7631834742922992e+20,1.9304912825538976e+20,1.7631833493842706e+20,6.567776480937088e+20,2.8490384819539224e+22,1.76318347428686e+20,8.988982515572353e+19,1.554190193100046e+21,1.7631834732110686e+20,1.4318465715191354e+21,4.10477825239144e+21,1.5378241342155863e+21,9.607090411804775e+21,5.86093685568853e+21,1.0385914380811871e+21,1.7389571307241763e+21,1.763165692406834e+20,1.631542413385349e+20,1.7631834742248994e+20,3.1311719952866734e+18,1.3052022692815938e+23,3.7618278333654145e+20,1.761813066039636e+20,2.5078124340557362e+20
Faecalibacterium prausnitzii_G,3.990383091039267e+21,3.619751650776468e+21,3.9419352527588635e+21,3.862644211611532e+21,0.0,3.9149483037617527e+21,2.73608082631866e+21,2.3557836179690152e+21,3.7202506485465906e+21,3.4850632045864823e+21,3.6745656043089324e+21,4.0389429648272424e+21,4.03894296463014e+21,4.038942967913265e+21,4.0389429647615486e+21,4.0389429673781536e+21,3.7861839119791167e+21,2.700696136847442e+21,3.416352350520408e+21,2.8644023242928297e+21,4.0336489261690053e+21,7.356607550504374e+20,4.038942968009091e+21,2.7772280456409393e+21,3.9082713793989554e+21,4.0186243112160676e+21,1.0776757514901528e+22,4.0389429499858623e+21,4.0389429650518625e+21,4.0389429674577153e+21,3.791130716194038e+21,1.660205514078319e+27,4.0389429679663533e+21,3.9172508179657623e+21,4.0389429680229313e+21,4.038942967396642e+21,4.038942952540942e+21,4.0389429655166077e+21,3.6778744975383624e+21,3.7885050617754036e+21,4.0176894232617864e+21,3.9338955155024097e+21,3.795037062342502e+21,4.038942618444833e+21,1.5991450138264077e+29,3.78988897226821e+21,3.9688005261833305e+21,3.99924376274644e+21,3.121568549993038e+21,5.318432230605608e+21,3.457646322102264e+21,3.7206511620783473e+21,3.9159173641489387e+21,4.008062346723435e+21,3.851595822199779e+21,3.6032785534051413e+21,4.026060467914515e+21,3.5561411104172157e+21,3.0848508539329876e+21,3.91733575197964e+21,2.9096994744671996e+21,3.90801695002372e+21,3.928032780095342e+21,3.898441867163345e+21,3.555539372354367e+21,4.0317208168782123e+21,3.446845873145816e+21,3.8700220901860484e+21,2.9325356779849835e+21,2.675629282587156e+21,3.99036865431519e+21,3.1433978968727895e+21,2.467370394328902e+21,3.963227655676753e+21,2.985153415693925e+22,3.694775817385666e+21,3.938389043666615e+21,3.189050147816026e+21,4.0294272637320246e+21,3.9951079248929127e+21,3.8508482292360455e+21,3.485370173488448e+21,3.916748164931183e+21,2.918567798030151e+21,3.691503017721923e+21,4.018992207299262e+21,6.720035773183784e+21,3.703376624872834e+21,3.1704640532710744e+21,3.996911553128507e+21,3.600986545278461e+21,9.775855109052126e+20,2.5643556362116226e+21,3.190901070690435e+21,3.9785913476071235e+21,3.9974595613582526e+21,1.9423699420205607e+20,3.7347841873141736e+21,5.778264498018145e+21,9.733804668003751e+20,2.8956837987628666e+21,3.9390855618973254e+21,4.034668719627281e+21,2.8974178960466436e+21,3.9904037003046525e+21,5.852237694675206e+20,4.038942967987879e+21,4.038942966669037e+21,4.0389429680281936e+21,3.669602632427592e+21,4.03894295556026e+21,3.205891688318212e+21,2.462785037844934e+22,4.038942968027652e+21,3.9525317067049544e+21,2.3084594696508618e+21,4.0389429679203497e+21,2.430806841527849e+21,2.4217684468068752e+20,2.3248268076916338e+21,5.744455995646318e+21,1.9983017830606677e+21,2.824091771588492e+21,2.1237200765918952e+21,4.0389411920565124e+21,3.699503884169882e+21,4.038942968021473e+21,3.859613513536459e+21,1.26657910212275e+23,3.486495384683649e+21,4.038806032854421e+21,3.611878123485983e+21
Faecalibacterium prausnitzii_J,7.544296058511439e+19,2.952140296330823e+20,2.6991978253484073e+19,5.230517252240094e+19,3.9149483037617527e+21,0.0,1.1789079227900453e+21,1.5591739017560774e+21,1.9471218356888175e+20,4.29907889199433e+20,2.4039250550154592e+20,1.240160363343736e+20,1.2401603613697809e+20,1.2401603942819466e+20,1.240160362681398e+20,1.2401603889151641e+20,1.287680606635127e+20,1.2142781581216179e+21,4.9861550892608835e+20,1.0505614083486191e+21,1.1871977409572413e+20,4.650539967201991e+21,1.2401603952433948e+20,1.1377305310240903e+21,6.679250994503436e+18,1.0369134369607786e+20,1.4691641882110534e+22,1.2401602146155948e+20,1.24016036559648e+20,1.2401603897138817e+20,1.2383968180628845e+20,1.6602094247405376e+27,1.240160394814673e+20,2.3136072206638444e+18,1.2401603953822597e+20,1.2401603891014056e+20,1.2401602402114916e+20,1.2401603702542818e+20,2.3708842770127172e+20,1.2644626616694835e+20,1.0275587523394064e+20,1.894830877439738e+19,1.1991405218872479e+20,1.240156893383311e+20,1.599145052908533e+29,1.2506582680878904e+20,5.3857771291846975e+19,8.430612477575332e+19,7.9339321710655e+20,9.233357686251868e+21,7.372530374132514e+21,1.943113684413972e+20,9.769080889546043e+17,9.312656167689668e+19,6.3354315166914404e+19,3.116766856225532e+20,1.1112894334273726e+20,3.5881854875387455e+20,8.30107192684738e+20,2.3879509496824197e+18,1.0052723957505757e+21,6.933063949360811e+18,1.3085517005020105e+19,1.650789566208336e+19,3.594156070001682e+20,1.1679049897624807e+20,4.6811961143107584e+20,4.4926350312242455e+19,9.824379797279423e+20,1.2393472638591912e+21,7.542829944086454e+19,7.715625908269773e+20,1.4475952197733688e+21,4.828577460142757e+19,3.3766305719358832e+22,2.202016660323632e+20,2.344328960968629e+19,7.259170920562578e+20,1.1449662682142153e+20,8.017082362307551e+19,6.410949243536227e+19,4.295986502779136e+20,1.8015039829453755e+18,9.964235185715275e+20,2.234504325881395e+20,1.0405801461937286e+20,1.0634945410374788e+22,2.1157651411158175e+20,7.445088715077061e+20,8.197373649961299e+19,3.139732131938145e+20,2.937384731498729e+21,1.3506358709739145e+21,7.240765872435028e+20,6.3648840413861356e+19,8.252057828613548e+19,4.109051000104517e+21,1.8017030970136923e+20,9.693118394247324e+21,2.9415699215685004e+21,1.0192709239946943e+21,2.4139221385426158e+19,1.1973984276379902e+20,1.0175418356330128e+21,7.546519266576679e+19,3.329725151444458e+21,1.2401603950305644e+20,1.2401603818072801e+20,1.240160395435083e+20,2.4535420540800886e+20,1.2401602704730635e+20,7.090827657994153e+20,2.854268524861674e+22,1.240160395429639e+20,3.758469395842433e+19,1.6064948705867798e+21,1.2401603943531764e+20,1.4841514121411413e+21,4.1570826920473484e+21,1.5901288657491266e+21,9.659393830214231e+21,5.913240475047713e+21,1.0908965882153418e+21,1.7912622111608527e+21,1.2401426085127333e+20,2.1545862423828454e+20,1.2401603953676368e+20,5.534628495733547e+19,1.3057252236473888e+23,4.28487044789905e+20,1.2387897649745433e+20,3.030860406764005e+20
Faecalibacterium prausnitzii_A,1.25434865016767e+21,8.836963168249446e+20,1.205897856904077e+21,1.1266027586451468e+21,2.73608082631866e+21,1.1789079227900453e+21,0.0,3.803097943966566e+20,9.841986357328322e+20,7.490026677027309e+20,9.385159206300666e+20,1.302915967362597e+21,1.302915967165367e+21,1.302915970451931e+21,1.3029159672966802e+21,1.3029159699161576e+21,1.050139880363668e+21,3.5415171220996907e+19,6.802931996438026e+20,1.2837179451961824e+20,1.2976208000285155e+21,3.471700157429398e+21,1.3029159705478913e+21,4.135932621402914e+19,1.1722323939878058e+21,1.2825940111177653e+21,1.351282348934542e+22,1.3029159525077704e+21,1.3029159675874936e+21,1.3029159699958493e+21,1.0550776552085156e+21,1.660208247532858e+27,1.3029159705050963e+21,1.1812119605370327e+21,1.3029159705617503e+21,1.3029159699347024e+21,1.3029159550647971e+21,1.3029159680526805e+21,9.418216828299172e+20,1.0524616580914102e+21,1.281658838659467e+21,1.1978560924990715e+21,1.05899387328972e+21,1.3029156207153463e+21,1.5991450411447955e+29,1.0538427694411823e+21,1.2327642343718666e+21,1.2632107517684458e+21,3.855183067948522e+20,8.054510975268615e+21,6.193705023987116e+21,9.845993161410891e+20,1.17987611039718e+21,1.272030451951619e+21,1.1155536206428144e+21,8.672312957192899e+20,1.290031054107796e+21,8.200894855582042e+20,3.4881039124415224e+20,1.1812956530077372e+21,1.7363909075900816e+20,1.1719756718154677e+21,1.1919932289495893e+21,1.1624003639097077e+21,8.194926385164375e+20,1.295692125366001e+21,7.107887933716894e+20,1.1339820426840799e+21,1.9647141615741698e+20,6.046116373275418e+19,1.2543341027833267e+21,4.0734931730559376e+20,2.6871669454387983e+20,1.227191610041171e+21,3.2587551404377407e+22,9.587169601143694e+20,1.20235050085359e+21,4.529909863159877e+20,1.293398352000417e+21,1.2590750203200392e+21,1.1148018720291029e+21,7.493110561936445e+20,1.1807082743575877e+21,1.8248828282783865e+20,9.554575060318552e+20,1.2829613813521244e+21,9.456109988514405e+21,9.673314246347509e+20,4.3439920797208576e+20,1.2608783886067287e+21,8.649350533677481e+20,1.7585013612852551e+21,1.7172889328039772e+20,4.5483269699364435e+20,1.2425554155725565e+21,1.2614258680870207e+21,2.930206008425438e+21,9.987377596379666e+20,8.514311775213147e+21,1.7627176025100203e+21,1.596934419084415e+20,1.2030467368462613e+21,1.298640747796961e+21,1.6139622830044932e+20,1.2543700197147738e+21,2.150864012614549e+21,1.3029159705266487e+21,1.3029159692063293e+21,1.3029159705670213e+21,9.335539224280334e+20,1.3029159580870322e+21,4.698257950360493e+20,2.7363897759813153e+22,1.3029159705664786e+21,1.2164925806240488e+21,4.2763839399331404e+20,1.3029159704590318e+21,3.0529025723248063e+20,2.978202456268389e+21,4.1126872766248334e+20,8.480536821457178e+21,4.73438221337105e+21,8.801224774491465e+19,6.123641216153395e+20,1.302914193411264e+21,9.634516658048392e+20,1.3029159705602905e+21,1.1235667838863329e+21,1.2939384835140213e+23,7.504292447032815e+20,1.302778977519589e+21,8.758235995053619e+20
Faecalibacterium sp900758465,1.634611511853786e+21,1.263970854034636e+21,1.5861621781903843e+21,1.5068691031572108e+21,2.3557836179690152e+21,1.5591739017560774e+21,3.803097943966566e+20,0.0,1.36447121961497e+21,1.1292807557804972e+21,1.3187866559016977e+21,1.6831748781464895e+21,1.6831748779493302e+21,1.683174881233984e+21,1.6831748780806976e+21,1.683174880698579e+21,1.4304074288727733e+21,3.449167618703894e+20,1.0605699135934824e+21,5.086187351366523e+20,1.6778803102326695e+21,3.0913957373710403e+21,1.68317488132987e+21,4.214451214628058e+20,1.5524974783091798e+21,1.6628546562130263e+21,1.3132517851589224e+22,1.683174863299115e+21,1.6831748783712324e+21,1.6831748807781985e+21,1.4353512721861315e+21,1.6602078674734997e+27,1.6831748812871065e+21,1.561477019898368e+21,1.6831748813437186e+21,1.6831748807170927e+21,1.6831748658550656e+21,1.6831748788361744e+21,1.3220946411074277e+21,1.4327288128302835e+21,1.6619196404023233e+21,1.5781215933884667e+21,1.4392609276697408e+21,1.6831745316456282e+21,1.59914503734611e+29,1.4341117583761956e+21,1.6130280569385554e+21,1.643472834334766e+21,7.657858750658549e+20,7.6742097362534e+21,5.813399416558618e+21,1.364871785316517e+21,1.560142632794252e+21,1.6522919443354346e+21,1.4958203726733745e+21,1.2474999302753663e+21,1.6702912430530552e+21,1.2003609835376468e+21,7.290690780683297e+20,1.561561472306899e+21,5.53916322796393e+20,1.5522421653779762e+21,1.572258774358988e+21,1.542666943553206e+21,1.1997605992109522e+21,1.6759519422882948e+21,1.0910639436563931e+21,1.5142475534818825e+21,5.767526671159533e+20,3.1985229134939455e+20,1.6345970292462261e+21,7.876155957004108e+20,1.1159362015722326e+20,1.6074552525990674e+21,3.2207241823282203e+22,1.3389944017972445e+21,1.5826154933159948e+21,8.332668874893324e+20,1.673658278317612e+21,1.639337014834344e+21,1.4950712774812125e+21,1.1295879922032302e+21,1.560973962483362e+21,5.627899750056726e+20,1.3357254766939283e+21,1.6632223298257926e+21,9.075806624787752e+21,1.3475992572999605e+21,8.146804466551512e+20,1.6411405457248533e+21,1.2452066899014734e+21,1.3782117294019592e+21,2.086111765026528e+20,8.351174830353302e+20,1.6228190836488921e+21,1.641688336598142e+21,2.549902173443689e+21,1.3790065968122914e+21,8.134004382032687e+21,1.3824136560277337e+21,5.399031960502516e+20,1.583311904351505e+21,1.6789001778180307e+21,5.4163497853700814e+20,1.634632436739533e+21,1.7705636000562697e+21,1.683174881308644e+21,1.6831748799891458e+21,1.6831748813489848e+21,1.313823954202406e+21,1.6831748688756828e+21,8.501080812158601e+20,2.6983589548894766e+22,1.683174881348442e+21,1.5967580076226409e+21,4.732932907180674e+19,1.6831748812410763e+21,7.502322406799263e+19,2.597911760688695e+21,3.0959089798448833e+19,8.100238342276759e+21,4.354083136390424e+21,4.683159325670627e+20,2.321093456624246e+20,1.6831731048461123e+21,1.3437242995985935e+21,1.6831748813422592e+21,1.503836474106964e+21,1.2901353982362042e+23,1.1307120995765558e+21,1.6830379198663208e+21,1.2560975032143546e+21
Faecalibacterium prausnitzii_H,2.701549070805525e+20,1.0050246864697011e+20,2.2170350151333616e+20,1.4240810370163188e+20,3.7202506485465906e+21,1.9471218356888175e+20,9.841986357328322e+20,1.36447121961497e+21,0.0,2.3519656186428827e+20,4.56854313763472e+19,3.1872638935956744e+20,3.1872638916223435e+20,3.187263924516652e+20,3.187263892934575e+20,3.1872639191533584e+20,6.5947949546353385e+19,1.0195708348252611e+21,3.039054362543484e+20,8.55855545873656e+20,3.1343048227178565e+20,4.45584847783166e+21,3.187263925477388e+20,9.430264971043217e+20,1.8803799797714403e+20,2.9840249719181515e+20,1.449695755376536e+22,3.187263744936254e+20,3.1872638958469625e+20,3.1872639199513765e+20,7.088009546096446e+19,1.6602092303635894e+27,3.187263925048964e+20,1.9701732276299602e+20,3.187263925616147e+20,3.18726391933929e+20,3.1872637705224225e+20,3.187263900502494e+20,4.237695712904029e+19,6.827062051874231e+19,2.9746712815040836e+20,2.1366048145919053e+20,7.480230222858974e+19,3.1872604249594685e+20,1.599145050966255e+29,6.964697580023661e+19,2.485698182251028e+20,2.790177969803467e+20,5.986868367692948e+20,9.038666415616145e+21,7.17784325323204e+21,4.014228710410644e+17,1.956797496383635e+20,2.8783805445375125e+20,1.313587624828832e+20,1.1697237526720476e+20,3.058399714921668e+20,1.641103495644773e+20,6.354023711331122e+20,1.9710004653715643e+20,8.105645671015833e+20,1.8777949992744645e+20,2.0779769727154985e+20,1.7820430457649057e+20,1.6471133071259746e+20,3.1150141084829273e+20,2.7340992369677074e+20,1.4978845163370018e+20,7.87729728164424e+20,1.0446397047339169e+21,2.7014027760303627e+20,5.768565586016041e+20,1.252890282699882e+21,2.4299756584019804e+20,3.357163606857308e+22,2.5502324087777358e+19,2.1815538612500696e+20,5.3120877304270664e+20,3.0920754918901744e+20,2.748823029401789e+20,1.3060393066571168e+20,2.3488775183361022e+20,1.9651284012007273e+20,8.01713162259171e+20,2.875965889446479e+19,2.9876942396746734e+20,1.0440256871413515e+22,1.6899044331761572e+19,5.497994653756283e+20,2.7668539791851094e+20,1.1926456951334024e+20,2.7426829271517626e+21,1.1559270478355637e+21,5.29366305652171e+20,2.5836095491143562e+20,2.772324501845191e+20,3.9143580227150985e+21,1.4559381559939031e+19,9.498435841280734e+21,2.74687403305001e+21,8.245681803454906e+20,2.1885139654585326e+20,3.144505174421899e+20,8.228370360824196e+20,2.7017685938767076e+20,3.1350282164615454e+21,3.187263925264714e+20,3.187263912049154e+20,3.1872639256689266e+20,5.06489560390827e+19,3.1872638007689786e+20,5.143728791145788e+20,2.8348008371755447e+22,3.1872639256634884e+20,2.322966749254481e+20,1.4117933342463568e+21,3.1872639245877956e+20,1.289448352432715e+21,3.962382387813141e+21,1.3954268266447302e+21,9.464700272408569e+21,5.718545822805348e+21,8.961869453483888e+20,1.5965559634730148e+21,3.1872461445445e+20,2.0747003754846765e+19,3.187263925601534e+20,1.3936858095322936e+20,1.303778702087663e+23,2.337748613061933e+20,3.185893551237758e+20,1.0837503772688405e+20
Faecalibacterium prausnitzii_E,5.053499998389742e+20,1.3469410246523234e+20,4.568986831576221e+20,3.776030477941392e+20,3.4850632045864823e+21,4.29907889199433e+20,7.490026677027309e+20,1.1292807557804972e+21,2.3519656186428827e+20,0.0,1.8951563738005147e+20,5.5391990086153824e+20,5.53919900664249e+20,5.539199039524491e+20,5.5391990079551196e+20,5.53919903416359e+20,3.0114031196729036e+20,7.843763672327512e+20,6.871086223970687e+19,6.2066290628742e+20,5.48624287777736e+20,4.220666627639851e+21,5.5391990404847396e+20,7.078356512737776e+20,4.232330540108643e+20,5.335967489371096e+20,1.426178125437637e+22,5.539198860003558e+20,5.539199010865671e+20,5.539199034961133e+20,3.060750575332874e+20,1.660208995518635e+27,5.53919904005652e+20,4.322125342854867e+20,5.539199040623427e+20,5.5391990343493124e+20,5.539198885582942e+20,5.5391990155196334e+20,1.9281975260367625e+20,3.034623834475206e+20,5.326614604741387e+20,4.4885618754732537e+20,3.0999457354051964e+20,5.5391955409025905e+20,1.5991450486194965e+29,3.048420710894603e+20,4.8376512314278275e+20,5.1421258716580413e+20,3.634948846852255e+20,8.803483948509479e+21,6.942664942401592e+21,2.355972895398149e+20,4.308757230648082e+20,5.230326410882454e+20,3.665537490356607e+20,1.1823743249766292e+20,5.4103407109503045e+20,7.10942759768815e+19,4.0021237491778e+20,4.3229570100666525e+20,5.753699644242132e+20,4.229753739473894e+20,4.429933521051535e+20,4.1340010186880234e+20,7.050901272858772e+19,5.466953783429122e+20,3.821911835648658e+19,3.8498286691378954e+20,5.52534764941028e+20,8.09444999429974e+20,5.05335404900029e+20,3.416653316983026e+20,1.0176977330145325e+21,4.781926904034787e+20,3.3336473546785523e+22,2.0971462547812617e+20,4.533508921704948e+20,2.960145875991799e+20,5.444015438815857e+20,5.100769742063255e+20,3.6580039676952733e+20,3.748687803832694e+17,4.3170841594797326e+20,5.665167124062805e+20,2.064597296121828e+20,5.3396386768112904e+20,1.0205076834999467e+22,2.1833342937273804e+20,3.146039036832324e+20,5.118801944035286e+20,1.1593602602275927e+20,2.5074920986328826e+21,9.207312953317644e+20,2.9417002853327156e+20,4.935563100457577e+20,5.124274306066778e+20,3.6791749456805395e+21,2.4973798527315322e+20,9.26326163161387e+21,2.511688784374629e+21,5.89379539633616e+20,4.540470022984316e+20,5.49644290175874e+20,5.876457779679378e+20,5.0537170346417363e+20,2.899841699667994e+21,5.5391990402721736e+20,5.539199027061926e+20,5.5391990406761755e+20,1.8455445330229972e+20,5.539198915819122e+20,2.7917693863331276e+20,2.8112838848863153e+22,5.539199040670741e+20,4.6749254943394877e+20,1.1766039786555234e+21,5.539199039595577e+20,1.0542576390428644e+21,3.7271924977680615e+21,1.1602369741992633e+21,9.229515684080296e+21,5.483360650243479e+21,6.609908054654652e+20,1.3613619061846112e+21,5.539181263621543e+20,2.1444971742620883e+20,5.5391990406088196e+20,3.745651212014021e+20,1.3014272482103845e+23,1.7049668811909059e+18,5.5378288521729737e+20,1.268218549613739e+20
Faecalibacterium prausnitzii_F,3.158343938868941e+20,5.482335657319509e+19,2.6738311482461903e+20,1.8808752078744977e+20,3.6745656043089324e+21,2.4039250550154592e+20,9.385159206300666e+20,1.3187866559016977e+21,4.56854313763472e+19,1.8951563738005147e+20,0.0,3.644043612550172e+20,3.6440436105772125e+20,3.644043643461082e+20,3.6440436118897826e+20,3.644043638099818e+20,1.1162468972900414e+20,9.738873009798157e+20,2.58223056285698e+20,8.101715420152002e+20,3.591087060235309e+20,4.410163116328018e+21,3.644043644421405e+20,8.973421017156583e+20,2.3371749008602982e+20,3.440811226702482e+20,1.445127212843287e+22,3.6440434639311117e+20,3.644043614800612e+20,3.644043638897433e+20,1.1656518711843452e+20,1.660209184718666e+27,3.644043643993154e+20,2.4269699223709476e+20,3.6440436445601025e+20,3.644043638285572e+20,3.644043489511529e+20,3.644043619454813e+20,3.338877760645074e+18,1.1394674613720072e+20,3.431458298578079e+20,2.5934077787037853e+20,1.2047893747796682e+20,3.6440401446967116e+20,1.5991450505100665e+29,1.1532689122966202e+20,2.942495612263998e+20,3.24696954669468e+20,5.5300288335796955e+20,8.992981060443074e+21,7.13215782660333e+21,4.608584228222125e+19,2.413604827701367e+20,3.335170037104548e+20,1.7703825288705507e+20,7.128708480480167e+19,3.515184571544991e+20,1.1842654039165044e+20,5.897180378141899e+20,2.4278029215652233e+20,7.648811712993479e+20,2.3346008668242195e+20,2.534779289727104e+20,2.2388479066237062e+20,1.1902624470529997e+20,3.571797780991281e+20,2.27727231052605e+20,1.9546725571366365e+20,7.420464950876934e+20,9.98956256509644e+20,3.158198033144348e+20,5.311724951018682e+20,1.2072061304055574e+21,2.8867710004274168e+20,3.3525951072922587e+22,2.0256181497395327e+19,2.6383540514098656e+20,4.855254815619961e+20,3.548859402394113e+20,3.205613382164595e+20,1.7628598877938034e+20,1.8920620546225606e+20,2.421929777042706e+20,7.560310970601064e+20,1.6949475601981635e+19,3.444482329882052e+20,1.0394571459913006e+22,2.8820169118874513e+19,5.041167300371961e+20,3.223645625090027e+20,7.358086758220127e+19,2.6969983139193563e+21,1.1102441238126973e+21,4.8368415124932965e+20,3.0404075282549244e+20,3.229118108410287e+20,3.8686727072383516e+21,6.022234921752385e+19,9.452750435461525e+21,2.7011888449529106e+21,7.788835267407291e+20,2.6453154762582498e+20,3.601287128005563e+20,7.771527676313663e+20,3.1585607518478474e+20,3.089343106814489e+21,3.644043644208822e+20,3.644043630997768e+20,3.644043644612856e+20,4.964419291155282e+18,3.6440435197492855e+20,4.686904345789796e+20,2.8302323085438603e+22,3.644043644607421e+20,2.7797719624702136e+20,1.3661086077904324e+21,3.644043643532176e+20,1.2437638412075163e+21,3.9166976071251704e+21,1.349742168783448e+21,9.419015002843636e+21,5.672860595957725e+21,8.50504416922217e+20,1.5508721708214355e+21,3.6440258669370684e+20,2.4939922655100916e+19,3.6440436445454945e+20,1.8505096438649186e+20,1.3033218633252506e+23,1.880972739518448e+20,3.642673427613972e+20,6.269420762615757e+19
Gemmiger formicilis,4.857461591494085e+19,4.192269652169201e+20,9.702406260871299e+19,1.7631834422166962e+20,4.0389429648272424e+21,1.240160363343736e+20,1.302915967362597e+21,1.6831748781464895e+21,3.1872638935956744e+20,5.5391990086153824e+20,3.644043612550172e+20,0.0,197910750886.41812,3119941987841.4717,72656516740.46362,2577199424915.1274,2.5277996447726427e+20,1.338284053830929e+21,6.226259798606645e+20,1.1745662242060379e+21,5.296807419463373e+18,4.774528805223367e+21,3217457405825.0366,1.261733511889001e+21,1.3068880657333164e+20,2.0325342765258306e+19,1.4815623229862457e+22,14958253611150.83,227862267461.7616,2658517926471.513,2.478557158651714e+20,1.6602095484896277e+27,3174036205638.7124,1.2170980787310027e+20,3231550367792.519,2596608536932.2393,12389449929713.113,696511414502.8271,3.6110179579107036e+20,2.5045775052220924e+20,2.1261018222206034e+19,1.0506845657317677e+20,2.4392561006189976e+20,348340635499355.25,1.599145054144973e+29,2.4907943383059956e+20,7.015918936170365e+19,3.9710930734796505e+19,9.173992505745753e+20,9.357345568950647e+21,7.496514762692829e+21,3.18325516829842e+20,1.2304956113954657e+20,3.089043679164023e+19,1.8736766713296372e+20,4.356858349569471e+20,1.288791064220629e+19,4.828287241869037e+20,9.541117939824508e+20,1.2162808912676132e+20,1.1292791655681664e+21,1.3094906377576474e+20,1.1093080342387003e+20,1.4052370406254064e+20,4.83423789720292e+20,7.226640725595855e+18,5.921299079887444e+20,1.6893794031406553e+20,1.1064452172657412e+21,1.363353361554236e+21,4.858943745859319e+19,8.955684181051343e+20,1.5715984445154169e+21,7.573049869616408e+19,3.3890274044776204e+22,3.4421733491960794e+20,1.0057298584116861e+20,8.499250629417401e+20,9.520211320069069e+18,4.384565332912499e+19,1.881254557699467e+20,5.5361021698988147e+20,1.2221505285818925e+20,1.1204330784062454e+21,3.474604647977198e+20,1.9959548921914626e+19,1.075893071875004e+22,3.3558665018808336e+20,8.685178279212064e+20,4.204317923017503e+19,4.3798419106206476e+20,3.0613837195978673e+21,1.4746431943339784e+21,8.480865278771404e+20,6.0369001471900566e+19,4.149712116128897e+19,4.2330413481321636e+21,3.041820918952254e+20,9.81709851949419e+21,3.065563444521122e+21,1.1432731467905219e+21,9.987736663616327e+19,4.2767613765355377e+18,1.141545794165971e+21,4.855149123162281e+19,3.453719393192985e+21,3195873139033.249,1861267916102.6082,3236924769921.8984,3.693654500907398e+20,9343176615394.348,8.330923133037633e+20,2.8666659782553583e+22,3236367001664.327,8.643433617574167e+19,1.7304947487899428e+21,3127270685894.135,1.6081528460049307e+21,4.2810797904749983e+21,1.714129217055698e+21,9.783383781955791e+21,6.037231860923889e+21,1.2149051565528748e+21,1.9152663509405163e+21,1780439752314837.0,3.3947232853444506e+20,3230072993867.6743,1.7936228496204228e+20,1.3069647591461887e+23,5.525007588267633e+20,1.3718096086730731e+17,4.2709848592508636e+20
Gemmiger sp900540775,4.8574615717460525e+19,4.1922696501961274e+20,9.702406241131951e+19,1.7631834402432827e+20,4.03894296463014e+21,1.2401603613697809e+20,1.302915967165367e+21,1.6831748779493302e+21,3.1872638916223435e+20,5.53919900664249e+20,3.6440436105772125e+20,197910750886.41812,0.0,3317536248994.5024,132160557272.26637,2774846017213.4717,2.5277996427995523e+20,1.3382840536337217e+21,6.226259796633969e+20,1.1745662240088398e+21,5.296807221886999e+18,4.774528805026309e+21,3415036285665.603,1.2617335116918209e+21,1.3068880637596962e+20,2.0325342567763722e+19,1.4815623229665452e+22,14760470014810.525,425434638341.689,2856138986109.1914,2.478557156677778e+20,1.6602095484896274e+27,3371620174839.73,1.2170980767572643e+20,3429126856623.3496,2794235165672.4526,12191697599428.793,894197003576.0056,3.611017955937535e+20,2.5045775032490423e+20,2.1261018024700494e+19,1.0506845637576068e+20,2.4392560986459272e+20,348142752246516.94,1.599145054144973e+29,2.4907943363326925e+20,7.0159189164261e+19,3.9710930537320145e+19,9.173992503773619e+20,9.357345568753599e+21,7.496514762495802e+21,3.183255166325099e+20,1.2304956094213474e+20,3.0890436594151748e+19,1.8736766693562424e+20,4.3568583475968665e+20,1.2887910444669846e+19,4.828287239896347e+20,9.541117937852518e+20,1.2162808892936628e+20,1.1292791653709485e+21,1.309490635783667e+20,1.1093080322646408e+20,1.4052370386515455e+20,4.834237895230443e+20,7.226640527986743e+18,5.921299077914783e+20,1.689379401167342e+20,1.1064452170685181e+21,1.363353361357027e+21,4.858943726110879e+19,8.955684179079227e+20,1.5715984443182366e+21,7.573049849874655e+19,3.389027404457928e+22,3.442173347222407e+20,1.0057298564375965e+20,8.499250627445058e+20,9.52021112251096e+18,4.3845653131679334e+19,1.8812545557256025e+20,5.5361021679259825e+20,1.2221505266079877e+20,1.1204330782089963e+21,3.4746046460044306e+20,1.99595487243701e+19,1.0758930718553008e+22,3.3558664999080434e+20,8.685178277239617e+20,4.204317903270721e+19,4.3798419086478416e+20,3.0613837194007287e+21,1.4746431941367573e+21,8.48086527679884e+20,6.036900127442903e+19,4.149712096379452e+19,4.2330413479350937e+21,3.0418209169792487e+20,9.817098519297191e+21,3.0655634443240263e+21,1.143273146593347e+21,9.987736643874703e+19,4.2767611789368494e+18,1.1415457939687805e+21,4.855149103417141e+19,3.453719392995885e+21,3393455302761.0503,2058903243612.822,3434499989220.302,3.693654498934516e+20,9145414373305.264,8.33092313106511e+20,2.866665978235662e+22,3433942456325.937,8.643433597828284e+19,1.7304947485927927e+21,3324860941971.1543,1.6081528458077667e+21,4.2810797902778776e+21,1.7141292168585436e+21,9.783383781758728e+21,6.037231860726813e+21,1.2149051563556382e+21,1.9152663507433297e+21,1780241843872356.2,3.394723283371217e+20,3427649553814.8506,1.793622847646407e+20,1.30696475914422e+23,5.5250075862944757e+20,1.3718076304681819e+17,4.270984857277864e+20
Anaerotruncus colihominis,4.8574619011184935e+19,4.192269683083185e+20,9.702406570247709e+19,1.7631834731399135e+20,4.038942967913265e+21,1.2401603942819466e+20,1.302915970451931e+21,1.683174881233984e+21,3.187263924516652e+20,5.539199039524491e+20,3.644043643461082e+20,3119941987841.4717,3317536248994.5024,0.0,3189527209230.398,542906715239.29126,2.5277996756870686e+20,1.338284056919663e+21,6.226259829509915e+20,1.1745662272945365e+21,5.296810518595453e+18,4.774528808308296e+21,97608877127.29884,1.2617335149770354e+21,1.3068880966622157e+20,2.0325345861919666e+19,1.4815623232946048e+22,18077528754308.07,2892137164976.381,461469019127.70764,2.4785571895893796e+20,1.6602095484896307e+27,54170275008.71483,1.2170981096631715e+20,111717554635.47975,523391242592.83844,15508958807816.662,2423438743514.7554,3.61101798882726e+20,2.5045775361354285e+20,2.1261021319191675e+19,1.0506845966757608e+20,2.4392561315328727e+20,351457870719692.94,1.599145054144973e+29,2.4907943692261927e+20,7.015919245685839e+19,3.971093383092515e+19,9.173992536634707e+20,9.357345572035347e+21,7.496514765776955e+21,3.1832551992191405e+20,1.2304956423382666e+20,3.0890439888123044e+19,1.8736767022523495e+20,4.356858380470894e+20,1.2887913740116425e+19,4.828287272772724e+20,9.541117970709734e+20,1.2162809222056873e+20,1.1292791686571819e+21,1.3094906686965635e+20,1.1093080651798454e+20,1.405237071560983e+20,4.834237928100966e+20,7.226643825759093e+18,5.921299110790397e+20,1.6893794340611372e+20,1.1064452203548912e+21,1.3633533646430184e+21,4.858944055495645e+19,8.955684211939869e+20,1.5715984476034438e+21,7.573050179060467e+19,3.3890274047857823e+22,3.442173380126461e+20,1.0057298893536725e+20,8.499250660311855e+20,9.520214418638254e+18,4.384565642436591e+19,1.881254588635144e+20,5.536102200806314e+20,1.2221505595186953e+20,1.1204330814960779e+21,3.474604678882956e+20,1.9959552020069274e+19,1.0758930721834292e+22,3.3558665327872134e+20,8.685178310109299e+20,4.204318232605508e+19,4.379841941527442e+20,3.0613837226848074e+21,1.4746431974230765e+21,8.480865309671771e+20,6.036900456788846e+19,4.149712425794721e+19,4.233041351217376e+21,3.041820949864393e+20,9.81709852257761e+21,3.0655634476069683e+21,1.1432731498784178e+21,9.987736973056682e+19,4.27676447636799e+18,1.1415457972542702e+21,4.85514943270291e+19,3.453719396278949e+21,76005340731.31764,1258692572778.0989,117102530248.73695,3.6936545318162196e+20,12462650635217.268,8.330923163936816e+20,2.86666597856361e+22,116542328364.68315,8.64343392713615e+19,1.7304947518771912e+21,7416719186.087876,1.6081528490925393e+21,4.281079793561499e+21,1.714129220143051e+21,9.783383785040855e+21,6.037231864009249e+21,1.2149051596423808e+21,1.9152663540287194e+21,1783554963222931.5,3.394723316262786e+20,110240810034.4024,1.7936228805603253e+20,1.306964759176985e+23,5.5250076191838876e+20,1.3718406881002598e+17,4.270984890162851e+20
Ruminococcus_E bromii_B,4.857461584852764e+19,4.192269651508596e+20,9.702406254248332e+19,1.7631834415554376e+20,4.0389429647615486e+21,1.240160362681398e+20,1.3029159672966802e+21,1.6831748780806976e+21,3.187263892934575e+20,5.5391990079551196e+20,3.6440436118897826e+20,72656516740.46362,132160557272.26637,3189527209230.398,0.0,2646701377629.9824,2.527799644112007e+20,1.338284053765053e+21,6.226259797946787e+20,1.1745662241401778e+21,5.296807352827099e+18,4.774528805157745e+21,3287068356811.697,1.2617335118231728e+21,1.3068880650716514e+20,2.032534269881357e+19,1.4815623229796925e+22,14889253674985.018,298463944281.7102,2728068764337.363,2.4785571579894156e+20,1.6602095484896274e+27,3243639074469.5923,1.2170980780691027e+20,3301165295747.0806,2666151009419.234,12320360920601.715,766235516645.2853,3.611017957249918e+20,2.5045775045615334e+20,2.126101815573657e+19,1.0506845650690076e+20,2.4392560999584006e+20,348272064495125.9,1.599145054144973e+29,2.490794337644952e+20,7.015918929537192e+19,3.9710930668391965e+19,9.173992505086881e+20,9.35734556888504e+21,7.496514762627258e+21,3.183255167637338e+20,1.2304956107327924e+20,3.0890436725208986e+19,1.8736766706684143e+20,4.356858348909743e+20,1.2887910575665695e+19,4.828287241209152e+20,9.541117939165891e+20,1.2162808906052855e+20,1.1292791655022713e+21,1.309490637095258e+20,1.109308033576148e+20,1.4052370399632599e+20,4.8342378965434257e+20,7.226640658877081e+18,5.92129907922761e+20,1.6893794024795914e+20,1.1064452171998365e+21,1.3633533614883566e+21,4.8589437392171e+19,8.955684180392502e+20,1.5715984444495888e+21,7.573049862988505e+19,3.3890274044710794e+22,3.442173348534308e+20,1.0057298577490726e+20,8.499250628758153e+20,9.520211253477108e+18,4.384565326278687e+19,1.8812545570373127e+20,5.5361021692386646e+20,1.222150527919657e+20,1.1204330783402939e+21,3.474604647317169e+20,1.9959548855355064e+19,1.0758930718684464e+22,3.3558665012207616e+20,8.685178278552625e+20,4.204317916378919e+19,4.379841909960546e+20,3.061383719532112e+21,1.4746431942680775e+21,8.48086527811175e+20,6.036900140550666e+19,4.149712109484442e+19,4.2330413480665227e+21,3.041820918291779e+20,9.817098519428666e+21,3.065563444455439e+21,1.1432731467247026e+21,9.987736656988692e+19,4.276761309843375e+18,1.1415457941001243e+21,4.855149116527236e+19,3.453719393127295e+21,3265478674304.746,1930840869306.6924,3306541869358.691,3.6936545002471555e+20,9274125177669.15,8.330923132378059e+20,2.866665978248811e+22,3305983685087.418,8.64343361093753e+19,1.7304947487241672e+21,3196863268767.766,1.608152845939131e+21,4.2810797904092725e+21,1.7141292169899153e+21,9.783383781890163e+21,6.037231860858237e+21,1.214905156486946e+21,1.9152663508746764e+21,1780371504220354.2,3.394723284683539e+20,3299687837147.7397,1.793622848957962e+20,1.3069647591455357e+23,5.5250075876068675e+20,1.371808934609648e+17,4.270984858590399e+20
Ruminococcus_E bromii,4.857461847401326e+19,4.192269677721302e+20,9.70240651658104e+19,1.7631834677761668e+20,4.0389429673781536e+21,1.2401603889151641e+20,1.3029159699161576e+21,1.683174880698579e+21,3.1872639191533584e+20,5.53919903416359e+20,3.644043638099818e+20,2577199424915.1274,2774846017213.4717,542906715239.29126,2646701377629.9824,0.0,2.5277996703250963e+20,1.3382840563840097e+21,6.226259824150187e+20,1.1745662267589304e+21,5.296809980830348e+18,4.774528807773402e+21,640495376149.6362,1.2617335144415222e+21,1.3068880912973201e+20,2.0325345324662653e+19,1.481562323241142e+22,17535095831995.441,2349423776522.399,81575533456.28793,2.4785571842227077e+20,1.66020954848963e+27,597053130180.3488,1.217098104297614e+20,654600479536.9078,20070876203.405113,14966442062800.85,1880688108192.1787,3.611017983464858e+20,2.5045775307736757e+20,2.126102078186821e+19,1.0506845913078042e+20,2.439256126171011e+20,350916070056067.94,1.599145054144973e+29,2.4907943638630557e+20,7.015919191990903e+19,3.971093329377705e+19,9.173992531277851e+20,9.357345571500498e+21,7.49651476524222e+21,3.1832551938558984e+20,1.230495636970552e+20,3.0890439350902546e+19,1.8736766968887047e+20,4.356858375111538e+20,1.2887913202603151e+19,4.828287267412914e+20,9.541117965353625e+20,1.2162809168389328e+20,1.1292791681214724e+21,1.309490663329638e+20,1.1093080598124672e+20,1.405237066194735e+20,4.834237922742289e+20,7.226643287780467e+18,5.921299105430734e+20,1.689379428697943e+20,1.1064452198191547e+21,1.3633533641073555e+21,4.858944001776041e+19,8.9556842065831e+20,1.5715984470679321e+21,7.573050125380062e+19,3.3890274047323586e+22,3.442173374761266e+20,1.0057298839861235e+20,8.499250654953898e+20,9.520213880989293e+18,4.384565588739899e+19,1.8812545832688753e+20,5.5361021954457364e+20,1.2221505541521985e+20,1.1204330809602044e+21,3.474604673522728e+20,1.995955148250571e+19,1.0758930721299533e+22,3.355866527426861e+20,8.685178304750784e+20,4.204318178895779e+19,4.3798419361670064e+20,3.061383722149513e+21,1.4746431968873504e+21,8.480865304312628e+20,6.036900403076914e+19,4.149712372069081e+19,4.233041350682425e+21,3.0418209445028816e+20,9.817098522043015e+21,3.065563447071892e+21,1.1432731493429323e+21,9.98773691937703e+19,4.2767639384579415e+18,1.1415457967187041e+21,4.855149379002846e+19,3.453719395743849e+21,618895348713.4393,715943399088.2448,659982115560.1179,3.693654526455377e+20,11920139608643.34,8.330923158577908e+20,2.866665978510168e+22,659422847145.76,8.64343387343173e+19,1.730494751341835e+21,550259693747.2761,1.608152848557111e+21,4.281079793026292e+21,1.7141292196076737e+21,9.783383784505934e+21,6.037231863474269e+21,1.2149051591065728e+21,1.9152663534931723e+21,1783013679562630.5,3.394723310900025e+20,653123112755.555,1.7936228751931995e+20,1.3069647591716467e+23,5.5250076138215467e+20,1.3718352918303947e+17,4.27098488480137e+20
Blautia_A obeum,2.042097048198146e+20,1.6644700446058732e+20,1.557584455279376e+20,7.646293590710241e+19,3.7861839119791167e+21,1.287680606635127e+20,1.050139880363668e+21,1.4304074288727733e+21,6.5947949546353385e+19,3.0114031196729036e+20,1.1162468972900414e+20,2.5277996447726427e+20,2.5277996427995523e+20,2.5277996756870686e+20,2.527799644112007e+20,2.5277996703250963e+20,0.0,1.0855103825751468e+21,3.698475113327752e+20,9.217939180411651e+20,2.4748422438262427e+20,4.521778248488094e+21,2.5277996766475348e+20,1.0089635433850444e+21,1.2209283037252447e+20,2.324565297802285e+20,1.4562883677579003e+22,2.5277994961394667e+20,2.5277996470233786e+20,2.5277996711228526e+20,5.126189544444396e+18,1.6602092961616674e+27,2.5277996762192242e+20,1.3107235079618919e+20,2.5277996767862548e+20,2.5277996705109118e+20,2.527799521721899e+20,2.5277996516780445e+20,1.0832194144895952e+20,2.323143810673405e+18,2.3152122107736398e+20,1.4771627596861676e+20,8.854415096115121e+18,2.527796176644974e+20,1.599145051623663e+29,3.7169633496519393e+18,1.8262489314859516e+20,2.130722767557359e+20,6.646255358669101e+20,9.104596176619424e+21,7.24377075067237e+21,6.554696229592852e+19,1.2973624235886433e+20,2.218923503319866e+20,6.541374644092997e+19,1.829087399839303e+20,2.3989389999292973e+20,2.300504909269067e+20,7.013398752092948e+20,1.3115580991707462e+20,8.76504505905376e+20,1.2183579624934326e+20,1.4185341648787318e+20,1.1226048846131398e+20,2.3064780812615467e+20,2.4555525452075234e+20,3.393515848885596e+20,8.384256692731013e+19,8.536700270286036e+20,1.1105794472311901e+21,2.04195115074728e+20,6.4279497088561e+20,1.3188280453684498e+21,1.7705241618651696e+20,3.3637554952207176e+22,9.144453142069697e+19,1.5221081149431392e+20,5.971490956390244e+20,2.432614089864331e+20,2.0893667025995347e+20,6.466442604031203e+19,3.008308876192609e+20,1.3056845771554601e+20,8.676554848217723e+20,9.4682477379366e+19,2.3282360521585318e+20,1.0506185173451732e+22,8.280857182883804e+19,6.157408120221126e+20,2.1073988354558693e+20,1.852052175002057e+20,2.8086187020612424e+21,1.221867874854576e+21,5.953085660588624e+20,1.9241608681977378e+20,2.112871223978639e+20,3.980288594754693e+21,5.140235210558697e+19,9.564361000016203e+21,2.812806188555859e+21,8.9050427157513e+20,1.5290698883045288e+20,2.4850424035587752e+20,8.887746004454413e+20,2.042313916119e+20,3.2009610194003097e+21,2.527799676434921e+20,2.5277996632222935e+20,2.527799676839017e+20,1.1658620242847903e+20,2.5277995519627313e+20,5.803147150128009e+20,2.841393077591291e+22,2.5277996768335806e+20,1.6635274267017288e+20,1.4777287898624434e+21,2.5277996757581804e+20,1.3553848035160223e+21,4.028317268136362e+21,1.4613626112166857e+21,9.530631301089443e+21,5.78447740954411e+21,9.621285294041399e+20,1.662494728634279e+21,2.5277818979533337e+20,8.669280223968667e+19,2.5277996767716442e+20,7.342974677316887e+19,1.3044378093984657e+23,2.997208389378174e+20,2.5264294044395392e+20,1.7431862713011126e+20
Blautia_A wexlerae,1.2897179623546778e+21,9.190690018369017e+20,1.241267571705792e+21,1.1619730104794217e+21,2.700696136847442e+21,1.2142781581216179e+21,3.5415171220996907e+19,3.449167618703894e+20,1.0195708348252611e+21,7.843763672327512e+20,9.738873009798157e+20,1.338284053830929e+21,1.3382840536337217e+21,1.338284056919663e+21,1.338284053765053e+21,1.3382840563840097e+21,1.0855103825751468e+21,0.0,7.156660591204068e+20,1.6371923383475172e+20,1.3329890739082662e+21,3.436311763607944e+21,1.3382840570155992e+21,7.657868368925586e+19,1.2076023030512144e+21,1.3179626325620364e+21,1.3477434334181495e+22,1.3382840389785265e+21,1.338284054055775e+21,1.3382840564636778e+21,1.090450409305693e+21,1.6602082121179593e+27,1.3382840569728145e+21,1.216581879829327e+21,1.3382840570294549e+21,1.3382840564025446e+21,1.3382840415352038e+21,1.3382840545208823e+21,9.771939157796749e+20,1.0878320244726714e+21,1.3170275105577018e+21,1.2332261996380975e+21,1.094364219773874e+21,1.338283707231193e+21,1.599145040790684e+29,1.0892138021784665e+21,1.2681338318118042e+21,1.298579817570383e+21,4.20885002782598e+20,8.019124573322934e+21,6.15831586436476e+21,1.019971472775638e+21,1.2152465383671488e+21,1.3073993363310888e+21,1.1509239920683391e+21,9.026016680510014e+20,1.3253995381806397e+21,8.554607844790708e+20,3.8417265150088066e+20,1.216665837397946e+21,2.090064042018296e+20,1.2073460734287733e+21,1.227363339694775e+21,1.1977707759224105e+21,8.54862586964473e+20,1.3310604970038285e+21,7.461611313271631e+20,1.1693520175081419e+21,2.3184175880256985e+20,2.5069752954075066e+19,1.289703436940207e+21,4.4271573549979704e+20,2.3332613453128873e+20,1.2625611347262264e+21,3.2552157578987166e+22,9.940909877809599e+20,1.2377204404821806e+21,4.8836212808272885e+20,1.3287667554412902e+21,1.2944440482958845e+21,1.150173193285114e+21,7.846842773972343e+20,1.2160784117021339e+21,2.178732434740774e+20,9.908279087432084e+20,1.318330104795743e+21,9.420722365038151e+21,1.002701810898798e+21,4.697727036003876e+20,1.2962474750062554e+21,9.003065556423653e+20,1.7231192738258734e+21,1.3636420777431494e+20,4.9020808497962045e+20,1.277924979428417e+21,1.2967950608110636e+21,2.894817951642756e+21,1.0341085992413494e+21,8.478921135766573e+21,1.7273293316558228e+21,1.950252437772062e+20,1.2384167385972393e+21,1.3340089971627655e+21,1.9674210615176967e+20,1.2897391812004642e+21,2.1154777117673246e+21,1.3382840569943622e+21,1.3382840556743104e+21,1.338284057034724e+21,9.68925024826637e+20,1.3382840445569123e+21,5.05200048465992e+20,2.7328506253162546e+22,1.3382840570341813e+21,1.2518626992833715e+21,3.922442758006622e+20,1.3382840569267613e+21,2.698949489628459e+20,2.942820468239117e+21,3.7587520434205786e+20,8.445151848938403e+21,4.6989968444188614e+21,1.2339982510302626e+20,5.769855711444261e+20,1.3382822800904235e+21,9.988238314163316e+20,1.338284057027995e+21,1.1589382268971152e+21,1.2935845034109064e+23,7.85804999532166e+20,1.338147074111236e+21,9.111960133492501e+20
Blautia_A wexlerae_B,5.740570473932406e+20,2.0340316717335282e+20,5.256059100482594e+20,4.463104411796018e+20,3.416352350520408e+21,4.9861550892608835e+20,6.802931996438026e+20,1.0605699135934824e+21,3.039054362543484e+20,6.871086223970687e+19,2.58223056285698e+20,6.226259798606645e+20,6.226259796633969e+20,6.226259829509915e+20,6.226259797946787e+20,6.226259824150187e+20,3.698475113327752e+20,7.156660591204068e+20,0.0,5.5195217880409014e+20,6.173305264247733e+20,4.1519560496281126e+21,6.226259830469924e+20,6.391248030382421e+20,4.919403191372285e+20,6.023032567469746e+20,1.4193071120890603e+22,6.226259650018298e+20,6.226259800856442e+20,6.226259824947499e+20,3.7478459483165806e+20,1.6602089268806536e+27,6.226259830041806e+20,5.009198523256566e+20,6.226259830608577e+20,6.226259824335808e+20,6.226259675594321e+20,6.226259805509631e+20,2.615284838628629e+20,3.721694263956033e+20,6.013680131374922e+20,5.175637600468277e+20,3.7870164271378386e+20,6.226256331351083e+20,1.5991450479335406e+29,3.735499389550469e+20,5.524723518980801e+20,5.829194374207296e+20,2.9478403866191305e+20,8.7347732950122e+21,6.873954642929928e+21,3.043061175843407e+20,4.995835302635128e+20,5.917393557641484e+20,4.3526121306322364e+20,1.8694028270512606e+20,6.097404797784864e+20,1.3979726582987443e+20,3.3150153754693245e+20,5.010032811276213e+20,5.066596663172643e+20,4.916831262326255e+20,5.117009047552805e+20,4.8210782618455815e+20,1.3920381506321265e+20,6.154017039312999e+20,3.0496107993082343e+19,4.5368999903638074e+20,4.8382460983575295e+20,7.407347786722713e+20,5.740424732206215e+20,2.7295447026368967e+20,9.489870439680044e+20,5.468998256068277e+20,3.3267765133146245e+22,2.7842506189673487e+20,5.220583226393031e+20,2.2730403383468953e+20,6.13107889621868e+20,5.7878376935007394e+20,4.345088186024951e+20,6.901825559013327e+19,5.0041594784995646e+20,4.9780804108841766e+20,2.7516565050243734e+20,6.026704763797796e+20,1.0136366361216285e+22,2.8703952504354406e+20,2.458940507444067e+20,5.8058705417800476e+20,1.846422985207293e+20,2.438781300871999e+21,8.52021642669916e+20,2.2546109511849584e+20,5.6226354692866225e+20,5.8113439452926516e+20,3.610464286216528e+21,3.1844520368174806e+20,9.194551749150212e+21,2.442978014815208e+21,5.206687216182829e+20,5.227544951151857e+20,6.183505096222869e+20,5.189349351869793e+20,5.7407860684417414e+20,2.831130871097872e+21,6.22625983025741e+20,6.226259817049775e+20,6.226259830661311e+20,2.5326131323834784e+20,6.22625970582539e+20,2.1046746833494544e+20,2.8044129480802816e+22,6.226259830655878e+20,5.362002025296451e+20,1.107893117273406e+21,6.226259829580973e+20,9.855468036585064e+20,3.65848166339543e+21,1.0915261173850687e+21,9.160804908653789e+21,5.414649857705451e+21,5.922815340084771e+20,1.2926515259832588e+21,6.226242055629204e+20,2.8315846816017944e+20,6.226259830593972e+20,4.4327367992677964e+20,1.3007401910883736e+23,7.014861587785736e+19,6.224889736272634e+20,1.9553040027560493e+20
Agathobacter sp900317585,1.1260006888384515e+21,7.553542785864103e+20,1.0775505293996226e+21,9.982563201352892e+20,2.8644023242928297e+21,1.0505614083486191e+21,1.2837179451961824e+20,5.086187351366523e+20,8.55855545873656e+20,6.2066290628742e+20,8.101715420152002e+20,1.1745662242060379e+21,1.1745662240088398e+21,1.1745662272945365e+21,1.1745662241401778e+21,1.1745662267589304e+21,9.217939180411651e+20,1.6371923383475172e+20,5.5195217880409014e+20,0.0,1.1692713214513839e+21,3.600011796032486e+21,1.174566227390463e+21,8.717678059205983e+19,1.043885387796495e+21,1.1542450323459258e+21,1.3641131859790233e+22,1.1745662093545898e+21,1.1745662244308644e+21,1.1745662268385891e+21,9.267353936936765e+20,1.660208375568092e+27,1.1745662273476824e+21,1.0528649619656413e+21,1.1745662274043173e+21,1.174566226777461e+21,1.1745662119111295e+21,1.1745662248959405e+21,8.134787312506951e+20,9.241154800826202e+20,1.1533099323920038e+21,1.0695093650207638e+21,9.306476563368082e+20,1.1745658776250409e+21,1.5991450424239568e+29,9.254976451620172e+20,1.1044167105677715e+21,1.1348624244402466e+21,2.571687107561609e+20,8.182827249892667e+21,6.32201384314176e+21,8.562561534740073e+20,1.0515298920308516e+21,1.1436818563868855e+21,9.872073787697504e+20,7.388854123707463e+20,1.1616818759309075e+21,6.917452253377403e+20,2.20454438040505e+20,1.052949058269739e+21,4.530773479609126e+19,1.043629420124203e+21,1.0636465120685317e+21,1.0340541375035248e+21,6.911461769784863e+20,1.1673427852377404e+21,5.8244668702226134e+20,1.005635171851407e+21,6.814238962291147e+19,1.8878893710781147e+20,1.1259861737572469e+21,2.7899904986410644e+20,3.9703489871627105e+20,1.0988439822368381e+21,3.271584414266964e+22,8.303771541715854e+20,1.0740035150075189e+21,3.246484821302625e+20,1.1650490579798482e+21,1.1307266407836017e+21,9.864571354167134e+20,6.209704025312191e+20,1.0523616081366645e+21,5.424867609964083e+19,8.27111518103857e+20,1.1546125479646817e+21,9.584422894732596e+21,8.389853926408062e+20,3.060617345553367e+20,1.1325300927673316e+21,7.365910274138601e+20,1.8868293045089332e+21,3.0008244692882614e+20,3.264990394884521e+20,1.1142078345213132e+21,1.1330777268929942e+21,3.0585188267746226e+21,8.703924023637543e+20,8.642615871020442e+21,1.8910308576609268e+21,3.1333378212060615e+19,1.0746998445865026e+21,1.1702912343039261e+21,3.302462460854949e+19,1.1260218376594741e+21,2.279181951907158e+21,1.174566227369228e+21,1.1745662260492814e+21,1.174566227409586e+21,8.052090961387221e+20,1.1745662149326309e+21,3.414893692548046e+20,2.7492198579649032e+22,1.1745662274090435e+21,1.0881458548377977e+21,5.559431843359028e+20,1.1745662273016334e+21,4.33595513888453e+20,3.1065299527314524e+21,5.395755733735556e+20,8.608856708206461e+21,4.862701483022037e+21,4.043427070071018e+19,7.407008152575337e+20,1.174564450548817e+21,8.351085572777163e+20,1.1745662274028576e+21,9.952222338237508e+20,1.295221239033949e+23,6.220935116713925e+20,1.1744292485173637e+21,7.474811063113697e+20
Mediterraneibacter faecis,4.327799060725092e+19,4.139312275985321e+20,9.172781848715467e+19,1.7102239602025526e+20,4.0336489261690053e+21,1.1871977409572413e+20,1.2976208000285155e+21,1.6778803102326695e+21,3.1343048227178565e+20,5.48624287777736e+20,3.591087060235309e+20,5.296807419463373e+18,5.296807221886999e+18,5.296810518595453e+18,5.296807352827099e+18,5.296809980830348e+18,2.4748422438262427e+20,1.3329890739082662e+21,6.173305264247733e+20,1.1692713214513839e+21,0.0,4.769235190533455e+21,5.296810614964085e+18,1.256438761876424e+21,1.2539273687550922e+20,1.5028697329376027e+19,1.4810330164648428e+22,5.29679252580469e+18,5.296807645191454e+18,5.296810060923228e+18,2.425594520566604e+20,1.6602095432096024e+27,5.296810571998679e+18,1.164136691684906e+20,5.296810628883749e+18,5.296809999554853e+18,5.296795088285285e+18,5.296808111663414e+18,3.558059950026196e+20,2.451620388943059e+20,1.596433211550328e+19,9.977209066669118e+19,2.386298850392374e+20,5.296460029688201e+18,1.5991450540922265e+29,2.4378354977157743e+20,6.486270719415687e+19,3.441432535835028e+19,9.121042226998635e+20,9.352052044487939e+21,7.491221473532327e+21,3.130296160879623e+20,1.1775321320880995e+20,2.559379502312135e+19,1.8207172938263763e+20,4.3039043959705194e+20,7.591154436437113e+18,4.775332624489573e+20,9.488168853602818e+20,1.1633182992887131e+20,1.1239840978148922e+21,1.2565278665765726e+20,1.0563448817158758e+20,1.3522749094285936e+20,4.781284914187798e+20,1.9299179063265426e+18,5.868344643496133e+20,1.6364205895727877e+20,1.1011501078510819e+21,1.3580583661144614e+21,4.32927978381954e+19,8.902734040556891e+20,1.5663036952347882e+21,7.043413458126241e+19,3.3884981846848217e+22,3.389212147526486e+20,9.52766574334752e+19,8.446298651013741e+20,4.2234185670371123e+18,3.854917383361856e+19,1.8282923490966235e+20,5.483146474131283e+20,1.1691881865745844e+20,1.1151377623301004e+21,3.421649504975352e+20,1.4662767911114508e+19,1.0753637376581972e+22,3.302911194433998e+20,8.632225462817547e+20,3.674660538513353e+19,4.3268864411309664e+20,3.056089343948849e+21,1.4693480990055717e+21,8.427911545757055e+20,5.507240368110003e+19,3.620045145435266e+19,4.2277476215319733e+21,2.988864074316095e+20,9.811805526947143e+21,3.0602694735362104e+21,1.1379784444074179e+21,9.458100122347592e+19,1.020089335448296e+18,1.1362509569124068e+21,4.325498162741348e+19,3.448425377276768e+21,5.296810593631762e+18,5.296809268914575e+18,5.29681063418008e+18,3.6406985042900786e+20,5.296798119026731e+18,8.27796974525086e+20,2.8661367180372004e+22,5.296810633633838e+18,8.113778103961887e+19,1.7252002669307248e+21,5.296810525745963e+18,1.6028582389589169e+21,4.2757855733236394e+21,1.708834698479827e+21,9.778090112376189e+21,6.031938075494729e+21,1.2096099373318113e+21,1.9099715417392682e+21,5.295030252406067e+18,3.341764844716506e+20,5.296810627418652e+18,1.7406598324941373e+20,1.3069118465185709e+23,5.4720496053420786e+20,5.159681555872343e+18,4.218027997192645e+20
Mediterraneibacter torques,4.725971916085095e+21,4.355351743315698e+21,4.677525607800174e+21,4.5982368183322626e+21,7.356607550504374e+20,4.650539967201991e+21,3.471700157429398e+21,3.0913957373710403e+21,4.45584847783166e+21,4.220666627639851e+21,4.410163116328018e+21,4.774528805223367e+21,4.774528805026309e+21,4.774528808308296e+21,4.774528805157745e+21,4.774528807773402e+21,4.521778248488094e+21,3.436311763607944e+21,4.1519560496281126e+21,3.600011796032486e+21,4.769235190533455e+21,0.0,4.77452880840408e+21,3.512836026680888e+21,4.6438626446111995e+21,4.754211453097998e+21,1.0041123727287905e+22,4.774528790386456e+21,4.774528805447896e+21,4.774528807852922e+21,4.526728208337102e+21,1.6602047787915678e+27,4.77452880836136e+21,4.6528419397317705e+21,4.774528808417912e+21,4.774528807791873e+21,4.774528792940885e+21,4.774528805912496e+21,4.4134730648055327e+21,4.524099161656842e+21,4.753276668487775e+21,4.6694866444509774e+21,4.530631015941681e+21,4.774528458929634e+21,1.5991450064768467e+29,4.5254840058826693e+21,4.7043902110050843e+21,4.734832014114149e+21,3.857174121461594e+21,4.5828179672566417e+21,2.722005747413883e+21,4.456248927087404e+21,4.6515093161413763e+21,4.743650130573097e+21,4.5871888054405337e+21,4.3388761076336175e+21,4.761647236165116e+21,4.291740646930325e+21,3.8204552088952153e+21,4.652927293075961e+21,3.6453113854255505e+21,4.643608996344025e+21,4.663624017065994e+21,4.634034095205997e+21,4.291137363938459e+21,4.767307285846989e+21,4.1824485154148744e+21,4.605614141962492e+21,3.6681478422177487e+21,3.4112460162199097e+21,4.725957516347658e+21,3.8790026938634826e+21,3.2029857364229457e+21,4.698817320487351e+21,2.9115882213449797e+22,4.4303764900312924e+21,4.673979824352747e+21,3.924656804264405e+21,4.765013830508758e+21,4.730696188292026e+21,4.5864426601331284e+21,4.220973079618192e+21,4.6523396416000056e+21,3.654184836066694e+21,4.4270989428780024e+21,4.754579516204029e+21,5.984411101551556e+21,4.4389723076869027e+21,3.9060726379249643e+21,4.732499881631182e+21,4.3365855104720867e+21,1.7132287527555946e+21,3.299978404431497e+21,3.926510583748089e+21,4.714180802661601e+21,4.733048058475239e+21,5.4149454660368735e+20,4.470379913666894e+21,5.042618632103508e+21,1.7089825757380944e+21,3.6312881817644135e+21,4.6746764305100246e+21,4.770254922449859e+21,3.633025142701381e+21,4.725992273049301e+21,1.3208413496317088e+21,4.774528808382875e+21,4.774528807064522e+21,4.774528808423172e+21,4.405199871718028e+21,4.774528795959237e+21,3.941500166856575e+21,2.3892206864808605e+22,4.77452880842263e+21,4.688122530509407e+21,3.044069593496411e+21,4.774528808315376e+21,3.166418574650426e+21,4.936953873386536e+20,3.0604378920469654e+21,5.00885536875995e+21,1.262713085198279e+21,3.559709616960426e+21,2.8593471044532605e+21,4.774527032850654e+21,4.4351020072274787e+21,4.774528808416455e+21,4.5952079850291667e+21,1.2592225046170996e+23,4.222100996179048e+21,4.77439189335652e+21,4.347478011788102e+21
Mediterraneibacter lactaris,4.8574619107431e+19,4.192269684043633e+20,9.702406579861953e+19,1.7631834741007414e+20,4.038942968009091e+21,1.2401603952433948e+20,1.3029159705478913e+21,1.68317488132987e+21,3.187263925477388e+20,5.5391990404847396e+20,3.644043644421405e+20,3217457405825.0366,3415036285665.603,97608877127.29884,3287068356811.697,640495376149.6362,2.5277996766475348e+20,1.3382840570155992e+21,6.226259830469924e+20,1.174566227390463e+21,5.296810614964085e+18,4.77452880840408e+21,0.0,1.2617335150729432e+21,1.306888097623278e+20,2.03253459581833e+19,1.4815623233041775e+22,18174943670454.746,2989645524055.2144,559037735500.6956,2.478557190550805e+20,1.6602095484896307e+27,43443555866.94889,1.2170981106243692e+20,14108796506.373384,620960845373.2211,15606397117569.686,2520960006831.475,3.611017989787814e+20,2.5045775370958497e+20,2.1261021415469003e+19,1.0506845976374493e+20,2.4392561324933163e+20,351555120364423.4,1.599145054144973e+29,2.490794370186896e+20,7.015919255305876e+19,3.971093392716636e+19,9.173992537594133e+20,9.35734557213112e+21,7.496514765872705e+21,3.183255200179866e+20,1.2304956432999057e+20,3.0890439984379163e+19,1.8736767032131564e+20,4.3568583814308286e+20,1.2887913836432935e+19,4.8282872737327514e+20,9.541117971669008e+20,1.2162809231671298e+20,1.1292791687531294e+21,1.309490669658041e+20,1.1093080661414157e+20,1.405237072522322e+20,4.834237929060763e+20,7.226643922172074e+18,5.921299111750394e+20,1.6893794350218527e+20,1.1064452204508441e+21,1.3633533647389563e+21,4.8589440651207524e+19,8.955684212899278e+20,1.5715984476993513e+21,7.573050188677523e+19,3.389027404795348e+22,3.442173381087585e+20,1.0057298903152776e+20,8.499250661271505e+20,9.520214514982828e+18,4.384565652056988e+19,1.881254589596487e+20,5.536102201766496e+20,1.222150560480085e+20,1.1204330815920586e+21,3.474604679843067e+20,1.9959552116396175e+19,1.0758930721930048e+22,3.3558665337473506e+20,8.685178311069063e+20,4.204318242228586e+19,4.379841942487596e+20,3.0613837227806713e+21,1.4746431975190272e+21,8.480865310631663e+20,6.036900466412375e+19,4.149712435421072e+19,4.2330413513131704e+21,3.0418209508247654e+20,9.817098522673333e+21,3.065563447702788e+21,1.1432731499743199e+21,9.987736982673587e+19,4.276764572766717e+18,1.1415457973501886e+21,4.855149442324001e+19,3.453719396374773e+21,21603550197.02475,1356228018103.9421,19494430469.043865,3.6936545327764564e+20,12560088589236.432,8.330923164896657e+20,2.866665978573179e+22,18933929598.28517,8.643433936758134e+19,1.7304947519730672e+21,90240643611.5829,1.6081528491884298e+21,4.2810797936573447e+21,1.7141292202389311e+21,9.783383785136642e+21,6.037231864105048e+21,1.2149051597383483e+21,1.915266354124634e+21,1783652090854277.0,3.3947233172234135e+20,12632340000.770884,1.7936228815218436e+20,1.3069647591779409e+23,5.52500762014443e+20,1.3718416557096328e+17,4.270984891123217e+20
Enterocloster bolteae,1.2131689883805528e+21,8.425258658577566e+20,1.1647192212323138e+21,1.0854255742410245e+21,2.7772280456409393e+21,1.1377305310240903e+21,4.135932621402914e+19,4.214451214628058e+20,9.430264971043217e+20,7.078356512737776e+20,8.973421017156583e+20,1.261733511889001e+21,1.2617335116918209e+21,1.2617335149770354e+21,1.2617335118231728e+21,1.2617335144415222e+21,1.0089635433850444e+21,7.657868368925586e+19,6.391248030382421e+20,8.717678059205983e+19,1.256438761876424e+21,3.512836026680888e+21,1.2617335150729432e+21,0.0,1.1310542925740903e+21,1.2414127638445273e+21,1.355395562905722e+22,1.2617334970394353e+21,1.2617335121137888e+21,1.2617335145211628e+21,1.0139065047972427e+21,1.6602082884531747e+27,1.2617335150301702e+21,1.1400338542128672e+21,1.2617335150867946e+21,1.261733514460045e+21,1.2617334995957035e+21,1.261733512578803e+21,9.0064983552462e+20,1.011285004364238e+21,1.2404777035717607e+21,1.1566783556543991e+21,1.0178171489499125e+21,1.261733165344995e+21,1.5991450415532594e+29,1.0126676258020831e+21,1.191585261684353e+21,1.2220305248756255e+21,3.443407666432189e+20,8.095651871465385e+21,6.234837707823991e+21,9.434270761624268e+20,1.1386991487518413e+21,1.2308498049293497e+21,1.0743767438111021e+21,8.260555533810203e+20,1.2488494898503533e+21,7.789161823626232e+20,3.0762413779544945e+20,1.1401181395572999e+21,1.3248145306476026e+20,1.1307986755812088e+21,1.1508155178123175e+21,1.121223421580206e+21,7.783162294116075e+20,1.2545103034729685e+21,6.696188310965031e+20,1.0928042117129756e+21,1.5531761427118463e+20,1.016445416976003e+20,1.2131544894609472e+21,3.661704835878678e+20,3.098649336222449e+20,1.1860124917595172e+21,3.262866737045117e+22,9.175493089440756e+20,1.1611723762896318e+21,4.118221070892355e+20,1.2522166046004048e+21,1.2178947212654918e+21,1.0736271579950307e+21,7.081428714463374e+20,1.1395306572622219e+21,1.4138620079130719e+20,9.142813592113696e+20,1.2417803553287278e+21,9.497247100883742e+21,9.261551836305064e+20,3.93236723090718e+20,1.2196982130039477e+21,8.237619326271124e+20,1.799656721857702e+21,2.1293557402702224e+20,4.136745622982105e+20,1.2013763415080307e+21,1.2202459246309057e+21,2.97134323672744e+21,9.575624074981674e+20,8.55543938755498e+21,1.8038555422078405e+21,1.1846096640578752e+20,1.1618687489173022e+21,1.257458654184519e+21,1.2018989088140845e+20,1.2131900261820077e+21,2.1920071936480788e+21,1.261733515051712e+21,1.261733513731973e+21,1.2617335150920618e+21,8.923794871282695e+20,1.261733502616796e+21,4.2866430813487464e+20,2.7405021921510066e+22,1.2617335150915197e+21,1.1753148146872717e+21,4.687685760050565e+20,1.26173351498413e+21,3.464220544154029e+20,3.0193568821422745e+21,4.5240137473874566e+20,8.521681842505215e+21,4.775526631597537e+21,4.701494300390847e+19,6.535331108714406e+20,1.261731738396333e+21,9.2227954987987e+20,1.2617335150853352e+21,1.0823923180584921e+21,1.2943494779364697e+23,7.092673430766134e+20,1.261596544194952e+21,8.346525531951687e+20
Enterocloster citroniae,8.211699759413602e+19,2.885394052061621e+20,3.3665629206544146e+19,4.563002643281785e+19,3.9082713793989554e+21,6.679250994503436e+18,1.1722323939878058e+21,1.5524974783091798e+21,1.8803799797714403e+20,4.232330540108643e+20,2.3371749008602982e+20,1.3068880657333164e+20,1.3068880637596962e+20,1.3068880966622157e+20,1.3068880650716514e+20,1.3068880912973201e+20,1.2209283037252447e+20,1.2076023030512144e+21,4.919403191372285e+20,1.043885387796495e+21,1.2539273687550922e+20,4.6438626446111995e+21,1.306888097623278e+20,1.1310542925740903e+21,0.0,1.1036457845920907e+20,1.4684964173722811e+22,1.3068879170422468e+20,1.3068880679852725e+20,1.3068880920956594e+20,1.1716756357477371e+20,1.660209418062721e+27,1.3068880971947177e+20,8.979576785588169e+18,1.3068880977620861e+20,1.3068880914833934e+20,1.3068879426329064e+20,1.3068880726418493e+20,2.304139137873161e+20,1.197708934891744e+20,1.094291838142621e+20,2.562415178334671e+19,1.132386766875016e+20,1.3068845964858637e+20,1.599145052841776e+29,1.1839124782972767e+20,6.053207220499166e+19,9.097980191589563e+19,7.867173224725576e+20,9.226680325672083e+21,7.36585280868419e+21,1.876371539276001e+20,7.651859075204327e+18,9.980006311672504e+19,5.667935657712682e+19,3.0500109829184337e+20,1.1780209917807367e+20,3.5214321931961965e+20,8.234311080213895e+20,9.065267554626701e+18,9.985966454599704e+20,4.166513826402298e+17,1.9761406018408767e+19,9.837449899877188e+18,3.5273987832324515e+20,1.2346358583706311e+20,4.614443705250354e+20,3.8250353848698175e+19,9.757622987196459e+20,1.232671439829856e+21,8.210238803034038e+19,7.648866617001662e+20,1.4409190388193173e+21,5.49596575064106e+19,3.375962748705203e+22,2.1352854228825263e+20,3.0118137940937507e+19,7.192414860422868e+20,1.2116971692048669e+20,8.684430757430031e+19,5.743725128230132e+19,4.2292369529103634e+20,8.477369366626421e+18,9.897482433089516e+20,2.167749200403258e+20,1.107314496629555e+20,1.0628267903485852e+22,2.049010047476397e+20,7.378334439520406e+20,8.864740284569528e+19,3.072980369455898e+20,2.930708161398286e+21,1.3439602393942962e+21,7.174013468975053e+20,7.032326304636733e+19,8.919449518451394e+19,4.1023737691305814e+21,1.7349517756081262e+20,9.686440620029653e+21,2.934892894960126e+21,1.0125945825357855e+21,3.0814461532622385e+19,1.2641278732230887e+20,1.0108657004002792e+21,8.213886764625997e+19,3.323048186433916e+21,1.3068880974105326e+20,1.3068880841914232e+20,1.3068880978148853e+20,2.3867902605195133e+20,1.3068879728863727e+20,7.024074434836412e+20,2.853600724425715e+22,1.3068880978094444e+20,4.426053292950919e+19,1.5998183385550516e+21,1.3068880967333988e+20,1.477475031934603e+21,4.1504059696442764e+21,1.5834523800145984e+21,9.652716600210546e+21,5.906563328000122e+21,1.0842211406033212e+21,1.7845861615497964e+21,1.3068703140084261e+20,2.0878422647395877e+20,1.306888097747468e+20,4.867528057020275e+19,1.3056584372422729e+23,4.2181276357514055e+20,1.3055176040738216e+20,2.9641126221225866e+20
Enterocloster asparagiformis,2.8249294391854236e+19,3.989034967814802e+20,7.669943452897172e+19,1.5599439523900853e+20,4.0186243112160676e+21,1.0369134369607786e+20,1.2825940111177653e+21,1.6628546562130263e+21,2.9840249719181515e+20,5.335967489371096e+20,3.440811226702482e+20,2.0325342765258306e+19,2.0325342567763722e+19,2.0325345861919666e+19,2.032534269881357e+19,2.0325345324662653e+19,2.324565297802285e+20,1.3179626325620364e+21,6.023032567469746e+20,1.1542450323459258e+21,1.5028697329376027e+19,4.754211453097998e+21,2.03253459581833e+19,1.2414127638445273e+21,1.1036457845920907e+20,0.0,1.4795307580851453e+22,2.0325327881227465e+19,2.0325342990774333e+19,2.0325345404651393e+19,2.275309873103086e+20,1.6602095282182998e+27,2.0325345915261563e+19,1.0138541338382125e+20,2.0325345972087394e+19,2.032534534333944e+19,2.0325330442385367e+19,2.0325343456926077e+19,3.4077817045716284e+20,2.30134394043145e+20,9.358463369679686e+17,8.474354611826282e+19,2.2360222009199863e+20,2.0324995555674817e+19,1.5991450539424494e+29,2.2875561845521154e+20,4.983406767175027e+19,1.9385629153037054e+19,8.970777088068135e+20,9.33702848570013e+21,7.476198417652578e+21,2.9800164095545154e+20,1.0272468043896861e+20,1.0565100710295087e+19,1.6704373881767248e+20,4.1536329898519246e+20,7.437629752372145e+18,4.625059945234251e+20,9.337905961167166e+20,1.0130340487643862e+20,1.1089574986841176e+21,1.106243337684078e+20,9.060599911724748e+19,1.2019911611954964e+20,4.631015189096256e+20,1.3099223647805303e+19,5.718072148896453e+20,1.486141735954024e+20,1.0861234320970881e+21,1.3430318948147847e+21,2.826410556264346e+19,8.752469176620348e+20,1.5512776888770618e+21,5.540561561577617e+19,3.3869961156817267e+22,3.238929183475662e+20,8.024815915110367e+19,8.296030386212113e+20,1.0805369623319636e+19,2.352057118625371e+19,1.678008325440921e+20,5.332871826328698e+20,1.0189042632549663e+20,1.1001107095852827e+21,3.271376172764266e+20,3.746408597181812e+17,1.0738614202641563e+22,3.1526376043613494e+20,8.481955658872645e+20,2.1717919555596755e+19,4.17661233486275e+20,3.0410640526238024e+21,1.4543214385324915e+21,8.277640110114599e+20,4.0043706858941145e+19,2.1171778403529314e+19,4.212723652146299e+21,2.8385878952080304e+20,9.79678310475921e+21,3.0452450051628424e+21,1.1229525446397985e+21,7.955246009773063e+19,1.6048786333528451e+19,1.1212247949810291e+21,2.8226337060535394e+19,3.4334008128927365e+21,2.0325345936874086e+19,2.0325344613269946e+19,2.0325345977377133e+19,3.4904236150069586e+20,2.032533347100316e+19,8.127698932900384e+20,2.8646345598782327e+22,2.0325345976831762e+19,6.610909256084262e+19,1.7101747825241314e+21,2.0325345869057135e+19,1.5878325096545706e+21,4.260760593421809e+21,1.6938091414462087e+21,9.76306624803789e+21,6.016913975950864e+21,1.1945830562160354e+21,1.8949454127785635e+21,2.032356636141867e+19,3.191485944529774e+20,2.0325345970623607e+19,1.590374860483539e+20,1.3067616606158294e+23,5.321771184968629e+20,2.0188244922844377e+19,4.067751529141074e+20
Enterocloster clostridioformis,1.476707019661521e+22,1.439646324011786e+22,1.471862592941008e+22,1.4639340048443607e+22,1.0776757514901528e+22,1.4691641882110534e+22,1.351282348934542e+22,1.3132517851589224e+22,1.449695755376536e+22,1.426178125437637e+22,1.445127212843287e+22,1.4815623229862457e+22,1.4815623229665452e+22,1.4815623232946048e+22,1.4815623229796925e+22,1.481562323241142e+22,1.4562883677579003e+22,1.3477434334181495e+22,1.4193071120890603e+22,1.3641131859790233e+22,1.4810330164648428e+22,1.0041123727287905e+22,1.4815623233041775e+22,1.355395562905722e+22,1.4684964173722811e+22,1.4795307580851453e+22,0.0,1.4815623215031045e+22,1.4815623230086877e+22,1.4815623232490886e+22,1.4567836633465996e+22,1.660194745998106e+27,1.4815623232999079e+22,1.4693943257241701e+22,1.4815623233055601e+22,1.481562323242987e+22,1.481562321758467e+22,1.4815623230551296e+22,1.4454582997931692e+22,1.4565204343175755e+22,1.4794372924706824e+22,1.4710587864198727e+22,1.4571736014625905e+22,1.4815622883678215e+22,1.5991449062045454e+29,1.456659009901249e+22,1.4745489610486864e+22,1.4775929574534926e+22,1.389829141410453e+22,5.458350041161716e+21,7.319118489512467e+21,1.449735794286371e+22,1.4692611533288421e+22,1.4784747086572882e+22,1.4628292491182139e+22,1.4379985507750607e+22,1.4802742867454406e+22,1.433285196210669e+22,1.3861571886985012e+22,1.4694029061966839e+22,1.3686432394195625e+22,1.468471136231985e+22,1.4704725390897348e+22,1.4675136712089954e+22,1.4332247377904933e+22,1.4808402518936786e+22,1.4223562712321867e+22,1.4646716746588056e+22,1.3709268908714435e+22,1.3452368887448116e+22,1.4767055839191775e+22,1.3920119443039424e+22,1.3244108516730654e+22,1.4739916734795417e+22,1.9074876041993304e+22,1.447148815215077e+22,1.4715080636033999e+22,1.3965774531036243e+22,1.4806109197308147e+22,1.477179379167653e+22,1.462754782155254e+22,1.4262087326463294e+22,1.4693441344910119e+22,1.3695307538571524e+22,1.446820641500076e+22,1.4795675837818095e+22,4.0567321885383726e+21,1.448007948938227e+22,1.3947191501051925e+22,1.4773597547367145e+22,1.4377696142705245e+22,1.1754342686494726e+22,1.3341102117473307e+22,1.3967629886442036e+22,1.4755279878214224e+22,1.4774145914383347e+22,1.058261819192274e+22,1.451148696952269e+22,4.998526596197436e+21,1.175010598516041e+22,1.3672405543495125e+22,1.471577733379511e+22,1.4811349815164137e+22,1.3674144048173764e+22,1.4767090264845605e+22,1.136196346978068e+22,1.4815623233020585e+22,1.4815623231702827e+22,1.481562323306086e+22,1.4446308662959657e+22,1.4815623220601832e+22,1.3982618881308469e+22,1.38511150674666e+22,1.4815623233060318e+22,1.4729223298723592e+22,1.3085191200893831e+22,1.4815623232953122e+22,1.3207540435508303e+22,1.0534664200689283e+22,1.3101559761814264e+22,5.032384551381025e+21,8.778465775383014e+21,1.3600832600809302e+22,1.2900470404111785e+22,1.4815621457982911e+22,1.4476211445895019e+22,1.4815623233054144e+22,1.4636313138534174e+22,1.1588141182220979e+23,1.4263217153716125e+22,1.481548634327318e+22,1.438858937291251e+22
Coprococcus eutactus,4.857460103254899e+19,4.192269503537804e+20,9.702404773612528e+19,1.7631832935483176e+20,4.0389429499858623e+21,1.2401602146155948e+20,1.3029159525077704e+21,1.683174863299115e+21,3.187263744936254e+20,5.539198860003558e+20,3.6440434639311117e+20,14958253611150.83,14760470014810.525,18077528754308.07,14889253674985.018,17535095831995.441,2.5277994961394667e+20,1.3382840389785265e+21,6.226259650018298e+20,1.1745662093545898e+21,5.29679252580469e+18,4.774528790386456e+21,18174943670454.746,1.2617334970394353e+21,1.3068879170422468e+20,2.0325327881227465e+19,1.4815623215031045e+22,0.0,15185895353133.82,17616297512190.316,2.4785570099257344e+20,1.6602095484896128e+27,18131558225453.938,1.217097930026897e+20,18189020581668.168,17554419722464.348,2569406106072.065,15654651612245.94,3.611017809268991e+20,2.5045773565932896e+20,2.126100333690475e+19,1.0506844169806746e+20,2.4392559519880305e+20,333385240756570.6,1.5991450541449728e+29,2.4907941896496972e+20,7.0159174483604546e+19,3.9710915852858835e+19,9.173992357215201e+20,9.357345554114675e+21,7.49651474785921e+21,3.183255019640035e+20,1.230495462649105e+20,3.089042190831059e+19,1.8736765226632813e+20,4.3568582009885753e+20,1.2887895753293642e+19,4.82828709327902e+20,9.541117791309055e+20,1.2162807425400103e+20,1.1292791507146257e+21,1.3094904890267035e+20,1.1093078854989093e+20,1.4052368919077359e+20,4.834237748635641e+20,7.226625827959932e+18,5.921298931300388e+20,1.689379254483218e+20,1.1064452024116563e+21,1.3633533467016385e+21,4.858942257573294e+19,8.955684032522529e+20,1.5715984296658797e+21,7.573048382089108e+19,3.3890274029952884e+22,3.442173200499105e+20,1.005729709668554e+20,8.499250480864614e+20,9.52019642859275e+18,4.3845638450685436e+19,1.8812544089814008e+20,5.5361020212934594e+20,1.222150379859347e+20,1.1204330635494039e+21,3.474604499378845e+20,1.9959534032049455e+19,1.0758930703915902e+22,3.355866353279984e+20,8.685178130648054e+20,4.2043164349215334e+19,4.379841762018129e+20,3.061383704752745e+21,1.4746431794801038e+21,8.480865130194765e+20,6.036898659051613e+19,4.149710627727089e+19,4.233041333294092e+21,3.0418207703282575e+20,9.817098504663472e+21,3.065563429680458e+21,1.1432731319415173e+21,9.98773517610372e+19,4.2767464801731185e+18,1.1415457793153301e+21,4.855147635253088e+19,3.453719378351844e+21,18153381549407.71,16819193845640.35,18194386752690.6,3.693654352296724e+20,5615169619963.233,8.330922984465759e+20,2.8666659767726568e+22,18193830439236.934,8.643432129580733e+19,1.7304947339435686e+21,18084834640841.633,1.6081528311570927e+21,4.2810797756316684e+21,1.7141292022088985e+21,9.783383767118334e+21,6.037231846085216e+21,1.214905141697352e+21,1.9152663360902663e+21,1765489426656251.8,3.394723136695606e+20,18187543864531.164,1.7936227008855576e+20,1.3069647589980368e+23,5.52500743962713e+20,1.3716603428010571e+17,4.270984710627475e+20
Dorea_A longicatena_B,4.857461614042125e+19,4.1922696544199e+20,9.702406283398255e+19,1.7631834444681727e+20,4.0389429650518625e+21,1.24016036559648e+20,1.3029159675874936e+21,1.6831748783712324e+21,3.1872638958469625e+20,5.539199010865671e+20,3.644043614800612e+20,227862267461.7616,425434638341.689,2892137164976.381,298463944281.7102,2349423776522.399,2.5277996470233786e+20,1.338284054055775e+21,6.226259800856442e+20,1.1745662244308644e+21,5.296807645191454e+18,4.774528805447896e+21,2989645524055.2144,1.2617335121137888e+21,1.3068880679852725e+20,2.0325342990774333e+19,1.4815623230086877e+22,15185895353133.82,0.0,2430726566131.326,2.4785571609044117e+20,1.6602095484896277e+27,2946226569612.164,1.2170980809832353e+20,3003737444846.3296,2368820322102.797,12617130998887.104,468762586709.79114,3.6110179601616195e+20,2.5045775074727366e+20,2.12610184477498e+19,1.050684567985002e+20,2.439256102869687e+20,348568039963327.25,1.599145054144973e+29,2.4907943405572178e+20,7.0159189587091235e+19,3.971093096026706e+19,9.173992507994349e+20,9.357345569175158e+21,7.496514762917291e+21,3.1832551705496866e+20,1.230495613648599e+20,3.089043701714102e+19,1.8736766735810714e+20,4.3568583518191144e+20,1.2887910867829275e+19,4.8282872441188706e+20,9.541117942072794e+20,1.2162808935203455e+20,1.1292791657930363e+21,1.3094906400104512e+20,1.109308036491693e+20,1.4052370428779274e+20,4.83423789945228e+20,7.226640951413037e+18,5.921299082137216e+20,1.6893794053919015e+20,1.1064452174906222e+21,1.3633533617790863e+21,4.858943768408376e+19,8.955684183299905e+20,1.571598444740204e+21,7.5730498921491e+19,3.3890274045000457e+22,3.442173351448162e+20,1.00572986066475e+20,8.499250631666459e+20,9.520211545748685e+18,4.384565355451991e+19,1.8812545599519965e+20,5.536102172148968e+20,1.2221505308345172e+20,1.1204330786311835e+21,3.474604650227205e+20,1.9959549147558605e+19,1.0758930718974515e+22,3.3558665041308936e+20,8.685178281461356e+20,4.204317945562438e+19,4.379841912870742e+20,3.0613837198225635e+21,1.474643194558855e+21,8.480865281020959e+20,6.036900169735911e+19,4.149712138680474e+19,4.233041348356716e+21,3.0418209212027974e+20,9.817098519718595e+21,3.065563444745727e+21,1.143273147015298e+21,9.987736686148705e+19,4.276761602324104e+18,1.1415457943907808e+21,4.8551491457031815e+19,3.4537193934176004e+21,2968062708480.454,1633483231541.3906,3009111296870.1616,3.693654503157663e+20,9570846336393.73,8.330923135287086e+20,2.866665978277791e+22,3008553631016.2925,8.643433640116884e+19,1.730494749014665e+21,2899463932636.351,1.6081528462296828e+21,4.2810797906996583e+21,1.7141292172804287e+21,9.783383782180333e+21,6.037231861148454e+21,1.2149051567777857e+21,1.9152663511653184e+21,1780666945086726.2,3.394723287595516e+20,3002260099892.3237,1.79362285187331e+20,1.3069647591484296e+23,5.5250075905185225e+20,1.3718118737185147e+17,4.270984861501394e+20
Dorea_A longicatena,4.8574618553984655e+19,4.19226967851904e+20,9.702406524567981e+19,1.7631834685742763e+20,4.0389429674577153e+21,1.2401603897138817e+20,1.3029159699958493e+21,1.6831748807781985e+21,3.1872639199513765e+20,5.539199034961133e+20,3.644043638897433e+20,2658517926471.513,2856138986109.1914,461469019127.70764,2728068764337.363,81575533456.28793,2.5277996711228526e+20,1.3382840564636778e+21,6.226259824947499e+20,1.1745662268385891e+21,5.296810060923228e+18,4.774528807852922e+21,559037735500.6956,1.2617335145211628e+21,1.3068880920956594e+20,2.0325345404651393e+19,1.4815623232490886e+22,17616297512190.316,2430726566131.326,0.0,2.478557185021403e+20,1.66020954848963e+27,515599355023.84204,1.2170981050960858e+20,573140150121.1044,61923112330.63154,15047673254504.455,1962008461030.018,3.611017984262699e+20,2.504577531571388e+20,2.1261020861870498e+19,1.0506845921067577e+20,2.4392561269687455e+20,350997083959372.4,1.599145054144973e+29,2.4907943646610437e+20,7.015919199983537e+19,3.971093337374367e+19,9.173992532074596e+20,9.357345571580008e+21,7.496514765321709e+21,3.183255194653907e+20,1.230495637769457e+20,3.0890439430883865e+19,1.873676697686794e+20,4.356858375908776e+20,1.288791328264425e+19,4.828287268210241e+20,9.541117966150222e+20,1.2162809176376446e+20,1.1292791682011515e+21,1.309490664128384e+20,1.1093080606113043e+20,1.4052370669933452e+20,4.834237923539391e+20,7.22664336791756e+18,5.921299106228032e+20,1.6893794294959427e+20,1.1064452198988391e+21,1.3633533641870255e+21,4.858944009773675e+19,8.955684207379827e+20,1.5715984471475725e+21,7.573050133369766e+19,3.389027404740298e+22,3.442173375559664e+20,1.005729884784995e+20,8.499250655750859e+20,9.52021396105825e+18,4.384565596732889e+19,1.8812545840674895e+20,5.536102196243215e+20,1.2221505549508587e+20,1.120433081039916e+21,3.4746046743201376e+20,1.995955156255712e+19,1.0758930721379027e+22,3.3558665282242956e+20,8.685178305547855e+20,4.204318186891409e+19,4.3798419369644576e+20,3.0613837222291104e+21,1.474643196967033e+21,8.480865305109822e+20,6.036900411072991e+19,4.149712380067944e+19,4.233041350761956e+21,3.041820945300546e+20,9.817098522122477e+21,3.0655634471514465e+21,1.1432731494225673e+21,9.987736927366583e+19,4.27676401858081e+18,1.141545796798355e+21,4.855149386996518e+19,3.453719395823408e+21,537441251210.4251,797251126936.5453,578520070381.5638,3.693654527252908e+20,12001367859353.3,8.330923159375058e+20,2.866665978518111e+22,577961188329.2667,8.643433881426284e+19,1.730494751421445e+21,468812724796.86743,1.608152848636735e+21,4.2810797931058724e+21,1.7141292196872876e+21,9.78338378458546e+21,6.037231863553804e+21,1.2149051591862714e+21,1.9152663535728198e+21,1783094557762719.2,3.3947233116979384e+20,571662688611.8962,1.793622875991986e+20,1.30696475917244e+23,5.5250076146193754e+20,1.3718360967276814e+17,4.270984885599028e+20
Lachnospira eligens_A,1.992823164867436e+20,1.7138144441889754e+20,1.5083165326872986e+20,7.154125774447741e+19,3.791130716194038e+21,1.2383968180628845e+20,1.0550776552085156e+21,1.4353512721861315e+21,7.088009546096446e+19,3.060750575332874e+20,1.1656518711843452e+20,2.478557158651714e+20,2.478557156677778e+20,2.4785571895893796e+20,2.4785571579894156e+20,2.4785571842227077e+20,5.126189544444396e+18,1.090450409305693e+21,3.7478459483165806e+20,9.267353936936765e+20,2.425594520566604e+20,4.526728208337102e+21,2.478557190550805e+20,1.0139065047972427e+21,1.1716756357477371e+20,2.275309873103086e+20,1.4567836633465996e+22,2.4785570099257344e+20,2.4785571609044117e+20,2.478557185021403e+20,0.0,1.6602093011652482e+27,2.478557190122093e+20,1.261461316776439e+20,2.4785571906896668e+20,2.4785571844089394e+20,2.478557035521327e+20,2.4785571655621417e+20,1.1325668393849417e+20,2.9950532413496443e+18,2.2659550035246907e+20,1.4278749016321889e+20,4.1828387250965914e+18,2.4785536887327005e+20,1.5991450516738262e+29,1.6245327374075407e+18,1.7769713200093626e+20,2.081456483127231e+20,6.695666856472027e+20,9.109546161205965e+21,7.248722606302901e+21,7.0479563253774655e+19,1.2480635736863405e+20,2.1696613734947776e+20,6.0493278076989645e+19,1.8785227103450087e+20,2.349685978045214e+20,2.3499032344000158e+20,7.062823699485424e+20,1.262276279865399e+20,8.814440802488068e+20,1.1690666558436098e+20,1.3692498850014518e+20,1.0733205603125389e+20,2.3559135925697466e+20,2.4063016255128633e+20,3.442893015347912e+20,7.89225260772533e+19,8.586091420430145e+20,1.1155192233969087e+21,1.9926761872596658e+20,6.477364592035652e+20,1.323770184056882e+21,1.721253740036254e+20,3.3642513105085868e+22,9.636307265452994e+19,1.472828293185095e+20,6.020882875979334e+20,2.3833629114731876e+20,2.0401043500939474e+20,5.973035711716375e+19,3.0576660306207624e+20,1.2564066867528717e+20,8.725917323421577e+20,9.963075213499435e+19,2.278975940288178e+20,1.0511136384225976e+22,8.77583859005789e+19,6.206786252051558e+20,2.058132730748484e+20,1.9014458537342032e+20,2.81356298739996e+21,1.2268061965716108e+21,6.002450785009214e+20,1.874879998721181e+20,2.0635997349456478e+20,3.985237858372698e+21,5.63524262626614e+19,9.56931468651703e+21,2.817754024704172e+21,8.954482576547402e+20,1.4797856375006072e+20,2.43579521798577e+20,8.93717001618263e+20,1.9930474808618392e+20,3.205908257776927e+21,2.4785571903379797e+20,2.4785571771149402e+20,2.4785571907424885e+20,1.2152834794214995e+20,2.4785570657824257e+20,5.8525186388744844e+20,2.841888650674025e+22,2.4785571907370448e+20,1.6142285611891153e+20,1.4826734192535373e+21,2.4785571896606068e+20,1.3603283911193817e+21,4.033262477095129e+21,1.466306900441195e+21,9.535580178969365e+21,5.789425779541647e+21,9.670658432938709e+20,1.6674356652604654e+21,2.478539404000285e+20,9.162697562821034e+19,2.478557190675044e+20,6.849353274208399e+19,1.3044874414296043e+23,3.0465124809801505e+20,2.4771865674256112e+20,1.792543998790786e+20
Roseburia inulinivorans,1.660209500040235e+27,1.6602091300095912e+27,1.6602094516735068e+27,1.6602093725093043e+27,1.660205514078319e+27,1.6602094247405376e+27,1.660208247532858e+27,1.6602078674734997e+27,1.6602092303635894e+27,1.660208995518635e+27,1.660209184718666e+27,1.6602095484896277e+27,1.6602095484896274e+27,1.6602095484896307e+27,1.6602095484896274e+27,1.66020954848963e+27,1.6602092961616674e+27,1.6602082121179593e+27,1.6602089268806536e+27,1.660208375568092e+27,1.6602095432096024e+27,1.6602047787915678e+27,1.6602095484896307e+27,1.6602082884531747e+27,1.660209418062721e+27,1.6602095282182998e+27,1.660194745998106e+27,1.6602095484896128e+27,1.6602095484896277e+27,1.66020954848963e+27,1.6602093011652482e+27,0.0,1.6602095484896307e+27,1.6602094270299767e+27,1.6602095484896307e+27,1.66020954848963e+27,1.6602095484896153e+27,1.6602095484896282e+27,1.6602091880445837e+27,1.6602092984758348e+27,1.6602095272864456e+27,1.660209443657454e+27,1.6602093049982702e+27,1.6602095484892832e+27,1.5825441443121931e+29,1.6602092998764944e+27,1.6602094784973838e+27,1.6602095088802062e+27,1.66020863241947e+27,1.6602002004038635e+27,1.6602020589865825e+27,1.6602092307624348e+27,1.6602094257142857e+27,1.66020951768022e+27,1.660209361479725e+27,1.66020911350465e+27,1.6602095356391732e+27,1.6602090664522198e+27,1.660208595716631e+27,1.6602094271230894e+27,1.6602084208634477e+27,1.6602094178239473e+27,1.6602094378029622e+27,1.6602094082623946e+27,1.660209065822022e+27,1.6602095412875868e+27,1.6602089573243076e+27,1.6602093798686594e+27,1.6602084436824446e+27,1.6602081870925265e+27,1.6602095000265457e+27,1.6602086542139563e+27,1.6602079790036362e+27,1.6602094729299676e+27,1.6601756826471877e+27,1.660209204970011e+27,1.6602094481394076e+27,1.6602086998546505e+27,1.6602095389984074e+27,1.6602095047489765e+27,1.6602093607613524e+27,1.6602089958155084e+27,1.6602094265348405e+27,1.6602084298133143e+27,1.6602092016084038e+27,1.660209528589106e+27,1.660198799748764e+27,1.6602092134652315e+27,1.6602086813211863e+27,1.6602095065519862e+27,1.6602091112417355e+27,1.660206490842211e+27,1.660208076019999e+27,1.660208701755492e+27,1.6602094882733736e+27,1.6602095071027516e+27,1.6602053198491257e+27,1.6602092448415495e+27,1.6601997399443826e+27,1.6602064863100662e+27,1.660208406735651e+27,1.660209448836937e+27,1.6602095442270938e+27,1.6602084085150039e+27,1.6602095000558304e+27,1.6602060986242993e+27,1.6602095484896307e+27,1.6602095484896293e+27,1.6602095484896307e+27,1.660209179755499e+27,1.6602095484896183e+27,1.6602087167128754e+27,1.6601809045833823e+27,1.6602095484896307e+27,1.66020946226815e+27,1.6602078201660476e+27,1.6602095484896307e+27,1.6602079424202667e+27,1.6602052724300306e+27,1.660207836531254e+27,1.6601997751322407e+27,1.6602035176229535e+27,1.660208335437998e+27,1.660207635837504e+27,1.6602095484878646e+27,1.6602092096435245e+27,1.6602095484896307e+27,1.6602093695184328e+27,1.660078927252039e+27,1.6602089969912385e+27,1.6602095483532382e+27,1.6602091221400343e+27
Roseburia intestinalis,4.8574619064516575e+19,4.19226968361533e+20,9.702406575574835e+19,1.763183473672279e+20,4.0389429679663533e+21,1.240160394814673e+20,1.3029159705050963e+21,1.6831748812871065e+21,3.187263925048964e+20,5.53919904005652e+20,3.644043643993154e+20,3174036205638.7124,3371620174839.73,54170275008.71483,3243639074469.5923,597053130180.3488,2.5277996762192242e+20,1.3382840569728145e+21,6.226259830041806e+20,1.1745662273476824e+21,5.296810571998679e+18,4.77452880836136e+21,43443555866.94889,1.2617335150301702e+21,1.3068880971947177e+20,2.0325345915261563e+19,1.4815623232999079e+22,18131558225453.938,2946226569612.164,515599355023.84204,2.478557190122093e+20,1.6602095484896307e+27,0.0,1.2170981101957523e+20,57551049216.40435,577522409113.3411,15563003160950.396,2477536760077.3066,3.611017989359466e+20,2.5045775366675576e+20,2.1261021372541563e+19,1.0506845972086273e+20,2.4392561320650152e+20,351511797701434.8,1.599145054144973e+29,2.490794369758486e+20,7.01591925101634e+19,3.971093388425397e+19,9.173992537166259e+20,9.357345572088404e+21,7.496514765829998e+21,3.183255199751446e+20,1.2304956428711043e+20,3.0890439941460554e+19,1.873676702784703e+20,4.356858381002741e+20,1.288791379348919e+19,4.828287273304625e+20,9.541117971241198e+20,1.2162809227384106e+20,1.1292791687103399e+21,1.3094906692293072e+20,1.1093080657126431e+20,1.405237072093646e+20,4.834237928632732e+20,7.226643879188268e+18,5.92129911132228e+20,1.6893794345934376e+20,1.1064452204080524e+21,1.363353364696171e+21,4.858944060829102e+19,8.95568421247141e+20,1.5715984476565786e+21,7.57305018438923e+19,3.3890274047910813e+22,3.442173380658999e+20,1.0057298898864903e+20,8.499250660843537e+20,9.520214472027417e+18,4.384565647767301e+19,1.8812545891678093e+20,5.536102201338304e+20,1.222150560051388e+20,1.1204330815492552e+21,3.474604679414905e+20,1.9959552073448112e+19,1.075893072188734e+22,3.3558665333191777e+20,8.685178310641047e+20,4.204318237937782e+19,4.3798419420594156e+20,3.061383722737917e+21,1.4746431974762364e+21,8.480865310203593e+20,6.036900462121383e+19,4.149712431128904e+19,4.233041351270445e+21,3.041820950396494e+20,9.817098522630637e+21,3.0655634476600525e+21,1.1432731499315495e+21,9.987736978385358e+19,4.276764529788823e+18,1.1415457973074115e+21,4.855149438034025e+19,3.4537193963320356e+21,21842267592.08734,1312799789496.3088,62935010492.846954,3.6936545323482415e+20,12516694698079.87,8.330923164468609e+20,2.866665978568911e+22,62375100973.884605,8.643433932467785e+19,1.7304947519303076e+21,46797296091.44794,1.608152849145664e+21,4.2810797936145984e+21,1.71412922019617e+21,9.783383785093921e+21,6.037231864062321e+21,1.2149051596955504e+21,1.915266354081858e+21,1783608816026828.2,3.3947233167950355e+20,56073981344.70944,1.793622881093093e+20,1.3069647591775146e+23,5.5250076197160865e+20,1.3718412244388106e+17,4.270984890694948e+20
Anaerostipes hadrus,7.313759692503022e+19,2.97518841233408e+20,2.4686187834565825e+19,5.460948665019055e+19,3.9172508179657623e+21,2.3136072206638444e+18,1.1812119605370327e+21,1.561477019898368e+21,1.9701732276299602e+20,4.322125342854867e+20,2.4269699223709476e+20,1.2170980787310027e+20,1.2170980767572643e+20,1.2170981096631715e+20,1.2170980780691027e+20,1.217098104297614e+20,1.3107235079618919e+20,1.216581879829327e+21,5.009198523256566e+20,1.0528649619656413e+21,1.164136691684906e+20,4.6528419397317705e+21,1.2170981106243692e+20,1.1400338542128672e+21,8.979576785588169e+18,1.0138541338382125e+20,1.4693943257241701e+22,1.217097930026897e+20,1.2170980809832353e+20,1.2170981050960858e+20,1.261461316776439e+20,1.6602094270299767e+27,1.2170981101957523e+20,0.0,1.217098110763197e+20,1.2170981044837463e+20,1.2170979556194016e+20,1.2170980856402426e+20,2.3939332223213922e+20,1.2875043137253802e+20,1.0044999565675427e+20,1.6644714793114157e+19,1.2221821369060024e+20,1.2170946092324166e+20,1.5991450529313867e+29,1.2737064934826528e+20,5.1552595299065094e+19,8.200049528249092e+19,7.95696899175842e+20,9.235659602656037e+21,7.374831980507063e+21,1.9661648605517162e+20,1.3786020946064748e+18,9.082081152972302e+19,6.565879656501203e+19,3.139806650287607e+20,1.0882296393009447e+20,3.611227658932872e+20,8.324106799026795e+20,1.9663701412884035e+17,1.0075762210399435e+21,9.24168806284103e+18,1.0782140569074706e+19,1.881422125908458e+19,3.617194521799239e+20,1.1448447625463716e+20,4.704239092951032e+20,4.722991792331279e+19,9.847418723435567e+20,1.2416510165012348e+21,7.312297633581956e+19,7.738662381070012e+20,1.449898604500868e+21,4.598024998743794e+19,3.3768606116132006e+22,2.2250754565811293e+20,2.1138561307470217e+19,7.282210561662416e+20,1.1219060483271628e+20,7.786504841032095e+19,6.641577821849463e+19,4.319031950799638e+20,5.243864478037531e+17,9.987277887162598e+20,2.2575447948579357e+20,1.0175222523180383e+20,1.0637247107281854e+22,2.1388056347241057e+20,7.468130025545433e+20,7.966809676758904e+19,3.162775649473863e+20,2.9396876800416604e+21,1.3529398113706642e+21,7.263808876281219e+20,6.134377758065261e+19,8.021512795011295e+19,4.1113531032116543e+21,1.824746918885504e+20,9.695419659249835e+21,2.9438723032892844e+21,1.0215741346650358e+21,2.1834895440724087e+19,1.1743372633898025e+20,1.0198452694098642e+21,7.315955244942284e+19,3.3320276134902183e+21,1.2170981104115938e+20,1.2170980971910192e+20,1.2170981108160048e+20,2.4765855167002988e+20,1.2170979858757165e+20,7.113869926239362e+20,2.854498610094702e+22,1.2170981108105627e+20,3.5280991797257572e+19,1.6087978644533234e+21,1.217098109734371e+20,1.4864545789595531e+21,4.159385458444743e+21,1.5924319129864073e+21,9.661695933599757e+21,5.915542693842661e+21,1.0932007015374894e+21,1.793565734322236e+21,1.2170803259103062e+20,2.1776360634181704e+20,1.2170981107485773e+20,5.765318078936883e+19,1.3057482176361567e+23,4.3079212998764285e+20,1.2157275685408506e+20,3.0539072819390054e+20
Eubacterium_G ventriosum,4.857461912133249e+19,4.19226968418235e+20,9.702406581250569e+19,1.7631834742395145e+20,4.0389429680229313e+21,1.2401603953822597e+20,1.3029159705617503e+21,1.6831748813437186e+21,3.187263925616147e+20,5.539199040623427e+20,3.6440436445601025e+20,3231550367792.519,3429126856623.3496,111717554635.47975,3301165295747.0806,654600479536.9078,2.5277996767862548e+20,1.3382840570294549e+21,6.226259830608577e+20,1.1745662274043173e+21,5.296810628883749e+18,4.774528808417912e+21,14108796506.373384,1.2617335150867946e+21,1.3068880977620861e+20,2.0325345972087394e+19,1.4815623233055601e+22,18189020581668.168,3003737444846.3296,573140150121.1044,2.4785571906896668e+20,1.6602095484896307e+27,57551049216.40435,1.217098110763197e+20,0.0,635063252254.9454,15620477657366.232,2535054003374.2144,3.611017989926546e+20,2.5045775372345632e+20,2.126102142937513e+19,1.0506845977763498e+20,2.439256132632033e+20,351569171822511.94,1.599145054144973e+29,2.490794370325651e+20,7.015919256695349e+19,3.971093394106714e+19,9.1739925377327e+20,9.357345572144953e+21,7.496514765886533e+21,3.183255200318624e+20,1.230495643438799e+20,3.0890439998282146e+19,1.8736767033519266e+20,4.356858381569469e+20,1.288791385034487e+19,4.828287273871406e+20,9.541117971807552e+20,1.216280923305994e+20,1.1292791687669867e+21,1.3094906697969104e+20,1.1093080662802986e+20,1.4052370726611707e+20,4.834237929199383e+20,7.226643936098318e+18,5.921299111889045e+20,1.6893794351606094e+20,1.1064452204647025e+21,1.3633533647528122e+21,4.858944066510976e+19,8.955684213037842e+20,1.5715984477132027e+21,7.573050190066555e+19,3.3890274047967285e+22,3.442173381226402e+20,1.0057298904541657e+20,8.499250661410105e+20,9.520214528898925e+18,4.384565653446514e+19,1.8812545897353367e+20,5.5361022019051736e+20,1.2221505606189413e+20,1.1204330816059209e+21,3.4746046799817336e+20,1.9959552130309652e+19,1.0758930721943878e+22,3.355866533886021e+20,8.68517831120768e+20,4.204318243618509e+19,4.379841942626269e+20,3.0613837227945157e+21,1.4746431975328852e+21,8.480865310770298e+20,6.036900467802365e+19,4.14971243681148e+19,4.233041351327005e+21,3.041820950963471e+20,9.817098522687158e+21,3.0655634477166263e+21,1.1432731499881705e+21,9.987736984062594e+19,4.276764586690846e+18,1.1415457973640418e+21,4.855149443713629e+19,3.453719396388612e+21,35712222981.35153,1370324639739.7764,5386375591.907516,3.693654532915142e+20,12574169120317.021,8.330923165035287e+20,2.8666659785745604e+22,4825448209.671531,8.643433938147895e+19,1.730494751986914e+21,104348342198.02013,1.6081528492022786e+21,4.281079793671187e+21,1.7141292202527784e+21,9.783383785150477e+21,6.037231864118884e+21,1.2149051597522086e+21,1.9152663541384864e+21,1783666123839367.5,3.3947233173621565e+20,1477492370.5797586,1.7936228816607193e+20,1.306964759178079e+23,5.52500762028316e+20,1.371841795489756e+17,4.270984891261922e+20
Bariatricus comes,4.857461849268218e+19,4.1922696779071095e+20,9.702406518443352e+19,1.763183467962138e+20,4.038942967396642e+21,1.2401603891014056e+20,1.3029159699347024e+21,1.6831748807170927e+21,3.18726391933929e+20,5.5391990343493124e+20,3.644043638285572e+20,2596608536932.2393,2794235165672.4526,523391242592.83844,2666151009419.234,20070876203.405113,2.5277996705109118e+20,1.3382840564025446e+21,6.226259824335808e+20,1.174566226777461e+21,5.296809999554853e+18,4.774528807791873e+21,620960845373.2211,1.261733514460045e+21,1.3068880914833934e+20,2.032534534333944e+19,1.481562323242987e+22,17554419722464.348,2368820322102.797,61923112330.63154,2.4785571844089394e+20,1.66020954848963e+27,577522409113.3411,1.2170981044837463e+20,635063252254.9454,0.0,14985786723366.295,1900098246266.6147,3.6110179836507115e+20,2.504577530959472e+20,2.126102080055116e+19,1.0506845914941512e+20,2.4392561263568175e+20,350935272587077.25,1.599145054144973e+29,2.4907943640489735e+20,7.0159191938557624e+19,3.971093331244382e+19,9.173992531463225e+20,9.357345571518965e+21,7.496514765260677e+21,3.1832551940418254e+20,1.2304956371568773e+20,3.0890439369575965e+19,1.873676697074667e+20,4.356858375297127e+20,1.2887913221303835e+19,4.828287267598542e+20,9.541117965538935e+20,1.2162809170251717e+20,1.1292791681400118e+21,1.3094906635158923e+20,1.1093080599987621e+20,1.4052370663809286e+20,4.834237922927819e+20,7.226643306525497e+18,5.921299105616349e+20,1.689379428883866e+20,1.1064452198376964e+21,1.363353364125891e+21,4.858944003643158e+19,8.955684206768466e+20,1.571598447086455e+21,7.573050127243608e+19,3.3890274047342003e+22,3.442173374947366e+20,1.0057298841724338e+20,8.499250655139366e+20,9.520213899702768e+18,4.384565590604918e+19,1.8812545834550706e+20,5.536102195631431e+20,1.2221505543384144e+20,1.1204330809787579e+21,3.4746046737083924e+20,1.9959551501211116e+19,1.0758930721317994e+22,3.355866527612536e+20,8.6851783049363e+20,4.204318180761988e+19,4.379841936352688e+20,3.061383722168017e+21,1.4746431969058913e+21,8.480865304498197e+20,6.036900404943326e+19,4.149712373936755e+19,4.233041350700901e+21,3.041820944688657e+20,9.817098522061462e+21,3.065563447090378e+21,1.1432731493614526e+21,9.987736921240507e+19,4.2767639571963546e+18,1.1415457967372312e+21,4.855149380868172e+19,3.4537193957623364e+21,599364322361.5979,735340682580.6846,640443152458.1893,3.693654526641094e+20,11939482065810.35,8.330923158763459e+20,2.8666659785120116e+22,639884275717.7809,8.643433875297455e+19,1.7304947513603447e+21,530735506844.1026,1.6081528485756267e+21,4.281079793044789e+21,1.7141292196261853e+21,9.783383784524408e+21,6.037231863492746e+21,1.2149051591251208e+21,1.9152663535116983e+21,1783032802128245.2,3.39472331108591e+20,633585790396.5527,1.7936228753794718e+20,1.3069647591718304e+23,5.525007614007395e+20,1.3718354809845077e+17,4.2709848849871425e+20
Bariatricus comes_A,4.857460359347936e+19,4.192269529119982e+20,9.702405029568306e+19,1.7631833191357592e+20,4.038942952540942e+21,1.2401602402114916e+20,1.3029159550647971e+21,1.6831748658550656e+21,3.1872637705224225e+20,5.539198885582942e+20,3.644043489511529e+20,12389449929713.113,12191697599428.793,15508958807816.662,12320360920601.715,14966442062800.85,2.527799521721899e+20,1.3382840415352038e+21,6.226259675594321e+20,1.1745662119111295e+21,5.296795088285285e+18,4.774528792940885e+21,15606397117569.686,1.2617334995957035e+21,1.3068879426329064e+20,2.0325330442385367e+19,1.481562321758467e+22,2569406106072.065,12617130998887.104,15047673254504.455,2.478557035521327e+20,1.6602095484896153e+27,15563003160950.396,1.2170979556194016e+20,15620477657366.232,14985786723366.295,0.0,13085893213430.998,3.61101783485264e+20,2.504577382175098e+20,2.1261005898238435e+19,1.0506844425798014e+20,2.4392559775701474e+20,335954645597750.2,1.599145054144973e+29,2.4907942152354218e+20,7.0159177043936395e+19,3.971091841372601e+19,9.173992382782917e+20,9.357345556668965e+21,7.496514750413157e+21,3.1832550452260556e+20,1.2304954882475657e+20,3.0890424469371163e+19,1.873676548250435e+20,4.356858226563531e+20,1.2887898315125074e+19,4.8282871188552824e+20,9.541117816874593e+20,1.216280768135832e+20,1.1292791532714674e+21,1.309490514622995e+20,1.1093079110964458e+20,1.4052369175021565e+20,4.834237774208642e+20,7.226628390979415e+18,5.921298956876226e+20,1.6893792800691048e+20,1.1064452049685761e+21,1.363353349258344e+21,4.858942513672838e+19,8.955684058089994e+20,1.5715984322221433e+21,7.573048638082677e+19,3.389027403250532e+22,3.4421732260906e+20,1.0057297352665612e+20,8.49925050643553e+20,9.52019899077556e+18,4.384564101106491e+19,1.881254434575876e+20,5.5361020468719183e+20,1.2221504054544551e+20,1.1204330661067202e+21,3.474604524956302e+20,1.9959536594011693e+19,1.0758930706469925e+22,3.355866378857798e+20,8.685178156220584e+20,4.204316690994644e+19,4.3798417875961813e+20,3.061383707308369e+21,1.4746431820369934e+21,8.480865155769109e+20,6.0368989151306424e+19,4.149710883842692e+19,4.233041335848689e+21,3.0418207959093805e+20,9.817098507216992e+21,3.065563432235434e+21,1.1432731344977039e+21,9.987735432095221e+19,4.2767490430204984e+18,1.1415457818717533e+21,4.855147891300144e+19,3.453719380906889e+21,15584829896822.285,14250515585270.766,15625845623905.03,3.6936543778759436e+20,3046308695812.6016,8.330923010039419e+20,2.866665977027954e+22,15625289005969.842,8.64343238563955e+19,1.730494736499374e+21,15516269626299.422,1.6081528337131105e+21,4.2810797781870324e+21,1.7141292047647656e+21,9.783383769672843e+21,6.037231848639901e+21,1.214905144254479e+21,1.9152663386466332e+21,1768058613261521.5,3.394723162280271e+20,15619000763458.846,1.793622726482402e+20,1.306964759023549e+23,5.525007465210606e+20,1.3716860102756397e+17,4.2709847362085106e+20
Anaerobutyricum hallii,4.857461660651862e+19,4.192269659074507e+20,9.702406329975526e+19,1.763183449124e+20,4.0389429655166077e+21,1.2401603702542818e+20,1.3029159680526805e+21,1.6831748788361744e+21,3.187263900502494e+20,5.5391990155196334e+20,3.644043619454813e+20,696511414502.8271,894197003576.0056,2423438743514.7554,766235516645.2853,1880688108192.1787,2.5277996516780445e+20,1.3382840545208823e+21,6.226259805509631e+20,1.1745662248959405e+21,5.296808111663414e+18,4.774528805912496e+21,2520960006831.475,1.261733512578803e+21,1.3068880726418493e+20,2.0325343456926077e+19,1.4815623230551296e+22,15654651612245.94,468762586709.79114,1962008461030.018,2.4785571655621417e+20,1.6602095484896282e+27,2477536760077.3066,1.2170980856402426e+20,2535054003374.2144,1900098246266.6147,13085893213430.998,0.0,3.611017964816567e+20,2.5045775121272583e+20,2.1261018913943724e+19,1.050684572643563e+20,2.43925610752428e+20,349036656157258.2,1.599145054144973e+29,2.4907943452126462e+20,7.015919005304631e+19,3.971093142634936e+19,9.173992512645637e+20,9.357345569639726e+21,7.496514763381783e+21,3.183255175205184e+20,1.2304956183070034e+20,3.089043748326949e+19,1.8736766782368317e+20,4.356858356472058e+20,1.288791133414322e+19,4.828287248772114e+20,9.541117946723585e+20,1.2162808981781294e+20,1.129279166258181e+21,1.3094906446683455e+20,1.10930804114988e+20,1.4052370475353829e+20,4.834237904104775e+20,7.226641418017682e+18,5.921299086790362e+20,1.6893794100473676e+20,1.1064452179557848e+21,1.3633533622441998e+21,4.858943815019667e+19,8.955684187951135e+20,1.571598445205217e+21,7.573049938735251e+19,3.3890274045464616e+22,3.442173356104933e+20,1.0057298653230476e+20,8.499250636318478e+20,9.520212012147941e+18,4.384565402048627e+19,1.881254564609465e+20,5.536102176802717e+20,1.222150535492134e+20,1.1204330790964369e+21,3.474604654880723e+20,1.9959549613904232e+19,1.0758930719439021e+22,3.355866508784494e+20,8.685178286113744e+20,4.204317992167425e+19,4.379841917524397e+20,3.0613837202874313e+21,1.4746431950240106e+21,8.480865285673763e+20,6.036900216342306e+19,4.149712185295606e+19,4.2330413488213527e+21,3.041820925857161e+20,9.81709852018299e+21,3.065563445210449e+21,1.1432731474802938e+21,9.98773673273437e+19,4.276762068886239e+18,1.1415457948558302e+21,4.855149192301978e+19,3.4537193938823377e+21,2499374379841.138,1164757654163.9421,2540428976480.753,3.693654507811587e+20,10039607782587.52,8.330923139939733e+20,2.8666659783242183e+22,2539871099852.4707,8.643433686718472e+19,1.730494749479574e+21,2430768886422.56,1.60815284669464e+21,4.2810797911644674e+21,1.7141292177453516e+21,9.783383782644949e+21,6.03723186161311e+21,1.2149051572429956e+21,1.9152663516303547e+21,1781135363301266.0,3.3947232922506985e+20,2533576602504.921,1.793622856531334e+20,1.3069647591530683e+23,5.5250075951734306e+20,1.3718165495315042e+17,4.270984866155737e+20
Anaerobutyricum soehngenii,3.125309079480548e+20,5.8125668122348495e+19,2.6407950816328627e+20,1.8478390002267878e+20,3.6778744975383624e+21,2.3708842770127172e+20,9.418216828299172e+20,1.3220946411074277e+21,4.237695712904029e+19,1.9281975260367625e+20,3.338877760645074e+18,3.6110179579107036e+20,3.611017955937535e+20,3.61101798882726e+20,3.611017957249918e+20,3.611017983464858e+20,1.0832194144895952e+20,9.771939157796749e+20,2.615284838628629e+20,8.134787312506951e+20,3.558059950026196e+20,4.4134730648055327e+21,3.611017989787814e+20,9.0064983552462e+20,2.304139137873161e+20,3.4077817045716284e+20,1.4454582997931692e+22,3.611017809268991e+20,3.6110179601616195e+20,3.611017984262699e+20,1.1325668393849417e+20,1.6602091880445837e+27,3.611017989359466e+20,2.3939332223213922e+20,3.611017989926546e+20,3.6110179836507115e+20,3.61101783485264e+20,3.611017964816567e+20,0.0,1.1064428914333416e+20,3.398428326685656e+20,2.56036736465015e+20,1.1717634126033648e+20,3.6110144896174555e+20,1.5991450505433576e+29,1.1202267293412239e+20,2.9094590033325333e+20,3.213936745478565e+20,5.5631002085232044e+20,8.996290965915199e+21,7.135468369334037e+21,4.277763421179784e+19,2.3805613875720487e+20,3.3021385417524314e+20,1.7373456061154217e+20,7.459769526762986e+19,3.4821559111148175e+20,1.2173365973451491e+20,5.930256984584334e+20,2.3947626562412626e+20,7.681876346128415e+20,2.3015583028482553e+20,2.5017392301175125e+20,2.205805876256099e+20,1.2233573660747496e+20,3.538769840199128e+20,2.310329679324391e+20,1.9216399831403895e+20,7.45352782061591e+20,1.0022627747711258e+21,3.1251629353331157e+20,5.344797799113031e+20,1.2105135067783954e+21,2.853735625814511e+20,3.3529263611929384e+22,1.692617006841467e+19,2.605315441837142e+20,4.888318374457202e+20,3.515831309069054e+20,3.172581277576258e+20,1.729806443152036e+20,1.9251085192877742e+20,2.3888901867192585e+20,7.593362604273963e+20,1.367180966143997e+19,3.411451740093192e+20,1.0397881766444664e+22,2.552916568817253e+19,5.0742250914300166e+20,3.1906127646914255e+20,7.688798856377834e+19,2.700306365473998e+21,1.1135500909177171e+21,4.8698938355921355e+20,3.007370656151947e+20,3.19608407060552e+20,3.871982433735878e+21,5.6920786653739885e+19,9.456061566131877e+21,2.7044981271546655e+21,7.821916852965005e+20,2.6122760399978545e+20,3.5682601859421785e+20,7.804603200542632e+20,3.125527533642506e+20,3.0926521665424447e+21,3.61101798957518e+20,3.6110179763615996e+20,3.611017989979314e+20,8.291204932277856e+18,3.611017865095334e+20,4.719959333136918e+20,2.8305634843225787e+22,3.611017989973877e+20,2.746730248461535e+20,1.369416871309425e+21,3.6110179888983815e+20,1.2470717434915762e+21,3.9200059481836686e+21,1.3530503115404524e+21,9.422324536462846e+21,5.676169986786468e+21,8.538100013297994e+20,1.5541790826365958e+21,3.6110002103639736e+20,2.1629990479129747e+19,3.611017989911935e+20,1.817453826054206e+20,1.3033550046904704e+23,1.9139896597951545e+20,3.609647683984198e+20,6.599809220339216e+19
Dorea formicigenerans,2.0188769200714744e+20,1.6876922207808196e+20,1.5343648688550737e+20,7.414110156703359e+19,3.7885050617754036e+21,1.2644626616694835e+20,1.0524616580914102e+21,1.4327288128302835e+21,6.827062051874231e+19,3.034623834475206e+20,1.1394674613720072e+20,2.5045775052220924e+20,2.5045775032490423e+20,2.5045775361354285e+20,2.5045775045615334e+20,2.5045775307736757e+20,2.323143810673405e+18,1.0878320244726714e+21,3.721694263956033e+20,9.241154800826202e+20,2.451620388943059e+20,4.524099161656842e+21,2.5045775370958497e+20,1.011285004364238e+21,1.197708934891744e+20,2.30134394043145e+20,1.4565204343175755e+22,2.5045773565932896e+20,2.5045775074727366e+20,2.504577531571388e+20,2.9950532413496443e+18,1.6602092984758348e+27,2.5045775366675576e+20,1.2875043137253802e+20,2.5045775372345632e+20,2.504577530959472e+20,2.504577382175098e+20,2.5045775121272583e+20,1.1064428914333416e+20,0.0,2.2919909480297087e+20,1.4539444412558421e+20,6.532218507677256e+18,2.5045740371793065e+20,1.599145051646779e+29,1.4387936983724518e+18,1.8030293166330583e+20,2.107502146504809e+20,6.669471440360234e+20,9.106917079754411e+21,7.246091509936265e+21,6.786962057440154e+19,1.2741452937682721e+20,2.1957025778938715e+20,6.309198608555038e+19,1.8523043699003526e+20,2.3757174593175287e+20,2.32372342344147e+20,7.036613937787693e+20,1.2883399598336686e+20,8.788261884312333e+20,1.1951407122593912e+20,1.3953158166461792e+20,1.0993876734588882e+20,2.3296943753235697e+20,2.4323308561757815e+20,3.416734782337392e+20,8.152057893135242e+19,8.559917388560441e+20,1.1129011031400524e+21,2.018731077907311e+20,6.451165611136853e+20,1.3211495448200903e+21,1.7473042714344364e+20,3.3639875170957395e+22,9.3767466928709e+19,1.498889242687529e+20,5.994708324507288e+20,2.4093924325669165e+20,2.0661459364239347e+20,6.234353796431142e+19,3.0315290910927684e+20,1.2824662426534614e+20,8.69977360615817e+20,9.70041730931407e+19,2.3050149171787176e+20,1.0508505980418428e+22,8.513025631286338e+19,6.180626260674435e+20,2.084178233328057e+20,1.8752715195955905e+20,2.810940033717773e+21,1.2241896128582084e+21,5.976304564319013e+20,1.900941266740245e+20,2.089650885004744e+20,3.9826095629338343e+21,5.372439973906156e+19,9.56668160862881e+21,2.8151272700826925e+21,8.928256735521644e+20,1.5058512373535932e+20,2.461820515263361e+20,8.910961061533933e+20,2.0190934118550326e+20,3.203282141328855e+21,2.5045775368832454e+20,2.5045775236711062e+20,2.5045775372873223e+20,1.1890815057522e+20,2.504577412414977e+20,5.8263657231251105e+20,2.8416251207340412e+22,2.5045775372818868e+20,1.6403092643652056e+20,1.4800501193831993e+21,2.5045775362065347e+20,1.3577062070159462e+21,4.030638529262971e+21,1.4636839642697908e+21,9.532952287707295e+21,5.786798438866759e+21,9.644503386704875e+20,1.664816294618006e+21,2.504559758775934e+20,8.901526818128114e+19,2.5045775372199533e+20,7.110886560553969e+19,1.3044610068291586e+23,3.020431200859368e+20,2.5032072820645937e+20,1.7664076699171756e+20
Coprococcus_A catus,2.7313670508072948e+19,3.979681756031752e+20,7.57639858514614e+19,1.5505903067585433e+20,4.0176894232617864e+21,1.0275587523394064e+20,1.281658838659467e+21,1.6619196404023233e+21,2.9746712815040836e+20,5.326614604741387e+20,3.431458298578079e+20,2.1261018222206034e+19,2.1261018024700494e+19,2.1261021319191675e+19,2.126101815573657e+19,2.126102078186821e+19,2.3152122107736398e+20,1.3170275105577018e+21,6.013680131374922e+20,1.1533099323920038e+21,1.596433211550328e+19,4.753276668487775e+21,2.1261021415469003e+19,1.2404777035717607e+21,1.094291838142621e+20,9.358463369679686e+17,1.4794372924706824e+22,2.126100333690475e+19,2.12610184477498e+19,2.1261020861870498e+19,2.2659550035246907e+20,1.6602095272864456e+27,2.1261021372541563e+19,1.0044999565675427e+20,2.126102142937513e+19,2.126102080055116e+19,2.1261005898238435e+19,2.1261018913943724e+19,3.398428326685656e+20,2.2919909480297087e+20,0.0,8.380803973988347e+19,2.226669175136842e+20,2.1260670988670583e+19,1.5991450539331414e+29,2.278202632978822e+20,4.889852122930597e+19,1.8450030042617668e+19,8.961425783336804e+20,9.336093720627519e+21,7.475263709804465e+21,2.9706627399457394e+20,1.0178917636864836e+20,9.6294792683521e+18,1.661083753840263e+20,4.144280794429116e+20,8.373209010024435e+18,4.615707532059142e+20,9.328554973118906e+20,1.0036793846044113e+20,1.1080223547694417e+21,1.0968885715580407e+20,8.96705128423615e+19,1.1926366258104214e+20,4.62166324936804e+20,1.403479995785379e+19,5.708719749416197e+20,1.476788344004972e+20,1.0851882770741525e+21,1.3420967684675865e+21,2.7328470618511057e+19,8.743117912950418e+20,1.5503426264804465e+21,5.447012675353217e+19,3.38690267024264e+22,3.229574771614348e+20,7.931267137231002e+19,8.286678625826548e+20,1.1740966083368356e+19,2.258506595663011e+19,1.6686536710098993e+20,5.3235190705794037e+20,1.009549699653949e+20,1.0991754975155417e+21,3.2620236858724306e+20,1.3030943395539927e+18,1.0737679481103047e+22,3.143285078073357e+20,8.472603662476352e+20,2.0782343763257623e+19,4.1672596910917406e+20,3.040129081596246e+21,1.453386284569793e+21,8.268287859167644e+20,3.910809700440217e+19,2.023611945501264e+19,4.2117888408367027e+21,2.8292349252662654e+20,9.795848466742917e+21,3.0443101355588374e+21,1.1220174981438084e+21,7.861695596560805e+19,1.6984421332858223e+19,1.1202897128301032e+21,2.7290797881655054e+19,3.43246593140938e+21,2.1261021394156773e+19,2.1261020070406717e+19,2.1261021434665726e+19,3.4810708531139504e+20,2.126100892713586e+19,8.118346781605199e+20,2.86454110506877e+22,2.126102143412024e+19,6.517349982774302e+19,1.7092397886318146e+21,2.126102132633083e+19,1.586897484146781e+21,4.259825660693838e+21,1.6928741381959757e+21,9.762131447704673e+21,6.015979148739659e+21,1.1936478701810578e+21,1.8940103330002924e+21,2.1259241716067672e+19,3.1821324430245855e+20,2.126102142791117e+19,1.5810199080141223e+20,1.306752318199604e+23,5.3124177422612896e+20,2.1123916286481293e+19,4.0583984711930924e+20
Eubacterium_I ramulus,5.649486193252577e+19,3.1416233728379165e+20,8.046013066805764e+18,7.125334633233196e+19,3.9338955155024097e+21,1.894830877439738e+19,1.1978560924990715e+21,1.5781215933884667e+21,2.1366048145919053e+20,4.4885618754732537e+20,2.5934077787037853e+20,1.0506845657317677e+20,1.0506845637576068e+20,1.0506845966757608e+20,1.0506845650690076e+20,1.0506845913078042e+20,1.4771627596861676e+20,1.2332261996380975e+21,5.175637600468277e+20,1.0695093650207638e+21,9.977209066669118e+19,4.6694866444509774e+21,1.0506845976374493e+20,1.1566783556543991e+21,2.562415178334671e+19,8.474354611826282e+19,1.4710587864198727e+22,1.0506844169806746e+20,1.050684567985002e+20,1.0506845921067577e+20,1.4278749016321889e+20,1.660209443657454e+27,1.0506845972086273e+20,1.6644714793114157e+19,1.0506845977763498e+20,1.0506845914941512e+20,1.0506844425798014e+20,1.050684572643563e+20,2.56036736465015e+20,1.4539444412558421e+20,8.380803973988347e+19,0.0,1.3886222696583525e+20,1.0506810953315974e+20,1.5991450530975594e+29,1.4401413084073655e+20,3.490965912235268e+19,6.535815822694953e+19,8.123412372729094e+20,9.252304302519987e+21,7.391476638103882e+21,2.13259668363711e+20,1.7981137768529646e+19,7.417865379220827e+19,8.2302547326041e+19,3.306248225111767e+20,9.218116856107011e+19,3.777667651254672e+20,8.490551117740535e+20,1.6560487918724323e+19,1.024220482739585e+21,2.5881042391966405e+19,5.862863915387485e+18,3.545617728552341e+19,3.7836369268885796e+20,9.784274830870323e+19,4.870678514621319e+20,6.387419483035279e+19,1.0013860944776951e+21,1.2582953197589087e+21,5.64801802791655e+19,7.905105937459573e+20,1.4665430827343833e+21,2.9337959368767185e+19,3.3785250345839938e+22,2.3914975403947907e+20,4.495774102688065e+18,7.448652326635784e+20,9.554888029135598e+19,6.1222976909362725e+19,8.30575186989212e+19,4.485469368411657e+20,1.7147820006307107e+19,1.0153717563081388e+21,2.423985875287881e+20,8.51101091794822e+19,1.0653891779960878e+22,2.3052466864239722e+20,7.63457069158792e+20,6.30257840239773e+19,3.3292146182844455e+20,2.956332302077006e+21,1.3695840059182882e+21,7.430248308156152e+20,4.470063885244634e+19,6.357250780165108e+19,4.127997814705661e+21,1.991185565074328e+20,9.712064237298677e+21,2.9605170111952763e+21,1.0382186763020422e+21,5.191090058393855e+18,1.0079216748685006e+20,1.0364897256842515e+21,5.65172640871482e+19,3.3486723157616183e+21,1.050684597424566e+20,1.0506845841986876e+20,1.050684597829188e+20,2.6430244949438585e+20,1.0506844728463978e+20,7.280309906914249e+20,2.8561630538273237e+22,1.050684597823742e+20,1.8636501153248555e+19,1.6254424735877717e+21,1.0506845967470196e+20,1.5030991368533663e+21,4.1760301202417726e+21,1.6090765074811716e+21,9.6783406449423e+21,5.932187406888019e+21,1.1098447823651407e+21,1.8102101537304126e+21,1.0506668089922753e+20,2.3440693177692435e+20,1.050684597761724e+20,7.429396319283578e+19,1.3059146535651122e+23,4.4743534206568464e+20,1.0493138851545989e+20,3.2203434122646834e+20
Clostridium_Q symbiosum,1.9535548524646177e+20,1.753013553653034e+20,1.4690427224665398e+20,6.760888564575499e+19,3.795037062342502e+21,1.1991405218872479e+20,1.05899387328972e+21,1.4392609276697408e+21,7.480230222858974e+19,3.0999457354051964e+20,1.2047893747796682e+20,2.4392561006189976e+20,2.4392560986459272e+20,2.4392561315328727e+20,2.4392560999584006e+20,2.439256126171011e+20,8.854415096115121e+18,1.094364219773874e+21,3.7870164271378386e+20,9.306476563368082e+20,2.386298850392374e+20,4.530631015941681e+21,2.4392561324933163e+20,1.0178171489499125e+21,1.132386766875016e+20,2.2360222009199863e+20,1.4571736014625905e+22,2.4392559519880305e+20,2.439256102869687e+20,2.4392561269687455e+20,4.1828387250965914e+18,1.6602093049982702e+27,2.4392561320650152e+20,1.2221821369060024e+20,2.439256132632033e+20,2.4392561263568175e+20,2.4392559775701474e+20,2.43925610752428e+20,1.1717634126033648e+20,6.532218507677256e+18,2.226669175136842e+20,1.3886222696583525e+20,0.0,2.4392526325341982e+20,1.5991450517119566e+29,5.167484677626714e+18,1.737707175554621e+20,2.042180183074064e+20,6.734793324491867e+20,9.113448926544524e+21,7.252623253892533e+21,7.440132329097282e+19,1.2088232705672022e+20,2.1303806969443094e+20,5.655978063688977e+19,1.917626449998171e+20,2.310395789175067e+20,2.3890456083202307e+20,7.101935579495356e+20,1.2230178021485486e+20,8.85358391600249e+20,1.1298186709165842e+20,1.3299936439474237e+20,1.0340656440653323e+20,2.3950163321312022e+20,2.3670092462734442e+20,3.4820569576620714e+20,7.498836603879249e+19,8.625239466556089e+20,1.1194333012481427e+21,1.9534090008507063e+20,6.51648745269404e+20,1.327681701944719e+21,1.6819821636474225e+20,3.3646406452202007e+22,1.0029846101326586e+20,1.4335670580004561e+20,6.060030437866407e+20,2.3440708093696898e+20,2.000824009668205e+20,5.581181338214407e+19,3.096851109431012e+20,1.2171440717770465e+20,8.765095789126623e+20,1.0353638341303694e+20,2.2396931017521516e+20,1.0515037759262561e+22,9.166246592869907e+19,6.245948436800649e+20,2.0188562650370772e+20,1.9405936605105717e+20,2.817472125485412e+21,1.2307218239602646e+21,6.041626742418227e+20,1.835619125003241e+20,2.024328858022921e+20,3.989141453903681e+21,6.025658842620347e+19,9.573213234826194e+21,2.821659231959874e+21,8.993577965332195e+20,1.4405290534847159e+20,2.3964989917241282e+20,8.976282658664519e+20,1.953771419862563e+20,3.209814126449572e+21,2.439256132280707e+20,2.4392561190683266e+20,2.4392561326847938e+20,1.2544036230567066e+20,2.4392560078104982e+20,5.8916879081045216e+20,2.8422782683161878e+22,2.439256132679358e+20,1.5749871010087266e+20,1.486582211069438e+21,2.439256131603982e+20,1.3642383297427795e+21,4.037170587858894e+21,1.4702160662013592e+21,9.539484189803432e+21,5.793330368269363e+21,9.709825559741702e+20,1.6713484713368722e+21,2.439238353988136e+20,9.554721732664246e+19,2.4392561326174228e+20,6.4577131407643025e+19,1.3045263147845427e+23,3.085752195669686e+20,2.4378858689817323e+20,1.831729340081191e+20
Bacteroides_F pectinophilus,4.857426873633649e+19,4.1922661840761114e+20,9.702371561701653e+19,1.7631799734072544e+20,4.038942618444833e+21,1.240156893383311e+20,1.3029156207153463e+21,1.6831745316456282e+21,3.1872604249594685e+20,5.5391955409025905e+20,3.6440401446967116e+20,348340635499355.25,348142752246516.94,351457870719692.94,348272064495125.9,350916070056067.94,2.527796176644974e+20,1.338283707231193e+21,6.226256331351083e+20,1.1745658776250409e+21,5.296460029688201e+18,4.774528458929634e+21,351555120364423.4,1.261733165344995e+21,1.3068845964858637e+20,2.0324995555674817e+19,1.4815622883678215e+22,333385240756570.6,348568039963327.25,350997083959372.4,2.4785536887327005e+20,1.6602095484892832e+27,351511797701434.8,1.2170946092324166e+20,351569171822511.94,350935272587077.25,335954645597750.2,349036656157258.2,3.6110144896174555e+20,2.5045740371793065e+20,2.1260670988670583e+19,1.0506810953315974e+20,2.4392526325341982e+20,0.0,1.5991450541449693e+29,2.490790869730181e+20,7.015884226461153e+19,3.971058356479839e+19,9.17398903962042e+20,9.357345222675575e+21,7.496514416464619e+21,3.1832516996823384e+20,1.230492141085938e+20,3.0890089595303514e+19,1.8736732025593348e+20,4.3568548824592836e+20,1.2887563340861807e+19,4.828283774580939e+20,9.541114473995416e+20,1.2162774213174613e+20,1.129278818946108e+21,1.3094871677434624e+20,1.1093045640549905e+20,1.405233570865994e+20,4.8342344303585867e+20,7.226293262334594e+18,5.921295612657082e+20,1.6893759345428333e+20,1.1064448706330266e+21,1.3633530149506714e+21,4.858909027112448e+19,8.95568071496004e+20,1.5715980979719753e+21,7.573015165301608e+19,3.389027369875391e+22,3.4421698798348743e+20,1.0057263881639354e+20,8.499247162856487e+20,9.519863970850509e+18,4.384530622555127e+19,1.8812510879325015e+20,5.536098702311853e+20,1.2221470587288646e+20,1.1204327317195922e+21,3.474601180526596e+20,1.9959201602739614e+19,1.075893037251149e+22,3.3558630343816544e+20,8.685174812431631e+20,4.204283207871069e+19,4.37983844308897e+20,3.06138337314145e+21,1.4746428477053815e+21,8.480861811744288e+20,6.036865431237515e+19,4.149677395194572e+19,4.2330410018153767e+21,3.0418174510028266e+20,9.81709817332381e+21,3.0655630981529107e+21,1.1432728002575608e+21,9.987701959582805e+19,4.2764139367643663e+18,1.1415454476008316e+21,4.855114411564008e+19,3.453719046815317e+21,351533594511183.56,350200494718875.94,351574525892523.5,3.693651033216918e+20,338999751646088.56,8.330919666103562e+20,2.866665943645721e+22,351573971518833.6,8.64339890437383e+19,1.7304944023088186e+21,351465145950148.9,1.6081524994949414e+21,4.281079444053993e+21,1.7141288705661846e+21,9.783383435651196e+21,6.03723151459517e+21,1.2149048098920024e+21,1.9152660043830529e+21,1432137412462045.5,3.3947198169129714e+20,351567696597910.06,1.7936193795309902e+20,1.3069647556876043e+23,5.525004119997928e+20,1.3683298926364738e+17,4.2709813913132335e+20
Ruminococcus_B gnavus,1.599145053660926e+29,1.5991450499634337e+29,1.5991450531776323e+29,1.5991450523865873e+29,1.5991450138264077e+29,1.599145052908533e+29,1.5991450411447955e+29,1.59914503734611e+29,1.599145050966255e+29,1.5991450486194965e+29,1.5991450505100665e+29,1.599145054144973e+29,1.599145054144973e+29,1.599145054144973e+29,1.599145054144973e+29,1.599145054144973e+29,1.599145051623663e+29,1.599145040790684e+29,1.5991450479335406e+29,1.5991450424239568e+29,1.5991450540922265e+29,1.5991450064768467e+29,1.599145054144973e+29,1.5991450415532594e+29,1.599145052841776e+29,1.5991450539424494e+29,1.5991449062045454e+29,1.5991450541449728e+29,1.599145054144973e+29,1.599145054144973e+29,1.5991450516738262e+29,1.5825441443121931e+29,1.599145054144973e+29,1.5991450529313867e+29,1.599145054144973e+29,1.599145054144973e+29,1.599145054144973e+29,1.599145054144973e+29,1.5991450505433576e+29,1.599145051646779e+29,1.5991450539331414e+29,1.5991450530975594e+29,1.5991450517119566e+29,1.5991450541449693e+29,0.0,1.5991450516608235e+29,1.599145053445673e+29,1.599145053749243e+29,1.5991450449907736e+29,1.5991449607201158e+29,1.5991449792937104e+29,1.5991450509702383e+29,1.599145052918279e+29,1.5991450538371655e+29,1.599145052276378e+29,1.59914504979836e+29,1.5991450540165938e+29,1.599145049328216e+29,1.5991450446239096e+29,1.599145052932338e+29,1.5991450428767526e+29,1.5991450528394285e+29,1.599145053039056e+29,1.5991450527438808e+29,1.5991450493218435e+29,1.5991450540730278e+29,1.599145048237744e+29,1.5991450524601086e+29,1.59914504310482e+29,1.599145040540624e+29,1.599145053660791e+29,1.5991450452085536e+29,1.5991450384608852e+29,1.5991450533900323e+29,1.599144715663235e+29,1.5991450507126155e+29,1.5991450531423343e+29,1.5991450456647746e+29,1.599145054050155e+29,1.5991450537079565e+29,1.5991450522692707e+29,1.599145048622438e+29,1.599145052926456e+29,1.5991450429664383e+29,1.599145050678784e+29,1.5991450539461635e+29,1.5991449467207245e+29,1.599145050797268e+29,1.5991450454796407e+29,1.5991450537259786e+29,1.599145049775813e+29,1.5991450235885996e+29,1.5991450394308096e+29,1.5991450456839075e+29,1.5991450535433615e+29,1.5991450537314913e+29,1.5991450118844573e+29,1.599145051110843e+29,1.5991449561150863e+29,1.599145023542429e+29,1.5991450427352294e+29,1.5991450531493096e+29,1.599145054102392e+29,1.5991450427531344e+29,1.599145053661069e+29,1.5991450196681137e+29,1.599145054144973e+29,1.599145054144973e+29,1.599145054144973e+29,1.5991450504604516e+29,1.599145054144973e+29,1.5991450458333432e+29,1.5991447678617156e+29,1.599145054144973e+29,1.5991450532835373e+29,1.5991450368732397e+29,1.599145054144973e+29,1.599145038095123e+29,1.5991450114119917e+29,1.5991450370368305e+29,1.599144956470858e+29,1.599144993873459e+29,1.5991450420232698e+29,1.59914503503167e+29,1.5991450541449552e+29,1.5991450507591947e+29,1.599145054144973e+29,1.59914505235679e+29,1.5991437485513958e+29,1.599145048634323e+29,1.5991450541436108e+29,1.599145049884776e+29
Hungatella effluvii,2.0050823747951886e+20,1.7014822084666317e+20,1.5205683557303697e+20,7.2761251890150375e+19,3.78988897226821e+21,1.2506582680878904e+20,1.0538427694411823e+21,1.4341117583761956e+21,6.964697580023661e+19,3.048420710894603e+20,1.1532689122966202e+20,2.4907943383059956e+20,2.4907943363326925e+20,2.4907943692261927e+20,2.490794337644952e+20,2.4907943638630557e+20,3.7169633496519393e+18,1.0892138021784665e+21,3.735499389550469e+20,9.254976451620172e+20,2.4378354977157743e+20,4.5254840058826693e+21,2.490794370186896e+20,1.0126676258020831e+21,1.1839124782972767e+20,2.2875561845521154e+20,1.456659009901249e+22,2.4907941896496972e+20,2.4907943405572178e+20,2.4907943646610437e+20,1.6245327374075407e+18,1.6602092998764944e+27,2.490794369758486e+20,1.2737064934826528e+20,2.490794370325651e+20,2.4907943640489735e+20,2.4907942152354218e+20,2.4907943452126462e+20,1.1202267293412239e+20,1.4387936983724518e+18,2.278202632978822e+20,1.4401413084073655e+20,5.167484677626714e+18,2.490790869730181e+20,1.5991450516608235e+29,0.0,1.789232292515451e+20,2.093710296439869e+20,6.683291190002304e+20,9.108301956111528e+21,7.247476928014486e+21,6.924609206232048e+19,1.2603366923598412e+20,2.181912382816084e+20,6.171190711794263e+19,1.866122333527711e+20,2.3619307221091284e+20,2.3375329588697576e+20,7.050437806707858e+20,1.2745364819821624e+20,8.802077839013861e+20,1.1813330621138548e+20,1.3815130359880281e+20,1.0855803098069821e+20,2.343514877520349e+20,2.4185449606130932e+20,3.43054122048411e+20,8.014149475318972e+19,8.573731929087636e+20,1.1142828121920475e+21,2.0049362185174014e+20,6.464986238006248e+20,1.3225319778281618e+21,1.7335089129335194e+20,3.3641262458360283e+22,9.514069085146394e+19,1.485088921823929e+20,6.008521952573802e+20,2.3956063694332664e+20,2.0523550026683318e+20,6.095953355121238e+19,3.0453288070877466e+20,1.2686638155720008e+20,8.713579792486076e+20,9.838628417906559e+19,2.2912258173391025e+20,1.050989121916912e+22,8.651251023136784e+19,6.194435962443018e+20,2.0703863101067153e+20,1.889077364446344e+20,2.812323186050404e+21,1.2255709147396348e+21,5.990110328586307e+20,1.8871439716649743e+20,2.0758574296008026e+20,3.983994196518707e+21,5.51052440039832e+19,9.56806757053962e+21,2.8165114622360824e+21,8.942085655735003e+20,1.4920497078626494e+20,2.448035820080732e+20,8.924785332837624e+20,2.005301027837293e+20,3.2046661680982534e+21,2.4907943699742294e+20,2.4907943567590185e+20,2.4907943703784276e+20,1.2028886501080547e+20,2.490794245481297e+20,5.840173253759419e+20,2.8417637783653256e+22,2.49079437037299e+20,1.6265047874166437e+20,1.4814333002069157e+21,2.4907943692973326e+20,1.3590890689514958e+21,4.032021976281611e+21,1.4650670437559844e+21,9.534336841089557e+21,5.788182828298878e+21,9.658312952641356e+20,1.6661984111558847e+21,2.4907765895194912e+20,9.03929895985681e+19,2.4907943703110376e+20,6.972471751012464e+19,1.3044748945608863e+23,3.0342153154597906e+20,2.4894240081146446e+20,1.7802021821692648e+20
Bacteroides uniformis,2.158520496478885e+19,3.4907143278598534e+20,2.6866447656319046e+19,1.061620791714856e+20,3.9688005261833305e+21,5.3857771291846975e+19,1.2327642343718666e+21,1.6130280569385554e+21,2.485698182251028e+20,4.8376512314278275e+20,2.942495612263998e+20,7.015918936170365e+19,7.0159189164261e+19,7.015919245685839e+19,7.015918929537192e+19,7.015919191990903e+19,1.8262489314859516e+20,1.2681338318118042e+21,5.524723518980801e+20,1.1044167105677715e+21,6.486270719415687e+19,4.7043902110050843e+21,7.015919255305876e+19,1.191585261684353e+21,6.053207220499166e+19,4.983406767175027e+19,1.4745489610486864e+22,7.0159174483604546e+19,7.0159189587091235e+19,7.015919199983537e+19,1.7769713200093626e+20,1.6602094784973838e+27,7.01591925101634e+19,5.1552595299065094e+19,7.015919256695349e+19,7.0159191938557624e+19,7.0159177043936395e+19,7.015919005304631e+19,2.9094590033325333e+20,1.8030293166330583e+20,4.889852122930597e+19,3.490965912235268e+19,1.737707175554621e+20,7.015884226461153e+19,1.599145053445673e+29,1.789232292515451e+20,0.0,3.0448550203107594e+19,8.472488299791592e+20,9.287207678595325e+21,7.426379118047449e+21,2.481689909577923e+20,5.289077768830741e+19,3.9269082308872815e+19,1.1721139173740975e+20,3.6553296745335685e+20,5.727169715844843e+19,4.1267521448802746e+20,8.839623571707197e+20,5.146986684221945e+19,1.0591282982862767e+21,6.079065119447029e+19,4.077228315845396e+19,7.036565804282688e+19,4.1327162764594066e+20,6.2933291037151896e+19,5.2197638902710764e+20,9.878235379726723e+19,1.0362940194788658e+21,1.293203003549228e+21,2.157053208067941e+19,8.25418129379857e+20,1.5014500896768566e+21,5.572891696418055e+18,3.3820148787108697e+22,2.7405939710932897e+20,3.041448407796567e+19,7.797732850533697e+20,6.0639432917898215e+19,2.631353890885818e+19,1.1796716871017565e+20,4.834557666461671e+20,5.2057012072457994e+19,1.0502802332351756e+21,2.7730686187869536e+20,5.020052174238456e+19,1.0688794514649111e+22,2.6543295290695598e+20,7.983653643904578e+20,2.8116194702007783e+19,3.678300833075719e+20,2.99123835632137e+21,1.4044919931262536e+21,7.77933356038614e+20,9.791195220887902e+18,2.866284881925775e+19,4.1629017494839466e+21,2.3402724346148222e+20,9.746965651679464e+21,2.9954217057176005e+21,1.0731253703065892e+21,2.9718610229937648e+19,6.588279120787924e+19,1.0713968532172121e+21,2.160773105982177e+19,3.3835772053020454e+21,7.015919253176348e+19,7.015919120883651e+19,7.015919257223927e+19,2.992110780462119e+20,7.015918007125133e+19,7.62939419626523e+20,2.859653056905472e+22,7.015919257169442e+19,1.6275414731184112e+19,1.6603486688724538e+21,7.0159192463988105e+19,1.5380057058387063e+21,4.210935740074863e+21,1.6439828189041069e+21,9.713244541952385e+21,5.967091634027483e+21,1.1447530383223887e+21,1.8451174115077928e+21,7.015741344095749e+19,2.6931616215662133e+20,7.015919256549051e+19,1.0920359959888383e+20,1.3062635999147645e+23,4.8234466138320667e+20,7.002211090649624e+19,3.5694332234448463e+20
Bacteroides caccae,8.86369523610312e+18,3.795191096081366e+20,5.731436202032517e+19,1.3660977965954274e+20,3.99924376274644e+21,8.430612477575332e+19,1.2632107517684458e+21,1.643472834334766e+21,2.790177969803467e+20,5.1421258716580413e+20,3.24696954669468e+20,3.9710930734796505e+19,3.9710930537320145e+19,3.971093383092515e+19,3.9710930668391965e+19,3.971093329377705e+19,2.130722767557359e+20,1.298579817570383e+21,5.829194374207296e+20,1.1348624244402466e+21,3.441432535835028e+19,4.734832014114149e+21,3.971093392716636e+19,1.2220305248756255e+21,9.097980191589563e+19,1.9385629153037054e+19,1.4775929574534926e+22,3.9710915852858835e+19,3.971093096026706e+19,3.971093337374367e+19,2.081456483127231e+20,1.6602095088802062e+27,3.971093388425397e+19,8.200049528249092e+19,3.971093394106714e+19,3.971093331244382e+19,3.971091841372601e+19,3.971093142634936e+19,3.213936745478565e+20,2.107502146504809e+20,1.8450030042617668e+19,6.535815822694953e+19,2.042180183074064e+20,3.971058356479839e+19,1.599145053749243e+29,2.093710296439869e+20,3.0448550203107594e+19,0.0,8.776948347323267e+20,9.317649251263278e+21,7.456819828340313e+21,2.7861695455371015e+20,8.333929309868245e+19,8.820554383658869e+18,1.476591230775116e+20,3.959797025325449e+20,2.6823235894571508e+19,4.431222098777737e+20,9.144080097427397e+20,8.191819856313388e+19,1.0895744941453621e+21,9.123906886674809e+19,7.1220699956832166e+19,1.0081396588081568e+20,4.437181303836492e+20,3.248482947897245e+19,5.524234279001458e+20,1.2922974923921292e+20,1.0667403303999975e+21,1.323649039957525e+21,8.878548192260654e+18,8.558640820777973e+20,1.531895420211857e+21,3.602035652251887e+19,3.3850585544604978e+22,3.045077886862457e+20,6.086286197388129e+19,8.102197660039036e+20,3.0190989149859865e+19,4.135838897294162e+18,1.4841560165328136e+20,5.139031187690442e+20,8.250527428082008e+19,1.08072712148348e+21,3.077538018446591e+20,1.975197221333181e+19,1.0719235453506764e+22,2.95879916683836e+20,8.288120911123774e+20,2.332399129067843e+18,3.982772715622895e+20,3.021682656195621e+21,1.4349383358493567e+21,8.083803265649649e+20,2.0658078540223898e+19,1.7870891717455468e+18,4.193343923420738e+21,2.6447460568768142e+20,9.77740531302047e+21,3.0258646578381267e+21,1.103570442971701e+21,6.016708588448757e+19,3.543441406921066e+19,1.1018423541887036e+21,8.840945158786552e+18,3.414020336372401e+21,3.971093390586208e+19,3.971093258249749e+19,3.9710933946355474e+19,3.2965832045618174e+20,3.971092144188369e+19,7.93386291325817e+20,2.862696885569752e+22,3.971093394581029e+19,4.672346995557723e+19,1.690793176073439e+21,3.9710933838059856e+19,1.568450594847855e+21,4.241379578575762e+21,1.6744274425591966e+21,9.74368662492202e+21,5.997534067274362e+21,1.1751996831836204e+21,1.8755629737801404e+21,3.970915450041606e+19,2.997640169247855e+20,3.971093393960363e+19,1.396521206097923e+20,1.3065679311077279e+23,5.127925578982278e+20,3.957383945998511e+19,3.8739087648211134e+20
Bacteroides cellulosilyticus,8.688329635995129e+20,4.981856204510678e+20,8.203825747198447e+20,7.410880839161695e+20,3.121568549993038e+21,7.9339321710655e+20,3.855183067948522e+20,7.657858750658549e+20,5.986868367692948e+20,3.634948846852255e+20,5.5300288335796955e+20,9.173992505745753e+20,9.173992503773619e+20,9.173992536634707e+20,9.173992505086881e+20,9.173992531277851e+20,6.646255358669101e+20,4.20885002782598e+20,2.9478403866191305e+20,2.571687107561609e+20,9.121042226998635e+20,3.857174121461594e+21,9.173992537594133e+20,3.443407666432189e+20,7.867173224725576e+20,8.970777088068135e+20,1.389829141410453e+22,9.173992357215201e+20,9.173992507994349e+20,9.173992532074596e+20,6.695666856472027e+20,1.66020863241947e+27,9.173992537166259e+20,7.95696899175842e+20,9.1739925377327e+20,9.173992531463225e+20,9.173992382782917e+20,9.173992512645637e+20,5.5631002085232044e+20,6.669471440360234e+20,8.961425783336804e+20,8.123412372729094e+20,6.734793324491867e+20,9.17398903962042e+20,1.5991450449907736e+29,6.683291190002304e+20,8.472488299791592e+20,8.776948347323267e+20,0.0,8.439990838356242e+21,6.579174175114812e+21,5.990874455711956e+20,7.943616308203698e+20,8.865143730641698e+20,7.300390911694555e+20,4.817168998801815e+20,9.045146406016124e+20,4.345765243493627e+20,3.6721262048471065e+19,7.957808882600787e+20,2.118801038247901e+20,7.86461162821212e+20,8.064783786929084e+20,7.768858698230622e+20,4.339777310113305e+20,9.101756234634054e+20,3.252782013696431e+20,7.48467049028135e+20,1.890468909533549e+20,4.459542052393511e+20,8.688184373763106e+20,2.1831014597928497e+19,6.542035313441693e+20,8.416761320526048e+20,3.2972993680305356e+22,5.7320872013981306e+20,8.168354593657434e+20,6.748352819139335e+19,9.078818747506953e+20,8.735590685041377e+20,7.292885794979746e+20,3.638021383029523e+20,7.95193456057857e+20,2.0304579099127343e+20,5.699430845260844e+20,8.974451646882821e+20,9.84158490057292e+21,5.8181697516514135e+20,4.891140914393084e+19,8.753624902614353e+20,4.794223271996007e+20,2.1439973284670074e+21,5.572442084751811e+20,6.9352133356761555e+19,8.570399769463502e+20,8.759100684352027e+20,3.315681889850738e+21,6.13223885236584e+20,8.899773392545485e+21,2.1481949498828681e+21,2.2588598144106063e+20,8.175317634591839e+20,9.131241519176053e+20,2.2415089703115165e+20,8.688541904202615e+20,2.5363473311103645e+21,9.173992537381747e+20,9.173992524180509e+20,9.173992537785397e+20,5.4804047764437395e+20,9.173992413001419e+20,8.433248156376895e+19,2.774935349205017e+22,9.17399253777997e+20,8.30977735589051e+20,8.131091709527765e+20,9.173992536705696e+20,6.907627698939535e+20,3.363697628164115e+21,7.967421061601872e+20,8.866021702556951e+21,5.119866556994117e+21,2.9750964299382476e+20,9.978693090969977e+20,9.173974767772588e+20,5.779398473135078e+20,9.173992537718102e+20,7.380536572131777e+20,1.2977926001799134e+23,3.649271366628138e+20,9.172622681279138e+20,4.903124207165827e+20
Bacteroides timonensis,9.308789248862875e+21,8.938169527955881e+21,9.260343173495251e+21,9.18105463328648e+21,5.318432230605608e+21,9.233357686251868e+21,8.054510975268615e+21,7.6742097362534e+21,9.038666415616145e+21,8.803483948509479e+21,8.992981060443074e+21,9.357345568950647e+21,9.357345568753599e+21,9.357345572035347e+21,9.35734556888504e+21,9.357345571500498e+21,9.104596176619424e+21,8.019124573322934e+21,8.7347732950122e+21,8.182827249892667e+21,9.352052044487939e+21,4.5828179672566417e+21,9.35734557213112e+21,8.095651871465385e+21,9.226680325672083e+21,9.33702848570013e+21,5.458350041161716e+21,9.357345554114675e+21,9.357345569175158e+21,9.357345571580008e+21,9.109546161205965e+21,1.6602002004038635e+27,9.357345572088404e+21,9.235659602656037e+21,9.357345572144953e+21,9.357345571518965e+21,9.357345556668965e+21,9.357345569639726e+21,8.996290965915199e+21,9.106917079754411e+21,9.336093720627519e+21,9.252304302519987e+21,9.113448926544524e+21,9.357345222675575e+21,1.5991449607201158e+29,9.108301956111528e+21,9.287207678595325e+21,9.317649251263278e+21,8.439990838356242e+21,0.0,1.8608596961991246e+21,9.039066867030286e+21,9.234327062186434e+21,9.326467284112064e+21,9.170006650130435e+21,8.921694043894472e+21,9.344464193850473e+21,8.874558463738161e+21,8.403272166422981e+21,9.23574499936453e+21,8.228126004340708e+21,9.226426753177737e+21,9.246441688650768e+21,9.216851870566513e+21,8.873955276857805e+21,9.350124181725669e+21,8.765265945295169e+21,9.188431909673276e+21,8.250962379920017e+21,7.994058244117093e+21,9.308774854792143e+21,8.461819593228303e+21,7.785798457353468e+21,9.281634787792962e+21,2.4533203570080663e+22,9.013194238399569e+21,9.256797441978599e+21,8.507473300869124e+21,9.347830747076755e+21,9.313513429653691e+21,9.169260584284021e+21,8.803790483798757e+21,9.235157341607759e+21,8.236997100607087e+21,9.009916909732419e+21,9.337396579135734e+21,1.4016186804654844e+21,9.021790273085695e+21,8.488888591386779e+21,9.315317132627326e+21,8.919403376580571e+21,6.296017042093516e+21,7.882786834401597e+21,8.509326261469753e+21,9.296998233924281e+21,9.315865336325134e+21,5.12430901059251e+21,9.053197878636163e+21,4.605064190791258e+20,6.29179639361594e+21,8.214105018256504e+21,9.257494057924028e+21,9.353071763338923e+21,8.215841289583558e+21,9.30880956657593e+21,5.903647008089871e+21,9.35734557210992e+21,9.357345570791668e+21,9.357345572150211e+21,8.988017823059039e+21,9.357345559687115e+21,8.524316174694153e+21,1.930946442440524e+22,9.35734557214967e+21,9.2709401479767e+21,7.626884278319519e+21,9.357345572042426e+21,7.749232809975934e+21,5.076327226657832e+21,7.643252250514647e+21,4.261047260847463e+20,3.3201312097434033e+21,8.142521367115912e+21,7.442151961439521e+21,9.357343796661861e+21,9.017919931790731e+21,9.357345572143495e+21,9.178025909788876e+21,1.2133969315652217e+23,8.804917896515928e+21,9.357208661355117e+21,8.930295812131529e+21
Bacteroides stercoris,7.447960159882117e+21,7.077348035015936e+21,7.399515056677466e+21,7.320228000080122e+21,3.457646322102264e+21,7.372530374132514e+21,6.193705023987116e+21,5.813399416558618e+21,7.17784325323204e+21,6.942664942401592e+21,7.13215782660333e+21,7.496514762692829e+21,7.496514762495802e+21,7.496514765776955e+21,7.496514762627258e+21,7.49651476524222e+21,7.24377075067237e+21,6.15831586436476e+21,6.873954642929928e+21,6.32201384314176e+21,7.491221473532327e+21,2.722005747413883e+21,7.496514765872705e+21,6.234837707823991e+21,7.36585280868419e+21,7.476198417652578e+21,7.319118489512467e+21,7.49651474785921e+21,7.496514762917291e+21,7.496514765321709e+21,7.248722606302901e+21,1.6602020589865825e+27,7.496514765829998e+21,7.374831980507063e+21,7.496514765886533e+21,7.496514765260677e+21,7.496514750413157e+21,7.496514763381783e+21,7.135468369334037e+21,7.246091509936265e+21,7.475263709804465e+21,7.391476638103882e+21,7.252623253892533e+21,7.496514416464619e+21,1.5991449792937104e+29,7.247476928014486e+21,7.426379118047449e+21,7.456819828340313e+21,6.579174175114812e+21,1.8608596961991246e+21,0.0,7.178243664197593e+21,7.37349991019377e+21,7.465637586375517e+21,7.309180262427283e+21,7.06087102990396e+21,7.483633908009724e+21,7.013736791123131e+21,6.542454816813763e+21,7.374917611835973e+21,6.367314176064711e+21,7.365599676353512e+21,7.385614100889655e+21,7.35602492315247e+21,7.013132659121355e+21,7.489293723013087e+21,6.904446527351335e+21,7.327604941302748e+21,6.390150681023903e+21,6.133250400851915e+21,7.447945785863783e+21,6.601002368026209e+21,5.924990031285685e+21,7.420806231904389e+21,2.639389376348056e+22,7.152372922392611e+21,7.39596957093333e+21,6.646657183376636e+21,7.487000346057843e+21,7.4526840248788e+21,7.30843503679756e+21,6.942971138685645e+21,7.374329919512087e+21,6.376189062818772e+21,7.149092678159462e+21,7.47656659827515e+21,3.2624168693005665e+21,7.160965865285534e+21,6.628073833724407e+21,7.454487757682948e+21,7.058581230093469e+21,4.435229330146773e+21,6.0219838712779e+21,6.648512105711803e+21,7.436169520355297e+21,7.455036050477e+21,3.2635002931189787e+21,7.192373410207322e+21,2.32061988011262e+21,4.4309875899794546e+21,6.353288227792573e+21,7.396666233868064e+21,7.492241157421919e+21,6.355026320050312e+21,7.447980341346373e+21,4.042846522086747e+21,7.496514765851509e+21,7.496514764533513e+21,7.496514765891791e+21,7.127194437581367e+21,7.496514753430798e+21,6.663501260650572e+21,2.1170204118628428e+22,7.49651476589125e+21,7.41011226165799e+21,5.766072829818408e+21,7.496514765784031e+21,5.888422035799435e+21,3.2155690999497826e+21,5.782441355333203e+21,2.286934765668915e+21,1.459393638794295e+21,6.281714113298172e+21,5.581352843890066e+21,7.496512990615036e+21,7.157097004475453e+21,7.496514765885076e+21,7.317200362458394e+21,1.232003072818442e+23,6.944100352235859e+21,7.496377865896231e+21,7.069474211361301e+21
Bacteroides sp900552405,2.6975407388695095e+20,1.0090319035556754e+20,2.2130266677566793e+20,1.4200724599828606e+20,3.7206511620783473e+21,1.943113684413972e+20,9.845993161410891e+20,1.364871785316517e+21,4.014228710410644e+17,2.355972895398149e+20,4.608584228222125e+19,3.18325516829842e+20,3.183255166325099e+20,3.1832551992191405e+20,3.183255167637338e+20,3.1832551938558984e+20,6.554696229592852e+19,1.019971472775638e+21,3.043061175843407e+20,8.562561534740073e+20,3.130296160879623e+20,4.456248927087404e+21,3.183255200179866e+20,9.434270761624268e+20,1.876371539276001e+20,2.9800164095545154e+20,1.449735794286371e+22,3.183255019640035e+20,3.1832551705496866e+20,3.183255194653907e+20,7.0479563253774655e+19,1.6602092307624348e+27,3.183255199751446e+20,1.9661648605517162e+20,3.183255200318624e+20,3.1832551940418254e+20,3.1832550452260556e+20,3.183255175205184e+20,4.277763421179784e+19,6.786962057440154e+19,2.9706627399457394e+20,2.13259668363711e+20,7.440132329097282e+19,3.1832516996823384e+20,1.5991450509702383e+29,6.924609206232048e+19,2.481689909577923e+20,2.7861695455371015e+20,5.990874455711956e+20,9.039066867030286e+21,7.178243664197593e+21,0.0,1.9527894946066616e+20,2.8743720663784574e+20,1.3095790332130923e+20,1.1737283450332504e+20,3.054391119182649e+20,1.645109455632143e+20,6.358029532007595e+20,1.966992291713623e+20,8.109652116518168e+20,1.8737869307245747e+20,2.0739688104438406e+20,1.7780349231425624e+20,1.6511182608834612e+20,3.1110054842770326e+20,2.738105891174812e+20,1.4938757712148398e+20,7.88130381264701e+20,1.0450403477037381e+21,2.697394456228791e+20,5.772571597449214e+20,1.2532908814111888e+21,2.4259673129859937e+20,3.3572036342075024e+22,2.5903641044494172e+19,2.1775456416863722e+20,5.31609419827397e+20,3.0880668725460874e+20,2.744814564994786e+20,1.3020317145362078e+20,2.3528845845749786e+20,1.96112018906055e+20,8.021138698767337e+20,2.9159265861255287e+19,2.983685729824357e+20,1.0440657297308746e+22,1.7297591457010072e+19,5.5020014012419316e+20,2.7628455549126905e+20,1.1966515806494356e+20,2.7430834893963023e+21,1.1563277189678183e+21,5.2976700541035315e+20,2.5796013043754664e+20,2.768316137464633e+20,3.914758485878493e+21,1.4157994489215494e+19,9.498836213329746e+21,2.747274523640213e+21,8.249687362153196e+20,2.184505791589592e+20,3.140496505638303e+20,8.232376245044439e+20,2.6977601788729144e+20,3.1354287202279117e+21,3.1832551999671946e+20,3.1832551867517495e+20,3.183255200371402e+20,5.1049310862582e+19,3.183255075472387e+20,5.147735662360781e+20,2.8348408700489213e+22,3.183255200365964e+20,2.318958721208678e+20,1.412193884409037e+21,3.183255199290283e+20,1.2898489226692335e+21,3.9627829336003654e+21,1.3958273835729614e+21,9.465100746907166e+21,5.718946306288737e+21,8.965876337741271e+20,1.5969565873714396e+21,3.1832374193357075e+20,2.1147656120751317e+19,3.1832552003040104e+20,1.3896784006493887e+20,1.3037827036183478e+23,2.3417567863216652e+20,3.181884829982212e+20,1.0877572431325623e+20
Bacteroides intestinalis_A,7.447597198401089e+19,2.961817774393715e+20,2.6025883291312075e+19,5.327358201057534e+19,3.9159173641489387e+21,9.769080889546043e+17,1.17987611039718e+21,1.560142632794252e+21,1.956797496383635e+20,4.308757230648082e+20,2.413604827701367e+20,1.2304956113954657e+20,1.2304956094213474e+20,1.2304956423382666e+20,1.2304956107327924e+20,1.230495636970552e+20,1.2973624235886433e+20,1.2152465383671488e+21,4.995835302635128e+20,1.0515298920308516e+21,1.1775321320880995e+20,4.6515093161413763e+21,1.2304956432999057e+20,1.1386991487518413e+21,7.651859075204327e+18,1.0272468043896861e+20,1.4692611533288421e+22,1.230495462649105e+20,1.230495613648599e+20,1.230495637769457e+20,1.2480635736863405e+20,1.6602094257142857e+27,1.2304956428711043e+20,1.3786020946064748e+18,1.230495643438799e+20,1.2304956371568773e+20,1.2304954882475657e+20,1.2304956183070034e+20,2.3805613875720487e+20,1.2741452937682721e+20,1.0178917636864836e+20,1.7981137768529646e+19,1.2088232705672022e+20,1.230492141085938e+20,1.599145052918279e+29,1.2603366923598412e+20,5.289077768830741e+19,8.333929309868245e+19,7.943616308203698e+20,9.234327062186434e+21,7.37349991019377e+21,1.9527894946066616e+20,0.0,9.21597912516423e+19,6.432254803292557e+19,3.12644961334913e+20,1.1016230152379218e+20,3.597866672470373e+20,8.310757212729006e+20,1.4288529733174848e+18,1.006240717047924e+21,7.900474316663985e+18,1.2118855907449442e+19,1.7475763385736067e+19,3.603839555343377e+20,1.15823879355352e+20,4.690876645634924e+20,4.5895278431834554e+19,9.834062604402274e+20,1.2403156250587565e+21,7.44612823579499e+19,7.725310261992101e+20,1.4485637973997396e+21,4.731907889469301e+19,3.37672758412205e+22,2.2116869371730942e+20,2.247658683210061e+19,7.268853368478427e+20,1.1353001068701498e+20,7.920411258092205e+19,6.507646195195148e+19,4.305665494600347e+20,8.546573373735846e+17,9.973915641307563e+20,2.244186944488272e+20,1.0309124639000825e+20,1.0635914899344394e+22,2.1254477992635672e+20,7.45477012026122e+20,8.10069202067492e+19,3.149412553205294e+20,2.938353552492775e+21,1.351604116256375e+21,7.250446220286215e+20,6.268170065465937e+19,8.155362422478837e+19,4.1100202810028243e+21,1.8113838457006824e+20,9.694088100973663e+21,2.9425390557284176e+21,1.020239609229044e+21,2.3172220652699107e+19,1.1877328890050591e+20,1.018510390860931e+21,7.449840162824112e+19,3.3306942412214386e+21,1.2304956430870331e+20,1.2304956298616896e+20,1.230495643491634e+20,2.4632227071445395e+20,1.2304955185131263e+20,7.100508477321419e+20,2.8543655155276578e+22,1.2304956434861885e+20,3.6616932846354215e+19,1.6074636720615745e+21,1.2304956424095195e+20,1.485120115935129e+21,4.1580516130780495e+21,1.59109763702328e+21,9.66036310795483e+21,5.914209692948588e+21,1.091864730348166e+21,1.79223070428252e+21,1.2304778550490762e+20,2.164262859426883e+20,1.2304956434241736e+20,5.6312827599705465e+19,1.3057349293384394e+23,4.2945458509877536e+20,1.2291249475087568e+20,3.040538684107424e+20
Bacteroides xylanisolvens,1.7684195876349114e+19,3.8833924879740515e+20,6.613473039649968e+19,1.454299881806117e+20,4.008062346723435e+21,9.312656167689668e+19,1.272030451951619e+21,1.6522919443354346e+21,2.8783805445375125e+20,5.230326410882454e+20,3.335170037104548e+20,3.089043679164023e+19,3.0890436594151748e+19,3.0890439888123044e+19,3.0890436725208986e+19,3.0890439350902546e+19,2.218923503319866e+20,1.3073993363310888e+21,5.917393557641484e+20,1.1436818563868855e+21,2.559379502312135e+19,4.743650130573097e+21,3.0890439984379163e+19,1.2308498049293497e+21,9.980006311672504e+19,1.0565100710295087e+19,1.4784747086572882e+22,3.089042190831059e+19,3.089043701714102e+19,3.0890439430883865e+19,2.1696613734947776e+20,1.66020951768022e+27,3.0890439941460554e+19,9.082081152972302e+19,3.0890439998282146e+19,3.0890439369575965e+19,3.0890424469371163e+19,3.089043748326949e+19,3.3021385417524314e+20,2.1957025778938715e+20,9.6294792683521e+18,7.417865379220827e+19,2.1303806969443094e+20,3.0890089595303514e+19,1.5991450538371655e+29,2.181912382816084e+20,3.9269082308872815e+19,8.820554383658869e+18,8.865143730641698e+20,9.326467284112064e+21,7.465637586375517e+21,2.8743720663784574e+20,9.21597912516423e+19,0.0,1.5647933394809514e+20,4.04799523163903e+20,1.8002687827559516e+19,4.519421097275482e+20,9.232274298132474e+20,9.07386301068122e+19,1.0983940888394122e+21,1.0005952432731564e+20,8.00411642733473e+19,1.0963437981708252e+20,4.5253786810162774e+20,2.366427905011556e+19,5.612433323993486e+20,1.3804987699256189e+20,1.0755599646382003e+21,1.3324685752775714e+21,1.769900486537257e+19,8.646836041697358e+20,1.540714715175207e+21,4.484078871446871e+19,3.385940203304371e+22,3.1332820802400217e+20,6.968332274987254e+19,8.190394667937306e+20,2.13704436764341e+19,1.2955763561536047e+19,1.5723605090538406e+20,5.2272313362188553e+20,9.132568492903855e+19,1.0895469534701738e+21,3.1657370620038644e+20,1.093145699828029e+19,1.072805328083803e+22,3.046998316310428e+20,8.37631874538603e+20,1.1152887970795508e+19,4.0709724132143746e+20,3.0305015938851605e+21,1.4437579732929445e+21,8.172001945680537e+20,2.947861803295788e+19,1.0606697363836058e+19,4.202162161805052e+21,2.7329465667052388e+20,9.786222732252421e+21,3.034683155140623e+21,1.1123896645019261e+21,6.898757539790276e+19,2.6613884259650937e+19,1.1106617166156827e+21,1.7661389823312425e+19,3.422838889038767e+21,3.0890439963071603e+19,3.0890438639547752e+19,3.0890440003571413e+19,3.3847831849307007e+20,3.0890427497834803e+19,8.02206125796617e+20,2.863578582916107e+22,3.08904400030261e+19,5.5544021881254e+19,1.6996121964749864e+21,3.0890439895259587e+19,1.5772697430562416e+21,4.2501983586463425e+21,1.683246501458852e+21,9.752504822447592e+21,6.006352383694992e+21,1.1840194289101955e+21,1.8843823410019733e+21,3.0888660444407755e+19,3.085842275743527e+20,3.089043999681845e+19,1.484726158496326e+20,1.3066560845253352e+23,5.216127683946246e+20,3.0753341033570554e+19,3.9621097204753465e+20
Bacteroides eggerthii,1.3879635405475167e+20,2.3186005093077205e+20,9.034496953109093e+19,1.104934597771887e+19,3.851595822199779e+21,6.3354315166914404e+19,1.1155536206428144e+21,1.4958203726733745e+21,1.313587624828832e+20,3.665537490356607e+20,1.7703825288705507e+20,1.8736766713296372e+20,1.8736766693562424e+20,1.8736767022523495e+20,1.8736766706684143e+20,1.8736766968887047e+20,6.541374644092997e+19,1.1509239920683391e+21,4.3526121306322364e+20,9.872073787697504e+20,1.8207172938263763e+20,4.5871888054405337e+21,1.8736767032131564e+20,1.0743767438111021e+21,5.667935657712682e+19,1.6704373881767248e+20,1.4628292491182139e+22,1.8736765226632813e+20,1.8736766735810714e+20,1.873676697686794e+20,6.0493278076989645e+19,1.660209361479725e+27,1.873676702784703e+20,6.565879656501203e+19,1.8736767033519266e+20,1.873676697074667e+20,1.873676548250435e+20,1.8736766782368317e+20,1.7373456061154217e+20,6.309198608555038e+19,1.661083753840263e+20,8.2302547326041e+19,5.655978063688977e+19,1.8736732025593348e+20,1.599145052276378e+29,6.171190711794263e+19,1.1721139173740975e+20,1.476591230775116e+20,7.300390911694555e+20,9.170006650130435e+21,7.309180262427283e+21,1.3095790332130923e+20,6.432254803292557e+19,1.5647933394809514e+20,0.0,2.4832242271613642e+20,1.744812090998407e+20,2.9546423372047365e+20,7.667532387767238e+20,6.57420718390881e+19,9.419181719017305e+20,5.642208657309821e+19,7.643969186486408e+19,4.684678499488571e+19,2.960614079996517e+20,1.8014264970186126e+20,4.0476530531198095e+20,1.8429977999285862e+19,9.190837244034397e+20,1.1759930776640346e+21,1.3878174369708039e+20,7.082084932079776e+20,1.3842413493333918e+21,1.1163901256893427e+20,3.3702960024018238e+22,1.568503935891972e+20,8.679715529957841e+19,6.625628135815368e+20,1.778487875432954e+20,1.4352359394385383e+20,9.661786484949581e+17,3.6624443964646706e+20,6.515473535398229e+19,9.330692112140417e+20,1.6009615781629605e+20,1.6741068421836915e+20,1.0571595006881917e+22,1.4822224157140232e+20,6.811545582439431e+20,1.4532672451961876e+20,2.5061891471543674e+20,2.874031437091937e+21,1.287281594172526e+21,6.607222840423467e+20,1.2700257251953272e+20,1.4587384666437891e+20,4.045699495722008e+21,1.1681600946288855e+20,9.629769391897768e+21,2.8782177514375243e+21,9.559172910354221e+20,8.749329584026657e+19,1.830917668573246e+20,9.541879270136212e+20,1.388181974465689e+20,3.2663727916635484e+21,1.8736767030004672e+20,1.8736766897841298e+20,1.87367670340471e+20,1.8199990221086556e+20,1.873676578498505e+20,6.45728452514579e+20,2.8479337716830966e+22,1.873676703399271e+20,1.0093900186090675e+20,1.5431415318159467e+21,1.873676702323502e+20,1.4207978158546116e+21,4.0937297036723366e+21,1.5267754427509918e+21,9.59604229057877e+21,5.849888658997768e+21,1.0275422755736799e+21,1.7279081934262352e+21,1.8736589216912628e+20,1.5210489623094156e+20,1.8736767033373118e+20,8.043225072276739e+18,1.3050918130643425e+23,3.6513343822291724e+20,1.872306302844351e+20,2.3973193393836737e+20
Bacteroides fragilis,3.8711747153530605e+20,1.650805969365181e+19,3.386665736842546e+20,2.593715133285371e+20,3.6032785534051413e+21,3.116766856225532e+20,8.672312957192899e+20,1.2474999302753663e+21,1.1697237526720476e+20,1.1823743249766292e+20,7.128708480480167e+19,4.356858349569471e+20,4.3568583475968665e+20,4.356858380470894e+20,4.356858348909743e+20,4.356858375111538e+20,1.829087399839303e+20,9.026016680510014e+20,1.8694028270512606e+20,7.388854123707463e+20,4.3039043959705194e+20,4.3388761076336175e+21,4.3568583814308286e+20,8.260555533810203e+20,3.0500109829184337e+20,4.1536329898519246e+20,1.4379985507750607e+22,4.3568582009885753e+20,4.3568583518191144e+20,4.356858375908776e+20,1.8785227103450087e+20,1.66020911350465e+27,4.356858381002741e+20,3.139806650287607e+20,4.356858381569469e+20,4.356858375297127e+20,4.356858226563531e+20,4.356858356472058e+20,7.459769526762986e+19,1.8523043699003526e+20,4.144280794429116e+20,3.306248225111767e+20,1.917626449998171e+20,4.3568548824592836e+20,1.59914504979836e+29,1.866122333527711e+20,3.6553296745335685e+20,3.959797025325449e+20,4.817168998801815e+20,8.921694043894472e+21,7.06087102990396e+21,1.1737283450332504e+20,3.12644961334913e+20,4.04799523163903e+20,2.4832242271613642e+20,0.0,4.2280046888747755e+20,4.714352214713497e+19,5.184316067107735e+20,3.1406439979128645e+20,6.935957659227857e+20,3.04744506126746e+20,3.247619586888796e+20,2.951692010606344e+20,4.773933228969657e+19,4.284616530646143e+20,1.5644417939918717e+20,2.667507471977806e+20,6.707613018823834e+20,9.276707179019461e+20,3.871029143518076e+20,4.598863918610964e+20,1.1359197929590071e+21,3.599603646796962e+20,3.3454666017754898e+22,9.1508279358635e+19,3.35119207176516e+20,4.1424041045490644e+20,4.261678486417281e+20,3.918440013171462e+20,2.4757172890521318e+20,1.1792648758517724e+20,3.134770081191257e+20,6.847474303503468e+20,8.822626758005576e+19,4.157305722018887e+20,1.03232845643658e+22,1.001001816807567e+20,4.328324124172555e+20,3.9364732848890597e+20,2.3640062620899753e+18,2.62571152726267e+21,1.0389591866799042e+21,4.1240072041449934e+20,3.75324153764792e+20,3.9419474416413665e+20,3.797385654587788e+21,1.3150699185181632e+20,9.381463983606092e+21,2.629901761201599e+21,7.07596754452028e+20,3.358154490724914e+20,4.314104150174754e+20,7.058663620722252e+20,3.8713891984351134e+20,3.018056035534629e+21,4.3568583812183314e+20,4.356858368011521e+20,4.356858381622199e+20,6.632409773172978e+19,4.356858256792978e+20,3.974066037154774e+20,2.823103715453825e+22,4.356858381616767e+20,3.492613171218538e+20,1.2948217516527465e+21,4.356858380541943e+20,1.1724771633782042e+21,3.845410695979147e+21,1.27845536553831e+21,9.347727928811748e+21,5.601573513177425e+21,7.792200711832762e+20,1.4795861804527602e+21,4.3568406072343514e+20,9.622597744854519e+19,4.3568583815548666e+20,2.5633684403814642e+20,1.3026090390168966e+23,1.1682772079290375e+20,4.3554883176286644e+20,8.654966717638718e+18
Bacteroides fluxus,3.5686879140556866e+19,4.0634088579544973e+20,8.41370196122527e+19,1.634318680963161e+20,4.026060467914515e+21,1.1112894334273726e+20,1.290031054107796e+21,1.6702912430530552e+21,3.058399714921668e+20,5.4103407109503045e+20,3.515184571544991e+20,1.288791064220629e+19,1.2887910444669846e+19,1.2887913740116425e+19,1.2887910575665695e+19,1.2887913202603151e+19,2.3989389999292973e+20,1.3253995381806397e+21,6.097404797784864e+20,1.1616818759309075e+21,7.591154436437113e+18,4.761647236165116e+21,1.2887913836432935e+19,1.2488494898503533e+21,1.1780209917807367e+20,7.437629752372145e+18,1.4802742867454406e+22,1.2887895753293642e+19,1.2887910867829275e+19,1.288791328264425e+19,2.349685978045214e+20,1.6602095356391732e+27,1.288791379348919e+19,1.0882296393009447e+20,1.288791385034487e+19,1.2887913221303835e+19,1.2887898315125074e+19,1.288791133414322e+19,3.4821559111148175e+20,2.3757174593175287e+20,8.373209010024435e+18,9.218116856107011e+19,2.310395789175067e+20,1.2887563340861807e+19,1.5991450540165938e+29,2.3619307221091284e+20,5.727169715844843e+19,2.6823235894571508e+19,9.045146406016124e+20,9.344464193850473e+21,7.483633908009724e+21,3.054391119182649e+20,1.1016230152379218e+20,1.8002687827559516e+19,1.744812090998407e+20,4.2280046888747755e+20,0.0,4.699432144220479e+20,9.41227438005841e+20,1.0874100306777378e+20,1.1163944660347114e+21,1.180619391062742e+20,9.804361141062679e+19,1.2763670256633738e+20,4.705386249333352e+20,5.661595909151792e+18,5.7924442982228335e+20,1.560516054437164e+20,1.0935604296201279e+21,1.3504688125088186e+21,3.57016770275492e+19,8.826838382486968e+20,1.5587144198299197e+21,6.284323143432531e+19,3.3877395611794218e+22,3.31330488763449e+20,8.768577277459795e+19,8.370400934798274e+20,3.3677588383358223e+18,3.095819743326881e+19,1.7523842789619122e+20,5.407244775986971e+20,1.093280161903927e+20,1.1075478540134271e+21,3.3457485773774986e+20,7.071646405811292e+18,1.0746049744964724e+22,3.227010101534771e+20,8.556326808486503e+20,2.915554003971308e+19,4.2509850609840855e+20,3.0485004922383877e+21,1.461758431705338e+21,8.35201188494384e+20,4.748130582641062e+19,2.8609316051480547e+19,4.220159534218595e+21,2.9129613441523643e+20,9.804218320085611e+21,3.05268109853701e+21,1.130389229584438e+21,8.699008177347138e+19,8.61124084066266e+18,1.1286615868928587e+21,3.5663966703379325e+19,3.44083694755147e+21,1.2887913815112083e+19,1.288791249094577e+19,1.2887913855637922e+19,3.564796613280183e+20,1.2887901344818278e+19,8.202070468138108e+20,2.865378044729903e+22,1.2887913855092115e+19,7.354670561386823e+19,1.7176112993377714e+21,1.2887913747260434e+19,1.5952691272294636e+21,4.2681969040870904e+21,1.701245688304107e+21,9.7705020874874e+21,6.024349914893869e+21,1.2020201347918075e+21,1.9023821946580613e+21,1.2886133847824998e+19,3.265860371791786e+20,1.2887913848880419e+19,1.6647510204432715e+20,1.3068359958059228e+23,5.3961454816981595e+20,1.2750797797244203e+19,4.142125120718877e+20
Bacteroides finegoldii,4.342598577662628e+20,6.36112867900973e+19,3.8580878227146283e+20,3.0651342059889276e+20,3.5561411104172157e+21,3.5881854875387455e+20,8.200894855582042e+20,1.2003609835376468e+21,1.641103495644773e+20,7.10942759768815e+19,1.1842654039165044e+20,4.828287241869037e+20,4.828287239896347e+20,4.828287272772724e+20,4.828287241209152e+20,4.828287267412914e+20,2.300504909269067e+20,8.554607844790708e+20,1.3979726582987443e+20,6.917452253377403e+20,4.775332624489573e+20,4.291740646930325e+21,4.8282872737327514e+20,7.789161823626232e+20,3.5214321931961965e+20,4.625059945234251e+20,1.433285196210669e+22,4.82828709327902e+20,4.8282872441188706e+20,4.828287268210241e+20,2.3499032344000158e+20,1.6602090664522198e+27,4.828287273304625e+20,3.611227658932872e+20,4.828287273871406e+20,4.828287267598542e+20,4.8282871188552824e+20,4.828287248772114e+20,1.2173365973451491e+20,2.32372342344147e+20,4.615707532059142e+20,3.777667651254672e+20,2.3890456083202307e+20,4.828283774580939e+20,1.599145049328216e+29,2.3375329588697576e+20,4.1267521448802746e+20,4.431222098777737e+20,4.345765243493627e+20,8.874558463738161e+21,7.013736791123131e+21,1.645109455632143e+20,3.597866672470373e+20,4.519421097275482e+20,2.9546423372047365e+20,4.714352214713497e+19,4.699432144220479e+20,0.0,4.712920472755159e+20,3.612063006461664e+20,6.46454633791113e+20,3.518862395185475e+20,3.7190390473369027e+20,3.423109327506778e+20,8.732400435006246e+17,4.756044382513718e+20,1.0930122316084747e+20,3.138928778302764e+20,6.236199572154339e+20,8.805297264838577e+20,4.3424528818569884e+20,4.1274621735333744e+20,1.0887799367108746e+21,4.071026643859552e+20,3.340753663618586e+22,1.3863620496484943e+20,3.82261266236736e+20,3.670989444360892e+20,4.733106238348027e+20,4.38986534608609e+20,2.9471251876201585e+20,7.07830299460958e+19,3.6061894608207046e+20,6.376050242145562e+20,1.3536840828509685e+20,4.628732199579827e+20,1.0276149801222503e+22,1.4724229636948433e+20,3.856903468764242e+20,4.407898284605892e+20,4.4845802997500174e+19,2.578572709473782e+21,9.918176227467254e+20,3.652581450287861e+20,4.2246640851721735e+20,4.413371864443136e+20,3.750249757572418e+21,1.7864828732713697e+20,9.334331060913951e+21,2.582765031685052e+21,6.604580581025915e+20,3.829574630428357e+20,4.785532463057567e+20,6.58726692002115e+20,4.342813893258235e+20,2.970918891852146e+21,4.828287273520234e+20,4.828287260312411e+20,4.828287273924141e+20,1.1346443764564412e+20,4.828287149086715e+20,3.5026423010424154e+20,2.818390571199169e+22,4.8282872739187084e+20,3.964032330169356e+20,1.2476832524413598e+21,4.828287272843784e+20,1.125338083970619e+21,3.798272333608314e+21,1.2313166697639636e+21,9.300591625975716e+21,5.554436955276773e+21,7.320780642094105e+20,1.4324457433567802e+21,4.828269498748131e+20,1.4336338079865161e+20,4.828287273856802e+20,3.03477504283266e+20,1.3021377933097655e+23,6.9689167288728625e+19,4.8269171729274307e+20,5.573742142469278e+19
Bacteroides intestinalis,9.055462965579918e+20,5.3490177806670574e+20,8.570962019945809e+20,7.778021414244001e+20,3.0848508539329876e+21,8.30107192684738e+20,3.4881039124415224e+20,7.290690780683297e+20,6.354023711331122e+20,4.0021237491778e+20,5.897180378141899e+20,9.541117939824508e+20,9.541117937852518e+20,9.541117970709734e+20,9.541117939165891e+20,9.541117965353625e+20,7.013398752092948e+20,3.8417265150088066e+20,3.3150153754693245e+20,2.20454438040505e+20,9.488168853602818e+20,3.8204552088952153e+21,9.541117971669008e+20,3.0762413779544945e+20,8.234311080213895e+20,9.337905961167166e+20,1.3861571886985012e+22,9.541117791309055e+20,9.541117942072794e+20,9.541117966150222e+20,7.062823699485424e+20,1.660208595716631e+27,9.541117971241198e+20,8.324106799026795e+20,9.541117971807552e+20,9.541117965538935e+20,9.541117816874593e+20,9.541117946723585e+20,5.930256984584334e+20,7.036613937787693e+20,9.328554973118906e+20,8.490551117740535e+20,7.101935579495356e+20,9.541114473995416e+20,1.5991450446239096e+29,7.050437806707858e+20,8.839623571707197e+20,9.144080097427397e+20,3.6721262048471065e+19,8.403272166422981e+21,6.542454816813763e+21,6.358029532007595e+20,8.310757212729006e+20,9.232274298132474e+20,7.667532387767238e+20,5.184316067107735e+20,9.41227438005841e+20,4.712920472755159e+20,0.0,8.324948299646106e+20,1.75171319476884e+20,8.231752479103936e+20,8.43192262509001e+20,8.135999741757808e+20,4.7069230600031725e+20,9.468883476802554e+20,3.61995083257179e+20,7.85180925211165e+20,1.5234062811710656e+20,4.092421322234509e+20,9.055317836877555e+20,5.8547556763325825e+19,6.174881974244624e+20,8.783896207815006e+20,3.293627306097061e+22,6.099253977569851e+20,8.535492272486791e+20,1.0420433182497232e+20,9.445946201512032e+20,9.102722240250316e+20,7.660033033299887e+20,4.005193262531817e+20,8.319073700135347e+20,1.6635077152358154e+20,6.066575616698726e+20,9.341581142351264e+20,9.80486584448721e+21,6.185314131854911e+20,8.563119880506542e+19,9.120756798768592e+20,5.161378036003315e+20,2.1072807869823047e+21,5.205337631496997e+20,1.0607214850445579e+20,8.937534738688096e+20,9.126233223217836e+20,3.278963169635683e+21,6.499385424490451e+20,8.863053583041541e+21,2.1114765796798541e+21,1.891672181648798e+20,8.542455681188908e+20,9.49836798768975e+20,1.87434755549508e+20,9.05567431641065e+20,2.499629334935607e+21,9.541117971456657e+20,9.541117958257085e+20,9.541117971860242e+20,5.847554681060341e+20,9.541117847089817e+20,1.2105372410792804e+20,2.771263333718403e+22,9.541117971854814e+20,8.67691594971655e+20,7.763918184075095e+20,9.541117970780705e+20,6.540461064317901e+20,3.3269807330636957e+21,7.600249907594324e+20,8.829303446193708e+21,5.083148364069426e+21,2.6080479074963292e+20,9.61155061677932e+20,9.541100203167238e+20,6.14655419212395e+20,9.541117971792959e+20,7.747684382443049e+20,1.2974253884616725e+23,4.016457921155244e+20,9.539748178863912e+20,5.2702844054238187e+20
Bacteroides faecis,7.3055049646107705e+19,2.976018595606554e+20,2.4604029430860313e+19,5.469289457772412e+19,3.91733575197964e+21,2.3879509496824197e+18,1.1812956530077372e+21,1.561561472306899e+21,1.9710004653715643e+20,4.3229570100666525e+20,2.4278029215652233e+20,1.2162808912676132e+20,1.2162808892936628e+20,1.2162809222056873e+20,1.2162808906052855e+20,1.2162809168389328e+20,1.3115580991707462e+20,1.216665837397946e+21,5.010032811276213e+20,1.052949058269739e+21,1.1633182992887131e+20,4.652927293075961e+21,1.2162809231671298e+20,1.1401181395572999e+21,9.065267554626701e+18,1.0130340487643862e+20,1.4694029061966839e+22,1.2162807425400103e+20,1.2162808935203455e+20,1.2162809176376446e+20,1.262276279865399e+20,1.6602094271230894e+27,1.2162809227384106e+20,1.9663701412884035e+17,1.216280923305994e+20,1.2162809170251717e+20,1.216280768135832e+20,1.2162808981781294e+20,2.3947626562412626e+20,1.2883399598336686e+20,1.0036793846044113e+20,1.6560487918724323e+19,1.2230178021485486e+20,1.2162774213174613e+20,1.599145052932338e+29,1.2745364819821624e+20,5.146986684221945e+19,8.191819856313388e+19,7.957808882600787e+20,9.23574499936453e+21,7.374917611835973e+21,1.966992291713623e+20,1.4288529733174848e+18,9.07386301068122e+19,6.57420718390881e+19,3.1406439979128645e+20,1.0874100306777378e+20,3.612063006461664e+20,8.324948299646106e+20,0.0,1.0076600917043001e+21,9.321012213530898e+18,1.0697657848650211e+19,1.8895791227156353e+19,3.618033006923075e+20,1.1440255740977553e+20,4.705073768270439e+20,4.73139299589534e+19,9.848256865671285e+20,1.2417349483790192e+21,7.3040391407673025e+19,7.739502558990443e+20,1.4499828403099418e+21,4.58978453059045e+19,3.376869263487045e+22,2.2258959042360702e+20,2.105538283390501e+19,7.283048092242208e+20,1.1210868517125743e+20,7.77828893455373e+19,6.649742874007845e+19,4.3198644913385924e+20,5.882511898038234e+17,9.988112829741975e+20,2.2583815371621938e+20,1.016700821019238e+20,1.0637332670603548e+22,2.139642349130995e+20,7.46896614539849e+20,7.95858093737351e+19,3.163609835346713e+20,2.9397722698391686e+21,1.353023586283251e+21,7.26464354982969e+20,6.1260949344413655e+19,8.013266281783255e+19,4.1114383563302324e+21,1.825580782492644e+20,9.69550554559269e+21,2.943957340406769e+21,1.0216585110260292e+21,2.175135015557282e+19,1.17351898296333e+20,1.0199294640656388e+21,7.307726448447052e+19,3.332112588123164e+21,1.2162809229543006e+20,1.2162809097310778e+20,1.2162809233588168e+20,2.477419726349066e+20,1.2162807983972857e+20,7.114705228424464e+20,2.8545072290867282e+22,1.2162809233533728e+20,3.519693343691232e+19,1.608882416851822e+21,1.2162809222769164e+20,1.4865389919448882e+21,4.159470193722294e+21,1.5925164225260827e+21,9.661781187165157e+21,5.915627858129275e+21,1.0932843297702398e+21,1.793649857036951e+21,1.2162631364810952e+20,2.178464712485974e+20,1.2162809232913711e+20,5.7734235458253136e+19,1.3057490898243361e+23,4.3087490724857014e+20,1.2149102948405089e+20,3.054738556170189e+20
Bacteroides nordii,1.0807125402893919e+21,7.10062654798869e+20,1.0322619896755475e+21,9.529672298439106e+20,2.9096994744671996e+21,1.0052723957505757e+21,1.7363909075900816e+20,5.53916322796393e+20,8.105645671015833e+20,5.753699644242132e+20,7.648811712993479e+20,1.1292791655681664e+21,1.1292791653709485e+21,1.1292791686571819e+21,1.1292791655022713e+21,1.1292791681214724e+21,8.76504505905376e+20,2.090064042018296e+20,5.066596663172643e+20,4.530773479609126e+19,1.1239840978148922e+21,3.6453113854255505e+21,1.1292791687531294e+21,1.3248145306476026e+20,9.985966454599704e+20,1.1089574986841176e+21,1.3686432394195625e+22,1.1292791507146257e+21,1.1292791657930363e+21,1.1292791682011515e+21,8.814440802488068e+20,1.6602084208634477e+27,1.1292791687103399e+21,1.0075762210399435e+21,1.1292791687669867e+21,1.1292791681400118e+21,1.1292791532714674e+21,1.129279166258181e+21,7.681876346128415e+20,8.788261884312333e+20,1.1080223547694417e+21,1.024220482739585e+21,8.85358391600249e+20,1.129278818946108e+21,1.5991450428767526e+29,8.802077839013861e+20,1.0591282982862767e+21,1.0895744941453621e+21,2.118801038247901e+20,8.228126004340708e+21,6.367314176064711e+21,8.109652116518168e+20,1.006240717047924e+21,1.0983940888394122e+21,9.419181719017305e+20,6.935957659227857e+20,1.1163944660347114e+21,6.46454633791113e+20,1.75171319476884e+20,1.0076600917043001e+21,0.0,9.983402581729524e+20,1.0183576202398216e+21,9.887649552409075e+20,6.458567913963812e+20,1.1220554762469739e+21,5.371547831736057e+20,9.603463279116899e+20,2.2836566069726368e+19,2.3407514410051017e+20,1.0806980064741691e+21,2.3371105355527284e+20,4.423295412433171e+20,1.0535556263911838e+21,3.2761147368591636e+22,7.850845843016374e+20,1.028714780039991e+21,2.793557993976251e+20,1.1197617198936558e+21,1.0854387390643988e+21,9.411671203372696e+20,5.756778779824674e+20,1.007072680923205e+21,9.099615984712192e+18,7.818220312108912e+20,1.1093249273468358e+21,9.629722440179613e+21,7.936959422630085e+20,2.6076640047228872e+20,1.0872421427850281e+21,6.913003790302046e+20,1.932124390566486e+21,3.453641154016956e+20,2.8120222398932212e+20,1.0689194604494096e+21,1.0877896866981434e+21,3.103818095056234e+21,8.251026150381423e+20,8.687917162191934e+21,1.936329754021104e+21,1.4292929843940305e+19,1.0294110575404673e+21,1.1250040325014289e+21,1.240764137891785e+19,1.0807338176549214e+21,2.3244798859310185e+21,1.1292791687318897e+21,1.1292791674117123e+21,1.1292791687722568e+21,7.599189558795107e+20,1.1292791562934232e+21,2.9619383212449124e+20,2.7537500547305546e+22,1.1292791687717139e+21,1.0428569830270156e+21,6.01241849068164e+20,1.1292791686642813e+21,4.7889320381225737e+20,3.151825438141558e+21,5.848737603580431e+20,8.654154581132279e+21,4.907999396718839e+21,8.563630637918742e+19,7.85991953640657e+20,1.1292773917285505e+21,7.898175645971743e+20,1.1292791687655269e+21,9.499321283599587e+20,1.295674291688611e+23,5.76798827891525e+20,1.1291421810795942e+21,7.021896947133364e+20
Bacteroides salyersiae,8.237585378501784e+19,2.8828145673305335e+20,3.392502023186744e+19,4.537310791627657e+19,3.90801695002372e+21,6.933063949360811e+18,1.1719756718154677e+21,1.5522421653779762e+21,1.8777949992744645e+20,4.229753739473894e+20,2.3346008668242195e+20,1.3094906377576474e+20,1.309490635783667e+20,1.3094906686965635e+20,1.309490637095258e+20,1.309490663329638e+20,1.2183579624934326e+20,1.2073460734287733e+21,4.916831262326255e+20,1.043629420124203e+21,1.2565278665765726e+20,4.643608996344025e+21,1.309490669658041e+20,1.1307986755812088e+21,4.166513826402298e+17,1.106243337684078e+20,1.468471136231985e+22,1.3094904890267035e+20,1.3094906400104512e+20,1.309490664128384e+20,1.1690666558436098e+20,1.6602094178239473e+27,1.3094906692293072e+20,9.24168806284103e+18,1.3094906697969104e+20,1.3094906635158923e+20,1.309490514622995e+20,1.3094906446683455e+20,2.3015583028482553e+20,1.1951407122593912e+20,1.0968885715580407e+20,2.5881042391966405e+19,1.1298186709165842e+20,1.3094871677434624e+20,1.5991450528394285e+29,1.1813330621138548e+20,6.079065119447029e+19,9.123906886674809e+19,7.86461162821212e+20,9.226426753177737e+21,7.365599676353512e+21,1.8737869307245747e+20,7.900474316663985e+18,1.0005952432731564e+20,5.642208657309821e+19,3.04744506126746e+20,1.180619391062742e+20,3.518862395185475e+20,8.231752479103936e+20,9.321012213530898e+18,9.983402581729524e+20,0.0,2.0018373566953054e+19,9.57530814852246e+18,3.524834921492191e+20,1.2372350003568552e+20,4.611872524839953e+20,3.799488606785641e+19,9.755058067980194e+20,1.2324151619705847e+21,8.236118300625396e+19,7.646305566718795e+20,1.4406633237123668e+21,5.521873718234648e+19,3.375937601367316e+22,2.132687476855075e+20,3.0376206976348336e+19,7.189848880429778e+20,1.2142962830514404e+20,8.710379774468597e+19,5.7176533312819945e+19,4.226661792460808e+20,8.734266610273969e+18,9.894911556850796e+20,2.165182398119956e+20,1.1099097996378969e+20,1.0628014641698384e+22,2.046443245343653e+20,7.375765818177736e+20,8.890668416758632e+19,3.070408442217148e+20,2.930453093993016e+21,1.3437036681072814e+21,7.171442156529552e+20,7.05816737060513e+19,8.945348521822945e+19,4.1021199348937203e+21,1.7323796218685902e+20,9.686187963578958e+21,2.9346386616025717e+21,1.012339138838457e+21,3.107204727875929e+19,1.2667285670488791e+20,1.0106099171959992e+21,8.239814509396912e+19,3.322793834723061e+21,1.309490669445204e+20,1.3094906562216036e+20,1.3094906698497353e+20,2.3842185271001697e+20,1.3094905448851803e+20,7.021504300243857e+20,2.8535755153188328e+22,1.3094906698442911e+20,4.4517194740450574e+19,1.5995632115014555e+21,1.3094906687677968e+20,1.4772196465588733e+21,4.15015116937706e+21,1.5831971732204547e+21,9.65246276019728e+21,5.90630932441884e+21,1.0839643004053688e+21,1.7843302321187355e+21,1.3094728826930125e+20,2.0852599623235738e+20,1.309490669782287e+20,4.841323619242249e+19,1.3056559356970243e+23,4.2155435346254784e+20,1.3081200291639786e+20,2.96153519427758e+20
Bacteroides sp902362375,6.235748308628849e+19,3.0829951626203483e+20,1.390703888800222e+19,6.5390485102282334e+19,3.928032780095342e+21,1.3085517005020105e+19,1.1919932289495893e+21,1.572258774358988e+21,2.0779769727154985e+20,4.429933521051535e+20,2.534779289727104e+20,1.1093080342387003e+20,1.1093080322646408e+20,1.1093080651798454e+20,1.109308033576148e+20,1.1093080598124672e+20,1.4185341648787318e+20,1.227363339694775e+21,5.117009047552805e+20,1.0636465120685317e+21,1.0563448817158758e+20,4.663624017065994e+21,1.1093080661414157e+20,1.1508155178123175e+21,1.9761406018408767e+19,9.060599911724748e+19,1.4704725390897348e+22,1.1093078854989093e+20,1.109308036491693e+20,1.1093080606113043e+20,1.3692498850014518e+20,1.6602094378029622e+27,1.1093080657126431e+20,1.0782140569074706e+19,1.1093080662802986e+20,1.1093080599987621e+20,1.1093079110964458e+20,1.10930804114988e+20,2.5017392301175125e+20,1.3953158166461792e+20,8.96705128423615e+19,5.862863915387485e+18,1.3299936439474237e+20,1.1093045640549905e+20,1.599145053039056e+29,1.3815130359880281e+20,4.077228315845396e+19,7.1220699956832166e+19,8.064783786929084e+20,9.246441688650768e+21,7.385614100889655e+21,2.0739688104438406e+20,1.2118855907449442e+19,8.00411642733473e+19,7.643969186486408e+19,3.247619586888796e+20,9.804361141062679e+19,3.7190390473369027e+20,8.43192262509001e+20,1.0697657848650211e+19,1.0183576202398216e+21,2.0018373566953054e+19,0.0,2.959341116551096e+19,3.725008299787414e+20,1.0370517990179557e+20,4.812049940996777e+20,5.8011341070652826e+19,9.955232310130529e+20,1.2524324589046499e+21,6.23428150591991e+19,7.846477364978907e+20,1.460680240276871e+21,3.520038616432187e+19,3.377938819439739e+22,2.3328712017793597e+20,1.0357842063564394e+19,7.390023688233196e+20,1.0141130919929982e+20,6.708544859678236e+19,7.719490546590025e+19,4.426840933996899e+20,1.1284959028450738e+19,1.0095088982935635e+21,2.3653572392171507e+20,9.097262090094533e+19,1.0648029219669565e+22,2.246618050253706e+20,7.575942069164706e+20,6.8888316817309794e+19,3.27058606336105e+20,2.950469502526276e+21,1.3637211421163562e+21,7.371619738756641e+20,5.0563331322767155e+19,6.943511224950583e+19,4.122135158437839e+21,1.9325570128862527e+20,9.706201795541779e+21,2.9546542990746856e+21,1.0323558480460458e+21,1.1053704922621792e+19,1.066545610991741e+20,1.0306268797911989e+21,6.237978056248668e+19,3.342809589279139e+21,1.1093080659285583e+20,1.1093080527039578e+20,1.1093080663331294e+20,2.584395933729766e+20,1.109307941360568e+20,7.221681309797838e+20,2.855576822668994e+22,1.1093080663276845e+20,2.4499363095594086e+19,1.61957966828139e+21,1.10930806525109e+20,1.4972363129155554e+21,4.1701673451574185e+21,1.603213696067117e+21,9.672477989292005e+21,5.926324726909236e+21,1.1039819198414072e+21,1.8043473024266891e+21,1.1092902784381906e+20,2.285441278560653e+20,1.1093080662656742e+20,6.843149555588327e+19,1.3058560361501475e+23,4.4157255835578296e+20,1.107937394012064e+20,3.161715082527742e+20
Bacteroides oleiciplenus,9.195083902178735e+19,2.78706204221824e+20,4.349968295494551e+19,3.5797848718993637e+19,3.898441867163345e+21,1.650789566208336e+19,1.1624003639097077e+21,1.542666943553206e+21,1.7820430457649057e+20,4.1340010186880234e+20,2.2388479066237062e+20,1.4052370406254064e+20,1.4052370386515455e+20,1.405237071560983e+20,1.4052370399632599e+20,1.405237066194735e+20,1.1226048846131398e+20,1.1977707759224105e+21,4.8210782618455815e+20,1.0340541375035248e+21,1.3522749094285936e+20,4.634034095205997e+21,1.405237072522322e+20,1.121223421580206e+21,9.837449899877188e+18,1.2019911611954964e+20,1.4675136712089954e+22,1.4052368919077359e+20,1.4052370428779274e+20,1.4052370669933452e+20,1.0733205603125389e+20,1.6602094082623946e+27,1.405237072093646e+20,1.881422125908458e+19,1.4052370726611707e+20,1.4052370663809286e+20,1.4052369175021565e+20,1.4052370475353829e+20,2.205805876256099e+20,1.0993876734588882e+20,1.1926366258104214e+20,3.545617728552341e+19,1.0340656440653323e+20,1.405233570865994e+20,1.5991450527438808e+29,1.0855803098069821e+20,7.036565804282688e+19,1.0081396588081568e+20,7.768858698230622e+20,9.216851870566513e+21,7.35602492315247e+21,1.7780349231425624e+20,1.7475763385736067e+19,1.0963437981708252e+20,4.684678499488571e+19,2.951692010606344e+20,1.2763670256633738e+20,3.423109327506778e+20,8.135999741757808e+20,1.8895791227156353e+19,9.887649552409075e+20,9.57530814852246e+18,2.959341116551096e+19,0.0,3.429081927612891e+20,1.332982452758746e+20,4.5161194965919544e+20,2.8419984368711217e+19,9.65930501286295e+20,1.222839862453222e+21,9.193618200496796e+19,7.550552667417401e+20,1.431088059547479e+21,6.479360938890715e+19,3.3749801893794777e+22,2.0369382843270755e+20,3.9951173985398645e+19,7.094095810593303e+20,1.3100437268026956e+20,9.667862946358321e+19,4.76017518901502e+19,4.1309089509410406e+20,1.8308694947938773e+19,9.799158538056347e+20,2.069429343638118e+20,1.2056582693959444e+20,1.061843984796956e+22,1.950690194462793e+20,7.280012745795511e+20,9.84815745058195e+19,2.974655419425743e+20,2.92087790256541e+21,1.3341283610434666e+21,7.075689145899601e+20,8.015673532217949e+19,9.902844855730763e+19,4.0925449860084096e+21,1.6366265687178245e+20,9.676613367888798e+21,2.925063620680325e+21,1.0027639039006861e+21,4.0647115942387335e+19,1.3624755548003764e+20,1.0010346486479896e+21,9.197302730221932e+19,3.313218768195302e+21,1.4052370723095156e+20,1.405237059087413e+20,1.4052370727139872e+20,2.288465483889075e+20,1.4052369477614374e+20,6.925751253926601e+20,2.8526180768969036e+22,1.4052370727085441e+20,5.409244947499387e+19,1.5899880140821813e+21,1.4052370716321995e+20,1.467644416227427e+21,4.1405760184250846e+21,1.573621964952827e+21,9.642887807495483e+21,5.896734333010505e+21,1.0743889931837115e+21,1.774754950531789e+21,1.4052192866685467e+20,1.989507681902939e+20,1.4052370726465492e+20,3.883896095155851e+19,1.3055602012345764e+23,4.1197916496816485e+20,1.4038664802612684e+20,2.8657824838847778e+20
Bacteroides fragilis_A,4.3485601194933145e+20,6.421925362087918e+19,3.8640527556801226e+20,3.071104447697003e+20,3.555539372354367e+21,3.594156070001682e+20,8.194926385164375e+20,1.1997605992109522e+21,1.6471133071259746e+20,7.050901272858772e+19,1.1902624470529997e+20,4.83423789720292e+20,4.834237895230443e+20,4.834237928100966e+20,4.8342378965434257e+20,4.834237922742289e+20,2.3064780812615467e+20,8.54862586964473e+20,1.3920381506321265e+20,6.911461769784863e+20,4.781284914187798e+20,4.291137363938459e+21,4.834237929060763e+20,7.783162294116075e+20,3.5273987832324515e+20,4.631015189096256e+20,1.4332247377904933e+22,4.834237748635641e+20,4.83423789945228e+20,4.834237923539391e+20,2.3559135925697466e+20,1.660209065822022e+27,4.834237928632732e+20,3.617194521799239e+20,4.834237929199383e+20,4.834237922927819e+20,4.834237774208642e+20,4.834237904104775e+20,1.2233573660747496e+20,2.3296943753235697e+20,4.62166324936804e+20,3.7836369268885796e+20,2.3950163321312022e+20,4.8342344303585867e+20,1.5991450493218435e+29,2.343514877520349e+20,4.1327162764594066e+20,4.437181303836492e+20,4.339777310113305e+20,8.873955276857805e+21,7.013132659121355e+21,1.6511182608834612e+20,3.603839555343377e+20,4.5253786810162774e+20,2.960614079996517e+20,4.773933228969657e+19,4.705386249333352e+20,8.732400435006246e+17,4.7069230600031725e+20,3.618033006923075e+20,6.458567913963812e+20,3.524834921492191e+20,3.725008299787414e+20,3.429081927612891e+20,0.0,4.7619975595055586e+20,1.0870785764822657e+20,3.144895482504103e+20,6.230224207292921e+20,8.799316700975227e+20,4.3484146511884694e+20,4.121471847083346e+20,1.088180499542662e+21,4.076989883794758e+20,3.340692959017482e+22,1.3924241205489117e+20,3.828580081772536e+20,3.665016652764468e+20,4.739059655977999e+20,4.3958240634389765e+20,2.953110026456946e+20,7.0195865881120735e+19,3.612158897639767e+20,6.370092905530044e+20,1.3596535514843165e+20,4.634688462216348e+20,1.0275546032955575e+22,1.478392442390565e+20,3.850940577540963e+20,4.4138576449318e+20,4.544945294818472e+19,2.5779722023439444e+21,9.912203727626615e+20,3.646629035927602e+20,4.23062803458238e+20,4.4193323267401856e+20,3.74964679450581e+21,1.7924624475999912e+20,9.333726073346883e+21,2.582162704760131e+21,6.59857425714329e+20,3.8355427648519045e+20,4.7914845477094654e+20,6.581270612803457e+20,4.3487738742001186e+20,2.9703169025970877e+21,4.834237928848295e+20,4.834237915642995e+20,4.834237929252104e+20,1.1406338787903246e+20,4.834237804435127e+20,3.4966856442041296e+20,2.8183299831100263e+22,4.834237929246673e+20,3.970001928611235e+20,1.247082438442705e+21,4.834237928171998e+20,1.1247378312115116e+21,3.797671401541186e+21,1.2307160419479962e+21,9.299988980898784e+21,5.553834503766535e+21,7.314815609520617e+20,1.4318469676437925e+21,4.834220156043183e+20,1.4396469461996162e+20,4.834237929184781e+20,3.0407613295789284e+20,1.3021316987005178e+23,6.911294851905978e+19,4.832867920747949e+20,5.634517896487262e+19
Bacteroides clarus,4.1348465507491906e+19,4.120022509800524e+20,8.97985635235688e+19,1.690933115491728e+20,4.0317208168782123e+21,1.1679049897624807e+20,1.295692125366001e+21,1.6759519422882948e+21,3.1150141084829273e+20,5.466953783429122e+20,3.571797780991281e+20,7.226640725595855e+18,7.226640527986743e+18,7.226643825759093e+18,7.226640658877081e+18,7.226643287780467e+18,2.4555525452075234e+20,1.3310604970038285e+21,6.154017039312999e+20,1.1673427852377404e+21,1.9299179063265426e+18,4.767307285846989e+21,7.226643922172074e+18,1.2545103034729685e+21,1.2346358583706311e+20,1.3099223647805303e+19,1.4808402518936786e+22,7.226625827959932e+18,7.226640951413037e+18,7.22664336791756e+18,2.4063016255128633e+20,1.6602095412875868e+27,7.226643879188268e+18,1.1448447625463716e+20,7.226643936098318e+18,7.226643306525497e+18,7.226628390979415e+18,7.226641418017682e+18,3.538769840199128e+20,2.4323308561757815e+20,1.403479995785379e+19,9.784274830870323e+19,2.3670092462734442e+20,7.226293262334594e+18,1.5991450540730278e+29,2.4185449606130932e+20,6.2933291037151896e+19,3.248482947897245e+19,9.101756234634054e+20,9.350124181725669e+21,7.489293723013087e+21,3.1110054842770326e+20,1.15823879355352e+20,2.366427905011556e+19,1.8014264970186126e+20,4.284616530646143e+20,5.661595909151792e+18,4.756044382513718e+20,9.468883476802554e+20,1.1440255740977553e+20,1.1220554762469739e+21,1.2372350003568552e+20,1.0370517990179557e+20,1.332982452758746e+20,4.7619975595055586e+20,0.0,5.849056477025047e+20,1.6171301597027962e+20,1.0992214645968993e+21,1.3561297810580096e+21,4.1363258821227495e+19,8.883448122278918e+20,1.564375235884772e+21,6.850480496192968e+19,3.3883054603508392e+22,3.369920131880902e+20,9.33473429598738e+19,8.427011771778795e+20,2.293872658102682e+18,3.6619784113725633e+19,1.8089997783047035e+20,5.4638576219690336e+20,1.1498956279061556e+20,1.1132090095571274e+21,3.402361022164152e+20,1.2733087543285285e+19,1.0751709600407343e+22,3.283622626311938e+20,8.612938136189125e+20,3.4817135797076414e+19,4.307597741963363e+20,3.0541610695994104e+21,1.4674194614976226e+21,8.40862372899921e+20,5.3142895864100545e+19,3.4270888331943465e+19,4.2258196633857536e+21,2.969574658899024e+20,9.809877915845305e+21,3.0583413980858983e+21,1.1360500109407112e+21,9.265166071412425e+19,2.949884039390961e+18,1.1343224545839137e+21,4.132556016516961e+19,3.446497279533995e+21,7.226643900829992e+18,7.226642575647227e+18,7.226643941397446e+18,3.621409535720099e+20,7.226631422601896e+18,8.258682115761499e+20,2.8659439750447035e+22,7.226643940850832e+18,7.920829943124112e+19,1.723271942005624e+21,7.226643832915186e+18,1.6009298515526455e+21,4.273857376417245e+21,1.7069063552138087e+21,9.77616218007548e+21,6.03001008817742e+21,1.207681235647731e+21,1.908043050886851e+21,7.224863251121733e+18,3.322474491995819e+20,7.226643934632673e+18,1.721366733492464e+20,1.3068925783371807e+23,5.4527594626798236e+20,7.089503649070931e+18,4.1987385210546284e+20
Phocaeicola dorei,5.435610599333237e+20,1.7290787215230173e+20,4.9510995080661985e+20,4.158145200787996e+20,3.446845873145816e+21,4.6811961143107584e+20,7.107887933716894e+20,1.0910639436563931e+21,2.7340992369677074e+20,3.821911835648658e+19,2.27727231052605e+20,5.921299079887444e+20,5.921299077914783e+20,5.921299110790397e+20,5.92129907922761e+20,5.921299105430734e+20,3.393515848885596e+20,7.461611313271631e+20,3.0496107993082343e+19,5.8244668702226134e+20,5.868344643496133e+20,4.1824485154148744e+21,5.921299111750394e+20,6.696188310965031e+20,4.614443705250354e+20,5.718072148896453e+20,1.4223562712321867e+22,5.921298931300388e+20,5.921299082137216e+20,5.921299106228032e+20,3.442893015347912e+20,1.6602089573243076e+27,5.92129911132228e+20,4.704239092951032e+20,5.921299111889045e+20,5.921299105616349e+20,5.921298956876226e+20,5.921299086790362e+20,2.310329679324391e+20,3.416734782337392e+20,5.708719749416197e+20,4.870678514621319e+20,3.4820569576620714e+20,5.921295612657082e+20,1.599145048237744e+29,3.43054122048411e+20,5.2197638902710764e+20,5.524234279001458e+20,3.252782013696431e+20,8.765265945295169e+21,6.904446527351335e+21,2.738105891174812e+20,4.690876645634924e+20,5.612433323993486e+20,4.0476530531198095e+20,1.5644417939918717e+20,5.7924442982228335e+20,1.0930122316084747e+20,3.61995083257179e+20,4.705073768270439e+20,5.371547831736057e+20,4.611872524839953e+20,4.812049940996777e+20,4.5161194965919544e+20,1.0870785764822657e+20,5.849056477025047e+20,0.0,4.2319404054699934e+20,5.14319851219858e+20,7.712299250470498e+20,5.435464881398264e+20,3.034483484846825e+20,9.794815857218347e+20,5.164038518478813e+20,3.329825448205379e+22,2.4793051942219468e+20,4.915623918285062e+20,2.577990035874516e+20,5.8261183494453323e+20,5.482877548336017e+20,4.040131021122434e+20,3.852461476285834e+19,4.6992003609497194e+20,5.2830390726122465e+20,2.4466962837982318e+20,5.721744427140622e+20,1.0166858584495009e+22,2.5654351138725344e+20,2.763895873368687e+20,5.500910458608394e+20,1.5414640947567084e+20,2.469275507216302e+21,8.825171377105966e+20,2.5595698121448935e+20,5.3176758378237107e+20,5.506383970112093e+20,3.6409569632783103e+21,2.8794930247211074e+20,9.225042947858262e+21,2.473471053964691e+21,5.511620786764202e+20,4.922585733888035e+20,5.878544462692345e+20,5.4942902893510604e+20,5.4358260369054636e+20,2.8616241865788553e+21,5.921299111537883e+20,5.92129909833039e+20,5.921299111941776e+20,2.2276540671737476e+20,5.921298987107014e+20,2.4096320363481383e+20,2.807461996475194e+22,5.921299111936345e+20,5.0570430360298966e+20,1.1383868906947151e+21,5.921299110861452e+20,1.0160408827198854e+21,3.688975693483489e+21,1.1220200055199996e+21,9.191297951110774e+21,5.445142976652874e+21,6.227772140678775e+20,1.3231464865854278e+21,5.921281337021486e+20,2.5266293439393513e+20,5.92129911187444e+20,4.127779964990997e+20,1.301045057962967e+23,3.967047939391906e+19,5.919929022833268e+20,1.6503494389734248e+20
Phocaeicola vulgatus,1.2036713836487803e+20,2.5028937250582934e+20,7.191591119237288e+19,7.381295655169796e+18,3.8700220901860484e+21,4.4926350312242455e+19,1.1339820426840799e+21,1.5142475534818825e+21,1.4978845163370018e+20,3.8498286691378954e+20,1.9546725571366365e+20,1.6893794031406553e+20,1.689379401167342e+20,1.6893794340611372e+20,1.6893794024795914e+20,1.689379428697943e+20,8.384256692731013e+19,1.1693520175081419e+21,4.5368999903638074e+20,1.005635171851407e+21,1.6364205895727877e+20,4.605614141962492e+21,1.6893794350218527e+20,1.0928042117129756e+21,3.8250353848698175e+19,1.486141735954024e+20,1.4646716746588056e+22,1.689379254483218e+20,1.6893794053919015e+20,1.6893794294959427e+20,7.89225260772533e+19,1.6602093798686594e+27,1.6893794345934376e+20,4.722991792331279e+19,1.6893794351606094e+20,1.689379428883866e+20,1.6893792800691048e+20,1.6893794100473676e+20,1.9216399831403895e+20,8.152057893135242e+19,1.476788344004972e+20,6.387419483035279e+19,7.498836603879249e+19,1.6893759345428333e+20,1.5991450524601086e+29,8.014149475318972e+19,9.878235379726723e+19,1.2922974923921292e+20,7.48467049028135e+20,9.188431909673276e+21,7.327604941302748e+21,1.4938757712148398e+20,4.5895278431834554e+19,1.3804987699256189e+20,1.8429977999285862e+19,2.667507471977806e+20,1.560516054437164e+20,3.138928778302764e+20,7.85180925211165e+20,4.73139299589534e+19,9.603463279116899e+20,3.799488606785641e+19,5.8011341070652826e+19,2.8419984368711217e+19,3.144895482504103e+20,1.6171301597027962e+20,4.2319404054699934e+20,0.0,9.375119659890328e+20,1.1944211440826633e+21,1.2035254818481555e+20,7.266364017733058e+20,1.4026689184109686e+21,9.32098530587797e+19,3.3721382282955894e+22,1.752803658386051e+20,6.836846441439168e+19,6.809911406515611e+20,1.5941915893185993e+20,1.25094168203323e+20,1.919905487834357e+19,3.846734542061724e+20,4.672644904138047e+19,9.51497901802767e+20,1.7852456663630545e+20,1.48981180046495e+20,1.0590019867074546e+22,1.6665065169748315e+20,6.995830906538572e+20,1.2689735375653043e+20,2.6904773064789177e+20,2.8924583881451435e+21,1.305709899263148e+21,6.791510125904408e+20,1.0857354892223123e+20,1.2744456466988147e+20,4.0641250599472647e+21,1.3524491756322962e+20,9.648193420329553e+21,2.8966437826320883e+21,9.743445832205887e+20,6.90647300551211e+19,1.646620899498664e+20,9.726155489900129e+20,1.2038885019693918e+20,3.2847989655417667e+21,1.6893794348091834e+20,1.689379421593845e+20,1.6893794352133865e+20,2.0042872830824337e+20,1.6893793103152284e+20,6.641570976550917e+20,2.849776093680714e+22,1.6893794352079487e+20,8.251068992389816e+19,1.561568523860465e+21,1.6893794341322788e+20,1.439225067230074e+21,4.112156382232644e+21,1.5452025165851827e+21,9.614467884247734e+21,5.8683144409789e+21,1.0459707868253536e+21,1.7463359628012806e+21,1.689361654257893e+20,1.7053443350468706e+20,1.6893794351459956e+20,1.0457663876736692e+19,1.3052760131204128e+23,3.8356294579702596e+20,1.6880090689657894e+20,2.5816112948350865e+20
Phocaeicola plebeius,1.05787832308226e+21,6.872276993343159e+20,1.0094276852982619e+21,9.301328083204215e+20,2.9325356779849835e+21,9.824379797279423e+20,1.9647141615741698e+20,5.767526671159533e+20,7.87729728164424e+20,5.52534764941028e+20,7.420464950876934e+20,1.1064452172657412e+21,1.1064452170685181e+21,1.1064452203548912e+21,1.1064452171998365e+21,1.1064452198191547e+21,8.536700270286036e+20,2.3184175880256985e+20,4.8382460983575295e+20,6.814238962291147e+19,1.1011501078510819e+21,3.6681478422177487e+21,1.1064452204508441e+21,1.5531761427118463e+20,9.757622987196459e+20,1.0861234320970881e+21,1.3709268908714435e+22,1.1064452024116563e+21,1.1064452174906222e+21,1.1064452198988391e+21,8.586091420430145e+20,1.6602084436824446e+27,1.1064452204080524e+21,9.847418723435567e+20,1.1064452204647025e+21,1.1064452198376964e+21,1.1064452049685761e+21,1.1064452179557848e+21,7.45352782061591e+20,8.559917388560441e+20,1.0851882770741525e+21,1.0013860944776951e+21,8.625239466556089e+20,1.1064448706330266e+21,1.59914504310482e+29,8.573731929087636e+20,1.0362940194788658e+21,1.0667403303999975e+21,1.890468909533549e+20,8.250962379920017e+21,6.390150681023903e+21,7.88130381264701e+20,9.834062604402274e+20,1.0755599646382003e+21,9.190837244034397e+20,6.707613018823834e+20,1.0935604296201279e+21,6.236199572154339e+20,1.5234062811710656e+20,9.848256865671285e+20,2.2836566069726368e+19,9.755058067980194e+20,9.955232310130529e+20,9.65930501286295e+20,6.230224207292921e+20,1.0992214645968993e+21,5.14319851219858e+20,9.375119659890328e+20,0.0,2.5691024541637437e+20,1.0578637845173616e+21,2.108779019147879e+20,4.651655795605921e+20,1.0307213631875129e+21,3.2783983890079592e+22,7.622493867427424e+20,1.0058804274865707e+21,2.565210138171934e+20,1.0969277012573095e+21,1.0626045836148546e+21,9.18332474555153e+20,5.5284277476276516e+20,9.842382857284971e+20,1.4099061625958093e+19,7.589875676388752e+20,1.0864908382753984e+21,9.652558887472511e+21,7.708614830697312e+20,2.379309706635631e+20,1.0644079745734235e+21,6.684656660085041e+20,1.9549603141616494e+21,3.6819800886472534e+20,2.583664220987236e+20,1.0460851889440083e+21,1.0649554953612995e+21,3.1266545270615583e+21,8.022680602501184e+20,8.710753709199384e+21,1.9591661608320647e+21,3.696895077006433e+19,1.0065766917866641e+21,1.1021700479621822e+21,3.516905612965548e+19,1.0578996331348693e+21,2.3473161898242249e+21,1.1064452204296034e+21,1.1064452191093659e+21,1.1064452204699729e+21,7.370843383678947e+20,1.1064452079906501e+21,2.7335829032948616e+20,2.7560337104391094e+22,1.10644522046943e+21,1.020022592845503e+21,6.240782818780604e+20,1.1064452203619914e+21,5.017295724903162e+20,3.1746614031362844e+21,6.077101552166552e+20,8.676990859243923e+21,4.930835685060686e+21,1.0846416458064655e+20,8.088273061069333e+20,1.1064434433788791e+21,7.669827292816967e+20,1.1064452204632425e+21,9.270974584849088e+20,1.2959026538862823e+23,5.53963248020462e+20,1.106308230513951e+21,6.793547927064864e+20
Phocaeicola massiliensis,1.314787162031026e+21,9.441377958369295e+20,1.2663367300939752e+21,1.1870421091884015e+21,2.675629282587156e+21,1.2393472638591912e+21,6.046116373275418e+19,3.1985229134939455e+20,1.0446397047339169e+21,8.09444999429974e+20,9.98956256509644e+20,1.363353361554236e+21,1.363353361357027e+21,1.3633533646430184e+21,1.3633533614883566e+21,1.3633533641073555e+21,1.1105794472311901e+21,2.5069752954075066e+19,7.407347786722713e+20,1.8878893710781147e+20,1.3580583661144614e+21,3.4112460162199097e+21,1.3633533647389563e+21,1.016445416976003e+20,1.232671439829856e+21,1.3430318948147847e+21,1.3452368887448116e+22,1.3633533467016385e+21,1.3633533617790863e+21,1.3633533641870255e+21,1.1155192233969087e+21,1.6602081870925265e+27,1.363353364696171e+21,1.2416510165012348e+21,1.3633533647528122e+21,1.363353364125891e+21,1.363353349258344e+21,1.3633533622441998e+21,1.0022627747711258e+21,1.1129011031400524e+21,1.3420967684675865e+21,1.2582953197589087e+21,1.1194333012481427e+21,1.3633530149506714e+21,1.599145040540624e+29,1.1142828121920475e+21,1.293203003549228e+21,1.323649039957525e+21,4.459542052393511e+20,7.994058244117093e+21,6.133250400851915e+21,1.0450403477037381e+21,1.2403156250587565e+21,1.3324685752775714e+21,1.1759930776640346e+21,9.276707179019461e+20,1.3504688125088186e+21,8.805297264838577e+20,4.092421322234509e+20,1.2417349483790192e+21,2.3407514410051017e+20,1.2324151619705847e+21,1.2524324589046499e+21,1.222839862453222e+21,8.799316700975227e+20,1.3561297810580096e+21,7.712299250470498e+20,1.1944211440826633e+21,2.5691024541637437e+20,0.0,1.3147726346292369e+21,4.6778497723015175e+20,2.0826038674524448e+20,1.287630312711273e+21,3.2527093987052163e+22,1.0191596235240813e+21,1.2627895772051766e+21,5.134309426003814e+20,1.3538360367057653e+21,1.319513273684776e+21,1.1752421798254598e+21,8.097529722668753e+20,1.2411475272292885e+21,2.4293889671785257e+20,1.0158969703471629e+21,1.3433993584174133e+21,9.395656409040249e+21,1.0277708759524374e+21,4.948412073367891e+20,1.3213166953882974e+21,9.253754843345262e+20,1.6980517474145964e+21,1.112945962051053e+20,5.1527633128557406e+20,1.3029941551172802e+21,1.3218642717906363e+21,2.8697520834117386e+21,1.0591776221614366e+21,8.453856212525667e+21,1.7022634846377162e+21,2.2009469726502535e+20,1.2634858694133938e+21,1.3590782914386778e+21,2.2181185839559397e+20,1.3148083943942998e+21,2.0904112807286355e+21,1.3633533647177187e+21,1.3633533633976454e+21,1.3633533647580818e+21,9.939940098027924e+20,1.3633533522800948e+21,5.3026847470380365e+20,2.7303441679833413e+22,1.3633533647575392e+21,1.2769318200176578e+21,3.6718036891536517e+20,1.3633533646501165e+21,2.4483145140173495e+20,2.91775296769164e+21,3.5081099881053546e+20,8.420085121894893e+21,4.6739302049364543e+21,1.4846379380553486e+20,5.519171405320517e+20,1.3633515877967276e+21,1.0238927019292749e+21,1.3633533647513526e+21,1.1840072011991364e+21,1.2933338891320226e+23,8.108733380176632e+20,1.3632163810142517e+21,9.362648386282363e+20
Phocaeicola coprocola,2.1261816972255108e+16,3.7064179302208976e+20,4.843678850404024e+19,1.2773241410108934e+20,3.99036865431519e+21,7.542829944086454e+19,1.2543341027833267e+21,1.6345970292462261e+21,2.7014027760303627e+20,5.05335404900029e+20,3.158198033144348e+20,4.858943745859319e+19,4.858943726110879e+19,4.858944055495645e+19,4.8589437392171e+19,4.858944001776041e+19,2.04195115074728e+20,1.289703436940207e+21,5.740424732206215e+20,1.1259861737572469e+21,4.32927978381954e+19,4.725957516347658e+21,4.8589440651207524e+19,1.2131544894609472e+21,8.210238803034038e+19,2.826410556264346e+19,1.4767055839191775e+22,4.858942257573294e+19,4.858943768408376e+19,4.858944009773675e+19,1.9926761872596658e+20,1.6602095000265457e+27,4.858944060829102e+19,7.312297633581956e+19,4.858944066510976e+19,4.858944003643158e+19,4.858942513672838e+19,4.858943815019667e+19,3.1251629353331157e+20,2.018731077907311e+20,2.7328470618511057e+19,5.64801802791655e+19,1.9534090008507063e+20,4.858909027112448e+19,1.599145053660791e+29,2.0049362185174014e+20,2.157053208067941e+19,8.878548192260654e+18,8.688184373763106e+20,9.308774854792143e+21,7.447945785863783e+21,2.697394456228791e+20,7.44612823579499e+19,1.769900486537257e+19,1.3878174369708039e+20,3.871029143518076e+20,3.57016770275492e+19,4.3424528818569884e+20,9.055317836877555e+20,7.3040391407673025e+19,1.0806980064741691e+21,8.236118300625396e+19,6.23428150591991e+19,9.193618200496796e+19,4.3484146511884694e+20,4.1363258821227495e+19,5.435464881398264e+20,1.2035254818481555e+20,1.0578637845173616e+21,1.3147726346292369e+21,0.0,8.469877095909775e+20,1.5230193573462307e+21,2.7142731520869933e+19,3.384171307883856e+22,2.956299276519694e+20,5.198501014472426e+19,8.013431286499565e+20,3.906943544521994e+19,4.74569878205269e+18,1.3953769661169946e+20,5.050260019344928e+20,7.362752235021998e+19,1.0718502746073432e+21,2.9887689666106766e+20,2.8630279895625327e+19,1.0710361319714715e+22,2.8700299720690008e+20,8.199353265983383e+20,6.546508447583095e+18,3.894002415706115e+20,3.012807076054379e+21,1.426061778015149e+21,7.995034310799928e+20,1.177968459471956e+19,7.092402420751306e+18,4.184469268926803e+21,2.5559746520961112e+20,9.768531697381503e+21,3.016989668725101e+21,1.094694493823923e+21,5.128913974652612e+19,4.431288714604604e+19,1.0929662045877398e+21,1.270263537190883e+17,3.405145271827651e+21,4.8589440629901074e+19,4.8589439306431005e+19,4.858944067039872e+19,3.207812547276459e+20,4.8589428165088805e+19,7.845094489872035e+20,2.861809579179054e+22,4.858944066985345e+19,3.784510818257065e+19,1.6819174942656813e+21,4.858944056209237e+19,1.559574737756855e+21,4.2325042073293517e+21,1.6655517078436132e+21,9.734812015206253e+21,5.988659306603576e+21,1.166322966896484e+21,1.8666868037469465e+21,4.8587661149265625e+19,2.9088658245182194e+20,4.8589440663646134e+19,1.3077408727009855e+20,1.306479220338177e+23,5.0391510225746526e+20,4.8452343090794095e+19,3.785136352715135e+20
Phocaeicola coprophilus,8.47002233792296e+20,4.763555266624849e+20,7.985518890220641e+20,7.192574694848484e+20,3.1433978968727895e+21,7.715625908269773e+20,4.0734931730559376e+20,7.876155957004108e+20,5.768565586016041e+20,3.416653316983026e+20,5.311724951018682e+20,8.955684181051343e+20,8.955684179079227e+20,8.955684211939869e+20,8.955684180392502e+20,8.9556842065831e+20,6.4279497088561e+20,4.4271573549979704e+20,2.7295447026368967e+20,2.7899904986410644e+20,8.902734040556891e+20,3.8790026938634826e+21,8.955684212899278e+20,3.661704835878678e+20,7.648866617001662e+20,8.752469176620348e+20,1.3920119443039424e+22,8.955684032522529e+20,8.955684183299905e+20,8.955684207379827e+20,6.477364592035652e+20,1.6602086542139563e+27,8.95568421247141e+20,7.738662381070012e+20,8.955684213037842e+20,8.955684206768466e+20,8.955684058089994e+20,8.955684187951135e+20,5.344797799113031e+20,6.451165611136853e+20,8.743117912950418e+20,7.905105937459573e+20,6.51648745269404e+20,8.95568071496004e+20,1.5991450452085536e+29,6.464986238006248e+20,8.25418129379857e+20,8.558640820777973e+20,2.1831014597928497e+19,8.461819593228303e+21,6.601002368026209e+21,5.772571597449214e+20,7.725310261992101e+20,8.646836041697358e+20,7.082084932079776e+20,4.598863918610964e+20,8.826838382486968e+20,4.1274621735333744e+20,5.8547556763325825e+19,7.739502558990443e+20,2.3371105355527284e+20,7.646305566718795e+20,7.846477364978907e+20,7.550552667417401e+20,4.121471847083346e+20,8.883448122278918e+20,3.034483484846825e+20,7.266364017733058e+20,2.108779019147879e+20,4.6778497723015175e+20,8.469877095909775e+20,0.0,6.760337277662434e+20,8.198454250154493e+20,3.299482017596715e+22,5.5137883102071416e+20,7.950047973124715e+20,4.56589986248282e+19,8.8605106603516e+20,8.51728312867331e+20,7.074581035692594e+20,3.4197243542479405e+20,7.733628186142692e+20,2.248761804523005e+20,5.481125385322167e+20,8.756143817518421e+20,9.86341335964148e+21,5.599864223003573e+20,2.710900412492419e+19,8.535317395981655e+20,4.57592015475486e+20,2.1658271830372332e+21,5.7907514066532663e+20,4.754227567407964e+19,8.352092720059213e+20,8.540793271664163e+20,3.337510606388352e+21,5.913933836303425e+20,8.921601116545989e+21,2.1700239019944942e+21,2.4771457930692556e+20,7.957011078559054e+20,8.912933314189138e+20,2.459807109281636e+20,8.470234469545896e+20,2.558176511725424e+21,8.955684212686896e+20,8.95568419948585e+20,8.955684213090538e+20,5.262100470378436e+20,8.95568408830812e+20,6.251259475123095e+19,2.777118077306368e+22,8.955684213085112e+20,8.091470904321752e+20,8.349386550810959e+20,8.955684212010855e+20,7.12592536941125e+20,3.3855273495225256e+21,8.185716960609164e+20,8.887850735676458e+21,5.141695627094872e+21,3.193406268022302e+20,1.0196997889630195e+21,8.955666443229191e+20,5.561095776316309e+20,8.955684213023244e+20,7.162231952304332e+20,1.2980108469657335e+23,3.430983197495492e+20,8.954314363855148e+20,4.684822787318621e+20
Prevotella sp900313215,1.523033858553269e+21,1.1523891471384353e+21,1.474584019365491e+21,1.395290217190405e+21,2.467370394328902e+21,1.4475952197733688e+21,2.6871669454387983e+20,1.1159362015722326e+20,1.252890282699882e+21,1.0176977330145325e+21,1.2072061304055574e+21,1.5715984445154169e+21,1.5715984443182366e+21,1.5715984476034438e+21,1.5715984444495888e+21,1.5715984470679321e+21,1.3188280453684498e+21,2.3332613453128873e+20,9.489870439680044e+20,3.9703489871627105e+20,1.5663036952347882e+21,3.2029857364229457e+21,1.5715984476993513e+21,3.098649336222449e+20,1.4409190388193173e+21,1.5512776888770618e+21,1.3244108516730654e+22,1.5715984296658797e+21,1.571598444740204e+21,1.5715984471475725e+21,1.323770184056882e+21,1.6602079790036362e+27,1.5715984476565786e+21,1.449898604500868e+21,1.5715984477132027e+21,1.571598447086455e+21,1.5715984322221433e+21,1.571598445205217e+21,1.2105135067783954e+21,1.3211495448200903e+21,1.5503426264804465e+21,1.4665430827343833e+21,1.327681701944719e+21,1.5715980979719753e+21,1.5991450384608852e+29,1.3225319778281618e+21,1.5014500896768566e+21,1.531895420211857e+21,6.542035313441693e+20,7.785798457353468e+21,5.924990031285685e+21,1.2532908814111888e+21,1.4485637973997396e+21,1.540714715175207e+21,1.3842413493333918e+21,1.1359197929590071e+21,1.5587144198299197e+21,1.0887799367108746e+21,6.174881974244624e+20,1.4499828403099418e+21,4.423295412433171e+20,1.4406633237123668e+21,1.460680240276871e+21,1.431088059547479e+21,1.088180499542662e+21,1.564375235884772e+21,9.794815857218347e+20,1.4026689184109686e+21,4.651655795605921e+20,2.0826038674524448e+20,1.5230193573462307e+21,6.760337277662434e+20,0.0,1.4958773267910943e+21,3.2318834718175924e+22,1.2274120463889733e+21,1.4710371362052146e+21,7.216831894683467e+20,1.562081536434096e+21,1.527759618522104e+21,1.3834914993844073e+21,1.0180052792880646e+21,1.4493953668344958e+21,4.511991029170776e+20,1.2241457562018424e+21,1.5516452761512646e+21,9.187396260658977e+21,1.236019604246423e+21,7.030953990337237e+20,1.5295631060587695e+21,1.1336257306087871e+21,1.4897949442313956e+21,9.702701947738123e+19,7.235316980676594e+20,1.5112411781653827e+21,1.5301108086340505e+21,2.661491869774871e+21,1.2674267390198046e+21,8.245595886042136e+21,1.4940032520899173e+21,4.2832548343813793e+20,1.4717334984676695e+21,1.567323587642035e+21,4.300534491631455e+20,1.5230549109209424e+21,1.8821516427302304e+21,1.5715984476781205e+21,1.5715984463583846e+21,1.5715984477184703e+21,1.2022436109165105e+21,1.5715984352432297e+21,7.385229670874427e+20,2.709518150695855e+22,1.5715984477179281e+21,1.4851795516300733e+21,1.5892276534374416e+20,1.5715984476105388e+21,3.658539741954622e+19,2.709495921674858e+21,1.4255270207906577e+20,8.211825941207558e+21,4.4656708780956545e+21,3.567241613613474e+20,3.436686075363353e+20,1.571596671025275e+21,1.2321433038799383e+21,1.5715984477117434e+21,1.3922566311594492e+21,1.2912513343717206e+23,1.0191277894029679e+21,1.5714614769416025e+21,1.1445159515098672e+21
Prevotella sp900551275,2.7157347335898063e+19,3.434990625497712e+20,2.1294064570563027e+19,1.005896839088766e+20,3.963227655676753e+21,4.828577460142757e+19,1.227191610041171e+21,1.6074552525990674e+21,2.4299756584019804e+20,4.781926904034787e+20,2.8867710004274168e+20,7.573049869616408e+19,7.573049849874655e+19,7.573050179060467e+19,7.573049862988505e+19,7.573050125380062e+19,1.7705241618651696e+20,1.2625611347262264e+21,5.468998256068277e+20,1.0988439822368381e+21,7.043413458126241e+19,4.698817320487351e+21,7.573050188677523e+19,1.1860124917595172e+21,5.49596575064106e+19,5.540561561577617e+19,1.4739916734795417e+22,7.573048382089108e+19,7.5730498921491e+19,7.573050133369766e+19,1.721253740036254e+20,1.6602094729299676e+27,7.57305018438923e+19,4.598024998743794e+19,7.573050190066555e+19,7.573050127243608e+19,7.573048638082677e+19,7.573049938735251e+19,2.853735625814511e+20,1.7473042714344364e+20,5.447012675353217e+19,2.9337959368767185e+19,1.6819821636474225e+20,7.573015165301608e+19,1.5991450533900323e+29,1.7335089129335194e+20,5.572891696418055e+18,3.602035652251887e+19,8.416761320526048e+20,9.281634787792962e+21,7.420806231904389e+21,2.4259673129859937e+20,4.731907889469301e+19,4.484078871446871e+19,1.1163901256893427e+20,3.599603646796962e+20,6.284323143432531e+19,4.071026643859552e+20,8.783896207815006e+20,4.58978453059045e+19,1.0535556263911838e+21,5.521873718234648e+19,3.520038616432187e+19,6.479360938890715e+19,4.076989883794758e+20,6.850480496192968e+19,5.164038518478813e+20,9.32098530587797e+19,1.0307213631875129e+21,1.287630312711273e+21,2.7142731520869933e+19,8.198454250154493e+20,1.4958773267910943e+21,0.0,3.3814576010578346e+22,2.6848743361323028e+20,2.4842544738258862e+19,7.742006512929191e+20,6.621093539832184e+19,3.188506282765462e+19,1.1239526224946574e+20,4.7788330295962036e+20,4.6484918360589296e+19,1.0447076725820833e+21,2.717342917623323e+20,5.577224346018168e+19,1.0683221626345096e+22,2.598603865410539e+20,7.927927714862396e+20,3.3687965558136308e+19,3.622575740791419e+20,2.9856655260745225e+21,1.398919343390328e+21,7.723608092440006e+20,1.5363853980565246e+19,3.4234890964439343e+19,4.157328860979502e+21,2.284547681147298e+20,9.74139278205958e+21,2.9898488281224635e+21,1.0675525845670957e+21,2.4146869346277736e+19,7.145421061314823e+19,1.0658241036225826e+21,2.7179419477460414e+19,3.3780043319154856e+21,7.573050186548652e+19,7.573050054288017e+19,7.573050190594947e+19,2.9363857766158988e+20,7.573048940752226e+19,7.573668530229532e+20,2.8590957735595643e+22,7.573050190540485e+19,1.0706627595405597e+19,1.6547758481375237e+21,7.573050179773075e+19,1.5324329088115008e+21,4.2053628894426044e+21,1.6384100049682744e+21,9.70767165296423e+21,5.961518748322053e+21,1.1391804342562199e+21,1.8395446707868543e+21,7.572872300866812e+19,2.6374385530857125e+20,7.573050189920292e+19,1.036318708111751e+20,1.3062078740230102e+23,4.767723798067397e+20,7.559343011334159e+19,3.513709120683133e+20
Prevotella copri_A,3.3841727372139243e+22,3.347114753769113e+22,3.379328689625447e+22,3.3714006693177335e+22,2.985153415693925e+22,3.3766305719358832e+22,3.2587551404377407e+22,3.2207241823282203e+22,3.357163606857308e+22,3.3336473546785523e+22,3.3525951072922587e+22,3.3890274044776204e+22,3.389027404457928e+22,3.3890274047857823e+22,3.3890274044710794e+22,3.3890274047323586e+22,3.3637554952207176e+22,3.2552157578987166e+22,3.3267765133146245e+22,3.271584414266964e+22,3.3884981846848217e+22,2.9115882213449797e+22,3.389027404795348e+22,3.262866737045117e+22,3.375962748705203e+22,3.3869961156817267e+22,1.9074876041993304e+22,3.3890274029952884e+22,3.3890274045000457e+22,3.389027404740298e+22,3.3642513105085868e+22,1.6601756826471877e+27,3.3890274047910813e+22,3.3768606116132006e+22,3.3890274047967285e+22,3.3890274047342003e+22,3.389027403250532e+22,3.3890274045464616e+22,3.3529263611929384e+22,3.3639875170957395e+22,3.38690267024264e+22,3.3785250345839938e+22,3.3646406452202007e+22,3.389027369875391e+22,1.599144715663235e+29,3.3641262458360283e+22,3.3820148787108697e+22,3.3850585544604978e+22,3.2972993680305356e+22,2.4533203570080663e+22,2.639389376348056e+22,3.3572036342075024e+22,3.37672758412205e+22,3.385940203304371e+22,3.3702960024018238e+22,3.3454666017754898e+22,3.3877395611794218e+22,3.340753663618586e+22,3.293627306097061e+22,3.376869263487045e+22,3.2761147368591636e+22,3.375937601367316e+22,3.377938819439739e+22,3.3749801893794777e+22,3.340692959017482e+22,3.3883054603508392e+22,3.329825448205379e+22,3.3721382282955894e+22,3.2783983890079592e+22,3.2527093987052163e+22,3.384171307883856e+22,3.299482017596715e+22,3.2318834718175924e+22,3.3814576010578346e+22,0.0,3.354617192360937e+22,3.378974241558861e+22,3.304047720310566e+22,3.388076150879383e+22,3.3846449883958527e+22,3.370221782282105e+22,3.333677878582764e+22,3.376810482134377e+22,3.2770029798127636e+22,3.3542882393646164e+22,3.3870329693049897e+22,2.313158678201601e+22,3.3554754812555926e+22,3.3021897391820402e+22,3.384825370762044e+22,3.3452378982693147e+22,3.082911090279204e+22,3.2415836833908064e+22,3.304233684571088e+22,3.3829938424375186e+22,3.3848802351997283e+22,2.965737376747431e+22,3.358616168370306e+22,2.4073274089814217e+22,3.08248478876702e+22,3.2747110296760374e+22,3.3790439247659233e+22,3.3886001365145885e+22,3.2748852692704056e+22,3.3841747005080416e+22,3.0436720337762816e+22,3.3890274047932305e+22,3.389027404661542e+22,3.389027404797254e+22,3.352098726455583e+22,3.3890274035520734e+22,3.305732401778799e+22,5.22394074297811e+21,3.3890274047972004e+22,3.3803884819641778e+22,3.2159913627802273e+22,3.3890274047864894e+22,3.228226274333481e+22,2.9609462836482907e+22,3.217628302327346e+22,2.410725782154482e+22,2.7853274804857095e+22,3.2675557277743593e+22,3.197521513983846e+22,3.389027227362925e+22,3.3550890879251154e+22,3.3890274047965834e+22,3.371098301527576e+22,9.680657600979371e+22,3.333791294435176e+22,3.3890137196418795e+22,3.346327349441266e+22
Prevotella stercorea,2.956446009212666e+20,7.502491993272595e+19,2.4719349227454562e+20,1.678995473466584e+20,3.694775817385666e+21,2.202016660323632e+20,9.587169601143694e+20,1.3389944017972445e+21,2.5502324087777358e+19,2.0971462547812617e+20,2.0256181497395327e+19,3.4421733491960794e+20,3.442173347222407e+20,3.442173380126461e+20,3.442173348534308e+20,3.442173374761266e+20,9.144453142069697e+19,9.940909877809599e+20,2.7842506189673487e+20,8.303771541715854e+20,3.389212147526486e+20,4.4303764900312924e+21,3.442173381087585e+20,9.175493089440756e+20,2.1352854228825263e+20,3.238929183475662e+20,1.447148815215077e+22,3.442173200499105e+20,3.442173351448162e+20,3.442173375559664e+20,9.636307265452994e+19,1.660209204970011e+27,3.442173380658999e+20,2.2250754565811293e+20,3.442173381226402e+20,3.442173374947366e+20,3.4421732260906e+20,3.442173356104933e+20,1.692617006841467e+19,9.3767466928709e+19,3.229574771614348e+20,2.3914975403947907e+20,1.0029846101326586e+20,3.4421698798348743e+20,1.5991450507126155e+29,9.514069085146394e+19,2.7405939710932897e+20,3.045077886862457e+20,5.7320872013981306e+20,9.013194238399569e+21,7.152372922392611e+21,2.5903641044494172e+19,2.2116869371730942e+20,3.1332820802400217e+20,1.568503935891972e+20,9.1508279358635e+19,3.31330488763449e+20,1.3863620496484943e+20,6.099253977569851e+20,2.2258959042360702e+20,7.850845843016374e+20,2.132687476855075e+20,2.3328712017793597e+20,2.0369382843270755e+20,1.3924241205489117e+20,3.369920131880902e+20,2.4793051942219468e+20,1.752803658386051e+20,7.622493867427424e+20,1.0191596235240813e+21,2.956299276519694e+20,5.5137883102071416e+20,1.2274120463889733e+21,2.6848743361323028e+20,3.354617192360937e+22,0.0,2.436449445202822e+20,5.0572908663432806e+20,3.3469814115057756e+20,3.003724558634234e+20,1.5609223708476038e+20,2.094068067550657e+20,2.2200252319448865e+20,7.762304374706277e+20,3.839748994610028e+18,3.2425965383779136e+20,1.0414785828884236e+22,8.852819433097393e+18,5.243184946213396e+20,3.021753989136174e+20,9.379297347195005e+19,2.7172060100836385e+21,1.1304456870730992e+21,5.038842699698831e+20,2.8385038564333502e+20,3.027222323888226e+20,3.888885433498347e+21,4.006086990016098e+19,9.47296724715757e+21,2.7214002986354166e+21,7.990921384946943e+20,2.443407879564278e+20,3.399412718404362e+20,7.973595315995804e+20,2.956668529419934e+20,3.1095538582212633e+21,3.442173380874826e+20,3.442173367655053e+20,3.442173381279205e+20,2.5216835331420606e+19,3.442173256345357e+20,4.888914343468895e+20,2.832254169069096e+22,3.442173381273764e+20,2.5778545852142853e+20,1.386317189103359e+21,3.4421733801976516e+20,1.2639713623765575e+21,3.936906119443406e+21,1.369950386326131e+21,9.43922705794107e+21,5.693072261404582e+21,8.707049776749281e+20,1.5710765154580853e+21,3.4421555969745296e+20,4.850174210357519e+18,3.442173381211784e+20,1.648561036809292e+20,1.3035241165229134e+23,2.0828883377572056e+20,3.44080286463494e+20,8.289882042928723e+19
Prevotella sp015074785,5.199967105490897e+19,3.186571128036906e+20,3.5505580752701046e+18,7.574788936725402e+19,3.938389043666615e+21,2.344328960968629e+19,1.20235050085359e+21,1.5826154933159948e+21,2.1815538612500696e+20,4.533508921704948e+20,2.6383540514098656e+20,1.0057298584116861e+20,1.0057298564375965e+20,1.0057298893536725e+20,1.0057298577490726e+20,1.0057298839861235e+20,1.5221081149431392e+20,1.2377204404821806e+21,5.220583226393031e+20,1.0740035150075189e+21,9.52766574334752e+19,4.673979824352747e+21,1.0057298903152776e+20,1.1611723762896318e+21,3.0118137940937507e+19,8.024815915110367e+19,1.4715080636033999e+22,1.005729709668554e+20,1.00572986066475e+20,1.005729884784995e+20,1.472828293185095e+20,1.6602094481394076e+27,1.0057298898864903e+20,2.1138561307470217e+19,1.0057298904541657e+20,1.0057298841724338e+20,1.0057297352665612e+20,1.0057298653230476e+20,2.605315441837142e+20,1.498889242687529e+20,7.931267137231002e+19,4.495774102688065e+18,1.4335670580004561e+20,1.0057263881639354e+20,1.5991450531423343e+29,1.485088921823929e+20,3.041448407796567e+19,6.086286197388129e+19,8.168354593657434e+20,9.256797441978599e+21,7.39596957093333e+21,2.1775456416863722e+20,2.247658683210061e+19,6.968332274987254e+19,8.679715529957841e+19,3.35119207176516e+20,8.768577277459795e+19,3.82261266236736e+20,8.535492272486791e+20,2.105538283390501e+19,1.028714780039991e+21,3.0376206976348336e+19,1.0357842063564394e+19,3.9951173985398645e+19,3.828580081772536e+20,9.33473429598738e+19,4.915623918285062e+20,6.836846441439168e+19,1.0058804274865707e+21,1.2627895772051766e+21,5.198501014472426e+19,7.950047973124715e+20,1.4710371362052146e+21,2.4842544738258862e+19,3.378974241558861e+22,2.436449445202822e+20,0.0,7.493596042840973e+20,9.10534725796657e+19,5.672760679428576e+19,8.755274016294448e+19,4.530415949067471e+20,2.1642546793644528e+19,1.0198662831986546e+21,2.4689300822060902e+20,8.06147792829629e+19,1.065838477238631e+22,2.3501909097864646e+20,7.679515262378877e+20,5.8530477719438565e+19,3.374160275451661e+20,2.9608260974415603e+21,1.3740783630820793e+21,7.475193726567379e+20,4.0205576987796546e+19,5.907729122991471e+19,4.1324910806902605e+21,2.0361313433843024e+20,9.716556934304961e+21,2.965010458161399e+21,1.0427126340399154e+21,6.975562556244282e+17,9.62967312440322e+19,1.0409838095184462e+21,5.202194006552681e+19,3.353165812316685e+21,1.0057298901024126e+20,1.0057298768774346e+20,1.0057298905069987e+20,2.6879701201439084e+20,1.0057297655314145e+20,7.325254960066865e+20,2.856612294023816e+22,1.0057298905015535e+20,1.4142708317507031e+19,1.6299363003229243e+21,1.005729889424921e+20,1.5075930654860834e+21,4.180523803878758e+21,1.6135703657468078e+21,9.682833906968102e+21,5.936680745513061e+21,1.1143392298022522e+21,1.8147042836702364e+21,1.0057121023332165e+20,2.3890177449063576e+20,1.0057298904395409e+20,7.878933044077527e+19,1.3059595666459772e+23,4.519302420526934e+20,1.0043592063221421e+20,3.265290618710942e+20
Prevotella copri,8.013576744637454e+20,4.307068738034052e+20,7.529069207280176e+20,6.736119203751066e+20,3.189050147816026e+21,7.259170920562578e+20,4.529909863159877e+20,8.332668874893324e+20,5.3120877304270664e+20,2.960145875991799e+20,4.855254815619961e+20,8.499250629417401e+20,8.499250627445058e+20,8.499250660311855e+20,8.499250628758153e+20,8.499250654953898e+20,5.971490956390244e+20,4.8836212808272885e+20,2.2730403383468953e+20,3.246484821302625e+20,8.446298651013741e+20,3.924656804264405e+21,8.499250661271505e+20,4.118221070892355e+20,7.192414860422868e+20,8.296030386212113e+20,1.3965774531036243e+22,8.499250480864614e+20,8.499250631666459e+20,8.499250655750859e+20,6.020882875979334e+20,1.6602086998546505e+27,8.499250660843537e+20,7.282210561662416e+20,8.499250661410105e+20,8.499250655139366e+20,8.49925050643553e+20,8.499250636318478e+20,4.888318374457202e+20,5.994708324507288e+20,8.286678625826548e+20,7.448652326635784e+20,6.060030437866407e+20,8.499247162856487e+20,1.5991450456647746e+29,6.008521952573802e+20,7.797732850533697e+20,8.102197660039036e+20,6.748352819139335e+19,8.507473300869124e+21,6.646657183376636e+21,5.31609419827397e+20,7.268853368478427e+20,8.190394667937306e+20,6.625628135815368e+20,4.1424041045490644e+20,8.370400934798274e+20,3.670989444360892e+20,1.0420433182497232e+20,7.283048092242208e+20,2.793557993976251e+20,7.189848880429778e+20,7.390023688233196e+20,7.094095810593303e+20,3.665016652764468e+20,8.427011771778795e+20,2.577990035874516e+20,6.809911406515611e+20,2.565210138171934e+20,5.134309426003814e+20,8.013431286499565e+20,4.56589986248282e+19,7.216831894683467e+20,7.742006512929191e+20,3.304047720310566e+22,5.0572908663432806e+20,7.493596042840973e+20,0.0,8.404074001425379e+20,8.060840340975288e+20,6.618114627381144e+20,2.9632228695478324e+20,7.277174184738526e+20,2.7050944911160915e+20,5.024666606576007e+20,8.299704020378761e+20,9.90906767844736e+21,5.1434057858827715e+20,1.8601071468551287e+19,8.078874031667173e+20,4.119446534564604e+20,2.2114777865670597e+21,6.247187806503852e+20,2.1795643230278636e+18,7.89564463103955e+20,8.084348860315338e+20,3.383164420755283e+21,5.457470813152099e+20,8.967256682170637e+21,2.2156772070282402e+21,2.9336899124153198e+20,7.500558535849321e+20,8.456498164071563e+20,2.9163229538192884e+20,8.013790361615659e+20,2.603829234498745e+21,8.49925066105907e+20,8.499250647855375e+20,8.499250661462817e+20,4.805633353520031e+20,8.499250536658865e+20,1.6858300436748255e+19,2.7816836938351493e+22,8.499250661457387e+20,7.635017273250411e+20,8.805906802104576e+20,8.49925066038287e+20,7.582437015545355e+20,3.4311783997248084e+21,8.642234032871945e+20,8.933503790100087e+21,5.187348602039758e+21,3.6498012173802943e+20,1.0653475170530804e+21,8.499232889512466e+20,5.1046177117973696e+20,8.499250661395506e+20,6.705764449712876e+20,1.2984674298877476e+23,2.9744524729742007e+20,8.497880712411127e+20,4.228338973486634e+20
Paraprevotella clara,3.90546365885564e+19,4.09708403581714e+20,8.750469094894797e+19,1.6679944887976355e+20,4.0294272637320246e+21,1.1449662682142153e+20,1.293398352000417e+21,1.673658278317612e+21,3.0920754918901744e+20,5.444015438815857e+20,3.548859402394113e+20,9.520211320069069e+18,9.52021112251096e+18,9.520214418638254e+18,9.520211253477108e+18,9.520213880989293e+18,2.432614089864331e+20,1.3287667554412902e+21,6.13107889621868e+20,1.1650490579798482e+21,4.2234185670371123e+18,4.765013830508758e+21,9.520214514982828e+18,1.2522166046004048e+21,1.2116971692048669e+20,1.0805369623319636e+19,1.4806109197308147e+22,9.52019642859275e+18,9.520211545748685e+18,9.52021396105825e+18,2.3833629114731876e+20,1.6602095389984074e+27,9.520214472027417e+18,1.1219060483271628e+20,9.520214528898925e+18,9.520213899702768e+18,9.52019899077556e+18,9.520212012147941e+18,3.515831309069054e+20,2.4093924325669165e+20,1.1740966083368356e+19,9.554888029135598e+19,2.3440708093696898e+20,9.519863970850509e+18,1.599145054050155e+29,2.3956063694332664e+20,6.0639432917898215e+19,3.0190989149859865e+19,9.078818747506953e+20,9.347830747076755e+21,7.487000346057843e+21,3.0880668725460874e+20,1.1353001068701498e+20,2.13704436764341e+19,1.778487875432954e+20,4.261678486417281e+20,3.3677588383358223e+18,4.733106238348027e+20,9.445946201512032e+20,1.1210868517125743e+20,1.1197617198936558e+21,1.2142962830514404e+20,1.0141130919929982e+20,1.3100437268026956e+20,4.739059655977999e+20,2.293872658102682e+18,5.8261183494453323e+20,1.5941915893185993e+20,1.0969277012573095e+21,1.3538360367057653e+21,3.906943544521994e+19,8.8605106603516e+20,1.562081536434096e+21,6.621093539832184e+19,3.388076150879383e+22,3.3469814115057756e+20,9.10534725796657e+19,8.404074001425379e+20,0.0,3.4325919989488845e+19,1.786061053640139e+20,5.440919330307181e+20,1.1269569025129662e+20,1.1109152132929796e+21,3.379422823445741e+20,1.0439349412917004e+19,1.074941620997832e+22,3.260684407700402e+20,8.59000023288856e+20,3.2523288000404943e+19,4.284659488122818e+20,3.051867443736745e+21,1.465125699761667e+21,8.385685689374535e+20,5.08490615676893e+19,3.1977074805989085e+19,4.223526181798131e+21,2.946636255227195e+20,9.807584613039073e+21,3.0560478607655656e+21,1.1337563216909116e+21,9.035779246142831e+19,5.243498643826278e+18,1.1320287395436319e+21,3.903170187201311e+19,3.444203731794068e+21,9.5202144936558e+18,9.520213169192475e+18,9.52021453419374e+18,3.598471223066501e+20,9.520202021034652e+18,8.23574412730672e+20,2.865714654791529e+22,9.5202145336477e+18,7.691445776718922e+19,1.7209782954970482e+21,9.520214425785758e+18,1.5986361798728158e+21,4.27156378381274e+21,1.7046127012036883e+21,9.773868710777925e+21,6.027716592242629e+21,1.205387454121682e+21,1.9057493395521352e+21,9.518434323358065e+18,3.299535924006381e+20,9.520214527434125e+18,1.6984280301359802e+20,1.3068696499875662e+23,5.4298209232728615e+20,9.383091081735266e+18,4.1758001010889995e+20
Paraprevotella xylaniphila,4.730492288675548e+18,3.753835394764015e+20,5.317897087597828e+19,1.3247424857600433e+20,3.9951079248929127e+21,8.017082362307551e+19,1.2590750203200392e+21,1.639337014834344e+21,2.748823029401789e+20,5.100769742063255e+20,3.205613382164595e+20,4.384565332912499e+19,4.3845653131679334e+19,4.384565642436591e+19,4.384565326278687e+19,4.384565588739899e+19,2.0893667025995347e+20,1.2944440482958845e+21,5.7878376935007394e+20,1.1307266407836017e+21,3.854917383361856e+19,4.730696188292026e+21,4.384565652056988e+19,1.2178947212654918e+21,8.684430757430031e+19,2.352057118625371e+19,1.477179379167653e+22,4.3845638450685436e+19,4.384565355451991e+19,4.384565596732889e+19,2.0401043500939474e+20,1.6602095047489765e+27,4.384565647767301e+19,7.786504841032095e+19,4.384565653446514e+19,4.384565590604918e+19,4.384564101106491e+19,4.384565402048627e+19,3.172581277576258e+20,2.0661459364239347e+20,2.258506595663011e+19,6.1222976909362725e+19,2.000824009668205e+20,4.384530622555127e+19,1.5991450537079565e+29,2.0523550026683318e+20,2.631353890885818e+19,4.135838897294162e+18,8.735590685041377e+20,9.313513429653691e+21,7.4526840248788e+21,2.744814564994786e+20,7.920411258092205e+19,1.2955763561536047e+19,1.4352359394385383e+20,3.918440013171462e+20,3.095819743326881e+19,4.38986534608609e+20,9.102722240250316e+20,7.77828893455373e+19,1.0854387390643988e+21,8.710379774468597e+19,6.708544859678236e+19,9.667862946358321e+19,4.3958240634389765e+20,3.6619784113725633e+19,5.482877548336017e+20,1.25094168203323e+20,1.0626045836148546e+21,1.319513273684776e+21,4.74569878205269e+18,8.51728312867331e+20,1.527759618522104e+21,3.188506282765462e+19,3.3846449883958527e+22,3.003724558634234e+20,5.672760679428576e+19,8.060840340975288e+20,3.4325919989488845e+19,0.0,1.442803158276009e+20,5.097674883140727e+20,7.836993464458324e+19,1.0765914258614941e+21,3.036181268448095e+20,2.3887198204422853e+19,1.071509964487758e+22,2.917442452882842e+20,8.246763808751523e+20,1.8038724647572232e+18,3.9414162185716466e+20,3.0175468261892256e+21,1.4308025900897796e+21,8.042446419233222e+20,1.6523648418813692e+19,2.353825438280525e+18,4.1892080924052234e+21,2.6033898936063436e+20,9.773269539083975e+21,3.0217288204869037e+21,1.0994346330456301e+21,5.6031891961207595e+19,3.956925674250586e+19,1.097706560612527e+21,4.705878693015859e+18,3.409884498592214e+21,4.38456564992738e+19,4.384565517630814e+19,4.384565653975115e+19,3.25522681593492e+20,4.384564403845452e+19,7.89250596016171e+20,2.862283313067358e+22,4.384565653920627e+19,4.2588725352904606e+19,1.6866573503897338e+21,4.384565643149605e+19,1.564314778426213e+21,4.2372437429495194e+21,1.670291619359291e+21,9.739550795396419e+21,5.993398233584032e+21,1.1710639631782668e+21,1.8714271812927386e+21,4.384387738046404e+19,2.956284898367469e+20,4.38456565330021e+19,1.3551692494612768e+20,1.3065265763737274e+23,5.0865703166245936e+20,4.370857382062831e+19,3.8325528310680925e+20
Alistipes onderdonkii,1.3955237361201734e+20,2.311063037062093e+20,9.110141729987612e+19,1.1820330406566973e+19,3.8508482292360455e+21,6.410949243536227e+19,1.1148018720291029e+21,1.4950712774812125e+21,1.3060393066571168e+20,3.6580039676952733e+20,1.7628598877938034e+20,1.881254557699467e+20,1.8812545557256025e+20,1.881254588635144e+20,1.8812545570373127e+20,1.8812545832688753e+20,6.466442604031203e+19,1.150173193285114e+21,4.345088186024951e+20,9.864571354167134e+20,1.8282923490966235e+20,4.5864426601331284e+21,1.881254589596487e+20,1.0736271579950307e+21,5.743725128230132e+19,1.678008325440921e+20,1.462754782155254e+22,1.8812544089814008e+20,1.8812545599519965e+20,1.8812545840674895e+20,5.973035711716375e+19,1.6602093607613524e+27,1.8812545891678093e+20,6.641577821849463e+19,1.8812545897353367e+20,1.8812545834550706e+20,1.881254434575876e+20,1.881254564609465e+20,1.729806443152036e+20,6.234353796431142e+19,1.6686536710098993e+20,8.30575186989212e+19,5.581181338214407e+19,1.8812510879325015e+20,1.5991450522692707e+29,6.095953355121238e+19,1.1796716871017565e+20,1.4841560165328136e+20,7.292885794979746e+20,9.169260584284021e+21,7.30843503679756e+21,1.3020317145362078e+20,6.507646195195148e+19,1.5723605090538406e+20,9.661786484949581e+17,2.4757172890521318e+20,1.7523842789619122e+20,2.9471251876201585e+20,7.660033033299887e+20,6.649742874007845e+19,9.411671203372696e+20,5.7176533312819945e+19,7.719490546590025e+19,4.76017518901502e+19,2.953110026456946e+20,1.8089997783047035e+20,4.040131021122434e+20,1.919905487834357e+19,9.18332474555153e+20,1.1752421798254598e+21,1.3953769661169946e+20,7.074581035692594e+20,1.3834914993844073e+21,1.1239526224946574e+20,3.370221782282105e+22,1.5609223708476038e+20,8.755274016294448e+19,6.618114627381144e+20,1.786061053640139e+20,1.442803158276009e+20,0.0,3.654914379608245e+20,6.591041675594587e+19,9.323167879183634e+20,1.5934581323121338e+20,1.6816750506189193e+20,1.0570849512972645e+22,1.4747202133412543e+20,6.804026673331308e+20,1.4608321627941727e+20,2.498668463760408e+20,2.873282680352005e+21,1.2865301081234947e+21,6.599698628681693e+20,1.277581485938104e+20,1.4663001134455942e+20,4.0449530168438985e+21,1.1606476210539163e+20,9.62902503553994e+21,2.877470572112292e+21,9.551680870327546e+20,8.824855850700723e+19,1.8384930061826638e+20,9.534380570382741e+20,1.3957467576573593e+20,3.2656253679313433e+21,1.8812545893836797e+20,1.8812545761615318e+20,1.881254589788153e+20,1.8124817110531208e+20,1.8812544648352445e+20,6.44976275308058e+20,2.8478594367750987e+22,1.88125458978271e+20,1.0169329409093163e+20,1.542392785891776e+21,1.881254588706361e+20,1.4200485948451735e+21,4.092981405726968e+21,1.526026546339267e+21,9.595295722229656e+21,5.849141820707453e+21,1.0267903151336557e+21,1.727157883334212e+21,1.881236803709781e+20,1.5135068766948878e+20,1.881254589720715e+20,8.765327958596264e+18,1.3050844154707814e+23,3.6437852914754676e+20,1.8798839956150954e+20,2.389786412239172e+20
Alistipes finegoldii,5.0504059039468526e+20,1.343853127095747e+20,4.565893202792019e+20,3.772937182253744e+20,3.485370173488448e+21,4.295986502779136e+20,7.493110561936445e+20,1.1295879922032302e+21,2.3488775183361022e+20,3.748687803832694e+17,1.8920620546225606e+20,5.5361021698988147e+20,5.5361021679259825e+20,5.536102200806314e+20,5.5361021692386646e+20,5.5361021954457364e+20,3.008308876192609e+20,7.846842773972343e+20,6.901825559013327e+19,6.209704025312191e+20,5.483146474131283e+20,4.220973079618192e+21,5.536102201766496e+20,7.081428714463374e+20,4.2292369529103634e+20,5.332871826328698e+20,1.4262087326463294e+22,5.5361020212934594e+20,5.536102172148968e+20,5.536102196243215e+20,3.0576660306207624e+20,1.6602089958155084e+27,5.536102201338304e+20,4.319031950799638e+20,5.5361022019051736e+20,5.536102195631431e+20,5.5361020468719183e+20,5.536102176802717e+20,1.9251085192877742e+20,3.0315290910927684e+20,5.3235190705794037e+20,4.485469368411657e+20,3.096851109431012e+20,5.536098702311853e+20,1.599145048622438e+29,3.0453288070877466e+20,4.834557666461671e+20,5.139031187690442e+20,3.638021383029523e+20,8.803790483798757e+21,6.942971138685645e+21,2.3528845845749786e+20,4.305665494600347e+20,5.2272313362188553e+20,3.6624443964646706e+20,1.1792648758517724e+20,5.407244775986971e+20,7.07830299460958e+19,4.005193262531817e+20,4.3198644913385924e+20,5.756778779824674e+20,4.226661792460808e+20,4.426840933996899e+20,4.1309089509410406e+20,7.0195865881120735e+19,5.4638576219690336e+20,3.852461476285834e+19,3.846734542061724e+20,5.5284277476276516e+20,8.097529722668753e+20,5.050260019344928e+20,3.4197243542479405e+20,1.0180052792880646e+21,4.7788330295962036e+20,3.333677878582764e+22,2.094068067550657e+20,4.530415949067471e+20,2.9632228695478324e+20,5.440919330307181e+20,5.097674883140727e+20,3.654914379608245e+20,0.0,4.3139914761989e+20,5.668254116997961e+20,2.061498314424928e+20,5.336543309368611e+20,1.0205383176460337e+22,2.1802359709603463e+20,3.1491206135016155e+20,5.1157072843921254e+20,1.1562605574506874e+20,2.507799455520984e+21,9.210396007831716e+20,2.9447856786192545e+20,4.932469581153915e+20,5.121179966194185e+20,3.679481494865017e+21,2.494285367881986e+20,9.26356754741283e+21,2.511995506217916e+21,5.896864095148745e+20,4.5373772592508935e+20,5.4933464461045e+20,5.879530264030381e+20,5.0506224950693475e+20,2.9001485597081684e+21,5.536102201553944e+20,5.536102188344417e+20,5.536102201957918e+20,1.8424482179057438e+20,5.53610207710669e+20,2.7948526211752074e+20,2.8113144488860957e+22,5.536102201952485e+20,4.671833300408165e+20,1.1769110727272754e+21,5.5361022008773915e+20,1.0545649018548803e+21,3.7274997521774543e+21,1.1605441310757572e+21,9.229822407771371e+21,5.483667411792191e+21,6.61299276838423e+20,1.3616697641862845e+21,5.5360844254593286e+20,2.1414083973703595e+20,5.536102201890567e+20,3.742562199729399e+20,1.3014302923056296e+23,1.6020134129122726e+18,5.534732039226906e+20,1.2651279746155664e+20
Alistipes shahii,7.3642172957193855e+19,2.9701460020194365e+20,2.51910005506421e+19,5.410552650228099e+19,3.916748164931183e+21,1.8015039829453755e+18,1.1807082743575877e+21,1.560973962483362e+21,1.9651284012007273e+20,4.3170841594797326e+20,2.421929777042706e+20,1.2221505285818925e+20,1.2221505266079877e+20,1.2221505595186953e+20,1.222150527919657e+20,1.2221505541521985e+20,1.3056845771554601e+20,1.2160784117021339e+21,5.0041594784995646e+20,1.0523616081366645e+21,1.1691881865745844e+20,4.6523396416000056e+21,1.222150560480085e+20,1.1395306572622219e+21,8.477369366626421e+18,1.0189042632549663e+20,1.4693441344910119e+22,1.222150379859347e+20,1.2221505308345172e+20,1.2221505549508587e+20,1.2564066867528717e+20,1.6602094265348405e+27,1.222150560051388e+20,5.243864478037531e+17,1.2221505606189413e+20,1.2221505543384144e+20,1.2221504054544551e+20,1.222150535492134e+20,2.3888901867192585e+20,1.2824662426534614e+20,1.009549699653949e+20,1.7147820006307107e+19,1.2171440717770465e+20,1.2221470587288646e+20,1.599145052926456e+29,1.2686638155720008e+20,5.2057012072457994e+19,8.250527428082008e+19,7.95193456057857e+20,9.235157341607759e+21,7.374329919512087e+21,1.96112018906055e+20,8.546573373735846e+17,9.132568492903855e+19,6.515473535398229e+19,3.134770081191257e+20,1.093280161903927e+20,3.6061894608207046e+20,8.319073700135347e+20,5.882511898038234e+17,1.007072680923205e+21,8.734266610273969e+18,1.1284959028450738e+19,1.8308694947938773e+19,3.612158897639767e+20,1.1498956279061556e+20,4.6992003609497194e+20,4.672644904138047e+19,9.842382857284971e+20,1.2411475272292885e+21,7.362752235021998e+19,7.733628186142692e+20,1.4493953668344958e+21,4.6484918360589296e+19,3.376810482134377e+22,2.2200252319448865e+20,2.1642546793644528e+19,7.277174184738526e+20,1.1269569025129662e+20,7.836993464458324e+19,6.591041675594587e+19,4.3139914761989e+20,0.0,9.982239400062361e+20,2.2525077001949004e+20,1.0225713202314925e+20,1.0636744988258233e+22,2.133768511307447e+20,7.463092492831314e+20,8.017288222385727e+19,3.1577364935969184e+20,2.9391847379687435e+21,1.352436193090479e+21,7.25877016062901e+20,6.18481223922709e+19,8.071977250372054e+19,4.110850719923488e+21,1.8197074451516473e+20,9.694917816960678e+21,2.943369737031953e+21,1.0210710131675984e+21,2.2338589367353803e+19,1.1793888481801534e+20,1.0193419969646165e+21,7.366433451896163e+19,3.331524994596369e+21,1.2221505602672673e+20,1.2221505470446146e+20,1.2221505606717609e+20,2.47154635955915e+20,1.2221504357148026e+20,7.10883172327197e+20,2.8544484520621196e+22,1.2221505606663173e+20,3.578430950170388e+19,1.6082948905189483e+21,1.2221505595899178e+20,1.4859514886239675e+21,4.158882638409e+21,1.5919289032497355e+21,9.661193550969342e+21,5.915040235436005e+21,1.0926969625639644e+21,1.793062403233819e+21,1.2221327742178366e+20,2.172592384650777e+20,1.2221505606043191e+20,5.7147347858897625e+19,1.3057432108344918e+23,4.302876972222652e+20,1.2207799505874672e+20,3.048865756737872e+20
Alistipes putredinis,1.0718648390449239e+21,7.012107077330424e+20,1.0234138042384765e+21,9.441184206362398e+20,2.918567798030151e+21,9.964235185715275e+20,1.8248828282783865e+20,5.627899750056726e+20,8.01713162259171e+20,5.665167124062805e+20,7.560310970601064e+20,1.1204330784062454e+21,1.1204330782089963e+21,1.1204330814960779e+21,1.1204330783402939e+21,1.1204330809602044e+21,8.676554848217723e+20,2.178732434740774e+20,4.9780804108841766e+20,5.424867609964083e+19,1.1151377623301004e+21,3.654184836066694e+21,1.1204330815920586e+21,1.4138620079130719e+20,9.897482433089516e+20,1.1001107095852827e+21,1.3695307538571524e+22,1.1204330635494039e+21,1.1204330786311835e+21,1.120433081039916e+21,8.725917323421577e+20,1.6602084298133143e+27,1.1204330815492552e+21,9.987277887162598e+20,1.1204330816059209e+21,1.1204330809787579e+21,1.1204330661067202e+21,1.1204330790964369e+21,7.593362604273963e+20,8.69977360615817e+20,1.0991754975155417e+21,1.0153717563081388e+21,8.765095789126623e+20,1.1204327317195922e+21,1.5991450429664383e+29,8.713579792486076e+20,1.0502802332351756e+21,1.08072712148348e+21,2.0304579099127343e+20,8.236997100607087e+21,6.376189062818772e+21,8.021138698767337e+20,9.973915641307563e+20,1.0895469534701738e+21,9.330692112140417e+20,6.847474303503468e+20,1.1075478540134271e+21,6.376050242145562e+20,1.6635077152358154e+20,9.988112829741975e+20,9.099615984712192e+18,9.894911556850796e+20,1.0095088982935635e+21,9.799158538056347e+20,6.370092905530044e+20,1.1132090095571274e+21,5.2830390726122465e+20,9.51497901802767e+20,1.4099061625958093e+19,2.4293889671785257e+20,1.0718502746073432e+21,2.248761804523005e+20,4.511991029170776e+20,1.0447076725820833e+21,3.2770029798127636e+22,7.762304374706277e+20,1.0198662831986546e+21,2.7050944911160915e+20,1.1109152132929796e+21,1.0765914258614941e+21,9.323167879183634e+20,5.668254116997961e+20,9.982239400062361e+20,0.0,7.729733819918013e+20,1.1004779966695288e+21,9.638595292936534e+21,7.848472860842358e+20,2.519153766721437e+20,1.0783947453312827e+21,6.824503120013691e+20,1.9409891885070528e+21,3.5421691178355884e+20,2.7234694645452115e+20,1.0600714265892736e+21,1.0789421403970982e+21,3.112690944279228e+21,8.162532096665289e+20,8.69679434865202e+21,1.9452023347508966e+21,2.339012227730073e+19,1.0205624717489342e+21,1.1161577289785136e+21,2.1488762803958088e+19,1.0718863264447062e+21,2.3333501154418457e+21,1.1204330815708117e+21,1.1204330802502692e+21,1.1204330816111932e+21,7.510693138298018e+20,1.1204330691293935e+21,2.8734083017534344e+20,2.754637933003622e+22,1.12043308161065e+21,1.0340082104968072e+21,6.101172922160592e+20,1.1204330815031812e+21,4.8776790585195423e+20,3.1606903586550296e+21,5.937483434806331e+20,8.6630237278965e+21,4.916868898353565e+21,9.447625600871426e+19,7.948523353328858e+20,1.1204313042804332e+21,7.809662494917387e+20,1.1204330816044608e+21,9.410816055193929e+20,1.295763187270642e+23,5.679421561819253e+20,1.1202960802647043e+21,6.933381865354038e+20
Alistipes_A indistinctus,2.988914634872107e+20,7.1770387132820865e+19,2.5044044324336373e+20,1.711452616486983e+20,3.691503017721923e+21,2.234504325881395e+20,9.554575060318552e+20,1.3357254766939283e+21,2.875965889446479e+19,2.064597296121828e+20,1.6949475601981635e+19,3.474604647977198e+20,3.4746046460044306e+20,3.474604678882956e+20,3.474604647317169e+20,3.474604673522728e+20,9.4682477379366e+19,9.908279087432084e+20,2.7516565050243734e+20,8.27111518103857e+20,3.421649504975352e+20,4.4270989428780024e+21,3.474604679843067e+20,9.142813592113696e+20,2.167749200403258e+20,3.271376172764266e+20,1.446820641500076e+22,3.474604499378845e+20,3.474604650227205e+20,3.4746046743201376e+20,9.963075213499435e+19,1.6602092016084038e+27,3.474604679414905e+20,2.2575447948579357e+20,3.4746046799817336e+20,3.4746046737083924e+20,3.474604524956302e+20,3.474604654880723e+20,1.367180966143997e+19,9.70041730931407e+19,3.2620236858724306e+20,2.423985875287881e+20,1.0353638341303694e+20,3.474601180526596e+20,1.599145050678784e+29,9.838628417906559e+19,2.7730686187869536e+20,3.077538018446591e+20,5.699430845260844e+20,9.009916909732419e+21,7.149092678159462e+21,2.9159265861255287e+19,2.244186944488272e+20,3.1657370620038644e+20,1.6009615781629605e+20,8.822626758005576e+19,3.3457485773774986e+20,1.3536840828509685e+20,6.066575616698726e+20,2.2583815371621938e+20,7.818220312108912e+20,2.165182398119956e+20,2.3653572392171507e+20,2.069429343638118e+20,1.3596535514843165e+20,3.402361022164152e+20,2.4466962837982318e+20,1.7852456663630545e+20,7.589875676388752e+20,1.0158969703471629e+21,2.9887689666106766e+20,5.481125385322167e+20,1.2241457562018424e+21,2.717342917623323e+20,3.3542882393646164e+22,3.839748994610028e+18,2.4689300822060902e+20,5.024666606576007e+20,3.379422823445741e+20,3.036181268448095e+20,1.5934581323121338e+20,2.061498314424928e+20,2.2525077001949004e+20,7.729733819918013e+20,0.0,3.2750482778933776e+20,1.0411506673610782e+22,1.187391931658625e+19,5.2105852412366855e+20,3.0542142054857946e+20,9.05237763376226e+19,2.7139369239930355e+21,1.1271854406804608e+21,5.006265381298832e+20,2.8709805376242077e+20,3.059687829781193e+20,3.88560888645486e+21,4.328118096079514e+19,9.469684299321311e+21,2.718125729156335e+21,7.958222829431348e+20,2.4758923474274527e+20,3.4318494020831923e+20,7.940923074064359e+20,2.989129828796801e+20,3.106280298806572e+21,3.474604679630531e+20,3.474604666421782e+20,3.474604680034474e+20,2.190653202723574e+19,3.4746045551895485e+20,4.856325614310144e+20,2.8319255832686343e+22,3.474604680029041e+20,2.6103507792512513e+20,1.3830470490335611e+21,3.474604678954025e+20,1.2607027852386983e+21,3.933635787781102e+21,1.3666807749592547e+21,9.435951417680307e+21,5.689797249972162e+21,8.674462226199161e+20,1.5678123170113774e+21,3.474586904139054e+20,8.054551947633746e+18,3.474604679967128e+20,1.6811099964362952e+20,1.3034911447364294e+23,2.0504322388480688e+20,3.4732345456075355e+20,7.964006303614416e+19
Parabacteroides distasonis,2.8615511200063074e+19,3.992705396962466e+20,7.706616781471341e+19,1.5636133853806222e+20,4.018992207299262e+21,1.0405801461937286e+20,1.2829613813521244e+21,1.6632223298257926e+21,2.9876942396746734e+20,5.3396386768112904e+20,3.444482329882052e+20,1.9959548921914626e+19,1.99595487243701e+19,1.9959552020069274e+19,1.9959548855355064e+19,1.995955148250571e+19,2.3282360521585318e+20,1.318330104795743e+21,6.026704763797796e+20,1.1546125479646817e+21,1.4662767911114508e+19,4.754579516204029e+21,1.9959552116396175e+19,1.2417803553287278e+21,1.107314496629555e+20,3.746408597181812e+17,1.4795675837818095e+22,1.9959534032049455e+19,1.9959549147558605e+19,1.995955156255712e+19,2.278975940288178e+20,1.660209528589106e+27,1.9959552073448112e+19,1.0175222523180383e+20,1.9959552130309652e+19,1.9959551501211116e+19,1.9959536594011693e+19,1.9959549613904232e+19,3.411451740093192e+20,2.3050149171787176e+20,1.3030943395539927e+18,8.51101091794822e+19,2.2396931017521516e+20,1.9959201602739614e+19,1.5991450539461635e+29,2.2912258173391025e+20,5.020052174238456e+19,1.975197221333181e+19,8.974451646882821e+20,9.337396579135734e+21,7.47656659827515e+21,2.983685729824357e+20,1.0309124639000825e+20,1.093145699828029e+19,1.6741068421836915e+20,4.157305722018887e+20,7.071646405811292e+18,4.628732199579827e+20,9.341581142351264e+20,1.016700821019238e+20,1.1093249273468358e+21,1.1099097996378969e+20,9.097262090094533e+19,1.2056582693959444e+20,4.634688462216348e+20,1.2733087543285285e+19,5.721744427140622e+20,1.48981180046495e+20,1.0864908382753984e+21,1.3433993584174133e+21,2.8630279895625327e+19,8.756143817518421e+20,1.5516452761512646e+21,5.577224346018168e+19,3.3870329693049897e+22,3.2425965383779136e+20,8.06147792829629e+19,8.299704020378761e+20,1.0439349412917004e+19,2.3887198204422853e+19,1.6816750506189193e+20,5.336543309368611e+20,1.0225713202314925e+20,1.1004779966695288e+21,3.2750482778933776e+20,0.0,1.0738982362630033e+22,3.1563096237433546e+20,8.48562879829993e+20,2.208433108161677e+19,4.1802840794857426e+20,3.0414318062326016e+21,1.4546888465506076e+21,8.281312704599609e+20,4.040995253828126e+19,2.1537884298467713e+19,4.2130916731231367e+21,2.8422589111275704e+20,9.797151388038513e+21,3.0456129317888585e+21,1.1233201620429346e+21,7.991903152226315e+19,1.5682847175446327e+19,1.121592344994777e+21,2.8592846038208946e+19,3.4337687198044363e+21,1.995955209507304e+19,1.995955077079657e+19,1.995955213560336e+19,3.494095099507648e+20,1.9959539623915024e+19,8.131371742788945e+20,2.8646714008795976e+22,1.995955213505746e+19,6.6475378446667194e+19,1.7105424957364282e+21,1.9959552027214578e+19,1.5882001655665315e+21,4.2611284136519847e+21,1.6941768378252827e+21,9.763434286300684e+21,6.017281971439013e+21,1.1949503983027636e+21,1.895312966880972e+21,1.9957772051866083e+19,3.195155680285172e+20,1.995955212884507e+19,1.594040717710489e+20,1.3067653486501721e+23,5.325441044295913e+20,1.9822432958376124e+19,4.0714223221858284e+20
Parabacteroides goldsteinii,1.0710375698901852e+22,1.0339760991562237e+22,1.06619303275978e+22,1.0582642822619563e+22,6.720035773183784e+21,1.0634945410374788e+22,9.456109988514405e+21,9.075806624787752e+21,1.0440256871413515e+22,1.0205076834999467e+22,1.0394571459913006e+22,1.075893071875004e+22,1.0758930718553008e+22,1.0758930721834292e+22,1.0758930718684464e+22,1.0758930721299533e+22,1.0506185173451732e+22,9.420722365038151e+21,1.0136366361216285e+22,9.584422894732596e+21,1.0753637376581972e+22,5.984411101551556e+21,1.0758930721930048e+22,9.497247100883742e+21,1.0628267903485852e+22,1.0738614202641563e+22,4.0567321885383726e+21,1.0758930703915902e+22,1.0758930718974515e+22,1.0758930721379027e+22,1.0511136384225976e+22,1.660198799748764e+27,1.075893072188734e+22,1.0637247107281854e+22,1.0758930721943878e+22,1.0758930721317994e+22,1.0758930706469925e+22,1.0758930719439021e+22,1.0397881766444664e+22,1.0508505980418428e+22,1.0737679481103047e+22,1.0653891779960878e+22,1.0515037759262561e+22,1.075893037251149e+22,1.5991449467207245e+29,1.050989121916912e+22,1.0688794514649111e+22,1.0719235453506764e+22,9.84158490057292e+21,1.4016186804654844e+21,3.2624168693005665e+21,1.0440657297308746e+22,1.0635914899344394e+22,1.072805328083803e+22,1.0571595006881917e+22,1.03232845643658e+22,1.0746049744964724e+22,1.0276149801222503e+22,9.80486584448721e+21,1.0637332670603548e+22,9.629722440179613e+21,1.0628014641698384e+22,1.0648029219669565e+22,1.061843984796956e+22,1.0275546032955575e+22,1.0751709600407343e+22,1.0166858584495009e+22,1.0590019867074546e+22,9.652558887472511e+21,9.395656409040249e+21,1.0710361319714715e+22,9.86341335964148e+21,9.187396260658977e+21,1.0683221626345096e+22,2.313158678201601e+22,1.0414785828884236e+22,1.065838477238631e+22,9.90906767844736e+21,1.074941620997832e+22,1.071509964487758e+22,1.0570849512972645e+22,1.0205383176460337e+22,1.0636744988258233e+22,9.638595292936534e+21,1.0411506673610782e+22,1.0738982362630033e+22,0.0,1.042337992499994e+22,9.890483672963575e+21,1.0716903370462e+22,1.0320994436125194e+22,7.697621264876038e+21,9.284386990621572e+21,9.910921658475645e+21,1.0698584959384163e+22,1.0717451640855788e+22,6.525904459420689e+21,1.0454787498135895e+22,9.420100700337987e+20,7.693393056577824e+21,9.61569892894948e+21,1.0659081422143234e+22,1.0754657068458936e+22,9.617436157322004e+21,1.071039591525474e+22,7.305246615797164e+21,1.0758930721908852e+22,1.0758930720590798e+22,1.0758930721949136e+22,1.0389608125173378e+22,1.0758930709487676e+22,9.925911188660396e+21,1.7907845943038268e+22,1.0758930721948595e+22,1.0672527469866092e+22,9.028480615897827e+21,1.075893072184137e+22,9.150829525466585e+21,6.477936724269133e+21,9.044848856124516e+21,9.757127222715371e+20,4.721738493900253e+21,9.5441198614163e+21,8.843753337196141e+21,1.0758928946625665e+22,1.0419510530730891e+22,1.0758930721942419e+22,1.0579614840396985e+22,1.199380856306549e+23,1.0206511602409987e+22,1.0758793819562334e+22,1.0331887208241044e+22
Parabacteroides distasonis_A,2.8701756518860548e+20,8.364307427198724e+19,2.3856653212103665e+20,1.5927134305623353e+20,3.703376624872834e+21,2.1157651411158175e+20,9.673314246347509e+20,1.3475992572999605e+21,1.6899044331761572e+19,2.1833342937273804e+20,2.8820169118874513e+19,3.3558665018808336e+20,3.3558664999080434e+20,3.3558665327872134e+20,3.3558665012207616e+20,3.355866527426861e+20,8.280857182883804e+19,1.002701810898798e+21,2.8703952504354406e+20,8.389853926408062e+20,3.302911194433998e+20,4.4389723076869027e+21,3.3558665337473506e+20,9.261551836305064e+20,2.049010047476397e+20,3.1526376043613494e+20,1.448007948938227e+22,3.355866353279984e+20,3.3558665041308936e+20,3.3558665282242956e+20,8.77583859005789e+19,1.6602092134652315e+27,3.3558665333191777e+20,2.1388056347241057e+20,3.355866533886021e+20,3.355866527612536e+20,3.355866378857798e+20,3.355866508784494e+20,2.552916568817253e+19,8.513025631286338e+19,3.143285078073357e+20,2.3052466864239722e+20,9.166246592869907e+19,3.3558630343816544e+20,1.599145050797268e+29,8.651251023136784e+19,2.6543295290695598e+20,2.95879916683836e+20,5.8181697516514135e+20,9.021790273085695e+21,7.160965865285534e+21,1.7297591457010072e+19,2.1254477992635672e+20,3.046998316310428e+20,1.4822224157140232e+20,1.001001816807567e+20,3.227010101534771e+20,1.4724229636948433e+20,6.185314131854911e+20,2.139642349130995e+20,7.936959422630085e+20,2.046443245343653e+20,2.246618050253706e+20,1.950690194462793e+20,1.478392442390565e+20,3.283622626311938e+20,2.5654351138725344e+20,1.6665065169748315e+20,7.708614830697312e+20,1.0277708759524374e+21,2.8700299720690008e+20,5.599864223003573e+20,1.236019604246423e+21,2.598603865410539e+20,3.3554754812555926e+22,8.852819433097393e+18,2.3501909097864646e+20,5.1434057858827715e+20,3.260684407700402e+20,2.917442452882842e+20,1.4747202133412543e+20,2.1802359709603463e+20,2.133768511307447e+20,7.848472860842358e+20,1.187391931658625e+19,3.1563096237433546e+20,1.042337992499994e+22,0.0,5.3293243932736245e+20,2.9354753455119833e+20,1.0239754778924365e+20,2.725810676139857e+21,1.1390593584182803e+21,5.125004344851596e+20,2.7522414520111183e+20,2.940948902039288e+20,3.897482310678478e+21,3.140761229695405e+19,9.48155729122206e+21,2.7299992656894734e+21,8.076960670969781e+20,2.357153165630956e+20,3.3131111108841203e+20,8.059661550857777e+20,2.870390934141175e+20,3.11815387742608e+21,3.355866533534808e+20,3.3558665203257816e+20,3.355866533938763e+20,3.3779419497117016e+19,3.355866409091588e+20,4.975064677834943e+20,2.833112858197955e+22,3.355866533933329e+20,2.4916115896632997e+20,1.394920791262641e+21,3.355866532858286e+20,1.2725765780603855e+21,3.9455094903615054e+21,1.3785545343024908e+21,9.44782487313137e+21,5.701670745197849e+21,8.793201392270034e+20,1.5796861955864176e+21,3.3558487578286463e+20,4.003777319417058e+18,3.355866533871415e+20,1.5623722511922446e+20,1.3036098606506705e+23,2.1691648092502144e+20,3.354496389558532e+20,9.151323090127099e+19
Parabacteroides gordonii,8.199498833927465e+20,4.4929721439317675e+20,7.714989576211345e+20,6.922037239774034e+20,3.1704640532710744e+21,7.445088715077061e+20,4.3439920797208576e+20,8.146804466551512e+20,5.497994653756283e+20,3.146039036832324e+20,5.041167300371961e+20,8.685178279212064e+20,8.685178277239617e+20,8.685178310109299e+20,8.685178278552625e+20,8.685178304750784e+20,6.157408120221126e+20,4.697727036003876e+20,2.458940507444067e+20,3.060617345553367e+20,8.632225462817547e+20,3.9060726379249643e+21,8.685178311069063e+20,3.93236723090718e+20,7.378334439520406e+20,8.481955658872645e+20,1.3947191501051925e+22,8.685178130648054e+20,8.685178281461356e+20,8.685178305547855e+20,6.206786252051558e+20,1.6602086813211863e+27,8.685178310641047e+20,7.468130025545433e+20,8.68517831120768e+20,8.6851783049363e+20,8.685178156220584e+20,8.685178286113744e+20,5.0742250914300166e+20,6.180626260674435e+20,8.472603662476352e+20,7.63457069158792e+20,6.245948436800649e+20,8.685174812431631e+20,1.5991450454796407e+29,6.194435962443018e+20,7.983653643904578e+20,8.288120911123774e+20,4.891140914393084e+19,8.488888591386779e+21,6.628073833724407e+21,5.5020014012419316e+20,7.45477012026122e+20,8.37631874538603e+20,6.811545582439431e+20,4.328324124172555e+20,8.556326808486503e+20,3.856903468764242e+20,8.563119880506542e+19,7.46896614539849e+20,2.6076640047228872e+20,7.375765818177736e+20,7.575942069164706e+20,7.280012745795511e+20,3.850940577540963e+20,8.612938136189125e+20,2.763895873368687e+20,6.995830906538572e+20,2.379309706635631e+20,4.948412073367891e+20,8.199353265983383e+20,2.710900412492419e+19,7.030953990337237e+20,7.927927714862396e+20,3.3021897391820402e+22,5.243184946213396e+20,7.679515262378877e+20,1.8601071468551287e+19,8.59000023288856e+20,8.246763808751523e+20,6.804026673331308e+20,3.1491206135016155e+20,7.463092492831314e+20,2.519153766721437e+20,5.2105852412366855e+20,8.48562879829993e+20,9.890483672963575e+21,5.3293243932736245e+20,0.0,8.264797197769845e+20,4.305358655460269e+20,2.1928903325584044e+21,6.061275921670591e+20,2.0440952293154304e+19,8.081565531239772e+20,8.270271495900222e+20,3.3645799349079774e+21,5.6433863419508405e+20,8.948674357412574e+21,2.197092251165179e+21,2.747871916402978e+20,7.686477425017359e+20,8.642425083376773e+20,2.730475416484514e+20,8.199713202108139e+20,2.5852436390196853e+21,8.685178310856603e+20,8.685178297651665e+20,8.685178311260398e+20,4.991547709387029e+20,8.68517818644636e+20,3.5427635063981527e+19,2.779825551785817e+22,8.685178311254968e+20,7.820935469515527e+20,8.620048576476874e+20,8.685178310180328e+20,7.396572228366634e+20,3.4125912220772535e+21,8.456373030474423e+20,8.914918374396268e+21,5.168763150910773e+21,3.46387718614663e+20,1.0467582695225655e+21,8.685160538335069e+20,5.29052487250326e+20,8.685178311193078e+20,6.891675760781478e+20,1.2982816662281095e+23,3.160324696393323e+20,8.683808315948175e+20,4.41424438220367e+20
Parabacteroides merdae,6.531578547444344e+18,3.7718671281080474e+20,5.498196548816757e+19,1.3427738118075151e+20,3.996911553128507e+21,8.197373649961299e+19,1.2608783886067287e+21,1.6411405457248533e+21,2.7668539791851094e+20,5.118801944035286e+20,3.223645625090027e+20,4.204317923017503e+19,4.204317903270721e+19,4.204318232605508e+19,4.204317916378919e+19,4.204318178895779e+19,2.1073988354558693e+20,1.2962474750062554e+21,5.8058705417800476e+20,1.1325300927673316e+21,3.674660538513353e+19,4.732499881631182e+21,4.204318242228586e+19,1.2196982130039477e+21,8.864740284569528e+19,2.1717919555596755e+19,1.4773597547367145e+22,4.2043164349215334e+19,4.204317945562438e+19,4.204318186891409e+19,2.058132730748484e+20,1.6602095065519862e+27,4.204318237937782e+19,7.966809676758904e+19,4.204318243618509e+19,4.204318180761988e+19,4.204316690994644e+19,4.204317992167425e+19,3.1906127646914255e+20,2.084178233328057e+20,2.0782343763257623e+19,6.30257840239773e+19,2.0188562650370772e+20,4.204283207871069e+19,1.5991450537259786e+29,2.0703863101067153e+20,2.8116194702007783e+19,2.332399129067843e+18,8.753624902614353e+20,9.315317132627326e+21,7.454487757682948e+21,2.7628455549126905e+20,8.10069202067492e+19,1.1152887970795508e+19,1.4532672451961876e+20,3.9364732848890597e+20,2.915554003971308e+19,4.407898284605892e+20,9.120756798768592e+20,7.95858093737351e+19,1.0872421427850281e+21,8.890668416758632e+19,6.8888316817309794e+19,9.84815745058195e+19,4.4138576449318e+20,3.4817135797076414e+19,5.500910458608394e+20,1.2689735375653043e+20,1.0644079745734235e+21,1.3213166953882974e+21,6.546508447583095e+18,8.535317395981655e+20,1.5295631060587695e+21,3.3687965558136308e+19,3.384825370762044e+22,3.021753989136174e+20,5.8530477719438565e+19,8.078874031667173e+20,3.2523288000404943e+19,1.8038724647572232e+18,1.4608321627941727e+20,5.1157072843921254e+20,8.017288222385727e+19,1.0783947453312827e+21,3.0542142054857946e+20,2.208433108161677e+19,1.0716903370462e+22,2.9354753455119833e+20,8.264797197769845e+20,0.0,3.9594488463506905e+20,3.019350392114321e+21,1.4326059794242066e+21,8.060479473586601e+20,1.8325827761856807e+19,5.526966069498939e+17,4.191011770431511e+21,2.6214221359746004e+20,9.775073302815783e+21,3.02353246243021e+21,1.101238139261228e+21,5.783470943969044e+19,3.776669314973336e+19,1.0995100315066085e+21,6.508549065330432e+18,3.4116881319053026e+21,4.204318240098388e+19,4.204318107773103e+19,4.204318244147277e+19,3.273259316507882e+20,4.204316993788925e+19,7.910539151566736e+20,2.86246369270832e+22,4.204318244092767e+19,4.439117568279252e+19,1.6884609003875918e+21,4.204318233318852e+19,1.5661183008728256e+21,4.239047338129752e+21,1.672095161278779e+21,9.741354478257584e+21,5.995201900971054e+21,1.1728673153452999e+21,1.873230649896795e+21,4.204140307535526e+19,2.974316181839061e+20,4.204318243472172e+19,1.3731974717729892e+20,1.306544614981774e+23,5.1046015910864473e+20,4.190609118837988e+19,3.850584816065555e+20
Parabacteroides johnsonii,3.8941482098609055e+20,1.8771585314918412e+19,3.4096363809817756e+20,2.6166814378483948e+20,3.600986545278461e+21,3.139732131938145e+20,8.649350533677481e+20,1.2452066899014734e+21,1.1926456951334024e+20,1.1593602602275927e+20,7.358086758220127e+19,4.3798419106206476e+20,4.3798419086478416e+20,4.379841941527442e+20,4.379841909960546e+20,4.3798419361670064e+20,1.852052175002057e+20,9.003065556423653e+20,1.846422985207293e+20,7.365910274138601e+20,4.3268864411309664e+20,4.3365855104720867e+21,4.379841942487596e+20,8.237619326271124e+20,3.072980369455898e+20,4.17661233486275e+20,1.4377696142705245e+22,4.379841762018129e+20,4.379841912870742e+20,4.3798419369644576e+20,1.9014458537342032e+20,1.6602091112417355e+27,4.3798419420594156e+20,3.162775649473863e+20,4.379841942626269e+20,4.379841936352688e+20,4.3798417875961813e+20,4.379841917524397e+20,7.688798856377834e+19,1.8752715195955905e+20,4.1672596910917406e+20,3.3292146182844455e+20,1.9405936605105717e+20,4.37983844308897e+20,1.599145049775813e+29,1.889077364446344e+20,3.678300833075719e+20,3.982772715622895e+20,4.794223271996007e+20,8.919403376580571e+21,7.058581230093469e+21,1.1966515806494356e+20,3.149412553205294e+20,4.0709724132143746e+20,2.5061891471543674e+20,2.3640062620899753e+18,4.2509850609840855e+20,4.4845802997500174e+19,5.161378036003315e+20,3.163609835346713e+20,6.913003790302046e+20,3.070408442217148e+20,3.27058606336105e+20,2.974655419425743e+20,4.544945294818472e+19,4.307597741963363e+20,1.5414640947567084e+20,2.6904773064789177e+20,6.684656660085041e+20,9.253754843345262e+20,3.894002415706115e+20,4.57592015475486e+20,1.1336257306087871e+21,3.622575740791419e+20,3.3452378982693147e+22,9.379297347195005e+19,3.374160275451661e+20,4.119446534564604e+20,4.284659488122818e+20,3.9414162185716466e+20,2.498668463760408e+20,1.1562605574506874e+20,3.1577364935969184e+20,6.824503120013691e+20,9.05237763376226e+19,4.1802840794857426e+20,1.0320994436125194e+22,1.0239754778924365e+20,4.305358655460269e+20,3.9594488463506905e+20,0.0,2.623418408930265e+21,1.0366632621729976e+21,4.1010337520923096e+20,3.7762127822073247e+20,3.964921923944794e+20,3.795094760095644e+21,1.338029055543251e+20,9.37917498668371e+21,2.6276102744892616e+21,7.053037056313615e+20,3.3811219731031884e+20,4.3370863823728476e+20,7.035724675036958e+20,3.8943642178143565e+20,3.015764249184693e+21,4.379841942275051e+20,4.379841929065838e+20,4.379841942679012e+20,6.8619015980898574e+19,4.379841817830335e+20,3.951096024595141e+20,2.822874901377676e+22,4.3798419426735784e+20,3.515579065569596e+20,1.2925288878742165e+21,4.379841941598517e+20,1.1701838071004513e+21,3.843117963058586e+21,1.2761623384104265e+21,9.345436764439376e+21,5.599282162952645e+21,7.769235591757499e+20,1.4772915416707296e+21,4.3798241664251167e+20,9.851761799063908e+19,4.379841942611663e+20,2.586318026981462e+20,1.3025861919652388e+23,1.1452195379288298e+20,4.3784717914517864e+20,1.0898836198147017e+19
Parabacteroides timonensis,3.0128215435294907e+21,2.6421825629263883e+21,2.9643726423654935e+21,2.8850800869870603e+21,9.775855109052126e+20,2.937384731498729e+21,1.7585013612852551e+21,1.3782117294019592e+21,2.7426829271517626e+21,2.5074920986328826e+21,2.6969983139193563e+21,3.0613837195978673e+21,3.0613837194007287e+21,3.0613837226848074e+21,3.061383719532112e+21,3.061383722149513e+21,2.8086187020612424e+21,1.7231192738258734e+21,2.438781300871999e+21,1.8868293045089332e+21,3.056089343948849e+21,1.7132287527555946e+21,3.0613837227806713e+21,1.799656721857702e+21,2.930708161398286e+21,3.0410640526238024e+21,1.1754342686494726e+22,3.061383704752745e+21,3.0613837198225635e+21,3.0613837222291104e+21,2.81356298739996e+21,1.660206490842211e+27,3.061383722737917e+21,2.9396876800416604e+21,3.0613837227945157e+21,3.061383722168017e+21,3.061383707308369e+21,3.0613837202874313e+21,2.700306365473998e+21,2.810940033717773e+21,3.040129081596246e+21,2.956332302077006e+21,2.817472125485412e+21,3.06138337314145e+21,1.5991450235885996e+29,2.812323186050404e+21,2.99123835632137e+21,3.021682656195621e+21,2.1439973284670074e+21,6.296017042093516e+21,4.435229330146773e+21,2.7430834893963023e+21,2.938353552492775e+21,3.0305015938851605e+21,2.874031437091937e+21,2.62571152726267e+21,3.0485004922383877e+21,2.578572709473782e+21,2.1072807869823047e+21,2.9397722698391686e+21,1.932124390566486e+21,2.930453093993016e+21,2.950469502526276e+21,2.92087790256541e+21,2.5779722023439444e+21,3.0541610695994104e+21,2.469275507216302e+21,2.8924583881451435e+21,1.9549603141616494e+21,1.6980517474145964e+21,3.012807076054379e+21,2.1658271830372332e+21,1.4897949442313956e+21,2.9856655260745225e+21,3.082911090279204e+22,2.7172060100836385e+21,2.9608260974415603e+21,2.2114777865670597e+21,3.051867443736745e+21,3.0175468261892256e+21,2.873282680352005e+21,2.507799455520984e+21,2.9391847379687435e+21,1.9409891885070528e+21,2.7139369239930355e+21,3.0414318062326016e+21,7.697621264876038e+21,2.725810676139857e+21,2.1928903325584044e+21,3.019350392114321e+21,2.623418408930265e+21,0.0,1.586774651984834e+21,2.2133266020979785e+21,3.0010293266730603e+21,3.019898257028772e+21,1.1717379992402433e+21,2.7572180719903063e+21,6.755845749884363e+21,8.520407174098418e+18,1.9181147881834086e+21,2.96152254048748e+21,3.0571091851370483e+21,1.9198464804958374e+21,3.0128423632066356e+21,3.923989270632771e+20,3.06138372275945e+21,3.0613837214401985e+21,3.0613837227997806e+21,2.6920355785979215e+21,3.061383710328498e+21,2.2283179078560365e+21,2.5605433198350915e+22,3.061383722799239e+21,2.974968666163291e+21,1.3308899144646556e+21,3.061383722691897e+21,1.4532346846244488e+21,1.21970122300588e+21,1.347256164087077e+21,6.722038221858113e+21,2.975885992305598e+21,1.846512951910555e+21,1.1461381038296237e+21,3.0613819464959284e+21,2.7219360141020706e+21,3.061383722793057e+21,2.882047897590555e+21,1.2763546841573993e+23,2.508922665222322e+21,3.061246771107605e+21,2.634309223803887e+21
Butyricimonas virosa,1.4260763178941048e+21,1.0554248030337192e+21,1.3776256479219737e+21,1.2983306990497964e+21,2.5643556362116226e+21,1.3506358709739145e+21,1.7172889328039772e+20,2.086111765026528e+20,1.1559270478355637e+21,9.207312953317644e+20,1.1102441238126973e+21,1.4746431943339784e+21,1.4746431941367573e+21,1.4746431974230765e+21,1.4746431942680775e+21,1.4746431968873504e+21,1.221867874854576e+21,1.3636420777431494e+20,8.52021642669916e+20,3.0008244692882614e+20,1.4693480990055717e+21,3.299978404431497e+21,1.4746431975190272e+21,2.1293557402702224e+20,1.3439602393942962e+21,1.4543214385324915e+21,1.3341102117473307e+22,1.4746431794801038e+21,1.474643194558855e+21,1.474643196967033e+21,1.2268061965716108e+21,1.660208076019999e+27,1.4746431974762364e+21,1.3529398113706642e+21,1.4746431975328852e+21,1.4746431969058913e+21,1.4746431820369934e+21,1.4746431950240106e+21,1.1135500909177171e+21,1.2241896128582084e+21,1.453386284569793e+21,1.3695840059182882e+21,1.2307218239602646e+21,1.4746428477053815e+21,1.5991450394308096e+29,1.2255709147396348e+21,1.4044919931262536e+21,1.4349383358493567e+21,5.572442084751811e+20,7.882786834401597e+21,6.0219838712779e+21,1.1563277189678183e+21,1.351604116256375e+21,1.4437579732929445e+21,1.287281594172526e+21,1.0389591866799042e+21,1.461758431705338e+21,9.918176227467254e+20,5.205337631496997e+20,1.353023586283251e+21,3.453641154016956e+20,1.3437036681072814e+21,1.3637211421163562e+21,1.3341283610434666e+21,9.912203727626615e+20,1.4674194614976226e+21,8.825171377105966e+20,1.305709899263148e+21,3.6819800886472534e+20,1.112945962051053e+20,1.426061778015149e+21,5.7907514066532663e+20,9.702701947738123e+19,1.398919343390328e+21,3.2415836833908064e+22,1.1304456870730992e+21,1.3740783630820793e+21,6.247187806503852e+20,1.465125699761667e+21,1.4308025900897796e+21,1.2865301081234947e+21,9.210396007831716e+20,1.352436193090479e+21,3.5421691178355884e+20,1.1271854406804608e+21,1.4546888465506076e+21,9.284386990621572e+21,1.1390593584182803e+21,6.061275921670591e+20,1.4326059794242066e+21,1.0366632621729976e+21,1.586774651984834e+21,0.0,6.265614237211972e+20,1.4142831654195353e+21,1.4331534962055583e+21,2.758483994984334e+21,1.1704658359146575e+21,8.342592427312196e+21,1.5909964079846651e+21,3.313892642629379e+20,1.374774618746717e+21,1.4703680375121225e+21,3.331058817958309e+20,1.4260976353720523e+21,1.9791404159158803e+21,1.474643197497787e+21,1.4746431961775727e+21,1.4746431975381554e+21,1.1052820502664319e+21,1.4746431850590217e+21,6.415543634012332e+20,2.7192179412297304e+22,1.4746431975376127e+21,1.3882205017640694e+21,2.559399036438247e+20,1.4746431974301764e+21,1.3361216136886254e+20,2.8064754465180405e+21,2.3956936513875195e+20,8.308811482005873e+21,4.5626573283334863e+21,2.597411207023944e+20,4.406366368065184e+20,1.4746414204653734e+21,1.1351800650655152e+21,1.4746431975314253e+21,1.2952950526194955e+21,1.2922214275256242e+23,9.221581027767478e+20,1.474506208450959e+21,1.047552027020371e+21
Odoribacter splanchnicus,7.995179995171746e+20,4.288638802866272e+20,7.510669209311593e+20,6.717715011198152e+20,3.190901070690435e+21,7.240765872435028e+20,4.5483269699364435e+20,8.351174830353302e+20,5.29366305652171e+20,2.9417002853327156e+20,4.8368415124932965e+20,8.480865278771404e+20,8.48086527679884e+20,8.480865309671771e+20,8.48086527811175e+20,8.480865304312628e+20,5.953085660588624e+20,4.9020808497962045e+20,2.2546109511849584e+20,3.264990394884521e+20,8.427911545757055e+20,3.926510583748089e+21,8.480865310631663e+20,4.136745622982105e+20,7.174013468975053e+20,8.277640110114599e+20,1.3967629886442036e+22,8.480865130194765e+20,8.480865281020959e+20,8.480865305109822e+20,6.002450785009214e+20,1.660208701755492e+27,8.480865310203593e+20,7.263808876281219e+20,8.480865310770298e+20,8.480865304498197e+20,8.480865155769109e+20,8.480865285673763e+20,4.8698938355921355e+20,5.976304564319013e+20,8.268287859167644e+20,7.430248308156152e+20,6.041626742418227e+20,8.480861811744288e+20,1.5991450456839075e+29,5.990110328586307e+20,7.77933356038614e+20,8.083803265649649e+20,6.9352133356761555e+19,8.509326261469753e+21,6.648512105711803e+21,5.2976700541035315e+20,7.250446220286215e+20,8.172001945680537e+20,6.607222840423467e+20,4.1240072041449934e+20,8.35201188494384e+20,3.652581450287861e+20,1.0607214850445579e+20,7.26464354982969e+20,2.8120222398932212e+20,7.171442156529552e+20,7.371619738756641e+20,7.075689145899601e+20,3.646629035927602e+20,8.40862372899921e+20,2.5595698121448935e+20,6.791510125904408e+20,2.583664220987236e+20,5.1527633128557406e+20,7.995034310799928e+20,4.754227567407964e+19,7.235316980676594e+20,7.723608092440006e+20,3.304233684571088e+22,5.038842699698831e+20,7.475193726567379e+20,2.1795643230278636e+18,8.385685689374535e+20,8.042446419233222e+20,6.599698628681693e+20,2.9447856786192545e+20,7.25877016062901e+20,2.7234694645452115e+20,5.006265381298832e+20,8.281312704599609e+20,9.910921658475645e+21,5.125004344851596e+20,2.0440952293154304e+19,8.060479473586601e+20,4.1010337520923096e+20,2.2133266020979785e+21,6.265614237211972e+20,0.0,7.877245503885493e+20,8.065953200300835e+20,3.385017745597713e+21,5.4390627789513137e+20,8.969113018409868e+21,2.2175298754835445e+21,2.952265623742131e+20,7.482155545494853e+20,8.43811128163948e+20,2.934858608989396e+20,7.995395164260568e+20,2.6056809335781385e+21,8.480865310419175e+20,8.480865297212838e+20,8.480865310823024e+20,4.787223827218091e+20,8.480865185997632e+20,1.4996012347605424e+19,2.7818694481970865e+22,8.480865310817594e+20,7.616612801230255e+20,8.824422040888173e+20,8.480865309742815e+20,7.600942663026533e+20,3.4330276190167845e+21,8.660745109353616e+20,8.935355699541493e+21,5.189200476137283e+21,3.668207806508035e+20,1.0671934668950458e+21,8.480847536803325e+20,5.0861937401347696e+20,8.480865310755695e+20,6.687346952466495e+20,1.2984860685311364e+23,2.955970464006519e+20,8.479495263872747e+20,4.209912972767979e+20
Barnesiella intestinihominis,1.1794441420866632e+19,3.588626065594593e+20,3.665764165610934e+19,1.1595326370495432e+20,3.9785913476071235e+21,6.3648840413861356e+19,1.2425554155725565e+21,1.6228190836488921e+21,2.5836095491143562e+20,4.935563100457577e+20,3.0404075282549244e+20,6.0369001471900566e+19,6.036900127442903e+19,6.036900456788846e+19,6.036900140550666e+19,6.036900403076914e+19,1.9241608681977378e+20,1.277924979428417e+21,5.6226354692866225e+20,1.1142078345213132e+21,5.507240368110003e+19,4.714180802661601e+21,6.036900466412375e+19,1.2013763415080307e+21,7.032326304636733e+19,4.0043706858941145e+19,1.4755279878214224e+22,6.036898659051613e+19,6.036900169735911e+19,6.036900411072991e+19,1.874879998721181e+20,1.6602094882733736e+27,6.036900462121383e+19,6.134377758065261e+19,6.036900467802365e+19,6.036900404943326e+19,6.0368989151306424e+19,6.036900216342306e+19,3.007370656151947e+20,1.900941266740245e+20,3.910809700440217e+19,4.470063885244634e+19,1.835619125003241e+20,6.036865431237515e+19,1.5991450535433615e+29,1.8871439716649743e+20,9.791195220887902e+18,2.0658078540223898e+19,8.570399769463502e+20,9.296998233924281e+21,7.436169520355297e+21,2.5796013043754664e+20,6.268170065465937e+19,2.947861803295788e+19,1.2700257251953272e+20,3.75324153764792e+20,4.748130582641062e+19,4.2246640851721735e+20,8.937534738688096e+20,6.1260949344413655e+19,1.0689194604494096e+21,7.05816737060513e+19,5.0563331322767155e+19,8.015673532217949e+19,4.23062803458238e+20,5.3142895864100545e+19,5.3176758378237107e+20,1.0857354892223123e+20,1.0460851889440083e+21,1.3029941551172802e+21,1.177968459471956e+19,8.352092720059213e+20,1.5112411781653827e+21,1.5363853980565246e+19,3.3829938424375186e+22,2.8385038564333502e+20,4.0205576987796546e+19,7.89564463103955e+20,5.08490615676893e+19,1.6523648418813692e+19,1.277581485938104e+20,4.932469581153915e+20,6.18481223922709e+19,1.0600714265892736e+21,2.8709805376242077e+20,4.040995253828126e+19,1.0698584959384163e+22,2.7522414520111183e+20,8.081565531239772e+20,1.8325827761856807e+19,3.7762127822073247e+20,3.0010293266730603e+21,1.4142831654195353e+21,7.877245503885493e+20,0.0,1.887208648375546e+19,4.1726924026359904e+21,2.4381843674002532e+20,9.756755861143254e+21,3.0052124818199596e+21,1.082916428167076e+21,3.950963185597621e+19,5.609249246019255e+19,1.081187956750305e+21,1.1817793674623537e+19,3.3933680098217186e+21,6.0369004642820784e+19,6.036900331951947e+19,6.036900468331162e+19,3.0900227275432545e+20,6.03689921793425e+19,7.727306123129609e+20,2.860632051530273e+22,6.0369004682766475e+19,2.6065426733656674e+19,1.6701396622644869e+21,6.036900457502244e+19,1.5477967454936826e+21,4.220726649419217e+21,1.6537738268972375e+21,9.723035183693668e+21,5.976882331573572e+21,1.1545442248269017e+21,1.8549085240648917e+21,6.036722528240048e+19,2.791073180242265e+20,6.0369004676560224e+19,1.1899447414627423e+20,1.3063614885178343e+23,4.921358055660951e+20,6.023191191989339e+19,3.6673450544682186e+20
Parasutterella excrementihominis,7.077664600259635e+18,3.7773387882975435e+20,5.552895126851741e+19,1.3482450924526853e+20,3.9974595613582526e+21,8.252057828613548e+19,1.2614258680870207e+21,1.641688336598142e+21,2.772324501845191e+20,5.124274306066778e+20,3.229118108410287e+20,4.149712116128897e+19,4.149712096379452e+19,4.149712425794721e+19,4.149712109484442e+19,4.149712372069081e+19,2.112871223978639e+20,1.2967950608110636e+21,5.8113439452926516e+20,1.1330777268929942e+21,3.620045145435266e+19,4.733048058475239e+21,4.149712435421072e+19,1.2202459246309057e+21,8.919449518451394e+19,2.1171778403529314e+19,1.4774145914383347e+22,4.149710627727089e+19,4.149712138680474e+19,4.149712380067944e+19,2.0635997349456478e+20,1.6602095071027516e+27,4.149712431128904e+19,8.021512795011295e+19,4.14971243681148e+19,4.149712373936755e+19,4.149710883842692e+19,4.149712185295606e+19,3.19608407060552e+20,2.089650885004744e+20,2.023611945501264e+19,6.357250780165108e+19,2.024328858022921e+20,4.149677395194572e+19,1.5991450537314913e+29,2.0758574296008026e+20,2.866284881925775e+19,1.7870891717455468e+18,8.759100684352027e+20,9.315865336325134e+21,7.455036050477e+21,2.768316137464633e+20,8.155362422478837e+19,1.0606697363836058e+19,1.4587384666437891e+20,3.9419474416413665e+20,2.8609316051480547e+19,4.413371864443136e+20,9.126233223217836e+20,8.013266281783255e+19,1.0877896866981434e+21,8.945348521822945e+19,6.943511224950583e+19,9.902844855730763e+19,4.4193323267401856e+20,3.4270888331943465e+19,5.506383970112093e+20,1.2744456466988147e+20,1.0649554953612995e+21,1.3218642717906363e+21,7.092402420751306e+18,8.540793271664163e+20,1.5301108086340505e+21,3.4234890964439343e+19,3.3848802351997283e+22,3.027222323888226e+20,5.907729122991471e+19,8.084348860315338e+20,3.1977074805989085e+19,2.353825438280525e+18,1.4663001134455942e+20,5.121179966194185e+20,8.071977250372054e+19,1.0789421403970982e+21,3.059687829781193e+20,2.1537884298467713e+19,1.0717451640855788e+22,2.940948902039288e+20,8.270271495900222e+20,5.526966069498939e+17,3.964921923944794e+20,3.019898257028772e+21,1.4331534962055583e+21,8.065953200300835e+20,1.887208648375546e+19,0.0,4.191559905496338e+21,2.6268946529834153e+20,9.775621697667645e+21,3.0240805046057996e+21,1.1017858804297929e+21,5.838145475335566e+19,3.722054062087497e+19,1.1000577023269748e+21,7.055900796210982e+18,3.41223615265278e+21,4.149712433290154e+19,4.1497123009298784e+19,4.149712437340453e+19,3.2787322119588885e+20,4.149711186704198e+19,7.91601311216076e+20,2.8625185446016347e+22,4.149712437285916e+19,4.493751055379428e+19,1.6890087317304653e+21,4.149712426508466e+19,1.5666660742666445e+21,4.2395952683272556e+21,1.6726429753854224e+21,9.74190262592213e+21,5.995750007545898e+21,1.1734147666551991e+21,1.873778314672288e+21,4.1495344758364226e+19,2.979787190340703e+20,4.1497124366651015e+19,1.3786644079538174e+20,1.3065501040537962e+23,5.110072514396015e+20,4.136002307812662e+19,3.8560568661176864e+20
Escherichia coli,4.184483677846612e+21,3.813860770595945e+21,4.136036968930519e+21,4.056747602080044e+21,1.9423699420205607e+20,4.109051000104517e+21,2.930206008425438e+21,2.549902173443689e+21,3.9143580227150985e+21,3.6791749456805395e+21,3.8686727072383516e+21,4.2330413481321636e+21,4.2330413479350937e+21,4.233041351217376e+21,4.2330413480665227e+21,4.233041350682425e+21,3.980288594754693e+21,2.894817951642756e+21,3.610464286216528e+21,3.0585188267746226e+21,4.2277476215319733e+21,5.4149454660368735e+20,4.2330413513131704e+21,2.97134323672744e+21,4.1023737691305814e+21,4.212723652146299e+21,1.058261819192274e+22,4.233041333294092e+21,4.233041348356716e+21,4.233041350761956e+21,3.985237858372698e+21,1.6602053198491257e+27,4.233041351270445e+21,4.1113531032116543e+21,4.233041351327005e+21,4.233041350700901e+21,4.233041335848689e+21,4.2330413488213527e+21,3.871982433735878e+21,3.9826095629338343e+21,4.2117888408367027e+21,4.127997814705661e+21,3.989141453903681e+21,4.2330410018153767e+21,1.5991450118844573e+29,3.983994196518707e+21,4.1629017494839466e+21,4.193343923420738e+21,3.315681889850738e+21,5.12430901059251e+21,3.2635002931189787e+21,3.914758485878493e+21,4.1100202810028243e+21,4.202162161805052e+21,4.045699495722008e+21,3.797385654587788e+21,4.220159534218595e+21,3.750249757572418e+21,3.278963169635683e+21,4.1114383563302324e+21,3.103818095056234e+21,4.1021199348937203e+21,4.122135158437839e+21,4.0925449860084096e+21,3.74964679450581e+21,4.2258196633857536e+21,3.6409569632783103e+21,4.0641250599472647e+21,3.1266545270615583e+21,2.8697520834117386e+21,4.184469268926803e+21,3.337510606388352e+21,2.661491869774871e+21,4.157328860979502e+21,2.965737376747431e+22,3.888885433498347e+21,4.1324910806902605e+21,3.383164420755283e+21,4.223526181798131e+21,4.1892080924052234e+21,4.0449530168438985e+21,3.679481494865017e+21,4.110850719923488e+21,3.112690944279228e+21,3.88560888645486e+21,4.2130916731231367e+21,6.525904459420689e+21,3.897482310678478e+21,3.3645799349079774e+21,4.191011770431511e+21,3.795094760095644e+21,1.1717379992402433e+21,2.758483994984334e+21,3.385017745597713e+21,4.1726924026359904e+21,4.191559905496338e+21,0.0,3.928889922657243e+21,5.584112629148696e+21,1.1674886207235412e+21,3.089796036598179e+21,4.1331876660084673e+21,4.2287673697933533e+21,3.091532526834773e+21,4.184504097522056e+21,7.793473545817766e+20,4.2330413512919645e+21,4.2330413499734835e+21,4.2330413513322655e+21,3.863709518679276e+21,4.233041338867292e+21,3.40000749492904e+21,2.443370092201737e+22,4.233041351331724e+21,4.1466337836606586e+21,2.502576247330917e+21,4.233041351224457e+21,2.6249250947585367e+21,4.952921964091567e+19,2.518944435601813e+21,5.550342831267987e+21,1.8041912429164715e+21,3.0182156205205073e+21,2.317852558869969e+21,4.233039575655861e+21,3.893611479937413e+21,4.233041351325547e+21,4.053718336748448e+21,1.2646373302305565e+23,3.6806089172274003e+21,4.232904431007344e+21,3.8059870769492106e+21
Escherichia fergusonii,2.5561205389163594e+20,1.1504498090527338e+20,2.0716079588835865e+20,1.2786524584573008e+20,3.7347841873141736e+21,1.8017030970136923e+20,9.987377596379666e+20,1.3790065968122914e+21,1.4559381559939031e+19,2.4973798527315322e+20,6.022234921752385e+19,3.041820918952254e+20,3.0418209169792487e+20,3.041820949864393e+20,3.041820918291779e+20,3.0418209445028816e+20,5.140235210558697e+19,1.0341085992413494e+21,3.1844520368174806e+20,8.703924023637543e+20,2.988864074316095e+20,4.470379913666894e+21,3.0418209508247654e+20,9.575624074981674e+20,1.7349517756081262e+20,2.8385878952080304e+20,1.451148696952269e+22,3.0418207703282575e+20,3.0418209212027974e+20,3.041820945300546e+20,5.63524262626614e+19,1.6602092448415495e+27,3.041820950396494e+20,1.824746918885504e+20,3.041820950963471e+20,3.041820944688657e+20,3.0418207959093805e+20,3.041820925857161e+20,5.6920786653739885e+19,5.372439973906156e+19,2.8292349252662654e+20,1.991185565074328e+20,6.025658842620347e+19,3.0418174510028266e+20,1.599145051110843e+29,5.51052440039832e+19,2.3402724346148222e+20,2.6447460568768142e+20,6.13223885236584e+20,9.053197878636163e+21,7.192373410207322e+21,1.4157994489215494e+19,1.8113838457006824e+20,2.7329465667052388e+20,1.1681600946288855e+20,1.3150699185181632e+20,2.9129613441523643e+20,1.7864828732713697e+20,6.499385424490451e+20,1.825580782492644e+20,8.251026150381423e+20,1.7323796218685902e+20,1.9325570128862527e+20,1.6366265687178245e+20,1.7924624475999912e+20,2.969574658899024e+20,2.8794930247211074e+20,1.3524491756322962e+20,8.022680602501184e+20,1.0591776221614366e+21,2.5559746520961112e+20,5.913933836303425e+20,1.2674267390198046e+21,2.284547681147298e+20,3.358616168370306e+22,4.006086990016098e+19,2.0361313433843024e+20,5.457470813152099e+20,2.946636255227195e+20,2.6033898936063436e+20,1.1606476210539163e+20,2.494285367881986e+20,1.8197074451516473e+20,8.162532096665289e+20,4.328118096079514e+19,2.8422589111275704e+20,1.0454787498135895e+22,3.140761229695405e+19,5.6433863419508405e+20,2.6214221359746004e+20,1.338029055543251e+20,2.7572180719903063e+21,1.1704658359146575e+21,5.4390627789513137e+20,2.4381843674002532e+20,2.6268946529834153e+20,3.928889922657243e+21,0.0,9.512964715100798e+21,2.761406861920943e+21,8.391034009794064e+20,2.0430929642226395e+20,2.999064173117135e+20,8.373732960925467e+20,2.5563372701748658e+20,3.149561456227194e+21,3.041820950612172e+20,3.0418209374005684e+20,3.0418209510162275e+20,6.518389589427907e+19,3.041820826148212e+20,5.289124691200954e+20,2.8362535799892495e+22,3.0418209510107926e+20,2.1775500268748312e+20,1.426328205627836e+21,3.0418209499354936e+20,1.303983888999908e+21,3.976916962909401e+21,1.4099619178443537e+21,9.479232484656808e+21,5.733078352036945e+21,9.10726351208316e+20,1.6110931719844638e+21,3.041803172916727e+20,3.5293480299834917e+19,3.0418209509488624e+20,1.2482991166184609e+20,1.3039239185308661e+23,2.4831899545807546e+20,3.040450714588612e+20,1.2291639471863934e+20
Escherichia ruysiae,9.768546048347176e+21,9.397942343526026e+21,9.720102141104507e+21,9.640816849546878e+21,5.778264498018145e+21,9.693118394247324e+21,8.514311775213147e+21,8.134004382032687e+21,9.498435841280734e+21,9.26326163161387e+21,9.452750435461525e+21,9.81709851949419e+21,9.817098519297191e+21,9.81709852257761e+21,9.817098519428666e+21,9.817098522043015e+21,9.564361000016203e+21,8.478921135766573e+21,9.194551749150212e+21,8.642615871020442e+21,9.811805526947143e+21,5.042618632103508e+21,9.817098522673333e+21,8.55543938755498e+21,9.686440620029653e+21,9.79678310475921e+21,4.998526596197436e+21,9.817098504663472e+21,9.817098519718595e+21,9.817098522122477e+21,9.56931468651703e+21,1.6601997399443826e+27,9.817098522630637e+21,9.695419659249835e+21,9.817098522687158e+21,9.817098522061462e+21,9.817098507216992e+21,9.81709852018299e+21,9.456061566131877e+21,9.56668160862881e+21,9.795848466742917e+21,9.712064237298677e+21,9.573213234826194e+21,9.81709817332381e+21,1.5991449561150863e+29,9.56806757053962e+21,9.746965651679464e+21,9.77740531302047e+21,8.899773392545485e+21,4.605064190791258e+20,2.32061988011262e+21,9.498836213329746e+21,9.694088100973663e+21,9.786222732252421e+21,9.629769391897768e+21,9.381463983606092e+21,9.804218320085611e+21,9.334331060913951e+21,8.863053583041541e+21,9.69550554559269e+21,8.687917162191934e+21,9.686187963578958e+21,9.706201795541779e+21,9.676613367888798e+21,9.333726073346883e+21,9.809877915845305e+21,9.225042947858262e+21,9.648193420329553e+21,8.710753709199384e+21,8.453856212525667e+21,9.768531697381503e+21,8.921601116545989e+21,8.245595886042136e+21,9.74139278205958e+21,2.4073274089814217e+22,9.47296724715757e+21,9.716556934304961e+21,8.967256682170637e+21,9.807584613039073e+21,9.773269539083975e+21,9.62902503553994e+21,9.26356754741283e+21,9.694917816960678e+21,8.69679434865202e+21,9.469684299321311e+21,9.797151388038513e+21,9.420100700337987e+20,9.48155729122206e+21,8.948674357412574e+21,9.775073302815783e+21,9.37917498668371e+21,6.755845749884363e+21,8.342592427312196e+21,8.969113018409868e+21,9.756755861143254e+21,9.775621697667645e+21,5.584112629148696e+21,9.512964715100798e+21,0.0,6.751596487017229e+21,8.673887790979371e+21,9.717253647562996e+21,9.812825166431784e+21,8.675627204818998e+21,9.768566072930166e+21,6.363459895653749e+21,9.817098522652142e+21,9.81709852133446e+21,9.817098522692413e+21,9.44778691299473e+21,9.817098510234007e+21,8.984101608069212e+21,1.8849588295964694e+22,9.817098522691872e+21,9.73069957983525e+21,8.086677206217817e+21,9.817098522584683e+21,8.209026581183765e+21,5.536188798093693e+21,8.103046036307826e+21,4.833574507537773e+19,3.7800037482877173e+21,8.602320003256061e+21,7.901963834129102e+21,9.817096747677221e+21,9.47768985272469e+21,9.817098522685698e+21,9.637790344241023e+21,1.208797019965617e+23,9.264698213885288e+21,9.816961636141562e+21,9.390068438682208e+21
Escherichia sp005843885,3.0170040978193876e+21,2.6463758404927713e+21,2.9685565696799723e+21,2.889266045376255e+21,9.733804668003751e+20,2.9415699215685004e+21,1.7627176025100203e+21,1.3824136560277337e+21,2.74687403305001e+21,2.511688784374629e+21,2.7011888449529106e+21,3.065563444521122e+21,3.0655634443240263e+21,3.0655634476069683e+21,3.065563444455439e+21,3.065563447071892e+21,2.812806188555859e+21,1.7273293316558228e+21,2.442978014815208e+21,1.8910308576609268e+21,3.0602694735362104e+21,1.7089825757380944e+21,3.065563447702788e+21,1.8038555422078405e+21,2.934892894960126e+21,3.0452450051628424e+21,1.175010598516041e+22,3.065563429680458e+21,3.065563444745727e+21,3.0655634471514465e+21,2.817754024704172e+21,1.6602064863100662e+27,3.0655634476600525e+21,2.9438723032892844e+21,3.0655634477166263e+21,3.065563447090378e+21,3.065563432235434e+21,3.065563445210449e+21,2.7044981271546655e+21,2.8151272700826925e+21,3.0443101355588374e+21,2.9605170111952763e+21,2.821659231959874e+21,3.0655630981529107e+21,1.599145023542429e+29,2.8165114622360824e+21,2.9954217057176005e+21,3.0258646578381267e+21,2.1481949498828681e+21,6.29179639361594e+21,4.4309875899794546e+21,2.747274523640213e+21,2.9425390557284176e+21,3.034683155140623e+21,2.8782177514375243e+21,2.629901761201599e+21,3.05268109853701e+21,2.582765031685052e+21,2.1114765796798541e+21,2.943957340406769e+21,1.936329754021104e+21,2.9346386616025717e+21,2.9546542990746856e+21,2.925063620680325e+21,2.582162704760131e+21,3.0583413980858983e+21,2.473471053964691e+21,2.8966437826320883e+21,1.9591661608320647e+21,1.7022634846377162e+21,3.016989668725101e+21,2.1700239019944942e+21,1.4940032520899173e+21,2.9898488281224635e+21,3.08248478876702e+22,2.7214002986354166e+21,2.965010458161399e+21,2.2156772070282402e+21,3.0560478607655656e+21,3.0217288204869037e+21,2.877470572112292e+21,2.511995506217916e+21,2.943369737031953e+21,1.9452023347508966e+21,2.718125729156335e+21,3.0456129317888585e+21,7.693393056577824e+21,2.7299992656894734e+21,2.197092251165179e+21,3.02353246243021e+21,2.6276102744892616e+21,8.520407174098418e+18,1.5909964079846651e+21,2.2175298754835445e+21,3.0052124818199596e+21,3.0240805046057996e+21,1.1674886207235412e+21,2.761406861920943e+21,6.751596487017229e+21,0.0,1.922309362740352e+21,2.965706997641057e+21,3.061289257113628e+21,1.9240450551164478e+21,3.0170246555754195e+21,3.8815684909377854e+20,3.0655634476815766e+21,3.065563446362813e+21,3.0655634477218886e+21,2.6962257734050083e+21,3.065563435254597e+21,2.232519845668733e+21,2.5601184133814038e+22,3.065563447721347e+21,2.979153138638703e+21,1.3350879390262401e+21,3.0655634476140525e+21,1.45743663565879e+21,1.2155276087567652e+21,1.351456010372925e+21,6.717826903393933e+21,2.97167196576902e+21,1.850727055912099e+21,1.150367992336954e+21,3.065561671814022e+21,2.7261273624670225e+21,3.065563447715168e+21,2.8862358736541487e+21,1.2763118057745242e+23,2.5131220832718e+21,3.06542651574536e+21,2.638502224653533e+21
Escherichia coli_E,1.0947089862854864e+21,7.240682150842495e+20,1.0462594005811786e+21,9.669660575586915e+20,2.8956837987628666e+21,1.0192709239946943e+21,1.596934419084415e+20,5.399031960502516e+20,8.245681803454906e+20,5.89379539633616e+20,7.788835267407291e+20,1.1432731467905219e+21,1.143273146593347e+21,1.1432731498784178e+21,1.1432731467247026e+21,1.1432731493429323e+21,8.9050427157513e+20,1.950252437772062e+20,5.206687216182829e+20,3.1333378212060615e+19,1.1379784444074179e+21,3.6312881817644135e+21,1.1432731499743199e+21,1.1846096640578752e+20,1.0125945825357855e+21,1.1229525446397985e+21,1.3672405543495125e+22,1.1432731319415173e+21,1.143273147015298e+21,1.1432731494225673e+21,8.954482576547402e+20,1.660208406735651e+27,1.1432731499315495e+21,1.0215741346650358e+21,1.1432731499881705e+21,1.1432731493614526e+21,1.1432731344977039e+21,1.1432731474802938e+21,7.821916852965005e+20,8.928256735521644e+20,1.1220174981438084e+21,1.0382186763020422e+21,8.993577965332195e+20,1.1432728002575608e+21,1.5991450427352294e+29,8.942085655735003e+20,1.0731253703065892e+21,1.103570442971701e+21,2.2588598144106063e+20,8.214105018256504e+21,6.353288227792573e+21,8.249687362153196e+20,1.020239609229044e+21,1.1123896645019261e+21,9.559172910354221e+20,7.07596754452028e+20,1.130389229584438e+21,6.604580581025915e+20,1.891672181648798e+20,1.0216585110260292e+21,1.4292929843940305e+19,1.012339138838457e+21,1.0323558480460458e+21,1.0027639039006861e+21,6.59857425714329e+20,1.1360500109407112e+21,5.511620786764202e+20,9.743445832205887e+20,3.696895077006433e+19,2.2009469726502535e+20,1.094694493823923e+21,2.4771457930692556e+20,4.2832548343813793e+20,1.0675525845670957e+21,3.2747110296760374e+22,7.990921384946943e+20,1.0427126340399154e+21,2.9336899124153198e+20,1.1337563216909116e+21,1.0994346330456301e+21,9.551680870327546e+20,5.896864095148745e+20,1.0210710131675984e+21,2.339012227730073e+19,7.958222829431348e+20,1.1233201620429346e+21,9.61569892894948e+21,8.076960670969781e+20,2.747871916402978e+20,1.101238139261228e+21,7.053037056313615e+20,1.9181147881834086e+21,3.313892642629379e+20,2.952265623742131e+20,1.082916428167076e+21,1.1017858804297929e+21,3.089796036598179e+21,8.391034009794064e+20,8.673887790979371e+21,1.922309362740352e+21,0.0,1.0434090265293665e+21,1.1389983301081913e+21,2.0198438839274685e+18,1.0947299804968919e+21,2.3104621652760092e+21,1.1432731499530901e+21,1.1432731486334128e+21,1.1432731499934378e+21,7.739207949457913e+20,1.1432731375186748e+21,3.102141096747715e+20,2.752346848687299e+22,1.1432731499928954e+21,1.0568551134437333e+21,5.872251974160159e+20,1.1432731498855118e+21,4.648805335014989e+20,3.1378142783409483e+21,5.708586495424057e+20,8.640136229083531e+21,4.893981151386101e+21,7.176418358779073e+19,7.71993894438817e+20,1.1432713733470556e+21,8.03821285931892e+20,1.1432731499867114e+21,9.6393328106902e+20,1.295533822539772e+23,5.908128855962867e+20,1.1431361815027546e+21,7.161947814473092e+20
Escherichia albertii,5.130381513255315e+19,3.193531888638656e+20,2.8576964016246093e+18,7.644405436132942e+19,3.9390855618973254e+21,2.4139221385426158e+19,1.2030467368462613e+21,1.583311904351505e+21,2.1885139654585326e+20,4.540470022984316e+20,2.6453154762582498e+20,9.987736663616327e+19,9.987736643874703e+19,9.987736973056682e+19,9.987736656988692e+19,9.98773691937703e+19,1.5290698883045288e+20,1.2384167385972393e+21,5.227544951151857e+20,1.0746998445865026e+21,9.458100122347592e+19,4.6746764305100246e+21,9.987736982673587e+19,1.1618687489173022e+21,3.0814461532622385e+19,7.955246009773063e+19,1.471577733379511e+22,9.98773517610372e+19,9.987736686148705e+19,9.987736927366583e+19,1.4797856375006072e+20,1.660209448836937e+27,9.987736978385358e+19,2.1834895440724087e+19,9.987736984062594e+19,9.987736921240507e+19,9.987735432095221e+19,9.98773673273437e+19,2.6122760399978545e+20,1.5058512373535932e+20,7.861695596560805e+19,5.191090058393855e+18,1.4405290534847159e+20,9.987701959582805e+19,1.5991450531493096e+29,1.4920497078626494e+20,2.9718610229937648e+19,6.016708588448757e+19,8.175317634591839e+20,9.257494057924028e+21,7.396666233868064e+21,2.184505791589592e+20,2.3172220652699107e+19,6.898757539790276e+19,8.749329584026657e+19,3.358154490724914e+20,8.699008177347138e+19,3.829574630428357e+20,8.542455681188908e+20,2.175135015557282e+19,1.0294110575404673e+21,3.107204727875929e+19,1.1053704922621792e+19,4.0647115942387335e+19,3.8355427648519045e+20,9.265166071412425e+19,4.922585733888035e+20,6.90647300551211e+19,1.0065766917866641e+21,1.2634858694133938e+21,5.128913974652612e+19,7.957011078559054e+20,1.4717334984676695e+21,2.4146869346277736e+19,3.3790439247659233e+22,2.443407879564278e+20,6.975562556244282e+17,7.500558535849321e+20,9.035779246142831e+19,5.6031891961207595e+19,8.824855850700723e+19,4.5373772592508935e+20,2.2338589367353803e+19,1.0205624717489342e+21,2.4758923474274527e+20,7.991903152226315e+19,1.0659081422143234e+22,2.357153165630956e+20,7.686477425017359e+20,5.783470943969044e+19,3.3811219731031884e+20,2.96152254048748e+21,1.374774618746717e+21,7.482155545494853e+20,3.950963185597621e+19,5.838145475335566e+19,4.1331876660084673e+21,2.0430929642226395e+20,9.717253647562996e+21,2.965706997641057e+21,1.0434090265293665e+21,0.0,9.56010779202322e+19,1.0416801613017084e+21,5.132618560779598e+19,3.353862338869155e+21,9.987736980544748e+19,9.987736848285773e+19,9.987736984590978e+19,2.694931821024936e+20,9.987735734761554e+19,7.332216928459021e+20,2.85668197119576e+22,9.987736984536518e+19,1.3446146668616495e+19,1.6306327335529527e+21,9.987736973769273e+19,1.508289467595334e+21,4.181220279384677e+21,1.6142667894964447e+21,9.683530493541e+21,5.937377312991072e+21,1.1150354504513521e+21,1.8154006206931605e+21,9.987559096084473e+19,2.395978167578284e+20,9.987736983916334e+19,7.948504051000346e+19,1.3059665361742521e+23,4.5262625725522084e+20,9.974029852794367e+19,3.272251636515585e+20
Hafnia alvei,4.429807979727795e+19,4.1495124420570894e+20,9.274788499038996e+19,1.720424344763547e+20,4.034668719627281e+21,1.1973984276379902e+20,1.298640747796961e+21,1.6789001778180307e+21,3.144505174421899e+20,5.49644290175874e+20,3.601287128005563e+20,4.2767613765355377e+18,4.2767611789368494e+18,4.27676447636799e+18,4.276761309843375e+18,4.2767639384579415e+18,2.4850424035587752e+20,1.3340089971627655e+21,6.183505096222869e+20,1.1702912343039261e+21,1.020089335448296e+18,4.770254922449859e+21,4.276764572766717e+18,1.257458654184519e+21,1.2641278732230887e+20,1.6048786333528451e+19,1.4811349815164137e+22,4.2767464801731185e+18,4.276761602324104e+18,4.27676401858081e+18,2.43579521798577e+20,1.6602095442270938e+27,4.276764529788823e+18,1.1743372633898025e+20,4.276764586690846e+18,4.2767639571963546e+18,4.2767490430204984e+18,4.276762068886239e+18,3.5682601859421785e+20,2.461820515263361e+20,1.6984421332858223e+19,1.0079216748685006e+20,2.3964989917241282e+20,4.2764139367643663e+18,1.599145054102392e+29,2.448035820080732e+20,6.588279120787924e+19,3.543441406921066e+19,9.131241519176053e+20,9.353071763338923e+21,7.492241157421919e+21,3.140496505638303e+20,1.1877328890050591e+20,2.6613884259650937e+19,1.830917668573246e+20,4.314104150174754e+20,8.61124084066266e+18,4.785532463057567e+20,9.49836798768975e+20,1.17351898296333e+20,1.1250040325014289e+21,1.2667285670488791e+20,1.066545610991741e+20,1.3624755548003764e+20,4.7914845477094654e+20,2.949884039390961e+18,5.878544462692345e+20,1.646620899498664e+20,1.1021700479621822e+21,1.3590782914386778e+21,4.431288714604604e+19,8.912933314189138e+20,1.567323587642035e+21,7.145421061314823e+19,3.3886001365145885e+22,3.399412718404362e+20,9.62967312440322e+19,8.456498164071563e+20,5.243498643826278e+18,3.956925674250586e+19,1.8384930061826638e+20,5.4933464461045e+20,1.1793888481801534e+20,1.1161577289785136e+21,3.4318494020831923e+20,1.5682847175446327e+19,1.0754657068458936e+22,3.3131111108841203e+20,8.642425083376773e+20,3.776669314973336e+19,4.3370863823728476e+20,3.0571091851370483e+21,1.4703680375121225e+21,8.43811128163948e+20,5.609249246019255e+19,3.722054062087497e+19,4.2287673697933533e+21,2.999064173117135e+20,9.812825166431784e+21,3.061289257113628e+21,1.1389983301081913e+21,9.56010779202322e+19,0.0,1.1372708609338545e+21,4.427506658017639e+19,3.449445167392264e+21,4.276764551427772e+18,4.2767632263944187e+18,4.2767645919890734e+18,3.6508985061683934e+20,4.276752074360649e+18,8.288169437663828e+20,2.866238676077841e+22,4.276764591442579e+18,8.21578687285174e+19,1.7262201225896667e+21,4.2767644835222845e+18,1.6038781119093334e+21,4.276805392292966e+21,1.7098545592394347e+21,9.779109852570379e+21,6.032957832483313e+21,1.2106298917237757e+21,1.9109914424121777e+21,4.274984000360606e+18,3.3519651281822614e+20,4.2767645852253763e+18,1.750860557861494e+20,1.3069220402404766e+23,5.482249843587424e+20,4.1396283144944394e+18,4.2282281039387754e+20
Klebsiella pneumoniae,1.0929807119064265e+21,7.223362062925777e+20,1.0445307384413035e+21,9.652368099514416e+20,2.8974178960466436e+21,1.0175418356330128e+21,1.6139622830044932e+20,5.4163497853700814e+20,8.228370360824196e+20,5.876457779679378e+20,7.771527676313663e+20,1.141545794165971e+21,1.1415457939687805e+21,1.1415457972542702e+21,1.1415457941001243e+21,1.1415457967187041e+21,8.887746004454413e+20,1.9674210615176967e+20,5.189349351869793e+20,3.302462460854949e+19,1.1362509569124068e+21,3.633025142701381e+21,1.1415457973501886e+21,1.2018989088140845e+20,1.0108657004002792e+21,1.1212247949810291e+21,1.3674144048173764e+22,1.1415457793153301e+21,1.1415457943907808e+21,1.141545796798355e+21,8.93717001618263e+20,1.6602084085150039e+27,1.1415457973074115e+21,1.0198452694098642e+21,1.1415457973640418e+21,1.1415457967372312e+21,1.1415457818717533e+21,1.1415457948558302e+21,7.804603200542632e+20,8.910961061533933e+20,1.1202897128301032e+21,1.0364897256842515e+21,8.976282658664519e+20,1.1415454476008316e+21,1.5991450427531344e+29,8.924785332837624e+20,1.0713968532172121e+21,1.1018423541887036e+21,2.2415089703115165e+20,8.215841289583558e+21,6.355026320050312e+21,8.232376245044439e+20,1.018510390860931e+21,1.1106617166156827e+21,9.541879270136212e+20,7.058663620722252e+20,1.1286615868928587e+21,6.58726692002115e+20,1.87434755549508e+20,1.0199294640656388e+21,1.240764137891785e+19,1.0106099171959992e+21,1.0306268797911989e+21,1.0010346486479896e+21,6.581270612803457e+20,1.1343224545839137e+21,5.4942902893510604e+20,9.726155489900129e+20,3.516905612965548e+19,2.2181185839559397e+20,1.0929662045877398e+21,2.459807109281636e+20,4.300534491631455e+20,1.0658241036225826e+21,3.2748852692704056e+22,7.973595315995804e+20,1.0409838095184462e+21,2.9163229538192884e+20,1.1320287395436319e+21,1.097706560612527e+21,9.534380570382741e+20,5.879530264030381e+20,1.0193419969646165e+21,2.1488762803958088e+19,7.940923074064359e+20,1.121592344994777e+21,9.617436157322004e+21,8.059661550857777e+20,2.730475416484514e+20,1.0995100315066085e+21,7.035724675036958e+20,1.9198464804958374e+21,3.331058817958309e+20,2.934858608989396e+20,1.081187956750305e+21,1.1000577023269748e+21,3.091532526834773e+21,8.373732960925467e+20,8.675627204818998e+21,1.9240450551164478e+21,2.0198438839274685e+18,1.0416801613017084e+21,1.1372708609338545e+21,0.0,1.0930018077671927e+21,2.3121969419439288e+21,1.1415457973289555e+21,1.141545796009098e+21,1.1415457973693101e+21,7.721902138984274e+20,1.1415457848930793e+21,3.0847503433725916e+20,2.7525208982064153e+22,1.1415457973687674e+21,1.055126202033463e+21,5.8895843272155936e+20,1.1415457972613663e+21,4.66611875611718e+20,3.1395467318058224e+21,5.72591264173653e+20,8.641871527056548e+21,4.895716329591821e+21,7.343225250636089e+19,7.73720624445171e+20,1.1415440205792648e+21,8.020900726071321e+20,1.1415457973625824e+21,9.622031932212744e+20,1.2955512842862773e+23,5.890775003439264e+20,1.1414088218980855e+21,7.144629291941374e+20
Akkermansia muciniphila,1.0846339198036205e+17,3.706781991236758e+20,4.847341689856178e+19,1.2776885513021977e+20,3.9904037003046525e+21,7.546519266576679e+19,1.2543700197147738e+21,1.634632436739533e+21,2.7017685938767076e+20,5.0537170346417363e+20,3.1585607518478474e+20,4.855149123162281e+19,4.855149103417141e+19,4.85514943270291e+19,4.855149116527236e+19,4.855149379002846e+19,2.042313916119e+20,1.2897391812004642e+21,5.7407860684417414e+20,1.1260218376594741e+21,4.325498162741348e+19,4.725992273049301e+21,4.855149442324001e+19,1.2131900261820077e+21,8.213886764625997e+19,2.8226337060535394e+19,1.4767090264845605e+22,4.855147635253088e+19,4.8551491457031815e+19,4.855149386996518e+19,1.9930474808618392e+20,1.6602095000558304e+27,4.855149438034025e+19,7.315955244942284e+19,4.855149443713629e+19,4.855149380868172e+19,4.855147891300144e+19,4.855149192301978e+19,3.125527533642506e+20,2.0190934118550326e+20,2.7290797881655054e+19,5.65172640871482e+19,1.953771419862563e+20,4.855114411564008e+19,1.599145053661069e+29,2.005301027837293e+20,2.160773105982177e+19,8.840945158786552e+18,8.688541904202615e+20,9.30880956657593e+21,7.447980341346373e+21,2.6977601788729144e+20,7.449840162824112e+19,1.7661389823312425e+19,1.388181974465689e+20,3.8713891984351134e+20,3.5663966703379325e+19,4.342813893258235e+20,9.05567431641065e+20,7.307726448447052e+19,1.0807338176549214e+21,8.239814509396912e+19,6.237978056248668e+19,9.197302730221932e+19,4.3487738742001186e+20,4.132556016516961e+19,5.4358260369054636e+20,1.2038885019693918e+20,1.0578996331348693e+21,1.3148083943942998e+21,1.270263537190883e+17,8.470234469545896e+20,1.5230549109209424e+21,2.7179419477460414e+19,3.3841747005080416e+22,2.956668529419934e+20,5.202194006552681e+19,8.013790361615659e+20,3.903170187201311e+19,4.705878693015859e+18,1.3957467576573593e+20,5.0506224950693475e+20,7.366433451896163e+19,1.0718863264447062e+21,2.989129828796801e+20,2.8592846038208946e+19,1.071039591525474e+22,2.870390934141175e+20,8.199713202108139e+20,6.508549065330432e+18,3.8943642178143565e+20,3.0128423632066356e+21,1.4260976353720523e+21,7.995395164260568e+20,1.1817793674623537e+19,7.055900796210982e+18,4.184504097522056e+21,2.5563372701748658e+20,9.768566072930166e+21,3.0170246555754195e+21,1.0947299804968919e+21,5.132618560779598e+19,4.427506658017639e+19,1.0930018077671927e+21,0.0,3.4051802958477777e+21,4.8551494401942405e+19,4.855149307890244e+19,4.855149444242274e+19,3.2081746058927754e+20,4.855148194053423e+19,7.845454965634783e+20,2.861812994625242e+22,4.85514944418778e+19,3.7882861878710256e+19,1.6819528343259227e+21,4.85514943341601e+19,1.5596101740243242e+21,4.232539385877473e+21,1.6655870766744412e+21,9.734846824237226e+21,5.988694185483754e+21,1.1663589288200028e+21,1.8667224209845196e+21,4.854971522947364e+19,2.9092308838385e+20,4.855149443567317e+19,1.3081122603160465e+20,1.3064795546998424e+23,5.039516283016011e+20,4.841440946181102e+19,3.785499796314059e+20
Akkermansia muciniphila_B,3.4051597057069673e+21,3.034529555529028e+21,3.3567119836651407e+21,3.2774211431406984e+21,5.852237694675206e+20,3.329725151444458e+21,2.150864012614549e+21,1.7705636000562697e+21,3.1350282164615454e+21,2.899841699667994e+21,3.089343106814489e+21,3.453719393192985e+21,3.453719392995885e+21,3.453719396278949e+21,3.453719393127295e+21,3.453719395743849e+21,3.2009610194003097e+21,2.1154777117673246e+21,2.831130871097872e+21,2.279181951907158e+21,3.448425377276768e+21,1.3208413496317088e+21,3.453719396374773e+21,2.1920071936480788e+21,3.323048186433916e+21,3.4334008128927365e+21,1.136196346978068e+22,3.453719378351844e+21,3.4537193934176004e+21,3.453719395823408e+21,3.205908257776927e+21,1.6602060986242993e+27,3.4537193963320356e+21,3.3320276134902183e+21,3.453719396388612e+21,3.4537193957623364e+21,3.453719380906889e+21,3.4537193938823377e+21,3.0926521665424447e+21,3.203282141328855e+21,3.43246593140938e+21,3.3486723157616183e+21,3.209814126449572e+21,3.453719046815317e+21,1.5991450196681137e+29,3.2046661680982534e+21,3.3835772053020454e+21,3.414020336372401e+21,2.5363473311103645e+21,5.903647008089871e+21,4.042846522086747e+21,3.1354287202279117e+21,3.3306942412214386e+21,3.422838889038767e+21,3.2663727916635484e+21,3.018056035534629e+21,3.44083694755147e+21,2.970918891852146e+21,2.499629334935607e+21,3.332112588123164e+21,2.3244798859310185e+21,3.322793834723061e+21,3.342809589279139e+21,3.313218768195302e+21,2.9703169025970877e+21,3.446497279533995e+21,2.8616241865788553e+21,3.2847989655417667e+21,2.3473161898242249e+21,2.0904112807286355e+21,3.405145271827651e+21,2.558176511725424e+21,1.8821516427302304e+21,3.3780043319154856e+21,3.0436720337762816e+22,3.1095538582212633e+21,3.353165812316685e+21,2.603829234498745e+21,3.444203731794068e+21,3.409884498592214e+21,3.2656253679313433e+21,2.9001485597081684e+21,3.331524994596369e+21,2.3333501154418457e+21,3.106280298806572e+21,3.4337687198044363e+21,7.305246615797164e+21,3.11815387742608e+21,2.5852436390196853e+21,3.4116881319053026e+21,3.015764249184693e+21,3.923989270632771e+20,1.9791404159158803e+21,2.6056809335781385e+21,3.3933680098217186e+21,3.41223615265278e+21,7.793473545817766e+20,3.149561456227194e+21,6.363459895653749e+21,3.8815684909377854e+20,2.3104621652760092e+21,3.353862338869155e+21,3.449445167392264e+21,2.3121969419439288e+21,3.4051802958477777e+21,0.0,3.453719396353561e+21,3.453719395034745e+21,3.453719396393875e+21,3.0843800922353057e+21,3.453719383926156e+21,2.6206712664394805e+21,2.5213048168893217e+22,3.453719396393333e+21,3.367308482704621e+21,1.7232387820245232e+21,3.4537193962860336e+21,1.845586777246275e+21,8.273729971091843e+20,1.7396064268299762e+21,6.329674768122745e+21,2.583519547550748e+21,2.238874360755605e+21,1.5385070851654707e+21,3.4537176204434976e+21,3.114281490324995e+21,3.453719396387154e+21,3.274390659899078e+21,1.272430715230802e+23,2.901274377914698e+21,3.4535824622867e+21,3.026655988920853e+21
Erysipelatoclostridium ramosum,4.857461908612565e+19,4.1922696838310226e+20,9.7024065777337e+19,1.7631834738880473e+20,4.038942967987879e+21,1.2401603950305644e+20,1.3029159705266487e+21,1.683174881308644e+21,3.187263925264714e+20,5.5391990402721736e+20,3.644043644208822e+20,3195873139033.249,3393455302761.0503,76005340731.31764,3265478674304.746,618895348713.4393,2.527799676434921e+20,1.3382840569943622e+21,6.22625983025741e+20,1.174566227369228e+21,5.296810593631762e+18,4.774528808382875e+21,21603550197.02475,1.261733515051712e+21,1.3068880974105326e+20,2.0325345936874086e+19,1.4815623233020585e+22,18153381549407.71,2968062708480.454,537441251210.4251,2.4785571903379797e+20,1.6602095484896307e+27,21842267592.08734,1.2170981104115938e+20,35712222981.35153,599364322361.5979,15584829896822.285,2499374379841.138,3.61101798957518e+20,2.5045775368832454e+20,2.1261021394156773e+19,1.050684597424566e+20,2.439256132280707e+20,351533594511183.56,1.599145054144973e+29,2.4907943699742294e+20,7.015919253176348e+19,3.971093390586208e+19,9.173992537381747e+20,9.35734557210992e+21,7.496514765851509e+21,3.1832551999671946e+20,1.2304956430870331e+20,3.0890439963071603e+19,1.8736767030004672e+20,4.3568583812183314e+20,1.2887913815112083e+19,4.828287273520234e+20,9.541117971456657e+20,1.2162809229543006e+20,1.1292791687318897e+21,1.309490669445204e+20,1.1093080659285583e+20,1.4052370723095156e+20,4.834237928848295e+20,7.226643900829992e+18,5.921299111537883e+20,1.6893794348091834e+20,1.1064452204296034e+21,1.3633533647177187e+21,4.8589440629901074e+19,8.955684212686896e+20,1.5715984476781205e+21,7.573050186548652e+19,3.3890274047932305e+22,3.442173380874826e+20,1.0057298901024126e+20,8.49925066105907e+20,9.5202144936558e+18,4.38456564992738e+19,1.8812545893836797e+20,5.536102201553944e+20,1.2221505602672673e+20,1.1204330815708117e+21,3.474604679630531e+20,1.995955209507304e+19,1.0758930721908852e+22,3.355866533534808e+20,8.685178310856603e+20,4.204318240098388e+19,4.379841942275051e+20,3.06138372275945e+21,1.474643197497787e+21,8.480865310419175e+20,6.0369004642820784e+19,4.149712433290154e+19,4.2330413512919645e+21,3.041820950612172e+20,9.817098522652142e+21,3.0655634476815766e+21,1.1432731499530901e+21,9.987736980544748e+19,4.276764551427772e+18,1.1415457973289555e+21,4.8551494401942405e+19,3.453719396353561e+21,0.0,1334638999073.484,41097385959.031715,3.693654532563893e+20,12538521401013.088,8.33092316468418e+20,2.8666659785710607e+22,40537092775.676956,8.643433934628178e+19,1.7304947519518432e+21,68638009917.2031,1.6081528491672026e+21,4.2810797936361273e+21,1.714129220217706e+21,9.78338378511544e+21,6.03723186408384e+21,1.2149051597171044e+21,1.9152663541034013e+21,1783630591741432.0,3.3947233170107636e+20,34235528579.143753,1.793622881308998e+20,1.3069647591777293e+23,5.525007619931799e+20,1.3718414415235744e+17,4.270984890910625e+20
Catenibacterium sp000437715,4.857461776270917e+19,4.192269670618594e+20,9.702406445503416e+19,1.7631834606714837e+20,4.038942966669037e+21,1.2401603818072801e+20,1.3029159692063293e+21,1.6831748799891458e+21,3.187263912049154e+20,5.539199027061926e+20,3.644043630997768e+20,1861267916102.6082,2058903243612.822,1258692572778.0989,1930840869306.6924,715943399088.2448,2.5277996632222935e+20,1.3382840556743104e+21,6.226259817049775e+20,1.1745662260492814e+21,5.296809268914575e+18,4.774528807064522e+21,1356228018103.9421,1.261733513731973e+21,1.3068880841914232e+20,2.0325344613269946e+19,1.4815623231702827e+22,16819193845640.35,1633483231541.3906,797251126936.5453,2.4785571771149402e+20,1.6602095484896293e+27,1312799789496.3088,1.2170980971910192e+20,1370324639739.7764,735340682580.6846,14250515585270.766,1164757654163.9421,3.6110179763615996e+20,2.5045775236711062e+20,2.1261020070406717e+19,1.0506845841986876e+20,2.4392561190683266e+20,350200494718875.94,1.599145054144973e+29,2.4907943567590185e+20,7.015919120883651e+19,3.971093258249749e+19,9.173992524180509e+20,9.357345570791668e+21,7.496514764533513e+21,3.1832551867517495e+20,1.2304956298616896e+20,3.0890438639547752e+19,1.8736766897841298e+20,4.356858368011521e+20,1.288791249094577e+19,4.828287260312411e+20,9.541117958257085e+20,1.2162809097310778e+20,1.1292791674117123e+21,1.3094906562216036e+20,1.1093080527039578e+20,1.405237059087413e+20,4.834237915642995e+20,7.226642575647227e+18,5.92129909833039e+20,1.689379421593845e+20,1.1064452191093659e+21,1.3633533633976454e+21,4.8589439306431005e+19,8.95568419948585e+20,1.5715984463583846e+21,7.573050054288017e+19,3.389027404661542e+22,3.442173367655053e+20,1.0057298768774346e+20,8.499250647855375e+20,9.520213169192475e+18,4.384565517630814e+19,1.8812545761615318e+20,5.536102188344417e+20,1.2221505470446146e+20,1.1204330802502692e+21,3.474604666421782e+20,1.995955077079657e+19,1.0758930720590798e+22,3.3558665203257816e+20,8.685178297651665e+20,4.204318107773103e+19,4.379841929065838e+20,3.0613837214401985e+21,1.4746431961775727e+21,8.480865297212838e+20,6.036900331951947e+19,4.1497123009298784e+19,4.2330413499734835e+21,3.0418209374005684e+20,9.81709852133446e+21,3.065563446362813e+21,1.1432731486334128e+21,9.987736848285773e+19,4.2767632263944187e+18,1.141545796009098e+21,4.855149307890244e+19,3.453719395034745e+21,1334638999073.484,0.0,1375701099266.6865,3.693654519353773e+20,11204215688704.941,8.330923151478372e+20,2.8666659784393323e+22,1375142933989.1343,8.643433802314587e+19,1.7304947506324547e+21,1266026236546.2466,1.6081528478476536e+21,4.2810797923170727e+21,1.7141292188982711e+21,9.783383783797024e+21,6.037231862765295e+21,1.2149051583967076e+21,1.915266352783587e+21,1782298478365247.5,3.394723303796387e+20,1368847184348.11,1.793622868084955e+20,1.3069647591645693e+23,5.5250076067183526e+20,1.3718281543025477e+17,4.270984877699089e+20
Catenibacterium mitsuokai,4.857461912662113e+19,4.192269684235111e+20,9.702406581778786e+19,1.7631834742922992e+20,4.0389429680281936e+21,1.240160395435083e+20,1.3029159705670213e+21,1.6831748813489848e+21,3.1872639256689266e+20,5.5391990406761755e+20,3.644043644612856e+20,3236924769921.8984,3434499989220.302,117102530248.73695,3306541869358.691,659982115560.1179,2.527799676839017e+20,1.338284057034724e+21,6.226259830661311e+20,1.174566227409586e+21,5.29681063418008e+18,4.774528808423172e+21,19494430469.043865,1.2617335150920618e+21,1.3068880978148853e+20,2.0325345977377133e+19,1.481562323306086e+22,18194386752690.6,3009111296870.1616,578520070381.5638,2.4785571907424885e+20,1.6602095484896307e+27,62935010492.846954,1.2170981108160048e+20,5386375591.907516,640443152458.1893,15625845623905.03,2540428976480.753,3.611017989979314e+20,2.5045775372873223e+20,2.1261021434665726e+19,1.050684597829188e+20,2.4392561326847938e+20,351574525892523.5,1.599145054144973e+29,2.4907943703784276e+20,7.015919257223927e+19,3.9710933946355474e+19,9.173992537785397e+20,9.357345572150211e+21,7.496514765891791e+21,3.183255200371402e+20,1.230495643491634e+20,3.0890440003571413e+19,1.87367670340471e+20,4.356858381622199e+20,1.2887913855637922e+19,4.828287273924141e+20,9.541117971860242e+20,1.2162809233588168e+20,1.1292791687722568e+21,1.3094906698497353e+20,1.1093080663331294e+20,1.4052370727139872e+20,4.834237929252104e+20,7.226643941397446e+18,5.921299111941776e+20,1.6893794352133865e+20,1.1064452204699729e+21,1.3633533647580818e+21,4.858944067039872e+19,8.955684213090538e+20,1.5715984477184703e+21,7.573050190594947e+19,3.389027404797254e+22,3.442173381279205e+20,1.0057298905069987e+20,8.499250661462817e+20,9.52021453419374e+18,4.384565653975115e+19,1.881254589788153e+20,5.536102201957918e+20,1.2221505606717609e+20,1.1204330816111932e+21,3.474604680034474e+20,1.995955213560336e+19,1.0758930721949136e+22,3.355866533938763e+20,8.685178311260398e+20,4.204318244147277e+19,4.379841942679012e+20,3.0613837227997806e+21,1.4746431975381554e+21,8.480865310823024e+20,6.036900468331162e+19,4.149712437340453e+19,4.2330413513322655e+21,3.0418209510162275e+20,9.817098522692413e+21,3.0655634477218886e+21,1.1432731499934378e+21,9.987736984590978e+19,4.2767645919890734e+18,1.1415457973693101e+21,4.855149444242274e+19,3.453719396393875e+21,41097385959.031715,1375701099266.6865,0.0,3.6936545329678896e+20,12579537086459.22,8.33092316508801e+20,2.8666659785750864e+22,561837604.6899316,8.643433938676595e+19,1.7304947519921793e+21,109732240501.51923,1.6081528492075453e+21,4.281079793676451e+21,1.7141292202580443e+21,9.78338378515574e+21,6.037231864124145e+21,1.2149051597574798e+21,1.9152663541437542e+21,1783671469471225.0,3.394723317414929e+20,6862118760.948177,1.7936228817135465e+20,1.3069647591781313e+23,5.525007620335927e+20,1.3718418487032696e+17,4.270984891314678e+20
Holdemania filiformis,3.207958369533266e+20,4.986386594101307e+19,2.7234463167685686e+20,1.9304912825538976e+20,3.669602632427592e+21,2.4535420540800886e+20,9.335539224280334e+20,1.313823954202406e+21,5.06489560390827e+19,1.8455445330229972e+20,4.964419291155282e+18,3.693654500907398e+20,3.693654498934516e+20,3.6936545318162196e+20,3.6936545002471555e+20,3.693654526455377e+20,1.1658620242847903e+20,9.68925024826637e+20,2.5326131323834784e+20,8.052090961387221e+20,3.6406985042900786e+20,4.405199871718028e+21,3.6936545327764564e+20,8.923794871282695e+20,2.3867902605195133e+20,3.4904236150069586e+20,1.4446308662959657e+22,3.693654352296724e+20,3.693654503157663e+20,3.693654527252908e+20,1.2152834794214995e+20,1.660209179755499e+27,3.6936545323482415e+20,2.4765855167002988e+20,3.693654532915142e+20,3.693654526641094e+20,3.6936543778759436e+20,3.693654507811587e+20,8.291204932277856e+18,1.1890815057522e+20,3.4810708531139504e+20,2.6430244949438585e+20,1.2544036230567066e+20,3.693651033216918e+20,1.5991450504604516e+29,1.2028886501080547e+20,2.992110780462119e+20,3.2965832045618174e+20,5.4804047764437395e+20,8.988017823059039e+21,7.127194437581367e+21,5.1049310862582e+19,2.4632227071445395e+20,3.3847831849307007e+20,1.8199990221086556e+20,6.632409773172978e+19,3.564796613280183e+20,1.1346443764564412e+20,5.847554681060341e+20,2.477419726349066e+20,7.599189558795107e+20,2.3842185271001697e+20,2.584395933729766e+20,2.288465483889075e+20,1.1406338787903246e+20,3.621409535720099e+20,2.2276540671737476e+20,2.0042872830824337e+20,7.370843383678947e+20,9.939940098027924e+20,3.207812547276459e+20,5.262100470378436e+20,1.2022436109165105e+21,2.9363857766158988e+20,3.352098726455583e+22,2.5216835331420606e+19,2.6879701201439084e+20,4.805633353520031e+20,3.598471223066501e+20,3.25522681593492e+20,1.8124817110531208e+20,1.8424482179057438e+20,2.47154635955915e+20,7.510693138298018e+20,2.190653202723574e+19,3.494095099507648e+20,1.0389608125173378e+22,3.3779419497117016e+19,4.991547709387029e+20,3.273259316507882e+20,6.8619015980898574e+19,2.6920355785979215e+21,1.1052820502664319e+21,4.787223827218091e+20,3.0900227275432545e+20,3.2787322119588885e+20,3.863709518679276e+21,6.518389589427907e+19,9.44778691299473e+21,2.6962257734050083e+21,7.739207949457913e+20,2.694931821024936e+20,3.6508985061683934e+20,7.721902138984274e+20,3.2081746058927754e+20,3.0843800922353057e+21,3.693654532563893e+20,3.693654519353773e+20,3.6936545329678896e+20,0.0,3.693654408111873e+20,4.6372857782397266e+20,2.8297359428908774e+22,3.693654532962456e+20,2.829388981574395e+20,1.3611458256183807e+21,3.693654531887304e+20,1.238801165259931e+21,3.911734785769652e+21,1.344779421249458e+21,9.414051858329423e+21,5.667897490122113e+21,8.455424834136141e+20,1.5459097852242735e+21,3.693636756011743e+20,2.99040115406261e+19,3.693654532900535e+20,1.900132073477803e+20,1.3032722226192219e+23,1.8313706447419654e+20,3.692284349205547e+20,5.773381210727994e+19
Holdemanella biformis,4.857460662173683e+19,4.192269559360427e+20,9.70240533217907e+19,1.7631833493842706e+20,4.03894295556026e+21,1.2401602704730635e+20,1.3029159580870322e+21,1.6831748688756828e+21,3.1872638007689786e+20,5.539198915819122e+20,3.6440435197492855e+20,9343176615394.348,9145414373305.264,12462650635217.268,9274125177669.15,11920139608643.34,2.5277995519627313e+20,1.3382840445569123e+21,6.22625970582539e+20,1.1745662149326309e+21,5.296798119026731e+18,4.774528795959237e+21,12560088589236.432,1.261733502616796e+21,1.3068879728863727e+20,2.032533347100316e+19,1.4815623220601832e+22,5615169619963.233,9570846336393.73,12001367859353.3,2.4785570657824257e+20,1.6602095484896183e+27,12516694698079.87,1.2170979858757165e+20,12574169120317.021,11939482065810.35,3046308695812.6016,10039607782587.52,3.611017865095334e+20,2.504577412414977e+20,2.126100892713586e+19,1.0506844728463978e+20,2.4392560078104982e+20,338999751646088.56,1.599145054144973e+29,2.490794245481297e+20,7.015918007125133e+19,3.971092144188369e+19,9.173992413001419e+20,9.357345559687115e+21,7.496514753430798e+21,3.183255075472387e+20,1.2304955185131263e+20,3.0890427497834803e+19,1.873676578498505e+20,4.356858256792978e+20,1.2887901344818278e+19,4.828287149086715e+20,9.541117847089817e+20,1.2162807983972857e+20,1.1292791562934232e+21,1.3094905448851803e+20,1.109307941360568e+20,1.4052369477614374e+20,4.834237804435127e+20,7.226631422601896e+18,5.921298987107014e+20,1.6893793103152284e+20,1.1064452079906501e+21,1.3633533522800948e+21,4.8589428165088805e+19,8.95568408830812e+20,1.5715984352432297e+21,7.573048940752226e+19,3.3890274035520734e+22,3.442173256345357e+20,1.0057297655314145e+20,8.499250536658865e+20,9.520202021034652e+18,4.384564403845452e+19,1.8812544648352445e+20,5.53610207710669e+20,1.2221504357148026e+20,1.1204330691293935e+21,3.4746045551895485e+20,1.9959539623915024e+19,1.0758930709487676e+22,3.355866409091588e+20,8.68517818644636e+20,4.204316993788925e+19,4.379841817830335e+20,3.061383710328498e+21,1.4746431850590217e+21,8.480865185997632e+20,6.03689921793425e+19,4.149711186704198e+19,4.233041338867292e+21,3.041820826148212e+20,9.817098510234007e+21,3.065563435254597e+21,1.1432731375186748e+21,9.987735734761554e+19,4.276752074360649e+18,1.1415457848930793e+21,4.855148194053423e+19,3.453719383926156e+21,12538521401013.088,11204215688704.941,12579537086459.22,3.693654408111873e+20,0.0,8.330923040266904e+20,2.866665977329576e+22,12578980468575.574,8.643432688411317e+19,1.7304947395197747e+21,12469961328917.684,1.6081528367338283e+21,4.2810797812067724e+21,1.7141292077852582e+21,9.783383772691312e+21,6.037231851658634e+21,1.214905147276865e+21,1.9152663416678743e+21,1771102377290634.0,3.3947231925245195e+20,12572692226088.969,1.7936227567454454e+20,1.3069647590536856e+23,5.5250074954530364e+20,1.3717163915923434e+17,4.27098476644721e+20
Streptococcus salivarius,7.845240126015426e+20,4.1387052749073495e+20,7.360729944997694e+20,6.567776480937088e+20,3.205891688318212e+21,7.090827657994153e+20,4.698257950360493e+20,8.501080812158601e+20,5.143728791145788e+20,2.7917693863331276e+20,4.686904345789796e+20,8.330923133037633e+20,8.33092313106511e+20,8.330923163936816e+20,8.330923132378059e+20,8.330923158577908e+20,5.803147150128009e+20,5.05200048465992e+20,2.1046746833494544e+20,3.414893692548046e+20,8.27796974525086e+20,3.941500166856575e+21,8.330923164896657e+20,4.2866430813487464e+20,7.024074434836412e+20,8.127698932900384e+20,1.3982618881308469e+22,8.330922984465759e+20,8.330923135287086e+20,8.330923159375058e+20,5.8525186388744844e+20,1.6602087167128754e+27,8.330923164468609e+20,7.113869926239362e+20,8.330923165035287e+20,8.330923158763459e+20,8.330923010039419e+20,8.330923139939733e+20,4.719959333136918e+20,5.8263657231251105e+20,8.118346781605199e+20,7.280309906914249e+20,5.8916879081045216e+20,8.330919666103562e+20,1.5991450458333432e+29,5.840173253759419e+20,7.62939419626523e+20,7.93386291325817e+20,8.433248156376895e+19,8.524316174694153e+21,6.663501260650572e+21,5.147735662360781e+20,7.100508477321419e+20,8.02206125796617e+20,6.45728452514579e+20,3.974066037154774e+20,8.202070468138108e+20,3.5026423010424154e+20,1.2105372410792804e+20,7.114705228424464e+20,2.9619383212449124e+20,7.021504300243857e+20,7.221681309797838e+20,6.925751253926601e+20,3.4966856442041296e+20,8.258682115761499e+20,2.4096320363481383e+20,6.641570976550917e+20,2.7335829032948616e+20,5.3026847470380365e+20,7.845094489872035e+20,6.251259475123095e+19,7.385229670874427e+20,7.573668530229532e+20,3.305732401778799e+22,4.888914343468895e+20,7.325254960066865e+20,1.6858300436748255e+19,8.23574412730672e+20,7.89250596016171e+20,6.44976275308058e+20,2.7948526211752074e+20,7.10883172327197e+20,2.8734083017534344e+20,4.856325614310144e+20,8.131371742788945e+20,9.925911188660396e+21,4.975064677834943e+20,3.5427635063981527e+19,7.910539151566736e+20,3.951096024595141e+20,2.2283179078560365e+21,6.415543634012332e+20,1.4996012347605424e+19,7.727306123129609e+20,7.91601311216076e+20,3.40000749492904e+21,5.289124691200954e+20,8.984101608069212e+21,2.232519845668733e+21,3.102141096747715e+20,7.332216928459021e+20,8.288169437663828e+20,3.0847503433725916e+20,7.845454965634783e+20,2.6206712664394805e+21,8.33092316468418e+20,8.330923151478372e+20,8.33092316508801e+20,4.6372857782397266e+20,8.330923040266904e+20,0.0,2.783368257664572e+22,8.330923165082579e+20,7.466674539314359e+20,8.974324855338549e+20,8.330923164007854e+20,7.750848573542513e+20,3.448018816533659e+21,8.810649367323842e+20,8.950345998328287e+21,5.204190775311471e+21,3.8181406898474117e+20,1.082185586640371e+21,8.330905391480846e+20,4.936259208558724e+20,8.330923165020684e+20,6.537411453563964e+20,1.2986359200716666e+23,2.8060499606461684e+20,8.329553137565675e+20,4.059978425266573e+20
Streptococcus sp001556435,2.861811011442479e+22,2.824751691302282e+22,2.8569667801676497e+22,2.8490384819539224e+22,2.462785037844934e+22,2.854268524861674e+22,2.7363897759813153e+22,2.6983589548894766e+22,2.8348008371755447e+22,2.8112838848863153e+22,2.8302323085438603e+22,2.8666659782553583e+22,2.866665978235662e+22,2.86666597856361e+22,2.866665978248811e+22,2.866665978510168e+22,2.841393077591291e+22,2.7328506253162546e+22,2.8044129480802816e+22,2.7492198579649032e+22,2.8661367180372004e+22,2.3892206864808605e+22,2.866665978573179e+22,2.7405021921510066e+22,2.853600724425715e+22,2.8646345598782327e+22,1.38511150674666e+22,2.8666659767726568e+22,2.866665978277791e+22,2.866665978518111e+22,2.841888650674025e+22,1.6601809045833823e+27,2.866665978568911e+22,2.854498610094702e+22,2.8666659785745604e+22,2.8666659785120116e+22,2.866665977027954e+22,2.8666659783242183e+22,2.8305634843225787e+22,2.8416251207340412e+22,2.86454110506877e+22,2.8561630538273237e+22,2.8422782683161878e+22,2.866665943645721e+22,1.5991447678617156e+29,2.8417637783653256e+22,2.859653056905472e+22,2.862696885569752e+22,2.774935349205017e+22,1.930946442440524e+22,2.1170204118628428e+22,2.8348408700489213e+22,2.8543655155276578e+22,2.863578582916107e+22,2.8479337716830966e+22,2.823103715453825e+22,2.865378044729903e+22,2.818390571199169e+22,2.771263333718403e+22,2.8545072290867282e+22,2.7537500547305546e+22,2.8535755153188328e+22,2.855576822668994e+22,2.8526180768969036e+22,2.8183299831100263e+22,2.8659439750447035e+22,2.807461996475194e+22,2.849776093680714e+22,2.7560337104391094e+22,2.7303441679833413e+22,2.861809579179054e+22,2.777118077306368e+22,2.709518150695855e+22,2.8590957735595643e+22,5.22394074297811e+21,2.832254169069096e+22,2.856612294023816e+22,2.7816836938351493e+22,2.865714654791529e+22,2.862283313067358e+22,2.8478594367750987e+22,2.8113144488860957e+22,2.8544484520621196e+22,2.754637933003622e+22,2.8319255832686343e+22,2.8646714008795976e+22,1.7907845943038268e+22,2.833112858197955e+22,2.779825551785817e+22,2.86246369270832e+22,2.822874901377676e+22,2.5605433198350915e+22,2.7192179412297304e+22,2.7818694481970865e+22,2.860632051530273e+22,2.8625185446016347e+22,2.443370092201737e+22,2.8362535799892495e+22,1.8849588295964694e+22,2.5601184133814038e+22,2.752346848687299e+22,2.85668197119576e+22,2.866238676077841e+22,2.7525208982064153e+22,2.861812994625242e+22,2.5213048168893217e+22,2.8666659785710607e+22,2.8666659784393323e+22,2.8666659785750864e+22,2.8297359428908774e+22,2.866665977329576e+22,2.783368257664572e+22,0.0,2.8666659785750323e+22,2.858026549212519e+22,2.6936262046545235e+22,2.866665978564317e+22,2.7058611433414775e+22,2.4385765948600984e+22,2.6952631052287026e+22,1.888349553397091e+22,2.262956949273026e+22,2.7451905427963015e+22,2.675155179667174e+22,2.8666658011071107e+22,2.8327262709453047e+22,2.866665978574415e+22,2.848735963554937e+22,1.020304591069711e+23,2.8114276560528678e+22,2.8666522916590537e+22,2.823964293845175e+22
Streptococcus thermophilus,4.85746191260759e+19,4.1922696842296754e+20,9.702406581724347e+19,1.76318347428686e+20,4.038942968027652e+21,1.240160395429639e+20,1.3029159705664786e+21,1.683174881348442e+21,3.1872639256634884e+20,5.539199040670741e+20,3.644043644607421e+20,3236367001664.327,3433942456325.937,116542328364.68315,3305983685087.418,659422847145.76,2.5277996768335806e+20,1.3382840570341813e+21,6.226259830655878e+20,1.1745662274090435e+21,5.296810633633838e+18,4.77452880842263e+21,18933929598.28517,1.2617335150915197e+21,1.3068880978094444e+20,2.0325345976831762e+19,1.4815623233060318e+22,18193830439236.934,3008553631016.2925,577961188329.2667,2.4785571907370448e+20,1.6602095484896307e+27,62375100973.884605,1.2170981108105627e+20,4825448209.671531,639884275717.7809,15625289005969.842,2539871099852.4707,3.611017989973877e+20,2.5045775372818868e+20,2.126102143412024e+19,1.050684597823742e+20,2.439256132679358e+20,351573971518833.6,1.599145054144973e+29,2.49079437037299e+20,7.015919257169442e+19,3.971093394581029e+19,9.17399253777997e+20,9.35734557214967e+21,7.49651476589125e+21,3.183255200365964e+20,1.2304956434861885e+20,3.08904400030261e+19,1.873676703399271e+20,4.356858381616767e+20,1.2887913855092115e+19,4.8282872739187084e+20,9.541117971854814e+20,1.2162809233533728e+20,1.1292791687717139e+21,1.3094906698442911e+20,1.1093080663276845e+20,1.4052370727085441e+20,4.834237929246673e+20,7.226643940850832e+18,5.921299111936345e+20,1.6893794352079487e+20,1.10644522046943e+21,1.3633533647575392e+21,4.858944066985345e+19,8.955684213085112e+20,1.5715984477179281e+21,7.573050190540485e+19,3.3890274047972004e+22,3.442173381273764e+20,1.0057298905015535e+20,8.499250661457387e+20,9.5202145336477e+18,4.384565653920627e+19,1.88125458978271e+20,5.536102201952485e+20,1.2221505606663173e+20,1.12043308161065e+21,3.474604680029041e+20,1.995955213505746e+19,1.0758930721948595e+22,3.355866533933329e+20,8.685178311254968e+20,4.204318244092767e+19,4.3798419426735784e+20,3.061383722799239e+21,1.4746431975376127e+21,8.480865310817594e+20,6.0369004682766475e+19,4.149712437285916e+19,4.233041351331724e+21,3.0418209510107926e+20,9.817098522691872e+21,3.065563447721347e+21,1.1432731499928954e+21,9.987736984536518e+19,4.276764591442579e+18,1.1415457973687674e+21,4.85514944418778e+19,3.453719396393333e+21,40537092775.676956,1375142933989.1343,561837604.6899316,3.693654532962456e+20,12578980468575.574,8.330923165082579e+20,2.8666659785750323e+22,0.0,8.643433938622094e+19,1.7304947519916375e+21,109172367711.29286,1.608152849207003e+21,4.281079793675909e+21,1.7141292202575022e+21,9.783383785155196e+21,6.037231864123603e+21,1.214905159756937e+21,1.9152663541432118e+21,1783670916372311.5,3.394723317409491e+20,6301601381.154221,1.793622881708102e+20,1.306964759178126e+23,5.5250076203304904e+20,1.3718418432069706e+17,4.2709848913092424e+20
Adlercreutzia celatus_A,3.785986743166741e+19,3.3279864917728854e+20,1.0598560474516226e+19,8.988982515572353e+19,3.9525317067049544e+21,3.758469395842433e+19,1.2164925806240488e+21,1.5967580076226409e+21,2.322966749254481e+20,4.6749254943394877e+20,2.7797719624702136e+20,8.643433617574167e+19,8.643433597828284e+19,8.64343392713615e+19,8.64343361093753e+19,8.64343387343173e+19,1.6635274267017288e+20,1.2518626992833715e+21,5.362002025296451e+20,1.0881458548377977e+21,8.113778103961887e+19,4.688122530509407e+21,8.643433936758134e+19,1.1753148146872717e+21,4.426053292950919e+19,6.610909256084262e+19,1.4729223298723592e+22,8.643432129580733e+19,8.643433640116884e+19,8.643433881426284e+19,1.6142285611891153e+20,1.66020946226815e+27,8.643433932467785e+19,3.5280991797257572e+19,8.643433938147895e+19,8.643433875297455e+19,8.64343238563955e+19,8.643433686718472e+19,2.746730248461535e+20,1.6403092643652056e+20,6.517349982774302e+19,1.8636501153248555e+19,1.5749871010087266e+20,8.64339890437383e+19,1.5991450532835373e+29,1.6265047874166437e+20,1.6275414731184112e+19,4.672346995557723e+19,8.30977735589051e+20,9.2709401479767e+21,7.41011226165799e+21,2.318958721208678e+20,3.6616932846354215e+19,5.5544021881254e+19,1.0093900186090675e+20,3.492613171218538e+20,7.354670561386823e+19,3.964032330169356e+20,8.67691594971655e+20,3.519693343691232e+19,1.0428569830270156e+21,4.4517194740450574e+19,2.4499363095594086e+19,5.409244947499387e+19,3.970001928611235e+20,7.920829943124112e+19,5.0570430360298966e+20,8.251068992389816e+19,1.020022592845503e+21,1.2769318200176578e+21,3.784510818257065e+19,8.091470904321752e+20,1.4851795516300733e+21,1.0706627595405597e+19,3.3803884819641778e+22,2.5778545852142853e+20,1.4142708317507031e+19,7.635017273250411e+20,7.691445776718922e+19,4.2588725352904606e+19,1.0169329409093163e+20,4.671833300408165e+20,3.578430950170388e+19,1.0340082104968072e+21,2.6103507792512513e+20,6.6475378446667194e+19,1.0672527469866092e+22,2.4916115896632997e+20,7.820935469515527e+20,4.439117568279252e+19,3.515579065569596e+20,2.974968666163291e+21,1.3882205017640694e+21,7.616612801230255e+20,2.6065426733656674e+19,4.493751055379428e+19,4.1466337836606586e+21,2.1775500268748312e+20,9.73069957983525e+21,2.979153138638703e+21,1.0568551134437333e+21,1.3446146668616495e+19,8.21578687285174e+19,1.055126202033463e+21,3.7882861878710256e+19,3.367308482704621e+21,8.643433934628178e+19,8.643433802314587e+19,8.643433938676595e+19,2.829388981574395e+20,8.643432688411317e+19,7.466674539314359e+20,2.858026549212519e+22,8.643433938622094e+19,0.0,1.6440788533895753e+21,8.643433927849358e+19,1.5217355631141842e+21,4.1946664194202225e+21,1.6277129027350118e+21,9.696976610234898e+21,5.950823442227146e+21,1.1284812618591767e+21,1.8288466404508566e+21,8.64325601045403e+19,2.5304318911193275e+20,8.643433938001571e+19,9.292939006051113e+19,1.3061009858768423e+23,4.6607151616066866e+20,8.629725142229051e+19,3.406706966876061e+20
Bifidobacterium longum,1.6819319682790664e+21,1.3112933832979136e+21,1.6334828918679114e+21,1.554190193100046e+21,2.3084594696508618e+21,1.6064948705867798e+21,4.2763839399331404e+20,4.732932907180674e+19,1.4117933342463568e+21,1.1766039786555234e+21,1.3661086077904324e+21,1.7304947487899428e+21,1.7304947485927927e+21,1.7304947518771912e+21,1.7304947487241672e+21,1.730494751341835e+21,1.4777287898624434e+21,3.922442758006622e+20,1.107893117273406e+21,5.559431843359028e+20,1.7252002669307248e+21,3.044069593496411e+21,1.7304947519730672e+21,4.687685760050565e+20,1.5998183385550516e+21,1.7101747825241314e+21,1.3085191200893831e+22,1.7304947339435686e+21,1.730494749014665e+21,1.730494751421445e+21,1.4826734192535373e+21,1.6602078201660476e+27,1.7304947519303076e+21,1.6087978644533234e+21,1.730494751986914e+21,1.7304947513603447e+21,1.730494736499374e+21,1.730494749479574e+21,1.369416871309425e+21,1.4800501193831993e+21,1.7092397886318146e+21,1.6254424735877717e+21,1.486582211069438e+21,1.7304944023088186e+21,1.5991450368732397e+29,1.4814333002069157e+21,1.6603486688724538e+21,1.690793176073439e+21,8.131091709527765e+20,7.626884278319519e+21,5.766072829818408e+21,1.412193884409037e+21,1.6074636720615745e+21,1.6996121964749864e+21,1.5431415318159467e+21,1.2948217516527465e+21,1.7176112993377714e+21,1.2476832524413598e+21,7.763918184075095e+20,1.608882416851822e+21,6.01241849068164e+20,1.5995632115014555e+21,1.61957966828139e+21,1.5899880140821813e+21,1.247082438442705e+21,1.723271942005624e+21,1.1383868906947151e+21,1.561568523860465e+21,6.240782818780604e+20,3.6718036891536517e+20,1.6819174942656813e+21,8.349386550810959e+20,1.5892276534374416e+20,1.6547758481375237e+21,3.2159913627802273e+22,1.386317189103359e+21,1.6299363003229243e+21,8.805906802104576e+20,1.7209782954970482e+21,1.6866573503897338e+21,1.542392785891776e+21,1.1769110727272754e+21,1.6082948905189483e+21,6.101172922160592e+20,1.3830470490335611e+21,1.7105424957364282e+21,9.028480615897827e+21,1.394920791262641e+21,8.620048576476874e+20,1.6884609003875918e+21,1.2925288878742165e+21,1.3308899144646556e+21,2.559399036438247e+20,8.824422040888173e+20,1.6701396622644869e+21,1.6890087317304653e+21,2.502576247330917e+21,1.426328205627836e+21,8.086677206217817e+21,1.3350879390262401e+21,5.872251974160159e+20,1.6306327335529527e+21,1.7262201225896667e+21,5.8895843272155936e+20,1.6819528343259227e+21,1.7232387820245232e+21,1.7304947519518432e+21,1.7304947506324547e+21,1.7304947519921793e+21,1.3611458256183807e+21,1.7304947395197747e+21,8.974324855338549e+20,2.6936262046545235e+22,1.7304947519916375e+21,1.6440788533895753e+21,0.0,1.7304947518842822e+21,1.2234939094549091e+20,2.5505890814697564e+21,1.6370540277451799e+19,8.052913527947873e+21,4.306758302712982e+21,5.1564376612758644e+20,1.8481338799663854e+20,1.7304929755776593e+21,1.3910464532300534e+21,1.730494751985455e+21,1.551158008171164e+21,1.2896621075521087e+23,1.1780359169244349e+21,1.7303577948509585e+21,1.3034199659578057e+21
Bifidobacterium pseudocatenulatum,4.857461901832023e+19,4.1922696831542945e+20,9.702406570959977e+19,1.7631834732110686e+20,4.0389429679203497e+21,1.2401603943531764e+20,1.3029159704590318e+21,1.6831748812410763e+21,3.1872639245877956e+20,5.539199039595577e+20,3.644043643532176e+20,3127270685894.135,3324860941971.1543,7416719186.087876,3196863268767.766,550259693747.2761,2.5277996757581804e+20,1.3382840569267613e+21,6.226259829580973e+20,1.1745662273016334e+21,5.296810525745963e+18,4.774528808315376e+21,90240643611.5829,1.26173351498413e+21,1.3068880967333988e+20,2.0325345869057135e+19,1.4815623232953122e+22,18084834640841.633,2899463932636.351,468812724796.86743,2.4785571896606068e+20,1.6602095484896307e+27,46797296091.44794,1.217098109734371e+20,104348342198.02013,530735506844.1026,15516269626299.422,2430768886422.56,3.6110179888983815e+20,2.5045775362065347e+20,2.126102132633083e+19,1.0506845967470196e+20,2.439256131603982e+20,351465145950148.9,1.599145054144973e+29,2.4907943692973326e+20,7.0159192463988105e+19,3.9710933838059856e+19,9.173992536705696e+20,9.357345572042426e+21,7.496514765784031e+21,3.183255199290283e+20,1.2304956424095195e+20,3.0890439895259587e+19,1.873676702323502e+20,4.356858380541943e+20,1.2887913747260434e+19,4.828287272843784e+20,9.541117970780705e+20,1.2162809222769164e+20,1.1292791686642813e+21,1.3094906687677968e+20,1.10930806525109e+20,1.4052370716321995e+20,4.834237928171998e+20,7.226643832915186e+18,5.921299110861452e+20,1.6893794341322788e+20,1.1064452203619914e+21,1.3633533646501165e+21,4.858944056209237e+19,8.955684212010855e+20,1.5715984476105388e+21,7.573050179773075e+19,3.3890274047864894e+22,3.4421733801976516e+20,1.005729889424921e+20,8.49925066038287e+20,9.520214425785758e+18,4.384565643149605e+19,1.881254588706361e+20,5.5361022008773915e+20,1.2221505595899178e+20,1.1204330815031812e+21,3.474604678954025e+20,1.9959552027214578e+19,1.075893072184137e+22,3.355866532858286e+20,8.685178310180328e+20,4.204318233318852e+19,4.379841941598517e+20,3.061383722691897e+21,1.4746431974301764e+21,8.480865309742815e+20,6.036900457502244e+19,4.149712426508466e+19,4.233041351224457e+21,3.0418209499354936e+20,9.817098522584683e+21,3.0655634476140525e+21,1.1432731498855118e+21,9.987736973769273e+19,4.2767644835222845e+18,1.1415457972613663e+21,4.85514943341601e+19,3.4537193962860336e+21,68638009917.2031,1266026236546.2466,109732240501.51923,3.693654531887304e+20,12469961328917.684,8.330923164007854e+20,2.866665978564317e+22,109172367711.29286,8.643433927849358e+19,1.7304947518842822e+21,0.0,1.608152849099632e+21,4.2810797935685864e+21,1.7141292201501422e+21,9.783383785047935e+21,6.03723186401633e+21,1.2149051596494825e+21,1.9152663540358148e+21,1783562218430507.2,3.394723316333917e+20,102871276980.9266,1.793622880631564e+20,1.3069647591770557e+23,5.5250076192550086e+20,1.3718407601174e+17,4.27098489023395e+20
Bifidobacterium catenulatum,1.559589224012199e+21,1.1889478799001282e+21,1.5111397877362385e+21,1.4318465715191354e+21,2.430806841527849e+21,1.4841514121411413e+21,3.0529025723248063e+20,7.502322406799263e+19,1.289448352432715e+21,1.0542576390428644e+21,1.2437638412075163e+21,1.6081528460049307e+21,1.6081528458077667e+21,1.6081528490925393e+21,1.608152845939131e+21,1.608152848557111e+21,1.3553848035160223e+21,2.698949489628459e+20,9.855468036585064e+20,4.33595513888453e+20,1.6028582389589169e+21,3.166418574650426e+21,1.6081528491884298e+21,3.464220544154029e+20,1.477475031934603e+21,1.5878325096545706e+21,1.3207540435508303e+22,1.6081528311570927e+21,1.6081528462296828e+21,1.608152848636735e+21,1.3603283911193817e+21,1.6602079424202667e+27,1.608152849145664e+21,1.4864545789595531e+21,1.6081528492022786e+21,1.6081528485756267e+21,1.6081528337131105e+21,1.60815284669464e+21,1.2470717434915762e+21,1.3577062070159462e+21,1.586897484146781e+21,1.5030991368533663e+21,1.3642383297427795e+21,1.6081524994949414e+21,1.599145038095123e+29,1.3590890689514958e+21,1.5380057058387063e+21,1.568450594847855e+21,6.907627698939535e+20,7.749232809975934e+21,5.888422035799435e+21,1.2898489226692335e+21,1.485120115935129e+21,1.5772697430562416e+21,1.4207978158546116e+21,1.1724771633782042e+21,1.5952691272294636e+21,1.125338083970619e+21,6.540461064317901e+20,1.4865389919448882e+21,4.7889320381225737e+20,1.4772196465588733e+21,1.4972363129155554e+21,1.467644416227427e+21,1.1247378312115116e+21,1.6009298515526455e+21,1.0160408827198854e+21,1.439225067230074e+21,5.017295724903162e+20,2.4483145140173495e+20,1.559574737756855e+21,7.12592536941125e+20,3.658539741954622e+19,1.5324329088115008e+21,3.228226274333481e+22,1.2639713623765575e+21,1.5075930654860834e+21,7.582437015545355e+20,1.5986361798728158e+21,1.564314778426213e+21,1.4200485948451735e+21,1.0545649018548803e+21,1.4859514886239675e+21,4.8776790585195423e+20,1.2607027852386983e+21,1.5882001655665315e+21,9.150829525466585e+21,1.2725765780603855e+21,7.396572228366634e+20,1.5661183008728256e+21,1.1701838071004513e+21,1.4532346846244488e+21,1.3361216136886254e+20,7.600942663026533e+20,1.5477967454936826e+21,1.5666660742666445e+21,2.6249250947585367e+21,1.303983888999908e+21,8.209026581183765e+21,1.45743663565879e+21,4.648805335014989e+20,1.508289467595334e+21,1.6038781119093334e+21,4.66611875611718e+20,1.5596101740243242e+21,1.845586777246275e+21,1.6081528491672026e+21,1.6081528478476536e+21,1.6081528492075453e+21,1.238801165259931e+21,1.6081528367338283e+21,7.750848573542513e+20,2.7058611433414775e+22,1.608152849207003e+21,1.5217355631141842e+21,1.2234939094549091e+20,1.608152849099632e+21,0.0,2.672934860251931e+21,1.0598069071903526e+20,8.17526152988941e+21,4.429106319443075e+21,3.932945525835106e+20,3.0712260588324415e+20,1.6081510726638444e+21,1.2687014224535662e+21,1.6081528492008195e+21,1.4288137819978756e+21,1.29088558136741e+23,1.0556889022950285e+21,1.6080158857252483e+21,1.1810745467009995e+21
Bifidobacterium ruminantium,4.232518661010449e+21,3.8618824315665336e+21,4.184070205779427e+21,4.10477825239144e+21,2.4217684468068752e+20,4.1570826920473484e+21,2.978202456268389e+21,2.597911760688695e+21,3.962382387813141e+21,3.7271924977680615e+21,3.9166976071251704e+21,4.2810797904749983e+21,4.2810797902778776e+21,4.281079793561499e+21,4.2810797904092725e+21,4.281079793026292e+21,4.028317268136362e+21,2.942820468239117e+21,3.65848166339543e+21,3.1065299527314524e+21,4.2757855733236394e+21,4.936953873386536e+20,4.2810797936573447e+21,3.0193568821422745e+21,4.1504059696442764e+21,4.260760593421809e+21,1.0534664200689283e+22,4.2810797756316684e+21,4.2810797906996583e+21,4.2810797931058724e+21,4.033262477095129e+21,1.6602052724300306e+27,4.2810797936145984e+21,4.159385458444743e+21,4.281079793671187e+21,4.281079793044789e+21,4.2810797781870324e+21,4.2810797911644674e+21,3.9200059481836686e+21,4.030638529262971e+21,4.259825660693838e+21,4.1760301202417726e+21,4.037170587858894e+21,4.281079444053993e+21,1.5991450114119917e+29,4.032021976281611e+21,4.210935740074863e+21,4.241379578575762e+21,3.363697628164115e+21,5.076327226657832e+21,3.2155690999497826e+21,3.9627829336003654e+21,4.1580516130780495e+21,4.2501983586463425e+21,4.0937297036723366e+21,3.845410695979147e+21,4.2681969040870904e+21,3.798272333608314e+21,3.3269807330636957e+21,4.159470193722294e+21,3.151825438141558e+21,4.15015116937706e+21,4.1701673451574185e+21,4.1405760184250846e+21,3.797671401541186e+21,4.273857376417245e+21,3.688975693483489e+21,4.112156382232644e+21,3.1746614031362844e+21,2.91775296769164e+21,4.2325042073293517e+21,3.3855273495225256e+21,2.709495921674858e+21,4.2053628894426044e+21,2.9609462836482907e+22,3.936906119443406e+21,4.180523803878758e+21,3.4311783997248084e+21,4.27156378381274e+21,4.2372437429495194e+21,4.092981405726968e+21,3.7274997521774543e+21,4.158882638409e+21,3.1606903586550296e+21,3.933635787781102e+21,4.2611284136519847e+21,6.477936724269133e+21,3.9455094903615054e+21,3.4125912220772535e+21,4.239047338129752e+21,3.843117963058586e+21,1.21970122300588e+21,2.8064754465180405e+21,3.4330276190167845e+21,4.220726649419217e+21,4.2395952683272556e+21,4.952921964091567e+19,3.976916962909401e+21,5.536188798093693e+21,1.2155276087567652e+21,3.1378142783409483e+21,4.181220279384677e+21,4.276805392292966e+21,3.1395467318058224e+21,4.232539385877473e+21,8.273729971091843e+20,4.2810797936361273e+21,4.2810797923170727e+21,4.281079793676451e+21,3.911734785769652e+21,4.2810797812067724e+21,3.448018816533659e+21,2.4385765948600984e+22,4.281079793675909e+21,4.1946664194202225e+21,2.5505890814697564e+21,4.2810797935685864e+21,2.672934860251931e+21,0.0,2.5669557494172767e+21,5.502341983389455e+21,1.7561985048176836e+21,3.06621411389761e+21,2.365838811539625e+21,4.281078017531405e+21,3.941635517247776e+21,4.281079793669729e+21,4.101746652256089e+21,1.2641586229803663e+23,3.72862343794468e+21,4.2809428498525014e+21,3.8540090306316227e+21
Bifidobacterium bifidum,1.6655661855252315e+21,1.2949266903499489e+21,1.617116997378472e+21,1.5378241342155863e+21,2.3248268076916338e+21,1.5901288657491266e+21,4.1126872766248334e+20,3.0959089798448833e+19,1.3954268266447302e+21,1.1602369741992633e+21,1.349742168783448e+21,1.714129217055698e+21,1.7141292168585436e+21,1.714129220143051e+21,1.7141292169899153e+21,1.7141292196076737e+21,1.4613626112166857e+21,3.7587520434205786e+20,1.0915261173850687e+21,5.395755733735556e+20,1.708834698479827e+21,3.0604378920469654e+21,1.7141292202389311e+21,4.5240137473874566e+20,1.5834523800145984e+21,1.6938091414462087e+21,1.3101559761814264e+22,1.7141292022088985e+21,1.7141292172804287e+21,1.7141292196872876e+21,1.466306900441195e+21,1.660207836531254e+27,1.71412922019617e+21,1.5924319129864073e+21,1.7141292202527784e+21,1.7141292196261853e+21,1.7141292047647656e+21,1.7141292177453516e+21,1.3530503115404524e+21,1.4636839642697908e+21,1.6928741381959757e+21,1.6090765074811716e+21,1.4702160662013592e+21,1.7141288705661846e+21,1.5991450370368305e+29,1.4650670437559844e+21,1.6439828189041069e+21,1.6744274425591966e+21,7.967421061601872e+20,7.643252250514647e+21,5.782441355333203e+21,1.3958273835729614e+21,1.59109763702328e+21,1.683246501458852e+21,1.5267754427509918e+21,1.27845536553831e+21,1.701245688304107e+21,1.2313166697639636e+21,7.600249907594324e+20,1.5925164225260827e+21,5.848737603580431e+20,1.5831971732204547e+21,1.603213696067117e+21,1.573621964952827e+21,1.2307160419479962e+21,1.7069063552138087e+21,1.1220200055199996e+21,1.5452025165851827e+21,6.077101552166552e+20,3.5081099881053546e+20,1.6655517078436132e+21,8.185716960609164e+20,1.4255270207906577e+20,1.6384100049682744e+21,3.217628302327346e+22,1.369950386326131e+21,1.6135703657468078e+21,8.642234032871945e+20,1.7046127012036883e+21,1.670291619359291e+21,1.526026546339267e+21,1.1605441310757572e+21,1.5919289032497355e+21,5.937483434806331e+20,1.3666807749592547e+21,1.6941768378252827e+21,9.044848856124516e+21,1.3785545343024908e+21,8.456373030474423e+20,1.672095161278779e+21,1.2761623384104265e+21,1.347256164087077e+21,2.3956936513875195e+20,8.660745109353616e+20,1.6537738268972375e+21,1.6726429753854224e+21,2.518944435601813e+21,1.4099619178443537e+21,8.103046036307826e+21,1.351456010372925e+21,5.708586495424057e+20,1.6142667894964447e+21,1.7098545592394347e+21,5.72591264173653e+20,1.6655870766744412e+21,1.7396064268299762e+21,1.714129220217706e+21,1.7141292188982711e+21,1.7141292202580443e+21,1.344779421249458e+21,1.7141292077852582e+21,8.810649367323842e+20,2.6952631052287026e+22,1.7141292202575022e+21,1.6277129027350118e+21,1.6370540277451799e+19,1.7141292201501422e+21,1.0598069071903526e+20,2.5669557494172767e+21,0.0,8.069281194866064e+21,4.3231259730730995e+21,4.9927454157649864e+20,2.011673265030722e+20,1.7141274438059662e+21,1.3746799277596887e+21,1.7141292202513195e+21,1.5347917578807885e+21,1.289825807419736e+23,1.161668648381395e+21,1.7139922612697762e+21,1.2870533017015534e+21
Desulfovibrio sp900556755,9.734826421734599e+21,9.364202523372364e+21,9.686379786228139e+21,9.607090411804775e+21,5.744455995646318e+21,9.659393830214231e+21,8.480536821457178e+21,8.100238342276759e+21,9.464700272408569e+21,9.229515684080296e+21,9.419015002843636e+21,9.783383781955791e+21,9.783383781758728e+21,9.783383785040855e+21,9.783383781890163e+21,9.783383784505934e+21,9.530631301089443e+21,8.445151848938403e+21,9.160804908653789e+21,8.608856708206461e+21,9.778090112376189e+21,5.00885536875995e+21,9.783383785136642e+21,8.521681842505215e+21,9.652716600210546e+21,9.76306624803789e+21,5.032384551381025e+21,9.783383767118334e+21,9.783383782180333e+21,9.78338378458546e+21,9.535580178969365e+21,1.6601997751322407e+27,9.783383785093921e+21,9.661695933599757e+21,9.783383785150477e+21,9.783383784524408e+21,9.783383769672843e+21,9.783383782644949e+21,9.422324536462846e+21,9.532952287707295e+21,9.762131447704673e+21,9.6783406449423e+21,9.539484189803432e+21,9.783383435651196e+21,1.599144956470858e+29,9.534336841089557e+21,9.713244541952385e+21,9.74368662492202e+21,8.866021702556951e+21,4.261047260847463e+20,2.286934765668915e+21,9.465100746907166e+21,9.66036310795483e+21,9.752504822447592e+21,9.59604229057877e+21,9.347727928811748e+21,9.7705020874874e+21,9.300591625975716e+21,8.829303446193708e+21,9.661781187165157e+21,8.654154581132279e+21,9.65246276019728e+21,9.672477989292005e+21,9.642887807495483e+21,9.299988980898784e+21,9.77616218007548e+21,9.191297951110774e+21,9.614467884247734e+21,8.676990859243923e+21,8.420085121894893e+21,9.734812015206253e+21,8.887850735676458e+21,8.211825941207558e+21,9.70767165296423e+21,2.410725782154482e+22,9.43922705794107e+21,9.682833906968102e+21,8.933503790100087e+21,9.773868710777925e+21,9.739550795396419e+21,9.595295722229656e+21,9.229822407771371e+21,9.661193550969342e+21,8.6630237278965e+21,9.435951417680307e+21,9.763434286300684e+21,9.757127222715371e+20,9.44782487313137e+21,8.914918374396268e+21,9.741354478257584e+21,9.345436764439376e+21,6.722038221858113e+21,8.308811482005873e+21,8.935355699541493e+21,9.723035183693668e+21,9.74190262592213e+21,5.550342831267987e+21,9.479232484656808e+21,4.833574507537773e+19,6.717826903393933e+21,8.640136229083531e+21,9.683530493541e+21,9.779109852570379e+21,8.641871527056548e+21,9.734846824237226e+21,6.329674768122745e+21,9.78338378511544e+21,9.783383783797024e+21,9.78338378515574e+21,9.414051858329423e+21,9.783383772691312e+21,8.950345998328287e+21,1.888349553397091e+22,9.783383785155196e+21,9.696976610234898e+21,8.052913527947873e+21,9.783383785047935e+21,8.17526152988941e+21,5.502341983389455e+21,8.069281194866064e+21,0.0,3.7461552256616497e+21,8.56854773364379e+21,7.868175541004079e+21,9.783382009534254e+21,9.443953672369585e+21,9.78338378514902e+21,9.604061039733236e+21,1.2091377383822167e+23,9.230948822848966e+21,9.783246867604315e+21,9.356328876979979e+21
Bilophila wadsworthia,5.98867372201998e+21,5.618047789621258e+21,5.940226719752934e+21,5.86093685568853e+21,1.9983017830606677e+21,5.913240475047713e+21,4.73438221337105e+21,4.354083136390424e+21,5.718545822805348e+21,5.483360650243479e+21,5.672860595957725e+21,6.037231860923889e+21,6.037231860726813e+21,6.037231864009249e+21,6.037231860858237e+21,6.037231863474269e+21,5.78447740954411e+21,4.6989968444188614e+21,5.414649857705451e+21,4.862701483022037e+21,6.031938075494729e+21,1.262713085198279e+21,6.037231864105048e+21,4.775526631597537e+21,5.906563328000122e+21,6.016913975950864e+21,8.778465775383014e+21,6.037231846085216e+21,6.037231861148454e+21,6.037231863553804e+21,5.789425779541647e+21,1.6602035176229535e+27,6.037231864062321e+21,5.915542693842661e+21,6.037231864118884e+21,6.037231863492746e+21,6.037231848639901e+21,6.03723186161311e+21,5.676169986786468e+21,5.786798438866759e+21,6.015979148739659e+21,5.932187406888019e+21,5.793330368269363e+21,6.03723151459517e+21,1.599144993873459e+29,5.788182828298878e+21,5.967091634027483e+21,5.997534067274362e+21,5.119866556994117e+21,3.3201312097434033e+21,1.459393638794295e+21,5.718946306288737e+21,5.914209692948588e+21,6.006352383694992e+21,5.849888658997768e+21,5.601573513177425e+21,6.024349914893869e+21,5.554436955276773e+21,5.083148364069426e+21,5.915627858129275e+21,4.907999396718839e+21,5.90630932441884e+21,5.926324726909236e+21,5.896734333010505e+21,5.553834503766535e+21,6.03001008817742e+21,5.445142976652874e+21,5.8683144409789e+21,4.930835685060686e+21,4.6739302049364543e+21,5.988659306603576e+21,5.141695627094872e+21,4.4656708780956545e+21,5.961518748322053e+21,2.7853274804857095e+22,5.693072261404582e+21,5.936680745513061e+21,5.187348602039758e+21,6.027716592242629e+21,5.993398233584032e+21,5.849141820707453e+21,5.483667411792191e+21,5.915040235436005e+21,4.916868898353565e+21,5.689797249972162e+21,6.017281971439013e+21,4.721738493900253e+21,5.701670745197849e+21,5.168763150910773e+21,5.995201900971054e+21,5.599282162952645e+21,2.975885992305598e+21,4.5626573283334863e+21,5.189200476137283e+21,5.976882331573572e+21,5.995750007545898e+21,1.8041912429164715e+21,5.733078352036945e+21,3.7800037482877173e+21,2.97167196576902e+21,4.893981151386101e+21,5.937377312991072e+21,6.032957832483313e+21,4.895716329591821e+21,5.988694185483754e+21,2.583519547550748e+21,6.03723186408384e+21,6.037231862765295e+21,6.037231864124145e+21,5.667897490122113e+21,6.037231851658634e+21,5.204190775311471e+21,2.262956949273026e+22,6.037231864123603e+21,5.950823442227146e+21,4.306758302712982e+21,6.03723186401633e+21,4.429106319443075e+21,1.7561985048176836e+21,4.3231259730730995e+21,3.7461552256616497e+21,0.0,4.822392969069331e+21,4.1220218594700396e+21,6.037230088393985e+21,5.697799181937366e+21,6.037231864117426e+21,5.857907131856434e+21,1.2465969994264208e+23,5.484793665592198e+21,6.037094941080797e+21,5.610174166093526e+21
Dialister invisus,1.1663375199571446e+21,7.956845726761619e+20,1.1178866402683233e+21,1.0385914380811871e+21,2.824091771588492e+21,1.0908965882153418e+21,8.801224774491465e+19,4.683159325670627e+20,8.961869453483888e+20,6.609908054654652e+20,8.50504416922217e+20,1.2149051565528748e+21,1.2149051563556382e+21,1.2149051596423808e+21,1.214905156486946e+21,1.2149051591065728e+21,9.621285294041399e+20,1.2339982510302626e+20,5.922815340084771e+20,4.043427070071018e+19,1.2096099373318113e+21,3.559709616960426e+21,1.2149051597383483e+21,4.701494300390847e+19,1.0842211406033212e+21,1.1945830562160354e+21,1.3600832600809302e+22,1.214905141697352e+21,1.2149051567777857e+21,1.2149051591862714e+21,9.670658432938709e+20,1.660208335437998e+27,1.2149051596955504e+21,1.0932007015374894e+21,1.2149051597522086e+21,1.2149051591251208e+21,1.214905144254479e+21,1.2149051572429956e+21,8.538100013297994e+20,9.644503386704875e+20,1.1936478701810578e+21,1.1098447823651407e+21,9.709825559741702e+20,1.2149048098920024e+21,1.5991450420232698e+29,9.658312952641356e+20,1.1447530383223887e+21,1.1751996831836204e+21,2.9750964299382476e+20,8.142521367115912e+21,6.281714113298172e+21,8.965876337741271e+20,1.091864730348166e+21,1.1840194289101955e+21,1.0275422755736799e+21,7.792200711832762e+20,1.2020201347918075e+21,7.320780642094105e+20,2.6080479074963292e+20,1.0932843297702398e+21,8.563630637918742e+19,1.0839643004053688e+21,1.1039819198414072e+21,1.0743889931837115e+21,7.314815609520617e+20,1.207681235647731e+21,6.227772140678775e+20,1.0459707868253536e+21,1.0846416458064655e+20,1.4846379380553486e+20,1.166322966896484e+21,3.193406268022302e+20,3.567241613613474e+20,1.1391804342562199e+21,3.2675557277743593e+22,8.707049776749281e+20,1.1143392298022522e+21,3.6498012173802943e+20,1.205387454121682e+21,1.1710639631782668e+21,1.0267903151336557e+21,6.61299276838423e+20,1.0926969625639644e+21,9.447625600871426e+19,8.674462226199161e+20,1.1949503983027636e+21,9.5441198614163e+21,8.793201392270034e+20,3.46387718614663e+20,1.1728673153452999e+21,7.769235591757499e+20,1.846512951910555e+21,2.597411207023944e+20,3.668207806508035e+20,1.1545442248269017e+21,1.1734147666551991e+21,3.0182156205205073e+21,9.10726351208316e+20,8.602320003256061e+21,1.850727055912099e+21,7.176418358779073e+19,1.1150354504513521e+21,1.2106298917237757e+21,7.343225250636089e+19,1.1663589288200028e+21,2.238874360755605e+21,1.2149051597171044e+21,1.2149051583967076e+21,1.2149051597574798e+21,8.455424834136141e+20,1.214905147276865e+21,3.8181406898474117e+20,2.7451905427963015e+22,1.214905159756937e+21,1.1284812618591767e+21,5.1564376612758644e+20,1.2149051596494825e+21,3.932945525835106e+20,3.06621411389761e+21,4.9927454157649864e+20,8.56854773364379e+21,4.822392969069331e+21,0.0,7.003761085228399e+20,1.2149033825411906e+21,8.754399892702961e+20,1.2149051597507485e+21,1.035555199099146e+21,1.2948184985467833e+23,6.624171144616819e+20,1.2147681638321797e+21,7.878119099739907e+20
Veillonella parvula_A,1.8667013131714754e+21,1.4960543259780073e+21,1.818251263395226e+21,1.7389571307241763e+21,2.1237200765918952e+21,1.7912622111608527e+21,6.123641216153395e+20,2.321093456624246e+20,1.5965559634730148e+21,1.3613619061846112e+21,1.5508721708214355e+21,1.9152663509405163e+21,1.9152663507433297e+21,1.9152663540287194e+21,1.9152663508746764e+21,1.9152663534931723e+21,1.662494728634279e+21,5.769855711444261e+20,1.2926515259832588e+21,7.407008152575337e+20,1.9099715417392682e+21,2.8593471044532605e+21,1.915266354124634e+21,6.535331108714406e+20,1.7845861615497964e+21,1.8949454127785635e+21,1.2900470404111785e+22,1.9152663360902663e+21,1.9152663511653184e+21,1.9152663535728198e+21,1.6674356652604654e+21,1.660207635837504e+27,1.915266354081858e+21,1.793565734322236e+21,1.9152663541384864e+21,1.9152663535116983e+21,1.9152663386466332e+21,1.9152663516303547e+21,1.5541790826365958e+21,1.664816294618006e+21,1.8940103330002924e+21,1.8102101537304126e+21,1.6713484713368722e+21,1.9152660043830529e+21,1.59914503503167e+29,1.6661984111558847e+21,1.8451174115077928e+21,1.8755629737801404e+21,9.978693090969977e+20,7.442151961439521e+21,5.581352843890066e+21,1.5969565873714396e+21,1.79223070428252e+21,1.8843823410019733e+21,1.7279081934262352e+21,1.4795861804527602e+21,1.9023821946580613e+21,1.4324457433567802e+21,9.61155061677932e+20,1.793649857036951e+21,7.85991953640657e+20,1.7843302321187355e+21,1.8043473024266891e+21,1.774754950531789e+21,1.4318469676437925e+21,1.908043050886851e+21,1.3231464865854278e+21,1.7463359628012806e+21,8.088273061069333e+20,5.519171405320517e+20,1.8666868037469465e+21,1.0196997889630195e+21,3.436686075363353e+20,1.8395446707868543e+21,3.197521513983846e+22,1.5710765154580853e+21,1.8147042836702364e+21,1.0653475170530804e+21,1.9057493395521352e+21,1.8714271812927386e+21,1.727157883334212e+21,1.3616697641862845e+21,1.793062403233819e+21,7.948523353328858e+20,1.5678123170113774e+21,1.895312966880972e+21,8.843753337196141e+21,1.5796861955864176e+21,1.0467582695225655e+21,1.873230649896795e+21,1.4772915416707296e+21,1.1461381038296237e+21,4.406366368065184e+20,1.0671934668950458e+21,1.8549085240648917e+21,1.873778314672288e+21,2.317852558869969e+21,1.6110931719844638e+21,7.901963834129102e+21,1.150367992336954e+21,7.71993894438817e+20,1.8154006206931605e+21,1.9109914424121777e+21,7.73720624445171e+20,1.8667224209845196e+21,1.5385070851654707e+21,1.9152663541034013e+21,1.915266352783587e+21,1.9152663541437542e+21,1.5459097852242735e+21,1.9152663416678743e+21,1.082185586640371e+21,2.675155179667174e+22,1.9152663541432118e+21,1.8288466404508566e+21,1.8481338799663854e+20,1.9152663540358148e+21,3.0712260588324415e+20,2.365838811539625e+21,2.011673265030722e+20,7.868175541004079e+21,4.1220218594700396e+21,7.003761085228399e+20,0.0,1.9152645773879455e+21,1.5758089629488157e+21,1.9152663541370268e+21,1.735922965276919e+21,1.2878153644313817e+23,1.3627904780582632e+21,1.9151293803206777e+21,1.488181274280496e+21
Phascolarctobacterium_A succinatutens,4.857283964360891e+19,4.192251905501964e+20,9.702228714452078e+19,1.763165692406834e+20,4.0389411920565124e+21,1.2401426085127333e+20,1.302914193411264e+21,1.6831731048461123e+21,3.1872461445445e+20,5.539181263621543e+20,3.6440258669370684e+20,1780439752314837.0,1780241843872356.2,1783554963222931.5,1780371504220354.2,1783013679562630.5,2.5277818979533337e+20,1.3382822800904235e+21,6.226242055629204e+20,1.174564450548817e+21,5.295030252406067e+18,4.774527032850654e+21,1783652090854277.0,1.261731738396333e+21,1.3068703140084261e+20,2.032356636141867e+19,1.4815621457982911e+22,1765489426656251.8,1780666945086726.2,1783094557762719.2,2.478539404000285e+20,1.6602095484878646e+27,1783608816026828.2,1.2170803259103062e+20,1783666123839367.5,1783032802128245.2,1768058613261521.5,1781135363301266.0,3.6110002103639736e+20,2.504559758775934e+20,2.1259241716067672e+19,1.0506668089922753e+20,2.439238353988136e+20,1432137412462045.5,1.5991450541449552e+29,2.4907765895194912e+20,7.015741344095749e+19,3.970915450041606e+19,9.173974767772588e+20,9.357343796661861e+21,7.496512990615036e+21,3.1832374193357075e+20,1.2304778550490762e+20,3.0888660444407755e+19,1.8736589216912628e+20,4.3568406072343514e+20,1.2886133847824998e+19,4.828269498748131e+20,9.541100203167238e+20,1.2162631364810952e+20,1.1292773917285505e+21,1.3094728826930125e+20,1.1092902784381906e+20,1.4052192866685467e+20,4.834220156043183e+20,7.224863251121733e+18,5.921281337021486e+20,1.689361654257893e+20,1.1064434433788791e+21,1.3633515877967276e+21,4.8587661149265625e+19,8.955666443229191e+20,1.571596671025275e+21,7.572872300866812e+19,3.389027227362925e+22,3.4421555969745296e+20,1.0057121023332165e+20,8.499232889512466e+20,9.518434323358065e+18,4.384387738046404e+19,1.881236803709781e+20,5.5360844254593286e+20,1.2221327742178366e+20,1.1204313042804332e+21,3.474586904139054e+20,1.9957772051866083e+19,1.0758928946625665e+22,3.3558487578286463e+20,8.685160538335069e+20,4.204140307535526e+19,4.3798241664251167e+20,3.0613819464959284e+21,1.4746414204653734e+21,8.480847536803325e+20,6.036722528240048e+19,4.1495344758364226e+19,4.233039575655861e+21,3.041803172916727e+20,9.817096747677221e+21,3.065561671814022e+21,1.1432713733470556e+21,9.987559096084473e+19,4.274984000360606e+18,1.1415440205792648e+21,4.854971522947364e+19,3.4537176204434976e+21,1783630591741432.0,1782298478365247.5,1783671469471225.0,3.693636756011743e+20,1771102377290634.0,8.330905391480846e+20,2.8666658011071107e+22,1783670916372311.5,8.64325601045403e+19,1.7304929755776593e+21,1783562218430507.2,1.6081510726638444e+21,4.281078017531405e+21,1.7141274438059662e+21,9.783382009534254e+21,6.037230088393985e+21,1.2149033825411906e+21,1.9152645773879455e+21,0.0,3.394705537190911e+20,1783664649863265.8,1.793605094228642e+20,1.306964741442167e+23,5.524989840824449e+20,1.3540148463031875e+17,4.2709671132671535e+20
Acidaminococcus fermentans,2.9090120252263268e+20,7.975561760291752e+19,2.4244979406438806e+20,1.631542413385349e+20,3.699503884169882e+21,2.1545862423828454e+20,9.634516658048392e+20,1.3437242995985935e+21,2.0747003754846765e+19,2.1444971742620883e+20,2.4939922655100916e+19,3.3947232853444506e+20,3.394723283371217e+20,3.394723316262786e+20,3.394723284683539e+20,3.394723310900025e+20,8.669280223968667e+19,9.988238314163316e+20,2.8315846816017944e+20,8.351085572777163e+20,3.341764844716506e+20,4.4351020072274787e+21,3.3947233172234135e+20,9.2227954987987e+20,2.0878422647395877e+20,3.191485944529774e+20,1.4476211445895019e+22,3.394723136695606e+20,3.394723287595516e+20,3.3947233116979384e+20,9.162697562821034e+19,1.6602092096435245e+27,3.3947233167950355e+20,2.1776360634181704e+20,3.3947233173621565e+20,3.39472331108591e+20,3.394723162280271e+20,3.3947232922506985e+20,2.1629990479129747e+19,8.901526818128114e+19,3.1821324430245855e+20,2.3440693177692435e+20,9.554721732664246e+19,3.3947198169129714e+20,1.5991450507591947e+29,9.03929895985681e+19,2.6931616215662133e+20,2.997640169247855e+20,5.779398473135078e+20,9.017919931790731e+21,7.157097004475453e+21,2.1147656120751317e+19,2.164262859426883e+20,3.085842275743527e+20,1.5210489623094156e+20,9.622597744854519e+19,3.265860371791786e+20,1.4336338079865161e+20,6.14655419212395e+20,2.178464712485974e+20,7.898175645971743e+20,2.0852599623235738e+20,2.285441278560653e+20,1.989507681902939e+20,1.4396469461996162e+20,3.322474491995819e+20,2.5266293439393513e+20,1.7053443350468706e+20,7.669827292816967e+20,1.0238927019292749e+21,2.9088658245182194e+20,5.561095776316309e+20,1.2321433038799383e+21,2.6374385530857125e+20,3.3550890879251154e+22,4.850174210357519e+18,2.3890177449063576e+20,5.1046177117973696e+20,3.299535924006381e+20,2.956284898367469e+20,1.5135068766948878e+20,2.1414083973703595e+20,2.172592384650777e+20,7.809662494917387e+20,8.054551947633746e+18,3.195155680285172e+20,1.0419510530730891e+22,4.003777319417058e+18,5.29052487250326e+20,2.974316181839061e+20,9.851761799063908e+19,2.7219360141020706e+21,1.1351800650655152e+21,5.0861937401347696e+20,2.791073180242265e+20,2.979787190340703e+20,3.893611479937413e+21,3.5293480299834917e+19,9.47768985272469e+21,2.7261273624670225e+21,8.03821285931892e+20,2.395978167578284e+20,3.3519651281822614e+20,8.020900726071321e+20,2.9092308838385e+20,3.114281490324995e+21,3.3947233170107636e+20,3.394723303796387e+20,3.394723317414929e+20,2.99040115406261e+19,3.3947231925245195e+20,4.936259208558724e+20,2.8327262709453047e+22,3.394723317409491e+20,2.5304318911193275e+20,1.3910464532300534e+21,3.394723316333917e+20,1.2687014224535662e+21,3.941635517247776e+21,1.3746799277596887e+21,9.443953672369585e+21,5.697799181937366e+21,8.754399892702961e+20,1.5758089629488157e+21,3.394705537190911e+20,0.0,3.394723317347544e+20,1.6011540650008638e+20,1.3035712624231988e+23,2.1302854214009412e+20,3.3933529837352197e+20,8.762808167673645e+19
Mitsuokella multacida,4.857461911986893e+19,4.1922696841677406e+20,9.702406581104342e+19,1.7631834742248994e+20,4.038942968021473e+21,1.2401603953676368e+20,1.3029159705602905e+21,1.6831748813422592e+21,3.187263925601534e+20,5.5391990406088196e+20,3.6440436445454945e+20,3230072993867.6743,3427649553814.8506,110240810034.4024,3299687837147.7397,653123112755.555,2.5277996767716442e+20,1.338284057027995e+21,6.226259830593972e+20,1.1745662274028576e+21,5.296810627418652e+18,4.774528808416455e+21,12632340000.770884,1.2617335150853352e+21,1.306888097747468e+20,2.0325345970623607e+19,1.4815623233054144e+22,18187543864531.164,3002260099892.3237,571662688611.8962,2.478557190675044e+20,1.6602095484896307e+27,56073981344.70944,1.2170981107485773e+20,1477492370.5797586,633585790396.5527,15619000763458.846,2533576602504.921,3.611017989911935e+20,2.5045775372199533e+20,2.126102142791117e+19,1.050684597761724e+20,2.4392561326174228e+20,351567696597910.06,1.599145054144973e+29,2.4907943703110376e+20,7.015919256549051e+19,3.971093393960363e+19,9.173992537718102e+20,9.357345572143495e+21,7.496514765885076e+21,3.1832552003040104e+20,1.2304956434241736e+20,3.089043999681845e+19,1.8736767033373118e+20,4.3568583815548666e+20,1.2887913848880419e+19,4.828287273856802e+20,9.541117971792959e+20,1.2162809232913711e+20,1.1292791687655269e+21,1.309490669782287e+20,1.1093080662656742e+20,1.4052370726465492e+20,4.834237929184781e+20,7.226643934632673e+18,5.92129911187444e+20,1.6893794351459956e+20,1.1064452204632425e+21,1.3633533647513526e+21,4.8589440663646134e+19,8.955684213023244e+20,1.5715984477117434e+21,7.573050189920292e+19,3.3890274047965834e+22,3.442173381211784e+20,1.0057298904395409e+20,8.499250661395506e+20,9.520214527434125e+18,4.38456565330021e+19,1.881254589720715e+20,5.536102201890567e+20,1.2221505606043191e+20,1.1204330816044608e+21,3.474604679967128e+20,1.995955212884507e+19,1.0758930721942419e+22,3.355866533871415e+20,8.685178311193078e+20,4.204318243472172e+19,4.379841942611663e+20,3.061383722793057e+21,1.4746431975314253e+21,8.480865310755695e+20,6.0369004676560224e+19,4.1497124366651015e+19,4.233041351325547e+21,3.0418209509488624e+20,9.817098522685698e+21,3.065563447715168e+21,1.1432731499867114e+21,9.987736983916334e+19,4.2767645852253763e+18,1.1415457973625824e+21,4.855149443567317e+19,3.453719396387154e+21,34235528579.143753,1368847184348.11,6862118760.948177,3.693654532900535e+20,12572692226088.969,8.330923165020684e+20,2.866665978574415e+22,6301601381.154221,8.643433938001571e+19,1.730494751985455e+21,102871276980.9266,1.6081528492008195e+21,4.281079793669729e+21,1.7141292202513195e+21,9.78338378514902e+21,6.037231864117426e+21,1.2149051597507485e+21,1.9152663541370268e+21,1783664649863265.8,3.394723317347544e+20,0.0,1.7936228816460952e+20,1.3069647591780645e+23,5.525007620268549e+20,1.3718417807912578e+17,4.270984891247313e+20
Ligilactobacillus ruminis,1.3078878407784679e+20,2.3987101878468205e+20,8.233825641170158e+19,3.1311719952866734e+18,3.859613513536459e+21,5.534628495733547e+19,1.1235667838863329e+21,1.503836474106964e+21,1.3936858095322936e+20,3.745651212014021e+20,1.8505096438649186e+20,1.7936228496204228e+20,1.793622847646407e+20,1.7936228805603253e+20,1.793622848957962e+20,1.7936228751931995e+20,7.342974677316887e+19,1.1589382268971152e+21,4.4327367992677964e+20,9.952222338237508e+20,1.7406598324941373e+20,4.5952079850291667e+21,1.7936228815218436e+20,1.0823923180584921e+21,4.867528057020275e+19,1.590374860483539e+20,1.4636313138534174e+22,1.7936227008855576e+20,1.79362285187331e+20,1.793622875991986e+20,6.849353274208399e+19,1.6602093695184328e+27,1.793622881093093e+20,5.765318078936883e+19,1.7936228816607193e+20,1.7936228753794718e+20,1.793622726482402e+20,1.793622856531334e+20,1.817453826054206e+20,7.110886560553969e+19,1.5810199080141223e+20,7.429396319283578e+19,6.4577131407643025e+19,1.7936193795309902e+20,1.59914505235679e+29,6.972471751012464e+19,1.0920359959888383e+20,1.396521206097923e+20,7.380536572131777e+20,9.178025909788876e+21,7.317200362458394e+21,1.3896784006493887e+20,5.6312827599705465e+19,1.484726158496326e+20,8.043225072276739e+18,2.5633684403814642e+20,1.6647510204432715e+20,3.03477504283266e+20,7.747684382443049e+20,5.7734235458253136e+19,9.499321283599587e+20,4.841323619242249e+19,6.843149555588327e+19,3.883896095155851e+19,3.0407613295789284e+20,1.721366733492464e+20,4.127779964990997e+20,1.0457663876736692e+19,9.270974584849088e+20,1.1840072011991364e+21,1.3077408727009855e+20,7.162231952304332e+20,1.3922566311594492e+21,1.036318708111751e+20,3.371098301527576e+22,1.648561036809292e+20,7.878933044077527e+19,6.705764449712876e+20,1.6984280301359802e+20,1.3551692494612768e+20,8.765327958596264e+18,3.742562199729399e+20,5.7147347858897625e+19,9.410816055193929e+20,1.6811099964362952e+20,1.594040717710489e+20,1.0579614840396985e+22,1.5623722511922446e+20,6.891675760781478e+20,1.3731974717729892e+20,2.586318026981462e+20,2.882047897590555e+21,1.2952950526194955e+21,6.687346952466495e+20,1.1899447414627423e+20,1.3786644079538174e+20,4.053718336748448e+21,1.2482991166184609e+20,9.637790344241023e+21,2.8862358736541487e+21,9.6393328106902e+20,7.948504051000346e+19,1.750860557861494e+20,9.622031932212744e+20,1.3081122603160465e+20,3.274390659899078e+21,1.793622881308998e+20,1.793622868084955e+20,1.7936228817135465e+20,1.900132073477803e+20,1.7936227567454454e+20,6.537411453563964e+20,2.848735963554937e+22,1.793622881708102e+20,9.292939006051113e+19,1.551158008171164e+21,1.793622880631564e+20,1.4288137819978756e+21,4.101746652256089e+21,1.5347917578807885e+21,9.604061039733236e+21,5.857907131856434e+21,1.035555199099146e+21,1.735922965276919e+21,1.793605094228642e+20,1.6011540650008638e+20,1.7936228816460952e+20,0.0,1.3051720647974543e+23,3.731429632924342e+20,1.7922522264913163e+20,2.4774342571967205e+20
Sutterella wadsworthensis,1.306479362640173e+23,1.3027738890974156e+23,1.3059950029044364e+23,1.3052022692815938e+23,1.26657910212275e+23,1.3057252236473888e+23,1.2939384835140213e+23,1.2901353982362042e+23,1.303778702087663e+23,1.3014272482103845e+23,1.3033218633252506e+23,1.3069647591461887e+23,1.30696475914422e+23,1.306964759176985e+23,1.3069647591455357e+23,1.3069647591716467e+23,1.3044378093984657e+23,1.2935845034109064e+23,1.3007401910883736e+23,1.295221239033949e+23,1.3069118465185709e+23,1.2592225046170996e+23,1.3069647591779409e+23,1.2943494779364697e+23,1.3056584372422729e+23,1.3067616606158294e+23,1.1588141182220979e+23,1.3069647589980368e+23,1.3069647591484296e+23,1.30696475917244e+23,1.3044874414296043e+23,1.660078927252039e+27,1.3069647591775146e+23,1.3057482176361567e+23,1.306964759178079e+23,1.3069647591718304e+23,1.306964759023549e+23,1.3069647591530683e+23,1.3033550046904704e+23,1.3044610068291586e+23,1.306752318199604e+23,1.3059146535651122e+23,1.3045263147845427e+23,1.3069647556876043e+23,1.5991437485513958e+29,1.3044748945608863e+23,1.3062635999147645e+23,1.3065679311077279e+23,1.2977926001799134e+23,1.2133969315652217e+23,1.232003072818442e+23,1.3037827036183478e+23,1.3057349293384394e+23,1.3066560845253352e+23,1.3050918130643425e+23,1.3026090390168966e+23,1.3068359958059228e+23,1.3021377933097655e+23,1.2974253884616725e+23,1.3057490898243361e+23,1.295674291688611e+23,1.3056559356970243e+23,1.3058560361501475e+23,1.3055602012345764e+23,1.3021316987005178e+23,1.3068925783371807e+23,1.301045057962967e+23,1.3052760131204128e+23,1.2959026538862823e+23,1.2933338891320226e+23,1.306479220338177e+23,1.2980108469657335e+23,1.2912513343717206e+23,1.3062078740230102e+23,9.680657600979371e+22,1.3035241165229134e+23,1.3059595666459772e+23,1.2984674298877476e+23,1.3068696499875662e+23,1.3065265763737274e+23,1.3050844154707814e+23,1.3014302923056296e+23,1.3057432108344918e+23,1.295763187270642e+23,1.3034911447364294e+23,1.3067653486501721e+23,1.199380856306549e+23,1.3036098606506705e+23,1.2982816662281095e+23,1.306544614981774e+23,1.3025861919652388e+23,1.2763546841573993e+23,1.2922214275256242e+23,1.2984860685311364e+23,1.3063614885178343e+23,1.3065501040537962e+23,1.2646373302305565e+23,1.3039239185308661e+23,1.208797019965617e+23,1.2763118057745242e+23,1.295533822539772e+23,1.3059665361742521e+23,1.3069220402404766e+23,1.2955512842862773e+23,1.3064795546998424e+23,1.272430715230802e+23,1.3069647591777293e+23,1.3069647591645693e+23,1.3069647591781313e+23,1.3032722226192219e+23,1.3069647590536856e+23,1.2986359200716666e+23,1.020304591069711e+23,1.306964759178126e+23,1.3061009858768423e+23,1.2896621075521087e+23,1.3069647591770557e+23,1.29088558136741e+23,1.2641586229803663e+23,1.289825807419736e+23,1.2091377383822167e+23,1.2465969994264208e+23,1.2948184985467833e+23,1.2878153644313817e+23,1.306964741442167e+23,1.3035712624231988e+23,1.3069647591780645e+23,1.3051720647974543e+23,0.0,1.30144167671845e+23,1.3069633910587653e+23,1.3026951481028608e+23
Acidaminococcus intestini,5.039297260695917e+20,1.3327405145655173e+20,4.554783161994624e+20,3.7618278333654145e+20,3.486495384683649e+21,4.28487044789905e+20,7.504292447032815e+20,1.1307120995765558e+21,2.337748613061933e+20,1.7049668811909059e+18,1.880972739518448e+20,5.525007588267633e+20,5.5250075862944757e+20,5.5250076191838876e+20,5.5250075876068675e+20,5.5250076138215467e+20,2.997208389378174e+20,7.85804999532166e+20,7.014861587785736e+19,6.220935116713925e+20,5.4720496053420786e+20,4.222100996179048e+21,5.52500762014443e+20,7.092673430766134e+20,4.2181276357514055e+20,5.321771184968629e+20,1.4263217153716125e+22,5.52500743962713e+20,5.5250075905185225e+20,5.5250076146193754e+20,3.0465124809801505e+20,1.6602089969912385e+27,5.5250076197160865e+20,4.3079212998764285e+20,5.52500762028316e+20,5.525007614007395e+20,5.525007465210606e+20,5.5250075951734306e+20,1.9139896597951545e+20,3.020431200859368e+20,5.3124177422612896e+20,4.4743534206568464e+20,3.085752195669686e+20,5.525004119997928e+20,1.599145048634323e+29,3.0342153154597906e+20,4.8234466138320667e+20,5.127925578982278e+20,3.649271366628138e+20,8.804917896515928e+21,6.944100352235859e+21,2.3417567863216652e+20,4.2945458509877536e+20,5.216127683946246e+20,3.6513343822291724e+20,1.1682772079290375e+20,5.3961454816981595e+20,6.9689167288728625e+19,4.016457921155244e+20,4.3087490724857014e+20,5.76798827891525e+20,4.2155435346254784e+20,4.4157255835578296e+20,4.1197916496816485e+20,6.911294851905978e+19,5.4527594626798236e+20,3.967047939391906e+19,3.8356294579702596e+20,5.53963248020462e+20,8.108733380176632e+20,5.0391510225746526e+20,3.430983197495492e+20,1.0191277894029679e+21,4.767723798067397e+20,3.333791294435176e+22,2.0828883377572056e+20,4.519302420526934e+20,2.9744524729742007e+20,5.4298209232728615e+20,5.0865703166245936e+20,3.6437852914754676e+20,1.6020134129122726e+18,4.302876972222652e+20,5.679421561819253e+20,2.0504322388480688e+20,5.325441044295913e+20,1.0206511602409987e+22,2.1691648092502144e+20,3.160324696393323e+20,5.1046015910864473e+20,1.1452195379288298e+20,2.508922665222322e+21,9.221581027767478e+20,2.955970464006519e+20,4.921358055660951e+20,5.110072514396015e+20,3.6806089172274003e+21,2.4831899545807546e+20,9.264698213885288e+21,2.5131220832718e+21,5.908128855962867e+20,4.5262625725522084e+20,5.482249843587424e+20,5.890775003439264e+20,5.039516283016011e+20,2.901274377914698e+21,5.525007619931799e+20,5.5250076067183526e+20,5.525007620335927e+20,1.8313706447419654e+20,5.5250074954530364e+20,2.8060499606461684e+20,2.8114276560528678e+22,5.5250076203304904e+20,4.6607151616066866e+20,1.1780359169244349e+21,5.5250076192550086e+20,1.0556889022950285e+21,3.72862343794468e+21,1.161668648381395e+21,9.230948822848966e+21,5.484793665592198e+21,6.624171144616819e+20,1.3627904780582632e+21,5.524989840824449e+20,2.1302854214009412e+20,5.525007620268549e+20,3.731429632924342e+20,1.30144167671845e+23,0.0,5.523637318908697e+20,1.2540325447572411e+20
Phascolarctobacterium_A succinatutens_A,4.8437523083602665e+19,4.1908994185200645e+20,9.688700363196788e+19,1.761813066039636e+20,4.038806032854421e+21,1.2387897649745433e+20,1.302778977519589e+21,1.6830379198663208e+21,3.185893551237758e+20,5.5378288521729737e+20,3.642673427613972e+20,1.3718096086730731e+17,1.3718076304681819e+17,1.3718406881002598e+17,1.371808934609648e+17,1.3718352918303947e+17,2.5264294044395392e+20,1.338147074111236e+21,6.224889736272634e+20,1.1744292485173637e+21,5.159681555872343e+18,4.77439189335652e+21,1.3718416557096328e+17,1.261596544194952e+21,1.3055176040738216e+20,2.0188244922844377e+19,1.481548634327318e+22,1.3716603428010571e+17,1.3718118737185147e+17,1.3718360967276814e+17,2.4771865674256112e+20,1.6602095483532382e+27,1.3718412244388106e+17,1.2157275685408506e+20,1.371841795489756e+17,1.3718354809845077e+17,1.3716860102756397e+17,1.3718165495315042e+17,3.609647683984198e+20,2.5032072820645937e+20,2.1123916286481293e+19,1.0493138851545989e+20,2.4378858689817323e+20,1.3683298926364738e+17,1.5991450541436108e+29,2.4894240081146446e+20,7.002211090649624e+19,3.957383945998511e+19,9.172622681279138e+20,9.357208661355117e+21,7.496377865896231e+21,3.181884829982212e+20,1.2291249475087568e+20,3.0753341033570554e+19,1.872306302844351e+20,4.3554883176286644e+20,1.2750797797244203e+19,4.8269171729274307e+20,9.539748178863912e+20,1.2149102948405089e+20,1.1291421810795942e+21,1.3081200291639786e+20,1.107937394012064e+20,1.4038664802612684e+20,4.832867920747949e+20,7.089503649070931e+18,5.919929022833268e+20,1.6880090689657894e+20,1.106308230513951e+21,1.3632163810142517e+21,4.8452343090794095e+19,8.954314363855148e+20,1.5714614769416025e+21,7.559343011334159e+19,3.3890137196418795e+22,3.44080286463494e+20,1.0043592063221421e+20,8.497880712411127e+20,9.383091081735266e+18,4.370857382062831e+19,1.8798839956150954e+20,5.534732039226906e+20,1.2207799505874672e+20,1.1202960802647043e+21,3.4732345456075355e+20,1.9822432958376124e+19,1.0758793819562334e+22,3.354496389558532e+20,8.683808315948175e+20,4.190609118837988e+19,4.3784717914517864e+20,3.061246771107605e+21,1.474506208450959e+21,8.479495263872747e+20,6.023191191989339e+19,4.136002307812662e+19,4.232904431007344e+21,3.040450714588612e+20,9.816961636141562e+21,3.06542651574536e+21,1.1431361815027546e+21,9.974029852794367e+19,4.1396283144944394e+18,1.1414088218980855e+21,4.841440946181102e+19,3.4535824622867e+21,1.3718414415235744e+17,1.3718281543025477e+17,1.3718418487032696e+17,3.692284349205547e+20,1.3717163915923434e+17,8.329553137565675e+20,2.8666522916590537e+22,1.3718418432069706e+17,8.629725142229051e+19,1.7303577948509585e+21,1.3718407601174e+17,1.6080158857252483e+21,4.2809428498525014e+21,1.7139922612697762e+21,9.783246867604315e+21,6.037094941080797e+21,1.2147681638321797e+21,1.9151293803206777e+21,1.3540148463031875e+17,3.3933529837352197e+20,1.3718417807912578e+17,1.7922522264913163e+20,1.3069633910587653e+23,5.523637318908697e+20,0.0,4.269614657074255e+20
Megasphaera elsdenii,3.7852823548346624e+20,7.874104660700335e+18,3.300768896332509e+20,2.5078124340557362e+20,3.611878123485983e+21,3.030860406764005e+20,8.758235995053619e+20,1.2560975032143546e+21,1.0837503772688405e+20,1.268218549613739e+20,6.269420762615757e+19,4.2709848592508636e+20,4.270984857277864e+20,4.270984890162851e+20,4.270984858590399e+20,4.27098488480137e+20,1.7431862713011126e+20,9.111960133492501e+20,1.9553040027560493e+20,7.474811063113697e+20,4.218027997192645e+20,4.347478011788102e+21,4.270984891123217e+20,8.346525531951687e+20,2.9641126221225866e+20,4.067751529141074e+20,1.438858937291251e+22,4.270984710627475e+20,4.270984861501394e+20,4.270984885599028e+20,1.792543998790786e+20,1.6602091221400343e+27,4.270984890694948e+20,3.0539072819390054e+20,4.270984891261922e+20,4.2709848849871425e+20,4.2709847362085106e+20,4.270984866155737e+20,6.599809220339216e+19,1.7664076699171756e+20,4.0583984711930924e+20,3.2203434122646834e+20,1.831729340081191e+20,4.2709813913132335e+20,1.599145049884776e+29,1.7802021821692648e+20,3.5694332234448463e+20,3.8739087648211134e+20,4.903124207165827e+20,8.930295812131529e+21,7.069474211361301e+21,1.0877572431325623e+20,3.040538684107424e+20,3.9621097204753465e+20,2.3973193393836737e+20,8.654966717638718e+18,4.142125120718877e+20,5.573742142469278e+19,5.2702844054238187e+20,3.054738556170189e+20,7.021896947133364e+20,2.96153519427758e+20,3.161715082527742e+20,2.8657824838847778e+20,5.634517896487262e+19,4.1987385210546284e+20,1.6503494389734248e+20,2.5816112948350865e+20,6.793547927064864e+20,9.362648386282363e+20,3.785136352715135e+20,4.684822787318621e+20,1.1445159515098672e+21,3.513709120683133e+20,3.346327349441266e+22,8.289882042928723e+19,3.265290618710942e+20,4.228338973486634e+20,4.1758001010889995e+20,3.8325528310680925e+20,2.389786412239172e+20,1.2651279746155664e+20,3.048865756737872e+20,6.933381865354038e+20,7.964006303614416e+19,4.0714223221858284e+20,1.0331887208241044e+22,9.151323090127099e+19,4.41424438220367e+20,3.850584816065555e+20,1.0898836198147017e+19,2.634309223803887e+21,1.047552027020371e+21,4.209912972767979e+20,3.6673450544682186e+20,3.8560568661176864e+20,3.8059870769492106e+21,1.2291639471863934e+20,9.390068438682208e+21,2.638502224653533e+21,7.161947814473092e+20,3.272251636515585e+20,4.2282281039387754e+20,7.144629291941374e+20,3.785499796314059e+20,3.026655988920853e+21,4.270984890910625e+20,4.270984877699089e+20,4.270984891314678e+20,5.773381210727994e+19,4.27098476644721e+20,4.059978425266573e+20,2.823964293845175e+22,4.2709848913092424e+20,3.406706966876061e+20,1.3034199659578057e+21,4.27098489023395e+20,1.1810745467009995e+21,3.8540090306316227e+21,1.2870533017015534e+21,9.356328876979979e+21,5.610174166093526e+21,7.878119099739907e+20,1.488181274280496e+21,4.2709671132671535e+20,8.762808167673645e+19,4.270984891247313e+20,2.4774342571967205e+20,1.3026951481028608e+23,1.2540325447572411e+20,4.269614657074255e+20,0.0
