,Flavonifractor plautii,Faecalibacterium prausnitzii_C,Faecalibacterium prausnitzii,Faecalibacterium sp900539885,Faecalibacterium prausnitzii_G,Faecalibacterium prausnitzii_J,Faecalibacterium prausnitzii_A,Faecalibacterium sp900758465,Faecalibacterium prausnitzii_H,Faecalibacterium prausnitzii_E,Faecalibacterium prausnitzii_F,Gemmiger formicilis,Gemmiger sp900540775,Anaerotruncus colihominis,Ruminococcus_E bromii_B,Ruminococcus_E bromii,Blautia_A obeum,Blautia_A wexlerae,Blautia_A wexlerae_B,Agathobacter sp900317585,Mediterraneibacter faecis,Mediterraneibacter torques,Mediterraneibacter lactaris,Enterocloster bolteae,Enterocloster citroniae,Enterocloster asparagiformis,Enterocloster clostridioformis,Coprococcus eutactus,Dorea_A longicatena_B,Dorea_A longicatena,Lachnospira eligens_A,Roseburia inulinivorans,Roseburia intestinalis,Anaerostipes hadrus,Eubacterium_G ventriosum,Bariatricus comes,Bariatricus comes_A,Anaerobutyricum hallii,Anaerobutyricum soehngenii,Dorea formicigenerans,Coprococcus_A catus,Eubacterium_I ramulus,Clostridium_Q symbiosum,Bacteroides_F pectinophilus,Ruminococcus_B gnavus,Hungatella effluvii,Bacteroides uniformis,Bacteroides caccae,Bacteroides cellulosilyticus,Bacteroides timonensis,Bacteroides stercoris,Bacteroides sp900552405,Bacteroides intestinalis_A,Bacteroides xylanisolvens,Bacteroides eggerthii,Bacteroides fragilis,Bacteroides fluxus,Bacteroides finegoldii,Bacteroides intestinalis,Bacteroides faecis,Bacteroides nordii,Bacteroides salyersiae,Bacteroides sp902362375,Bacteroides oleiciplenus,Bacteroides fragilis_A,Bacteroides clarus,Phocaeicola dorei,Phocaeicola vulgatus,Phocaeicola plebeius,Phocaeicola massiliensis,Phocaeicola coprocola,Phocaeicola coprophilus,Prevotella sp900313215,Prevotella sp900551275,Prevotella copri_A,Prevotella stercorea,Prevotella sp015074785,Prevotella copri,Paraprevotella clara,Paraprevotella xylaniphila,Alistipes onderdonkii,Alistipes finegoldii,Alistipes shahii,Alistipes putredinis,Alistipes_A indistinctus,Parabacteroides distasonis,Parabacteroides goldsteinii,Parabacteroides distasonis_A,Parabacteroides gordonii,Parabacteroides merdae,Parabacteroides johnsonii,Parabacteroides timonensis,Butyricimonas virosa,Odoribacter splanchnicus,Barnesiella intestinihominis,Parasutterella excrementihominis,Escherichia coli,Escherichia fergusonii,Escherichia ruysiae,Escherichia sp005843885,Escherichia coli_E,Escherichia albertii,Hafnia alvei,Klebsiella pneumoniae,Akkermansia muciniphila,Akkermansia muciniphila_B,Erysipelatoclostridium ramosum,Catenibacterium sp000437715,Catenibacterium mitsuokai,Holdemania filiformis,Holdemanella biformis,Streptococcus salivarius,Streptococcus sp001556435,Streptococcus thermophilus,Adlercreutzia celatus_A,Bifidobacterium longum,Bifidobacterium pseudocatenulatum,Bifidobacterium catenulatum,Bifidobacterium ruminantium,Bifidobacterium bifidum,Desulfovibrio sp900556755,Bilophila wadsworthia,Dialister invisus,Veillonella parvula_A,Phascolarctobacterium_A succinatutens,Acidaminococcus fermentans,Mitsuokella multacida,Ligilactobacillus ruminis,Sutterella wadsworthensis,Acidaminococcus intestini,Phascolarctobacterium_A succinatutens_A,Megasphaera elsdenii
Flavonifractor plautii,0.0,117.88092569644927,0.14480295923842149,20.049506768587833,1.2240118033046996,30.522176996663735,1.2322973995258097,1.306175758376392,84.95586764875428,5.114408263659269,2.8954393626391157,203.0888976730842,1.3053336344843245,1.2779535864165636,2.7401115873373127,2.7610735857119684,1.2110061811515562,1.3104332648210877,1.3097449241512564,25400.60275173797,0.8328135050477936,1223736.2493378492,1.2196248531446656,1.3087592726252193,1.2240306465047543,1.2798422115375547,27.0038407797798,1.3112739457569165,1.30936942044275,1.0455297405447608,1.275083021012788,83.46622117097583,12.380688725724143,1.0847627682716525,1.260409698033728,445.8828427591483,1.2901039676417845,2.2809395769825627,1.2666393752674938,8.67628055978993,0.2741519937491968,0.7568387230041211,1.1710607654981957,2.6396139465890007,10.91559454932827,0.23237145161886422,33114.55147814696,26.41007141834746,4.085972880770507,1.2765393672972323,141153.32135936865,77908.13828914409,2.100255501059733e+22,6339168.897735994,109.14730428157861,2.8440285570555716e+19,1085406.8619890257,8997338257.968172,6336530.62456972,1.2568312112950868,1.2955109627802883,0.985586142181673,1.302022325439644,0.9636981935487923,148104007.87784967,39537.59005389494,4782.601292398272,92.23496164567705,0.93831181398106,1.25602361163015,36448533.83395572,130.4546795621357,119.51851700908132,1.3112908225158426,118606217.61358514,2.8275011218870825,2313.0451461302414,32306.48573463789,1.2934593939077201,1.2932031569380913,1.2748226573368742,1.2330408446836139,24.37014572144389,39.64011720653506,1518375.627603351,168.37698015521545,1.016060675474492,1.4355951037001757,1.2741057128232665,1.2467566082519996,14.001270928686143,0.2954055173367547,0.2705462797789694,1.209049213770666,677403.0742053544,1.2345233610109245,34662.967039266056,3007.374152010498,78105.22115615394,3625.7242147607167,2235.6708794901797,0.9782884598406104,0.6915163382485987,2714.1534091359617,756.9557473942597,0.6134131364658617,1.311448022307161,1.3113870511107315,1.311398332503001,1.157754890015228,1.3114261507707685,4.7588777301862715,0.4509465822825912,2.803256496551825,3.0200070871251907,3512669.438923022,1.3113641778244072,1.3060974249588158,111.27002817468808,1608.3982743875597,2.6781079382065878,18.156463915769166,2.7267491640237735,1.2786890596076763,3.411156182980754,1.2729261802350058,1.304698636078072,1.3091890432660616,1.7621521376917466,1.8883457419652785,2.7081987967314487,1.147034999305239
Faecalibacterium prausnitzii_C,117.88092569644927,0.0,117.97857954503344,97.887411718874,119.0568583343985,87.41523066228407,119.06482531700546,119.13217317176911,32.949512562738555,112.7989911567758,115.00700701206428,85.24434693065376,119.1311961201714,116.78276543908602,118.88026706858555,118.94577951775788,119.0447660765462,119.13531221926108,119.13481095840014,25284.539833825467,117.0584184111992,1223622.6341899778,119.05266136327674,119.13401234070842,119.05660847131588,119.10859652668796,90.97258468648386,119.13566748400392,119.1346291745779,116.84769922320118,119.11078297380823,34.45603402961566,105.54697902132617,118.92496574736252,119.09766407551349,328.1509242815709,119.11831074235242,115.62146526614849,119.10350981393333,109.24490087373339,117.61842458391696,117.20522039418388,119.00709247618715,118.29499418455698,107.00761720725546,118.09003233832348,32998.725800049266,91.51438538134452,113.81837807119706,119.11176256964355,141038.32092185572,77792.78426478368,2.100255501059733e+22,6339056.305405321,8.734521446692819,2.8440285570555716e+19,1085293.1627359784,8997338149.827673,6336418.035466414,119.09461090118396,119.12406493865728,118.83950324350037,119.12828221059314,118.81150543413952,148103897.32695046,39421.86497575308,4665.773047879199,25.646438447279237,118.78297864426101,119.09197669047194,36448422.327687316,12.607389193647299,1.853229534647261,119.13572515558592,118606106.68066537,118.90250277886202,2195.777112351156,32190.447233584164,119.12086447606896,119.12059705196002,118.94763565275501,118.99364246070425,93.56123287881991,78.628435708549,1518262.091973808,50.52792040487476,118.86104650693854,116.45337106948865,119.10399153213218,119.0777030881082,103.91993300046252,118.15650751728104,118.14519873238858,119.0166678599665,677289.0129574173,119.03084908356841,34547.19527704275,2890.2594396171903,77989.91937424953,3508.811351987737,2118.558934800467,118.82403431519614,118.53925206608257,2597.055487739359,639.4111923280137,118.46458428720041,119.13573492656654,119.13573107253983,119.13572212415966,118.99492300360554,119.13573372729235,113.21246373252336,117.73247578875484,118.91973634095457,116.49994352525701,3512556.5243393052,119.13572968399761,119.13185708201195,7.2689190722327695,1491.1231314527017,117.39741102295292,99.80728706543852,118.74464866196807,119.00249574539004,115.77519326577472,119.01056788685884,119.13091096225205,119.13407571592992,118.94935436092403,118.94650059742301,118.76267432408112,118.99233848969828
Faecalibacterium prausnitzii,0.14480295923842149,117.97857954503344,0.0,20.151600659996358,1.1080299897180623,30.623267208875397,1.1163823024655815,1.1895742045531954,85.05436311416473,5.218984718934463,3.0003683928256875,203.18548016686722,1.1885644649909928,1.4155869147009104,2.769748539737825,2.7869241081014247,1.095153244237132,1.1934677333881571,1.1928281730279973,25400.688440631446,0.9382507053762934,1223736.3285092518,1.1035384787353026,1.191876923762677,1.1079074848367476,1.1635359669944614,27.106374354424492,1.1939937930148548,1.1926104016913426,1.1512433520897654,1.1661840900876512,83.56504819223264,12.483607013054081,0.9691188383593317,1.1563662660267935,445.97760250017234,1.1739208932183882,2.386907655358729,1.1605089086180616,8.779854055268167,0.3667921738603717,0.8930601124383819,1.055471842854823,2.6998918643908167,11.01869962231912,0.11184469244016247,33114.63639173711,26.511025995772272,4.19010437863988,1.1678816518495287,141153.40387249243,77908.22178024636,2.100255501059733e+22,6339168.974781842,109.24487994643401,2.8440285570555716e+19,1085406.9413460484,8997338258.03778,6336530.701609205,1.1514497785174247,1.1800724118278412,0.8817498851895026,1.1852650112751926,0.8496580732097293,148104007.95119935,39537.67465101045,4782.689969874674,92.33270831631812,0.8226016595933353,1.15493158464589,36448533.908960246,130.5518336733756,119.6166628023572,1.1940726969996802,118606217.68758267,2.8596177493719073,2313.1360700990786,32306.57133629288,1.1769618943616198,1.1766775153753803,1.231302656483946,1.1703654758459476,24.471537340377274,39.748358073170216,1518375.7066008376,168.47382778268027,0.9015510859880996,1.5383111795678561,1.1581564553108028,1.13052590483243,14.103510093454625,0.1786932563538486,0.1831701391626093,1.1309828919858178,677403.154383476,1.1597217273940659,34663.05178335181,3007.464222976576,78105.30449944365,3625.8133015124254,2235.7609909915477,0.8638868389942223,0.5739642379607328,2714.243412891111,757.0487345720942,0.4958874545258161,1.194113706151678,1.1940954310600544,1.194083292080334,1.0420174553915866,1.1941068240098531,4.874426123073119,0.5787043024876666,2.8329538456216854,3.13858210718486,3512669.516614382,1.1940896417018423,1.1893436108095778,111.36976345152692,1608.4893166463164,2.7746383519546445,18.259897627580614,2.765026531037115,1.223712992109148,3.5373999045361537,1.2142012636704094,1.188186418221581,1.1919907341064353,1.758030850665633,1.88895734359629,2.7443922859182077,1.0388406427874137
Faecalibacterium sp900539885,20.049506768587833,97.887411718874,20.151600659996358,0.0,21.24549811434263,10.47991108649718,21.253641985558378,21.32320509992143,64.94667132935083,14.941358686176626,17.15905038088417,183.1181128302059,21.32220537176552,18.94162697702617,21.185038611064492,21.25183193290968,21.2330857074856,21.326568530369485,21.32602697820279,25381.13959012129,19.2212562879298,1223717.3160341582,21.24118283089811,21.325180550470325,21.245282469030602,21.29873359978029,6.955802578105436,21.32696255286761,21.32583445510195,19.008821693882304,21.300026276020056,63.45117400726333,7.672111226666005,21.11054787753625,21.286040054120903,425.962775054612,21.30872449763787,17.77482305886601,21.292257614759944,11.377955422893647,19.787524366156344,19.365119867471552,21.194540156248554,20.597228483883182,9.13691940112867,20.262788465280508,33095.14276867914,6.373388247249909,15.967331134658938,21.30110896596744,141134.09591199236,77888.83546864497,2.100255501059733e+22,6339150.172466572,89.15657215561124,2.8440285570555716e+19,1085387.9113351917,8997338240.106592,6336511.8999488605,21.282969048524354,21.314619708670705,21.02162915160026,21.31915944996774,20.994390179976527,148103989.55532813,39518.20422119247,4762.950973713896,72.2422899255697,20.96625607732886,21.280096309947115,36448515.32468223,110.47266885356326,99.51352385215502,21.327027865173736,118606199.21671177,21.214980615426157,2293.277144979044,32287.0285032913,21.31143210895788,21.311156044589314,21.136159946634635,21.180001420660748,4.327234121436992,19.704710252866015,1518356.710671907,148.4016022597885,21.045031319725997,18.61621883038513,21.293868764641786,21.26698522204457,6.0485306253069195,20.32982219392623,20.31705037545446,21.202316168404998,677384.0483834617,21.217224990093317,34643.57055293858,2987.6485081522815,78085.92980833372,3606.0512718857967,2215.943881594709,21.007590764692143,20.719554940551998,2694.431480490824,737.0999455529533,20.64336407817088,21.32704111927632,21.327035607747376,21.327025115491423,21.181886294722826,21.32703925592202,15.349418147809883,19.898379543543957,21.229885101555055,18.80104675691077,3512650.6486544954,21.32703377729648,21.322904478270864,91.24266460704365,1588.6255354120028,19.696810436007848,1.9309621215813886,21.049856344387873,21.190601984617413,18.076025122907584,21.19852300807245,21.32189516165172,21.325248386819208,21.166121625472925,21.172656597900648,21.066165048114012,21.178054006122988
Faecalibacterium prausnitzii_G,1.2240118033046996,119.0568583343985,1.1080299897180623,21.24549811434263,0.0,31.713889090670975,0.008492034422197533,0.08351767420381045,86.13583954515916,6.320977602855944,4.104489157722439,204.25947369314753,0.08260469953564104,2.4572127185284023,2.6558377089982526,2.6434760919620803,0.013109766901021119,0.08814598972167999,0.08735965261294212,25401.70842447375,2.045920750850038,1223737.3067881113,0.006039588488778517,0.08628586323398271,0.0022652901256546287,0.05647487227903772,28.200956919849816,0.08923205192192579,0.08709327488511251,2.2586585636592456,0.11940632111506999,84.647582217941,13.580411520231744,0.13997359157001107,0.17183703566290906,447.04395354540975,0.06701130639083797,3.4926188344033653,0.14903028073685518,9.878749572573064,1.4745436526415532,1.9599408353717964,0.05316484310324458,2.837012769362913,12.11597310345032,1.0003007763402878,33115.651773796744,27.60144917158477,5.292038450044447,0.12438458344585696,141154.40438450233,77909.22846275115,2.100255501059733e+22,6339169.938006169,110.32291618327737,2.8440285570555716e+19,1085407.9209061612,8997338258.942854,6336531.664787417,0.15410795416573247,0.07508013930746713,0.26990231374806006,0.07912848120764705,0.2613564948518399,148104008.88658357,39538.688125946115,4783.726772341617,93.41145778223579,0.28628855740397596,0.20696861948154324,36448534.85706804,131.62820923550674,120.69672151110613,0.08920990314222178,118606218.62799764,2.7439952867519475,2314.1845168834816,32307.590806038217,0.07031586894480213,0.07005297060447108,0.7917123691315939,0.5963482586262646,25.56330655990387,40.84337711053903,1518376.6836744123,169.54881591026395,0.20878783927077027,2.642708407377515,0.050956925574402304,0.023083186002931067,15.198402731912472,0.9335409394174945,0.9546687950821497,0.44141071361594647,677404.1395461375,0.4805465402958053,34664.06614604433,3008.5083486463527,78106.31025931316,3626.8522904223764,2236.805334540077,0.2462105631333009,0.5342659637790641,2715.2871988852403,758.1071000069278,0.6126915332256163,0.08949452089151186,0.08938182181520955,0.08941326136279593,0.06752077317725937,0.08945635625698818,5.977425015848809,1.4856165682921205,2.7065980064482527,3.8315844631245346,3512670.4844849785,0.08933101907118947,0.0834506313775155,112.45424506435785,1609.5383725798358,3.240254436498735,19.35708727705502,2.713039722804217,0.6855020007225537,4.35329382494183,0.6502945999082221,0.08212513984258883,0.08693189308324643,1.4958465537979142,1.6510483427045874,2.6824658565101482,0.12364259554822328
Faecalibacterium prausnitzii_J,30.522176996663735,87.41523066228407,30.623267208875397,10.47991108649718,31.713889090670975,0.0,31.72199357412783,31.791034404871557,54.471236441343876,25.418203359408544,27.634432786386498,172.6508287406261,31.790039384285265,29.414342544862397,31.60380014952577,31.670572169500726,31.701550460158256,31.794340954041587,31.79380968031893,25370.864160018114,29.694931139569892,1223707.2786776614,31.70960126770437,31.79297515984042,31.71366434040187,31.76677664248354,3.572543593660662,31.7947245498695,31.793619892675434,29.482806507463536,31.76828594261923,52.97417849841649,18.15083315450498,31.579628971648134,31.75447553807445,415.5097290550286,31.776703916337265,28.250123267653287,31.76061994763317,21.85585754470008,30.25996304460681,29.839046056887998,31.663202035763398,31.013795640351557,19.615047855305306,30.734573450104623,33084.89094565868,4.112470022550857,26.44300506778653,31.7693394942101,141123.92518015264,77878.63019727878,2.100255501059733e+22,6339140.232241716,78.68569382188134,2.8440285570555716e+19,1085377.865949123,8997338230.581837,6336501.9600291075,31.75141876285396,31.782567385104528,31.49149912298711,31.787025576427286,31.464078758950077,148103979.8067911,39507.96237850437,4752.597327002109,61.77186950720172,31.435830172140218,31.748559277306118,36448505.48673914,100.00369827936578,89.03797570832634,31.79478791876385,118606189.43248086,31.630496965554,2282.877014830698,32276.755579423432,31.779372995668012,31.779098882866876,31.60287337909617,31.648028939195356,6.15352175954234,9.537550055984656,1518346.6809021654,137.93360696301852,31.514474760682837,29.08963624892916,31.761975907278263,31.735225905692204,16.525543647847634,30.801504966897607,30.78906993961292,31.670968103846057,677373.9683520581,31.685603092498827,34633.32406765627,2977.264783278897,78075.72964285832,3595.68863424681,2205.560025148433,31.47711988386517,31.18972973562754,2684.0493704422165,726.6685022260156,31.11387503958098,31.794800054121655,31.794795059850518,31.794784953588696,31.650663416114618,31.79479839693571,25.825461510085795,30.370776821656662,31.646593332332998,29.21064169275798,3512640.6779220025,31.79479337628961,31.790729056614417,80.76312485003257,1578.2241215325248,30.11078326909613,12.39411884217613,31.4674697065286,31.657874825706404,28.483250840851777,31.665965130031946,31.789735773050033,31.79304148133501,31.621073404532538,31.623816849156746,31.484697271644112,31.647133752584676
Faecalibacterium prausnitzii_A,1.2322973995258097,119.06482531700546,1.1163823024655815,21.253641985558378,0.008492034422197533,31.72199357412783,0.0,0.07528615149003604,86.14384089078871,6.329228792347182,4.112772462861611,204.26739540027677,0.07442986553419463,2.4650303350040477,2.6559126698438953,2.643319778457806,0.021408926337167247,0.08004557950531972,0.07924112642295783,25401.715830988946,2.054257658336841,1223737.3138289056,0.013676477204413812,0.07814926919402135,0.009120074277484957,0.04821223631093836,28.209106125230736,0.08124705373693894,0.07893841099012543,2.266991859507237,0.11487610214362419,84.65559447999611,13.58859304383343,0.1483490553569642,0.16919565206447912,447.0517973259872,0.05866992292390231,3.5009229421341805,0.14572129543483572,9.886958374736178,1.4828898765729852,1.967982123464348,0.06145557560894542,2.8388964432028465,12.12416006789988,1.0086619619847381,33115.65913899328,27.609552514120445,5.300291931120814,0.11992795863974273,141154.41161794588,77909.23575055426,2.100255501059733e+22,6339169.94491901,110.33088090070392,2.8440285570555716e+19,1085407.9279579325,8997338258.949287,6336531.6716998685,0.15145639201181996,0.06680043310396801,0.2768658504548613,0.0709532121103026,0.26967074728989865,148104008.89326423,39538.69547409701,4783.734332518799,93.4194303897865,0.2946556571951466,0.20491797402944062,36448534.86385415,131.63615634474712,120.70470696706133,0.08120527919213297,118606218.63471985,2.743967079188164,2314.1921862662434,32307.598207917374,0.06207975448915157,0.061837072870572746,0.7924408514619834,0.5967805861897671,25.571425317351217,40.851477831176936,1518376.690704893,169.55674801266844,0.2171034175057809,2.651003912399571,0.04262913149719067,0.015069363655214092,15.206561167614925,0.9419018283009091,0.9629336363872243,0.4417216209245641,677404.146646079,0.4804914294912221,34664.07350212505,3008.5159771906374,78106.31753896199,3626.859870928311,2236.812965202354,0.25451847609278455,0.5426271268831845,2715.2948242649154,758.1148649662211,0.62105461830148,0.08154002356915466,0.08140465059329792,0.08144464885967644,0.07580717789402858,0.08149260818232566,5.985625379259979,1.493172229802725,2.706519606637098,3.836973819149286,3512670.491437113,0.0813480544229369,0.0752756221091362,112.4622725032781,1609.546047856952,3.2442797255242244,19.3652689289391,2.7135564406534214,0.6856591854288863,4.359431171709255,0.6503783934827551,0.07388248587343682,0.07891307696898484,1.4959935070532822,1.651166136986528,2.682933100671055,0.1281344629567396
Faecalibacterium sp900758465,1.306175758376392,119.13217317176911,1.1895742045531954,21.32320509992143,0.08351767420381045,31.791034404871557,0.07528615149003604,0.0,86.21159692644198,6.40036548580704,4.184454737659587,204.33421690652003,0.003345843140473303,2.5374856583882526,2.667807550710667,2.6530981566468004,0.09656665390674814,0.006795438565148036,0.005829886160856896,25401.777208546755,2.127105900895914,1223737.3716711001,0.08822711239543513,0.004891443419456236,0.08351860345238225,0.0271868706839129,28.278740873726992,0.01181788768680731,0.004793477496416355,2.339693772019296,0.11487130722734017,84.72349120116097,13.658672895564466,0.22315582373612775,0.1790248818689961,447.11773841548467,0.01722302760540979,3.5730074527393487,0.15212876925389593,9.957443376536977,1.5558601637046194,2.0413356929614546,0.13642579392571905,2.866519040654408,12.194339314150954,1.0823136755924976,33115.72010745853,27.678581018253414,5.371472695040973,0.11893813273000861,141154.47129977355,77909.295960116,2.100255501059733e+22,6339170.00156223,110.39820235896606,2.8440285570555716e+19,1085407.9859037767,8997338259.001564,6336531.728339467,0.1628132646846507,0.021270348801821805,0.3474094724035616,0.006247767798180264,0.344426679805288,148104008.9477703,39538.756274616644,4783.797259159222,93.48684614310342,0.36898018664136584,0.21659353134969886,36448534.91932519,131.70327165655277,120.77227238104584,0.01058860060094956,118606218.68960527,2.75551995571019,2314.256245345337,32307.6595394247,0.013359530338592301,0.01372427781661416,0.8165175940613001,0.6203231877543647,25.6406535918899,40.921501301268854,1518376.7484498208,169.62369740632178,0.2919149510787062,2.7229351587102317,0.03378072446225342,0.060495760936096134,15.276325614295315,1.0156742817424738,1.0370251334415028,0.4661586963363872,677404.2050483597,0.5014963629020025,34664.134380723706,3008.5796093549047,78106.37766909655,3626.923006401898,2236.8766196916363,0.32913266349601666,0.6162253723584062,2715.3584235255184,758.1799457725939,0.6947732693529177,0.01259542760507676,0.011895357640107138,0.012347002215553335,0.15080325435562986,0.012380678708674358,6.057984435203107,1.5649760931403143,2.7173733931518504,3.8918854575891273,3512670.548446795,0.011517822990655848,0.002513992416241302,112.53041634146976,1609.6101690321914,3.288930331426286,19.435357990082352,2.729612364348016,0.7061991907084093,4.419464306001377,0.6704028790933901,0.0023779570768539438,0.01141964471989452,1.5106662093517857,1.6646516234442323,2.698366860335898,0.1892857016985452
Faecalibacterium prausnitzii_H,84.95586764875428,32.949512562738555,85.05436311416473,64.94667132935083,86.13583954515916,54.471236441343876,86.14384089078871,86.21159692644198,0.0,79.86740320141261,82.07790801379502,118.19346769039258,86.21061523683221,83.85454839217833,85.96715491561469,86.03304926044953,86.12368699408371,86.21477433560418,86.21426623416126,25317.147922168853,84.13201193657065,1223654.6510981133,86.13162046289148,86.21345929071876,86.1355951789088,86.18785749351032,58.026155889797124,86.2151358293259,86.21408261332746,83.92089949424279,86.1898889752996,1.5355126449436276,72.61024788788441,86.0033600345985,86.17659657361402,361.09030584883726,86.19762390611454,82.692806720305,86.18251801992096,76.31058289973993,84.69336365409065,84.27805541776988,86.08584627099921,85.37992727220444,74.0720242498976,85.16581372058764,33031.27903390689,58.57333034715224,80.8883327066218,86.19088437480413,141070.6785894456,77825.22665360336,2.100255501059733e+22,6339088.064581888,24.227811696698858,2.8440285570555716e+19,1085325.2006427378,8997338180.43174,6336449.793823436,86.1735451052254,86.20340531814966,85.917249809795,86.20767775379159,85.88938129720881,148103928.5617811,39454.39480004601,4698.548834270928,7.346392911304735,85.86090915308522,86.17084348446265,36448453.80928555,45.5480079192524,34.566902587229436,86.21519478392757,118606138.01442878,85.9899406449843,2228.6419089063784,32223.049991790846,86.20020429546872,86.19993520829482,86.02559805415075,86.0716882371559,60.61977917564773,45.71957527086852,1518294.0890051802,83.47636684763094,85.9391357979749,83.52674938543831,86.18320679208229,86.15680351622295,70.98333344198313,85.23241552388333,85.22083700811453,86.09485329513004,677321.1408527248,86.10910881185569,34579.7359214341,2923.094167820922,78022.34926481821,3541.6041422932617,2151.391301251391,85.90203271964077,85.61655539303035,2629.886143144433,672.3220228405371,85.54158929225238,86.21520499724808,86.21520093211153,86.21519172301387,86.0735884823605,86.21520371470595,80.27886301571444,84.80640544696149,86.00712618000516,83.58107450930899,3512588.3651523134,86.21519948719973,86.2112828826176,26.34999701531592,1523.9870555445266,84.48019199668548,66.86473234772613,85.83103331686938,86.08065879891835,82.85518950530373,86.08878199479868,86.21032596841752,86.2135232047553,86.02942567226181,86.02733915672755,85.84904500037445,86.07078534977617
Faecalibacterium prausnitzii_E,5.114408263659269,112.7989911567758,5.218984718934463,14.941358686176626,6.320977602855944,25.418203359408544,6.329228792347182,6.40036548580704,79.86740320141261,0.0,2.2196130200826327,198.0162418022007,6.399354916396252,4.0389932359759335,6.627119659454601,6.688760122770218,6.3083514957657485,6.4039213306186165,6.403344662697571,25395.69244034417,4.284207170683275,1223731.4910362246,6.31658184664853,6.4024589502463085,6.3207944423581255,6.37523596750396,21.893859300086692,6.404354479566262,6.403142961915933,4.071193170168373,6.376034663165331,78.37555594337903,7.2698132842276415,6.184099235196719,6.36193653231115,440.8289134213523,6.38541064739376,2.8350701023070393,6.36817238033751,3.563871897320664,4.853195690735453,4.435532109637309,6.269253505418883,6.098543741106491,5.804689182448098,5.329629970015185,33109.65717028097,21.307082323920987,1.0289807482199753,6.377245982186347,141148.4801765146,77903.27480961614,2.100255501059733e+22,6339164.197498709,104.06613266058142,2.8440285570555716e+19,1085402.0988131757,8997338253.503574,6336525.92451244,6.358683481726824,6.39139926376118,6.093245014264064,6.396207145387973,6.066260690332612,148104003.2884041,39532.70244018991,4777.634707845321,87.15257037554518,6.038554614993921,6.356298943339639,36448529.19336846,125.37705950768915,114.43243967959395,6.4044261570165375,118606213.00382222,6.679043129829615,2308.0419342196483,32301.577189526553,6.388245418353901,6.3879641297363445,6.235549927015738,6.266916637599459,19.26494371377298,34.54583014061195,1518370.873896758,163.30231077696558,6.117567053330216,3.6807785850678245,6.370164948909641,6.342911337956683,8.893121831418739,5.396858162028631,5.383332690502625,6.28242403130839,677398.2898491696,6.299262872291417,34658.07630699698,3002.3842741352273,78100.36099069015,3620.750627361895,2230.6804242193007,6.079938306963086,5.79048569900628,2709.1646314627556,751.9236676375699,5.713386281251572,6.404444949584286,6.404436865703309,6.404425173721683,6.256249986139069,6.404442062267395,0.6860176202394024,4.9764693164680684,6.6837410005148685,4.544514233618578,3512664.7206146875,6.4044342809227235,6.4000848218586786,106.17505291756761,1603.3933482920788,5.2950470266785805,13.044125399908499,6.510714411909981,6.28338414169572,3.9610743641837454,6.289351919112401,6.399021355698024,6.402534900625988,6.352438227250836,6.385802443371442,6.518633274995577,6.251636509788204
Faecalibacterium prausnitzii_F,2.8954393626391157,115.00700701206428,3.0003683928256875,17.15905038088417,4.104489157722439,27.634432786386498,4.112772462861611,4.184454737659587,82.07790801379502,2.2196130200826327,0.0,200.2207060936656,4.1834420984383005,1.8830371298088604,4.672815788658831,4.727642870546862,4.0917927119318085,4.188087487284191,4.187496632248621,25397.830611296242,2.064699109203646,1223733.565401522,4.100066467232182,4.186595634147662,4.104319457051541,4.159090781806429,24.11238811642837,4.188538346953557,4.187291367805238,1.8516198748435866,4.159886770377288,80.58694161681021,9.488337550675407,3.9670075487954644,4.146085092152536,443.0260019631603,4.169325459282663,0.6158396000422562,4.152166557880124,5.782845745473027,2.6342018548516024,2.2302989590696396,4.05252150683089,4.217985378226832,8.02317306017381,3.110781048516858,33111.788664718755,23.522820189610936,1.1917977625063645,4.161170287792962,141150.58943100364,77905.39341229707,2.100255501059733e+22,6339166.2473164685,106.27381213950605,2.8440285570555716e+19,1085404.1752355616,8997338255.453154,6336527.974253986,4.142659160868893,4.175348125818173,3.875857998268996,4.180256603644509,3.848654697471859,148104005.29119918,39534.83113883938,4779.796222661208,89.36066970364388,3.821123176585452,4.1408503088168604,36448531.21789619,127.5833784446525,116.64211455570292,4.188612379541779,118606215.01525629,4.737575684009364,2310.218516051055,32303.714626045276,4.1722094030714105,4.1719266489315165,4.041680510093334,4.062315116014745,21.481540213255116,36.75875096615385,1518372.9463222916,165.50753706592698,3.9001584376682437,1.4621642454467787,4.153942794622401,4.126574906136621,11.110547601264907,3.178041164736468,3.164534779438893,4.071753518397981,677400.3752033531,4.090074938905749,34660.2063079988,3004.555385922642,78102.47820477176,3622.915026385628,2232.8517563656883,3.8624930290899586,3.5727526876049898,2711.335284341905,754.1119631884312,3.495377290402085,4.188634394689762,4.1886248332699365,4.188612753551844,4.039396199104268,4.188630921703871,1.9200872365614325,2.775743091675274,4.734816704207698,3.058814750140205,3512666.778080234,4.188621795219844,4.184183792656779,108.38833072447603,1605.570608182075,3.5627865512287014,15.263398142833916,4.57592448413456,4.083446125550182,2.7632837968587984,4.087648395815633,4.1830988582484725,4.1866765744042835,4.224380279094987,4.276990111657906,4.577332519176652,4.034662962191887
Gemmiger formicilis,203.0888976730842,85.24434693065376,203.18548016686722,183.1181128302059,204.25947369314753,172.6508287406261,204.26739540027677,204.33421690652003,118.19346769039258,198.0162418022007,200.2207060936656,0.0,204.33324603988376,201.9950406494136,204.07476007309393,204.1397645686625,204.2474598503912,204.33730803239692,204.3368152866302,25200.113805666922,202.26828429878688,1223539.6894346077,204.2553053205363,204.3360271430928,204.2592171963184,204.31084909784403,176.21082597868414,204.33765561137952,204.33663584413657,202.05810947670025,204.31322200607974,119.70011695501655,190.7718128944856,204.12834979239892,204.3003216770417,242.93030412735558,204.32049533140346,200.8344803095006,204.30607186049338,194.46617882603522,202.82647261177516,202.4160103644984,204.21000515095616,203.4922245610435,192.2308320275358,203.29690549187754,32914.43589571013,176.7462384814902,199.0335067959355,204.31418230049115,140954.51825252798,77708.7697932417,2.100255501059733e+22,6338974.013183713,93.96812921065407,2.8440285570555716e+19,1085210.164921732,8997338070.477688,6336335.745323461,204.297267726265,204.32621369389508,204.04371247920076,204.330362112094,204.01556719397925,148103816.36761,39337.63307357604,4580.939872684319,110.88003476970951,203.9869812465334,204.2947188939454,36448340.74035787,72.6479467254112,83.64982487447617,204.33771174163408,118606025.46942236,204.09640695089166,2110.728949580125,32106.03367532656,204.32301558749512,204.32275034469401,204.15164710351044,204.19748104566776,178.79328683333912,163.84535970228245,1518179.1974399388,34.717870506259615,204.06482835525168,201.66365301084804,204.30630184026032,204.2801643407007,189.1448617150172,203.36320490350823,203.35223175638197,204.2202975765206,677205.7879711244,204.2343878538579,34462.93671791652,2805.283742780254,77905.93625195092,3423.938809386258,2033.5934642305074,204.02793988305444,203.744105747001,2512.091367533771,554.2618930797319,203.66982981904852,204.33772098522752,204.33771737068446,204.33770872917154,204.1979485470202,204.3377198764081,198.43220587735834,202.9417846836558,204.1136522157481,201.70263546131227,3512474.02519361,204.3377160551161,204.33389858648474,92.03857706393345,1406.082557433675,202.5976814145599,185.03997054642068,203.93986725527637,204.20620843249654,200.97951933001363,204.21420669258598,204.33296597670514,204.33608980325957,204.15112579365478,204.14744207082276,203.95787121517384,204.19563203185365
Gemmiger sp900540775,1.3053336344843245,119.1311961201714,1.1885644649909928,21.32220537176552,0.08260469953564104,31.790039384285265,0.07442986553419463,0.003345843140473303,86.21061523683221,6.399354916396252,4.1834420984383005,204.33324603988376,0.0,2.5372384014495966,2.670702942384646,2.656032557063887,0.095671820944471,0.006270346483014843,0.00536868800176882,25401.77631017875,2.126095514150268,1223737.3708239528,0.08719551305383874,0.003973509809306669,0.08253346200367714,0.026488919822999786,28.277741307559566,0.00970354910800244,0.0060939237603633975,2.3386833953919677,0.11746262106073552,84.72250835848058,13.657667258144055,0.22215886020756911,0.18156915899412257,447.11677835068343,0.017226926266523203,3.5719986830259383,0.15470084102086576,9.956435799892049,1.5548436400854397,2.040835753374406,0.13556180276109914,2.869048350643723,12.193336566482444,1.0813181823826166,33115.71921491993,27.67758608675629,5.370462767162529,0.12161576887039563,141154.47042575828,77909.29507847126,2.100255501059733e+22,6339170.000732766,110.39722557197274,2.8440285570555716e+19,1085407.985055106,8997338259.0008,6336531.727510056,0.1653216742325735,0.023625441126499773,0.3475167829861795,0.003863333296046525,0.34357141436649,148104008.94697258,39538.75538448055,4783.796339055798,93.4858683947104,0.36799808936663536,0.21919954456549653,36448534.918513104,131.70229723884896,120.77129272842713,0.008828370027572734,118606218.6888019,2.7584452355356164,2314.2553097787177,32307.658641711056,0.012617277369174893,0.012902679131134947,0.8190752251982686,0.622848563463343,25.639656545880857,40.920707087216584,1518376.7476041035,169.6227254072139,0.29105065983927125,2.7219247865728753,0.033518481797893046,0.059534561824813606,15.275324154423844,1.0146981388096656,1.0362270154748188,0.46860444010897745,677404.204192993,0.5040333865549664,34664.133489471205,3008.5786795862527,78106.37678859789,3626.922083434718,2236.8756896320406,0.32828261339779163,0.615236233830013,2715.3574942009577,758.1789968130568,0.6937753102368436,0.010456291640235189,0.009818495566471658,0.010180685557941094,0.14976291959878632,0.010243149670425335,6.057204816991601,1.5649236601996135,2.7203026203508776,3.89326852269254,3512670.5476119155,0.009527191711562397,0.0015328455332666285,112.52944282798458,1609.6092326308064,3.2908417214137873,19.434355119060672,2.7324341101674032,0.7088187343536461,4.420488551763423,0.6730355787463911,0.00491834495044553,0.00880505974626925,1.5134589294955272,1.6674604682413727,2.7011945261907497,0.18996989176184267
Anaerotruncus colihominis,1.2779535864165636,116.78276543908602,1.4155869147009104,18.94162697702617,2.4572127185284023,29.414342544862397,2.4650303350040477,2.5374856583882526,83.85454839217833,4.0389932359759335,1.8830371298088604,201.9950406494136,2.5372384014495966,0.0,2.9519285499705434,3.0013662596896538,2.444346613403863,2.5425091215501143,2.5417402986667823,25399.569608158792,0.7200398918572795,1223735.2611219024,2.4534209511281166,2.540741436299376,2.4576044193380007,2.511630367267614,25.890772342957757,2.544370104075644,2.5408206707182193,0.6583008453414645,2.4842853310450077,82.36340166655887,11.277535225158116,2.322272208834177,2.455097822263047,444.7975138998123,2.5210840007934134,1.316885119552992,2.4675642903776716,7.579851054658193,1.1041201014513609,0.5275300652239634,2.4050500198023483,2.5798645284006265,9.81424774942933,1.5082395476018262,33113.52337236075,25.304137929865064,3.031260823585765,2.4845779247259006,141152.30937656542,77907.11964105419,2.100255501059733e+22,6339167.925432843,108.04969636131086,2.8440285570555716e+19,1085405.8724127477,8997338257.056429,6336529.652315126,2.455961663868045,2.5237239093704797,2.1972209039137183,2.534133140215598,2.2020650480594677,148104006.93468902,39536.56402791586,4781.549544510215,91.13695607827887,2.18050396577691,2.44095537199934,36448532.87751635,129.35873071740917,118.41798960987704,2.5441308789981436,118606216.66518155,3.0157624408690267,2311.980254202942,32305.453151537477,2.5251945462005727,2.5250261496011137,2.228339218623555,2.278511375121917,23.263101360766388,38.48497040379386,1518374.6406661524,167.28208974388033,2.2533720220954385,0.7424609039014936,2.505159819980931,2.479671323802264,12.898433090032512,1.5672956056848681,1.5267621467264412,2.3179633835930415,677402.0786682536,2.3283728654312474,34661.94004611211,3006.3141636432724,78104.20350733348,3624.670028408043,2234.6106884320134,2.2162985005556255,1.9443344193277459,2713.0938241195413,755.8796052740511,1.8699594014252876,2.5446841406486147,2.5444923210237325,2.5445968546696816,2.393239887799182,2.5446206314668123,3.605279861907254,0.9860191503124645,3.0114188686604426,2.1406178247324537,3512668.4617219656,2.5444054506530316,2.537860717277466,110.1614567175312,1607.3327599713077,2.17934491639097,17.044091524015357,2.8686600394800217,2.284714256513895,2.343451835974379,2.2951550870244506,2.535763577200504,2.542296079027104,2.391495006191362,2.45711245756381,2.8678723462037556,2.3616854640815794
Ruminococcus_E bromii_B,2.7401115873373127,118.88026706858555,2.769748539737825,21.185038611064492,2.6558377089982526,31.60380014952577,2.6559126698438953,2.667807550710667,85.96715491561469,6.627119659454601,4.672815788658831,204.07476007309393,2.670702942384646,2.9519285499705434,0.0,0.07699799493057909,2.6534818455691753,2.6723217792981475,2.6717670429335874,25401.541470720927,3.1828816203589514,1223737.1570189495,2.658509043912621,2.671767763917758,2.657485971100232,2.662889618275933,28.097989793822777,2.678410767686603,2.6685529795962437,3.307151291172325,2.564885312440655,84.47818692764957,13.609613111250587,2.6448743683348783,2.509849040545881,446.85649393357863,2.6619892815359907,4.174337569802914,2.532429363551459,9.999305631435295,2.9049989749197085,2.8582539274097947,2.647002807978044,0.6318341067483269,12.172571066770034,2.7322249158149434,33115.4869509191,27.508150307115024,5.697422884570868,2.5589135315518545,141154.24599289134,77909.0674710546,2.100255501059733e+22,6339169.793508163,110.14891692106205,2.8440285570555716e+19,1085407.7706689818,8997338258.815672,6336531.520304951,2.5223029490717734,2.6486315737661905,2.5306516673757837,2.6711165626793822,2.624371677512099,148104008.75089258,39538.52416018868,4783.551758403563,93.2423782478771,2.638425205965948,2.4730460245466204,36448534.71748732,131.45073572877834,120.51802174931527,2.676639087205826,118606218.4907938,0.14809268290691485,2314.0034242582997,32307.424068738277,2.666468463142832,2.66653035308041,1.9154883583213493,2.1126683546829614,25.47843227348908,40.52126578213635,1518376.5343424305,169.36637043792555,2.6291595538851396,3.5609412063187,2.6572255621651766,2.6600830761282532,15.202068840601159,2.7089982425481187,2.6588179682189916,2.258563101283484,677403.9872229295,2.2283181564657863,34663.90178634107,3008.3295368514473,78106.14966594685,3626.6762691056824,2236.626780911304,2.625683840858949,2.6502673120021,2715.108717703922,757.9223699966336,2.6596905729995286,2.678894295516882,2.67838144615381,2.6790055712163907,2.6532021395127012,2.678815909759281,6.118321435878104,2.4802106863419024,0.09220695040865323,2.4599688921870433,3512670.338403053,2.6778934722894974,2.6698807246210423,112.26294590564622,1609.3575534721008,1.5456949876604698,19.306209181464464,0.17075333894200106,2.0314396734979376,3.184418672270999,2.058169756811647,2.665974524119589,2.6786886943082444,1.1898115875990878,1.031997580540893,0.1322288847991306,2.561833968242604
Ruminococcus_E bromii,2.7610735857119684,118.94577951775788,2.7869241081014247,21.25183193290968,2.6434760919620803,31.670572169500726,2.643319778457806,2.6530981566468004,86.03304926044953,6.688760122770218,4.727642870546862,204.1397645686625,2.656032557063887,3.0013662596896538,0.07699799493057909,0.0,2.6414859046940053,2.6574932135812497,2.6569594176228835,25401.600654769798,3.2188287203223838,1223737.2124968967,2.6462923361764847,2.65699283829051,2.6451263066621755,2.64894037535238,28.16533612309559,2.6635917428846096,2.6537364114957485,3.346225443872225,2.5509082037350015,84.54424099920286,13.675750068313388,2.6364430357751774,2.4963764046786476,446.92057664385794,2.647742440397432,4.225807536674451,2.518722847880787,10.064313313534566,2.930342208066553,2.8971486745986708,2.6361165220812497,0.7075115254678529,12.238352386544657,2.7470344265308437,33115.54570141286,27.574734503944274,5.756526291331564,2.5448548332525207,141154.30338834273,77909.12542085706,2.100255501059733e+22,6339169.847747932,110.21438176690431,2.8440285570555716e+19,1085407.8262543776,8997338258.865465,6336531.574540993,2.5088873207241154,2.6341598110708415,2.5253091213966865,2.656552200887175,2.6193644595354084,148104008.8029454,39538.582733123796,4783.612594134998,93.30790716066923,2.634050618292959,2.459737986509719,36448534.77052457,131.51600426628232,120.58378566267352,2.6618060219901096,118606218.54323299,0.17229025754169489,2314.0654800134357,32307.48320410478,2.652135849316704,2.652204756482885,1.9084984938825504,2.1036117775214462,25.545144271517685,40.589941792063335,1518376.5897196068,169.43149726986707,2.6226620603802155,3.6042014268572817,2.643429474510629,2.6470750648953745,15.268232498292518,2.722198481303035,2.673113100831255,2.2483558472309424,677404.0432823079,2.2177075936805477,34663.96044176424,3008.3911314538855,78106.2075321619,3626.737328229873,2236.688396943084,2.6202162969943035,2.652635301904034,2715.1702757549983,757.9855237335976,2.6642572116868855,2.664070609992744,2.6635567363916075,2.6641851552183513,2.642759605860827,2.663992669159744,6.182927899631678,2.5105583369805116,0.10405056240594725,2.5332774658337938,3512670.393020359,2.6630661843207295,2.6551799347816387,112.3293797609586,1609.4196721734697,1.6197595945078698,19.373453949087917,0.24526203676161767,2.022189359604217,3.256853016226967,2.048424375096462,2.6512968009341424,2.663946435520553,1.1821834765074353,1.0235781850707235,0.20871380714195037,2.551669977685479
Blautia_A obeum,1.2110061811515562,119.0447660765462,1.095153244237132,21.2330857074856,0.013109766901021119,31.701550460158256,0.021408926337167247,0.09656665390674814,86.12368699408371,6.3083514957657485,4.0917927119318085,204.2474598503912,0.095671820944471,2.444346613403863,2.6534818455691753,2.6414859046940053,0.0,0.10120445790650945,0.1004220682389326,25401.697259179517,2.033077032889063,1223737.2962001993,0.009510204404899875,0.09934685766269374,0.013435681708491399,0.06954352817320793,28.188533290753764,0.10226647427197241,0.10013767881640077,2.245833059313873,0.12454759189137812,84.63540898504188,13.567927967955146,0.12694834560522425,0.1735692542129282,447.0320726807354,0.08002548578140926,3.479869221456368,0.15197496419171375,9.866210608440682,1.461691643735852,1.946957003994388,0.04010635322423314,2.8318880050336217,12.103475326677193,0.9873642610824639,33115.64067441269,27.589112707519593,5.279407733893288,0.12945571118586352,141154.39349400977,77909.21748629221,2.100255501059733e+22,6339169.9276177315,110.31082793914511,2.8440285570555716e+19,1085407.910301086,8997338258.933205,6336531.654399585,0.15603035495336945,0.0876606282452062,0.257731184540206,0.09219900424885102,0.2482972630213248,148104008.87655473,39538.67705369276,4783.715359883996,93.39935563995698,0.273293332197537,0.20769094093123738,36448534.84687622,131.6161516385167,120.684596893888,0.10225643863421693,118606218.6179046,2.741686697290288,2314.1729263390025,32307.579648149265,0.08339014391298971,0.08313336860457984,0.7878275800090112,0.5928229856801729,25.550941571263866,40.830857388205374,1518376.6731026182,169.53678312623725,0.19572524580984177,2.629983341677223,0.06391436256867156,0.03616812643287377,15.185963019024584,0.9205886084315852,0.9416354543905645,0.4380978902753158,677404.1288656414,0.47773778743032486,34664.055061172636,3008.496824961604,78106.29929576794,3626.8408449582785,2236.7938073724654,0.23315859136279674,0.5213523924343644,2715.275680374852,758.0953510437987,0.5997577461793208,0.10252554445735762,0.10241649972820221,0.10244379521321141,0.05456164431682415,0.10248727788642849,5.96458089645545,1.4728865691095117,2.704414494348736,3.8216303133948264,3512670.474035391,0.10237122310506022,0.09651474375550546,112.44203199789338,1609.5267723648126,3.2321118039186425,19.344600350099256,2.7099538353358334,0.6823656388106292,4.342440382136754,0.6473001293554831,0.09515857614222865,0.0999579688421846,1.493243321486038,1.6486167793749362,2.6794909262544193,0.11487226360171994
Blautia_A wexlerae,1.3104332648210877,119.13531221926108,1.1934677333881571,21.326568530369485,0.08814598972167999,31.794340954041587,0.08004557950531972,0.006795438565148036,86.21477433560418,6.4039213306186165,4.188087487284191,204.33730803239692,0.006270346483014843,2.5425091215501143,2.6723217792981475,2.6574932135812497,0.10120445790650945,0.0,0.0010489556019808565,25401.779876575263,2.1309319656431818,1223737.3741101758,0.09275172372080875,0.0024307315701338093,0.08802826823290699,0.03223390327170511,28.282112400154624,0.006471705598997495,0.0038880116000207495,2.343490437322389,0.12092026124603124,84.72668358250448,13.662093991901788,0.2274839482079675,0.18510985901124047,447.1207528750587,0.023126331880958063,3.5767042130931714,0.15818625207748532,9.960915144287986,1.559700902636006,2.0460652829414,0.1410096665583134,2.8717542733632033,12.197777229327853,1.0863087552406427,33115.72274757316,27.681886649491464,5.375036540364647,0.12485314356980759,141154.4738546757,77909.2985495152,2.100255501059733e+22,6339170.0039291205,110.40133897774254,2.8440285570555716e+19,1085407.988349208,8997338259.003685,6336531.730706143,0.16896492920875034,0.027431707543389836,0.3531596098237511,0.009847044761890543,0.3488620457993948,148104008.95001408,39538.75890339144,4783.8000369548845,93.4899917975369,0.3731794640141474,0.22259277643891648,36448534.92162373,131.70638928668333,120.77543152396656,0.00461244839458983,118606218.69187039,2.760146853974823,2314.25910800408,32307.662204289238,0.018493061403170308,0.018655425466565026,0.8223794252631673,0.6263694870364361,25.643980170097826,40.92517525612403,1518376.7508829485,169.62680140756487,0.29636578233687727,2.7266121518585384,0.03919603884928206,0.0650923544597922,15.279712310537592,1.019710505528111,1.0413924034640036,0.4723421835719408,677404.207522012,0.5075739519155069,34664.13701476384,3008.5824395408135,78106.38025326558,3626.925799578099,2236.879451612294,0.33355696351258296,0.6202367543691941,2715.361251230424,758.1828895610547,0.6987958081988778,0.007045257203317904,0.006362322603358339,0.006965542486488474,0.15526258562322529,0.006890954546587729,6.062060128593202,1.5703531552929977,2.721908526578508,3.8975102235427634,3512670.5508354944,0.005803980103965096,0.005380718180441469,112.53364912468298,1609.6130364841174,3.2945357037277843,19.438782319193795,2.734391305915367,0.7121077987561363,4.424933834802997,0.6762774642737778,0.008722306835361451,0.008129736520290887,1.5155010236846493,1.6692760238542874,2.7030740371595456,0.19557758212082227
Blautia_A wexlerae_B,1.3097449241512564,119.13481095840014,1.1928281730279973,21.32602697820279,0.08735965261294212,31.79380968031893,0.07924112642295783,0.005829886160856896,86.21426623416126,6.403344662697571,4.187496632248621,204.3368152866302,0.00536868800176882,2.5417402986667823,2.6717670429335874,2.6569594176228835,0.1004220682389326,0.0010489556019808565,0.0,25401.77945745274,2.130305644222312,1223737.3737297587,0.09197930287946054,0.0017076558481566478,0.08725470681300287,0.031362664122319535,28.281569457999954,0.007043176864926894,0.003377007384606185,2.3428694844663904,0.1201380787855526,84.72617279856937,13.661541842611328,0.22675689835582502,0.18432658512409605,447.120273674238,0.022172931212179132,3.576101898725299,0.1574058856981386,9.960353863511479,1.559070741887248,2.045327203426838,0.14024332307943263,2.8710730611554998,12.197222331905184,1.0856513151739409,33115.72233321141,27.68135553302333,5.37445842965215,0.12409265885009792,141154.47345477447,77909.29814377293,2.100255501059733e+22,6339170.003560749,110.40083814543085,2.8440285570555716e+19,1085407.9879677268,8997338259.003357,6336531.730337808,0.16815781748460118,0.02654338482582511,0.3522813424935075,0.009002553142765492,0.34812703339342105,148104008.94966608,39538.75849096035,4783.7995989958,93.48948936335668,0.372482353213239,0.22182110806905783,36448534.92126669,131.70589182815775,120.77492667867774,0.005310177482006327,118606218.69151887,2.7595804618974316,2314.258655354756,32307.661785706932,0.017579121390290227,0.017751773642387392,0.8216145521507012,0.6255823639886753,25.643445261207493,40.92459538986638,1518376.7505035268,169.62630635931552,0.2956268746607727,2.7260132710457423,0.038284215107000655,0.06430317867651998,15.279166521941896,1.0190459832757193,1.0406870809376247,0.4715320152115358,677404.2071357989,0.5067892741685911,34664.1366014366,3008.58199252694,78106.37984841004,3626.9253589652612,2236.8790042974797,0.3328268715157835,0.619575181463861,2715.3608046462105,758.1824227521821,0.6981321184454494,0.007655674218467696,0.006983309731151194,0.0075536734816804615,0.15450977768762794,0.00750106359416538,6.061414002715104,1.5695386025265303,2.7213550411778806,3.896719830016061,3512670.5504634916,0.006445012254275154,0.004419620952844446,112.53313238805256,1609.6125830014862,3.293770713263044,19.438229848942562,2.7337934953770677,0.7113500035113263,4.424151638371672,0.6755242413601592,0.007789973345213378,0.008281584828361825,1.5148833754372757,1.6686848128869494,2.7024865551452364,0.1946423135651263
Agathobacter sp900317585,25400.60275173797,25284.539833825467,25400.688440631446,25381.13959012129,25401.70842447375,25370.864160018114,25401.715830988946,25401.777208546755,25317.147922168853,25395.69244034417,25397.830611296242,25200.113805666922,25401.77631017875,25399.569608158792,25401.541470720927,25401.600654769798,25401.697259179517,25401.779876575263,25401.77945745274,0.0,25399.81191853762,1198456.612882317,25401.704560443617,25401.778765578038,25401.708121419284,25401.755941390107,25374.42494102679,25401.780162599876,25401.77929955586,25399.610008805455,25401.759660361975,25318.67581387393,25388.62627529314,25401.585900447255,25401.748812045,24958.713647121705,25401.76485583267,25398.428953393573,25401.753655379296,25392.23272136162,25400.34519770799,25399.966826174255,25401.66225058357,25400.996677943836,25390.04806213387,25400.797871827283,7721.0423114025825,25374.860422634472,25396.674228239008,25401.76046813002,115786.72465885925,52527.306400254834,2.100255501059733e+22,6313978.705979433,25293.117797865754,2.844028557055569e+19,1060120.6846145939,8997313600.408644,6311340.746927922,25401.74579468753,25401.77016866493,25401.509465977328,25401.773716448093,25401.480676643398,148079039.33753034,14146.159792167666,20623.66291928169,25309.81292128887,25401.452077306993,25401.74409210173,36423455.66669911,25271.997100339526,25283.08103937036,25401.78020651211,118581204.11565205,25401.56320862654,23095.035314152556,6905.980986378247,25401.767071657265,25401.766829641976,25401.619534983634,25401.660310338404,25376.88508374321,25362.423344113657,1493102.0711624245,25234.466041736803,25401.5267635247,25399.220188519146,25401.751931175837,25401.727499200595,25387.021471400738,25400.86157947165,25400.853617253844,25401.679461142194,652090.2220072154,25401.692888275626,9271.55157696855,22400.258815873916,52727.11774752157,21780.125936917088,23170.07749895441,25401.491519778207,25401.220414479416,22692.52387864793,24648.07173329208,25401.150681974013,25401.780212780937,25401.780210505625,25401.78020418202,25401.651322352725,25401.780212159865,25396.13152093988,25400.472025277224,25401.578078204566,25399.29009687664,3487449.240599726,25401.780209585046,25401.776884917283,25291.57994424703,23797.48363426652,25400.145685096337,25383.06413012419,25401.41756274637,25401.669037569725,25398.592735869468,25401.675838491814,25401.776072429187,25401.778823070395,25401.619285039367,25401.61473126044,25401.433384197127,25401.651144266565
Mediterraneibacter faecis,0.8328135050477936,117.0584184111992,0.9382507053762934,19.2212562879298,2.045920750850038,29.694931139569892,2.054257658336841,2.127105900895914,84.13201193657065,4.284207170683275,2.064699109203646,202.26828429878688,2.126095514150268,0.7200398918572795,3.1828816203589514,3.2188287203223838,2.033077032889063,2.1309319656431818,2.130305644222312,25399.81191853762,0.0,1223735.4849615456,2.0414382528410053,2.1293667301614905,2.0457883862996713,2.1012338713756424,26.17531798059382,2.1314294252342423,2.1300916877965306,0.21333646811361603,2.1019652108023856,82.6419423852745,11.551638836010971,1.9072423122824382,2.089058238943934,445.0658856389885,2.111580011310232,1.4500072240400013,2.0946766304653304,7.846759142955066,0.571512499590852,0.3838509316041477,1.9934653890515666,2.9306029907824063,10.086533677262295,1.047612313892718,33113.76346497126,25.582950267251448,3.255815130195496,2.1034467994501562,141152.54264218797,77907.35568215555,2.100255501059733e+22,6339168.143317296,108.32492243980272,2.8440285570555716e+19,1085406.096773801,8997338257.253637,6336529.870181794,2.0851882511120117,2.1176630642414915,1.8156045757116452,2.1228236806610323,1.787809835760941,148104007.14227468,39536.803217622946,4781.8004356432575,91.41229925075902,1.7607820762450381,2.084995394921422,36448533.08970527,129.6330227476272,118.69520985404736,2.1315109457735546,118606216.87456796,3.265509060001472,2312.237657790965,32305.695214298958,2.1145867250484085,2.1143034395434834,2.048803943696561,2.038312100377943,23.54255659966055,38.8173270981591,1518374.864017478,167.55595400526437,1.83972061911286,0.6058492723188041,2.0959050961108714,2.0683311701822706,13.172819260248055,1.1148944919887018,1.1016911284859563,2.0301606368247915,677402.3053387309,2.0524918431292334,34662.17965472973,3006.569090684004,78104.43912813926,3624.92209456707,2234.8657030044815,1.8020246954758479,1.5121352142319429,2713.3485431180793,756.1429084185377,1.4341114302823001,2.131542473980454,2.131527575690253,2.1315141267607007,1.9800559089480023,2.1315365590567352,3.941201450970774,0.8243786452395936,3.2487786022857614,2.775226913142548,3512668.6814120654,2.1315238108963013,2.1268657737384586,110.44516631872226,1607.5904579746125,2.6962325882601186,17.32729067172553,3.1345437467590016,2.072281861237474,2.999747226681772,2.071414680589524,2.125725923547219,2.1294600934919634,2.3968116558043095,2.4926204352757835,3.123148361452492,1.975014888387699
Mediterraneibacter torques,1223736.2493378492,1223622.6341899778,1223736.3285092518,1223717.3160341582,1223737.3067881113,1223707.2786776614,1223737.3138289056,1223737.3716711001,1223654.6510981133,1223731.4910362246,1223733.565401522,1223539.6894346077,1223737.3708239528,1223735.2611219024,1223737.1570189495,1223737.2124968967,1223737.2962001993,1223737.3741101758,1223737.3737297587,1198456.612882317,1223735.4849615456,0.0,1223737.3031278427,1223737.3730924544,1223737.3064701736,1223737.3517266782,1223710.7962212516,1223737.3743661356,1223737.3735842234,1223735.2901849556,1223737.3558699351,1223656.1737209484,1223724.6140281537,1223737.1902877272,1223737.3460824923,1223301.903040979,1223737.3601483468,1223734.1474997618,1223737.3504549281,1223728.125552085,1223735.9981188308,1223735.640779112,1223737.2629061716,1223736.6390914754,1223725.9969242432,1223736.4353310496,1190745.3070891702,1223711.1680951545,1223732.4408568512,1223737.356600262,1082781.2271283155,1146000.1627675476,2.100255501059733e+22,5116215.3060866,1223631.0215291649,2.8440285570554556e+19,138366.7567206556,8996127828.694662,5113581.828447835,1223737.34315726,1223737.3651757275,1223737.118788571,1223737.3684054823,1223737.0903140828,146885141.42332813,1184331.3152680208,1219000.7333646924,1223647.3882038991,1223737.06216332,1223737.3418260417,35227335.48813944,1223610.269654734,1223621.28221763,1223737.3744045529,117386322.4613082,1223737.1786972329,1221457.661807196,1191580.4425624283,1223737.36219307,1223737.361966228,1223737.2278879737,1223737.265510494,1223713.1548093194,1223699.1727507496,294660.9568557731,1223573.4169920764,1223737.134163936,1223734.9082031455,1223737.3480244393,1223737.324799295,1223723.0420176233,1223736.496813306,1223736.4903303776,1223737.282652807,546506.168547779,1223737.2955245718,1189195.3902667414,1220767.5428794203,1145792.0447131987,1220149.2587334325,1221529.5150314595,1223737.100251416,1223736.8394752578,1221056.5685731785,1222994.710223197,1223736.7729959884,1223737.3744097864,1223737.3744079308,1223737.3744025503,1223737.252677948,1223737.3744092977,1223731.9356739938,1223736.128172387,1223737.1921186226,1223734.999328087,2289401.589929572,1223737.3744071599,1223737.3713543296,1223629.773898621,1222152.2800221262,1223735.822466528,1223719.2179118425,1223737.0404028187,1223737.2741112744,1223734.3250621553,1223737.2802481758,1223737.3706077605,1223737.3731467326,1223737.2291958367,1223737.2248736832,1223737.0548670625,1223737.2533854449
Mediterraneibacter lactaris,1.2196248531446656,119.05266136327674,1.1035384787353026,21.24118283089811,0.006039588488778517,31.70960126770437,0.013676477204413812,0.08822711239543513,86.13162046289148,6.31658184664853,4.100066467232182,204.2553053205363,0.08719551305383874,2.4534209511281166,2.658509043912621,2.6462923361764847,0.009510204404899875,0.09275172372080875,0.09197930287946054,25401.704560443617,2.0414382528410053,1223737.3031278427,0.0,0.09087539433829842,0.005609685399759213,0.06126845024841104,28.196638235996673,0.09356454939239438,0.09184149960539154,2.254188082776839,0.12356582996058313,84.64335529352066,13.576067420199864,0.13538700317606195,0.1749608639225883,447.0398335056492,0.07184144127363477,3.488181616724647,0.1525581294306735,9.874385239175,1.4700544358387682,1.9558711873773234,0.048982219916421835,2.838516749050321,12.111627539726083,0.9957957361798736,33115.647933121756,27.59716205743339,5.287642375119634,0.12866405863025634,141154.4006176702,77909.22466556057,2.100255501059733e+22,6339169.934415942,110.31872064096898,2.8440285570555716e+19,1085407.917239859,8997338258.939522,6336531.6611974025,0.15743319602091116,0.08042005060945863,0.2668547045592771,0.08365276057082521,0.25700615471868254,148104008.8831193,39538.68429487661,4783.72282044902,93.40725725840147,0.2817611583441072,0.20990329042973582,36448534.853546716,131.62402486711727,120.69251249755037,0.09363996473039571,118606218.62451088,2.7466362223444047,2314.1805013430594,32307.586944633087,0.07501195363250915,0.07475245976031515,0.7931961774337335,0.5978301554082549,25.55900851443773,40.839255507934276,1518376.680019809,169.54464061852252,0.2044292131682046,2.638278807053496,0.056048433541246355,0.027817641924455377,15.19407736438614,0.9290586615620119,0.9503196183379123,0.4429016692198319,677404.1358533066,0.48219697248175886,34664.06231050915,3008.50435706102,78106.30646668591,3626.848326768043,2236.801341712284,0.24186605296525798,0.5297897409157807,2715.283209147454,758.1030275311168,0.6081830989482414,0.09381923188256394,0.09372706642427596,0.09372833954426443,0.06264051484058887,0.09378059111203661,5.97315948142217,1.4820253327240847,2.7093084228243716,3.8305524147290004,3512670.480873295,0.09370579371955261,0.08809202196035684,112.45001485503722,1609.534353578548,3.240292933732442,19.35274502400021,2.7154018303954945,0.6871485296827589,4.351643092901158,0.6520195188590651,0.08690952229479663,0.09117563745426878,1.4981822765177337,1.6535440517547573,2.684887818265111,0.12266381295896943
Enterocloster bolteae,1.3087592726252193,119.13401234070842,1.191876923762677,21.325180550470325,0.08628586323398271,31.79297515984042,0.07814926919402135,0.004891443419456236,86.21345929071876,6.4024589502463085,4.186595634147662,204.3360271430928,0.003973509809306669,2.540741436299376,2.671767763917758,2.65699283829051,0.09934685766269374,0.0024307315701338093,0.0017076558481566478,25401.778765578038,2.1293667301614905,1223737.3730924544,0.09087539433829842,0.0,0.08618910166361612,0.03027455963109782,28.280721605793197,0.007121774870879345,0.0038656443066051303,2.3419372636608142,0.11952011739211227,84.72536270425793,13.660682866565713,0.22571966962063414,0.1836789601874719,447.1195024951914,0.02104286291764299,3.575189978924409,0.15677759894371396,9.959484692997073,1.5581282063003872,2.0443237832549173,0.13919354696092556,2.870834698933735,12.196360963595783,1.0846839252320928,33115.72164790502,27.680521180664236,5.373571418513872,0.12354947297163817,141154.47278966857,77909.2974704624,2.100255501059733e+22,6339170.002940959,110.4000400431381,2.8440285570555716e+19,1085407.987328887,8997338259.002798,6336531.7297180705,0.16753233742772378,0.02600268795866338,0.3512182139572095,0.00763663413614222,0.347121413393693,148104008.94907647,39538.75780832936,4783.798881538296,93.48868933141878,0.3714749691323154,0.22123584901178758,36448534.92066362,131.70509786203627,120.77412364351576,0.005737210414915253,118606218.690924,2.7595428837825384,2314.2579183962907,32307.66109457536,0.01645883925240605,0.016682740395673974,0.8211203791657545,0.6249988085408009,25.642606413615614,40.923748269403326,1518376.7498676605,169.62551551827232,0.29461334240869447,2.725104344358971,0.03728132590831128,0.06321914866088561,15.278315260227965,1.0180789725951478,1.0396920637974185,0.4708853334454309,677404.2064901551,0.5061688955009296,34664.13591756329,3008.5812630079477,78106.37917634127,3626.924637961235,2236.878274384909,0.33181937201425615,0.6186080635655825,2715.360075695196,758.1816674420758,0.6971580250787561,0.00787444319894048,0.007133742656231035,0.0076457707232409225,0.15341077537515746,0.007650795122161804,6.0604774603047336,1.5685061083388483,2.7213457049505902,3.8961086200276074,3512670.5498383963,0.006719429192088714,0.003253953715101031,112.53231662085678,1609.6118449500536,3.2933050879134727,19.437371104458823,2.7337152944487433,0.7108105901547377,4.423478365755666,0.6750013367272755,0.006944640801888078,0.007626754525236568,1.5147751625210824,1.6686567474484195,2.7024307361366624,0.19360352109258536
Enterocloster citroniae,1.2240306465047543,119.05660847131588,1.1079074848367476,21.245282469030602,0.0022652901256546287,31.71366434040187,0.009120074277484957,0.08351860345238225,86.1355951789088,6.3207944423581255,4.104319457051541,204.2592171963184,0.08253346200367714,2.4576044193380007,2.657485971100232,2.6451263066621755,0.013435681708491399,0.08802826823290699,0.08725470681300287,25401.708121419284,2.0457883862996713,1223737.3064701736,0.005609685399759213,0.08618910166361612,0.0,0.05652203465763032,28.200743177839897,0.08898480343773284,0.08705558998127966,2.258520900789277,0.12124666059062288,84.64734019193445,13.580204634123783,0.13991615614552796,0.17383623661643124,447.0436869446338,0.06713861151016923,3.4924630913814574,0.1509895864143765,9.878551518827415,1.47440922271408,1.9601860709657022,0.05333502629741159,2.8385961938551185,12.115770433438776,1.0002047313555753,33115.65146851703,27.60122414108599,5.291856572799104,0.12623367173981806,141154.40407312647,77909.22815371562,2.100255501059733e+22,6339169.937685177,110.32266594372739,2.8440285570555716e+19,1085407.920588531,8997338258.94253,6336531.664466416,0.15610920744770926,0.07556179728124121,0.2707692423350986,0.07903673570161748,0.2614100526587825,148104008.88625923,39538.68781979449,4783.72647909928,93.41120885222539,0.28622468768833864,0.2089849593930887,36448534.8567449,131.6279563311609,120.69647449775599,0.08899203592855141,118606218.62767372,2.745699572411152,2314.1842323547976,32307.590502725976,0.0703113960425968,0.07002225334821977,0.7935111268429362,0.5982594711445639,25.563084805939162,40.84328433385991,1518376.6833561927,169.54856132063924,0.20884277984307642,2.6425465750291606,0.05118694413334457,0.023044321346370265,15.198190685947063,0.9334595848789067,0.9547278594903397,0.4433706759398784,677404.1392299468,0.48254147302461364,34664.06584029583,3008.5080606782617,78106.30994991185,3626.851998697565,2236.805046758084,0.2462680873864285,0.5341668098169888,2715.2869106577227,758.1068247593337,0.6125922519761032,0.08922359765611318,0.08913631001184245,0.08915808136011133,0.0674650386752597,0.08919535832491766,5.97742689542013,1.486178947191765,2.7082800753738265,3.8326883597405867,3512670.484164823,0.08909231103689211,0.08338814282750885,112.45401402687271,1609.5380885684726,3.24159533380311,19.356882464845956,2.714701333765481,0.6874263880235848,4.354209456617523,0.6522080459271588,0.0821685171038445,0.08668980362519484,1.4974230437525846,1.6525853319729478,2.6841123960553195,0.125202047301446
Enterocloster asparagiformis,1.2798422115375547,119.10859652668796,1.1635359669944614,21.29873359978029,0.05647487227903772,31.76677664248354,0.04821223631093836,0.0271868706839129,86.18785749351032,6.37523596750396,4.159090781806429,204.31084909784403,0.026488919822999786,2.511630367267614,2.662889618275933,2.64894037535238,0.06954352817320793,0.03223390327170511,0.031362664122319535,25401.755941390107,2.1012338713756424,1223737.3517266782,0.06126845024841104,0.03027455963109782,0.05652203465763032,0.0,28.254241234806127,0.0342707305517086,0.030940996887445827,2.3138852516397406,0.10882451920565327,84.69969537109985,13.633987713504306,0.19632972174613325,0.17158394752982595,447.0947170713439,0.01092765140552191,3.54747023248785,0.14521954632461995,9.932589149676314,1.529925959184481,2.0151840542806743,0.10948949056758099,2.8560530599106433,12.169612445136972,1.0560717653533844,33115.698994768085,27.654327763244083,5.346322414292983,0.11346022487221932,141154.45067039435,77909.27513294648,2.100255501059733e+22,6339169.982060719,110.37463610569249,2.8440285570555716e+19,1085407.9659209405,8997338258.983654,6336531.708839291,0.15439348233542655,0.023975968412473753,0.3217773679848435,0.023174950416552736,0.3176144146930524,148104008.92905208,39538.73522522571,4783.775403303503,93.46324222871532,0.34239944731686733,0.20913671070541556,36448534.900254235,131.67978730976316,120.74860931552966,0.033941331437991946,118606218.67074856,2.7507487717114616,2314.233955018949,32307.638289677474,0.013953134810612139,0.013727027736757415,0.8068056671710898,0.6106081808928083,25.616319122687763,40.89682280556484,1518376.7285414294,169.60027856453013,0.2650756144682686,2.6974580069495295,0.008020154582449795,0.033505854568131814,15.251770119705665,0.9893717487172032,1.010582324177811,0.45582671384815654,677404.1848961146,0.4924774073513032,34664.11330191208,3008.557483250182,78106.35687173424,3626.901070684207,2236.85448498082,0.3023970460144085,0.5899798085569531,2715.336310049164,758.1572598425588,0.6684863119459831,0.03467961751938299,0.03441995936388807,0.03456464196212103,0.12387890586327084,0.034602626351826295,6.032340142154933,1.5392700413583074,2.7128437586188134,3.871984997264581,3512670.528810188,0.034273013082796545,0.027264698765806315,112.50652272165904,1609.5878547420193,3.2725470421119476,19.410670856094683,2.7232210689943517,0.6976748153200903,4.3978340708553185,0.6620068150910168,0.025809619659266616,0.03216311696970759,1.5045420927638082,1.6589654654355566,2.6921915879989142,0.16580831393891918
Enterocloster clostridioformis,27.0038407797798,90.97258468648386,27.106374354424492,6.955802578105436,28.200956919849816,3.572543593660662,28.209106125230736,28.278740873726992,58.026155889797124,21.893859300086692,24.11238811642837,176.21082597868414,28.277741307559566,25.890772342957757,28.097989793822777,28.16533612309559,28.188533290753764,28.282112400154624,28.281569457999954,25374.42494102679,26.17531798059382,1223710.7962212516,28.196638235996673,28.280721605793197,28.200743177839897,28.254241234806127,0.0,28.282508774425445,28.28137585903204,25.962759235147686,28.255395375141582,56.52688707472903,14.624122047425082,28.065896915476856,28.24125069619001,419.0749209277073,28.264239799250152,24.728137820828316,28.24754081288408,18.33001059732274,26.742062493551792,26.31741509135079,28.149956776371845,27.50532238325818,16.089270329915706,27.217511944659524,33088.44839932333,0.8632330644232407,22.920619172332973,28.256473411712232,141127.46925037933,77882.18029102581,2.100255501059733e+22,6339143.728092786,82.24421792320119,2.8440285570555716e+19,1085381.385208629,8997338233.97164,6336505.455809573,28.23822047140155,28.270133164415604,27.976677274684487,28.274691485301016,27.94961905841082,148103983.2558733,39511.51833744376,4756.166352406449,65.33111929133537,27.92151620907681,28.23519660884948,36448508.958191164,103.56320780409649,92.59193429636382,28.282574065303454,118606192.89059813,28.125089748569877,2286.4476562753057,32280.316022014267,28.266953655626345,28.26667740964356,28.087357466239133,28.13289845341201,2.668462075816231,12.855141478291536,1518350.1968127175,141.4932861679831,28.000309781981603,25.570462465108122,28.249365997970045,28.222466234299404,13.002893985779334,27.284571180475925,27.27161245886116,28.156268311270296,677377.4948591193,28.170948081966493,34636.88072795868,2980.8352698753088,78079.2788735811,3599.25823069289,2209.130523527294,27.962852248768666,27.674697962953214,2687.6198181464133,730.2374913163121,27.598429881890656,28.282587770322852,28.28258213011954,28.282571660790463,28.13728560299049,28.282585877639985,22.29524713460711,26.850260435737226,28.141276208506238,25.69822942783878,3512644.1807596353,28.282580203834147,28.27844142596869,84.30745201694562,1581.7947704705448,26.600001517655016,8.8528522369831,27.960814137239478,28.142781024929736,24.970117594956417,28.15100975567423,28.277429062347792,28.28079076285016,28.107613396620852,28.111264221432233,27.97814136051175,28.133308873778148
Coprococcus eutactus,1.3112739457569165,119.13566748400392,1.1939937930148548,21.32696255286761,0.08923205192192579,31.7947245498695,0.08124705373693894,0.01181788768680731,86.2151358293259,6.404354479566262,4.188538346953557,204.33765561137952,0.00970354910800244,2.544370104075644,2.678410767686603,2.6635917428846096,0.10226647427197241,0.006471705598997495,0.007043176864926894,25401.780162599876,2.1314294252342423,1223737.3743661356,0.09356454939239438,0.007121774870879345,0.08898480343773284,0.0342707305517086,28.282508774425445,0.0,0.010228298478296033,2.3439850190245584,0.12631503044977146,84.7270476113754,13.662495965911786,0.22818168312169068,0.19043242856903517,447.12108861606646,0.026197447965056894,3.577177979955255,0.16355554969601044,9.961328526819253,1.5601993162849657,2.047494252369821,0.14205933276525531,2.877626765277067,12.19818868387283,1.0868760068651595,33115.72302982909,27.682270125227802,5.37547402885859,0.13042222832755898,141154.4741256092,77909.29882499967,2.100255501059733e+22,6339170.004175975,110.40169381437613,2.8440285570555716e+19,1085407.9886059777,8997338259.003902,6336531.73095297,0.17438859721872982,0.03299693657133117,0.35566493684633504,0.011877332083920734,0.3498019375146508,148104008.95024577,39538.759184125105,4783.800338113033,93.49034831652726,0.373843209072797,0.22806101768841294,36448534.9218621,131.70674102661098,120.77578972587126,0.0021756029699390544,118606218.69210468,2.7662377586012807,2314.2594212092827,32307.662489884227,0.021048160064568198,0.021130069915912462,0.8279159639478365,0.6318088106666703,25.644366871800916,40.9259819348997,1518376.7511381516,169.62715134920515,0.29730177943166947,2.7270813793186433,0.04175150835537028,0.06622094603821074,15.2801111500106,1.0203256029897971,1.0423284448583146,0.47768687525692044,677404.2077823936,0.512957321361634,34664.13729620578,3008.5827481326232,78106.380528058,3626.926102923382,2236.879760469692,0.33450097706331855,0.6208461418817208,2715.361559465458,758.1832147288538,0.6993765744245991,0.0011772023654434435,0.0006112963685268323,0.0006878645245367198,0.15589854709253523,0.0007356711822298444,6.062946572669257,1.5725380538160807,2.728002670906801,3.902057394185574,3512670.5510850823,0.0010872511322193156,0.00975876816367548,112.53403867093506,1609.6133503908159,3.2997736751104645,19.439189056726214,2.740453225429149,0.7176128365421272,4.428963540030506,0.6818043758559206,0.013903182284311078,0.003736456134266274,1.5213356275304462,1.6751727755505441,2.709141116789,0.1989640745363869
Dorea_A longicatena_B,1.30936942044275,119.1346291745779,1.1926104016913426,21.32583445510195,0.08709327488511251,31.793619892675434,0.07893841099012543,0.004793477496416355,86.21408261332746,6.403142961915933,4.187291367805238,204.33663584413657,0.0060939237603633975,2.5408206707182193,2.6685529795962437,2.6537364114957485,0.10013767881640077,0.0038880116000207495,0.003377007384606185,25401.77929955586,2.1300916877965306,1223737.3735842234,0.09184149960539154,0.0038656443066051303,0.08705558998127966,0.030940996887445827,28.28137585903204,0.010228298478296033,0.0,2.3426542421199517,0.11740759991750538,84.72598852420644,13.661348282900079,0.22654842039002618,0.18161592765429296,447.1200979803241,0.02132298364951911,3.5758888811306853,0.15467670317345586,9.960157223095814,1.5588608966854447,2.0446376004484987,0.13991399212132577,2.867991428490342,12.197024688615002,1.085419823867365,33115.7221767973,27.681165855920923,5.374255343323139,0.12126457849006823,141154.47330293042,77909.29799007114,2.100255501059733e+22,6339170.003419198,110.40065651332645,2.8440285570555716e+19,1085407.9878218425,8997338259.00323,6336531.730196268,0.1654180455029572,0.02394612996082268,0.35110178892509436,0.009797515451134475,0.34776672731840086,148104008.9495314,39538.7583351506,4783.799435337431,93.48930720226635,0.372246246613184,0.21903424677107866,36448534.92112894,131.70571114192742,120.77474406295141,0.008389597079318054,118606218.691383,2.7563714789503253,2314.258487329721,32307.661627978097,0.017273664103111222,0.017488475418921443,0.8187488768514924,0.6227880106567971,25.643254833679638,40.924186190430326,1518376.7503583182,169.62612623213306,0.29527901410924334,2.725802996329764,0.03751472442307594,0.06408151080166809,15.278972845112008,1.0187938424563425,1.0402703272398894,0.46880311415840903,677404.2069883691,0.5040369844410653,34664.13644534508,3008.5818261463123,78106.37969498894,3626.9251944989296,2236.8788378231907,0.33246344504286823,0.6193360193366951,2715.3606383955644,758.1822506134769,0.697905050102276,0.010804470829032301,0.010122422179719044,0.010735951808655142,0.15437848059916598,0.01064831904445967,6.060984646039832,1.5684635485984089,2.7181399537426043,3.8943506684327334,3512670.550320732,0.009596369349446894,0.0046696576420046185,112.53293544378562,1609.612414729325,3.291032545016218,19.438033473575203,2.730602530638891,0.7085107166684873,4.422054212264064,0.6726706979437541,0.006053704804236326,0.011375332700810576,1.5118324198807926,1.6656034179194867,2.6992897397923716,0.19303766643767728
Dorea_A longicatena,1.0455297405447608,116.84769922320118,1.1512433520897654,19.008821693882304,2.2586585636592456,29.482806507463536,2.266991859507237,2.339693772019296,83.92089949424279,4.071193170168373,1.8516198748435866,202.05810947670025,2.3386833953919677,0.6583008453414645,3.307151291172325,3.346225443872225,2.245833059313873,2.343490437322389,2.3428694844663904,25399.610008805455,0.21333646811361603,1223735.2901849556,2.254188082776839,2.3419372636608142,2.258520900789277,2.3138852516397406,25.962759235147686,2.3439850190245584,2.3426542421199517,0.0,2.314585571868414,82.43070110359444,11.338976734261621,2.1201144645657495,2.301472479214498,444.8567535119425,2.32422065468007,1.2367766020291096,2.3071934968806533,7.633952010673628,0.7844765629539775,0.4995015637496217,2.206257308221282,3.022366663072658,9.87385159651897,1.2607838114670973,33113.56232152647,25.37087732766988,3.0429017387181996,2.316024956668661,141152.34401335227,77907.15600303162,2.100255501059733e+22,6339167.95120023,108.11424295271674,2.8440285570555716e+19,1085405.9017726239,8997338257.072083,6336529.678072929,2.2976772187436065,2.330287748119343,2.0284155950900082,2.3354248117417704,2.0007869749951537,148104006.95516345,39536.60239344442,4781.595786628763,91.20154112999947,1.9737032506783008,2.2971600214057584,36448532.90029339,129.4225526328064,118.48425278255229,2.3440629607304015,118606216.68654464,3.387934193745445,2312.0311778404616,32305.49338958343,2.327209863025114,2.326925609061104,2.2486770169052828,2.244167314576296,23.330335671493557,38.604961970145915,1518374.6694524148,167.34566113496453,2.05265836629674,0.39510361563614155,2.308577931146065,2.281029342292095,12.96035068590076,1.3280560334010767,1.3146632373825369,2.2394251261373124,677402.1093590029,2.2610321050256803,34661.97868186658,3006.363282841132,78104.23960552367,3624.717098287769,2234.6598641623928,2.014961156480355,1.7250357949425559,2713.142789624405,755.934938143911,1.6470963260392797,2.3440944572970612,2.344080633751487,2.344068123651908,2.1928957417456747,2.34408930233702,3.7298616674938128,1.0044844913876432,3.373093328433605,2.7324016605008015,3512668.488470281,2.3440762878191945,2.3394482940147725,110.2336579711373,1607.3838882099135,2.7247216249560435,17.114514565291532,3.2511960727543996,2.2757742144722215,2.907029229466401,2.2758664375269384,2.3383149746818876,2.3420350958176632,2.568447246675581,2.657504218979273,3.2415687834383946,2.1878382458758683
Lachnospira eligens_A,1.275083021012788,119.11078297380823,1.1661840900876512,21.300026276020056,0.11940632111506999,31.76828594261923,0.11487610214362419,0.11487130722734017,86.1898889752996,6.376034663165331,4.159886770377288,204.31322200607974,0.11746262106073552,2.4842853310450077,2.564885312440655,2.5509082037350015,0.12454759189137812,0.12092026124603124,0.1201380787855526,25401.759660361975,2.1019652108023856,1223737.3558699351,0.12356582996058313,0.11952011739211227,0.12124666059062288,0.10882451920565327,28.255395375141582,0.12631503044977146,0.11740759991750538,2.314585571868414,0.0,84.70164227381832,13.6351512532965,0.22018997859271952,0.06425254237755362,447.0973841341247,0.10705210340610613,3.5479576555245527,0.037286794344808576,9.933590100180167,1.5318345476413542,1.9967168171280902,0.14742215612301623,2.7613241403330315,12.170641687883728,1.0581311386770371,33115.7027766981,27.655871789479235,5.347242046723518,0.007749747740383881,141154.4546248792,77909.27902108523,2.100255501059733e+22,6339169.986295861,110.37683860943709,2.8440285570555716e+19,1085407.9700551778,8997338258.988064,6336531.713074677,0.048713459609485234,0.0954303491727843,0.29345656158142264,0.11705891556840958,0.32653550521892377,148104008.93340027,39538.73903179883,4783.778843690278,93.46541100954754,0.35464776174978296,0.10178312460641142,36448534.9045588,131.68206529906578,120.75070661839736,0.12513652337954284,118606218.67508098,2.6507194758152743,2314.23714477773,32307.642015906866,0.11206710904353981,0.11251260322042295,0.7037098883335795,0.5059670453394671,25.61777370183899,40.890985213200565,1518376.7326929949,169.6025887053602,0.27771154065477677,2.698701700362119,0.10410406731342034,0.11333035344965567,15.253049127600024,0.9911179907868483,1.005212250878111,0.35177620706690277,677404.1889884366,0.3866647089762145,34664.117097080896,3008.5607720865046,78106.36077022836,3626.9044675207742,2236.857768783952,0.3121580948728213,0.596521330985509,2715.3396066887203,758.1601778646423,0.6738356541034913,0.12716846300054158,0.12644161545757074,0.12688190821350656,0.16148171721121982,0.12692178906596915,6.023718885493059,1.505525057168807,2.613592859632168,3.8019158799623893,3512670.533019607,0.12612835255835195,0.11718288614803828,112.50792774570786,1609.5910304944896,3.1900439823084885,19.411607342108994,2.6248145652741606,0.5916990755941852,4.337485800335728,0.5560826930511719,0.11307877573988478,0.1252165881266014,1.406087647993098,1.5624289399630304,2.5943206153255685,0.13039740042560238
Roseburia inulinivorans,83.46622117097583,34.45603402961566,83.56504819223264,63.45117400726333,84.647582217941,52.97417849841649,84.65559447999611,84.72349120116097,1.5355126449436276,78.37555594337903,80.58694161681021,119.70011695501655,84.72250835848058,82.36340166655887,84.47818692764957,84.54424099920286,84.63540898504188,84.72668358250448,84.72617279856937,25318.67581387393,82.6419423852745,1223656.1737209484,84.64335529352066,84.72536270425793,84.64734019193445,84.69969537109985,56.52688707472903,84.7270476113754,84.72598852420644,82.43070110359444,84.70164227381832,0.0,71.11648120703354,84.51490549149597,84.68826686724242,362.60176689287545,84.70947866193477,81.2019730594886,84.69422479645948,74.81774720755277,83.20376478392218,82.78752002900733,84.59751214250046,83.8900628457851,72.57871841616385,83.67648535464612,33032.80715192505,57.07797313283292,79.39706079142827,84.70264361009991,141072.20596219006,77826.75459432813,2.100255501059733e+22,6339089.581884532,25.739198751172083,2.8440285570555716e+19,1085326.7236448016,8997338181.91594,6336451.311107438,84.68522432462841,84.7152678636289,84.42853452811183,84.71956238938319,84.40074950071299,148103930.0654906,39455.92294426296,4700.073929469762,8.8742580102413,84.37230206944658,84.68247824154695,36448455.31976878,47.05748822438564,36.06533584777347,84.72710722495268,118606139.5209238,84.50089469073926,2230.1628677826598,32224.57791370167,84.71206937103018,84.71179984823631,84.53654765729566,84.5828119717985,59.1240770056616,44.21067098921643,1518295.6112605727,84.98351132887984,84.45057661305506,82.03665074090874,84.69502780364395,84.6685872781762,69.48971076063577,83.74312786950689,83.73142920122247,84.60612835600257,677322.6653686482,84.62038110194787,34581.26405892519,2924.616899771492,78023.87714325791,3543.1286692646613,2152.9141497829073,84.41344390641031,84.12774722437551,2631.4090794559906,673.8386649858509,84.05267767946422,84.72711764872383,84.72711343510035,84.72710407461567,84.58522252389903,84.72711629008644,78.78578596394293,83.3161563090658,84.5181759059414,82.08963981845119,3512589.884261582,84.72711199258596,84.72317851042186,27.820487857834678,1525.508066876762,82.98948966174729,65.36802642208227,84.3417577492594,84.5917517484348,81.36338674868153,84.59992328246878,84.72221733998974,84.72542668431291,84.54032361939845,84.53828856416415,84.35985096009297,84.58231692696461
Roseburia intestinalis,12.380688725724143,105.54697902132617,12.483607013054081,7.672111226666005,13.580411520231744,18.15083315450498,13.58859304383343,13.658672895564466,72.61024788788441,7.2698132842276415,9.488337550675407,190.7718128944856,13.657667258144055,11.277535225158116,13.609613111250587,13.675750068313388,13.567927967955146,13.662093991901788,13.661541842611328,25388.62627529314,11.551638836010971,1223724.6140281537,13.576067420199864,13.660682866565713,13.580204634123783,13.633987713504306,14.624122047425082,13.662495965911786,13.661348282900079,11.338976734261621,13.6351512532965,71.11648120703354,0.0,13.444803608180722,13.621095429234032,433.6018016158278,13.644041733364244,10.104095074752328,13.627337210795234,3.7060387010114573,12.118895042148054,11.696647760109425,13.529195938910632,13.030593511091451,1.4652380759816657,12.594655938291151,33102.61037549487,14.041113104349877,8.296564276335658,13.636273723412451,141141.49871119723,77896.2657399641,2.100255501059733e+22,6339157.395045968,96.81506426126289,2.8440285570555716e+19,1085395.2155929022,8997338247.011637,6336519.122292314,13.617978865827313,13.649976757290963,13.355251601490417,13.654588033396015,13.328083903966084,148103996.63058242,39525.66378995757,4770.502151941475,79.90087576100636,13.300066202877009,13.615213928161685,36448522.468439996,118.12889327900734,107.17659483936697,13.662564392790156,118606206.31927529,13.645252363386327,2300.867872322804,32294.513134633195,13.64678715235025,13.646509145993607,13.47641507537072,13.517385030607038,11.99731818209117,27.30942831732029,1518364.002751663,156.05635081324542,13.378951103269705,10.946957158900116,13.629060232120002,13.602045472131056,1.6271517039871024,12.66177287309607,12.64875532600124,13.538146142898649,677391.3797265496,13.553539572475689,34651.03386308718,2995.225122277985,78093.35601185741,3613.6100706627863,2223.520788301171,13.34143941061321,13.052849434216943,2702.006786353284,744.7188492368689,12.976348368419265,13.662577734818615,13.662571888171389,13.66256065314243,13.516423127898221,13.66257565450349,7.6862722162520125,12.231953683062157,13.657782132198575,11.262187418320908,3512657.894854689,13.662570185126047,13.65837664994617,98.91181105636348,1596.2176143537042,12.141807737226264,5.776704244431198,13.477799461935184,13.529406856188992,10.548600819340184,13.536893886953441,13.65735270054245,13.660748560104595,13.527438505128226,13.540558242899085,13.492221545262947,13.512369603772868
Anaerostipes hadrus,1.0847627682716525,118.92496574736252,0.9691188383593317,21.11054787753625,0.13997359157001107,31.579628971648134,0.1483490553569642,0.22315582373612775,86.0033600345985,6.184099235196719,3.9670075487954644,204.12834979239892,0.22215886020756911,2.322272208834177,2.6448743683348783,2.6364430357751774,0.12694834560522425,0.2274839482079675,0.22675689835582502,25401.585900447255,1.9072423122824382,1223737.1902877272,0.13538700317606195,0.22571966962063414,0.13991615614552796,0.19632972174613325,28.065896915476856,0.22818168312169068,0.22654842039002618,2.1201144645657495,0.22018997859271952,84.51490549149597,13.444803608180722,0.0,0.24186971721723685,446.9141472232696,0.20684648995163157,3.3546938301972964,0.23134607086254835,9.742644942619936,1.3357908557263094,1.8226035472437352,0.08716894886310728,2.7955298086813007,11.980249536471106,0.8609573911816586,33115.529932130776,27.467212976202934,5.155130919282733,0.22387861424557906,141154.2847150244,77909.10789765131,2.100255501059733e+22,6339169.823607647,110.19106346769856,2.8440285570555716e+19,1085407.804225372,8997338258.836323,6336531.550395285,0.22832077524287117,0.21371588317540288,0.1584696615608835,0.21869552943306986,0.12209236089946109,148104008.77599573,39538.56656559852,4783.6017043735965,93.27947081336515,0.1466684749569265,0.26377388579779726,36448534.74474989,131.49665622503306,120.56451168355969,0.2282604302900541,118606218.51672779,2.733853373329514,2314.057632572507,32307.468358586328,0.21008109972575098,0.20979957598274432,0.7743225970213952,0.5872026081534264,25.428799871594602,40.70810896568994,1518376.5673435128,169.4175095561728,0.06972990070466684,2.505017525319309,0.19072769812746074,0.16288703785165978,15.063205478543422,0.7941227713420455,0.8154552381870033,0.4400681565717279,677404.0220734682,0.48307601648203224,34663.944454833334,3008.382144495883,78106.18982861092,3626.7268848477306,2236.6790951872513,0.10707221016198007,0.39520666984833364,2715.1610475116545,757.9786162383253,0.4734135949810688,0.22836443224291159,0.22831827119096196,0.2283110619212285,0.07326133699322417,0.22834684067285296,5.839584503569661,1.3538552285890133,2.6976732225439575,3.733349679594917,3512670.3694411484,0.22830265993343848,0.2230014814059463,112.321225212479,1609.4113903384614,3.1638203234709277,19.221446027762404,2.6942741076391505,0.6786374208000596,4.243703309241065,0.6456154958055828,0.22176635087692856,0.2259332461880131,1.4853604915806446,1.6413682382262265,2.664810257818605,0.11548701595386192
Eubacterium_G ventriosum,1.260409698033728,119.09766407551349,1.1563662660267935,21.286040054120903,0.17183703566290906,31.75447553807445,0.16919565206447912,0.1790248818689961,86.17659657361402,6.36193653231115,4.146085092152536,204.3003216770417,0.18156915899412257,2.455097822263047,2.509849040545881,2.4963764046786476,0.1735692542129282,0.18510985901124047,0.18432658512409605,25401.748812045,2.089058238943934,1223737.3460824923,0.1749608639225883,0.1836789601874719,0.17383623661643124,0.17158394752982595,28.24125069619001,0.19043242856903517,0.18161592765429296,2.301472479214498,0.06425254237755362,84.68826686724242,13.621095429234032,0.24186971721723685,0.0,447.0848544549256,0.17065947527654368,3.534094068117908,0.02700187937977329,9.91948073131877,1.520532109103651,1.9728314977791617,0.1857857720619974,2.704357080115578,12.156532929914107,1.048317039371321,33115.6920600946,27.64210921298889,5.333363482650432,0.06116135008774176,141154.4443061247,77909.26854199472,2.100255501059733e+22,6339169.976834299,110.36373896664432,2.8440285570555716e+19,1085407.9602388549,8997338258.979681,6336531.703614077,0.019887662736815293,0.15953783530073912,0.27816962979661686,0.18106313504013502,0.3322214122081573,148104008.924486,39538.728368487944,4783.76747152528,93.45227739312651,0.36097744112462327,0.03853202077588342,36448534.89540235,131.6690522393206,120.73748170683065,0.1892955074038465,118606218.66607241,2.5944136079681046,2314.225360211338,32307.631182489124,0.1758148730226905,0.17625742666135713,0.641760293123597,0.44253950386959445,25.60392381868658,40.87289293166002,1518376.7229325508,169.58962589345413,0.28844299490364717,2.6857895516263905,0.16629564138823474,0.17102591524568314,15.23910200015148,0.9814564050503563,0.9912549210404326,0.2880981196581564,677404.179043498,0.3225894374194171,34664.10640903779,3008.549145882356,78106.35031551459,3626.8930211766665,2236.8461349720324,0.31913986442026404,0.5934097788447013,2715.3279929964074,758.1479961075147,0.6689032160051189,0.19130187885768346,0.19056675655135694,0.19099526957144153,0.19715952067076373,0.19104574344985137,6.004074990224524,1.473802705819177,2.5579821238684706,3.7525992290185406,3512670.5234599966,0.190269382643005,0.1813292398299117,112.49417429064754,1609.5792240303444,3.1361147136697167,19.39730584219813,2.5684641283905845,0.5282502860344572,4.292442697524363,0.4928659072836502,0.17723315598689213,0.1892398640005461,1.3502804638129513,1.5082058611174645,2.538486230431258,0.1324923987710038
Bariatricus comes,445.8828427591483,328.1509242815709,445.97760250017234,425.962775054612,447.04395354540975,415.5097290550286,447.0517973259872,447.11773841548467,361.09030584883726,440.8289134213523,443.0260019631603,242.93030412735558,447.11677835068343,444.7975138998123,446.85649393357863,446.92057664385794,447.0320726807354,447.1207528750587,447.120273674238,24958.713647121705,445.0658856389885,1223301.903040979,447.0398335056492,447.1195024951914,447.0436869446338,447.0947170713439,419.0749209277073,447.12108861606646,447.1200979803241,444.8567535119425,447.0973841341247,362.60176689287545,433.6018016158278,446.9141472232696,447.0848544549256,0.0,447.10424827528294,443.63825594294633,447.0904415887529,437.2878558004988,445.6207107796555,445.21524615747603,446.9949928065885,446.27939224920203,435.0571287279424,446.0889093528665,32673.35057938406,419.5957618809328,441.84192597975016,447.0983151304366,140714.59155059012,77468.33195610231,2.100255501059733e+22,6338737.900950926,336.86320804271435,2.8440285570555716e+19,1084972.2437996354,8997337842.153057,6336099.63847061,447.08179644950764,447.1099051427432,446.8308947951199,447.1139436439992,446.8025277875123,148103583.74649802,39096.68232292114,4338.6719164762235,353.76359366397037,446.7738682620343,447.0794054425884,36448106.46477671,315.54577422977064,326.57181450593237,447.12114229236425,118605792.18286489,446.87786481757024,1868.039065353701,31864.658039024125,447.10671451427214,447.10645294812764,446.9392066874366,446.98437105438956,421.642406674351,406.73195749973434,1517941.5386648232,277.6309588332684,446.85130589204834,444.4623191239287,447.09026360038047,447.06438525419816,431.9757721842091,446.1548776035289,446.1444609388111,447.00663040096583,676967.2928178733,447.020613603446,34221.924931881214,2562.730736948955,77665.57439902551,3181.6000774157465,1791.084049327776,446.8146413719613,446.5325305149054,2269.569690128285,311.4493083960579,446.45893707519724,447.12115084149775,447.1211475595506,447.12113940734883,446.9831238822072,447.1211498627807,441.24960072282636,445.73836997376384,446.894838103803,444.5007711173969,3512237.378948845,447.12114632865865,447.1174172354172,334.96724010963527,1163.4345750389218,445.3907526162964,427.8880460542538,446.723195885837,446.99304843546247,443.78081692544527,447.00086246868744,447.116506252809,447.11956425917634,446.9374250254751,446.933134594008,446.7409363088156,446.9812355281553
Bariatricus comes_A,1.2901039676417845,119.11831074235242,1.1739208932183882,21.30872449763787,0.06701130639083797,31.776703916337265,0.05866992292390231,0.01722302760540979,86.19762390611454,6.38541064739376,4.169325459282663,204.32049533140346,0.017226926266523203,2.5210840007934134,2.6619892815359907,2.647742440397432,0.08002548578140926,0.023126331880958063,0.022172931212179132,25401.76485583267,2.111580011310232,1223737.3601483468,0.07184144127363477,0.02104286291764299,0.06713861151016923,0.01092765140552191,28.264239799250152,0.026197447965056894,0.02132298364951911,2.32422065468007,0.10705210340610613,84.70947866193477,13.644041733364244,0.20684648995163157,0.17065947527654368,447.10424827528294,0.0,3.557743474162302,0.14399343866802866,9.942689531380497,1.5402944771666427,2.0250073323101727,0.11991874107291219,2.8574483481001836,12.179674916564675,1.0664826281690356,33115.70785270195,27.664253589502824,5.356502004159823,0.1115304281832959,141154.45934965697,77909.2838856582,2.100255501059733e+22,6339169.990313375,110.38434698859028,2.8440285570555716e+19,1085407.9743571812,8997338258.991285,6336531.717091434,0.15387169661031572,0.016108954108614414,0.33054602308412423,0.014408034595455234,0.3280082687492648,148104008.93700168,39538.74405991633,4783.784530195172,93.4729651010413,0.35286009486088277,0.20833501148349368,36448534.90834093,131.68947167890826,120.75835141239217,0.02561166927938265,118606218.6787521,2.749705668675351,2314.2432354224993,32307.647197766473,0.005648755104179451,0.00597098112886574,0.8073484463628801,0.6110352434589498,25.62626956556215,40.90668463018785,1518376.736949417,169.60994059683517,0.275480924843384,2.7077183545083314,0.016864274517952228,0.04415732619895598,15.261785581720403,0.9997823324232804,1.0208190161524398,0.45645428588921944,677404.1933964469,0.492540245651042,34664.12214741069,3008.5667059660914,78106.365613405,3626.9102259846904,2236.8637106995966,0.3127682279482409,0.6003950529757217,2715.3455283158232,758.1666768652898,0.6789093745646059,0.026783196686377096,0.026357992026786854,0.026599267328785398,0.13438729074113115,0.026646718196636197,6.042391568333406,1.5483875267653173,2.7117395354973834,3.8779121727715573,3512670.5371145867,0.02614809147847588,0.01784559832430829,112.51632486469538,1609.597143521577,3.276686970902192,19.42072307704409,2.7228802458190358,0.697613953278432,4.404762300837835,0.6618964192548745,0.015681539899230813,0.024258385331957896,1.5039777436646231,1.6583282536468769,2.691789739485132,0.17296415296764214
Anaerobutyricum hallii,2.2809395769825627,115.62146526614849,2.386907655358729,17.77482305886601,3.4926188344033653,28.250123267653287,3.5009229421341805,3.5730074527393487,82.692806720305,2.8350701023070393,0.6158396000422562,200.8344803095006,3.5719986830259383,1.316885119552992,4.174337569802914,4.225807536674451,3.479869221456368,3.5767042130931714,3.576101898725299,25398.428953393573,1.4500072240400013,1223734.1474997618,3.488181616724647,3.575189978924409,3.4924630913814574,3.54747023248785,24.728137820828316,3.577177979955255,3.5758888811306853,1.2367766020291096,3.5479576555245527,81.2019730594886,10.104095074752328,3.3546938301972964,3.534094068117908,443.63825594294633,3.557743474162302,0.0,3.5401881649503966,6.398538744512919,2.0203888260780087,1.6233986267093286,3.4404668901518134,3.757195610322064,8.638920162904691,2.4969777435342446,33112.38534249181,24.13847816833526,1.8075966088228115,3.5492742075624713,141151.1804955309,77905.9868477983,2.100255501059733e+22,6339166.823018826,106.88821561317886,2.8440285570555716e+19,1085404.757866852,8997338256.002247,6336528.549936391,3.5306228344436095,3.563761886970359,3.262854461200743,3.5687869904221516,3.2358974265403773,148104005.85450187,39535.42711644001,4780.4002871660705,89.97515801034534,3.2085622112986942,3.528945621381366,36448531.786950886,128.19752496098997,117.25685860795458,3.5772510398132806,118606215.58084944,4.243725697890163,2310.826156959465,32304.312785161488,3.5606711226236696,3.560387710485609,3.438664084615495,3.454489491080702,22.097265985149416,37.372087989314366,1518373.527917436,166.12145759000322,3.2875689630323857,0.8502883382007621,3.542254940861257,3.5148198985709707,11.726326873980929,2.564240410311618,2.5503636892067716,3.4613731016584155,677400.9601432534,3.4803428566657835,34660.80261206101,3005.161742168168,78103.07128915365,3623.519785366997,2233.458168269424,3.2498765282857045,2.9600040244284886,2711.9415335482263,754.7222916646251,2.8823904148357675,3.577278954963842,3.5772674168918113,3.577255913575175,3.4272592243837385,3.577274908053623,2.5105913200243726,2.1704098307112973,4.237937587866471,2.8139723535969177,3512667.3557817624,3.5772632256301407,3.572747739300922,109.00360461568654,1606.1784122110262,3.1839938378885613,15.879033950107074,4.086673688927193,3.4777157374905836,2.663890595305167,3.481161124160975,3.571640284812346,3.575285533824152,3.651690636930413,3.71301790851755,4.08535495124911,3.422137567236847
Anaerobutyricum soehngenii,1.2666393752674938,119.10350981393333,1.1605089086180616,21.292257614759944,0.14903028073685518,31.76061994763317,0.14572129543483572,0.15212876925389593,86.18251801992096,6.36817238033751,4.152166557880124,204.30607186049338,0.15470084102086576,2.4675642903776716,2.532429363551459,2.518722847880787,0.15197496419171375,0.15818625207748532,0.1574058856981386,25401.753655379296,2.0946766304653304,1223737.3504549281,0.1525581294306735,0.15677759894371396,0.1509895864143765,0.14521954632461995,28.24754081288408,0.16355554969601044,0.15467670317345586,2.3071934968806533,0.037286794344808576,84.69422479645948,13.627337210795234,0.23134607086254835,0.02700187937977329,447.0904415887529,0.14399343866802866,3.5401881649503966,0.0,9.925738000303015,1.5253938698510925,1.983049638805277,0.1681914826483094,2.727906564557246,12.1627937155675,1.052425616072477,33115.69684501405,27.648231298553917,5.339493665756398,0.03429437225253598,141154.44891451197,77909.27322154194,2.100255501059733e+22,6339169.9810619075,110.36957604801509,2.8440285570555716e+19,1085407.9646241213,8997338258.983429,6336531.707841257,0.01471237449214318,0.13263297435024451,0.28339867464901614,0.15424781804310836,0.3288076671036738,148104008.92847022,39538.733129768334,4783.7725470068335,93.45812896937575,0.3574239753173332,0.06468930509889345,36448534.89949429,131.67485150737025,120.74337433555198,0.1623934966928172,118606218.67009857,2.617558669279062,2314.230618264937,32307.636019218407,0.1490964390253443,0.14953865212753542,0.6675722992957362,0.4690606025530191,25.610083706324264,40.880816076654924,1518376.7272929908,169.59540327669654,0.28270403077035294,2.691440350516584,0.14010886110555912,0.1464011230486116,15.245297179991253,0.9854677156318571,0.9970857885795052,0.31477725509065585,677404.1834858992,0.3494306072793776,34664.11118128799,3008.5543338387806,78106.35498424387,3626.898129492657,2236.851326261866,0.3151213930595503,0.5943345357062192,2715.3331754049304,758.1534296330543,0.6706960154105639,0.16441732058403122,0.16368450639641924,0.16412008272704007,0.18074942304439767,0.1641653357445783,6.012638178166516,1.4872505063542498,2.5808141581559325,3.7732124389156096,3512670.5277311876,0.16337844614114835,0.1544386129899312,112.50029367338736,1609.5844917265408,3.158546608386292,19.40366034741573,2.5916503146525334,0.5547490231514755,4.311324300273578,0.5192446079818737,0.1503338624181902,0.1624162156252718,1.3732409601512483,1.5304476851037383,2.5614389099504575,0.1282532967160904
Dorea formicigenerans,8.67628055978993,109.24490087373339,8.779854055268167,11.377955422893647,9.878749572573064,21.85585754470008,9.886958374736178,9.957443376536977,76.31058289973993,3.563871897320664,5.782845745473027,194.46617882603522,9.956435799892049,7.579851054658193,9.999305631435295,10.064313313534566,9.866210608440682,9.960915144287986,9.960353863511479,25392.23272136162,7.846759142955066,1223728.125552085,9.874385239175,9.959484692997073,9.878551518827415,9.932589149676314,18.33001059732274,9.961328526819253,9.960157223095814,7.633952010673628,9.933590100180167,74.81774720755277,3.7060387010114573,9.742644942619936,9.91948073131877,437.2878558004988,9.942689531380497,6.398538744512919,9.925738000303015,0.0,8.414704406768848,7.993267578771691,9.827335396875595,9.433372088371783,2.2410598150617624,8.890768940365083,33106.20713531124,17.745351082900015,4.591157725833702,9.934744032176415,141145.06273760056,77899.84360978915,2.100255501059733e+22,6339160.869011941,100.51249632687292,2.8440285570555716e+19,1085398.7302435003,8997338250.3287,6336522.596141016,9.916325636813943,9.948644942538815,9.652554545075313,9.953330574629783,9.625489716603107,148104000.0315466,39529.256474686765,4774.141673230139,83.59854971534286,9.597582196621246,9.913661639625614,36448525.90329632,121.82496104639992,110.87638930464632,9.961398325452784,118606209.73374085,10.040575947900338,2304.527961604306,32298.11852868959,9.945468827432782,9.945189681569676,9.78037640725028,9.818327616661144,15.702393913066189,30.995816873673853,1518367.5113243237,159.7514146066448,9.676528666554637,7.242446171578239,9.927607749743443,9.900498791328102,5.330337622130062,8.957935604852267,8.94470297452224,9.837460481115622,677394.9079118117,9.853320175701429,34654.628445639566,2998.8778364062714,78096.93183068238,3617.253556914903,2227.173719831719,9.638966386230072,9.350008922744532,2705.658844570589,748.3940197131127,9.27327535652067,9.96141363985406,9.961406897401794,9.96139545612252,9.814474224485211,9.961411199912982,3.9978777988240415,8.530431808551105,10.0505664523869,7.712793956617942,3512661.380568153,9.961404942879579,9.957152958331447,102.61511249814029,1599.8784995733263,8.56437363238723,9.480603350882122,9.871858448341525,9.83177565226545,7.023254968310163,9.83879435490538,9.956114055114195,9.959553886832019,9.852874562648516,9.872685959671811,9.884214535755511,9.810189945233862
Coprococcus_A catus,0.2741519937491968,117.61842458391696,0.3667921738603717,19.787524366156344,1.4745436526415532,30.25996304460681,1.4828898765729852,1.5558601637046194,84.69336365409065,4.853195690735453,2.6342018548516024,202.82647261177516,1.5548436400854397,1.1041201014513609,2.9049989749197085,2.930342208066553,1.461691643735852,1.559700902636006,1.559070741887248,25400.34519770799,0.571512499590852,1223735.9981188308,1.4700544358387682,1.5581282063003872,1.47440922271408,1.529925959184481,26.742062493551792,1.5601993162849657,1.5588608966854447,0.7844765629539775,1.5318345476413542,83.20376478392218,12.118895042148054,1.3357908557263094,1.520532109103651,445.6207107796555,1.5402944771666427,2.0203888260780087,1.5253938698510925,8.414704406768848,0.0,0.5805143796684261,1.4220644671792302,2.757632730066148,10.653906922865263,0.4766775479274444,33114.294547873535,26.147805978552157,3.8244224058728378,1.533422867499355,141153.06658459714,77907.88259554651,2.100255501059733e+22,6339168.6491099335,108.88479954786536,2.8440285570555716e+19,1085406.610555715,8997338257.730614,6336530.375951803,1.5161267204508067,1.5464371926583433,1.2464285601397194,1.5515601701108739,1.2164221355614502,148104007.6343376,39537.33338849866,4782.341669119881,91.97244941968576,1.189326931003891,1.517780899793628,36448533.58805953,130.19219646437062,119.25601702316126,1.5602814827203595,118606217.36912157,2.9927800902749517,2312.784326216756,32306.22824912789,1.5433038058606847,1.5430180428371392,1.536392621658909,1.5011354745687442,24.10797681350311,39.38432209413389,1518375.3765868605,168.1145585708906,1.2683007582349852,1.172465768986716,1.5245882364175287,1.496980248274075,13.739269210264348,0.5440315000492233,0.5348962501284255,1.4778652802034644,677402.821847738,1.5033888868318428,34662.710250162396,3007.1137503044556,78104.9655978682,3625.4643511711843,2235.410456929747,1.2306297070818677,0.9406736622776786,2713.8930415761065,756.6941190320065,0.8626604504416062,1.5603126845951136,1.5602985997272423,1.5602850678355547,1.4086325257203745,1.5603073099034723,4.509718357543026,0.5142362426417413,2.9700317959111593,2.969527257853499,3512669.1894824794,1.5602943857462273,1.5556177670741145,111.00793952395287,1608.1373982923333,2.7089221679160334,17.894998226358272,2.881754120325858,1.5448227986754053,3.308461158379258,1.5396831829812048,1.5544802639365585,1.558219299743106,1.981836051811423,2.098123348602131,2.8647767379058404,1.4047168950421067
Eubacterium_I ramulus,0.7568387230041211,117.20522039418388,0.8930601124383819,19.365119867471552,1.9599408353717964,29.839046056887998,1.967982123464348,2.0413356929614546,84.27805541776988,4.435532109637309,2.2302989590696396,202.4160103644984,2.040835753374406,0.5275300652239634,2.8582539274097947,2.8971486745986708,1.946957003994388,2.0460652829414,2.045327203426838,25399.966826174255,0.3838509316041477,1223735.640779112,1.9558711873773234,2.0443237832549173,1.9601860709657022,2.0151840542806743,26.31741509135079,2.047494252369821,2.0446376004484987,0.4995015637496217,1.9967168171280902,82.78752002900733,11.696647760109425,1.8226035472437352,1.9728314977791617,445.21524615747603,2.0250073323101727,1.6233986267093286,1.983049638805277,7.993267578771691,0.5805143796684261,0.0,1.9072068982735866,2.5898453345880865,10.231791483833705,0.9887280695324568,33113.91861363575,25.72766908982328,3.412683538179141,1.997485526477532,141152.69830613607,77907.51117764437,2.100255501059733e+22,6339168.298899562,108.4718746676754,2.8440285570555716e+19,1085406.2525997655,8997338257.406427,6336530.025762972,1.972074635938443,2.02882387193557,1.706557563266913,2.0376293262849745,1.701469723948033,148104007.29684722,39536.95845393267,4781.954074502721,91.55917446415546,1.6782271795863644,1.9622613872836023,36448533.244823165,129.78034331580014,118.84141892078058,2.0473698690882327,118606217.02937189,2.9334862843919574,2312.38997016072,32305.850150203376,2.028820349385956,2.0286233312371627,1.8275366549068248,1.8467478418294747,23.686870612483112,38.93404377669604,1518375.0198254231,167.70341233233447,1.7534646947060253,0.8330561071652488,2.009005726117113,1.9826166309082722,13.318145154636973,1.050055012703029,1.0142591766375653,1.8648721159387327,677402.4611780749,1.8805562491039334,34662.3348511003,3006.721943371826,78104.59465277822,3625.0755165905866,2235.018538892573,1.7159003265551822,1.4365709315859263,2713.5014408234533,756.2937322961667,1.3603274903701243,2.0477571089268407,2.047613690266872,2.047676578184979,1.8946990130943664,2.0477069495880293,4.043724264481407,0.5484915509401694,2.920776106278634,2.5038890583000577,3512668.8370927665,2.0475563814041884,2.0415264002989546,110.58837092801014,1607.7427071209768,2.370059108618265,17.469177958177358,2.801888695174913,1.8666921514738148,2.791786741769897,1.8718722779031711,2.039710656412458,2.0453955990176422,2.1151105306135007,2.206178416495603,2.7936451483208953,1.8712146206040576
Clostridium_Q symbiosum,1.1710607654981957,119.00709247618715,1.055471842854823,21.194540156248554,0.05316484310324458,31.663202035763398,0.06145557560894542,0.13642579392571905,86.08584627099921,6.269253505418883,4.05252150683089,204.21000515095616,0.13556180276109914,2.4050500198023483,2.647002807978044,2.6361165220812497,0.04010635322423314,0.1410096665583134,0.14024332307943263,25401.66225058357,1.9934653890515666,1223737.2629061716,0.048982219916421835,0.13919354696092556,0.05333502629741159,0.10948949056758099,28.149956776371845,0.14205933276525531,0.13991399212132577,2.206257308221282,0.14742215612301623,84.59751214250046,13.529195938910632,0.08716894886310728,0.1857857720619974,446.9949928065885,0.11991874107291219,3.4404668901518134,0.1681914826483094,9.827335396875595,1.4220644671792302,1.9072068982735866,0.0,2.816874229858206,12.064705958628226,0.947555047045562,33115.60585997104,27.550770703792587,5.240298961311141,0.15182174520299568,141154.35929775547,77909.18303512892,2.100255501059733e+22,6339169.894922304,110.27316560508058,2.8440285570555716e+19,1085407.8769556878,8997338258.902752,6336531.621705977,0.1692191785161965,0.12670910994056556,0.22177519243908655,0.13213097038011745,0.2082598726311704,148104008.84494495,39538.64231930152,4783.679627586532,93.3616548213635,0.23341947731488952,0.2159978348075872,36448534.814773425,131.57857466866545,120.64683335637149,0.14204476534397617,118606218.5861005,2.7354231185740123,2314.13667748396,32307.544661343152,0.12332139999606913,0.12307282803954496,0.7783964819952388,0.5850021582204801,25.512522858408683,40.79203228907767,1518376.6398568533,169.4992762562668,0.15569427472025021,2.59064512452582,0.10370953976193671,0.07617229718974107,15.147345846084288,0.8807357406982501,0.9016452158783317,0.4315696217202135,677404.095294768,0.4725840659431061,34664.02028954162,3008.46076950632,78106.26488285357,3626.8050166122807,2236.7577418693927,0.19311015667235873,0.4815967801187505,2715.2396399189042,758.0586472356919,0.5599718793143942,0.1423000570894391,0.14219561265270142,0.14221975271396217,0.017494266343715793,0.1422640110324765,5.924987655400459,1.4342111857786064,2.6985034453297856,3.791380151833724,3512670.441156166,0.14215129554152056,0.1363850435873817,112.40402671917616,1609.4904956179544,3.2076066503959844,19.30585745614355,2.70126527526589,0.675511066818821,4.309281163779213,0.6409608861347035,0.13497454858949245,0.13980609847645456,1.486772992146187,1.6424439019361958,2.671118969734497,0.09571203737920415
Bacteroides_F pectinophilus,2.6396139465890007,118.29499418455698,2.6998918643908167,20.597228483883182,2.837012769362913,31.013795640351557,2.8388964432028465,2.866519040654408,85.37992727220444,6.098543741106491,4.217985378226832,203.4922245610435,2.869048350643723,2.5798645284006265,0.6318341067483269,0.7075115254678529,2.8318880050336217,2.8717542733632033,2.8710730611554998,25400.996677943836,2.9306029907824063,1223736.6390914754,2.838516749050321,2.870834698933735,2.8385961938551185,2.8560530599106433,27.50532238325818,2.877626765277067,2.867991428490342,3.022366663072658,2.7613241403330315,83.8900628457851,13.030593511091451,2.7955298086813007,2.704357080115578,446.27939224920203,2.8574483481001836,3.757195610322064,2.727906564557246,9.433372088371783,2.757632730066148,2.5898453345880865,2.816874229858206,0.0,11.59747477638966,2.6855093522097255,33114.945207523735,26.919856152731715,5.195085153959032,2.7560533560206855,141153.71394409402,77908.53142646902,2.100255501059733e+22,6339169.284933322,109.56398851214468,2.8440285570555716e+19,1085407.251938319,8997338258.342043,6336531.011758533,2.7159449153486372,2.8461142027369224,2.661078725074919,2.8686834058960993,2.7484424026753844,148104008.25925484,39537.98367300438,4782.995605275112,92.657221737582,2.7564133082026827,2.6675059359601527,36448534.218161516,130.86684731006127,119.93125087841376,2.8759938890816295,118606217.99612616,0.64022489145755,2313.439151910612,32306.879616446593,2.862428901103718,2.8624482025853704,2.088580146717921,2.2905891216282224,24.88983866563353,39.917970681139195,1518376.0171694448,168.78320504855014,2.7649793019492286,3.2286914137236824,2.8494444739021487,2.846088846137487,14.621212678132487,2.6772618536077855,2.620010599393302,2.438337502354206,677403.4649657444,2.412359345616732,34663.36071513919,3007.7683046229345,78105.61422137219,3626.118614592814,2236.065416393434,2.7531309022929267,2.7116962238242683,2714.547731415256,757.351065022772,2.702715163872215,2.878135658022686,2.8776309040154824,2.8782105506462847,2.8196270723414507,2.8780496358938548,5.568270962041809,2.306457659433395,0.6624766484973529,1.8376236753460358,3512669.826957755,2.877175512427764,2.868466345693335,111.6722113256858,1608.7928831042807,0.9213596403366167,18.716676732060495,0.47268608461581907,2.214697668300979,2.56648100230957,2.2437101445268026,2.864479616096896,2.8773702274106916,1.4292990097772278,1.2974620701374033,0.5004487125194723,2.7292337866973573
Ruminococcus_B gnavus,10.91559454932827,107.00761720725546,11.01869962231912,9.13691940112867,12.11597310345032,19.615047855305306,12.12416006789988,12.194339314150954,74.0720242498976,5.804689182448098,8.02317306017381,192.2308320275358,12.193336566482444,9.81424774942933,12.172571066770034,12.238352386544657,12.103475326677193,12.197777229327853,12.197222331905184,25390.04806213387,10.086533677262295,1223725.9969242432,12.111627539726083,12.196360963595783,12.115770433438776,12.169612445136972,16.089270329915706,12.19818868387283,12.197024688615002,9.87385159651897,12.170641687883728,72.57871841616385,1.4652380759816657,11.980249536471106,12.156532929914107,435.0571287279424,12.179674916564675,8.638920162904691,12.1627937155675,2.2410598150617624,10.653906922865263,10.231791483833705,12.064705958628226,11.59747477638966,0.0,11.129718960879645,33104.0281621073,15.50482375698795,6.831400502530731,12.171766282331317,141142.9030428505,77897.67575160971,2.100255501059733e+22,6339158.762687342,98.27546414207131,2.8440285570555716e+19,1085396.5997615736,8997338248.316004,6336520.489886141,12.153415922497233,12.185599595385876,11.890471334451584,12.19025209609962,11.863413331975002,148103997.96870854,39527.07989664485,4771.937681914312,81.36137340057353,11.835433355851732,12.15064314244507,36448523.82024964,119.58866802467189,108.63813155477797,12.19825559050973,118606207.66284876,12.209991498657587,2302.312054277172,32295.93448721095,12.182432805678415,12.182154997515278,12.013264238019964,12.053392091189792,13.461550595515977,28.76562792155772,1518365.38444697,157.51567970359906,11.914323118297915,9.481902049791662,12.164666978427833,12.13763629447492,3.0896808454709745,11.196839798938436,11.183725980477242,12.073731984924114,677392.7694092462,12.08923836732731,34652.45075180001,2996.666188974403,78094.76518095675,3615.0472584261297,2224.961941046879,11.876795704241353,11.588133051438536,2703.447574584875,746.169450337422,11.511582817615265,12.198272039081184,12.198265126250687,12.19825445138684,12.05192104311326,12.198269638607224,6.225462850391755,10.767505609104061,12.221718249522754,9.842348083356237,3512659.2672615596,12.198262846289433,12.194047000408453,100.37505845028973,1597.66212604706,10.714272682615958,7.241263189225865,12.042110259282802,12.065795585061958,9.134903312988007,12.073150722849599,12.193015126303324,12.196435123780153,12.070621929347,12.0857637334176,12.055881510056397,12.047724951994374
Hungatella effluvii,0.23237145161886422,118.09003233832348,0.11184469244016247,20.262788465280508,1.0003007763402878,30.734573450104623,1.0086619619847381,1.0823136755924976,85.16581372058764,5.329629970015185,3.110781048516858,203.29690549187754,1.0813181823826166,1.5082395476018262,2.7322249158149434,2.7470344265308437,0.9873642610824639,1.0863087552406427,1.0856513151739409,25400.797871827283,1.047612313892718,1223736.4353310496,0.9957957361798736,1.0846839252320928,1.0002047313555753,1.0560717653533844,27.217511944659524,1.0868760068651595,1.085419823867365,1.2607838114670973,1.0581311386770371,83.67648535464612,12.594655938291151,0.8609573911816586,1.048317039371321,446.0889093528665,1.0664826281690356,2.4969777435342446,1.052425616072477,8.890768940365083,0.4766775479274444,0.9887280695324568,0.947555047045562,2.6855093522097255,11.129718960879645,0.0,33114.74556674382,26.622343288504084,4.300801306744147,1.0598912069096678,141153.51216090075,77908.33044682391,2.100255501059733e+22,6339169.080531305,109.35633262196367,2.8440285570555716e+19,1085407.0482563656,8997338258.138931,6336530.807355295,1.0433238523855832,1.0725974976724595,0.772599745184443,1.0779855443063986,0.7409029598862871,148104008.0548279,39537.78371717698,4782.800249742964,92.44416274693137,0.7143098897051655,1.047135865929285,36448534.01357846,130.66327880246754,119.72811588630705,1.0869533943150158,118606217.79160635,2.8221685950184354,2313.2468400094713,32306.680739351246,1.0695938841038664,1.0693107434321854,1.1420861900533996,1.072203364539777,24.582810309626133,39.85871726457185,1518375.8133389598,168.5852550118135,0.7930163063528493,1.6488970790147939,1.0505928596426817,1.0229317520736791,14.214667299299924,0.06759176403831527,0.08844329954012368,1.0274128651141394,677403.2616754163,1.057256581326201,34663.160900364404,3007.5748218007748,78105.41311035647,3625.9236799799182,2235.8715984154546,0.7553683188225266,0.4661016131108911,2714.3539976751285,757.1598366218353,0.38761458526084214,1.0870060449525587,1.0869834154908173,1.0869722852955743,0.9339905995736121,1.0869976380105557,4.9828358205501635,0.6292021536247397,2.7945778665576935,3.1895217893596794,3512669.6227009185,1.0869757442631651,1.0821069979330606,111.48115864856598,1608.600109409508,2.7966233446703654,18.370887631204408,2.7328018736030297,1.128904156587795,3.6052426386441754,1.1179742082959803,1.0809120293817562,1.0848248263816644,1.6952510419448337,1.830724173472897,2.7112741263301308,0.9301070203457531
Bacteroides uniformis,33114.55147814696,32998.725800049266,33114.63639173711,33095.14276867914,33115.651773796744,33084.89094565868,33115.65913899328,33115.72010745853,33031.27903390689,33109.65717028097,33111.788664718755,32914.43589571013,33115.71921491993,33113.52337236075,33115.4869509191,33115.54570141286,33115.64067441269,33115.72274757316,33115.72233321141,7721.0423114025825,33113.76346497126,1190745.3070891702,33115.647933121756,33115.72164790502,33115.65146851703,33115.698994768085,33088.44839932333,33115.72302982909,33115.7221767973,33113.56232152647,33115.7027766981,33032.80715192505,33102.61037549487,33115.529932130776,33115.6920600946,32673.35057938406,33115.70785270195,33112.38534249181,33115.69684501405,33106.20713531124,33114.294547873535,33113.91861363575,33115.60585997104,33114.945207523735,33104.0281621073,33114.74556674382,0.0,33088.876266898915,33110.63555762813,33115.703574886415,108065.97469455315,44806.27243847188,2.100255501059733e+22,6306282.793059168,33007.285051787585,2.8440285570555683e+19,1052408.404865727,8997306025.935862,6303644.89458157,33115.689051242945,33115.71313313202,33115.45408130997,33115.716641895095,33115.42530459491,148071390.40454158,6425.255002628188,28340.475406707323,33023.94894078679,33115.39674135467,33115.68739771584,36415782.48088054,32986.19818705102,32997.279254482375,33115.72307303459,118573545.0489315,33115.5087067888,30811.139709478637,873.2933476494768,33115.71004790613,33115.70980765281,33115.56413793783,33115.604532619815,33090.89738173809,33076.48684270167,1485391.6496425616,32948.73018403708,33115.471138416746,33113.17323767269,33115.69502150679,33115.67072593217,33101.00871094152,33114.809035354076,33114.8012605376,33115.62343266239,644374.2658103644,33115.63680072364,1550.726177788386,30116.62360795439,45006.10521583995,29496.452044263693,30885.834928878157,33115.43603965063,33115.16605949819,30408.625543171558,32362.972287034132,33115.09669341504,33115.72307916339,33115.72307694624,33115.72307074745,33115.59501384706,33115.72307856126,33110.097260592665,33114.42190473237,33115.523397021694,33113.245947531745,3479747.8122496554,33115.72307604566,33115.71978432783,33005.78184741837,31512.965319927574,33114.09799672496,33097.065609959114,33115.36389204697,33115.61325384115,33112.55104123742,33115.619972417604,33115.71897983587,33115.72170502886,33115.564098130206,33115.55956903811,33115.37954770284,33115.59495436853
Bacteroides caccae,26.41007141834746,91.51438538134452,26.511025995772272,6.373388247249909,27.60144917158477,4.112470022550857,27.609552514120445,27.678581018253414,58.57333034715224,21.307082323920987,23.522820189610936,176.7462384814902,27.67758608675629,25.304137929865064,27.508150307115024,27.574734503944274,27.589112707519593,27.681886649491464,27.68135553302333,25374.860422634472,25.582950267251448,1223711.1680951545,27.59716205743339,27.680521180664236,27.60122414108599,27.654327763244083,0.8632330644232407,27.682270125227802,27.681165855920923,25.37087732766988,27.655871789479235,57.07797313283292,14.041113104349877,27.467212976202934,27.64210921298889,419.5957618809328,27.664253589502824,24.13847816833526,27.648231298553917,17.745351082900015,26.147805978552157,25.72766908982328,27.550770703792587,26.919856152731715,15.50482375698795,26.622343288504084,33088.876266898915,0.0,22.331497269712287,27.65692758134483,141127.8736277349,77882.59423553373,2.100255501059733e+22,6339144.079527508,82.78374601375133,2.8440285570555716e+19,1085381.7588775046,8997338234.253717,6336505.807183449,27.639038837028977,27.67011743287849,27.379163051733386,27.674572853460166,27.351691929710103,148103983.57236516,39511.94310710524,4756.630808888282,65.8694968798804,27.323436698900597,27.636229542874645,36448509.29022306,104.10027925662038,93.14019544902912,27.682333471587114,118606193.21315196,27.535975841369908,2286.9338205433837,32280.750679572386,27.666921845304145,27.666647782254756,27.491976346746878,27.53648710615435,2.0471173185734206,13.491658112744872,1518350.5670067389,142.02953744465253,27.40207536358757,24.977623404192094,27.64952867130781,27.622781851592883,12.415174982650088,26.68926498649054,26.67688498552624,27.559034895969436,677377.8764854585,27.57375751923304,34637.306929512306,2981.3132046274245,78079.69136567818,3599.726520995459,2209.608480698076,27.364725027207392,27.077370306627596,2688.096963703043,730.741974561107,27.001537521279243,27.682345635755635,27.682340623967157,27.682330529683327,27.53823580325317,27.682343968339,21.71670623600152,26.2595453699948,27.5515761914433,25.12040105663918,3512644.538378008,27.682338942874264,27.678275608794582,84.87104346619067,1582.2815493449077,26.01849448022637,8.294303885037568,27.37254992412324,27.54660918318313,24.393965040326105,27.554584878534353,27.67728268244485,27.680587501465038,27.514012838761964,27.517912145538865,27.389385552948596,27.5347420651299
Bacteroides cellulosilyticus,4.085972880770507,113.81837807119706,4.19010437863988,15.967331134658938,5.292038450044447,26.44300506778653,5.300291931120814,5.371472695040973,80.8883327066218,1.0289807482199753,1.1917977625063645,199.0335067959355,5.370462767162529,3.031260823585765,5.697422884570868,5.756526291331564,5.279407733893288,5.375036540364647,5.37445842965215,25396.674228239008,3.255815130195496,1223732.4408568512,5.287642375119634,5.373571418513872,5.291856572799104,5.346322414292983,22.920619172332973,5.37547402885859,5.374255343323139,3.0429017387181996,5.347242046723518,79.39706079142827,8.296564276335658,5.155130919282733,5.333363482650432,441.84192597975016,5.356502004159823,1.8075966088228115,5.339493665756398,4.591157725833702,3.8244224058728378,3.412683538179141,5.240298961311141,5.195085153959032,6.831400502530731,4.300801306744147,33110.63555762813,22.331497269712287,0.0,5.348468988259846,141149.44734453506,77904.24667529651,2.100255501059733e+22,6339165.1352521395,105.08530677378133,2.8440285570555716e+19,1085403.049649674,8997338254.392838,6336526.862228554,5.330030764022663,5.3624932846278766,5.064503031793624,5.367312067346558,5.037287538042611,148104004.2032775,39533.6794085371,4778.628539342587,88.17199142557858,5.009579487480499,5.327916782712097,36448530.118782535,126.39541403191137,115.45286295763022,5.375544965987455,118606213.92287931,5.754652646344819,2309.043720495932,32302.5586028906,5.359341585383447,5.359060178038977,5.215867863310712,5.243143739527516,20.290016278387572,35.57069530125016,1518371.8227601543,164.32002992742517,5.088591947544769,2.651980515489562,5.34124449441954,5.313983101927831,9.91883605418632,4.368020906530945,4.354713295797959,5.256250503547679,677399.2451058334,5.273643212760873,34659.05393593647,3003.383151122595,78101.3321569414,3621.7459671454226,2231.679414714471,5.050963790846325,4.761512373170164,2710.1632642204904,752.9317869205172,4.684428222775578,5.3755652356857,5.375556690568093,5.375545296469251,5.227293562894593,5.37556223106645,0.8711806516914103,3.9550730006763026,5.756368595074665,3.770828650698814,3512665.662117281,5.375553797511658,5.3711933799836125,107.1978270029759,1604.3954924600857,4.440954505724112,14.071747343287926,5.5883225533677425,5.26135384525256,3.2802107231725808,5.266613855052919,5.370126964610274,5.373651194749346,5.356913718594527,5.397341123852071,5.593674180733472,5.222784627852993
Bacteroides timonensis,1.2765393672972323,119.11176256964355,1.1678816518495287,21.30110896596744,0.12438458344585696,31.7693394942101,0.11992795863974273,0.11893813273000861,86.19088437480413,6.377245982186347,4.161170287792962,204.31418230049115,0.12161576887039563,2.4845779247259006,2.5589135315518545,2.5448548332525207,0.12945571118586352,0.12485314356980759,0.12409265885009792,25401.76046813002,2.1034467994501562,1223737.356600262,0.12866405863025634,0.12354947297163817,0.12623367173981806,0.11346022487221932,28.256473411712232,0.13042222832755898,0.12126457849006823,2.316024956668661,0.007749747740383881,84.70264361009991,13.636273723412451,0.22387861424557906,0.06116135008774176,447.0983151304366,0.1115304281832959,3.5492742075624713,0.03429437225253598,9.934744032176415,1.533422867499355,1.997485526477532,0.15182174520299568,2.7560533560206855,12.171766282331317,1.0598912069096678,33115.703574886415,27.65692758134483,5.348468988259846,0.0,141154.4553940651,77909.27980196808,2.100255501059733e+22,6339169.987002279,110.37781773576012,2.8440285570555716e+19,1085407.9707876206,8997338258.98869,6336531.7137810225,0.04537760656524896,0.09932058518639308,0.294843852269577,0.12136321548344949,0.3292069598031793,148104008.93406644,39538.73982610587,4783.779689574205,93.4663940475243,0.35742329991100596,0.09783191000445896,36448534.90524278,131.68303676654256,120.7516939560759,0.1291537566972916,118606218.67575407,2.6448340448074936,2314.2380206246203,32307.64282258444,0.11646494289925802,0.11689957171878874,0.6995109266257722,0.5020690160876607,25.618839479543873,40.89166370527375,1518376.733421343,169.6035541183043,0.2806782339382024,2.700060392721264,0.10874136463356823,0.11833182594077371,15.254149829706941,0.9928722065104801,1.0067241347700684,0.34817128510500933,677404.1897302985,0.3829115958975244,34664.117893187315,3008.56163636759,78106.36154933371,3626.9053187914033,2236.858633723114,0.31488466596450426,0.59862618588367,2715.3404701194513,758.1610830564288,0.675891435390903,0.1312554653350139,0.13052293875780904,0.1309879799441496,0.16609922015345113,0.13101548117270106,6.024634009960977,1.5057355267235881,2.60764086789144,3.7986735941323335,3512670.533733224,0.1301837069151603,0.12126555096796346,112.5089162169049,1609.5919081248294,3.1858442804269425,19.412712945387483,2.6190367975304003,0.5875954472605791,4.334852653899984,0.5519169891821498,0.11711422634591723,0.12950213619338888,1.4007891799907366,1.55689108019453,2.5884872833310038,0.1325688863804353
Bacteroides stercoris,141153.32135936865,141038.32092185572,141153.40387249243,141134.09591199236,141154.40438450233,141123.92518015264,141154.41161794588,141154.47129977355,141070.6785894456,141148.4801765146,141150.58943100364,140954.51825252798,141154.47042575828,141152.30937656542,141154.24599289134,141154.30338834273,141154.39349400977,141154.4738546757,141154.47345477447,115786.72465885925,141152.54264218797,1082781.2271283155,141154.4006176702,141154.47278966857,141154.40407312647,141154.45067039435,141127.46925037933,141154.4741256092,141154.47330293042,141152.34401335227,141154.4546248792,141072.20596219006,141141.49871119723,141154.2847150244,141154.4443061247,140714.59155059012,141154.45934965697,141151.1804955309,141154.44891451197,141145.06273760056,141153.06658459714,141152.69830613607,141154.35929775547,141153.71394409402,141142.9030428505,141153.51216090075,108065.97469455315,141127.8736277349,141149.44734453506,141154.4553940651,0.0,63263.41398749928,2.100255501059733e+22,6198499.795188531,141046.81569662387,2.8440285570555585e+19,944433.2840480029,8997199827.395174,6195862.6663409155,141154.4413280367,141154.46452700745,141154.21067663733,141154.46791708932,141154.1819827893,147964206.0800464,101641.78574765951,136391.02969997714,141063.36985709486,141154.15356111474,141154.4398175812,36308284.365746036,141025.85022796702,141036.91297763615,141154.47416672335,118466228.57439156,141154.26775894267,138858.13677469504,108890.34554959644,141154.46148150106,141154.46124678123,141154.32051199282,141154.35973875932,141129.88211989557,141115.63996293713,1377436.5082498072,140988.60645115376,141154.2270104175,141151.95754605083,141154.44681098234,141154.42295023278,141139.90806521577,141153.57484505154,141153.56763033796,141154.37788392056,536357.5435958377,141154.39105655486,106515.32214413656,138164.82840816,63061.31795621657,137544.93644606587,138931.7571672439,141154.19238366385,141153.92606650488,138455.87672904064,140405.258789842,141153.8578705801,141154.47417244987,141154.4741703973,141154.4741645616,141154.34870787675,141154.47417190025,141148.92279233807,141153.1953257541,141154.28190693105,141152.038434739,3371898.802109944,141154.47416955465,141154.47097875702,141045.41929976465,139557.63199087974,141152.87897280787,141136.01179769056,141154.12559409605,141154.3684250078,141151.35163330112,141154.37489474105,141154.47019874322,141154.47284562653,141154.32107602424,141154.3166278269,141154.14074452373,141154.34899211273
Bacteroides sp900552405,77908.13828914409,77792.78426478368,77908.22178024636,77888.83546864497,77909.22846275115,77878.63019727878,77909.23575055426,77909.295960116,77825.22665360336,77903.27480961614,77905.39341229707,77708.7697932417,77909.29507847126,77907.11964105419,77909.0674710546,77909.12542085706,77909.21748629221,77909.2985495152,77909.29814377293,52527.306400254834,77907.35568215555,1146000.1627675476,77909.22466556057,77909.2974704624,77909.22815371562,77909.27513294648,77882.18029102581,77909.29882499967,77909.29799007114,77907.15600303162,77909.27902108523,77826.75459432813,77896.2657399641,77909.10789765131,77909.26854199472,77468.33195610231,77909.2838856582,77905.9868477983,77909.27322154194,77899.84360978915,77907.88259554651,77907.51117764437,77909.18303512892,77908.53142646902,77897.67575160971,77908.33044682391,44806.27243847188,77882.59423553373,77904.24667529651,77909.27980196808,63263.41398749928,0.0,2.100255501059733e+22,6261626.60512577,77801.30662709754,2.844028557055564e+19,1007657.5820934835,8997262076.223297,6258989.064879849,77909.26555060204,77909.28910549062,77909.03311986185,77909.29254354147,77909.00438444116,148027007.41077882,38381.24669967808,73140.31592540332,77817.90805836405,77908.97589968663,77909.26398339351,36371258.29632513,77780.2884166112,77791.36039133971,77909.29886694894,118529102.9909912,77909.08924035862,75609.22496442165,45628.35492604054,77909.28604322781,77909.28580624016,77909.14307722708,77909.18277825689,77884.60817677986,77870.29548750623,1440651.3599591926,77742.94744049617,77909.04974459045,77906.76840839832,77909.271227257,77909.24718712298,77894.67036484358,77908.39345861106,77908.38601930253,77909.20122734812,599601.6449637521,77909.21448176607,43255.84775343545,74915.32008594439,260.61978646746604,74295.2374517778,75683.30913726847,77909.01492135691,77908.7470794872,75206.8088557129,77158.52328860927,77908.67840040343,77909.29887283381,77909.29887071688,77909.29886473727,77909.17234049794,77909.29887226384,77903.71650477652,77908.0108181467,77909.10360721353,77906.8460436525,3435059.8350767773,77909.29886985135,77909.29563813754,77799.86658852597,76309.79092797286,77907.69137254068,77890.75450075718,77908.9459826245,77909.1914814897,77906.15584834944,77909.19805157869,77909.29484820152,77909.29752689936,77909.14340137558,77909.13891877948,77908.96133765522,77909.17248889573
Bacteroides intestinalis_A,2.100255501059733e+22,2.100255501059733e+22,2.100255501059733e+22,2.100255501059733e+22,2.100255501059733e+22,2.100255501059733e+22,2.100255501059733e+22,2.100255501059733e+22,2.100255501059733e+22,2.100255501059733e+22,2.100255501059733e+22,2.100255501059733e+22,2.100255501059733e+22,2.100255501059733e+22,2.100255501059733e+22,2.100255501059733e+22,2.100255501059733e+22,2.100255501059733e+22,2.100255501059733e+22,2.100255501059733e+22,2.100255501059733e+22,2.100255501059733e+22,2.100255501059733e+22,2.100255501059733e+22,2.100255501059733e+22,2.100255501059733e+22,2.100255501059733e+22,2.100255501059733e+22,2.100255501059733e+22,2.100255501059733e+22,2.100255501059733e+22,2.100255501059733e+22,2.100255501059733e+22,2.100255501059733e+22,2.100255501059733e+22,2.100255501059733e+22,2.100255501059733e+22,2.100255501059733e+22,2.100255501059733e+22,2.100255501059733e+22,2.100255501059733e+22,2.100255501059733e+22,2.100255501059733e+22,2.100255501059733e+22,2.100255501059733e+22,2.100255501059733e+22,2.100255501059733e+22,2.100255501059733e+22,2.100255501059733e+22,2.100255501059733e+22,2.100255501059733e+22,2.100255501059733e+22,0.0,2.1002555010597324e+22,2.100255501059733e+22,2.0974128923794634e+22,2.100255501059733e+22,2.100255501058855e+22,2.1002555010597324e+22,2.100255501059733e+22,2.100255501059733e+22,2.100255501059733e+22,2.100255501059733e+22,2.100255501059733e+22,2.1002555010597186e+22,2.100255501059733e+22,2.100255501059733e+22,2.100255501059733e+22,2.100255501059733e+22,2.100255501059733e+22,2.1002555010597295e+22,2.100255501059733e+22,2.100255501059733e+22,2.100255501059733e+22,2.1002555010597215e+22,2.100255501059733e+22,2.100255501059733e+22,2.100255501059733e+22,2.100255501059733e+22,2.100255501059733e+22,2.100255501059733e+22,2.100255501059733e+22,2.100255501059733e+22,2.100255501059733e+22,2.100255501059733e+22,2.100255501059733e+22,2.100255501059733e+22,2.100255501059733e+22,2.100255501059733e+22,2.100255501059733e+22,2.100255501059733e+22,2.100255501059733e+22,2.100255501059733e+22,2.100255501059733e+22,2.100255501059733e+22,2.100255501059733e+22,2.100255501059733e+22,2.100255501059733e+22,2.100255501059733e+22,2.100255501059733e+22,2.100255501059733e+22,2.100255501059733e+22,2.100255501059733e+22,2.100255501059733e+22,2.100255501059733e+22,2.100255501059733e+22,2.100255501059733e+22,2.100255501059733e+22,2.100255501059733e+22,2.100255501059733e+22,2.100255501059733e+22,2.100255501059733e+22,2.100255501059733e+22,2.100255501059733e+22,2.100255501059733e+22,2.1002555010597324e+22,2.100255501059733e+22,2.100255501059733e+22,2.100255501059733e+22,2.100255501059733e+22,2.100255501059733e+22,2.100255501059733e+22,2.100255501059733e+22,2.100255501059733e+22,2.100255501059733e+22,2.100255501059733e+22,2.100255501059733e+22,2.100255501059733e+22,2.100255501059733e+22,2.100255501059733e+22,2.100255501059733e+22,2.100255501059733e+22
Bacteroides xylanisolvens,6339168.897735994,6339056.305405321,6339168.974781842,6339150.172466572,6339169.938006169,6339140.232241716,6339169.94491901,6339170.00156223,6339088.064581888,6339164.197498709,6339166.2473164685,6338974.013183713,6339170.000732766,6339167.925432843,6339169.793508163,6339169.847747932,6339169.9276177315,6339170.0039291205,6339170.003560749,6313978.705979433,6339168.143317296,5116215.3060866,6339169.934415942,6339170.002940959,6339169.937685177,6339169.982060719,6339143.728092786,6339170.004175975,6339170.003419198,6339167.95120023,6339169.986295861,6339089.581884532,6339157.395045968,6339169.823607647,6339169.976834299,6338737.900950926,6339169.990313375,6339166.823018826,6339169.9810619075,6339160.869011941,6339168.6491099335,6339168.298899562,6339169.894922304,6339169.284933322,6339158.762687342,6339169.080531305,6306282.793059168,6339144.079527508,6339165.1352521395,6339169.987002279,6198499.795188531,6261626.60512577,2.1002555010597324e+22,0.0,6339064.613990461,2.8440285570549666e+19,5254560.345196276,8991041532.817575,2708.5904528341503,6339169.973948156,6339169.995241684,6339169.753735566,6339169.998372061,6339169.725459967,141775528.1011699,6299883.210009292,6334456.84169621,6339080.840714297,6339169.697525609,6339169.972720138,30113105.695074607,6339044.024661624,6339054.990027372,6339170.004212787,112274372.58525959,6339169.815071646,6336903.938378795,6307125.044380314,6339169.992303222,6339169.9920814885,6339169.862121796,6339169.898735807,6339146.049845562,6339132.248232295,4821662.827631846,6339007.467739991,6339169.768527757,6339167.572580604,6339169.978457779,6339169.955654731,6339155.836882088,6339169.1411834685,6339169.1351385815,6339169.91526679,5662611.200644732,6339169.927930936,6304735.112455365,6336216.794037675,6261414.091248052,6335600.362779287,6336974.557929528,6339169.735103693,6339169.478115017,6336504.129267437,6338432.481039153,6339169.4127798425,6339170.004217741,6339170.004215996,6339170.004210879,6339169.88492711,6339170.004217286,6339164.642518872,6339168.779638428,6339169.828046953,6339167.669500806,2826877.5711113364,6339170.004215267,6339170.001248868,6339063.459948429,6337594.4977139495,6339168.480754112,6339152.062793262,6339169.679345672,6339169.907261478,6339167.003955043,6339169.913194148,6339170.000523247,6339170.002994135,6339169.863841324,6339169.859604039,6339169.693383195,6339169.885872881
Bacteroides eggerthii,109.14730428157861,8.734521446692819,109.24487994643401,89.15657215561124,110.32291618327737,78.68569382188134,110.33088090070392,110.39820235896606,24.227811696698858,104.06613266058142,106.27381213950605,93.96812921065407,110.39722557197274,108.04969636131086,110.14891692106205,110.21438176690431,110.31082793914511,110.40133897774254,110.40083814543085,25293.117797865754,108.32492243980272,1223631.0215291649,110.31872064096898,110.4000400431381,110.32266594372739,110.37463610569249,82.24421792320119,110.40169381437613,110.40065651332645,108.11424295271674,110.37683860943709,25.739198751172083,96.81506426126289,110.19106346769856,110.36373896664432,336.86320804271435,110.38434698859028,106.88821561317886,110.36957604801509,100.51249632687292,108.88479954786536,108.4718746676754,110.27316560508058,109.56398851214468,98.27546414207131,109.35633262196367,33007.285051787585,82.78374601375133,105.08530677378133,110.37781773576012,141046.81569662387,77801.30662709754,2.100255501059733e+22,6339064.613990461,0.0,2.8440285570555716e+19,1085301.5565708317,8997338157.797022,6336426.343803653,110.36068311648961,110.39009974707326,110.10565521183035,110.39431314019141,110.07764029730617,148103905.4793952,39430.416347118124,4674.4110602913925,16.914321551105676,110.04910945287575,110.35806235324745,36448430.55305555,21.32073187157011,10.415615101908715,110.40175141960432,118606114.86224192,110.17132880460154,2204.450818141023,32199.023385288834,110.38689898219778,110.38663166348735,110.21403840351194,110.25992205462826,84.830676415071,69.91752928458806,1518270.4731771052,59.25073465882723,110.12716591693778,107.71989895635572,110.37003411509015,110.3437530856706,95.18801123406796,109.42279707804377,109.41151511069583,110.2828671755198,677297.434790967,110.29706011472322,34555.75027939909,2898.920544920543,77998.43763283888,3517.455810055523,2127.2189446678767,110.0901604014422,109.80542970057299,2605.7148855610217,648.1061442547948,109.73078481328753,110.40176115295978,110.40175731196648,110.40174837627961,110.26100200390651,110.40175995756395,104.48009537896925,108.99907490535824,110.18847740153245,107.76955349867623,3512564.857691958,110.40175593028351,110.39788612481911,3.6990033554196913,1499.796294382368,108.66670135759537,91.07700215076682,110.01344202401987,110.26881914034449,107.044923094715,110.27686732640458,110.39694072763005,110.40010333609192,110.21633313056901,110.21364474505847,110.03140009976633,110.25843742636596
Bacteroides fragilis,2.8440285570555716e+19,2.8440285570555716e+19,2.8440285570555716e+19,2.8440285570555716e+19,2.8440285570555716e+19,2.8440285570555716e+19,2.8440285570555716e+19,2.8440285570555716e+19,2.8440285570555716e+19,2.8440285570555716e+19,2.8440285570555716e+19,2.8440285570555716e+19,2.8440285570555716e+19,2.8440285570555716e+19,2.8440285570555716e+19,2.8440285570555716e+19,2.8440285570555716e+19,2.8440285570555716e+19,2.8440285570555716e+19,2.844028557055569e+19,2.8440285570555716e+19,2.8440285570554556e+19,2.8440285570555716e+19,2.8440285570555716e+19,2.8440285570555716e+19,2.8440285570555716e+19,2.8440285570555716e+19,2.8440285570555716e+19,2.8440285570555716e+19,2.8440285570555716e+19,2.8440285570555716e+19,2.8440285570555716e+19,2.8440285570555716e+19,2.8440285570555716e+19,2.8440285570555716e+19,2.8440285570555716e+19,2.8440285570555716e+19,2.8440285570555716e+19,2.8440285570555716e+19,2.8440285570555716e+19,2.8440285570555716e+19,2.8440285570555716e+19,2.8440285570555716e+19,2.8440285570555716e+19,2.8440285570555716e+19,2.8440285570555716e+19,2.8440285570555683e+19,2.8440285570555716e+19,2.8440285570555716e+19,2.8440285570555716e+19,2.8440285570555585e+19,2.844028557055564e+19,2.0974128923794634e+22,2.8440285570549666e+19,2.8440285570555716e+19,0.0,2.844028557055469e+19,2.8440285561721467e+19,2.8440285570549666e+19,2.8440285570555716e+19,2.8440285570555716e+19,2.8440285570555716e+19,2.8440285570555716e+19,2.8440285570555716e+19,2.8440285570412155e+19,2.844028557055568e+19,2.8440285570555707e+19,2.8440285570555716e+19,2.8440285570555716e+19,2.8440285570555716e+19,2.8440285570520617e+19,2.8440285570555716e+19,2.8440285570555716e+19,2.8440285570555716e+19,2.8440285570441036e+19,2.8440285570555716e+19,2.8440285570555716e+19,2.8440285570555683e+19,2.8440285570555716e+19,2.8440285570555716e+19,2.8440285570555716e+19,2.8440285570555716e+19,2.8440285570555716e+19,2.8440285570555716e+19,2.8440285570554278e+19,2.8440285570555716e+19,2.8440285570555716e+19,2.8440285570555716e+19,2.8440285570555716e+19,2.8440285570555716e+19,2.8440285570555716e+19,2.8440285570555716e+19,2.8440285570555716e+19,2.8440285570555716e+19,2.8440285570555077e+19,2.8440285570555716e+19,2.8440285570555683e+19,2.8440285570555707e+19,2.8440285570555638e+19,2.8440285570555707e+19,2.8440285570555716e+19,2.8440285570555716e+19,2.8440285570555716e+19,2.8440285570555707e+19,2.8440285570555716e+19,2.8440285570555716e+19,2.8440285570555716e+19,2.8440285570555716e+19,2.8440285570555716e+19,2.8440285570555716e+19,2.8440285570555716e+19,2.8440285570555716e+19,2.8440285570555716e+19,2.8440285570555716e+19,2.8440285570555716e+19,2.844028557055237e+19,2.8440285570555716e+19,2.8440285570555716e+19,2.8440285570555716e+19,2.8440285570555716e+19,2.8440285570555716e+19,2.8440285570555716e+19,2.8440285570555716e+19,2.8440285570555716e+19,2.8440285570555716e+19,2.8440285570555716e+19,2.8440285570555716e+19,2.8440285570555716e+19,2.8440285570555716e+19,2.8440285570555716e+19,2.8440285570555716e+19,2.8440285570555716e+19
Bacteroides fluxus,1085406.8619890257,1085293.1627359784,1085406.9413460484,1085387.9113351917,1085407.9209061612,1085377.865949123,1085407.9279579325,1085407.9859037767,1085325.2006427378,1085402.0988131757,1085404.1752355616,1085210.164921732,1085407.985055106,1085405.8724127477,1085407.7706689818,1085407.8262543776,1085407.910301086,1085407.988349208,1085407.9879677268,1060120.6846145939,1085406.096773801,138366.7567206556,1085407.917239859,1085407.987328887,1085407.920588531,1085407.9659209405,1085381.385208629,1085407.9886059777,1085407.9878218425,1085405.9017726239,1085407.9700551778,1085326.7236448016,1085395.2155929022,1085407.804225372,1085407.9602388549,1084972.2437996354,1085407.9743571812,1085404.757866852,1085407.9646241213,1085398.7302435003,1085406.610555715,1085406.2525997655,1085407.8769556878,1085407.251938319,1085396.5997615736,1085407.0482563656,1052408.404865727,1085381.7588775046,1085403.049649674,1085407.9707876206,944433.2840480029,1007657.5820934835,2.100255501059733e+22,5254560.345196276,1085301.5565708317,2.844028557055469e+19,0.0,8996265098.21189,5251926.56727087,1085407.9573104016,1085407.979393082,1085407.732584599,1085407.9826316056,1085407.704094877,147023190.1380015,1045993.4640655267,1080669.5333563546,1085317.9347063003,1085407.6759268325,1085407.9559697916,35365570.622220725,1085280.7914838279,1085291.8076008495,1085407.9886445387,117524457.81050727,1085407.7923551816,1083127.196603023,1053242.9010999121,1085407.9764067146,1085407.9761794305,1085407.8417374822,1085407.8794484823,1085383.746929604,1085369.7496615457,433024.3854161809,1085243.914720495,1085407.7480118228,1085405.5195159623,1085407.962210007,1085407.9389486501,1085393.6424467207,1085407.1098087062,1085407.103286537,1085407.8966451162,408140.34804424306,1085407.9095344325,1050858.364746493,1082436.8526665654,1007449.8397692238,1081818.4377991452,1083199.1540950413,1085407.7140578995,1085407.4529606204,1082726.0114558637,1084664.9112891187,1085407.38638335,1085407.988649798,1085407.9886479322,1085407.9886425277,1085407.8667072242,1085407.9886493061,1085402.5433842628,1085406.7405547232,1085407.8058160949,1085405.6101085355,2427758.306637966,1085407.9886471576,1085407.985586733,1085300.3007181108,1083822.1346306684,1085406.4342549164,1085389.8141238226,1085407.653840337,1085407.8880550852,1085404.9351084628,1085407.8942100843,1085407.9848383237,1085407.9873832602,1085407.8430071701,1085407.8386777535,1085407.6683421875,1085407.8673928087
Bacteroides finegoldii,8997338257.968172,8997338149.827673,8997338258.03778,8997338240.106592,8997338258.942854,8997338230.581837,8997338258.949287,8997338259.001564,8997338180.43174,8997338253.503574,8997338255.453154,8997338070.477688,8997338259.0008,8997338257.056429,8997338258.815672,8997338258.865465,8997338258.933205,8997338259.003685,8997338259.003357,8997313600.408644,8997338257.253637,8996127828.694662,8997338258.939522,8997338259.002798,8997338258.94253,8997338258.983654,8997338233.97164,8997338259.003902,8997338259.00323,8997338257.072083,8997338258.988064,8997338181.91594,8997338247.011637,8997338258.836323,8997338258.979681,8997337842.153057,8997338258.991285,8997338256.002247,8997338258.983429,8997338250.3287,8997338257.730614,8997338257.406427,8997338258.902752,8997338258.342043,8997338248.316004,8997338258.138931,8997306025.935862,8997338234.253717,8997338254.392838,8997338258.98869,8997199827.395174,8997262076.223297,2.100255501058855e+22,8991041532.817575,8997338157.797022,2.8440285561721467e+19,8996265098.21189,0.0,8991044083.07588,8997338258.97696,8997338258.995848,8997338258.772236,8997338258.998642,8997338258.74499,8849497287.934984,8997299733.299822,8997333668.025312,8997338173.406574,8997338258.718077,8997338258.976038,8961020832.1127,8997338137.941496,8997338148.64491,8997338259.003933,8879019369.700037,8997338258.836514,8997336059.610964,8997306886.895702,8997338258.993086,8997338258.992884,8997338258.876762,8997338258.9099,8997338236.1509,8997338223.071228,8995835820.880407,8997338102.709126,8997338258.785124,8997338256.708351,8997338258.980396,8997338258.959175,8997338245.514238,8997338258.196283,8997338258.191616,8997338258.924427,8996669781.427975,8997338258.93628,8997304499.559782,8997335388.78221,8997261848.72765,8997334784.19953,8997336125.404398,8997338258.753614,8997338258.511454,8997335667.775263,8997337545.495588,8997338258.450436,8997338259.003939,8997338259.003937,8997338259.003931,8997338258.89359,8997338259.003939,8997338253.944405,8997338257.860712,8997338258.848011,8997338256.821314,8993853212.128979,8997338259.003937,8997338259.001266,8997338156.95927,8997336730.159607,8997338257.58606,8997338241.939999,8997338258.71039,8997338258.918053,8997338256.190777,8997338258.92331,8997338259.00061,8997338259.002846,8997338258.87959,8997338258.87567,8997338258.722982,8997338258.8952
Bacteroides intestinalis,6336530.62456972,6336418.035466414,6336530.701609205,6336511.8999488605,6336531.664787417,6336501.9600291075,6336531.6716998685,6336531.728339467,6336449.793823436,6336525.92451244,6336527.974253986,6336335.745323461,6336531.727510056,6336529.652315126,6336531.520304951,6336531.574540993,6336531.654399585,6336531.730706143,6336531.730337808,6311340.746927922,6336529.870181794,5113581.828447835,6336531.6611974025,6336531.7297180705,6336531.664466416,6336531.708839291,6336505.455809573,6336531.73095297,6336531.730196268,6336529.678072929,6336531.713074677,6336451.311107438,6336519.122292314,6336531.550395285,6336531.703614077,6336099.63847061,6336531.717091434,6336528.549936391,6336531.707841257,6336522.596141016,6336530.375951803,6336530.025762972,6336531.621705977,6336531.011758533,6336520.489886141,6336530.807355295,6303644.89458157,6336505.807183449,6336526.862228554,6336531.7137810225,6195862.6663409155,6258989.064879849,2.1002555010597324e+22,2708.5904528341503,6336426.343803653,2.8440285570549666e+19,5251926.56727087,8991044083.07588,0.0,6336531.700728056,6336531.722019441,6336531.48052809,6336531.725149525,6336531.452253153,141778125.44637713,6297245.3673641905,6331818.646605593,6336442.57008433,6336531.424319494,6336531.699500335,30115718.966411952,6336405.75499269,6336416.720199045,6336531.730989778,112276977.42434335,6336531.541868025,6334265.709680386,6304487.167403718,6336531.719081118,6336531.718859399,6336531.5889119115,6336531.625522916,6336507.777449444,6336493.976393682,4819030.375604459,6336369.199011421,6336531.495318565,6336529.299463961,6336531.705236645,6336531.682434882,6336517.564172214,6336530.8680048995,6336530.861961293,6336531.642052097,5659976.432526858,6336531.654715604,6302097.22345677,6333578.575405738,6258776.536456905,6332962.150730549,6334336.325413522,6336531.461896001,6336531.204918965,6333865.905082467,6335794.224355097,6336531.139587277,6336531.730994731,6336531.730992986,6336531.730987871,6336531.611711484,6336531.730994276,6336526.369532696,6336530.5064813085,6336531.554842016,6336529.396400685,2824247.000672313,6336531.730992257,6336531.728026115,6336425.190040163,6334956.255710793,6336530.20761747,6336513.79023787,6336531.406149861,6336531.634048339,6336528.730881887,6336531.639980406,6336531.727300557,6336531.729771242,6336531.590632603,6336531.586395576,6336531.420186117,6336531.612657934
Bacteroides faecis,1.2568312112950868,119.09461090118396,1.1514497785174247,21.282969048524354,0.15410795416573247,31.75141876285396,0.15145639201181996,0.1628132646846507,86.1735451052254,6.358683481726824,4.142659160868893,204.297267726265,0.1653216742325735,2.455961663868045,2.5223029490717734,2.5088873207241154,0.15603035495336945,0.16896492920875034,0.16815781748460118,25401.74579468753,2.0851882511120117,1223737.34315726,0.15743319602091116,0.16753233742772378,0.15610920744770926,0.15439348233542655,28.23822047140155,0.17438859721872982,0.1654180455029572,2.2976772187436065,0.048713459609485234,84.68522432462841,13.617978865827313,0.22832077524287117,0.019887662736815293,447.08179644950764,0.15387169661031572,3.5306228344436095,0.01471237449214318,9.916325636813943,1.5161267204508067,1.972074635938443,0.1692191785161965,2.7159449153486372,12.153415922497233,1.0433238523855832,33115.689051242945,27.639038837028977,5.330030764022663,0.04537760656524896,141154.4413280367,77909.26555060204,2.100255501059733e+22,6339169.973948156,110.36068311648961,2.8440285570555716e+19,1085407.9573104016,8997338258.97696,6336531.700728056,0.0,0.14278576279271565,0.2735366481211744,0.1647278701527356,0.3222460460750924,148104008.92167684,39538.72536332241,4783.764428205619,93.44921990861332,0.35116247886577423,0.05488938222651138,36448534.892557375,131.66599578476018,120.73443416465655,0.17319461283179857,118606218.66324897,2.6075233905158757,2314.222305530014,32307.62816607658,0.15908842428529826,0.15948709570744837,0.6564579815837918,0.45807747262759446,25.60085502371761,40.870844322130125,1518376.7200103642,169.58657539254992,0.27717671127815585,2.682035638296064,0.14882184708226506,0.1532934599714662,15.235990320125525,0.976347581164489,0.9873495442607292,0.30354213916990597,677404.1761011882,0.3389009296059701,34664.10340214731,3008.5460947147485,78106.34732606537,3626.889975272733,2236.8430834092246,0.30887581254637264,0.5863302673792274,2715.3249419951726,758.1449379205172,0.6623991728697836,0.1752240473720577,0.17450848353980405,0.17494882016633492,0.1813224971284287,0.1749865839248334,6.002322020896936,1.4753938272957552,2.5708569404975616,3.75967401236141,3512670.5205615615,0.17418536267518417,0.16507743247758008,112.49121440588631,1609.5761684367997,3.1452835871496885,19.394264421445765,2.5809938025084773,0.5442800737236059,4.297911022090029,0.5087831183563445,0.16094249614839828,0.1732362337665423,1.3631073159506373,1.520334272987758,2.550850816036729,0.12163179398790784
Bacteroides nordii,1.2955109627802883,119.12406493865728,1.1800724118278412,21.314619708670705,0.07508013930746713,31.782567385104528,0.06680043310396801,0.021270348801821805,86.20340531814966,6.39139926376118,4.175348125818173,204.32621369389508,0.023625441126499773,2.5237239093704797,2.6486315737661905,2.6341598110708415,0.0876606282452062,0.027431707543389836,0.02654338482582511,25401.77016866493,2.1176630642414915,1223737.3651757275,0.08042005060945863,0.02600268795866338,0.07556179728124121,0.023975968412473753,28.270133164415604,0.03299693657133117,0.02394612996082268,2.330287748119343,0.0954303491727843,84.7152678636289,13.649976757290963,0.21371588317540288,0.15953783530073912,447.1099051427432,0.016108954108614414,3.563761886970359,0.13263297435024451,9.948644942538815,1.5464371926583433,2.02882387193557,0.12670910994056556,2.8461142027369224,12.185599595385876,1.0725974976724595,33115.71313313202,27.67011743287849,5.3624932846278766,0.09932058518639308,141154.46452700745,77909.28910549062,2.100255501059733e+22,6339169.995241684,110.39009974707326,2.8440285570555716e+19,1085407.979393082,8997338258.995848,6336531.722019441,0.14278576279271565,0.0,0.3319059839970676,0.02332893772619655,0.33385081812670075,148104008.94175133,39538.74932698809,4783.789963797882,93.4787238249726,0.3592824754489639,0.1968643877914842,36448534.913171545,131.69521060344525,120.76412044873429,0.03161401282193474,118606218.68353364,2.7362674815448207,2314.248755033025,32307.65250696098,0.019121000291219267,0.019512756795795547,0.7963317108711823,0.6002183663552497,25.63214648160555,40.91162625486941,1518376.7419687966,169.61566630347397,0.28147460429655996,2.713757455844915,0.025737867398950214,0.053508069872251866,15.267694808830685,1.0058139192142765,1.026064265673424,0.4460334202735562,677404.1984697713,0.48165863762262134,34664.12742069158,3008.5721933209406,78106.37082685907,3626.9156755338918,2236.8691997124715,0.3186179140335003,0.606601156453086,2715.3510132021956,758.1722715611827,0.6851379157647601,0.03367612291416517,0.033041604488124224,0.033518517383598456,0.14200384702885682,0.03351018212237807,6.047378746187966,1.550195832181496,2.6982433207748544,3.8724237321373405,3512670.5420732736,0.03262460753652283,0.023271670851379603,112.52207545191341,1609.6026678085266,3.2685396386188836,19.42664133662359,2.709970918492812,0.686311626880997,4.401027305915029,0.6505116414953761,0.01914962452363244,0.032307886382525165,1.4914481558278776,1.645593771299945,2.678821097762836,0.17169791027285977
Bacteroides salyersiae,0.985586142181673,118.83950324350037,0.8817498851895026,21.02162915160026,0.26990231374806006,31.49149912298711,0.2768658504548613,0.3474094724035616,85.917249809795,6.093245014264064,3.875857998268996,204.04371247920076,0.3475167829861795,2.1972209039137183,2.5306516673757837,2.5253091213966865,0.257731184540206,0.3531596098237511,0.3522813424935075,25401.509465977328,1.8156045757116452,1223737.118788571,0.2668547045592771,0.3512182139572095,0.2707692423350986,0.3217773679848435,27.976677274684487,0.35566493684633504,0.35110178892509436,2.0284155950900082,0.29345656158142264,84.42853452811183,13.355251601490417,0.1584696615608835,0.27816962979661686,446.8308947951199,0.33054602308412423,3.262854461200743,0.28339867464901614,9.652554545075313,1.2464285601397194,1.706557563266913,0.22177519243908655,2.661078725074919,11.890471334451584,0.772599745184443,33115.45408130997,27.379163051733386,5.064503031793624,0.294843852269577,141154.21067663733,77909.03311986185,2.100255501059733e+22,6339169.753735566,110.10565521183035,2.8440285570555716e+19,1085407.732584599,8997338258.772236,6336531.48052809,0.2735366481211744,0.3319059839970676,0.0,0.3444569678741934,0.10971894586662631,148104008.70897907,39538.49095326791,4783.523024173919,93.19392112572963,0.13129251578821613,0.2789106067850674,36448534.67645045,131.41157320502208,120.47868519482381,0.3553067755247166,118606218.44920807,2.617881829950339,2313.977267904909,32307.391989893677,0.33522992110016564,0.3351404962638617,0.6578436472553741,0.4828158023987095,25.340424433474244,40.61068624460423,1518376.4959771142,169.33265526635827,0.11539947278853262,2.414712714020557,0.314699118142905,0.29146717600817945,14.974124961572283,0.7054975362345561,0.7155772968865055,0.35429807987204853,677403.9498070979,0.39708387533015077,34663.868731682785,3008.302418910848,78106.11516244942,3626.647896680366,2236.599337311696,0.10908098427991375,0.32307469823952806,2715.0813717805217,757.8966944389265,0.39573492379050534,0.35610824968679544,0.3558183189946132,0.3559671178420835,0.21295719585852418,0.3560098577972965,5.736647769739679,1.2204504871990376,2.583588425613482,3.5850136061882334,3512670.2990738577,0.35569284958341485,0.3481147727177063,112.23394782280947,1609.3309346984154,3.016803645221718,19.131519881289446,2.573404360453523,0.5724444988789581,4.098909198037737,0.5429642003018267,0.34557903378919214,0.35341503011241787,1.3743369851105203,1.5323657827358483,2.5454596918636616,0.16557861870830493
Bacteroides sp902362375,1.302022325439644,119.12828221059314,1.1852650112751926,21.31915944996774,0.07912848120764705,31.787025576427286,0.0709532121103026,0.006247767798180264,86.20767775379159,6.396207145387973,4.180256603644509,204.330362112094,0.003863333296046525,2.534133140215598,2.6711165626793822,2.656552200887175,0.09219900424885102,0.009847044761890543,0.009002553142765492,25401.773716448093,2.1228236806610323,1223737.3684054823,0.08365276057082521,0.00763663413614222,0.07903673570161748,0.023174950416552736,28.274691485301016,0.011877332083920734,0.009797515451134475,2.3354248117417704,0.11705891556840958,84.71956238938319,13.654588033396015,0.21869552943306986,0.18106313504013502,447.1139436439992,0.014408034595455234,3.5687869904221516,0.15424781804310836,9.953330574629783,1.5515601701108739,2.0376293262849745,0.13213097038011745,2.8686834058960993,12.19025209609962,1.0779855443063986,33115.716641895095,27.674572853460166,5.367312067346558,0.12136321548344949,141154.46791708932,77909.29254354147,2.100255501059733e+22,6339169.998372061,110.39431314019141,2.8440285570555716e+19,1085407.9826316056,8997338258.998642,6336531.725149525,0.1647278701527356,0.02332893772619655,0.3444569678741934,0.0,0.3401785092973113,148104008.9447131,39538.75281992091,4783.793665733719,93.48295053947054,0.3645970500549512,0.2187746833990206,36448534.91620818,131.69939659145678,120.76836627418827,0.0114845212835933,118606218.68652458,2.7588523867267427,2314.2525769463346,32307.656050317506,0.00948581981448658,0.009755894837713986,0.8185104925774092,0.6222197830036129,25.63663107496388,40.91770097998358,1518376.7451903478,169.61983399713404,0.28764631808139846,2.7187217937487795,0.030414044476477137,0.05605240040951474,15.27226547883119,1.0113639440253208,1.0329075459360495,0.4678527806688833,677404.2017472717,0.5034541357588,34664.13092097879,3008.57596933758,78106.37425763225,3626.919399225293,2236.8729781976976,0.3249029568392738,0.6119070872480848,2715.3547856833475,758.1762090547617,0.6904308076967759,0.012546811260648693,0.012073573464976105,0.01228564003563171,0.146217812290648,0.012371124198324692,6.054030828876911,1.5618546304202576,2.7207540915295545,3.891467091189306,3512670.5452336334,0.011904796866029783,0.005159388134889305,112.52648590376519,1609.6064964949928,3.2896092399860755,19.43127674702603,2.732634715960735,0.7083649523819688,4.418388273529578,0.6726054502441882,0.0068532498084927255,0.010018245772981603,1.513555445669297,1.667667007764404,2.7014334842221412,0.18727173792571833
Bacteroides oleiciplenus,0.9636981935487923,118.81150543413952,0.8496580732097293,20.994390179976527,0.2613564948518399,31.464078758950077,0.26967074728989865,0.344426679805288,85.88938129720881,6.066260690332612,3.848654697471859,204.01556719397925,0.34357141436649,2.2020650480594677,2.624371677512099,2.6193644595354084,0.2482972630213248,0.3488620457993948,0.34812703339342105,25401.480676643398,1.787809835760941,1223737.0903140828,0.25700615471868254,0.347121413393693,0.2614100526587825,0.3176144146930524,27.94961905841082,0.3498019375146508,0.34776672731840086,2.0007869749951537,0.32653550521892377,84.40074950071299,13.328083903966084,0.12209236089946109,0.3322214122081573,446.8025277875123,0.3280082687492648,3.2358974265403773,0.3288076671036738,9.625489716603107,1.2164221355614502,1.701469723948033,0.2082598726311704,2.7484424026753844,11.863413331975002,0.7409029598862871,33115.42530459491,27.351691929710103,5.037287538042611,0.3292069598031793,141154.1819827893,77909.00438444116,2.100255501059733e+22,6339169.725459967,110.07764029730617,2.8440285570555716e+19,1085407.704094877,8997338258.74499,6336531.452253153,0.3222460460750924,0.33385081812670075,0.10971894586662631,0.3401785092973113,0.0,148104008.68115243,39538.46218375085,4783.494253640287,93.16593043255625,0.03236783231179773,0.3438989878171887,36448534.64840706,131.38349754016252,120.4507685641684,0.3497985309764919,118606218.4212936,2.713927014930643,2313.94858709453,32307.36320169118,0.3314198961111636,0.33114301583006256,0.7640758124767572,0.5911701254563385,25.31303833645678,40.59048156203334,1518376.467517206,169.30456516990742,0.052582102616135815,2.386545326563532,0.3117148939336668,0.2843242639263398,14.94684540331838,0.6738175088994793,0.6940788996177704,0.4597985540073197,677403.9212542305,0.503111107843627,34663.839958705066,3008.273696606669,78106.08643263874,3626.619138049148,2236.570616675352,0.01635295805512725,0.27616756896778993,2715.0526461293125,757.8681633545209,0.35390547107758424,0.3499868208506852,0.3499260737546806,0.3499432537727206,0.1950271835376739,0.34997034989155457,5.719584704897707,1.235874630860721,2.6788540154196907,3.638299638555718,3512670.2707331446,0.3498875321106933,0.3443597326113413,112.20669715262815,1609.302259264539,3.0867671005625605,19.104653285716875,2.666927530932328,0.6809473765170467,4.13978492996716,0.6509564801013055,0.3429484698698433,0.34763135207359325,1.470639137418995,1.6261263599269322,2.638469881749084,0.20138505972209805
Bacteroides fragilis_A,148104007.87784967,148103897.32695046,148104007.95119935,148103989.55532813,148104008.88658357,148103979.8067911,148104008.89326423,148104008.9477703,148103928.5617811,148104003.2884041,148104005.29119918,148103816.36761,148104008.94697258,148104006.93468902,148104008.75089258,148104008.8029454,148104008.87655473,148104008.95001408,148104008.94966608,148079039.33753034,148104007.14227468,146885141.42332813,148104008.8831193,148104008.94907647,148104008.88625923,148104008.92905208,148103983.2558733,148104008.95024577,148104008.9495314,148104006.95516345,148104008.93340027,148103930.0654906,148103996.63058242,148104008.77599573,148104008.924486,148103583.74649802,148104008.93700168,148104005.85450187,148104008.92847022,148104000.0315466,148104007.6343376,148104007.29684722,148104008.84494495,148104008.25925484,148103997.96870854,148104008.0548279,148071390.40454158,148103983.57236516,148104004.2032775,148104008.93406644,147964206.0800464,148027007.41077882,2.1002555010597186e+22,141775528.1011699,148103905.4793952,2.8440285570412155e+19,147023190.1380015,8849497287.934984,141778125.44637713,148104008.92167684,148104008.94175133,148104008.70897907,148104008.9447131,148104008.68115243,0.0,148065032.85259148,148099348.63467753,148103921.4243903,148104008.65367487,148104008.92061067,111671340.773359,148103885.22233924,148103896.07668418,148104008.95027995,29527944.086508144,148104008.77215648,148101772.30167097,148072243.48058906,148104008.9388969,148104008.93868423,148104008.81570238,148104008.85058042,148103985.5094297,148103972.04899246,146591337.04471347,148103849.26681426,148104008.72280067,148104006.58333287,148104008.9256208,148104008.90358365,148103995.100205,148104008.11391672,148104008.10858575,148104008.8660916,147430274.94763604,148104008.8783672,148069850.6171377,148101092.1025646,148026787.1117571,148100480.49636957,148101840.6153631,148104008.69028836,148104008.44036442,148101375.76561168,148103282.17720196,148104008.37711367,148104008.95028448,148104008.9502829,148104008.95027822,148104008.8353605,148104008.95028406,148104003.73241886,148104007.7650506,148104008.78438234,148104006.68903476,144599315.77808288,148104008.95028225,148104008.94746405,148103904.48504165,148102454.05342144,148104007.4781287,148103991.42061377,148104008.6410856,148104008.8589408,148104006.0400164,148104008.8645304,148104008.94677433,148104008.94912767,148104008.81803265,148104008.8139496,148104008.65439665,148104008.83666793
Bacteroides clarus,39537.59005389494,39421.86497575308,39537.67465101045,39518.20422119247,39538.688125946115,39507.96237850437,39538.69547409701,39538.756274616644,39454.39480004601,39532.70244018991,39534.83113883938,39337.63307357604,39538.75538448055,39536.56402791586,39538.52416018868,39538.582733123796,39538.67705369276,39538.75890339144,39538.75849096035,14146.159792167666,39536.803217622946,1184331.3152680208,39538.68429487661,39538.75780832936,39538.68781979449,39538.73522522571,39511.51833744376,39538.759184125105,39538.7583351506,39536.60239344442,39538.73903179883,39455.92294426296,39525.66378995757,39538.56656559852,39538.728368487944,39096.68232292114,39538.74405991633,39535.42711644001,39538.733129768334,39529.256474686765,39537.33338849866,39536.95845393267,39538.64231930152,39537.98367300438,39527.07989664485,39537.78371717698,6425.255002628188,39511.94310710524,39533.6794085371,39538.73982610587,101641.78574765951,38381.24669967808,2.100255501059733e+22,6299883.210009292,39430.416347118124,2.844028557055568e+19,1045993.4640655267,8997299733.299822,6297245.3673641905,39538.72536332241,39538.74932698809,39538.49095326791,39538.75281992091,39538.46218375085,148065032.85259148,0.0,34764.743829993226,39447.06697712513,39538.43363660825,39538.72372939344,36409403.42190175,39409.34394394437,39420.42342374757,39538.759227046634,118567178.54208784,39538.545920920464,37235.09208455168,7250.393683612623,39538.74624672465,39538.74600719445,39538.60099590504,39538.641235871466,39513.96270269928,39499.57344800314,1478978.4999718228,39371.9027597434,39538.50791321863,39536.21362548123,39538.73126702525,39538.70702771586,39524.063464439176,39537.8470861816,39537.8393869245,39538.66003466396,637955.6397931906,39538.67337799364,4875.282511538434,36540.689419463626,38581.34950098596,35920.520955869535,37309.656760547194,39538.4728746988,39538.203362096705,36832.588191291696,38786.418882683975,39538.13414723516,39538.75923311983,39538.75923092564,39538.759224776695,39538.63150679293,39538.75923252512,39533.1429147697,39537.46094947038,39538.56053868827,39536.287450605705,3473343.151924104,39538.75923003302,39538.75595171646,39428.92716288029,37936.66419894659,39537.13803017921,39520.12629326213,39538.40144921951,39538.649953785934,39535.5935692418,39538.65663906473,39538.75515047587,39538.757865301755,39538.60103854453,39538.596519395316,39538.41703767997,39538.631494633555
Phocaeicola dorei,4782.601292398272,4665.773047879199,4782.689969874674,4762.950973713896,4783.726772341617,4752.597327002109,4783.734332518799,4783.797259159222,4698.548834270928,4777.634707845321,4779.796222661208,4580.939872684319,4783.796339055798,4781.549544510215,4783.551758403563,4783.612594134998,4783.715359883996,4783.8000369548845,4783.7995989958,20623.66291928169,4781.8004356432575,1219000.7333646924,4783.72282044902,4783.798881538296,4783.72647909928,4783.775403303503,4756.166352406449,4783.800338113033,4783.799435337431,4781.595786628763,4783.778843690278,4700.073929469762,4770.502151941475,4783.6017043735965,4783.76747152528,4338.6719164762235,4783.784530195172,4780.4002871660705,4783.7725470068335,4774.141673230139,4782.341669119881,4781.954074502721,4783.679627586532,4782.995605275112,4771.937681914312,4782.800249742964,28340.475406707323,4756.630808888282,4778.628539342587,4783.779689574205,136391.02969997714,73140.31592540332,2.100255501059733e+22,6334456.84169621,4674.4110602913925,2.8440285570555707e+19,1080669.5333563546,8997333668.025312,6331818.646605593,4783.764428205619,4783.789963797882,4783.523024173919,4783.793665733719,4783.494253640287,148099348.63467753,34764.743829993226,0.0,4691.204025138734,4783.4655596880775,4783.762522965984,36443849.051033355,4653.188358017617,4664.270279933644,4783.800384912559,118601548.00269707,4783.573384447113,2471.9786619555707,27529.598886777945,4783.786826459899,4783.78657777,4783.632889212015,4783.675136075667,4758.666596230017,4744.026016035184,1513641.8277027027,4615.466055402846,4783.541282849085,4781.203627392985,4783.771249486329,4783.746309989096,4768.887229588473,4782.864812708305,4782.856097037963,4783.695280250794,672658.1697097117,4783.708917711381,29889.60811423583,1776.912458564416,73338.25339782402,1157.145413362158,2547.8552759806303,4783.505514277635,4783.230337268205,2069.6316342241084,4027.4219377980958,4783.159244807562,4783.800391782438,4783.800389252869,4783.8003824086445,4783.668385458352,4783.800391076305,4778.069046065092,4782.466084394529,4783.588955285102,4781.262459166043,3507949.7317022835,4783.800388247292,4783.796934532662,4672.745608926165,3175.65759789294,4782.130837272737,4764.879556355557,4783.424633411255,4783.6838672179565,4780.556397859144,4783.69099317079,4783.796090699734,4783.798940430599,4783.631852976344,4783.6272416263555,4783.441098636339,4783.6677127956855
Phocaeicola vulgatus,92.23496164567705,25.646438447279237,92.33270831631812,72.2422899255697,93.41145778223579,61.77186950720172,93.4194303897865,93.48684614310342,7.346392911304735,87.15257037554518,89.36066970364388,110.88003476970951,93.4858683947104,91.13695607827887,93.2423782478771,93.30790716066923,93.39935563995698,93.4899917975369,93.48948936335668,25309.81292128887,91.41229925075902,1223647.3882038991,93.40725725840147,93.48868933141878,93.41120885222539,93.46324222871532,65.33111929133537,93.49034831652726,93.48930720226635,91.20154112999947,93.46541100954754,8.8742580102413,79.90087576100636,93.27947081336515,93.45227739312651,353.76359366397037,93.4729651010413,89.97515801034534,93.45812896937575,83.59854971534286,91.97244941968576,91.55917446415546,93.3616548213635,92.657221737582,81.36137340057353,92.44416274693137,33023.94894078679,65.8694968798804,88.17199142557858,93.4663940475243,141063.36985709486,77817.90805836405,2.100255501059733e+22,6339080.840714297,16.914321551105676,2.8440285570555716e+19,1085317.9347063003,8997338173.406574,6336442.57008433,93.44921990861332,93.4787238249726,93.19392112572963,93.48295053947054,93.16593043255625,148103921.4243903,39447.06697712513,4691.204025138734,0.0,93.13741126433315,93.44659082125084,36448446.63022797,38.23218851101897,27.290458080953186,93.49040615636231,118606130.86015245,93.26513137612464,2221.2984914474227,32215.715450937867,93.47552338030651,93.47525569785726,93.30260370681154,93.34839234125819,67.91644600439783,53.03699402821214,1518286.8290122366,76.16265298873232,93.21550405989166,90.80722341891037,93.45862959235888,93.43232215476348,78.27381997531076,92.51065455780414,92.49931831561821,93.37130193969317,677313.8621597616,93.38552743770865,34572.40703500079,2915.749343415461,78015.03207019268,3534.25903738593,2144.0464096086744,93.17847768255078,92.89358989747312,2622.5412141770043,664.9847836609077,92.81887945984467,93.49041609259773,93.49041216675047,93.49040319215702,93.3494714208561,93.49041486642842,87.5664532820575,92.08664425811706,93.2821793892088,90.86228579105143,3512581.128614553,93.49041075416065,93.48653046775657,19.20251126932669,1516.6435949760921,91.75959710615703,74.16285332961259,93.10690062196939,93.35736577199899,90.13743943548249,93.36540563584816,93.4855824366828,93.48875301871652,93.30609235662742,93.30379666814568,93.12478577975568,93.34685883798467
Phocaeicola plebeius,0.93831181398106,118.78297864426101,0.8226016595933353,20.96625607732886,0.28628855740397596,31.435830172140218,0.2946556571951466,0.36898018664136584,85.86090915308522,6.038554614993921,3.821123176585452,203.9869812465334,0.36799808936663536,2.18050396577691,2.638425205965948,2.634050618292959,0.273293332197537,0.3731794640141474,0.372482353213239,25401.452077306993,1.7607820762450381,1223737.06216332,0.2817611583441072,0.3714749691323154,0.28622468768833864,0.34239944731686733,27.92151620907681,0.373843209072797,0.372246246613184,1.9737032506783008,0.35464776174978296,84.37230206944658,13.300066202877009,0.1466684749569265,0.36097744112462327,446.7738682620343,0.35286009486088277,3.2085622112986942,0.3574239753173332,9.597582196621246,1.189326931003891,1.6782271795863644,0.23341947731488952,2.7564133082026827,11.835433355851732,0.7143098897051655,33115.39674135467,27.323436698900597,5.009579487480499,0.35742329991100596,141154.15356111474,77908.97589968663,2.100255501059733e+22,6339169.697525609,110.04910945287575,2.8440285570555716e+19,1085407.6759268325,8997338258.718077,6336531.424319494,0.35116247886577423,0.3592824754489639,0.13129251578821613,0.3645970500549512,0.03236783231179773,148104008.65367487,39538.43363660825,4783.4655596880775,93.13741126433315,0.0,0.37272127497172197,36448534.62071242,131.35494222061712,120.42227068105237,0.37391506923412804,118606218.39372863,2.728164114520776,2313.919869611218,32307.334606195367,0.35606309678226455,0.35578444081549127,0.7821894837259552,0.612175242395505,25.284825744328955,40.563443744146845,1518376.439382868,169.27599642433557,0.07967896067897873,2.359045913083299,0.33682717344426416,0.3090814844186417,14.918750483270879,0.6474659414103843,0.6693068817364592,0.4836711184802961,677403.8930128838,0.5265894149500028,34663.81140399313,3008.244983270328,78106.0579569436,3626.590436853749,2236.541903075058,0.04343515928523408,0.2487119881095764,2715.023933310216,757.8394631813919,0.3268021810231721,0.3740056384732582,0.37396580132173207,0.3739590438324405,0.21977881479951414,0.37399048482265473,5.693477254548594,1.217119978905628,2.6932672087254916,3.630751058239951,3512670.242729471,0.37395275824253216,0.368813300917969,112.17833555256266,1609.273541612635,3.085873411370497,19.076667422511417,2.679618623670967,0.7011948346559012,4.128142484004384,0.6718349098976978,0.36757313314912093,0.3716843134720381,1.486625681702605,1.6418704536707518,2.6513345698730575,0.23081695753702433
Phocaeicola massiliensis,1.25602361163015,119.09197669047194,1.15493158464589,21.280096309947115,0.20696861948154324,31.748559277306118,0.20491797402944062,0.21659353134969886,86.17084348446265,6.356298943339639,4.1408503088168604,204.2947188939454,0.21919954456549653,2.44095537199934,2.4730460245466204,2.459737986509719,0.20769094093123738,0.22259277643891648,0.22182110806905783,25401.74409210173,2.084995394921422,1223737.3418260417,0.20990329042973582,0.22123584901178758,0.2089849593930887,0.20913671070541556,28.23519660884948,0.22806101768841294,0.21903424677107866,2.2971600214057584,0.10178312460641142,84.68247824154695,13.615213928161685,0.26377388579779726,0.03853202077588342,447.0794054425884,0.20833501148349368,3.528945621381366,0.06468930509889345,9.913661639625614,1.517780899793628,1.9622613872836023,0.2159978348075872,2.6675059359601527,12.15064314244507,1.047135865929285,33115.68739771584,27.636229542874645,5.327916782712097,0.09783191000445896,141154.4398175812,77909.26398339351,2.100255501059733e+22,6339169.972720138,110.35806235324745,2.8440285570555716e+19,1085407.9559697916,8997338258.976038,6336531.699500335,0.05488938222651138,0.1968643877914842,0.2789106067850674,0.2187746833990206,0.3438989878171887,148104008.92061067,39538.72372939344,4783.762522965984,93.44659082125084,0.37272127497172197,0.0,36448534.89142136,131.66340895604338,120.7317480279429,0.22685004048538676,118606218.66215597,2.5571866106400085,2314.220231880384,32307.626469035262,0.21348053926886407,0.21389732801710606,0.6041783154853108,0.4048883117390739,25.59801609883465,40.864228394387894,1518376.7186878906,169.5839985595076,0.30366077569856986,2.681362669146165,0.20365449701325108,0.20756740225244638,15.233235635488484,0.9804591235584215,0.9877260403061147,0.250943908071491,677404.1747182608,0.28509424729821714,34664.101759137484,3008.5440864703583,78106.34576756704,3626.8880403275252,2236.8410725847643,0.3317578766461095,0.5975531751362272,2715.322939191575,758.1426966264615,0.6716854588802166,0.2289087372943493,0.2281784628894456,0.22862701337980199,0.22645851367798103,0.22866346970490944,5.995241950385392,1.4587313549529706,2.520981485422225,3.722540789249486,3512670.51930303,0.22785722971194503,0.2189058209396136,112.4881691134877,1609.5740867192355,3.102314782945113,19.39123397849975,2.531271869799911,0.4903382074722606,4.265423403082347,0.4549226645599106,0.21477419394432312,0.22699570489558563,1.313858135845373,1.4721759279770965,2.5014554202068306,0.14998484417121358
Phocaeicola coprocola,36448533.83395572,36448422.327687316,36448533.908960246,36448515.32468223,36448534.85706804,36448505.48673914,36448534.86385415,36448534.91932519,36448453.80928555,36448529.19336846,36448531.21789619,36448340.74035787,36448534.918513104,36448532.87751635,36448534.71748732,36448534.77052457,36448534.84687622,36448534.92162373,36448534.92126669,36423455.66669911,36448533.08970527,35227335.48813944,36448534.853546716,36448534.92066362,36448534.8567449,36448534.900254235,36448508.958191164,36448534.9218621,36448534.92112894,36448532.90029339,36448534.9045588,36448455.31976878,36448522.468439996,36448534.74474989,36448534.89540235,36448106.46477671,36448534.90834093,36448531.786950886,36448534.89949429,36448525.90329632,36448533.58805953,36448533.244823165,36448534.814773425,36448534.218161516,36448523.82024964,36448534.01357846,36415782.48088054,36448509.29022306,36448530.118782535,36448534.90524278,36308284.365746036,36371258.29632513,2.1002555010597295e+22,30113105.695074607,36448430.55305555,2.8440285570520617e+19,35365570.622220725,8961020832.1127,30115718.966411952,36448534.892557375,36448534.913171545,36448534.67645045,36448534.91620818,36448534.64840706,111671340.773359,36409403.42190175,36443849.051033355,36448446.63022797,36448534.62071242,36448534.89142136,0.0,36448410.139410175,36448421.048057,36448534.92189745,82164051.13242158,36448534.73890039,36446284.20700679,36416631.03869681,36448534.9102784,36448534.91006164,36448534.783982605,36448534.81963539,36448511.242923535,36448497.62544835,34933077.321807496,36448373.90089637,36448534.69070013,36448532.52527517,36448534.89674624,36448534.87436124,36448520.92503798,36448534.07338594,36448534.06774267,36448534.83559676,35773250.27528316,36448534.84805046,36414238.514041886,36445600.618824735,36371041.43620451,36444986.597868994,36446353.57657554,36448534.65776987,36448534.40460831,36445886.04048626,36447803.05023165,36448534.340409525,36448534.92190215,36448534.9219005,36448534.92189562,36448534.80500421,36448534.921901725,36448529.63809558,36448533.71878901,36448534.75145792,36448532.627246164,32939133.893856004,36448534.92189981,36448534.91901557,36448429.4877502,36446970.176512145,36448533.426494196,36448517.20196237,36448534.60571628,36448534.82807498,36448531.97061519,36448534.8338164,36448534.91830987,36448534.920715705,36448534.78605521,36448534.78190214,36448534.61935032,36448534.806157686
Phocaeicola coprophilus,130.4546795621357,12.607389193647299,130.5518336733756,110.47266885356326,131.62820923550674,100.00369827936578,131.63615634474712,131.70327165655277,45.5480079192524,125.37705950768915,127.5833784446525,72.6479467254112,131.70229723884896,129.35873071740917,131.45073572877834,131.51600426628232,131.6161516385167,131.70638928668333,131.70589182815775,25271.997100339526,129.6330227476272,1223610.269654734,131.62402486711727,131.70509786203627,131.6279563311609,131.67978730976316,103.56320780409649,131.70674102661098,131.70571114192742,129.4225526328064,131.68206529906578,47.05748822438564,118.12889327900734,131.49665622503306,131.6690522393206,315.54577422977064,131.68947167890826,128.19752496098997,131.67485150737025,121.82496104639992,130.19219646437062,129.78034331580014,131.57857466866545,130.86684731006127,119.58866802467189,130.66327880246754,32986.19818705102,104.10027925662038,126.39541403191137,131.68303676654256,141025.85022796702,77780.2884166112,2.100255501059733e+22,6339044.024661624,21.32073187157011,2.8440285570555716e+19,1085280.7914838279,8997338137.941496,6336405.75499269,131.66599578476018,131.69521060344525,131.41157320502208,131.69939659145678,131.38349754016252,148103885.22233924,39409.34394394437,4653.188358017617,38.23218851101897,131.35494222061712,131.66340895604338,36448410.139410175,0.0,11.089735456488755,131.7067980248502,118606094.54236676,131.47289913041593,2183.175096550333,32177.90592170246,131.69201041593575,131.69174394266437,131.5198693076826,131.56569388593977,106.1472939219504,91.22362971204169,1518249.7338127731,37.93068810326433,131.4329140438799,129.02814838626068,131.67520810069252,131.6489858168201,116.50186222901307,130.72967578041292,130.71852706693605,131.58856079899778,677276.6131443633,131.60271755491235,34534.6712000026,2877.662572645158,77977.42720112189,3496.2229855607948,2105.962609948796,131.39595629945194,131.11159116137213,2584.459424504857,626.8041965136707,131.0370989518577,131.7068075281848,131.70680379121856,131.70679497481416,131.56645534095506,131.70680637271423,125.79200253488573,130.30697056329808,131.49005992410517,129.0744735808725,3512544.2168079703,131.70680244002756,131.70295447876572,19.610012403455865,1478.5213413779072,129.97071387233783,112.39387768686936,131.31553327230029,131.57453838996537,128.3504613301706,131.58255876340473,131.7020144535919,131.70516082838319,131.52121996523033,131.51818384098857,131.3334888795242,131.56399808116842
Prevotella sp900313215,119.51851700908132,1.853229534647261,119.6166628023572,99.51352385215502,120.69672151110613,89.03797570832634,120.70470696706133,120.77227238104584,34.566902587229436,114.43243967959395,116.64211455570292,83.64982487447617,120.77129272842713,118.41798960987704,120.51802174931527,120.58378566267352,120.684596893888,120.77543152396656,120.77492667867774,25283.08103937036,118.69520985404736,1223621.28221763,120.69251249755037,120.77412364351576,120.69647449775599,120.74860931552966,92.59193429636382,120.77578972587126,120.77474406295141,118.48425278255229,120.75070661839736,36.06533584777347,107.17659483936697,120.56451168355969,120.73748170683065,326.57181450593237,120.75835141239217,117.25685860795458,120.74337433555198,110.87638930464632,119.25601702316126,118.84141892078058,120.64683335637149,119.93125087841376,108.63813155477797,119.72811588630705,32997.279254482375,93.14019544902912,115.45286295763022,120.7516939560759,141036.91297763615,77791.36039133971,2.100255501059733e+22,6339054.990027372,10.415615101908715,2.8440285570555716e+19,1085291.8076008495,8997338148.64491,6336416.720199045,120.73443416465655,120.76412044873429,120.47868519482381,120.76836627418827,120.4507685641684,148103896.07668418,39420.42342374757,4664.270279933644,27.290458080953186,120.42227068105237,120.7317480279429,36448421.048057,11.089735456488755,0.0,120.7758481852056,118606105.41886508,120.54011297944784,2194.242533302864,32188.989634614616,120.76091914702367,120.7606508340518,120.58641808493725,120.63270369153975,95.18665840798093,80.22600005576807,1518260.7429667662,48.94087706624741,120.5004266177676,118.09002685330434,120.74398021668115,120.71763003291349,105.5496429459447,119.79466429691233,119.78319615938446,120.65594348466804,677287.6438982305,120.67013185243383,34545.75143847094,2888.7368072216764,77988.49792392914,3507.3033166124064,2117.0374715100825,120.46336434890074,120.17819624560703,2595.534473223675,637.8544985341495,120.10336195660385,120.77585804767456,120.77585411955471,120.77584499712908,120.63461588292564,120.77585681058015,114.844136813877,119.36922921397445,120.55750325305637,118.13340190240622,3512555.197776948,120.77585273555691,120.77195727027761,8.540891477069334,1489.589346938794,119.03219106076399,101.43153864135387,120.38190447918117,120.64151724114863,117.40795105635142,120.64965800617374,120.77100560048531,120.77418689323603,120.58781653353242,120.58493288236004,120.40006444199292,120.63190865105804
Prevotella sp900551275,1.3112908225158426,119.13572515558592,1.1940726969996802,21.327027865173736,0.08920990314222178,31.79478791876385,0.08120527919213297,0.01058860060094956,86.21519478392757,6.4044261570165375,4.188612379541779,204.33771174163408,0.008828370027572734,2.5441308789981436,2.676639087205826,2.6618060219901096,0.10225643863421693,0.00461244839458983,0.005310177482006327,25401.78020651211,2.1315109457735546,1223737.3744045529,0.09363996473039571,0.005737210414915253,0.08899203592855141,0.033941331437991946,28.282574065303454,0.0021756029699390544,0.008389597079318054,2.3440629607304015,0.12513652337954284,84.72710722495268,13.662564392790156,0.2282604302900541,0.1892955074038465,447.12114229236425,0.02561166927938265,3.5772510398132806,0.1623934966928172,9.961398325452784,1.5602814827203595,2.0473698690882327,0.14204476534397617,2.8759938890816295,12.19825559050973,1.0869533943150158,33115.72307303459,27.682333471587114,5.375544965987455,0.1291537566972916,141154.47416672335,77909.29886694894,2.100255501059733e+22,6339170.004212787,110.40175141960432,2.8440285570555716e+19,1085407.9886445387,8997338259.003933,6336531.730989778,0.17319461283179857,0.03161401282193474,0.3553067755247166,0.0114845212835933,0.3497985309764919,148104008.95027995,39538.759227046634,4783.800384912559,93.49040615636231,0.37391506923412804,0.22685004048538676,36448534.92189745,131.7067980248502,120.7758481852056,0.0,118606218.69213933,2.764500294832691,2314.259470376103,32307.662533716146,0.02054546380465199,0.020617140797252572,0.8266002116898508,0.6305880092631503,25.644431137184483,40.92593070950553,1518376.7511764346,169.62720790242165,0.29730333277363746,2.727153894952435,0.04127476853384384,0.06617718959166455,15.280177092152178,1.020389344083501,1.0423251724169826,0.47652617417198295,677404.2078215992,0.5117913004000978,34664.1373392583,3008.5827963674733,78106.38056987949,3626.926150137126,2236.87980875086,0.33449778461141744,0.6209092318023833,2715.361607631859,758.1832662827637,0.6994531630564622,0.0024934321894023756,0.0019243544690238875,0.0025904483100671863,0.15603390599896796,0.002376622854007151,6.0629258012918505,1.5722414088323768,2.7262457911944717,3.9008918988371266,3512670.551122374,0.0013010330138168676,0.008587145731234987,112.53409367703544,1609.613399690653,3.2983748312187373,19.439256119618342,2.738723356627527,0.7163616880889309,4.427953231692086,0.6805359403940164,0.012608214117729062,0.005290786787976496,1.5197160937792236,1.6734848976795773,2.7073957605355954,0.1983819900019105
Prevotella copri_A,118606217.61358514,118606106.68066537,118606217.68758267,118606199.21671177,118606218.62799764,118606189.43248086,118606218.63471985,118606218.68960527,118606138.01442878,118606213.00382222,118606215.01525629,118606025.46942236,118606218.6888019,118606216.66518155,118606218.4907938,118606218.54323299,118606218.6179046,118606218.69187039,118606218.69151887,118581204.11565205,118606216.87456796,117386322.4613082,118606218.62451088,118606218.690924,118606218.62767372,118606218.67074856,118606192.89059813,118606218.69210468,118606218.691383,118606216.68654464,118606218.67508098,118606139.5209238,118606206.31927529,118606218.51672779,118606218.66607241,118605792.18286489,118606218.6787521,118606215.58084944,118606218.67009857,118606209.73374085,118606217.36912157,118606217.02937189,118606218.5861005,118606217.99612616,118606207.66284876,118606217.79160635,118573545.0489315,118606193.21315196,118606213.92287931,118606218.67575407,118466228.57439156,118529102.9909912,2.1002555010597215e+22,112274372.58525959,118606114.86224192,2.8440285570441036e+19,117524457.81050727,8879019369.700037,112276977.42434335,118606218.66324897,118606218.68353364,118606218.44920807,118606218.68652458,118606218.4212936,29527944.086508144,118567178.54208784,118601548.00269707,118606130.86015245,118606218.39372863,118606218.66215597,82164051.13242158,118606094.54236676,118606105.41886508,118606218.69213933,0.0,118606218.5121189,118603976.36260763,118574396.4232651,118606218.68066384,118606218.68044955,118606218.55626018,118606218.59144107,118606195.15648253,118606181.6337418,117092309.16037901,118606058.47339405,118606218.46319605,118606216.31343758,118606218.66728726,118606218.64511299,118606204.78368592,118606217.85098012,118606217.84552829,118606218.6071273,117931815.10866897,118606218.61947338,118572003.49675654,118603294.78217506,118528884.02799028,118602682.1808394,118604045.09411496,118606218.43051824,118606218.17931253,118603579.15597671,118605489.86759627,118606218.1156878,118606218.69214392,118606218.69214232,118606218.69213755,118606218.57644355,118606218.6921435,118606213.44816653,118606217.49985994,118606218.52447389,118606216.41771734,115099335.92934988,118606218.69214164,118606218.68929765,118606113.84022546,118604659.81893694,118606217.21083115,118606201.08684501,118606218.3802152,118606218.59983344,118606215.76567782,118606218.60548216,118606218.6886017,118606218.69097556,118606218.55849253,118606218.55438189,118606218.39365229,118606218.57769221
Prevotella stercorea,2.8275011218870825,118.90250277886202,2.8596177493719073,21.214980615426157,2.7439952867519475,31.630496965554,2.743967079188164,2.75551995571019,85.9899406449843,6.679043129829615,4.737575684009364,204.09640695089166,2.7584452355356164,3.0157624408690267,0.14809268290691485,0.17229025754169489,2.741686697290288,2.760146853974823,2.7595804618974316,25401.56320862654,3.265509060001472,1223737.1786972329,2.7466362223444047,2.7595428837825384,2.745699572411152,2.7507487717114616,28.125089748569877,2.7662377586012807,2.7563714789503253,3.387934193745445,2.6507194758152743,84.50089469073926,13.645252363386327,2.733853373329514,2.5944136079681046,446.87786481757024,2.749705668675351,4.243725697890163,2.617558669279062,10.040575947900338,2.9927800902749517,2.9334862843919574,2.7354231185740123,0.64022489145755,12.209991498657587,2.8221685950184354,33115.5087067888,27.535975841369908,5.754652646344819,2.6448340448074936,141154.26775894267,77909.08924035862,2.100255501059733e+22,6339169.815071646,110.17132880460154,2.8440285570555716e+19,1085407.7923551816,8997338258.836514,6336531.541868025,2.6075233905158757,2.7362674815448207,2.617881829950339,2.7588523867267427,2.713927014930643,148104008.77215648,39538.545920920464,4783.573384447113,93.26513137612464,2.728164114520776,2.5571866106400085,36448534.73890039,131.47289913041593,120.54011297944784,2.764500294832691,118606218.5121189,0.0,2314.0249035775946,32307.44580726934,2.7542486587757216,2.754357064640272,1.9927488669010975,2.190174131970479,25.506788316787304,40.53928030321559,1518376.5560129788,169.38816544353912,2.718471096216737,3.6386952749550634,2.745106272108533,2.7481424974759565,15.236188568194844,2.7991984916053,2.747540628873283,2.3384037412996372,677404.008939896,2.306489835935179,34663.92354523543,3008.3510769669006,78106.1714356533,3626.697879280248,2236.648343607451,2.715130699251998,2.7410282993083173,2715.130272737016,757.943791363452,2.7503903222810178,2.766765602527559,2.7662197043825847,2.7668335405783004,2.7415572122343295,2.766666572483465,6.162186476102495,2.556523393082827,0.06851843106780779,2.4731016975923863,3512670.360006037,2.765744072414969,2.7576505510331346,112.2843303487306,1609.379065273425,1.5587041686369116,19.336680078658077,0.18184543274770956,2.1065907951518246,3.2010198552201334,2.1346759000588715,2.7536953203876107,2.766427372790553,1.2760369521140231,1.1259824240048228,0.1861140451227822,2.648712465724509
Prevotella sp015074785,2313.0451461302414,2195.777112351156,2313.1360700990786,2293.277144979044,2314.1845168834816,2282.877014830698,2314.1921862662434,2314.256245345337,2228.6419089063784,2308.0419342196483,2310.218516051055,2110.728949580125,2314.2553097787177,2311.980254202942,2314.0034242582997,2314.0654800134357,2314.1729263390025,2314.25910800408,2314.258655354756,23095.035314152556,2312.237657790965,1221457.661807196,2314.1805013430594,2314.2579183962907,2314.1842323547976,2314.233955018949,2286.4476562753057,2314.2594212092827,2314.258487329721,2312.0311778404616,2314.23714477773,2230.1628677826598,2300.867872322804,2314.057632572507,2314.225360211338,1868.039065353701,2314.2432354224993,2310.826156959465,2314.230618264937,2304.527961604306,2312.784326216756,2312.38997016072,2314.13667748396,2313.439151910612,2302.312054277172,2313.2468400094713,30811.139709478637,2286.9338205433837,2309.043720495932,2314.2380206246203,138858.13677469504,75609.22496442165,2.100255501059733e+22,6336903.938378795,2204.450818141023,2.8440285570555716e+19,1083127.196603023,8997336059.610964,6334265.709680386,2314.222305530014,2314.248755033025,2313.977267904909,2314.2525769463346,2313.94858709453,148101772.30167097,37235.09208455168,2471.9786619555707,2221.2984914474227,2313.919869611218,2314.220231880384,36446284.20700679,2183.175096550333,2194.242533302864,2314.259470376103,118603976.36260763,2314.0249035775946,0.0,30001.008168131775,2314.2455931782015,2314.2453396202195,2314.086681822037,2314.1300464102733,2288.9754752455597,2274.2165712500882,1516098.060459987,2145.3494804336483,2313.9962880577345,2311.637786855557,2314.2296921145758,2314.2043915648155,2299.247344798788,2313.3119750606356,2313.3026584322056,2314.150971828165,675118.853454621,2314.164746275784,32360.07284666831,695.1112135066672,75806.87538408759,1314.9910939652714,81.97623960803901,2313.960161809857,2313.6822120323177,402.5268389373681,1556.5961237751424,2313.6101545343377,2314.2594777669715,2314.259475008616,2314.259467723474,2314.125202492018,2314.259476980586,2308.471784788674,2312.9065138357405,2314.0410184347,2311.6877916970107,3510400.0906164236,2314.259473932029,2314.2559210394397,2202.6899102780853,704.6550149470308,2312.5648876414857,2295.2062209420847,2313.8739367073717,2314.1387549558217,2310.9759950620614,2314.146135121082,2314.2550530776243,2314.2579782982734,2314.0850368807646,2314.0804117945822,2313.890895522706,2314.124116221197
Prevotella copri,32306.48573463789,32190.447233584164,32306.57133629288,32287.0285032913,32307.590806038217,32276.755579423432,32307.598207917374,32307.6595394247,32223.049991790846,32301.577189526553,32303.714626045276,32106.03367532656,32307.658641711056,32305.453151537477,32307.424068738277,32307.48320410478,32307.579648149265,32307.662204289238,32307.661785706932,6905.980986378247,32305.695214298958,1191580.4425624283,32307.586944633087,32307.66109457536,32307.590502725976,32307.638289677474,32280.316022014267,32307.662489884227,32307.661627978097,32305.49338958343,32307.642015906866,32224.57791370167,32294.513134633195,32307.468358586328,32307.631182489124,31864.658039024125,32307.647197766473,32304.312785161488,32307.636019218407,32298.11852868959,32306.22824912789,32305.850150203376,32307.544661343152,32306.879616446593,32295.93448721095,32306.680739351246,873.2933476494768,32280.750679572386,32302.5586028906,32307.64282258444,108890.34554959644,45628.35492604054,2.100255501059733e+22,6307125.044380314,32199.023385288834,2.8440285570555683e+19,1053242.9010999121,8997306886.895702,6304487.167403718,32307.62816607658,32307.65250696098,32307.391989893677,32307.656050317506,32307.36320169118,148072243.48058906,7250.393683612623,27529.598886777945,32215.715450937867,32307.334606195367,32307.626469035262,36416631.03869681,32177.90592170246,32188.989634614616,32307.662533716146,118574396.4232651,32307.44580726934,30001.008168131775,0.0,32307.649411257386,32307.649169440487,32307.502056860685,32307.542790095995,32282.774967014844,32268.31860841386,1486227.3261693947,32140.380721907506,32307.409260193752,32305.103649467277,32307.634283642332,32307.609866973628,32292.908667643453,32306.744420414427,32306.73647942794,32307.561912980487,645205.8784268247,32307.575333410692,2394.0390922178144,29306.22125145971,45829.26392902278,28686.092911766347,30076.05788072232,32307.374032627336,32307.103052854993,29598.49797994232,31554.031781600796,32307.03336138668,32307.662539968467,32307.662537699976,32307.66253139056,32307.53374236567,32307.66253934961,32302.016385749153,32306.355137192284,32307.460657219603,32305.173848874703,3480587.9558987976,32307.66253678179,32307.6592158467,32197.4889357112,30703.46271149158,32306.02904464266,32288.95286932001,32307.30025549475,32307.55151636428,32304.476759586145,32307.558308106294,32307.658404264657,32307.661152025084,32307.50182518021,32307.49727238256,32307.31605872743,32307.533577830192
Paraprevotella clara,1.2934593939077201,119.12086447606896,1.1769618943616198,21.31143210895788,0.07031586894480213,31.779372995668012,0.06207975448915157,0.013359530338592301,86.20020429546872,6.388245418353901,4.1722094030714105,204.32301558749512,0.012617277369174893,2.5251945462005727,2.666468463142832,2.652135849316704,0.08339014391298971,0.018493061403170308,0.017579121390290227,25401.767071657265,2.1145867250484085,1223737.36219307,0.07501195363250915,0.01645883925240605,0.0703113960425968,0.013953134810612139,28.266953655626345,0.021048160064568198,0.017273664103111222,2.327209863025114,0.11206710904353981,84.71206937103018,13.64678715235025,0.21008109972575098,0.1758148730226905,447.10671451427214,0.005648755104179451,3.5606711226236696,0.1490964390253443,9.945468827432782,1.5433038058606847,2.028820349385956,0.12332139999606913,2.862428901103718,12.182432805678415,1.0695938841038664,33115.71004790613,27.666921845304145,5.359341585383447,0.11646494289925802,141154.46148150106,77909.28604322781,2.100255501059733e+22,6339169.992303222,110.38689898219778,2.8440285570555716e+19,1085407.9764067146,8997338258.993086,6336531.719081118,0.15908842428529826,0.019121000291219267,0.33522992110016564,0.00948581981448658,0.3314198961111636,148104008.9388969,39538.74624672465,4783.786826459899,93.47552338030651,0.35606309678226455,0.21348053926886407,36448534.9102784,131.69201041593575,120.76091914702367,0.02054546380465199,118606218.68066384,2.7542486587757216,2314.2455931782015,32307.649411257386,0.0,0.001216455668446533,0.8126284229405378,0.6163659037055368,25.628952036280445,40.90969622038954,1518376.7389896356,169.6124697857149,0.27888693047377516,2.7106291291494995,0.020967557741943962,0.0472823659810413,15.264508448865717,1.0029273410884152,1.0242601980696093,0.46183258676215994,677404.1954672979,0.49782615359961285,34664.12433811899,3008.569040269524,78106.36776708084,3626.9125334380137,2236.866046251422,0.31617101929552366,0.6035002798069516,2715.3478608201385,758.1690927753709,0.6820234727382758,0.021574157764662122,0.021198371772390808,0.02140738124088783,0.13762959879943307,0.021459028483731067,6.045670007846457,1.5527891232435997,2.7162242126595206,3.882988525874434,3512670.5391210597,0.020994910024816536,0.013397695404962997,112.5189484036135,1609.599504725418,3.2818572560737,19.423472575130237,2.7275427950996765,0.7028561936621858,4.40964586372567,0.6671233297831874,0.012238232236211042,0.019161206531345405,1.5086579157878464,1.6628718318357902,2.696406264901068,0.17819776119650257
Paraprevotella xylaniphila,1.2932031569380913,119.12059705196002,1.1766775153753803,21.311156044589314,0.07005297060447108,31.779098882866876,0.061837072870572746,0.01372427781661416,86.19993520829482,6.3879641297363445,4.1719266489315165,204.32275034469401,0.012902679131134947,2.5250261496011137,2.66653035308041,2.652204756482885,0.08313336860457984,0.018655425466565026,0.017751773642387392,25401.766829641976,2.1143034395434834,1223737.361966228,0.07475245976031515,0.016682740395673974,0.07002225334821977,0.013727027736757415,28.26667740964356,0.021130069915912462,0.017488475418921443,2.326925609061104,0.11251260322042295,84.71179984823631,13.646509145993607,0.20979957598274432,0.17625742666135713,447.10645294812764,0.00597098112886574,3.560387710485609,0.14953865212753542,9.945189681569676,1.5430180428371392,2.0286233312371627,0.12307282803954496,2.8624482025853704,12.182154997515278,1.0693107434321854,33115.70980765281,27.666647782254756,5.359060178038977,0.11689957171878874,141154.46124678123,77909.28580624016,2.100255501059733e+22,6339169.9920814885,110.38663166348735,2.8440285570555716e+19,1085407.9761794305,8997338258.992884,6336531.718859399,0.15948709570744837,0.019512756795795547,0.3351404962638617,0.009755894837713986,0.33114301583006256,148104008.93868423,39538.74600719445,4783.78657777,93.47525569785726,0.35578444081549127,0.21389732801710606,36448534.91006164,131.69174394266437,120.7606508340518,0.020617140797252572,118606218.68044955,2.754357064640272,2314.2453396202195,32307.649169440487,0.001216455668446533,0.0,0.8128298650775436,0.6166716925094483,25.62867720870196,40.909429484195044,1518376.7387632092,169.61220408316697,0.2786117813359645,2.7103462372730416,0.020751457509200988,0.0470109165615729,15.264231654869628,1.0026430224206255,1.0240088009490995,0.4621758572756925,677404.1952380626,0.49821880446242856,34664.124098252774,3008.568788545982,78106.3675304348,3626.9122838530334,2236.8657944349147,0.3159046922896529,0.6032167791604425,2715.3476092384026,758.1688348749216,0.6817398259880474,0.021598952953594697,0.021280534758266047,0.021492623304363197,0.13737347055894414,0.02151479049297478,6.045425718133113,1.5526684514450209,2.7163160625395824,3.882867026296101,3512670.5388977677,0.02106769431302432,0.01364217897043645,112.51867981903284,1609.5992509005962,3.2817901633274538,19.423194831559673,2.7276097758624607,0.7031834965450419,4.409482132120884,0.6674365656654099,0.012655531343829091,0.01929743854390442,1.5086706074612086,1.6628486820064203,2.696462004919649,0.178223811288952
Alistipes onderdonkii,1.2748226573368742,118.94763565275501,1.231302656483946,21.136159946634635,0.7917123691315939,31.60287337909617,0.7924408514619834,0.8165175940613001,86.02559805415075,6.235549927015738,4.041680510093334,204.15164710351044,0.8190752251982686,2.228339218623555,1.9154883583213493,1.9084984938825504,0.7878275800090112,0.8223794252631673,0.8216145521507012,25401.619534983634,2.048803943696561,1223737.2278879737,0.7931961774337335,0.8211203791657545,0.7935111268429362,0.8068056671710898,28.087357466239133,0.8279159639478365,0.8187488768514924,2.2486770169052828,0.7037098883335795,84.53654765729566,13.47641507537072,0.7743225970213952,0.641760293123597,446.9392066874366,0.8073484463628801,3.438664084615495,0.6675722992957362,9.78037640725028,1.536392621658909,1.8275366549068248,0.7783964819952388,2.088580146717921,12.013264238019964,1.1420861900533996,33115.56413793783,27.491976346746878,5.215867863310712,0.6995109266257722,141154.32051199282,77909.14307722708,2.100255501059733e+22,6339169.862121796,110.21403840351194,2.8440285570555716e+19,1085407.8417374822,8997338258.876762,6336531.5889119115,0.6564579815837918,0.7963317108711823,0.6578436472553741,0.8185104925774092,0.7640758124767572,148104008.81570238,39538.60099590504,4783.632889212015,93.30260370681154,0.7821894837259552,0.6041783154853108,36448534.783982605,131.5198693076826,120.58641808493725,0.8266002116898508,118606218.55626018,1.9927488669010975,2314.086681822037,32307.502056860685,0.8126284229405378,0.8128298650775436,0.0,0.20822994587817428,25.453604079905396,40.67426416630662,1518376.605025127,169.44057949699973,0.7628169947753303,2.620138732776055,0.80046561193954,0.7989202428785454,15.09367020270461,1.0890834728972345,1.058779543525001,0.3619620175566155,677404.0591790075,0.33331392137901317,34663.97878156766,3008.4120309274535,78106.2251043903,3626.757704364701,2236.7089687000944,0.7635539274096587,0.8611647289605894,2715.1910112965347,758.0055737634318,0.8977013034739578,0.8286281056939003,0.8280347763536744,0.8285246303918911,0.7819222543290874,0.8284630161858096,5.825191407207764,1.2832564970347924,1.961439235394739,3.233082696923373,3512670.407696072,0.8276748572016805,0.8186924363301525,112.33815309778576,1609.4403671714088,2.55949582475394,19.245482010650115,1.9609474340420252,0.13747998739184,3.820422286986229,0.16255598933225793,0.8146547232001337,0.8269842100403082,0.7541334869219384,0.9235836282352675,1.9348849349788058,0.6849989491163174
Alistipes finegoldii,1.2330408446836139,118.99364246070425,1.1703654758459476,21.180001420660748,0.5963482586262646,31.648028939195356,0.5967805861897671,0.6203231877543647,86.0716882371559,6.266916637599459,4.062315116014745,204.19748104566776,0.622848563463343,2.278511375121917,2.1126683546829614,2.1036117775214462,0.5928229856801729,0.6263694870364361,0.6255823639886753,25401.660310338404,2.038312100377943,1223737.265510494,0.5978301554082549,0.6249988085408009,0.5982594711445639,0.6106081808928083,28.13289845341201,0.6318088106666703,0.6227880106567971,2.244167314576296,0.5059670453394671,84.5828119717985,13.517385030607038,0.5872026081534264,0.44253950386959445,446.98437105438956,0.6110352434589498,3.454489491080702,0.4690606025530191,9.818327616661144,1.5011354745687442,1.8467478418294747,0.5850021582204801,2.2905891216282224,12.053392091189792,1.072203364539777,33115.604532619815,27.53648710615435,5.243143739527516,0.5020690160876607,141154.35973875932,77909.18277825689,2.100255501059733e+22,6339169.898735807,110.25992205462826,2.8440285570555716e+19,1085407.8794484823,8997338258.9099,6336531.625522916,0.45807747262759446,0.6002183663552497,0.4828158023987095,0.6222197830036129,0.5911701254563385,148104008.85058042,39538.641235871466,4783.675136075667,93.34839234125819,0.612175242395505,0.4048883117390739,36448534.81963539,131.56569388593977,120.63270369153975,0.6305880092631503,118606218.59144107,2.190174131970479,2314.1300464102733,32307.542790095995,0.6163659037055368,0.6166716925094483,0.20822994587817428,0.0,25.497999927487356,40.73476822834363,1518376.6425648117,169.48645658767023,0.5830809517692562,2.6227923536909947,0.6043863083305129,0.6030852341771178,15.13530107201759,1.01312110143659,0.9929539239741717,0.15700710981626137,677404.0972822702,0.12590815891250784,34664.01909325796,3008.4549711940176,78106.26473349656,3626.800151133054,2236.751917136295,0.5884339359183076,0.7296459612479649,2715.2339129827055,758.0499126138594,0.7782430463803774,0.6326033818973256,0.631938645191057,0.6323948673394105,0.5890227713302093,0.6323924236318792,5.871670450743996,1.307309866129444,2.158131545112279,3.3971776706809242,3512670.4446154786,0.631610264765806,0.6225588089860872,112.38580266904847,1609.483771000171,2.7451494367465896,19.28957679306296,2.1613402624953317,0.09180681705850052,3.9682641697345087,0.061410278840060166,0.6184696621611172,0.6306885405105672,0.9535111235925149,1.1205230761337204,2.1346805471598884,0.4911688751254655
Alistipes shahii,24.37014572144389,93.56123287881991,24.471537340377274,4.327234121436992,25.56330655990387,6.15352175954234,25.571425317351217,25.6406535918899,60.61977917564773,19.26494371377298,21.481540213255116,178.79328683333912,25.639656545880857,23.263101360766388,25.47843227348908,25.545144271517685,25.550941571263866,25.643980170097826,25.643445261207493,25376.88508374321,23.54255659966055,1223713.1548093194,25.55900851443773,25.642606413615614,25.563084805939162,25.616319122687763,2.668462075816231,25.644366871800916,25.643254833679638,23.330335671493557,25.61777370183899,59.1240770056616,11.99731818209117,25.428799871594602,25.60392381868658,421.642406674351,25.62626956556215,22.097265985149416,25.610083706324264,15.702393913066189,24.10797681350311,23.686870612483112,25.512522858408683,24.88983866563353,13.461550595515977,24.582810309626133,33090.89738173809,2.0471173185734206,20.290016278387572,25.618839479543873,141129.88211989557,77884.60817677986,2.100255501059733e+22,6339146.049845562,84.830676415071,2.8440285570555716e+19,1085383.746929604,8997338236.1509,6336507.777449444,25.60085502371761,25.63214648160555,25.340424433474244,25.63663107496388,25.31303833645678,148103985.5094297,39513.96270269928,4758.666596230017,67.91644600439783,25.284825744328955,25.59801609883465,36448511.242923535,106.1472939219504,95.18665840798093,25.644431137184483,118606195.15648253,25.506788316787304,2288.9754752455597,32282.774967014844,25.628952036280445,25.62867720870196,25.453604079905396,25.497999927487356,0.0,15.465007151266255,1518352.5524540844,144.0765593301744,25.363519707216348,22.937318601822334,25.611496122868,25.58469700734606,10.372087209644715,24.64977779614295,24.637249457448885,25.520537489373925,677379.8702750951,25.535312154499938,34639.32723330056,2983.352883036766,78081.70450768522,3601.7635029350863,2211.6481792325326,25.32613436072045,25.038511808563925,2690.1364429192467,732.7869529434296,24.96254146644943,25.64444345051459,25.64443831808537,25.644428013766557,25.499942559651117,25.644441720669914,19.673541120351885,24.219239493671157,25.522245502470614,23.090374045567703,3512646.5138850203,25.644436642099485,25.640349704110285,86.91575774509933,1584.3233588175897,23.988281750013616,6.247211120902163,25.342802711001625,25.5082426167185,22.364051501371666,25.51622154987238,25.639351088156562,25.642672540706393,25.477729330640052,25.482343402371054,25.359534643337554,25.496326891826765
Alistipes putredinis,39.64011720653506,78.628435708549,39.748358073170216,19.704710252866015,40.84337711053903,9.537550055984656,40.851477831176936,40.921501301268854,45.71957527086852,34.54583014061195,36.75875096615385,163.84535970228245,40.920707087216584,38.48497040379386,40.52126578213635,40.589941792063335,40.830857388205374,40.92517525612403,40.92459538986638,25362.423344113657,38.8173270981591,1223699.1727507496,40.839255507934276,40.923748269403326,40.84328433385991,40.89682280556484,12.855141478291536,40.9259819348997,40.924186190430326,38.604961970145915,40.890985213200565,44.21067098921643,27.30942831732029,40.70810896568994,40.87289293166002,406.73195749973434,40.90668463018785,37.372087989314366,40.880816076654924,30.995816873673853,39.38432209413389,38.93404377669604,40.79203228907767,39.917970681139195,28.76562792155772,39.85871726457185,33076.48684270167,13.491658112744872,35.57069530125016,40.89166370527375,141115.63996293713,77870.29548750623,2.100255501059733e+22,6339132.248232295,69.91752928458806,2.8440285570555716e+19,1085369.7496615457,8997338223.071228,6336493.976393682,40.870844322130125,40.91162625486941,40.61068624460423,40.91770097998358,40.59048156203334,148103972.04899246,39499.57344800314,4744.026016035184,53.03699402821214,40.563443744146845,40.864228394387894,36448497.62544835,91.22362971204169,80.22600005576807,40.92593070950553,118606181.6337418,40.53928030321559,2274.2165712500882,32268.31860841386,40.90969622038954,40.909429484195044,40.67426416630662,40.73476822834363,15.465007151266255,0.0,1518338.58472018,129.1353153817181,40.64151767198194,38.21480510708403,40.89158387904579,40.86506172524048,25.700921927327496,39.92531398654673,39.908042249140195,40.76936202444673,677365.8067894203,40.78145109820303,34624.92812107005,2968.6372169323504,78067.402365424,3587.1013788103264,2196.9334625759475,40.60386848179811,40.316576190185756,2675.4254476858177,717.9437504663372,40.2402348745448,40.926097202019044,40.92605448737232,40.92608520732338,40.77979334415225,40.92608844441624,34.901819078429064,39.457285393994766,40.559317076208885,38.09537674123975,3512632.656251791,40.926020645549315,40.92135083447345,71.88949959985787,1569.5629397460727,39.00570330088844,21.567991529279286,40.37875214447641,40.73805333651297,37.36577702046429,40.74861841891409,40.920074653837844,40.92428034288071,40.63666593283011,40.62723287120932,40.399138521097214,40.769314902798094
Alistipes_A indistinctus,1518375.627603351,1518262.091973808,1518375.7066008376,1518356.710671907,1518376.6836744123,1518346.6809021654,1518376.690704893,1518376.7484498208,1518294.0890051802,1518370.873896758,1518372.9463222916,1518179.1974399388,1518376.7476041035,1518374.6406661524,1518376.5343424305,1518376.5897196068,1518376.6731026182,1518376.7508829485,1518376.7505035268,1493102.0711624245,1518374.864017478,294660.9568557731,1518376.680019809,1518376.7498676605,1518376.6833561927,1518376.7285414294,1518350.1968127175,1518376.7511381516,1518376.7503583182,1518374.6694524148,1518376.7326929949,1518295.6112605727,1518364.002751663,1518376.5673435128,1518376.7229325508,1517941.5386648232,1518376.736949417,1518373.527917436,1518376.7272929908,1518367.5113243237,1518375.3765868605,1518375.0198254231,1518376.6398568533,1518376.0171694448,1518365.38444697,1518375.8133389598,1485391.6496425616,1518350.5670067389,1518371.8227601543,1518376.733421343,1377436.5082498072,1440651.3599591926,2.100255501059733e+22,4821662.827631846,1518270.4731771052,2.8440285570554278e+19,433024.3854161809,8995835820.880407,4819030.375604459,1518376.7200103642,1518376.7419687966,1518376.4959771142,1518376.7451903478,1518376.467517206,146591337.04471347,1478978.4999718228,1513641.8277027027,1518286.8290122366,1518376.439382868,1518376.7186878906,34933077.321807496,1518249.7338127731,1518260.7429667662,1518376.7511764346,117092309.16037901,1518376.5560129788,1516098.060459987,1486227.3261693947,1518376.7389896356,1518376.7387632092,1518376.605025127,1518376.6425648117,1518352.5524540844,1518338.58472018,0.0,1518212.9039554293,1518376.5113040232,1518374.287730824,1518376.7248473335,1518376.7016562123,1518362.4318156382,1518375.8747552047,1518375.8683089006,1518376.6596563673,841164.4910238539,1518376.6725116028,1483841.846890836,1515408.1547091808,1440442.9513356797,1514789.9957231043,1516169.816539813,1518376.4774304766,1518376.2169565808,1515697.0552327486,1517634.4784490617,1518376.1505694082,1518376.7511816446,1518376.7511797983,1518376.75117444,1518376.6296476093,1518376.7511811582,1518371.3185921907,1518375.5066896367,1518376.5693974246,1518374.3793505274,1994813.7734905395,1518376.7511790309,1518376.7481333092,1518269.233236079,1516792.3769193448,1518375.201540292,1518358.6116821375,1518376.417925662,1518376.6511600278,1518373.7057763715,1518376.6572800118,1518376.747388463,1518376.749921849,1518376.606368386,1518376.6020530423,1518376.4323547236,1518376.6303754786
Parabacteroides distasonis,168.37698015521545,50.52792040487476,168.47382778268027,148.4016022597885,169.54881591026395,137.93360696301852,169.55674801266844,169.62369740632178,83.47636684763094,163.30231077696558,165.50753706592698,34.717870506259615,169.6227254072139,167.28208974388033,169.36637043792555,169.43149726986707,169.53678312623725,169.62680140756487,169.62630635931552,25234.466041736803,167.55595400526437,1223573.4169920764,169.54464061852252,169.62551551827232,169.54856132063924,169.60027856453013,141.4932861679831,169.62715134920515,169.62612623213306,167.34566113496453,169.6025887053602,84.98351132887984,156.05635081324542,169.4175095561728,169.58962589345413,277.6309588332684,169.60994059683517,166.12145759000322,169.59540327669654,159.7514146066448,168.1145585708906,167.70341233233447,169.4992762562668,168.78320504855014,157.51567970359906,168.5852550118135,32948.73018403708,142.02953744465253,164.32002992742517,169.6035541183043,140988.60645115376,77742.94744049617,2.100255501059733e+22,6339007.467739991,59.25073465882723,2.8440285570555716e+19,1085243.914720495,8997338102.709126,6336369.199011421,169.58657539254992,169.61566630347397,169.33265526635827,169.61983399713404,169.30456516990742,148103849.26681426,39371.9027597434,4615.466055402846,76.16265298873232,169.27599642433557,169.5839985595076,36448373.90089637,37.93068810326433,48.94087706624741,169.62720790242165,118606058.47339405,169.38816544353912,2145.3494804336483,32140.380721907506,169.6124697857149,169.61220408316697,169.44057949699973,169.48645658767023,144.0765593301744,129.1353153817181,1518212.9039554293,0.0,169.35389271402522,166.95124050861068,169.59571641683664,169.56954394527477,154.42937829212715,168.651593874604,168.64052940767607,169.50933460583275,677239.6330842902,169.52344184713294,34497.21767954109,2839.8721134994466,77940.10061928455,3458.4817449127595,2068.1765169797104,169.3169752621728,169.03292545628648,2546.6743308567384,588.9267172626187,168.95855674764334,169.6272173989869,169.6272136694674,169.62720494207147,169.4871919908914,169.62721624482137,163.71767182416724,168.22950271267766,169.40540624235982,166.9924115816116,3512507.5662232125,169.62721231996088,169.62338009162224,57.35430138348878,1440.6986978181799,167.88798264458558,150.32313374156374,169.23130762349373,169.49520949215437,166.26894148084918,169.50322868340152,169.6224437514159,169.62557857145862,169.4406697963653,169.43722283842462,169.24931502139046,169.48479545918457
Parabacteroides goldsteinii,1.016060675474492,118.86104650693854,0.9015510859880996,21.045031319725997,0.20878783927077027,31.514474760682837,0.2171034175057809,0.2919149510787062,85.9391357979749,6.117567053330216,3.9001584376682437,204.06482835525168,0.29105065983927125,2.2533720220954385,2.6291595538851396,2.6226620603802155,0.19572524580984177,0.29636578233687727,0.2956268746607727,25401.5267635247,1.83972061911286,1223737.134163936,0.2044292131682046,0.29461334240869447,0.20884277984307642,0.2650756144682686,28.000309781981603,0.29730177943166947,0.29527901410924334,2.05265836629674,0.27771154065477677,84.45057661305506,13.378951103269705,0.06972990070466684,0.28844299490364717,446.85130589204834,0.275480924843384,3.2875689630323857,0.28270403077035294,9.676528666554637,1.2683007582349852,1.7534646947060253,0.15569427472025021,2.7649793019492286,11.914323118297915,0.7930163063528493,33115.471138416746,27.40207536358757,5.088591947544769,0.2806782339382024,141154.2270104175,77909.04974459045,2.100255501059733e+22,6339169.768527757,110.12716591693778,2.8440285570555716e+19,1085407.7480118228,8997338258.785124,6336531.495318565,0.27717671127815585,0.28147460429655996,0.11539947278853262,0.28764631808139846,0.052582102616135815,148104008.72280067,39538.50791321863,4783.541282849085,93.21550405989166,0.07967896067897873,0.30366077569856986,36448534.69070013,131.4329140438799,120.5004266177676,0.29730333277363746,118606218.46319605,2.718471096216737,2313.9962880577345,32307.409260193752,0.27888693047377516,0.2786117813359645,0.7628169947753303,0.5830809517692562,25.363519707216348,40.64151767198194,1518376.5113040232,169.35389271402522,0.0,2.43808208567951,0.25919608810119854,0.23176541997057648,14.997566208256146,0.7260064239235773,0.7464928819122855,0.44414193762642196,677403.9654656125,0.48769355177897483,34663.885736716715,3008.321146160597,78106.13174289773,3626.6662921457705,2236.6180790694357,0.03791619849211832,0.3277360996873464,2715.100076091802,757.9164542555309,0.40574060520291894,0.29749249391221366,0.2974288325558653,0.29744505796529935,0.14249814524434806,0.29747418157499217,5.771526138520959,1.2858214114677406,2.6829139337538397,3.6768942741335437,3512670.3140411153,0.29739132180570416,0.2918465299347951,112.25666681548549,1609.349996146705,3.116928130374563,19.155549955840947,2.6747100852551178,0.6739850996096581,4.182662673546947,0.6425614034326038,0.29044486545214626,0.2951130725795006,1.4724549597393106,1.6282774650701166,2.645809941423323,0.15659438843919374
Parabacteroides distasonis_A,1.4355951037001757,116.45337106948865,1.5383111795678561,18.61621883038513,2.642708407377515,29.08963624892916,2.651003912399571,2.7229351587102317,83.52674938543831,3.6807785850678245,1.4621642454467787,201.66365301084804,2.7219247865728753,0.7424609039014936,3.5609412063187,3.6042014268572817,2.629983341677223,2.7266121518585384,2.7260132710457423,25399.220188519146,0.6058492723188041,1223734.9082031455,2.638278807053496,2.725104344358971,2.6425465750291606,2.6974580069495295,25.570462465108122,2.7270813793186433,2.725802996329764,0.39510361563614155,2.698701700362119,82.03665074090874,10.946957158900116,2.505017525319309,2.6857895516263905,444.4623191239287,2.7077183545083314,0.8502883382007621,2.691440350516584,7.242446171578239,1.172465768986716,0.8330561071652488,2.59064512452582,3.2286914137236824,9.481902049791662,1.6488970790147939,33113.17323767269,24.977623404192094,2.651980515489562,2.700060392721264,141151.95754605083,77906.76840839832,2.100255501059733e+22,6339167.572580604,107.71989895635572,2.8440285570555716e+19,1085405.5195159623,8997338256.708351,6336529.299463961,2.682035638296064,2.713757455844915,2.414712714020557,2.7187217937487795,2.386545326563532,148104006.58333287,39536.21362548123,4781.203627392985,90.80722341891037,2.359045913083299,2.681362669146165,36448532.52527517,129.02814838626068,118.09002685330434,2.727153894952435,118606216.31343758,3.6386952749550634,2311.637786855557,32305.103649467277,2.7106291291494995,2.7103462372730416,2.620138732776055,2.6227923536909947,22.937318601822334,38.21480510708403,1518374.287730824,166.95124050861068,2.43808208567951,0.0,2.692271571960078,2.664859532718723,12.567812313173159,1.7161411625031748,1.7036977964372269,2.621765989344516,677401.7259228117,2.6424283054036795,34661.58976615123,3005.970306252782,78103.85217590973,3624.3246818234124,2234.2668674636416,2.4004129867763337,2.1106209894682864,2712.749848379798,755.5408306955296,2.0332259299199587,2.7271816961181634,2.7271698946797986,2.727158587690527,2.5774866225557154,2.7271774738876178,3.3503644383753564,1.3668788893059574,3.626580657676843,2.7113299507330586,3512668.108787759,2.727165843161155,2.7226716424537942,109.83983280285831,1606.990444925333,2.830569130814431,16.722875341696355,3.4942337133516097,2.6513391979926935,2.7868026896864864,2.6524823811274643,2.7215720802267414,2.7251986234211203,2.8992302274015915,2.97771287284832,3.487169816946592,2.573132061615418
Parabacteroides gordonii,1.2741057128232665,119.10399153213218,1.1581564553108028,21.293868764641786,0.050956925574402304,31.761975907278263,0.04262913149719067,0.03378072446225342,86.18320679208229,6.370164948909641,4.153942794622401,204.30630184026032,0.033518481797893046,2.505159819980931,2.6572255621651766,2.643429474510629,0.06391436256867156,0.03919603884928206,0.038284215107000655,25401.751931175837,2.0959050961108714,1223737.3480244393,0.056048433541246355,0.03728132590831128,0.05118694413334457,0.008020154582449795,28.249365997970045,0.04175150835537028,0.03751472442307594,2.308577931146065,0.10410406731342034,84.69502780364395,13.629060232120002,0.19072769812746074,0.16629564138823474,447.09026360038047,0.016864274517952228,3.542254940861257,0.14010886110555912,9.927607749743443,1.5245882364175287,2.009005726117113,0.10370953976193671,2.8494444739021487,12.164666978427833,1.0505928596426817,33115.69502150679,27.64952867130781,5.34124449441954,0.10874136463356823,141154.44681098234,77909.271227257,2.100255501059733e+22,6339169.978457779,110.37003411509015,2.8440285570555716e+19,1085407.962210007,8997338258.980396,6336531.705236645,0.14882184708226506,0.025737867398950214,0.314699118142905,0.030414044476477137,0.3117148939336668,148104008.9256208,39538.73126702525,4783.771249486329,93.45862959235888,0.33682717344426416,0.20365449701325108,36448534.89674624,131.67520810069252,120.74398021668115,0.04127476853384384,118606218.66728726,2.745106272108533,2314.2296921145758,32307.634283642332,0.020967557741943962,0.020751457509200988,0.80046561193954,0.6043863083305129,25.611496122868,40.89158387904579,1518376.7248473335,169.59571641683664,0.25919608810119854,2.692271571960078,0.0,0.02857337551948809,15.246880318361306,0.9838373622131662,1.0047382099493631,0.4495898833164811,677404.1811466718,0.4865007324795954,34664.10933671567,3008.5532618838183,78106.35297304536,3626.8968969932844,2236.8502614257504,0.2965420403964352,0.5845156942840265,2715.3320918714644,758.1528946630106,0.6630133627323109,0.04216364445843321,0.04189391590487802,0.04207702957955075,0.11841551015130994,0.042098681095065135,6.026765260391285,1.5325322274010758,2.707252225065822,3.8645976625423866,3512670.525177142,0.04169748645083426,0.03415218501648593,112.50181080752857,1609.5835857458871,3.265288274323343,19.40573752776995,2.717274060222452,0.691656424008791,4.390538066786321,0.6559997397753842,0.032190988208906486,0.03975250910889519,1.498680872621003,1.6531607033260052,2.686288324871398,0.1583524107444123
Parabacteroides merdae,1.2467566082519996,119.0777030881082,1.13052590483243,21.26698522204457,0.023083186002931067,31.735225905692204,0.015069363655214092,0.060495760936096134,86.15680351622295,6.342911337956683,4.126574906136621,204.2801643407007,0.059534561824813606,2.479671323802264,2.6600830761282532,2.6470750648953745,0.03616812643287377,0.0650923544597922,0.06430317867651998,25401.727499200595,2.0683311701822706,1223737.324799295,0.027817641924455377,0.06321914866088561,0.023044321346370265,0.033505854568131814,28.222466234299404,0.06622094603821074,0.06408151080166809,2.281029342292095,0.11333035344965567,84.6685872781762,13.602045472131056,0.16288703785165978,0.17102591524568314,447.06438525419816,0.04415732619895598,3.5148198985709707,0.1464011230486116,9.900498791328102,1.496980248274075,1.9826166309082722,0.07617229718974107,2.846088846137487,12.13763629447492,1.0229317520736791,33115.67072593217,27.622781851592883,5.313983101927831,0.11833182594077371,141154.42295023278,77909.24718712298,2.100255501059733e+22,6339169.955654731,110.3437530856706,2.8440285570555716e+19,1085407.9389486501,8997338258.959175,6336531.682434882,0.1532934599714662,0.053508069872251866,0.29146717600817945,0.05605240040951474,0.2843242639263398,148104008.90358365,39538.70702771586,4783.746309989096,93.43232215476348,0.3090814844186417,0.20756740225244638,36448534.87436124,131.6489858168201,120.71763003291349,0.06617718959166455,118606218.64511299,2.7481424974759565,2314.2043915648155,32307.609866973628,0.0472823659810413,0.0470109165615729,0.7989202428785454,0.6030852341771178,25.58469700734606,40.86506172524048,1518376.7016562123,169.56954394527477,0.23176541997057648,2.664859532718723,0.02857337551948809,0.0,15.21994650725043,0.9562122619150288,0.9774813361833464,0.44800814378961595,677404.1577264,0.4861891705366619,34664.08507123214,3008.5280964219082,78106.3289598215,3626.871890308831,2236.825088933092,0.2691369830775743,0.5568633254905815,2715.30693686263,758.1272775196526,0.6353256338517262,0.06650020488433962,0.06637284028044345,0.06641544333502088,0.09040402458127669,0.06645721395809094,5.999775701050276,1.5078758034331674,2.710529292750325,3.848998475860618,3512670.5022444683,0.06631503958808993,0.06038931832460224,112.47532646168324,1609.5582656726303,3.254551407775993,19.378726834090127,2.7185626995776015,0.6914641354629975,4.372245536793478,0.6560398838128492,0.05915020775559372,0.06393466416007583,1.5006262261738557,1.6555299980480662,2.6877970270420444,0.14070211472063546
Parabacteroides johnsonii,14.001270928686143,103.91993300046252,14.103510093454625,6.0485306253069195,15.198402731912472,16.525543647847634,15.206561167614925,15.276325614295315,70.98333344198313,8.893121831418739,11.110547601264907,189.1448617150172,15.275324154423844,12.898433090032512,15.202068840601159,15.268232498292518,15.185963019024584,15.279712310537592,15.279166521941896,25387.021471400738,13.172819260248055,1223723.0420176233,15.19407736438614,15.278315260227965,15.198190685947063,15.251770119705665,13.002893985779334,15.2801111500106,15.278972845112008,12.96035068590076,15.253049127600024,69.48971076063577,1.6271517039871024,15.063205478543422,15.23910200015148,431.9757721842091,15.261785581720403,11.726326873980929,15.245297179991253,5.330337622130062,13.739269210264348,13.318145154636973,15.147345846084288,14.621212678132487,3.0896808454709745,14.214667299299924,33101.00871094152,12.415174982650088,9.91883605418632,15.254149829706941,141139.90806521577,77894.67036484358,2.100255501059733e+22,6339155.836882088,95.18801123406796,2.8440285570555716e+19,1085393.6424467207,8997338245.514238,6336517.564172214,15.235990320125525,15.267694808830685,14.974124961572283,15.27226547883119,14.94684540331838,148103995.100205,39524.063464439176,4768.887229588473,78.27381997531076,14.918750483270879,15.233235635488484,36448520.92503798,116.50186222901307,105.5496429459447,15.280177092152178,118606204.78368592,15.236188568194844,2299.247344798788,32292.908667643453,15.264508448865717,15.264231654869628,15.09367020270461,15.13530107201759,10.372087209644715,25.700921927327496,1518362.4318156382,154.42937829212715,14.997566208256146,12.567812313173159,15.246880318361306,15.21994650725043,0.0,14.281724400314559,14.268929649816192,15.156357191973052,677389.8016986249,15.17160653220236,34649.43291285484,2993.6065210519214,78091.76133166744,3611.9940180991944,2221.902134978925,14.960099385162625,14.671865276549475,2700.3883636915816,743.0948206261434,14.595573999001093,15.28019109493379,15.280185252621411,15.280174664297565,15.134650271873927,15.280189108210305,9.309334937930291,13.852533552861482,15.249287997211056,12.844889738381852,3512656.33232159,15.280183307128517,15.276027050510704,97.28559280523169,1594.5968926549224,13.729303354571336,4.164261894869044,15.069584403031513,15.14692986148386,12.12736700721504,15.15448793024087,15.275011221447269,15.278384362010193,15.138511631803928,15.149629588049384,15.084455887333808,15.130766607648757
Parabacteroides timonensis,0.2954055173367547,118.15650751728104,0.1786932563538486,20.32982219392623,0.9335409394174945,30.801504966897607,0.9419018283009091,1.0156742817424738,85.23241552388333,5.396858162028631,3.178041164736468,203.36320490350823,1.0146981388096656,1.5672956056848681,2.7089982425481187,2.722198481303035,0.9205886084315852,1.019710505528111,1.0190459832757193,25400.86157947165,1.1148944919887018,1223736.496813306,0.9290586615620119,1.0180789725951478,0.9334595848789067,0.9893717487172032,27.284571180475925,1.0203256029897971,1.0187938424563425,1.3280560334010767,0.9911179907868483,83.74312786950689,12.66177287309607,0.7941227713420455,0.9814564050503563,446.1548776035289,0.9997823324232804,2.564240410311618,0.9854677156318571,8.957935604852267,0.5440315000492233,1.050055012703029,0.8807357406982501,2.6772618536077855,11.196839798938436,0.06759176403831527,33114.809035354076,26.68926498649054,4.368020906530945,0.9928722065104801,141153.57484505154,77908.39345861106,2.100255501059733e+22,6339169.1411834685,109.42279707804377,2.8440285570555716e+19,1085407.1098087062,8997338258.196283,6336530.8680048995,0.976347581164489,1.0058139192142765,0.7054975362345561,1.0113639440253208,0.6738175088994793,148104008.11391672,39537.8470861816,4782.864812708305,92.51065455780414,0.6474659414103843,0.9804591235584215,36448534.07338594,130.72967578041292,119.79466429691233,1.020389344083501,118606217.85098012,2.7991984916053,2313.3119750606356,32306.744420414427,1.0029273410884152,1.0026430224206255,1.0890834728972345,1.01312110143659,24.64977779614295,39.92531398654673,1518375.8747552047,168.651593874604,0.7260064239235773,1.7161411625031748,0.9838373622131662,0.9562122619150288,14.281724400314559,0.0,0.06900849832714864,0.9643843368063011,677403.3235330976,0.9950378805738748,34663.22431576624,3007.6397467478346,78105.47607333126,3625.9883516208765,2235.9365336811593,0.6883543829340063,0.3994928560854894,2714.418905888427,757.2254403046816,0.3209899933183669,1.0204586103816011,1.0204331728853977,1.0204263360551575,0.8672114449902772,1.0204505091991678,5.049378326934159,0.6694734013945545,2.770890815198895,3.221111714024566,3512669.683610528,1.0204206994646092,1.015482711790358,111.54786131541817,1608.6652734193956,2.810784602504867,18.438017558775105,2.7131696891528425,1.0721074773044905,3.646737638779617,1.06008626710429,1.014259859094783,1.018272012685489,1.6577811135730283,1.7956391622998467,2.690976132209097,0.8629311435011007
Butyricimonas virosa,0.2705462797789694,118.14519873238858,0.1831701391626093,20.31705037545446,0.9546687950821497,30.78906993961292,0.9629336363872243,1.0370251334415028,85.22083700811453,5.383332690502625,3.164534779438893,203.35223175638197,1.0362270154748188,1.5267621467264412,2.6588179682189916,2.673113100831255,0.9416354543905645,1.0413924034640036,1.0406870809376247,25400.853617253844,1.1016911284859563,1223736.4903303776,0.9503196183379123,1.0396920637974185,0.9547278594903397,1.010582324177811,27.27161245886116,1.0423284448583146,1.0402703272398894,1.3146632373825369,1.005212250878111,83.73142920122247,12.64875532600124,0.8154552381870033,0.9912549210404326,446.1444609388111,1.0208190161524398,2.5503636892067716,0.9970857885795052,8.94470297452224,0.5348962501284255,1.0142591766375653,0.9016452158783317,2.620010599393302,11.183725980477242,0.08844329954012368,33114.8012605376,26.67688498552624,4.354713295797959,1.0067241347700684,141153.56763033796,77908.38601930253,2.100255501059733e+22,6339169.1351385815,109.41151511069583,2.8440285570555716e+19,1085407.103286537,8997338258.191616,6336530.861961293,0.9873495442607292,1.026064265673424,0.7155772968865055,1.0329075459360495,0.6940788996177704,148104008.10858575,39537.8393869245,4782.856097037963,92.49931831561821,0.6693068817364592,0.9877260403061147,36448534.06774267,130.71852706693605,119.78319615938446,1.0423251724169826,118606217.84552829,2.747540628873283,2313.3026584322056,32306.73647942794,1.0242601980696093,1.0240088009490995,1.058779543525001,0.9929539239741717,24.637249457448885,39.908042249140195,1518375.8683089006,168.64052940767607,0.7464928819122855,1.7036977964372269,1.0047382099493631,0.9774813361833464,14.268929649816192,0.06900849832714864,0.0,0.954066393758671,677403.3168353881,0.9825279326918455,34663.21658147287,3007.630661724301,78105.46866827687,3625.9795284765914,2235.9274376783196,0.7087575683166243,0.4245430679457521,2714.409839091977,757.2155406883646,0.3472920394861525,1.0425170699867194,1.042445183583204,1.0424637267524943,0.8884062301654398,1.0424921443834505,5.0284603623598265,0.6108253078938062,2.720232841353922,3.1641002393513067,3512669.677434792,1.0424156759510466,1.0369876944261565,111.53570930729258,1608.6559246640527,2.7509086598187076,18.42474295058928,2.6603589131312826,1.0476064622739447,3.5944499076072147,1.037748138932678,1.0355242697552325,1.0402174107800222,1.6152638455706145,1.7527239119858107,2.6389625918155684,0.876812727431533
Odoribacter splanchnicus,1.209049213770666,119.0166678599665,1.1309828919858178,21.202316168404998,0.44141071361594647,31.670968103846057,0.4417216209245641,0.4661586963363872,86.09485329513004,6.28242403130839,4.071753518397981,204.2202975765206,0.46860444010897745,2.3179633835930415,2.258563101283484,2.2483558472309424,0.4380978902753158,0.4723421835719408,0.4715320152115358,25401.679461142194,2.0301606368247915,1223737.282652807,0.4429016692198319,0.4708853334454309,0.4433706759398784,0.45582671384815654,28.156268311270296,0.47768687525692044,0.46880311415840903,2.2394251261373124,0.35177620706690277,84.60612835600257,13.538146142898649,0.4400681565717279,0.2880981196581564,447.00663040096583,0.45645428588921944,3.4613731016584155,0.31477725509065585,9.837460481115622,1.4778652802034644,1.8648721159387327,0.4315696217202135,2.438337502354206,12.073731984924114,1.0274128651141394,33115.62343266239,27.559034895969436,5.256250503547679,0.34817128510500933,141154.37788392056,77909.20122734812,2.100255501059733e+22,6339169.91526679,110.2828671755198,2.8440285570555716e+19,1085407.8966451162,8997338258.924427,6336531.642052097,0.30354213916990597,0.4460334202735562,0.35429807987204853,0.4678527806688833,0.4597985540073197,148104008.8660916,39538.66003466396,4783.695280250794,93.37130193969317,0.4836711184802961,0.250943908071491,36448534.83559676,131.58856079899778,120.65594348466804,0.47652617417198295,118606218.6071273,2.3384037412996372,2314.150971828165,32307.561912980487,0.46183258676215994,0.4621758572756925,0.3619620175566155,0.15700710981626137,25.520537489373925,40.76936202444673,1518376.6596563673,169.50933460583275,0.44414193762642196,2.621765989344516,0.4495898833164811,0.44800814378961595,15.156357191973052,0.9643843368063011,0.954066393758671,0.0,677404.114721102,0.04530660576143209,34664.0379389608,3008.475597230747,78106.28313628292,3626.820433959911,2236.7725506265683,0.4547196511752356,0.6378729751349141,2715.254512516338,758.0715526111624,0.6967489306593859,0.4785120388081283,0.47782241871692616,0.4782567716878025,0.4361895326022828,0.47828302619314167,5.900175964710396,1.3364817326248677,2.3050623845798035,3.514555473631303,3512670.4613300757,0.4775110372657515,0.4683868410079118,112.41016881014426,1609.5047267576517,2.879076701783867,19.31224690595698,2.3097534190821607,0.24579973402488506,4.072605030773202,0.2123231186247491,0.46428826209743834,0.476433327923777,1.0982576495698655,1.2624255840331853,2.282125497184188,0.3386317316596574
Barnesiella intestinihominis,677403.0742053544,677289.0129574173,677403.154383476,677384.0483834617,677404.1395461375,677373.9683520581,677404.146646079,677404.2050483597,677321.1408527248,677398.2898491696,677400.3752033531,677205.7879711244,677404.204192993,677402.0786682536,677403.9872229295,677404.0432823079,677404.1288656414,677404.207522012,677404.2071357989,652090.2220072154,677402.3053387309,546506.168547779,677404.1358533066,677404.2064901551,677404.1392299468,677404.1848961146,677377.4948591193,677404.2077823936,677404.2069883691,677402.1093590029,677404.1889884366,677322.6653686482,677391.3797265496,677404.0220734682,677404.179043498,676967.2928178733,677404.1933964469,677400.9601432534,677404.1834858992,677394.9079118117,677402.821847738,677402.4611780749,677404.095294768,677403.4649657444,677392.7694092462,677403.2616754163,644374.2658103644,677377.8764854585,677399.2451058334,677404.1897302985,536357.5435958377,599601.6449637521,2.100255501059733e+22,5662611.200644732,677297.434790967,2.8440285570555077e+19,408140.34804424306,8996669781.427975,5659976.432526858,677404.1761011882,677404.1984697713,677403.9498070979,677404.2017472717,677403.9212542305,147430274.94763604,637955.6397931906,672658.1697097117,677313.8621597616,677403.8930128838,677404.1747182608,35773250.27528316,677276.6131443633,677287.6438982305,677404.2078215992,117931815.10866897,677404.008939896,675118.853454621,645205.8784268247,677404.1954672979,677404.1952380626,677404.0591790075,677404.0972822702,677379.8702750951,677365.8067894203,841164.4910238539,677239.6330842902,677403.9654656125,677401.7259228117,677404.1811466718,677404.1577264,677389.8016986249,677403.3235330976,677403.3168353881,677404.114721102,0.0,677404.1276868939,642823.8046225586,674427.579092978,599395.5897454188,673808.6439281085,675191.2657558012,677403.9313309772,677403.6688319744,674717.2995957687,676659.3711731024,677403.6018249176,677404.2078269742,677404.2078250627,677404.2078195504,677404.0849569867,677404.2078264683,677398.7340608207,677402.9515797497,677404.0225768072,677401.8141088235,2835854.182356679,677404.2078242709,677404.2047301602,677296.1424824678,675815.1411713712,677402.6426555793,677385.955013729,677403.869457602,677404.1059131374,677401.1359144847,677404.1121487287,677404.2039735857,677404.2065449462,677404.0602753232,677404.0559140807,677403.8841265147,677404.0855434295
Parasutterella excrementihominis,1.2345233610109245,119.03084908356841,1.1597217273940659,21.217224990093317,0.4805465402958053,31.685603092498827,0.4804914294912221,0.5014963629020025,86.10910881185569,6.299262872291417,4.090074938905749,204.2343878538579,0.5040333865549664,2.3283728654312474,2.2283181564657863,2.2177075936805477,0.47773778743032486,0.5075739519155069,0.5067892741685911,25401.692888275626,2.0524918431292334,1223737.2955245718,0.48219697248175886,0.5061688955009296,0.48254147302461364,0.4924774073513032,28.170948081966493,0.512957321361634,0.5040369844410653,2.2610321050256803,0.3866647089762145,84.62038110194787,13.553539572475689,0.48307601648203224,0.3225894374194171,447.020613603446,0.492540245651042,3.4803428566657835,0.3494306072793776,9.853320175701429,1.5033888868318428,1.8805562491039334,0.4725840659431061,2.412359345616732,12.08923836732731,1.057256581326201,33115.63680072364,27.57375751923304,5.273643212760873,0.3829115958975244,141154.39105655486,77909.21448176607,2.100255501059733e+22,6339169.927930936,110.29706011472322,2.8440285570555716e+19,1085407.9095344325,8997338258.93628,6336531.654715604,0.3389009296059701,0.48165863762262134,0.39708387533015077,0.5034541357588,0.503111107843627,148104008.8783672,39538.67337799364,4783.708917711381,93.38552743770865,0.5265894149500028,0.28509424729821714,36448534.84805046,131.60271755491235,120.67013185243383,0.5117913004000978,118606218.61947338,2.306489835935179,2314.164746275784,32307.575333410692,0.49782615359961285,0.49821880446242856,0.33331392137901317,0.12590815891250784,25.535312154499938,40.78145109820303,1518376.6725116028,169.52344184713294,0.48769355177897483,2.6424283054036795,0.4865007324795954,0.4861891705366619,15.17160653220236,0.9950378805738748,0.9825279326918455,0.04530660576143209,677404.1276868939,0.0,34664.05129382903,3008.4893216077357,78106.29637854485,3626.834098121636,2236.7862794214398,0.49805331775762457,0.6760353610166677,2715.26823379115,758.0854434263011,0.7332381911086668,0.5138097902036829,0.513088622785261,0.5135243279492441,0.477576742975542,0.5135642830720706,5.913740246663555,1.3487613826746814,2.273652251385355,3.503742034225955,3512670.474058548,0.5127804929895916,0.5037853537079195,112.42421294653408,1609.5185114734895,2.861655316759633,19.32719643780053,2.2798280946800613,0.20972267864074537,4.066328142278649,0.17719390265997725,0.49967358598436973,0.5117706218278657,1.07062004679672,1.2357242898705887,2.252530314099007,0.38045702602659853
Escherichia coli,34662.967039266056,34547.19527704275,34663.05178335181,34643.57055293858,34664.06614604433,34633.32406765627,34664.07350212505,34664.134380723706,34579.7359214341,34658.07630699698,34660.2063079988,34462.93671791652,34664.133489471205,34661.94004611211,34663.90178634107,34663.96044176424,34664.055061172636,34664.13701476384,34664.1366014366,9271.55157696855,34662.17965472973,1189195.3902667414,34664.06231050915,34664.13591756329,34664.06584029583,34664.11330191208,34636.88072795868,34664.13729620578,34664.13644534508,34661.97868186658,34664.117097080896,34581.26405892519,34651.03386308718,34663.944454833334,34664.10640903779,34221.924931881214,34664.12214741069,34660.80261206101,34664.11118128799,34654.628445639566,34662.710250162396,34662.3348511003,34664.02028954162,34663.36071513919,34652.45075180001,34663.160900364404,1550.726177788386,34637.306929512306,34659.05393593647,34664.117893187315,106515.32214413656,43255.84775343545,2.100255501059733e+22,6304735.112455365,34555.75027939909,2.8440285570555683e+19,1050858.364746493,8997304499.559782,6302097.22345677,34664.10340214731,34664.12742069158,34663.868731682785,34664.13092097879,34663.839958705066,148069850.6171377,4875.282511538434,29889.60811423583,34572.40703500079,34663.81140399313,34664.101759137484,36414238.514041886,34534.6712000026,34545.75143847094,34664.1373392583,118572003.49675654,34663.92354523543,32360.07284666831,2394.0390922178144,34664.12433811899,34664.124098252774,34663.97878156766,34664.01909325796,34639.32723330056,34624.92812107005,1483841.846890836,34497.21767954109,34663.885736716715,34661.58976615123,34664.10933671567,34664.08507123214,34649.43291285484,34663.22431576624,34663.21658147287,34664.0379389608,642823.8046225586,34664.05129382903,0.0,31665.626662710616,43455.57604896141,31045.45592174542,32434.688371040833,34663.85067013803,34663.58093980257,31957.564240818563,33911.61024811662,34663.51165459412,34664.13734535808,34664.13734315302,34664.137336981206,34664.00946141493,34664.13734475988,34658.516605420955,34662.8377172172,34663.938196507355,34661.66307913344,3478199.2878025104,34664.13734225654,34664.13405771547,34554.25468142792,33061.746815818544,34662.514342620205,34645.49298677425,34663.77891381463,34664.02781280457,34660.96872035782,34664.0345135116,34664.13325496401,34664.13597460863,34663.97878687027,34663.974263354234,34663.79453337204,34664.00942732501
Escherichia fergusonii,3007.374152010498,2890.2594396171903,3007.464222976576,2987.6485081522815,3008.5083486463527,2977.264783278897,3008.5159771906374,3008.5796093549047,2923.094167820922,3002.3842741352273,3004.555385922642,2805.283742780254,3008.5786795862527,3006.3141636432724,3008.3295368514473,3008.3911314538855,3008.496824961604,3008.5824395408135,3008.58199252694,22400.258815873916,3006.569090684004,1220767.5428794203,3008.50435706102,3008.5812630079477,3008.5080606782617,3008.557483250182,2980.8352698753088,3008.5827481326232,3008.5818261463123,3006.363282841132,3008.5607720865046,2924.616899771492,2995.225122277985,3008.382144495883,3008.549145882356,2562.730736948955,3008.5667059660914,3005.161742168168,3008.5543338387806,2998.8778364062714,3007.1137503044556,3006.721943371826,3008.46076950632,3007.7683046229345,2996.666188974403,3007.5748218007748,30116.62360795439,2981.3132046274245,3003.383151122595,3008.56163636759,138164.82840816,74915.32008594439,2.100255501059733e+22,6336216.794037675,2898.920544920543,2.8440285570555707e+19,1082436.8526665654,8997335388.78221,6333578.575405738,3008.5460947147485,3008.5721933209406,3008.302418910848,3008.57596933758,3008.273696606669,148101092.1025646,36540.689419463626,1776.912458564416,2915.749343415461,3008.244983270328,3008.5440864703583,36445600.618824735,2877.662572645158,2888.7368072216764,3008.5827963674733,118603294.78217506,3008.3510769669006,695.1112135066672,29306.22125145971,3008.569040269524,3008.568788545982,3008.4120309274535,3008.4549711940176,2983.352883036766,2968.6372169323504,1515408.1547091808,2839.8721134994466,3008.321146160597,3005.970306252782,3008.5532618838183,3008.5280964219082,2993.6065210519214,3007.6397467478346,3007.630661724301,3008.475597230747,674427.579092978,3008.4893216077357,31665.626662710616,0.0,75113.06448181003,620.1803032825496,771.7047956640937,3008.2851520042063,3008.008226091837,293.2340018514051,2251.3317829422467,3007.936529332218,3008.5828035664085,3008.582800895713,3008.5827937871254,3008.4493827138785,3008.5828028117853,3002.8159197352156,3007.2368241515587,3008.366983967017,3006.023682584267,3509711.965364105,3008.582799843698,3008.579284824036,2897.1957946451694,1399.3271701326562,3006.89755933551,2989.5776521507173,3008.200940451789,3008.4636903315163,3005.3139825474796,3008.470973114293,3008.5784260689516,3008.5813225728484,3008.4106114878527,3008.4059864075903,3008.217711192401,3008.4484574893236
Escherichia ruysiae,78105.22115615394,77989.91937424953,78105.30449944365,78085.92980833372,78106.31025931316,78075.72964285832,78106.31753896199,78106.37766909655,78022.34926481821,78100.36099069015,78102.47820477176,77905.93625195092,78106.37678859789,78104.20350733348,78106.14966594685,78106.2075321619,78106.29929576794,78106.38025326558,78106.37984841004,52727.11774752157,78104.43912813926,1145792.0447131987,78106.30646668591,78106.37917634127,78106.30994991185,78106.35687173424,78079.2788735811,78106.380528058,78106.37969498894,78104.23960552367,78106.36077022836,78023.87714325791,78093.35601185741,78106.18982861092,78106.35031551459,77665.57439902551,78106.365613405,78103.07128915365,78106.35498424387,78096.93183068238,78104.9655978682,78104.59465277822,78106.26488285357,78105.61422137219,78094.76518095675,78105.41311035647,45006.10521583995,78079.69136567818,78101.3321569414,78106.36154933371,63061.31795621657,260.61978646746604,2.100255501059733e+22,6261414.091248052,77998.43763283888,2.8440285570555638e+19,1007449.8397692238,8997261848.72765,6258776.536456905,78106.34732606537,78106.37082685907,78106.11516244942,78106.37425763225,78106.08643263874,148026787.1117571,38581.34950098596,73338.25339782402,78015.03207019268,78106.0579569436,78106.34576756704,36371041.43620451,77977.42720112189,77988.49792392914,78106.38056987949,118528884.02799028,78106.1714356533,75806.87538408759,45829.26392902278,78106.36776708084,78106.3675304348,78106.2251043903,78106.26473349656,78081.70450768522,78067.402365424,1440442.9513356797,77940.10061928455,78106.13174289773,78103.85217590973,78106.35297304536,78106.3289598215,78091.76133166744,78105.47607333126,78105.46866827687,78106.28313628292,599395.5897454188,78106.29637854485,43455.57604896141,75113.06448181003,0.0,74493.0073232049,75880.88198762428,78106.0969489871,78105.82933468695,75404.48075388375,77355.83643640368,78105.76072805554,78106.3805757403,78106.38057363317,78106.38056767569,78106.25420402028,78106.38057517343,78100.80283488175,78105.09390291676,78106.18576915677,78103.93031396074,3434848.6669027107,78106.38057277112,78106.3773472552,77997.00427025557,76507.27118360424,78104.77492733065,78087.84839143623,78106.02834177412,78106.27343445197,78103.24062370586,78106.27998926824,78106.37655882206,78106.37923270708,78106.22546617281,78106.22098891946,78106.0436657016,78106.2543732976
Escherichia sp005843885,3625.7242147607167,3508.811351987737,3625.8133015124254,3606.0512718857967,3626.8522904223764,3595.68863424681,3626.859870928311,3626.923006401898,3541.6041422932617,3620.750627361895,3622.915026385628,3423.938809386258,3626.922083434718,3624.670028408043,3626.6762691056824,3626.737328229873,3626.8408449582785,3626.925799578099,3626.9253589652612,21780.125936917088,3624.92209456707,1220149.2587334325,3626.848326768043,3626.924637961235,3626.851998697565,3626.901070684207,3599.25823069289,3626.926102923382,3626.9251944989296,3624.717098287769,3626.9044675207742,3543.1286692646613,3613.6100706627863,3626.7268848477306,3626.8930211766665,3181.6000774157465,3626.9102259846904,3623.519785366997,3626.898129492657,3617.253556914903,3625.4643511711843,3625.0755165905866,3626.8050166122807,3626.118614592814,3615.0472584261297,3625.9236799799182,29496.452044263693,3599.726520995459,3621.7459671454226,3626.9053187914033,137544.93644606587,74295.2374517778,2.100255501059733e+22,6335600.362779287,3517.455810055523,2.8440285570555707e+19,1081818.4377991452,8997334784.19953,6332962.150730549,3626.889975272733,3626.9156755338918,3626.647896680366,3626.919399225293,3626.619138049148,148100480.49636957,35920.520955869535,1157.145413362158,3534.25903738593,3626.590436853749,3626.8880403275252,36444986.597868994,3496.2229855607948,3507.3033166124064,3626.926150137126,118602682.1808394,3626.697879280248,1314.9910939652714,28686.092911766347,3626.9125334380137,3626.9122838530334,3626.757704364701,3626.800151133054,3601.7635029350863,3587.1013788103264,1514789.9957231043,3458.4817449127595,3626.6662921457705,3624.3246818234124,3626.8968969932844,3626.871890308831,3611.9940180991944,3625.9883516208765,3625.9795284765914,3626.820433959911,673808.6439281085,3626.834098121636,31045.45592174542,620.1803032825496,74493.0073232049,0.0,1390.7100501966418,3626.6304559704636,3626.3547550784174,912.5456770398728,2870.3162984863543,3626.2834830429906,3626.926157109022,3626.9261545355525,3626.9261476158385,3626.7937318050604,3626.9261563876903,3621.1842164322984,3625.5883891402073,3626.7135455069065,3624.3820501471637,3509094.901728839,3626.926153515615,3626.922681780473,3515.7747332230765,2018.5137173624528,3625.2520658694025,3607.9801025754673,3626.548712855989,3626.8088811424823,3623.6748960154573,3626.8160523302663,3626.921833556211,3626.9246970700406,3626.7565812429943,3626.7519728600187,3626.565265340513,3626.7929859360115
Escherichia coli_E,2235.6708794901797,2118.558934800467,2235.7609909915477,2215.943881594709,2236.805334540077,2205.560025148433,2236.812965202354,2236.8766196916363,2151.391301251391,2230.6804242193007,2232.8517563656883,2033.5934642305074,2236.8756896320406,2234.6106884320134,2236.626780911304,2236.688396943084,2236.7938073724654,2236.879451612294,2236.8790042974797,23170.07749895441,2234.8657030044815,1221529.5150314595,2236.801341712284,2236.878274384909,2236.805046758084,2236.85448498082,2209.130523527294,2236.879760469692,2236.8788378231907,2234.6598641623928,2236.857768783952,2152.9141497829073,2223.520788301171,2236.6790951872513,2236.8461349720324,1791.084049327776,2236.8637106995966,2233.458168269424,2236.851326261866,2227.173719831719,2235.410456929747,2235.018538892573,2236.7577418693927,2236.065416393434,2224.961941046879,2235.8715984154546,30885.834928878157,2209.608480698076,2231.679414714471,2236.858633723114,138931.7571672439,75683.30913726847,2.100255501059733e+22,6336974.557929528,2127.2189446678767,2.8440285570555716e+19,1083199.1540950413,8997336125.404398,6334336.325413522,2236.8430834092246,2236.8691997124715,2236.599337311696,2236.8729781976976,2236.570616675352,148101840.6153631,37309.656760547194,2547.8552759806303,2144.0464096086744,2236.541903075058,2236.8410725847643,36446353.57657554,2105.962609948796,2117.0374715100825,2236.87980875086,118604045.09411496,2236.648343607451,81.97623960803901,30076.05788072232,2236.866046251422,2236.8657944349147,2236.7089687000944,2236.751917136295,2211.6481792325326,2196.9334625759475,1516169.816539813,2068.1765169797104,2236.6180790694357,2234.2668674636416,2236.8502614257504,2236.825088933092,2221.902134978925,2235.9365336811593,2235.9274376783196,2236.7725506265683,675191.2657558012,2236.7862794214398,32434.688371040833,771.7047956640937,75880.88198762428,1390.7100501966418,0.0,2236.5820781223924,2236.3051001494105,478.4981044907517,1479.7198433840017,2236.2333853070395,2236.8798159687362,2236.8798132895745,2236.8798061727607,2236.746350526252,2236.8798152109634,2231.1120243488717,2235.5335027423957,2236.664250812615,2234.3204980793585,3510471.092261411,2236.879812235002,2236.87629518613,2125.497747835681,627.8075677407016,2235.1945098595693,2217.873032863095,2236.498151244524,2236.7606416516064,2233.610701742937,2236.767927116877,2236.8754359328145,2236.8783339876213,2236.707623949965,2236.7030253557205,2236.5149234999826,2236.7454171219447
Escherichia albertii,0.9782884598406104,118.82403431519614,0.8638868389942223,21.007590764692143,0.2462105631333009,31.47711988386517,0.25451847609278455,0.32913266349601666,85.90203271964077,6.079938306963086,3.8624930290899586,204.02793988305444,0.32828261339779163,2.2162985005556255,2.625683840858949,2.6202162969943035,0.23315859136279674,0.33355696351258296,0.3328268715157835,25401.491519778207,1.8020246954758479,1223737.100251416,0.24186605296525798,0.33181937201425615,0.2462680873864285,0.3023970460144085,27.962852248768666,0.33450097706331855,0.33246344504286823,2.014961156480355,0.3121580948728213,84.41344390641031,13.34143941061321,0.10707221016198007,0.31913986442026404,446.8146413719613,0.3127682279482409,3.2498765282857045,0.3151213930595503,9.638966386230072,1.2306297070818677,1.7159003265551822,0.19311015667235873,2.7531309022929267,11.876795704241353,0.7553683188225266,33115.43603965063,27.364725027207392,5.050963790846325,0.31488466596450426,141154.19238366385,77909.01492135691,2.100255501059733e+22,6339169.735103693,110.0901604014422,2.8440285570555716e+19,1085407.7140578995,8997338258.753614,6336531.461896001,0.30887581254637264,0.3186179140335003,0.10908098427991375,0.3249029568392738,0.01635295805512725,148104008.69028836,39538.4728746988,4783.505514277635,93.17847768255078,0.04343515928523408,0.3317578766461095,36448534.65776987,131.39595629945194,120.46336434890074,0.33449778461141744,118606218.43051824,2.715130699251998,2313.960161809857,32307.374032627336,0.31617101929552366,0.3159046922896529,0.7635539274096587,0.5884339359183076,25.32613436072045,40.60386848179811,1518376.4774304766,169.3169752621728,0.03791619849211832,2.4004129867763337,0.2965420403964352,0.2691369830775743,14.960099385162625,0.6883543829340063,0.7087575683166243,0.4547196511752356,677403.9313309772,0.49805331775762457,34663.85067013803,3008.2851520042063,78106.0969489871,3626.6304559704636,2236.5820781223924,0.0,0.29014791187181366,2715.064092311884,757.8800276759579,0.36814010495696975,0.3346932361733098,0.33462381105229705,0.3346411935955877,0.17999701927457773,0.3346719215699098,5.733649391032979,1.2498433303918777,2.6799230250182147,3.649053485505126,3512670.2804659246,0.33458701094026577,0.32907017004552447,112.21946716695132,1609.3138511843135,3.09523661487035,19.118027070762334,2.669114448333312,0.6785212965563356,4.151643623933437,0.6481145480804812,0.32765432716120224,0.3323378985208267,1.4713219511376587,1.6269386495436442,2.640530004399907,0.1882225199125249
Hafnia alvei,0.6915163382485987,118.53925206608257,0.5739642379607328,20.719554940551998,0.5342659637790641,31.18972973562754,0.5426271268831845,0.6162253723584062,85.61655539303035,5.79048569900628,3.5727526876049898,203.744105747001,0.615236233830013,1.9443344193277459,2.6502673120021,2.652635301904034,0.5213523924343644,0.6202367543691941,0.619575181463861,25401.220414479416,1.5121352142319429,1223736.8394752578,0.5297897409157807,0.6186080635655825,0.5341668098169888,0.5899798085569531,27.674697962953214,0.6208461418817208,0.6193360193366951,1.7250357949425559,0.596521330985509,84.12774722437551,13.052849434216943,0.39520666984833364,0.5934097788447013,446.5325305149054,0.6003950529757217,2.9600040244284886,0.5943345357062192,9.350008922744532,0.9406736622776786,1.4365709315859263,0.4815967801187505,2.7116962238242683,11.588133051438536,0.4661016131108911,33115.16605949819,27.077370306627596,4.761512373170164,0.59862618588367,141153.92606650488,77908.7470794872,2.100255501059733e+22,6339169.478115017,109.80542970057299,2.8440285570555716e+19,1085407.4529606204,8997338258.511454,6336531.204918965,0.5863302673792274,0.606601156453086,0.32307469823952806,0.6119070872480848,0.27616756896778993,148104008.44036442,39538.203362096705,4783.230337268205,92.89358989747312,0.2487119881095764,0.5975531751362272,36448534.40460831,131.11159116137213,120.17819624560703,0.6209092318023833,118606218.17931253,2.7410282993083173,2313.6822120323177,32307.103052854993,0.6035002798069516,0.6032167791604425,0.8611647289605894,0.7296459612479649,25.038511808563925,40.316576190185756,1518376.2169565808,169.03292545628648,0.3277360996873464,2.1106209894682864,0.5845156942840265,0.5568633254905815,14.671865276549475,0.3994928560854894,0.4245430679457521,0.6378729751349141,677403.6688319744,0.6760353610166677,34663.58093980257,3008.008226091837,78105.82933468695,3626.3547550784174,2236.3051001494105,0.29014791187181366,0.0,2714.7872469426065,757.5997563910803,0.07870570056287834,0.6209815092105535,0.6209530109567863,0.6209468039710099,0.46818406996886,0.6209719072373825,5.445654745175635,0.9962124152579801,2.7083404234046076,3.4675570769023523,3512670.0223056045,0.6209405304166636,0.6160223955134855,111.93340670336521,1609.0357569466096,2.9698503444542714,18.82939042721644,2.677555577154323,0.8077360150061593,3.939660863265812,0.7856602482497481,0.6148212479212557,0.6187996574330618,1.526336769652289,1.6768545902816556,2.6513305228122,0.46966122517357495
Klebsiella pneumoniae,2714.1534091359617,2597.055487739359,2714.243412891111,2694.431480490824,2715.2871988852403,2684.0493704422165,2715.2948242649154,2715.3584235255184,2629.886143144433,2709.1646314627556,2711.335284341905,2512.091367533771,2715.3574942009577,2713.0938241195413,2715.108717703922,2715.1702757549983,2715.275680374852,2715.361251230424,2715.3608046462105,22692.52387864793,2713.3485431180793,1221056.5685731785,2715.283209147454,2715.360075695196,2715.2869106577227,2715.336310049164,2687.6198181464133,2715.361559465458,2715.3606383955644,2713.142789624405,2715.3396066887203,2631.4090794559906,2702.006786353284,2715.1610475116545,2715.3279929964074,2269.569690128285,2715.3455283158232,2711.9415335482263,2715.3331754049304,2705.658844570589,2713.8930415761065,2713.5014408234533,2715.2396399189042,2714.547731415256,2703.447574584875,2714.3539976751285,30408.625543171558,2688.096963703043,2710.1632642204904,2715.3404701194513,138455.87672904064,75206.8088557129,2.100255501059733e+22,6336504.129267437,2605.7148855610217,2.8440285570555707e+19,1082726.0114558637,8997335667.775263,6333865.905082467,2715.3249419951726,2715.3510132021956,2715.0813717805217,2715.3547856833475,2715.0526461293125,148101375.76561168,36832.588191291696,2069.6316342241084,2622.5412141770043,2715.023933310216,2715.322939191575,36445886.04048626,2584.459424504857,2595.534473223675,2715.361607631859,118603579.15597671,2715.130272737016,402.5268389373681,29598.49797994232,2715.3478608201385,2715.3476092384026,2715.1910112965347,2715.2339129827055,2690.1364429192467,2675.4254476858177,1515697.0552327486,2546.6743308567384,2715.100076091802,2712.749848379798,2715.3320918714644,2715.30693686263,2700.3883636915816,2714.418905888427,2714.409839091977,2715.254512516338,674717.2995957687,2715.26823379115,31957.564240818563,293.2340018514051,75404.48075388375,912.5456770398728,478.4981044907517,2715.064092311884,2714.7872469426065,0.0,1958.1894192733182,2714.7155784472866,2715.361614814465,2715.361612150113,2715.3616050541177,2715.2282599171367,2715.3616140618947,2709.59642987942,2714.0161899537807,2715.146159513025,2712.8036572112956,3509999.8462294945,2715.361611100566,2715.3580989798406,2603.995019619309,1106.213011834406,2713.6772692938985,2696.360618336595,2714.9801953426836,2715.24263543201,2712.094127293402,2715.2499097391087,2715.357240932121,2715.360135226714,2715.189645064679,2715.1850308861635,2714.9969483048453,2715.2273472327474
Akkermansia muciniphila,756.9557473942597,639.4111923280137,757.0487345720942,737.0999455529533,758.1071000069278,726.6685022260156,758.1148649662211,758.1799457725939,672.3220228405371,751.9236676375699,754.1119631884312,554.2618930797319,758.1789968130568,755.8796052740511,757.9223699966336,757.9855237335976,758.0953510437987,758.1828895610547,758.1824227521821,24648.07173329208,756.1429084185377,1222994.710223197,758.1030275311168,758.1816674420758,758.1068247593337,758.1572598425588,730.2374913163121,758.1832147288538,758.1822506134769,755.934938143911,758.1601778646423,673.8386649858509,744.7188492368689,757.9786162383253,758.1479961075147,311.4493083960579,758.1666768652898,754.7222916646251,758.1534296330543,748.3940197131127,756.6941190320065,756.2937322961667,758.0586472356919,757.351065022772,746.169450337422,757.1598366218353,32362.972287034132,730.741974561107,752.9317869205172,758.1610830564288,140405.258789842,77158.52328860927,2.100255501059733e+22,6338432.481039153,648.1061442547948,2.8440285570555716e+19,1084664.9112891187,8997337545.495588,6335794.224355097,758.1449379205172,758.1722715611827,757.8966944389265,758.1762090547617,757.8681633545209,148103282.17720196,38786.418882683975,4027.4219377980958,664.9847836609077,757.8394631813919,758.1426966264615,36447803.05023165,626.8041965136707,637.8544985341495,758.1832662827637,118605489.86759627,757.943791363452,1556.5961237751424,31554.031781600796,758.1690927753709,758.1688348749216,758.0055737634318,758.0499126138594,732.7869529434296,717.9437504663372,1517634.4784490617,588.9267172626187,757.9164542555309,755.5408306955296,758.1528946630106,758.1272775196526,743.0948206261434,757.2254403046816,757.2155406883646,758.0715526111624,676659.3711731024,758.0854434263011,33911.61024811662,2251.3317829422467,77355.83643640368,2870.3162984863543,1479.7198433840017,757.8800276759579,757.5997563910803,1958.1894192733182,0.0,757.5268562291099,758.1832742798325,758.1832712470413,758.1832635044553,758.0469593571088,758.1832733924058,752.3488560621624,756.8139752792373,757.9603703746283,755.5845417074449,3511931.3868537727,758.1832700903248,758.1796228944469,646.2780944182042,852.0133566785437,756.4688235377378,739.0277050564425,757.7908087820556,758.0586069312224,754.8681384446855,758.0662197031503,758.1787319121861,758.1817283459543,758.0038105845001,757.9993438172517,757.8081907146482,758.0454517378236
Akkermansia muciniphila_B,0.6134131364658617,118.46458428720041,0.4958874545258161,20.64336407817088,0.6126915332256163,31.11387503958098,0.62105461830148,0.6947732693529177,85.54158929225238,5.713386281251572,3.495377290402085,203.66982981904852,0.6937753102368436,1.8699594014252876,2.6596905729995286,2.6642572116868855,0.5997577461793208,0.6987958081988778,0.6981321184454494,25401.150681974013,1.4341114302823001,1223736.7729959884,0.6081830989482414,0.6971580250787561,0.6125922519761032,0.6684863119459831,27.598429881890656,0.6993765744245991,0.697905050102276,1.6470963260392797,0.6738356541034913,84.05267767946422,12.976348368419265,0.4734135949810688,0.6689032160051189,446.45893707519724,0.6789093745646059,2.8823904148357675,0.6706960154105639,9.27327535652067,0.8626604504416062,1.3603274903701243,0.5599718793143942,2.702715163872215,11.511582817615265,0.38761458526084214,33115.09669341504,27.001537521279243,4.684428222775578,0.675891435390903,141153.8578705801,77908.67840040343,2.100255501059733e+22,6339169.4127798425,109.73078481328753,2.8440285570555716e+19,1085407.38638335,8997338258.450436,6336531.139587277,0.6623991728697836,0.6851379157647601,0.39573492379050534,0.6904308076967759,0.35390547107758424,148104008.37711367,39538.13414723516,4783.159244807562,92.81887945984467,0.3268021810231721,0.6716854588802166,36448534.340409525,131.0370989518577,120.10336195660385,0.6994531630564622,118606218.1156878,2.7503903222810178,2313.6101545343377,32307.03336138668,0.6820234727382758,0.6817398259880474,0.8977013034739578,0.7782430463803774,24.96254146644943,40.2402348745448,1518376.1505694082,168.95855674764334,0.40574060520291894,2.0332259299199587,0.6630133627323109,0.6353256338517262,14.595573999001093,0.3209899933183669,0.3472920394861525,0.6967489306593859,677403.6018249176,0.7332381911086668,34663.51165459412,3007.936529332218,78105.76072805554,3626.2834830429906,2236.2333853070395,0.36814010495696975,0.07870570056287834,2714.7155784472866,757.5268562291099,0.0,0.69951220209877,0.6994869990073243,0.6994767719828975,0.5464242339825756,0.6995028468299108,5.368061218788647,0.9280097416699513,2.7185745988351417,3.4188211539642843,3512669.956618731,0.6994782645067616,0.694568961767581,111.85815078276491,1608.9636484814307,2.9372327005476078,18.75284054882568,2.6823473910176867,0.8523972224076577,3.882402181529068,0.8326121038753392,0.6933750308918495,0.6973080185599483,1.546842032581438,1.695556714925326,2.656917773009729,0.5463700167461889
Erysipelatoclostridium ramosum,1.311448022307161,119.13573492656654,1.194113706151678,21.32704111927632,0.08949452089151186,31.794800054121655,0.08154002356915466,0.01259542760507676,86.21520499724808,6.404444949584286,4.188634394689762,204.33772098522752,0.010456291640235189,2.5446841406486147,2.678894295516882,2.664070609992744,0.10252554445735762,0.007045257203317904,0.007655674218467696,25401.780212780937,2.131542473980454,1223737.3744097864,0.09381923188256394,0.00787444319894048,0.08922359765611318,0.03467961751938299,28.282587770322852,0.0011772023654434435,0.010804470829032301,2.3440944572970612,0.12716846300054158,84.72711764872383,13.662577734818615,0.22836443224291159,0.19130187885768346,447.12115084149775,0.026783196686377096,3.577278954963842,0.16441732058403122,9.96141363985406,1.5603126845951136,2.0477571089268407,0.1423000570894391,2.878135658022686,12.198272039081184,1.0870060449525587,33115.72307916339,27.682345635755635,5.3755652356857,0.1312554653350139,141154.47417244987,77909.29887283381,2.100255501059733e+22,6339170.004217741,110.40176115295978,2.8440285570555716e+19,1085407.988649798,8997338259.003939,6336531.730994731,0.1752240473720577,0.03367612291416517,0.35610824968679544,0.012546811260648693,0.3499868208506852,148104008.95028448,39538.75923311983,4783.800391782438,93.49041609259773,0.3740056384732582,0.2289087372943493,36448534.92190215,131.7068075281848,120.77585804767456,0.0024934321894023756,118606218.69214392,2.766765602527559,2314.2594777669715,32307.662539968467,0.021574157764662122,0.021598952953594697,0.8286281056939003,0.6326033818973256,25.64444345051459,40.926097202019044,1518376.7511816446,169.6272173989869,0.29749249391221366,2.7271816961181634,0.04216364445843321,0.06650020488433962,15.28019109493379,1.0204586103816011,1.0425170699867194,0.4785120388081283,677404.2078269742,0.5138097902036829,34664.13734535808,3008.5828035664085,78106.3805757403,3626.926157109022,2236.8798159687362,0.3346932361733098,0.6209815092105535,2715.361614814465,758.1832742798325,0.69951220209877,0.0,0.0011369608042155186,0.0011305321058780672,0.1561242966227907,0.0005814409357779032,6.063112884639364,1.572921024956105,2.7285106100053937,3.9024799788806543,3512670.5511274105,0.0013996762320525637,0.010466465783636705,112.53411288125113,1609.6134071181698,3.3002421731739697,19.43927117554685,2.740962037277772,0.718413704541609,4.429336427720094,0.6825931180367737,0.014644613924061632,0.004463214646048344,1.5218330527101536,1.6756225826718765,2.709635567546511,0.19953914003493173
Catenibacterium sp000437715,1.3113870511107315,119.13573107253983,1.1940954310600544,21.327035607747376,0.08938182181520955,31.794795059850518,0.08140465059329792,0.011895357640107138,86.21520093211153,6.404436865703309,4.1886248332699365,204.33771737068446,0.009818495566471658,2.5444923210237325,2.67838144615381,2.6635567363916075,0.10241649972820221,0.006362322603358339,0.006983309731151194,25401.780210505625,2.131527575690253,1223737.3744079308,0.09372706642427596,0.007133742656231035,0.08913631001184245,0.03441995936388807,28.28258213011954,0.0006112963685268323,0.010122422179719044,2.344080633751487,0.12644161545757074,84.72711343510035,13.662571888171389,0.22831827119096196,0.19056675655135694,447.1211475595506,0.026357992026786854,3.5772674168918113,0.16368450639641924,9.961406897401794,1.5602985997272423,2.047613690266872,0.14219561265270142,2.8776309040154824,12.198265126250687,1.0869834154908173,33115.72307694624,27.682340623967157,5.375556690568093,0.13052293875780904,141154.4741703973,77909.29887071688,2.100255501059733e+22,6339170.004215996,110.40175731196648,2.8440285570555716e+19,1085407.9886479322,8997338259.003937,6336531.730992986,0.17450848353980405,0.033041604488124224,0.3558183189946132,0.012073573464976105,0.3499260737546806,148104008.9502829,39538.75923092564,4783.800389252869,93.49041216675047,0.37396580132173207,0.2281784628894456,36448534.9219005,131.70680379121856,120.77585411955471,0.0019243544690238875,118606218.69214232,2.7662197043825847,2314.259475008616,32307.662537699976,0.021198371772390808,0.021280534758266047,0.8280347763536744,0.631938645191057,25.64443831808537,40.92605448737232,1518376.7511797983,169.6272136694674,0.2974288325558653,2.7271698946797986,0.04189391590487802,0.06637284028044345,15.280185252621411,1.0204331728853977,1.042445183583204,0.47782241871692616,677404.2078250627,0.513088622785261,34664.13734315302,3008.582800895713,78106.38057363317,3626.9261545355525,2236.8798132895745,0.33462381105229705,0.6209530109567863,2715.361612150113,758.1832712470413,0.6994869990073243,0.0011369608042155186,0.0,0.0007083337231918999,0.1560593799161853,0.0006596783965594568,6.063043699019929,1.5726737876370938,2.727978098170651,3.9021039918813245,3512670.5511256326,0.0007233086552953477,0.009830579652863804,112.5341055821587,1609.6134043443312,3.2998030271175254,19.439264875892277,2.7404375121161872,0.7177350965336591,4.429014908283443,0.6819246294521722,0.01394100716952556,0.0042103083988099315,1.521385427418433,1.675198714219942,2.7091202206072684,0.19912518753480418
Catenibacterium mitsuokai,1.311398332503001,119.13572212415966,1.194083292080334,21.327025115491423,0.08941326136279593,31.794784953588696,0.08144464885967644,0.012347002215553335,86.21519172301387,6.404425173721683,4.188612753551844,204.33770872917154,0.010180685557941094,2.5445968546696816,2.6790055712163907,2.6641851552183513,0.10244379521321141,0.006965542486488474,0.0075536734816804615,25401.78020418202,2.1315141267607007,1223737.3744025503,0.09372833954426443,0.0076457707232409225,0.08915808136011133,0.03456464196212103,28.282571660790463,0.0006878645245367198,0.010735951808655142,2.344068123651908,0.12688190821350656,84.72710407461567,13.66256065314243,0.2283110619212285,0.19099526957144153,447.12113940734883,0.026599267328785398,3.577255913575175,0.16412008272704007,9.96139545612252,1.5602850678355547,2.047676578184979,0.14221975271396217,2.8782105506462847,12.19825445138684,1.0869722852955743,33115.72307074745,27.682330529683327,5.375545296469251,0.1309879799441496,141154.4741645616,77909.29886473727,2.100255501059733e+22,6339170.004210879,110.40174837627961,2.8440285570555716e+19,1085407.9886425277,8997338259.003931,6336531.730987871,0.17494882016633492,0.033518517383598456,0.3559671178420835,0.01228564003563171,0.3499432537727206,148104008.95027822,39538.759224776695,4783.8003824086445,93.49040319215702,0.3739590438324405,0.22862701337980199,36448534.92189562,131.70679497481416,120.77584499712908,0.0025904483100671863,118606218.69213755,2.7668335405783004,2314.259467723474,32307.66253139056,0.02140738124088783,0.021492623304363197,0.8285246303918911,0.6323948673394105,25.644428013766557,40.92608520732338,1518376.75117444,169.62720494207147,0.29744505796529935,2.727158587690527,0.04207702957955075,0.06641544333502088,15.280174664297565,1.0204263360551575,1.0424637267524943,0.4782567716878025,677404.2078195504,0.5135243279492441,34664.137336981206,3008.5827937871254,78106.38056767569,3626.9261476158385,2236.8798061727607,0.3346411935955877,0.6209468039710099,2715.3616050541177,758.1832635044553,0.6994767719828975,0.0011305321058780672,0.0007083337231918999,0.0,0.15603824942052025,0.0006310599670459002,6.0630669609200005,1.5728005186416094,2.7285979459440473,3.9025247643070164,3512670.551120437,0.0013305984608427775,0.01027292652779271,112.53409802191888,1609.6133970347335,3.3003036990279915,19.439254071421875,2.7410485974127443,0.7182019232689854,4.429381546839453,0.6823975354294293,0.01441040104193006,0.003914688066991491,1.5219688176804334,1.6757995681994358,2.7097360390462923,0.1993537952643717
Holdemania filiformis,1.157754890015228,118.99492300360554,1.0420174553915866,21.181886294722826,0.06752077317725937,31.650663416114618,0.07580717789402858,0.15080325435562986,86.0735884823605,6.256249986139069,4.039396199104268,204.1979485470202,0.14976291959878632,2.393239887799182,2.6532021395127012,2.642759605860827,0.05456164431682415,0.15526258562322529,0.15450977768762794,25401.651322352725,1.9800559089480023,1223737.252677948,0.06264051484058887,0.15341077537515746,0.0674650386752597,0.12387890586327084,28.13728560299049,0.15589854709253523,0.15437848059916598,2.1928957417456747,0.16148171721121982,84.58522252389903,13.516423127898221,0.07326133699322417,0.19715952067076373,446.9831238822072,0.13438729074113115,3.4272592243837385,0.18074942304439767,9.814474224485211,1.4086325257203745,1.8946990130943664,0.017494266343715793,2.8196270723414507,12.05192104311326,0.9339905995736121,33115.59501384706,27.53823580325317,5.227293562894593,0.16609922015345113,141154.34870787675,77909.17234049794,2.100255501059733e+22,6339169.88492711,110.26100200390651,2.8440285570555716e+19,1085407.8667072242,8997338258.89359,6336531.611711484,0.1813224971284287,0.14200384702885682,0.21295719585852418,0.146217812290648,0.1950271835376739,148104008.8353605,39538.63150679293,4783.668385458352,93.3494714208561,0.21977881479951414,0.22645851367798103,36448534.80500421,131.56645534095506,120.63461588292564,0.15603390599896796,118606218.57644355,2.7415572122343295,2314.125202492018,32307.53374236567,0.13762959879943307,0.13737347055894414,0.7819222543290874,0.5890227713302093,25.499942559651117,40.77979334415225,1518376.6296476093,169.4871919908914,0.14249814524434806,2.5774866225557154,0.11841551015130994,0.09040402458127669,15.134650271873927,0.8672114449902772,0.8884062301654398,0.4361895326022828,677404.0849569867,0.477576742975542,34664.00946141493,3008.4493827138785,78106.25420402028,3626.7937318050604,2236.746350526252,0.17999701927457773,0.46818406996886,2715.2282599171367,758.0469593571088,0.5464242339825756,0.1561242966227907,0.1560593799161853,0.15603824942052025,0.0,0.1560918009519693,5.912163129868453,1.4229108107351032,2.7048372063117423,3.78693145258518,3512670.4310899577,0.156059042184644,0.15066256656258206,112.39170780067845,1609.4790078549117,3.2061510176310923,19.29308510849401,2.70654563511278,0.679857919806294,4.303155256271597,0.6455848452151653,0.14946847091110213,0.1534954555915114,1.4921006319823316,1.6481676840833437,2.676573794380635,0.09834344174674292
Holdemanella biformis,1.3114261507707685,119.13573372729235,1.1941068240098531,21.32703925592202,0.08945635625698818,31.79479839693571,0.08149260818232566,0.012380678708674358,86.21520371470595,6.404442062267395,4.188630921703871,204.3377198764081,0.010243149670425335,2.5446206314668123,2.678815909759281,2.663992669159744,0.10248727788642849,0.006890954546587729,0.00750106359416538,25401.780212159865,2.1315365590567352,1223737.3744092977,0.09378059111203661,0.007650795122161804,0.08919535832491766,0.034602626351826295,28.282585877639985,0.0007356711822298444,0.01064831904445967,2.34408930233702,0.12692178906596915,84.72711629008644,13.66257565450349,0.22834684067285296,0.19104574344985137,447.1211498627807,0.026646718196636197,3.577274908053623,0.1641653357445783,9.961411199912982,1.5603073099034723,2.0477069495880293,0.1422640110324765,2.8780496358938548,12.198269638607224,1.0869976380105557,33115.72307856126,27.682343968339,5.37556223106645,0.13101548117270106,141154.47417190025,77909.29887226384,2.100255501059733e+22,6339170.004217286,110.40175995756395,2.8440285570555716e+19,1085407.9886493061,8997338259.003939,6336531.730994276,0.1749865839248334,0.03351018212237807,0.3560098577972965,0.012371124198324692,0.34997034989155457,148104008.95028406,39538.75923252512,4783.800391076305,93.49041486642842,0.37399048482265473,0.22866346970490944,36448534.921901725,131.70680637271423,120.77585681058015,0.002376622854007151,118606218.6921435,2.766666572483465,2314.259476980586,32307.66253934961,0.021459028483731067,0.02151479049297478,0.8284630161858096,0.6323924236318792,25.644441720669914,40.92608844441624,1518376.7511811582,169.62721624482137,0.29747418157499217,2.7271774738876178,0.042098681095065135,0.06645721395809094,15.280189108210305,1.0204505091991678,1.0424921443834505,0.47828302619314167,677404.2078264683,0.5135642830720706,34664.13734475988,3008.5828028117853,78106.38057517343,3626.9261563876903,2236.8798152109634,0.3346719215699098,0.6209719072373825,2715.3616140618947,758.1832733924058,0.6995028468299108,0.0005814409357779032,0.0006596783965594568,0.0006310599670459002,0.1560918009519693,0.0,6.063088802195855,1.572835478050742,2.728420296954098,3.902415168266902,3512670.5511269444,0.0011793085997931383,0.010280612268278227,112.53411048969816,1609.613406326496,3.300167864699601,19.439269005588866,2.7408741348004746,0.7181976276847212,4.429283991042284,0.6823839085540023,0.014432134368026215,0.0041845965225178455,1.5217734693843121,1.6755830827525648,2.709553853809962,0.19940069120494539
Streptococcus salivarius,4.7588777301862715,113.21246373252336,4.874426123073119,15.349418147809883,5.977425015848809,25.825461510085795,5.985625379259979,6.057984435203107,80.27886301571444,0.6860176202394024,1.9200872365614325,198.43220587735834,6.057204816991601,3.605279861907254,6.118321435878104,6.182927899631678,5.96458089645545,6.062060128593202,6.061414002715104,25396.13152093988,3.941201450970774,1223731.9356739938,5.97315948142217,6.0604774603047336,5.97742689542013,6.032340142154933,22.29524713460711,6.062946572669257,6.060984646039832,3.7298616674938128,6.023718885493059,78.78578596394293,7.6862722162520125,5.839584503569661,6.004074990224524,441.24960072282636,6.042391568333406,2.5105913200243726,6.012638178166516,3.9978777988240415,4.509718357543026,4.043724264481407,5.924987655400459,5.568270962041809,6.225462850391755,4.9828358205501635,33110.097260592665,21.71670623600152,0.8711806516914103,6.024634009960977,141148.92279233807,77903.71650477652,2.100255501059733e+22,6339164.642518872,104.48009537896925,2.8440285570555716e+19,1085402.5433842628,8997338253.944405,6336526.369532696,6.002322020896936,6.047378746187966,5.736647769739679,6.054030828876911,5.719584704897707,148104003.73241886,39533.1429147697,4778.069046065092,87.5664532820575,5.693477254548594,5.995241950385392,36448529.63809558,125.79200253488573,114.844136813877,6.0629258012918505,118606213.44816653,6.162186476102495,2308.471784788674,32302.016385749153,6.045670007846457,6.045425718133113,5.825191407207764,5.871670450743996,19.673541120351885,34.901819078429064,1518371.3185921907,163.71767182416724,5.771526138520959,3.3503644383753564,6.026765260391285,5.999775701050276,9.309334937930291,5.049378326934159,5.0284603623598265,5.900175964710396,677398.7340608207,5.913740246663555,34658.516605420955,3002.8159197352156,78100.80283488175,3621.1842164322984,2231.1120243488717,5.733649391032979,5.445654745175635,2709.59642987942,752.3488560621624,5.368061218788647,6.063112884639364,6.063043699019929,6.0630669609200005,5.912163129868453,6.063088802195855,0.0,4.573613824124637,6.171169478338012,3.967433907613091,3512665.165592917,6.063016050374257,6.057913489403184,106.58008632025786,1603.8230029910217,4.742477070086616,13.446220482757287,5.993488035743541,5.880929710355599,3.372722550753114,5.890016127664564,6.056505952068946,6.061012785565301,5.900445893230115,5.927740106683,6.00487474617517,5.898728643417003
Streptococcus sp001556435,0.4509465822825912,117.73247578875484,0.5787043024876666,19.898379543543957,1.4856165682921205,30.370776821656662,1.493172229802725,1.5649760931403143,84.80640544696149,4.9764693164680684,2.775743091675274,202.9417846836558,1.5649236601996135,0.9860191503124645,2.4802106863419024,2.5105583369805116,1.4728865691095117,1.5703531552929977,1.5695386025265303,25400.472025277224,0.8243786452395936,1223736.128172387,1.4820253327240847,1.5685061083388483,1.486178947191765,1.5392700413583074,26.850260435737226,1.5725380538160807,1.5684635485984089,1.0044844913876432,1.505525057168807,83.3161563090658,12.231953683062157,1.3538552285890133,1.473802705819177,445.73836997376384,1.5483875267653173,2.1704098307112973,1.4872505063542498,8.530431808551105,0.5142362426417413,0.5484915509401694,1.4342111857786064,2.306457659433395,10.767505609104061,0.6292021536247397,33114.42190473237,26.2595453699948,3.9550730006763026,1.5057355267235881,141153.1953257541,77908.0108181467,2.100255501059733e+22,6339168.779638428,108.99907490535824,2.8440285570555716e+19,1085406.7405547232,8997338257.860712,6336530.5064813085,1.4753938272957552,1.550195832181496,1.2204504871990376,1.5618546304202576,1.235874630860721,148104007.7650506,39537.46094947038,4782.466084394529,92.08664425811706,1.217119978905628,1.4587313549529706,36448533.71878901,130.30697056329808,119.36922921397445,1.5722414088323768,118606217.49985994,2.556523393082827,2312.9065138357405,32306.355137192284,1.5527891232435997,1.5526684514450209,1.2832564970347924,1.307309866129444,24.219239493671157,39.457285393994766,1518375.5066896367,168.22950271267766,1.2858214114677406,1.3668788893059574,1.5325322274010758,1.5078758034331674,13.852533552861482,0.6694734013945545,0.6108253078938062,1.3364817326248677,677402.9515797497,1.3487613826746814,34662.8377172172,3007.2368241515587,78105.09390291676,3625.5883891402073,2235.5335027423957,1.2498433303918777,0.9962124152579801,2714.0161899537807,756.8139752792373,0.9280097416699513,1.572921024956105,1.5726737876370938,1.5728005186416094,1.4229108107351032,1.572835478050742,4.573613824124637,0.0,2.540161597660485,2.613518846326678,3512669.31989571,1.5725720837535835,1.5655276592008298,111.11695375255432,1608.259483411081,2.2821311825674298,18.00335546362787,2.443754512133757,1.323288442849467,3.0240404047127485,1.3301163277569077,1.5631869307506925,1.5703830392403775,1.62134319316496,1.7311080137336783,2.4317645371181387,1.3843559387686595
Streptococcus thermophilus,2.803256496551825,118.91973634095457,2.8329538456216854,21.229885101555055,2.7065980064482527,31.646593332332998,2.706519606637098,2.7173733931518504,86.00712618000516,6.6837410005148685,4.734816704207698,204.1136522157481,2.7203026203508776,3.0114188686604426,0.09220695040865323,0.10405056240594725,2.704414494348736,2.721908526578508,2.7213550411778806,25401.578078204566,3.2487786022857614,1223737.1921186226,2.7093084228243716,2.7213457049505902,2.7082800753738265,2.7128437586188134,28.141276208506238,2.728002670906801,2.7181399537426043,3.373093328433605,2.613592859632168,84.5181759059414,13.657782132198575,2.6976732225439575,2.5579821238684706,446.894838103803,2.7117395354973834,4.237937587866471,2.5808141581559325,10.0505664523869,2.9700317959111593,2.920776106278634,2.6985034453297856,0.6624766484973529,12.221718249522754,2.7945778665576935,33115.523397021694,27.5515761914433,5.756368595074665,2.60764086789144,141154.28190693105,77909.10360721353,2.100255501059733e+22,6339169.828046953,110.18847740153245,2.8440285570555716e+19,1085407.8058160949,8997338258.848011,6336531.554842016,2.5708569404975616,2.6982433207748544,2.583588425613482,2.7207540915295545,2.6788540154196907,148104008.78438234,39538.56053868827,4783.588955285102,93.2821793892088,2.6932672087254916,2.520981485422225,36448534.75145792,131.49005992410517,120.55750325305637,2.7262457911944717,118606218.52447389,0.06851843106780779,2314.0410184347,32307.460657219603,2.7162242126595206,2.7163160625395824,1.961439235394739,2.158131545112279,25.522245502470614,40.559317076208885,1518376.5693974246,169.40540624235982,2.6829139337538397,3.626580657676843,2.707252225065822,2.710529292750325,15.249287997211056,2.770890815198895,2.720232841353922,2.3050623845798035,677404.0225768072,2.273652251385355,34663.938196507355,3008.366983967017,78106.18576915677,3626.7135455069065,2236.664250812615,2.6799230250182147,2.7083404234046076,2715.146159513025,757.9603703746283,2.7185745988351417,2.7285106100053937,2.727978098170651,2.7285979459440473,2.7048372063117423,2.728420296954098,6.171169478338012,2.540161597660485,0.0,2.4957607631395264,3512670.373115576,2.727496487534027,2.719484437766069,112.30226164771288,1609.3951933228511,1.5810104079610892,19.351579282032265,0.19186342887299798,2.075366177958398,3.2222177405853403,2.10272560076653,2.715558040880385,2.7282578754874636,1.239822797572277,1.0860706769844415,0.17654463385882485,2.6126753417304833
Adlercreutzia celatus_A,3.0200070871251907,116.49994352525701,3.13858210718486,18.80104675691077,3.8315844631245346,29.21064169275798,3.836973819149286,3.8918854575891273,83.58107450930899,4.544514233618578,3.058814750140205,201.70263546131227,3.89326852269254,2.1406178247324537,2.4599688921870433,2.5332774658337938,3.8216303133948264,3.8975102235427634,3.896719830016061,25399.29009687664,2.775226913142548,1223734.999328087,3.8305524147290004,3.8961086200276074,3.8326883597405867,3.871984997264581,25.69822942783878,3.902057394185574,3.8943506684327334,2.7324016605008015,3.8019158799623893,82.08963981845119,11.262187418320908,3.733349679594917,3.7525992290185406,444.5007711173969,3.8779121727715573,2.8139723535969177,3.7732124389156096,7.712793956617942,2.969527257853499,2.5038890583000577,3.791380151833724,1.8376236753460358,9.842348083356237,3.1895217893596794,33113.245947531745,25.12040105663918,3.770828650698814,3.7986735941323335,141152.038434739,77906.8460436525,2.100255501059733e+22,6339167.669500806,107.76955349867623,2.8440285570555716e+19,1085405.6101085355,8997338256.821314,6336529.396400685,3.75967401236141,3.8724237321373405,3.5850136061882334,3.891467091189306,3.638299638555718,148104006.68903476,39536.287450605705,4781.262459166043,90.86228579105143,3.630751058239951,3.722540789249486,36448532.627246164,129.0744735808725,118.13340190240622,3.9008918988371266,118606216.41771734,2.4731016975923863,2311.6877916970107,32305.173848874703,3.882988525874434,3.882867026296101,3.233082696923373,3.3971776706809242,23.090374045567703,38.09537674123975,1518374.3793505274,166.9924115816116,3.6768942741335437,2.7113299507330586,3.8645976625423866,3.848998475860618,12.844889738381852,3.221111714024566,3.1641002393513067,3.514555473631303,677401.8141088235,3.503742034225955,34661.66307913344,3006.023682584267,78103.93031396074,3624.3820501471637,2234.3204980793585,3.649053485505126,3.4675570769023523,2712.8036572112956,755.5845417074449,3.4188211539642843,3.9024799788806543,3.9021039918813245,3.9025247643070164,3.78693145258518,3.902415168266902,3.967433907613091,2.613518846326678,2.4957607631395264,0.0,3512668.204006352,3.9017670397075035,3.893198485749276,109.86759576465514,1607.0406406743205,0.9165727857324503,16.91906961997859,2.3082303346064705,3.3500395893807635,0.7324830825480169,3.374969848941171,3.8897338745498424,3.900960349819665,2.842194812521076,2.7748718878496406,2.3319217065061433,3.7166095633925313
Bifidobacterium longum,3512669.438923022,3512556.5243393052,3512669.516614382,3512650.6486544954,3512670.4844849785,3512640.6779220025,3512670.491437113,3512670.548446795,3512588.3651523134,3512664.7206146875,3512666.778080234,3512474.02519361,3512670.5476119155,3512668.4617219656,3512670.338403053,3512670.393020359,3512670.474035391,3512670.5508354944,3512670.5504634916,3487449.240599726,3512668.6814120654,2289401.589929572,3512670.480873295,3512670.5498383963,3512670.484164823,3512670.528810188,3512644.1807596353,3512670.5510850823,3512670.550320732,3512668.488470281,3512670.533019607,3512589.884261582,3512657.894854689,3512670.3694411484,3512670.5234599966,3512237.378948845,3512670.5371145867,3512667.3557817624,3512670.5277311876,3512661.380568153,3512669.1894824794,3512668.8370927665,3512670.441156166,3512669.826957755,3512659.2672615596,3512669.6227009185,3479747.8122496554,3512644.538378008,3512665.662117281,3512670.533733224,3371898.802109944,3435059.8350767773,2.1002555010597324e+22,2826877.5711113364,3512564.857691958,2.844028557055237e+19,2427758.306637966,8993853212.128979,2824247.000672313,3512670.5205615615,3512670.5420732736,3512670.2990738577,3512670.5452336334,3512670.2707331446,144599315.77808288,3473343.151924104,3507949.7317022835,3512581.128614553,3512670.242729471,3512670.51930303,32939133.893856004,3512544.2168079703,3512555.197776948,3512670.551122374,115099335.92934988,3512670.360006037,3510400.0906164236,3480587.9558987976,3512670.5391210597,3512670.5388977677,3512670.407696072,3512670.4446154786,3512646.5138850203,3512632.656251791,1994813.7734905395,3512507.5662232125,3512670.3140411153,3512668.108787759,3512670.525177142,3512670.5022444683,3512656.33232159,3512669.683610528,3512669.677434792,3512670.4613300757,2835854.182356679,3512670.474058548,3478199.2878025104,3509711.965364105,3434848.6669027107,3509094.901728839,3510471.092261411,3512670.2804659246,3512670.0223056045,3509999.8462294945,3511931.3868537727,3512669.956618731,3512670.5511274105,3512670.5511256326,3512670.551120437,3512670.4310899577,3512670.5511269444,3512665.165592917,3512669.31989571,3512670.373115576,3512668.204006352,0.0,3512670.55112489,3512670.5481323437,3512563.6753454027,3511091.959628635,3512669.0189357293,3512652.5427075853,3512670.2234914904,3512670.4531655754,3512667.5357514457,3512670.4591596965,3512670.5474003847,3512670.549891908,3512670.409295475,3512670.4050320974,3512670.23765786,3512670.4319657963
Bifidobacterium pseudocatenulatum,1.3113641778244072,119.13572968399761,1.1940896417018423,21.32703377729648,0.08933101907118947,31.79479337628961,0.0813480544229369,0.011517822990655848,86.21519948719973,6.4044342809227235,4.188621795219844,204.3377160551161,0.009527191711562397,2.5444054506530316,2.6778934722894974,2.6630661843207295,0.10237122310506022,0.005803980103965096,0.006445012254275154,25401.780209585046,2.1315238108963013,1223737.3744071599,0.09370579371955261,0.006719429192088714,0.08909231103689211,0.034273013082796545,28.282580203834147,0.0010872511322193156,0.009596369349446894,2.3440762878191945,0.12612835255835195,84.72711199258596,13.662570185126047,0.22830265993343848,0.190269382643005,447.12114632865865,0.02614809147847588,3.5772632256301407,0.16337844614114835,9.961404942879579,1.5602943857462273,2.0475563814041884,0.14215129554152056,2.877175512427764,12.198262846289433,1.0869757442631651,33115.72307604566,27.682338942874264,5.375553797511658,0.1301837069151603,141154.47416955465,77909.29886985135,2.100255501059733e+22,6339170.004215267,110.40175593028351,2.8440285570555716e+19,1085407.9886471576,8997338259.003937,6336531.730992257,0.17418536267518417,0.03262460753652283,0.35569284958341485,0.011904796866029783,0.3498875321106933,148104008.95028225,39538.75923003302,4783.800388247292,93.49041075416065,0.37395275824253216,0.22785722971194503,36448534.92189981,131.70680244002756,120.77585273555691,0.0013010330138168676,118606218.69214164,2.765744072414969,2314.259473932029,32307.66253678179,0.020994910024816536,0.02106769431302432,0.8276748572016805,0.631610264765806,25.644436642099485,40.926020645549315,1518376.7511790309,169.62721231996088,0.29739132180570416,2.727165843161155,0.04169748645083426,0.06631503958808993,15.280183307128517,1.0204206994646092,1.0424156759510466,0.4775110372657515,677404.2078242709,0.5127804929895916,34664.13734225654,3008.582799843698,78106.38057277112,3626.926153515615,2236.879812235002,0.33458701094026577,0.6209405304166636,2715.361611100566,758.1832700903248,0.6994782645067616,0.0013996762320525637,0.0007233086552953477,0.0013305984608427775,0.156059042184644,0.0011793085997931383,6.063016050374257,1.5725720837535835,2.727496487534027,3.9017670397075035,3512670.55112489,0.0,0.009458022083779232,112.53410277889759,1609.6134032622595,3.2994054487860702,19.43926280334357,2.7399600988475394,0.717402227132052,4.428718512925598,0.6815862105129314,0.013558596892487895,0.004608024322840431,1.5209281082543538,1.6747181095359507,2.7086381235426935,0.19894034712689723
Bifidobacterium catenulatum,1.3060974249588158,119.13185708201195,1.1893436108095778,21.322904478270864,0.0834506313775155,31.790729056614417,0.0752756221091362,0.002513992416241302,86.2112828826176,6.4000848218586786,4.184183792656779,204.33389858648474,0.0015328455332666285,2.537860717277466,2.6698807246210423,2.6551799347816387,0.09651474375550546,0.005380718180441469,0.004419620952844446,25401.776884917283,2.1268657737384586,1223737.3713543296,0.08809202196035684,0.003253953715101031,0.08338814282750885,0.027264698765806315,28.27844142596869,0.00975876816367548,0.0046696576420046185,2.3394482940147725,0.11718288614803828,84.72317851042186,13.65837664994617,0.2230014814059463,0.1813292398299117,447.1174172354172,0.01784559832430829,3.572747739300922,0.1544386129899312,9.957152958331447,1.5556177670741145,2.0415264002989546,0.1363850435873817,2.868466345693335,12.194047000408453,1.0821069979330606,33115.71978432783,27.678275608794582,5.3711933799836125,0.12126555096796346,141154.47097875702,77909.29563813754,2.100255501059733e+22,6339170.001248868,110.39788612481911,2.8440285570555716e+19,1085407.985586733,8997338259.001266,6336531.728026115,0.16507743247758008,0.023271670851379603,0.3481147727177063,0.005159388134889305,0.3443597326113413,148104008.94746405,39538.75595171646,4783.796934532662,93.48653046775657,0.368813300917969,0.2189058209396136,36448534.91901557,131.70295447876572,120.77195727027761,0.008587145731234987,118606218.68929765,2.7576505510331346,2314.2559210394397,32307.6592158467,0.013397695404962997,0.01364217897043645,0.8186924363301525,0.6225588089860872,25.640349704110285,40.92135083447345,1518376.7481333092,169.62338009162224,0.2918465299347951,2.7226716424537942,0.03415218501648593,0.06038931832460224,15.276027050510704,1.015482711790358,1.0369876944261565,0.4683868410079118,677404.2047301602,0.5037853537079195,34664.13405771547,3008.579284824036,78106.3773472552,3626.922681780473,2236.87629518613,0.32907017004552447,0.6160223955134855,2715.3580989798406,758.1796228944469,0.694568961767581,0.010466465783636705,0.009830579652863804,0.01027292652779271,0.15066256656258206,0.010280612268278227,6.057913489403184,1.5655276592008298,2.719484437766069,3.893198485749276,3512670.5481323437,0.009458022083779232,0.0,112.53011434472181,1609.609844774418,3.290548868324696,19.43506373934431,2.7316838798400203,0.7084776337675742,4.420545184962827,0.6726760869799974,0.004308451228709993,0.009390174113288838,1.51272790389822,1.6666710698893255,2.700425455549009,0.19041988468598786
Bifidobacterium ruminantium,111.27002817468808,7.2689190722327695,111.36976345152692,91.24266460704365,112.45424506435785,80.76312485003257,112.4622725032781,112.53041634146976,26.34999701531592,106.17505291756761,108.38833072447603,92.03857706393345,112.52944282798458,110.1614567175312,112.26294590564622,112.3293797609586,112.44203199789338,112.53364912468298,112.53313238805256,25291.57994424703,110.44516631872226,1223629.773898621,112.45001485503722,112.53231662085678,112.45401402687271,112.50652272165904,84.30745201694562,112.53403867093506,112.53293544378562,110.2336579711373,112.50792774570786,27.820487857834678,98.91181105636348,112.321225212479,112.49417429064754,334.96724010963527,112.51632486469538,109.00360461568654,112.50029367338736,102.61511249814029,111.00793952395287,110.58837092801014,112.40402671917616,111.6722113256858,100.37505845028973,111.48115864856598,33005.78184741837,84.87104346619067,107.1978270029759,112.5089162169049,141045.41929976465,77799.86658852597,2.100255501059733e+22,6339063.459948429,3.6990033554196913,2.8440285570555716e+19,1085300.3007181108,8997338156.95927,6336425.190040163,112.49121440588631,112.52207545191341,112.23394782280947,112.52648590376519,112.20669715262815,148103904.48504165,39428.92716288029,4672.745608926165,19.20251126932669,112.17833555256266,112.4881691134877,36448429.4877502,19.610012403455865,8.540891477069334,112.53409367703544,118606113.84022546,112.2843303487306,2202.6899102780853,32197.4889357112,112.5189484036135,112.51867981903284,112.33815309778576,112.38580266904847,86.91575774509933,71.88949959985787,1518269.233236079,57.35430138348878,112.25666681548549,109.83983280285831,112.50181080752857,112.47532646168324,97.28559280523169,111.54786131541817,111.53570930729258,112.41016881014426,677296.1424824678,112.42421294653408,34554.25468142792,2897.1957946451694,77997.00427025557,3515.7747332230765,2125.497747835681,112.21946716695132,111.93340670336521,2603.995019619309,646.2780944182042,111.85815078276491,112.53411288125113,112.5341055821587,112.53409802191888,112.39170780067845,112.53411048969816,106.58008632025786,111.11695375255432,112.30226164771288,109.86759576465514,3512563.6753454027,112.53410277889759,112.53011434472181,0.0,1498.0379244612338,110.76957798684239,93.15543763809306,112.12539678627658,112.394173912716,109.14066586046653,112.4026192885085,112.52913147264468,112.53240485207961,112.33684532457089,112.33361578707546,112.14400599502875,112.38826959476805
Bifidobacterium bifidum,1608.3982743875597,1491.1231314527017,1608.4893166463164,1588.6255354120028,1609.5383725798358,1578.2241215325248,1609.546047856952,1609.6101690321914,1523.9870555445266,1603.3933482920788,1605.570608182075,1406.082557433675,1609.6092326308064,1607.3327599713077,1609.3575534721008,1609.4196721734697,1609.5267723648126,1609.6130364841174,1609.6125830014862,23797.48363426652,1607.5904579746125,1222152.2800221262,1609.534353578548,1609.6118449500536,1609.5380885684726,1609.5878547420193,1581.7947704705448,1609.6133503908159,1609.612414729325,1607.3838882099135,1609.5910304944896,1525.508066876762,1596.2176143537042,1609.4113903384614,1609.5792240303444,1163.4345750389218,1609.597143521577,1606.1784122110262,1609.5844917265408,1599.8784995733263,1608.1373982923333,1607.7427071209768,1609.4904956179544,1608.7928831042807,1597.66212604706,1608.600109409508,31512.965319927574,1582.2815493449077,1604.3954924600857,1609.5919081248294,139557.63199087974,76309.79092797286,2.100255501059733e+22,6337594.4977139495,1499.796294382368,2.8440285570555716e+19,1083822.1346306684,8997336730.159607,6334956.255710793,1609.5761684367997,1609.6026678085266,1609.3309346984154,1609.6064964949928,1609.302259264539,148102454.05342144,37936.66419894659,3175.65759789294,1516.6435949760921,1609.273541612635,1609.5740867192355,36446970.176512145,1478.5213413779072,1489.589346938794,1609.613399690653,118604659.81893694,1609.379065273425,704.6550149470308,30703.46271149158,1609.599504725418,1609.5992509005962,1609.4403671714088,1609.483771000171,1584.3233588175897,1569.5629397460727,1516792.3769193448,1440.6986978181799,1609.349996146705,1606.990444925333,1609.5835857458871,1609.5582656726303,1594.5968926549224,1608.6652734193956,1608.6559246640527,1609.5047267576517,675815.1411713712,1609.5185114734895,33061.746815818544,1399.3271701326562,76507.27118360424,2018.5137173624528,627.8075677407016,1609.3138511843135,1609.0357569466096,1106.213011834406,852.0133566785437,1608.9636484814307,1609.6134071181698,1609.6134043443312,1609.6133970347335,1609.4790078549117,1609.613406326496,1603.8230029910217,1608.259483411081,1609.3951933228511,1607.0406406743205,3511091.959628635,1609.6134032622595,1609.609844774418,1498.0379244612338,0.0,1607.9181475434887,1590.5545997539123,1609.227957697172,1609.4924876706227,1606.3285644082227,1609.4998781241109,1609.6089754512518,1609.6119049221413,1609.4388280491935,1609.4342453086083,1609.2449305940115,1609.4778985131506
Desulfovibrio sp900556755,2.6781079382065878,117.39741102295292,2.7746383519546445,19.696810436007848,3.240254436498735,30.11078326909613,3.2442797255242244,3.288930331426286,84.48019199668548,5.2950470266785805,3.5627865512287014,202.5976814145599,3.2908417214137873,2.17934491639097,1.5456949876604698,1.6197595945078698,3.2321118039186425,3.2945357037277843,3.293770713263044,25400.145685096337,2.6962325882601186,1223735.822466528,3.240292933732442,3.2933050879134727,3.24159533380311,3.2725470421119476,26.600001517655016,3.2997736751104645,3.291032545016218,2.7247216249560435,3.1900439823084885,82.98948966174729,12.141807737226264,3.1638203234709277,3.1361147136697167,445.3907526162964,3.276686970902192,3.1839938378885613,3.158546608386292,8.56437363238723,2.7089221679160334,2.370059108618265,3.2076066503959844,0.9213596403366167,10.714272682615958,2.7966233446703654,33114.09799672496,26.01849448022637,4.440954505724112,3.1858442804269425,141152.87897280787,77907.69137254068,2.100255501059733e+22,6339168.480754112,108.66670135759537,2.8440285570555716e+19,1085406.4342549164,8997338257.58606,6336530.20761747,3.1452835871496885,3.2685396386188836,3.016803645221718,3.2896092399860755,3.0867671005625605,148104007.4781287,39537.13803017921,4782.130837272737,91.75959710615703,3.085873411370497,3.102314782945113,36448533.426494196,129.97071387233783,119.03219106076399,3.2983748312187373,118606217.21083115,1.5587041686369116,2312.5648876414857,32306.02904464266,3.2818572560737,3.2817901633274538,2.55949582475394,2.7451494367465896,23.988281750013616,39.00570330088844,1518375.201540292,167.88798264458558,3.116928130374563,2.830569130814431,3.265288274323343,3.254551407775993,13.729303354571336,2.810784602504867,2.7509086598187076,2.879076701783867,677402.6426555793,2.861655316759633,34662.514342620205,3006.89755933551,78104.77492733065,3625.2520658694025,2235.1945098595693,3.09523661487035,2.9698503444542714,2713.6772692938985,756.4688235377378,2.9372327005476078,3.3002421731739697,3.2998030271175254,3.3003036990279915,3.2061510176310923,3.300167864699601,4.742477070086616,2.2821311825674298,1.5810104079610892,0.9165727857324503,3512669.0189357293,3.2994054487860702,3.290548868324696,110.76957798684239,1607.9181475434887,0.0,17.81515236953551,1.3925573295586346,2.6846647829574715,1.6462756915382386,2.712093697100287,3.286769707153965,3.299010759871746,2.0518946691046174,1.960193050430532,1.4167576640138853,3.1250721797254184
Bilophila wadsworthia,18.156463915769166,99.80728706543852,18.259897627580614,1.9309621215813886,19.35708727705502,12.39411884217613,19.3652689289391,19.435357990082352,66.86473234772613,13.044125399908499,15.263398142833916,185.03997054642068,19.434355119060672,17.044091524015357,19.306209181464464,19.373453949087917,19.344600350099256,19.438782319193795,19.438229848942562,25383.06413012419,17.32729067172553,1223719.2179118425,19.35274502400021,19.437371104458823,19.356882464845956,19.410670856094683,8.8528522369831,19.439189056726214,19.438033473575203,17.114514565291532,19.411607342108994,65.36802642208227,5.776704244431198,19.221446027762404,19.39730584219813,427.8880460542538,19.42072307704409,15.879033950107074,19.40366034741573,9.480603350882122,17.894998226358272,17.469177958177358,19.30585745614355,18.716676732060495,7.241263189225865,18.370887631204408,33097.065609959114,8.294303885037568,14.071747343287926,19.412712945387483,141136.01179769056,77890.75450075718,2.100255501059733e+22,6339152.062793262,91.07700215076682,2.8440285570555716e+19,1085389.8141238226,8997338241.939999,6336513.79023787,19.394264421445765,19.42664133662359,19.131519881289446,19.43127674702603,19.104653285716875,148103991.42061377,39520.12629326213,4764.879556355557,74.16285332961259,19.076667422511417,19.39123397849975,36448517.20196237,112.39387768686936,101.43153864135387,19.439256119618342,118606201.08684501,19.336680078658077,2295.2062209420847,32288.95286932001,19.423472575130237,19.423194831559673,19.245482010650115,19.28957679306296,6.247211120902163,21.567991529279286,1518358.6116821375,150.32313374156374,19.155549955840947,16.722875341696355,19.40573752776995,19.378726834090127,4.164261894869044,18.438017558775105,18.42474295058928,19.31224690595698,677385.955013729,19.32719643780053,34645.49298677425,2989.5776521507173,78087.84839143623,3607.9801025754673,2217.873032863095,19.118027070762334,18.82939042721644,2696.360618336595,739.0277050564425,18.75284054882568,19.43927117554685,19.439264875892277,19.439254071421875,19.29308510849401,19.439269005588866,13.446220482757287,18.00335546362787,19.351579282032265,16.91906961997859,3512652.5427075853,19.43926280334357,19.43506373934431,93.15543763809306,1590.5545997539123,17.81515236953551,0.0,19.17046370769022,19.3002389376245,16.19430132362932,19.308274577113686,19.434036202507492,19.437442257940816,19.278027462662052,19.285633115303682,19.186789860521273,19.28881687993756
Dialister invisus,2.7267491640237735,118.74464866196807,2.765026531037115,21.049856344387873,2.713039722804217,31.4674697065286,2.7135564406534214,2.729612364348016,85.83103331686938,6.510714411909981,4.57592448413456,203.93986725527637,2.7324341101674032,2.8686600394800217,0.17075333894200106,0.24526203676161767,2.7099538353358334,2.734391305915367,2.7337934953770677,25401.41756274637,3.1345437467590016,1223737.0404028187,2.7154018303954945,2.7337152944487433,2.714701333765481,2.7232210689943517,27.960814137239478,2.740453225429149,2.730602530638891,3.2511960727543996,2.6248145652741606,84.3417577492594,13.477799461935184,2.6942741076391505,2.5684641283905845,446.723195885837,2.7228802458190358,4.086673688927193,2.5916503146525334,9.871858448341525,2.881754120325858,2.801888695174913,2.70126527526589,0.47268608461581907,12.042110259282802,2.7328018736030297,33115.36389204697,27.37254992412324,5.5883225533677425,2.6190367975304003,141154.12559409605,77908.9459826245,2.100255501059733e+22,6339169.679345672,110.01344202401987,2.8440285570555716e+19,1085407.653840337,8997338258.71039,6336531.406149861,2.5809938025084773,2.709970918492812,2.573404360453523,2.732634715960735,2.666927530932328,148104008.6410856,39538.40144921951,4783.424633411255,93.10690062196939,2.679618623670967,2.531271869799911,36448534.60571628,131.31553327230029,120.38190447918117,2.738723356627527,118606218.3802152,0.18184543274770956,2313.8739367073717,32307.30025549475,2.7275427950996765,2.7276097758624607,1.9609474340420252,2.1613402624953317,25.342802711001625,40.37875214447641,1518376.417925662,169.23130762349373,2.6747100852551178,3.4942337133516097,2.717274060222452,2.7185626995776015,15.069584403031513,2.7131696891528425,2.6603589131312826,2.3097534190821607,677403.869457602,2.2798280946800613,34663.77891381463,3008.200940451789,78106.02834177412,3626.548712855989,2236.498151244524,2.669114448333312,2.677555577154323,2714.9801953426836,757.7908087820556,2.6823473910176867,2.740962037277772,2.7404375121161872,2.7410485974127443,2.70654563511278,2.7408741348004746,5.993488035743541,2.443754512133757,0.19186342887299798,2.3082303346064705,3512670.2234914904,2.7399600988475394,2.7316838798400203,112.12539678627658,1609.227957697172,1.3925573295586346,19.17046370769022,0.0,2.08001290061344,3.0354379514924155,2.1081073107567803,2.727718397209448,2.740551528798467,1.246290331780749,1.0950958612146735,0.05301117259824726,2.614349845955524
Veillonella parvula_A,1.2786890596076763,119.00249574539004,1.223712992109148,21.190601984617413,0.6855020007225537,31.657874825706404,0.6856591854288863,0.7061991907084093,86.08065879891835,6.28338414169572,4.083446125550182,204.20620843249654,0.7088187343536461,2.284714256513895,2.0314396734979376,2.022189359604217,0.6823656388106292,0.7121077987561363,0.7113500035113263,25401.669037569725,2.072281861237474,1223737.2741112744,0.6871485296827589,0.7108105901547377,0.6874263880235848,0.6976748153200903,28.142781024929736,0.7176128365421272,0.7085107166684873,2.2757742144722215,0.5916990755941852,84.5917517484348,13.529406856188992,0.6786374208000596,0.5282502860344572,446.99304843546247,0.697613953278432,3.4777157374905836,0.5547490231514755,9.83177565226545,1.5448227986754053,1.8666921514738148,0.675511066818821,2.214697668300979,12.065795585061958,1.128904156587795,33115.61325384115,27.54660918318313,5.26135384525256,0.5875954472605791,141154.3684250078,77909.1914814897,2.100255501059733e+22,6339169.907261478,110.26881914034449,2.8440285570555716e+19,1085407.8880550852,8997338258.918053,6336531.634048339,0.5442800737236059,0.686311626880997,0.5724444988789581,0.7083649523819688,0.6809473765170467,148104008.8589408,39538.649953785934,4783.6838672179565,93.35736577199899,0.7011948346559012,0.4903382074722606,36448534.82807498,131.57453838996537,120.64151724114863,0.7163616880889309,118606218.59983344,2.1065907951518246,2314.1387549558217,32307.55151636428,0.7028561936621858,0.7031834965450419,0.13747998739184,0.09180681705850052,25.5082426167185,40.73805333651297,1518376.6511600278,169.49520949215437,0.6739850996096581,2.6513391979926935,0.691656424008791,0.6914641354629975,15.14692986148386,1.0721074773044905,1.0476064622739447,0.24579973402488506,677404.1059131374,0.20972267864074537,34664.02781280457,3008.4636903315163,78106.27343445197,3626.8088811424823,2236.7606416516064,0.6785212965563356,0.8077360150061593,2715.24263543201,758.0586069312224,0.8523972224076577,0.718413704541609,0.7177350965336591,0.7182019232689854,0.679857919806294,0.7181976276847212,5.880929710355599,1.323288442849467,2.075366177958398,3.3500395893807635,3512670.4531655754,0.717402227132052,0.7084776337675742,112.394173912716,1609.4924876706227,2.6846647829574715,19.3002389376245,2.08001290061344,0.0,3.9304155389351254,0.03742157436694277,0.70438198999416,0.7166020966895358,0.8766826775425859,1.0452809397147431,2.0539100974843527,0.5821016202824774
Phascolarctobacterium_A succinatutens,3.411156182980754,115.77519326577472,3.5373999045361537,18.076025122907584,4.35329382494183,28.483250840851777,4.359431171709255,4.419464306001377,82.85518950530373,3.9610743641837454,2.7632837968587984,200.97951933001363,4.420488551763423,2.343451835974379,3.184418672270999,3.256853016226967,4.342440382136754,4.424933834802997,4.424151638371672,25398.592735869468,2.999747226681772,1223734.3250621553,4.351643092901158,4.423478365755666,4.354209456617523,4.3978340708553185,24.970117594956417,4.428963540030506,4.422054212264064,2.907029229466401,4.337485800335728,81.36338674868153,10.548600819340184,4.243703309241065,4.292442697524363,443.78081692544527,4.404762300837835,2.663890595305167,4.311324300273578,7.023254968310163,3.308461158379258,2.791786741769897,4.309281163779213,2.56648100230957,9.134903312988007,3.6052426386441754,33112.55104123742,24.393965040326105,3.2802107231725808,4.334852653899984,141151.35163330112,77906.15584834944,2.100255501059733e+22,6339167.003955043,107.044923094715,2.8440285570555716e+19,1085404.9351084628,8997338256.190777,6336528.730881887,4.297911022090029,4.401027305915029,4.098909198037737,4.418388273529578,4.13978492996716,148104006.0400164,39535.5935692418,4780.556397859144,90.13743943548249,4.128142484004384,4.265423403082347,36448531.97061519,128.3504613301706,117.40795105635142,4.427953231692086,118606215.76567782,3.2010198552201334,2310.9759950620614,32304.476759586145,4.40964586372567,4.409482132120884,3.820422286986229,3.9682641697345087,22.364051501371666,37.36577702046429,1518373.7057763715,166.26894148084918,4.182662673546947,2.7868026896864864,4.390538066786321,4.372245536793478,12.12736700721504,3.646737638779617,3.5944499076072147,4.072605030773202,677401.1359144847,4.066328142278649,34660.96872035782,3005.3139825474796,78103.24062370586,3623.6748960154573,2233.610701742937,4.151643623933437,3.939660863265812,2712.094127293402,754.8681384446855,3.882402181529068,4.429336427720094,4.429014908283443,4.429381546839453,4.303155256271597,4.429283991042284,3.372722550753114,3.0240404047127485,3.2222177405853403,0.7324830825480169,3512667.5357514457,4.428718512925598,4.420545184962827,109.14066586046653,1606.3285644082227,1.6462756915382386,16.19430132362932,3.0354379514924155,3.9304155389351254,0.0,3.9529804901907335,4.417360963097916,4.427722338174619,3.498545036637682,3.4435632186614704,3.057679884444326,4.241558500579203
Acidaminococcus fermentans,1.2729261802350058,119.01056788685884,1.2142012636704094,21.19852300807245,0.6502945999082221,31.665965130031946,0.6503783934827551,0.6704028790933901,86.08878199479868,6.289351919112401,4.087648395815633,204.21420669258598,0.6730355787463911,2.2951550870244506,2.058169756811647,2.048424375096462,0.6473001293554831,0.6762774642737778,0.6755242413601592,25401.675838491814,2.071414680589524,1223737.2802481758,0.6520195188590651,0.6750013367272755,0.6522080459271588,0.6620068150910168,28.15100975567423,0.6818043758559206,0.6726706979437541,2.2758664375269384,0.5560826930511719,84.59992328246878,13.536893886953441,0.6456154958055828,0.4928659072836502,447.00086246868744,0.6618964192548745,3.481161124160975,0.5192446079818737,9.83879435490538,1.5396831829812048,1.8718722779031711,0.6409608861347035,2.2437101445268026,12.073150722849599,1.1179742082959803,33115.619972417604,27.554584878534353,5.266613855052919,0.5519169891821498,141154.37489474105,77909.19805157869,2.100255501059733e+22,6339169.913194148,110.27686732640458,2.8440285570555716e+19,1085407.8942100843,8997338258.92331,6336531.639980406,0.5087831183563445,0.6505116414953761,0.5429642003018267,0.6726054502441882,0.6509564801013055,148104008.8645304,39538.65663906473,4783.69099317079,93.36540563584816,0.6718349098976978,0.4549226645599106,36448534.8338164,131.58255876340473,120.64965800617374,0.6805359403940164,118606218.60548216,2.1346759000588715,2314.146135121082,32307.558308106294,0.6671233297831874,0.6674365656654099,0.16255598933225793,0.061410278840060166,25.51622154987238,40.74861841891409,1518376.6572800118,169.50322868340152,0.6425614034326038,2.6524823811274643,0.6559997397753842,0.6560398838128492,15.15448793024087,1.06008626710429,1.037748138932678,0.2123231186247491,677404.1121487287,0.17719390265997725,34664.0345135116,3008.470973114293,78106.27998926824,3626.8160523302663,2236.767927116877,0.6481145480804812,0.7856602482497481,2715.2499097391087,758.0662197031503,0.8326121038753392,0.6825931180367737,0.6819246294521722,0.6823975354294293,0.6455848452151653,0.6823839085540023,5.890016127664564,1.3301163277569077,2.10272560076653,3.374969848941171,3512670.4591596965,0.6815862105129314,0.6726760869799974,112.4026192885085,1609.4998781241109,2.712093697100287,19.308274577113686,2.1081073107567803,0.03742157436694277,3.9529804901907335,0.0,0.6685865875868612,0.6808303687613537,0.9005641913493189,1.0681701589502743,2.081461133341631,0.5480172887729162
Mitsuokella multacida,1.304698636078072,119.13091096225205,1.188186418221581,21.32189516165172,0.08212513984258883,31.789735773050033,0.07388248587343682,0.0023779570768539438,86.21032596841752,6.399021355698024,4.1830988582484725,204.33296597670514,0.00491834495044553,2.535763577200504,2.665974524119589,2.6512968009341424,0.09515857614222865,0.008722306835361451,0.007789973345213378,25401.776072429187,2.125725923547219,1223737.3706077605,0.08690952229479663,0.006944640801888078,0.0821685171038445,0.025809619659266616,28.277429062347792,0.013903182284311078,0.006053704804236326,2.3383149746818876,0.11307877573988478,84.72221733998974,13.65735270054245,0.22176635087692856,0.17723315598689213,447.116506252809,0.015681539899230813,3.571640284812346,0.1503338624181902,9.956114055114195,1.5544802639365585,2.039710656412458,0.13497454858949245,2.864479616096896,12.193015126303324,1.0809120293817562,33115.71897983587,27.67728268244485,5.370126964610274,0.11711422634591723,141154.47019874322,77909.29484820152,2.100255501059733e+22,6339170.000523247,110.39694072763005,2.8440285570555716e+19,1085407.9848383237,8997338259.00061,6336531.727300557,0.16094249614839828,0.01914962452363244,0.34557903378919214,0.0068532498084927255,0.3429484698698433,148104008.94677433,39538.75515047587,4783.796090699734,93.4855824366828,0.36757313314912093,0.21477419394432312,36448534.91830987,131.7020144535919,120.77100560048531,0.012608214117729062,118606218.6886017,2.7536953203876107,2314.2550530776243,32307.658404264657,0.012238232236211042,0.012655531343829091,0.8146547232001337,0.6184696621611172,25.639351088156562,40.920074653837844,1518376.747388463,169.6224437514159,0.29044486545214626,2.7215720802267414,0.032190988208906486,0.05915020775559372,15.275011221447269,1.014259859094783,1.0355242697552325,0.46428826209743834,677404.2039735857,0.49967358598436973,34664.13325496401,3008.5784260689516,78106.37655882206,3626.921833556211,2236.8754359328145,0.32765432716120224,0.6148212479212557,2715.357240932121,758.1787319121861,0.6933750308918495,0.014644613924061632,0.01394100716952556,0.01441040104193006,0.14946847091110213,0.014432134368026215,6.056505952068946,1.5631869307506925,2.715558040880385,3.8897338745498424,3512670.5474003847,0.013558596892487895,0.004308451228709993,112.52913147264468,1609.6089754512518,3.286769707153965,19.434036202507492,2.727718397209448,0.70438198999416,4.417360963097916,0.6685865875868612,0.0,0.013484170593796875,1.5089160357068827,1.6629017150400132,2.6964806452615875,0.18733229691945794
Ligilactobacillus ruminis,1.3091890432660616,119.13407571592992,1.1919907341064353,21.325248386819208,0.08693189308324643,31.79304148133501,0.07891307696898484,0.01141964471989452,86.2135232047553,6.402534900625988,4.1866765744042835,204.33608980325957,0.00880505974626925,2.542296079027104,2.6786886943082444,2.663946435520553,0.0999579688421846,0.008129736520290887,0.008281584828361825,25401.778823070395,2.1294600934919634,1223737.3731467326,0.09117563745426878,0.007626754525236568,0.08668980362519484,0.03216311696970759,28.28079076285016,0.003736456134266274,0.011375332700810576,2.3420350958176632,0.1252165881266014,84.72542668431291,13.660748560104595,0.2259332461880131,0.1892398640005461,447.11956425917634,0.024258385331957896,3.575285533824152,0.1624162156252718,9.959553886832019,1.558219299743106,2.0453955990176422,0.13980609847645456,2.8773702274106916,12.196435123780153,1.0848248263816644,33115.72170502886,27.680587501465038,5.373651194749346,0.12950213619338888,141154.47284562653,77909.29752689936,2.100255501059733e+22,6339170.002994135,110.40010333609192,2.8440285570555716e+19,1085407.9873832602,8997338259.002846,6336531.729771242,0.1732362337665423,0.032307886382525165,0.35341503011241787,0.010018245772981603,0.34763135207359325,148104008.94912767,39538.757865301755,4783.798940430599,93.48875301871652,0.3716843134720381,0.22699570489558563,36448534.920715705,131.70516082838319,120.77418689323603,0.005290786787976496,118606218.69097556,2.766427372790553,2314.2579782982734,32307.661152025084,0.019161206531345405,0.01929743854390442,0.8269842100403082,0.6306885405105672,25.642672540706393,40.92428034288071,1518376.749921849,169.62557857145862,0.2951130725795006,2.7251986234211203,0.03975250910889519,0.06393466416007583,15.278384362010193,1.018272012685489,1.0402174107800222,0.476433327923777,677404.2065449462,0.5117706218278657,34664.13597460863,3008.5813225728484,78106.37923270708,3626.9246970700406,2236.8783339876213,0.3323378985208267,0.6187996574330618,2715.360135226714,758.1817283459543,0.6973080185599483,0.004463214646048344,0.0042103083988099315,0.003914688066991491,0.1534954555915114,0.0041845965225178455,6.061012785565301,1.5703830392403775,2.7282578754874636,3.900960349819665,3512670.549891908,0.004608024322840431,0.009390174113288838,112.53240485207961,1609.6119049221413,3.299010759871746,19.437442257940816,2.740551528798467,0.7166020966895358,4.427722338174619,0.6808303687613537,0.013484170593796875,0.0,1.5212482980382775,1.675267045002271,2.709291508460819,0.19680264472532652
Sutterella wadsworthensis,1.7621521376917466,118.94935436092403,1.758030850665633,21.166121625472925,1.4958465537979142,31.621073404532538,1.4959935070532822,1.5106662093517857,86.02942567226181,6.352438227250836,4.224380279094987,204.15112579365478,1.5134589294955272,2.391495006191362,1.1898115875990878,1.1821834765074353,1.493243321486038,1.5155010236846493,1.5148833754372757,25401.619285039367,2.3968116558043095,1223737.2291958367,1.4981822765177337,1.5147751625210824,1.4974230437525846,1.5045420927638082,28.107613396620852,1.5213356275304462,1.5118324198807926,2.568447246675581,1.406087647993098,84.54032361939845,13.527438505128226,1.4853604915806446,1.3502804638129513,446.9374250254751,1.5039777436646231,3.651690636930413,1.3732409601512483,9.852874562648516,1.981836051811423,2.1151105306135007,1.486772992146187,1.4292990097772278,12.070621929347,1.6952510419448337,33115.564098130206,27.514012838761964,5.356913718594527,1.4007891799907366,141154.32107602424,77909.14340137558,2.100255501059733e+22,6339169.863841324,110.21633313056901,2.8440285570555716e+19,1085407.8430071701,8997338258.87959,6336531.590632603,1.3631073159506373,1.4914481558278776,1.3743369851105203,1.513555445669297,1.470639137418995,148104008.81803265,39538.60103854453,4783.631852976344,93.30609235662742,1.486625681702605,1.313858135845373,36448534.78605521,131.52121996523033,120.58781653353242,1.5197160937792236,118606218.55849253,1.2760369521140231,2314.0850368807646,32307.50182518021,1.5086579157878464,1.5086706074612086,0.7541334869219384,0.9535111235925149,25.477729330640052,40.63666593283011,1518376.606368386,169.4406697963653,1.4724549597393106,2.8992302274015915,1.498680872621003,1.5006262261738557,15.138511631803928,1.6577811135730283,1.6152638455706145,1.0982576495698655,677404.0602753232,1.07062004679672,34663.97878687027,3008.4106114878527,78106.22546617281,3626.7565812429943,2236.707623949965,1.4713219511376587,1.526336769652289,2715.189645064679,758.0038105845001,1.546842032581438,1.5218330527101536,1.521385427418433,1.5219688176804334,1.4921006319823316,1.5217734693843121,5.900445893230115,1.62134319316496,1.239822797572277,2.842194812521076,3512670.409295475,1.5209281082543538,1.51272790389822,112.33684532457089,1609.4388280491935,2.0518946691046174,19.278027462662052,1.246290331780749,0.8766826775425859,3.498545036637682,0.9005641913493189,1.5089160357068827,1.5212482980382775,0.0,0.17657539630790772,1.2162764419718348,1.4005290756639441
Acidaminococcus intestini,1.8883457419652785,118.94650059742301,1.88895734359629,21.172656597900648,1.6510483427045874,31.623816849156746,1.651166136986528,1.6646516234442323,86.02733915672755,6.385802443371442,4.276990111657906,204.14744207082276,1.6674604682413727,2.45711245756381,1.031997580540893,1.0235781850707235,1.6486167793749362,1.6692760238542874,1.6686848128869494,25401.61473126044,2.4926204352757835,1223737.2248736832,1.6535440517547573,1.6686567474484195,1.6525853319729478,1.6589654654355566,28.111264221432233,1.6751727755505441,1.6656034179194867,2.657504218979273,1.5624289399630304,84.53828856416415,13.540558242899085,1.6413682382262265,1.5082058611174645,446.933134594008,1.6583282536468769,3.71301790851755,1.5304476851037383,9.872685959671811,2.098123348602131,2.206178416495603,1.6424439019361958,1.2974620701374033,12.0857637334176,1.830724173472897,33115.55956903811,27.517912145538865,5.397341123852071,1.55689108019453,141154.3166278269,77909.13891877948,2.100255501059733e+22,6339169.859604039,110.21364474505847,2.8440285570555716e+19,1085407.8386777535,8997338258.87567,6336531.586395576,1.520334272987758,1.645593771299945,1.5323657827358483,1.667667007764404,1.6261263599269322,148104008.8139496,39538.596519395316,4783.6272416263555,93.30379666814568,1.6418704536707518,1.4721759279770965,36448534.78190214,131.51818384098857,120.58493288236004,1.6734848976795773,118606218.55438189,1.1259824240048228,2314.0804117945822,32307.49727238256,1.6628718318357902,1.6628486820064203,0.9235836282352675,1.1205230761337204,25.482343402371054,40.62723287120932,1518376.6020530423,169.43722283842462,1.6282774650701166,2.97771287284832,1.6531607033260052,1.6555299980480662,15.149629588049384,1.7956391622998467,1.7527239119858107,1.2624255840331853,677404.0559140807,1.2357242898705887,34663.974263354234,3008.4059864075903,78106.22098891946,3626.7519728600187,2236.7030253557205,1.6269386495436442,1.6768545902816556,2715.1850308861635,757.9993438172517,1.695556714925326,1.6756225826718765,1.675198714219942,1.6757995681994358,1.6481676840833437,1.6755830827525648,5.927740106683,1.7311080137336783,1.0860706769844415,2.7748718878496406,3512670.4050320974,1.6747181095359507,1.6666710698893255,112.33361578707546,1609.4342453086083,1.960193050430532,19.285633115303682,1.0950958612146735,1.0452809397147431,3.4435632186614704,1.0681701589502743,1.6629017150400132,1.675267045002271,0.17657539630790772,0.0,1.0621515963437553,1.5580708719087852
Phascolarctobacterium_A succinatutens_A,2.7081987967314487,118.76267432408112,2.7443922859182077,21.066165048114012,2.6824658565101482,31.484697271644112,2.682933100671055,2.698366860335898,85.84904500037445,6.518633274995577,4.577332519176652,203.95787121517384,2.7011945261907497,2.8678723462037556,0.1322288847991306,0.20871380714195037,2.6794909262544193,2.7030740371595456,2.7024865551452364,25401.433384197127,3.123148361452492,1223737.0548670625,2.684887818265111,2.7024307361366624,2.6841123960553195,2.6921915879989142,27.97814136051175,2.709141116789,2.6992897397923716,3.2415687834383946,2.5943206153255685,84.35985096009297,13.492221545262947,2.664810257818605,2.538486230431258,446.7409363088156,2.691789739485132,4.08535495124911,2.5614389099504575,9.884214535755511,2.8647767379058404,2.7936451483208953,2.671118969734497,0.5004487125194723,12.055881510056397,2.7112741263301308,33115.37954770284,27.389385552948596,5.593674180733472,2.5884872833310038,141154.14074452373,77908.96133765522,2.100255501059733e+22,6339169.693383195,110.03140009976633,2.8440285570555716e+19,1085407.6683421875,8997338258.722982,6336531.420186117,2.550850816036729,2.678821097762836,2.5454596918636616,2.7014334842221412,2.638469881749084,148104008.65439665,39538.41703767997,4783.441098636339,93.12478577975568,2.6513345698730575,2.5014554202068306,36448534.61935032,131.3334888795242,120.40006444199292,2.7073957605355954,118606218.39365229,0.1861140451227822,2313.890895522706,32307.31605872743,2.696406264901068,2.696462004919649,1.9348849349788058,2.1346805471598884,25.359534643337554,40.399138521097214,1518376.4323547236,169.24931502139046,2.645809941423323,3.487169816946592,2.686288324871398,2.6877970270420444,15.084455887333808,2.690976132209097,2.6389625918155684,2.282125497184188,677403.8841265147,2.252530314099007,34663.79453337204,3008.217711192401,78106.0436657016,3626.565265340513,2236.5149234999826,2.640530004399907,2.6513305228122,2714.9969483048453,757.8081907146482,2.656917773009729,2.709635567546511,2.7091202206072684,2.7097360390462923,2.676573794380635,2.709553853809962,6.00487474617517,2.4317645371181387,0.17654463385882485,2.3319217065061433,3512670.23765786,2.7086381235426935,2.700425455549009,112.14400599502875,1609.2449305940115,1.4167576640138853,19.186789860521273,0.05301117259824726,2.0539100974843527,3.057679884444326,2.081461133341631,2.6964806452615875,2.709291508460819,1.2162764419718348,1.0621515963437553,0.0,2.584860030802734
Megasphaera elsdenii,1.147034999305239,118.99233848969828,1.0388406427874137,21.178054006122988,0.12364259554822328,31.647133752584676,0.1281344629567396,0.1892857016985452,86.07078534977617,6.251636509788204,4.034662962191887,204.19563203185365,0.18996989176184267,2.3616854640815794,2.561833968242604,2.551669977685479,0.11487226360171994,0.19557758212082227,0.1946423135651263,25401.651144266565,1.975014888387699,1223737.2533854449,0.12266381295896943,0.19360352109258536,0.125202047301446,0.16580831393891918,28.133308873778148,0.1989640745363869,0.19303766643767728,2.1878382458758683,0.13039740042560238,84.58231692696461,13.512369603772868,0.11548701595386192,0.1324923987710038,446.9812355281553,0.17296415296764214,3.422137567236847,0.1282532967160904,9.810189945233862,1.4047168950421067,1.8712146206040576,0.09571203737920415,2.7292337866973573,12.047724951994374,0.9301070203457531,33115.59495436853,27.5347420651299,5.222784627852993,0.1325688863804353,141154.34899211273,77909.17248889573,2.100255501059733e+22,6339169.885872881,110.25843742636596,2.8440285570555716e+19,1085407.8673928087,8997338258.8952,6336531.612657934,0.12163179398790784,0.17169791027285977,0.16557861870830493,0.18727173792571833,0.20138505972209805,148104008.83666793,39538.631494633555,4783.6677127956855,93.34685883798467,0.23081695753702433,0.14998484417121358,36448534.806157686,131.56399808116842,120.63190865105804,0.1983819900019105,118606218.57769221,2.648712465724509,2314.124116221197,32307.533577830192,0.17819776119650257,0.178223811288952,0.6849989491163174,0.4911688751254655,25.496326891826765,40.769314902798094,1518376.6303754786,169.48479545918457,0.15659438843919374,2.573132061615418,0.1583524107444123,0.14070211472063546,15.130766607648757,0.8629311435011007,0.876812727431533,0.3386317316596574,677404.0855434295,0.38045702602659853,34664.00942732501,3008.4484574893236,78106.2543732976,3626.7929859360115,2236.7454171219447,0.1882225199125249,0.46966122517357495,2715.2273472327474,758.0454517378236,0.5463700167461889,0.19953914003493173,0.19912518753480418,0.1993537952643717,0.09834344174674292,0.19940069120494539,5.898728643417003,1.3843559387686595,2.6126753417304833,3.7166095633925313,3512670.4319657963,0.19894034712689723,0.19041988468598786,112.38826959476805,1609.4778985131506,3.1250721797254184,19.28881687993756,2.614349845955524,0.5821016202824774,4.241558500579203,0.5480172887729162,0.18733229691945794,0.19680264472532652,1.4005290756639441,1.5580708719087852,2.584860030802734,0.0
