,Flavonifractor plautii,Faecalibacterium prausnitzii_C,Faecalibacterium prausnitzii,Faecalibacterium sp900539885,Faecalibacterium prausnitzii_G,Faecalibacterium prausnitzii_J,Faecalibacterium prausnitzii_A,Faecalibacterium sp900758465,Faecalibacterium prausnitzii_H,Faecalibacterium prausnitzii_E,Faecalibacterium prausnitzii_F,Gemmiger formicilis,Gemmiger sp900540775,Anaerotruncus colihominis,Ruminococcus_E bromii_B,Ruminococcus_E bromii,Blautia_A obeum,Blautia_A wexlerae,Blautia_A wexlerae_B,Agathobacter sp900317585,Mediterraneibacter faecis,Mediterraneibacter torques,Mediterraneibacter lactaris,Enterocloster bolteae,Enterocloster citroniae,Enterocloster asparagiformis,Enterocloster clostridioformis,Coprococcus eutactus,Dorea_A longicatena_B,Dorea_A longicatena,Lachnospira eligens_A,Roseburia inulinivorans,Roseburia intestinalis,Anaerostipes hadrus,Eubacterium_G ventriosum,Bariatricus comes,Bariatricus comes_A,Anaerobutyricum hallii,Anaerobutyricum soehngenii,Dorea formicigenerans,Coprococcus_A catus,Eubacterium_I ramulus,Clostridium_Q symbiosum,Bacteroides_F pectinophilus,Ruminococcus_B gnavus,Hungatella effluvii,Bacteroides uniformis,Bacteroides caccae,Bacteroides cellulosilyticus,Bacteroides timonensis,Bacteroides stercoris,Bacteroides sp900552405,Bacteroides intestinalis_A,Bacteroides xylanisolvens,Bacteroides eggerthii,Bacteroides fragilis,Bacteroides fluxus,Bacteroides finegoldii,Bacteroides intestinalis,Bacteroides faecis,Bacteroides nordii,Bacteroides salyersiae,Bacteroides sp902362375,Bacteroides oleiciplenus,Bacteroides fragilis_A,Bacteroides clarus,Phocaeicola dorei,Phocaeicola vulgatus,Phocaeicola plebeius,Phocaeicola massiliensis,Phocaeicola coprocola,Phocaeicola coprophilus,Prevotella sp900313215,Prevotella sp900551275,Prevotella copri_A,Prevotella stercorea,Prevotella sp015074785,Prevotella copri,Paraprevotella clara,Paraprevotella xylaniphila,Alistipes onderdonkii,Alistipes finegoldii,Alistipes shahii,Alistipes putredinis,Alistipes_A indistinctus,Parabacteroides distasonis,Parabacteroides goldsteinii,Parabacteroides distasonis_A,Parabacteroides gordonii,Parabacteroides merdae,Parabacteroides johnsonii,Parabacteroides timonensis,Butyricimonas virosa,Odoribacter splanchnicus,Barnesiella intestinihominis,Parasutterella excrementihominis,Escherichia coli,Escherichia fergusonii,Escherichia ruysiae,Escherichia sp005843885,Escherichia coli_E,Escherichia albertii,Hafnia alvei,Klebsiella pneumoniae,Akkermansia muciniphila,Akkermansia muciniphila_B,Erysipelatoclostridium ramosum,Catenibacterium sp000437715,Catenibacterium mitsuokai,Holdemania filiformis,Holdemanella biformis,Streptococcus salivarius,Streptococcus sp001556435,Streptococcus thermophilus,Adlercreutzia celatus_A,Bifidobacterium longum,Bifidobacterium pseudocatenulatum,Bifidobacterium catenulatum,Bifidobacterium ruminantium,Bifidobacterium bifidum,Desulfovibrio sp900556755,Bilophila wadsworthia,Dialister invisus,Veillonella parvula_A,Phascolarctobacterium_A succinatutens,Acidaminococcus fermentans,Mitsuokella multacida,Ligilactobacillus ruminis,Sutterella wadsworthensis,Acidaminococcus intestini,Phascolarctobacterium_A succinatutens_A,Megasphaera elsdenii
Flavonifractor plautii,0.0,0.2288569923588945,2.7627182913942705,3.401499223559139,0.09455892478508403,0.021719812277265466,0.20831882349493228,1.01693698393919,0.07119078869864552,0.15930016003152048,76.13463600286815,0.11152085761129538,0.0247962648036061,0.038592585348401084,17.65566543093098,0.08423466992983704,0.07764705920148048,95.83996295799484,40.03697367808824,150.1371262821399,225.54580323467545,31955376.533207927,0.12149959551887209,0.12157796223006051,0.5472304047551515,0.11077092291966537,2.355536842749393,12.738994855713296,0.07606804528474628,0.09994223843944045,0.029476255613532586,309.8908085268534,3.434688435776292,1.24348331800902,0.16702229074937233,0.4129835676775601,65.63590961794283,1.4688810374225263,0.08588600699622241,0.11750448269494404,0.08913573931727953,0.3021520896251074,0.3393896753393371,1.5983553656651526,0.608662622018397,0.11876410938618996,0.1057073420151035,25.037006209783865,31904.67213442564,1.46042580248641,10064.208811178736,2.115537378716383,27.095443287090127,4.420719589365101,0.10658872146935826,676.9754171595175,5640.1907479402325,8078.234088745726,19516.448157708706,0.031920046736558634,0.9385704697268735,0.18484397674872008,0.08076013535969807,7.395967101112559,18.62441057655026,0.4186531318756691,3.098403574672132,1357033220.4681733,729.443946478712,2.0388711482218724,17188.27805705298,0.06018462264206005,0.9616019514791958,19.897836560257517,11.30112267651484,38.49661487235846,0.05708950989984575,0.8747527044300232,70667.83495071172,6.3146835355947895,0.5295092345367206,1.6991272081897553,6.32188432524427,2.2530839414293884,828.2529395488415,10.852047705855062,34.97330062425002,0.0759908424159543,13.348804181274085,1.5099826788051725,36.093486185505405,6.817372982884066,0.06473934904040919,1.373992706647575,0.07480509142078011,0.012678607696493717,64.21451070586238,3.59259587496819,206.17340664426573,137.6622184960338,166.90367722380773,369.050217421045,0.04337903213908658,13.296849990383578,2934.85539521181,31.654010237153642,0.4147734710787717,0.1098253607335907,2.167516578184433,0.026601779366397328,0.12282654665671594,31.910272530197386,0.6803133916836208,3.374645525113053,95.84093438075145,9738.714396619476,0.12186477323657945,0.11904967045933651,19.522214604996446,0.019189566263709573,6.258069986713842,0.12691338607313707,62.63779411467341,0.4944899087500397,2.7757023050010607,0.013309762124645349,1.9844930412836845,0.30373530670170795,41.54540858957248,10.107106895759264,0.09112479185049846,10.673677307593428
Faecalibacterium prausnitzii_C,0.2288569923588945,0.0,2.5357174364190795,3.174775933522737,0.1357039632891424,0.2368099176428658,0.02097571110033874,0.7888915918076967,0.2935542177614616,0.06972653452957199,75.91387303422795,0.3385155979764893,0.24597699542029028,0.191852013265341,17.430648244423313,0.31199136524026755,0.1513228166944839,95.61891521039264,39.81394949935266,149.91801173017475,225.32810128505142,31955376.34223915,0.3478068872387842,0.3479381492036186,0.3197682788885632,0.3378893312162701,2.1280871169053857,12.514184124451734,0.3034769162474066,0.3272640185652509,0.2257292190813819,309.6735526380836,3.208300736410307,1.016045765656745,0.0714931442887829,0.1876164458733741,65.41444085924864,1.2415641009181608,0.3123469435983537,0.34431037057275404,0.13999985607390475,0.07736413985526516,0.11245770974047599,1.370407963949081,0.38389154739639814,0.11101238386762405,0.12558838248557175,24.81403861800483,31904.466523130624,1.232077200303272,10064.000430485652,1.8884586796864333,26.872656433283993,4.194566513415547,0.33097898238297785,676.760488486416,5639.981055133806,8078.024119547235,19516.241408493872,0.2473466779365836,0.7102950816939669,0.06768453200958278,0.30608781805783547,7.1696854973973805,18.400917100103886,0.19012580223727166,2.8718010088172146,1357033220.2836258,729.2289284056905,1.8108234321347956,17188.070874663397,0.28666361423996545,0.7338759208346204,19.67375240831181,11.07598077118607,38.272748194269155,0.28347023999404103,0.6468367162797138,70667.63089034404,6.088832690612514,0.30088044799838304,1.4713187376520045,6.096159402083636,2.0250440640911376,828.038206722198,10.627490768645359,34.75009884232324,0.2814231431618816,13.12356571623199,1.2825504836302175,35.87138872478234,6.591053124153763,0.18478777644493588,1.145559457490354,0.3023081020128828,0.22459973770701788,63.993811829599295,3.365633310090288,205.95554414746164,137.44335955195663,166.68529171019276,368.83317970865744,0.24435667005517933,13.072372571404486,2934.643899233989,31.431452527024334,0.19081533326397654,0.33666611641884225,1.9404132757589347,0.21679396417852545,0.3487974923682045,31.68658568677998,0.4519830949160182,3.1471601303569794,95.61927803929805,9738.506158784247,0.3480388179614444,0.34588125640409534,19.297452129332445,0.24550118657248646,6.031234895022392,0.10241953267344575,62.41519714504323,0.26590308972696913,2.548127985692214,0.23358910780130512,1.757265627341712,0.07907516374008153,41.322048412177736,9.8810420559847,0.3181555080158478,10.447935962227236
Faecalibacterium prausnitzii,2.7627182913942705,2.5357174364190795,0.0,0.6396494401850685,2.6706407524216513,2.7707538228083375,2.5559337795235213,1.7479499755266936,2.826420137762138,2.6050800853484843,73.40752839509383,2.8685655946368698,2.777553530402132,2.726449014542393,14.900154180501717,2.8437285602185467,2.685498404711876,93.1103794186039,37.293574260676735,147.4227419403902,222.84305110448565,31955374.098104883,2.87657752221468,2.877131145952514,2.217118353858397,2.8677758848544843,0.413729715392089,9.985134856324377,2.834854276464582,2.8578846618718914,2.7600612048922977,307.1917322420506,0.6749099108525931,1.5219539815551062,2.5986305845635584,2.352684627188563,62.90339870297569,1.2969501190240886,2.8450453892339502,2.8749642109055,2.674382800291702,2.4642288594209134,2.424656169102977,1.1744179526163292,2.162332662560664,2.6463858091028336,2.660120621890694,22.2948485731529,31902.082556410453,1.3090078166943993,10061.591710486358,0.6473096050725715,24.354418909851876,1.6617042746869632,2.862676546567121,674.2966842892578,5637.560868141382,8075.601543030981,19513.847187125713,2.781493356568415,1.828890496329864,2.589971545978312,2.8386189045393673,4.63519863097849,15.879224241482797,2.346249759648295,0.3382909215075032,1357033218.1042905,726.7643787852223,0.7318692518630919,17185.67277915228,2.8195852840045643,1.804208425722109,17.148109812790334,8.54554173730377,35.74756199197749,2.8166908005273124,1.891033105112736,70665.26107227354,3.5561198352335968,2.2405027563077193,1.0709005062630994,3.5638705752759847,0.5318477429130329,825.5759330904887,8.100976787168308,32.22893842949741,2.812404199238022,10.5928597875282,1.2533994353709996,33.35709684326384,4.056652164791017,2.717956576357561,1.3961375993879381,2.8351697065979105,2.7591441977607976,61.48826298905143,0.8311275746108256,203.46940110951132,134.95010578108548,164.1953830704133,366.3529936258545,2.7770424409772785,10.545926277776504,2932.208258894032,28.914378609772594,2.3507859210489364,2.866606120881696,0.5988777203621987,2.7482863484718147,2.877538404382064,29.16255797509739,2.0875555406677595,0.6197726678062987,93.10671966405322,9736.098701112245,2.8769807131509912,2.876226328942359,16.76830957389348,2.778797720904647,3.4955597043136932,2.6375656995801937,59.896995373614494,2.2743732317668353,0.1035361503916505,2.7680475254967702,0.780651769638282,2.461187042630007,38.799622445576574,7.346923583392808,2.8505914221314295,7.915049820856805
Faecalibacterium sp900539885,3.401499223559139,3.174775933522737,0.6396494401850685,0.0,3.3095542255545523,3.409506851338528,3.194963927101968,2.3874129484387154,3.465054044081291,3.2440658898163655,72.77165738200503,3.506972906496906,3.416228046425917,3.3653370514998917,14.26067932038256,3.48228012793506,3.324364536506742,92.47406628220004,36.65538143449916,146.78883942007465,222.2110931885667,31955373.519992888,3.5149014880797296,3.515470461470599,2.8563316310195717,3.506166692313913,1.051709814717681,9.345884584642597,3.473404239114852,3.4963455832295973,3.398888151490574,306.56038156425615,0.05664711392309454,2.161394019260036,3.237618035183369,2.991853575303622,62.266702260692014,1.9363590219257614,3.4836242182498456,3.513365693861094,3.3132806656139038,3.103438850076663,3.0637525227243287,1.8135937131338673,2.8015621283844663,3.285378434987522,3.29902788359955,21.65698817456178,31901.47207208852,1.9485509883764398,10060.975722329627,1.286682409667571,23.716694748325914,1.0225045390002323,3.5011812646824256,673.6689436149759,5636.942368076858,8074.982520647543,19513.23441071592,3.4202718240395096,2.468469647492825,3.2290515519891527,3.477199920462719,3.995619792842285,15.241050015002779,2.985408450138582,0.30338224703268785,1357033217.5416467,726.1364791302553,1.370635508696822,17185.05914087027,3.458216220278842,2.4436742530327806,16.509246765633346,7.906136311054506,35.10865225327135,3.4553513573905383,2.5305023767051313,70664.65377481152,2.9165828120418977,2.8799348206746727,1.7101746715396637,2.9243934650212036,1.165358647605147,824.948499605549,7.462237439285681,31.59065051165954,3.451056880887699,9.953423386673814,1.8927871112330548,32.71997730508022,3.4170843907685127,3.3568674658903026,2.0356910194538878,3.4737787552029253,3.397971415104029,60.85258586598062,0.1963022302128769,202.83723991428798,134.31661065240306,163.56251002809051,365.72195466371403,3.415772237004248,9.907103489573096,2931.5864178726183,28.276804967255455,2.989859948646183,3.5050182476390948,1.2376840123997521,3.3870448950045,3.515860595736836,28.523838088605043,2.7270630091322245,0.1449110681345163,92.46969806299155,9735.482991840314,3.51531430881655,3.5146079237107486,16.1289781186701,3.417496607888597,2.8566999725309774,3.2765626811045268,59.2590822262529,2.9137977931841927,0.6423347534717613,3.4068498198775066,1.420003994283229,3.100312734911671,38.161101779508925,6.707310999507063,3.4891515307920744,7.275442928869904
Faecalibacterium prausnitzii_G,0.09455892478508403,0.1357039632891424,2.6706407524216513,3.3095542255545523,0.0,0.10118466513672769,0.11563224646585434,0.924305898354985,0.15804161558315355,0.06611905558691042,76.04512098495849,0.20455158603664234,0.11383742377785146,0.057947554061061654,17.564451568974224,0.17754786585640292,0.021787709279456773,95.75033588042167,39.94654764113529,150.04828014998333,225.4575316398498,31955376.455808558,0.21447339588722455,0.2141910605542436,0.4552210430305173,0.2041750648440855,2.2633805332210426,12.647871238489255,0.1695088783270105,0.19324718830593543,0.09041256639298574,309.8027176062818,3.343033491680615,1.1514806173464933,0.08177729131548378,0.32208705972144447,65.54611560926912,1.3769418145694037,0.1769393740639509,0.20958974427930538,0.01513745107975785,0.2108412109426665,0.24755868645396167,1.5060308348486966,0.5184897937352734,0.02623381376260064,0.011863706269307725,24.946591278518206,31904.58877507986,1.3675764741786776,10064.124325342102,2.023435265234388,27.005106157019785,4.328991345788618,0.19566137186199126,676.8882695477281,5640.105728584836,8078.148957269807,19516.364335446906,0.11172370837367833,0.8459400352329624,0.09198711058847239,0.1706660569855526,7.304182613261372,18.533766362070754,0.3253597481791423,3.0065122822344335,1357033220.3933878,729.3567633204582,1.9462053627630505,17188.19405860209,0.15135228349153906,0.869437804117414,19.806983984214177,11.209850566813055,38.40584651179207,0.1480687247066306,0.7824199686059036,70667.75222240954,6.223114944775014,0.4358835121314385,1.606868953701028,6.230403121396885,2.160610736860017,828.1658723015437,10.760947854038239,34.8827890873742,0.14781718548579664,13.25742987039641,1.4176502087857823,36.00342938448986,6.725550347335371,0.054005203662648556,1.2810977598588127,0.16704194981426435,0.08928455023244904,64.12500753947924,3.500393459392056,206.0850638777939,137.57346921249984,166.8151209757853,368.96221191125926,0.10968672840779838,13.205764222349162,2934.7696428356294,31.563767901424004,0.3245828608929276,0.20285079873488163,2.0756087141774304,0.08726229024226562,0.215338455777613,31.819580539701168,0.5876554337438731,3.2824946034648734,95.75105996025927,9738.629968882808,0.21448869119082295,0.21134133623190113,19.43107342015303,0.11065542107866991,6.166121047200156,0.03621463742427665,62.547540294468796,0.4011768807084521,2.6835130736670156,0.09824317189112984,1.8924735673630093,0.2125696998357023,41.45484889860767,10.01543590271454,0.18285471316465787,10.582126255012035
Faecalibacterium prausnitzii_J,0.021719812277265466,0.2368099176428658,2.7707538228083375,3.409506851338528,0.10118466513672769,0.0,0.21662008339048944,1.025024233661269,0.05730671437297629,0.16717590010194966,76.14179950716854,0.10641839276645575,0.03678315881156823,0.04924948043246923,17.663409605062856,0.07925296070349512,0.08752806273838068,95.84715981236069,40.04440622827181,150.1441208593422,225.55266733390084,31955376.538369987,0.11726767403275802,0.11619532051645409,0.55602177195684,0.1063829222632526,2.3638601202007354,12.746730826049763,0.07276387320469044,0.09532372247023024,0.01725014763467922,309.8976309595071,3.4429215551224037,1.252132649311652,0.17832705020875594,0.42268530780358704,65.64316176357214,1.4775305793320956,0.07596172957989544,0.10963707797111188,0.09859757367315415,0.3116265702136614,0.3483499674650069,1.6069436310107426,0.6189843044917217,0.1266165120816419,0.11160999187630981,25.04442150878018,31904.678096326905,1.4683996853835932,10064.214952149227,2.1236178706983324,27.10284281157671,4.428596692492554,0.0949654784956779,676.9820385896056,5640.196978204301,8078.240339151159,19516.454191772296,0.013059718694804661,0.9469250837107303,0.18855220013859902,0.06974810224724944,7.403830708313638,18.631868370086735,0.4262403299931099,3.10640948281656,1357033220.473038,729.4505763533026,2.046853359136308,17188.284119127333,0.05099058803749111,0.9702606905422231,19.905420494712562,11.30888298516424,38.50415130962963,0.04767164250798963,0.8833002604853217,70667.8408171764,6.32255786430887,0.5369122018793119,1.7076471984905357,6.329805310861089,2.26143635705732,828.2595466266744,10.859616057619176,34.980733339135476,0.05598428419052619,13.356462619713321,1.5180039409595831,36.10080256546077,6.825204037572047,0.06129522329460418,1.3819842849940431,0.06661446162800372,0.017121972069658688,64.22164577283513,3.6003595196318128,206.18027547088423,137.66917797001219,166.91059289477096,369.0570148107168,0.022161803682800393,13.304369477654129,2934.8617533668516,31.661383008771125,0.4248217691301949,0.1051280169349861,2.175987995329977,0.046339478930759334,0.11791730611690658,31.917794482094983,0.6887724333936336,3.3830112437318314,95.84819584836704,9738.720528075619,0.1169231765850642,0.11169997691506692,19.529866070249888,0.017285371542725303,6.266143493872124,0.13587123342081636,62.64516907637557,0.502307065792726,2.784089565517447,0.011247159190009057,1.9928832954269025,0.3132341446920992,41.552885776935184,10.11496863284704,0.08218117137816276,10.681465486014137
Faecalibacterium prausnitzii_A,0.20831882349493228,0.02097571110033874,2.5559337795235213,3.194963927101968,0.11563224646585434,0.21662008339048944,0.0,0.809231335760975,0.27351749840089995,0.049517388136645274,75.9335756400957,0.31808466541528396,0.22545438992008832,0.1715244772811882,17.450701027932624,0.291573239310153,0.13079862760123562,95.6386419223811,39.833840694445826,149.93757552341225,225.3475449154363,31955376.359365966,0.3273228210354803,0.3275346212970934,0.33986639393654083,0.3173181917738816,2.1483117785950983,12.534216237483387,0.2830121959171753,0.3068012408418247,0.20571162097245252,309.6929586464649,3.228427852418269,1.036207422520845,0.05306401293762059,0.20715213758758544,65.4342017964598,1.261732710177232,0.29204165675260224,0.3239528106729476,0.11959668549835811,0.09603907666419387,0.13214103813485378,1.3906800984584025,0.4032355866939192,0.0910016862628617,0.10584674545939618,24.833925742126095,31904.484927231868,1.2524582075982866,10064.01907440477,1.9086730365253652,26.89252704779393,4.214717272803094,0.3109208618151148,676.7796960180292,5639.999812399237,8078.042900682895,19516.25991121878,0.22726670258694937,0.7306277362841685,0.056654852647375194,0.2859023100018132,7.189852858578352,18.420849621779315,0.21074747851009792,2.8919802315973357,1357033220.3001888,729.2481435082364,1.8311687906761784,17188.089414902523,0.26637992770966545,0.7540732628653671,19.69372941365615,11.096041166075779,38.292710919410546,0.26320963506131995,0.6670951752438691,70667.64915984696,6.108951139982645,0.3214998769319761,1.491549644339799,6.116259051591322,2.0453382817375507,828.0573974270237,10.647514221989576,34.770007253411904,0.26202433921139423,13.14364977680891,1.3028188157171166,35.891201781628524,6.611225473001936,0.1655911168100986,1.1659518316797919,0.28194934692423146,0.2042998042827728,64.01351161764443,3.3858846794837376,205.97500264623855,137.46290290343273,166.70479483361734,368.8525678472107,0.2247287148023919,13.09239643377953,2934.66281197438,31.451303874192444,0.20995277699431425,0.3162404506558979,1.960593896740595,0.19628611066171148,0.328400933246097,31.706531060058776,0.4723160476455187,3.16739927142375,95.639056776674,9738.524790343787,0.3276373073831387,0.32549236485126626,19.317489500514036,0.22504981462081636,6.0514275948567455,0.08210378934335973,62.43505420524878,0.2864293858770857,2.5683667389318514,0.2132074248490761,1.777475583724676,0.09806183780435289,41.341967633347075,9.901185709948882,0.2978571801482599,10.468054979208162
Faecalibacterium sp900758465,1.01693698393919,0.7888915918076967,1.7479499755266936,2.3874129484387154,0.924305898354985,1.025024233661269,0.809231335760975,0.0,1.0811762943888137,0.8585046882315596,75.13974880397683,1.1245128263169228,1.0324129610704327,0.9802098730322959,16.64614316752987,1.0989613063202641,0.9394256670384716,94.84398398120797,39.03407355345596,149.1482509373156,224.56221731859867,31955375.658657644,1.1329899823467873,1.1334246302541127,0.47028136736709397,1.1238108392888302,1.3395075035098776,11.730248395738277,1.0901512618661922,1.1135777392225523,1.0140007644261597,308.90889782448,2.421330180381126,0.2293928516342922,0.8523914647258786,0.6062104875030834,64.63845000609174,0.4540454413042387,1.10002955053005,1.1308289887696792,0.9281744687985019,0.717047496670193,0.6779405232486941,0.5829781117490699,0.4192077060818204,0.8997330690093227,0.9138346614411218,24.034483877736943,31903.736410380414,0.4439364663007759,10063.261829891058,1.100766586314053,26.093520713355296,3.4083096282438903,1.1180133172217923,676.0024532037746,5639.238480990451,8077.280714301897,19515.507792714136,1.035621696832621,0.08451711293879821,0.8432693717041654,1.093615381940859,6.382878611120841,17.620207328316965,0.599205168871399,2.0847636298090677,1357033219.621092,728.4706288275547,1.0220144091299581,17187.33593087267,1.074386435041491,0.06256485622803595,18.891453452686946,10.291372412353487,37.49081267716033,1.071349421698998,0.1443600101640742,70666.90558380849,5.302925018375862,0.49300863470841766,0.683085895145518,5.310447080400389,1.2365619576454585,827.280731303306,9.844496769487268,33.969855006468514,1.0672409551378705,12.338850179877793,0.49468364752483457,35.093934343816564,5.804264544726959,0.9716553636271995,0.35813008001654384,1.0900476166955089,1.013102409820091,63.219943408325115,2.578144004324221,205.1892404956737,136.67433917643544,165.91755577849113,368.06914119988016,1.0314719176965588,12.289514218363337,2933.895920979679,30.652845315379896,0.6050587498055864,1.1225537126575638,1.1523561689953024,1.0028476451335187,1.1339547295623633,30.905117124558725,0.33993580477355956,2.358454439258237,94.84275169542909,9737.767993209722,1.1333299820534808,1.1322053725688024,18.513591080704824,1.0333593027767292,5.243329709876152,0.8909316015093213,61.63631208004152,0.526560738128259,1.7594174971682213,1.0220987153377379,0.9690764271374224,0.7143910608534727,40.54132138812255,9.09452107810158,1.1056758034405834,9.662107111385897
Faecalibacterium prausnitzii_H,0.07119078869864552,0.2935542177614616,2.826420137762138,3.465054044081291,0.15804161558315355,0.05730671437297629,0.27351749840089995,1.0811762943888137,0.0,0.22407291800353532,76.19502552359283,0.060004254965214596,0.06580856086810877,0.10546816158443834,17.718195948113813,0.03826769511212594,0.14466536066792843,95.90048027709454,40.09841987895483,150.19680139814358,225.60489760378516,31955376.583050974,0.07186134273467712,0.06870576863452393,0.6126076412701761,0.0617139771328574,2.4198743576938897,12.80146286096241,0.039495379654593196,0.051506243022489885,0.06944450680118151,309.9497190578331,3.498510109762555,1.3084447655112805,0.235195045825076,0.47955657632056536,65.69663292577971,1.5337698769535455,0.023682477402799308,0.05777485496028287,0.1556807035213836,0.36874164324462266,0.40516746841652856,1.6633430545302668,0.6761078696396119,0.18354157489554992,0.16809905922793658,25.09841808488627,31904.7267505386,1.5245450079040548,10064.264392114075,2.1793693339182294,27.156778688271725,4.483864667165688,0.03858351747088842,677.0334064718401,5640.246795842672,8078.290237651133,19516.50316711713,0.04720777722051206,1.0033534610583443,0.24333991280460526,0.016447594740931788,7.459096107104807,18.686045602884025,0.48248870920620746,3.161924763537484,1357033220.5160444,729.5019719717703,2.1028521757376892,17188.333217361287,0.01821749044412623,1.0267074816249493,19.95983838429021,11.363731785170703,38.558464473047074,0.01892954657816307,0.9397355888489335,70667.88903725261,6.377712587908805,0.593186259436578,1.7639583879757161,6.384953343838767,2.3176822229994443,828.3108559089384,10.914180618986151,35.034798628294965,0.033420706937974234,13.411268181347467,1.5738661603074684,36.154493211837355,6.880466760735142,0.11354901000648703,1.438182741471942,0.021777884285008597,0.07174099728350046,64.2748391163807,3.655814920512443,206.23255069870203,137.72177060688176,166.96303385665317,369.10903085653706,0.05192669491488262,13.358870930788816,2934.9120963466726,31.71523635148716,0.4816816675066705,0.059818964958415516,2.2319875530831625,0.09285723520295319,0.071427509827583,31.972052072904418,0.7453725770501523,3.4390281959427242,95.9017197021357,9738.769927174195,0.07027910991263062,0.060674828630202605,19.58451894536923,0.05333414306201005,6.321728996547469,0.1929851817657512,62.6990231335468,0.558784742074187,2.8401704571190165,0.06306825830877502,2.0488727967589635,0.3701592264559291,41.60701964045298,10.170156161843881,0.030354528882556138,10.736508190234625
Faecalibacterium prausnitzii_E,0.15930016003152048,0.06972653452957199,2.6050800853484843,3.2440658898163655,0.06611905558691042,0.16717590010194966,0.049517388136645274,0.8585046882315596,0.22407291800353532,0.0,75.98144113730314,0.26930666978719614,0.17707267508169058,0.12241758860044408,17.499471938098058,0.242602561166011,0.08196065002621952,95.68656936892263,39.88218551758853,149.98509234766576,225.39476279060972,31955376.400865756,0.2787865437082,0.2788321872389441,0.38925738155325335,0.2686718030973262,2.1976040835735753,12.582947214994567,0.23419993049802745,0.25800299485240363,0.1562759008723552,309.74008159824075,3.2775397295929105,1.0855802912719297,0.034643168953007224,0.25629597364591455,65.48221990595346,1.311080426956991,0.24272693489492986,0.274905948141124,0.07075281701364806,0.14500365540832763,0.18154662856594672,1.4400736085407606,0.4525609067316152,0.04184559282683923,0.05650566558360978,24.882252122569156,31904.52956603184,1.3017485800164432,10064.064305241964,1.9578391592343296,26.940818140944305,4.2636926444751,0.2615603707627969,676.8263233149194,5640.045323521526,8078.088470881718,19516.304793358966,0.1777818942425801,0.7799937287231233,0.04650437342600084,0.236542904856202,7.238853936630713,18.469278228674415,0.2597181551831806,2.94105758968602,1357033220.340308,729.2947902191627,1.8804355981712837,17188.134389651503,0.21707839600501572,0.8034763467434873,19.742297663533353,11.144834472532832,38.34123179232931,0.2138680395310819,0.7164747290058471,70667.69346683193,6.157885374609214,0.3703475785656622,1.540938040317376,6.165186078019086,2.0947033523488607,828.1039834092917,10.696152306953143,34.81838238509224,0.21293236970713578,13.192430321189343,1.352004536347343,35.939348477179806,6.660223770191722,0.11680254379132957,1.2152498831437883,0.23269074270006884,0.1549434063577857,64.06135609364563,3.434949021545932,206.022251458633,137.51036193165683,166.75215395851308,368.8996428311789,0.1753766525117148,13.141008019797702,2934.7087079750922,31.49954794183949,0.2589509504764382,0.2675070370493393,2.0098661449728357,0.1484149738064743,0.2797932794284294,31.75501636557068,0.5216758969490467,3.2167031571103877,95.6871122312863,9738.569990658381,0.278999588425702,0.276518804802558,19.366192153906137,0.17590415063047543,6.1005756907445585,0.033745992161359546,62.48330866953111,0.33545460908124725,2.6176899274845193,0.16387631586493467,1.826738111890537,0.14687639855317222,41.390384294378,9.950156772219263,0.24857708665090222,10.516953642581981
Faecalibacterium prausnitzii_F,76.13463600286815,75.91387303422795,73.40752839509383,72.77165738200503,76.04512098495849,76.14179950716854,75.9335756400957,75.13974880397683,76.19502552359283,75.98144113730314,0.0,76.23444272295933,76.14824338244836,76.10010152349386,58.576281498076305,76.21160011229213,76.05946072109403,19.710078473357147,36.17925791639836,74.06382172782389,149.55713046445675,31955304.934327014,76.24156460010177,76.24209942392716,75.60138557557889,76.23365007730511,73.82066040021495,63.45441637537804,76.2029807945129,76.22458609603211,76.13217315060939,233.921135091097,72.73745662240263,74.91741613876388,75.97587889900231,75.73549567271573,10.539462830805615,74.69515952561538,76.21289314899214,76.24036938911726,76.04885141291402,75.84606335117168,75.80498633142226,74.57882866799076,75.55120929084673,76.02230503546954,76.03454683358959,51.132084616210754,31830.111613357,74.70996398383814,9989.211710334728,74.04795586028649,49.071672477651624,71.75137719497326,76.22914310907002,601.1919889675223,5565.00630680368,8003.007751614444,19441.702152114514,76.15265807002368,75.22274485946001,75.96776807656252,76.20649809001007,68.80588472287222,57.5463551660762,75.72767558152319,73.06966593715336,1357033150.4218028,653.6480130355643,74.13766665017528,17113.46334688557,76.18847670785846,75.1967421818405,56.29949582022634,64.8944961694531,37.788981600085066,76.18597018136599,75.28235228079717,70593.53972480522,69.86721348442221,75.62771508845925,74.47503728723669,69.85827564051577,73.93608993704284,752.4825884104482,65.3219739659237,41.23405163144824,76.18140201700903,62.859933940700515,74.64844840984453,40.06304405613447,69.37913514582756,76.09164537702823,74.79662550858225,76.203627605267,76.13144529618985,11.920758135123418,72.58362309444698,130.17817558657222,61.61712012992987,90.88074071646543,293.09119731349955,76.14747652277866,62.884266925825024,2859.4342323756564,44.51288452951398,75.7327050918559,76.23261497930874,74.0028671938513,76.12057568922796,76.24238470610771,44.31850811158539,75.47770120900738,72.82209876617685,19.755181158436883,9663.739311993098,76.24194415472752,76.2414505102224,56.70530149314265,76.14930807037128,69.95420598094722,76.01380919937299,13.709704205074503,75.66100314394694,73.4124832587474,76.13994487515569,74.183348923137,75.84167562955642,34.70872781343593,66.11353198708879,76.21813898813055,65.53764915708247
Gemmiger formicilis,0.11152085761129538,0.3385155979764893,2.8685655946368698,3.506972906496906,0.20455158603664234,0.10641839276645575,0.31808466541528396,1.1245128263169228,0.060004254965214596,0.26930666978719614,76.23444272295933,0.0,0.09420451139654992,0.14887935699966182,17.75908653234256,0.028172016755289166,0.18767802831778185,95.93997877402548,40.13858470580325,150.23570896654988,225.64338787181075,31955376.615228098,0.012600253798518922,0.01089174158777229,0.6552188538289517,0.011873683186244042,2.4621398573394364,12.84225316741479,0.03582720487163335,0.011776607999674485,0.1217787988374197,309.988082870857,3.5398688453360343,1.3506228282855883,0.27532217726014446,0.5210617568683001,65.73625710764917,1.575724602145965,0.03910787734307443,0.016966677929559384,0.1990314774779529,0.4119430054758284,0.4480605013778318,1.7060852950600869,0.7168800715154715,0.22908361481093095,0.2150902729315988,25.1385975424556,31904.76215490845,1.5683343498500144,10064.300456194944,2.2215922049844483,27.196881972349566,4.525470206977877,0.036027308080984324,677.0711344317574,5640.283180144545,8078.326691530743,19516.538840045083,0.09987491347522451,1.0468608877299466,0.2941784712294937,0.04378061784925693,7.500750359919533,18.726466602415336,0.5272599778003916,3.203757902493721,1357033220.5469024,729.5397220634688,2.146153234799921,17188.368993454154,0.05632820679583844,1.0693002216665726,20.000397288142082,11.40471343038177,38.59894254360424,0.06012292973415772,0.9826381544551716,70667.92408068209,6.41906122308069,0.6392706397083726,1.8065632219541319,6.426158263467507,2.3606489754223228,828.3485306394064,10.95509241411181,35.07506660500012,0.0918836573857031,13.452453264437741,1.6165475597349364,36.194354561151954,6.922211583977024,0.16712867365523548,1.482107622537364,0.04213302116448091,0.11710225522245676,64.31427564350604,3.6982353001823243,206.2711041040079,137.76062136884448,167.00174242395178,369.14734251116283,0.10793384285345373,13.399790324559365,2934.948930205635,31.755253850938615,0.5222909607351722,0.0032558693756326905,2.2737585290517237,0.12512676257919494,0.013033629618739032,32.01245634301142,0.7892364123066955,3.481195262562,95.94141789526202,9738.805956687427,0.011493931510459039,0.015587593535975624,19.62538696462866,0.09454378238523488,6.363573867326046,0.23725177339921535,62.739036245444986,0.6042455473716409,2.8824636441320557,0.1090246993927984,2.090855803593852,0.41247946314974593,41.64729927397242,10.211631857455359,0.03097786785140694,10.777855429487461
Gemmiger sp900540775,0.0247962648036061,0.24597699542029028,2.777553530402132,3.416228046425917,0.11383742377785146,0.03678315881156823,0.22545438992008832,1.0324129610704327,0.06580856086810877,0.17707267508169058,76.14824338244836,0.09420451139654992,0.0,0.05780604284784314,17.669904073313006,0.06812961480734556,0.09528312242282051,95.85360444380927,40.05089638523129,150.15052384845814,225.55903125355192,31955376.54403239,0.10336477984304554,0.10400777348392745,0.5625695125711356,0.09401627949782891,2.3704766201460274,12.753187941542368,0.05877940503982939,0.08277593673873071,0.050796788914391135,309.9039854918129,3.4491697546497555,1.258475629440976,0.18149430875698327,0.4278414359702169,65.64960268286096,1.483714534112818,0.07577098759913653,0.10279005743248307,0.10646320701072354,0.31842281372871145,0.3551649651895351,1.6135441023808799,0.6234679921936961,0.13696308710342422,0.12471766167286616,25.050932684207464,31904.68415793212,1.4761020667329228,10064.221086438158,2.1304263649100146,27.109338875051222,4.435277914746591,0.09567946450343093,676.9883406795574,5640.203146399113,8078.246514338816,19516.460283378605,0.04302178413729953,0.9541994674705976,0.2051931429301551,0.07089215730305187,7.410546863900624,18.638441769758025,0.435001775421403,3.1130822200028594,1357033220.4785202,729.4568787807805,2.0542660618562363,17188.290222092503,0.05034197717608285,0.9768208420373309,19.911929653290738,11.315405582517736,38.51067227019962,0.048218577392640516,0.8900931468449096,70667.84683756884,6.329131560986986,0.5465612932540801,1.7142959591179048,6.336273013696508,2.2683698270068287,828.2658421884657,10.866293173643573,34.987267185615266,0.0808154511762045,13.363169788739135,1.5250860143323979,36.107279953399946,6.831998102861367,0.08765255547672152,1.3897451444043727,0.06322672535597489,0.03441485813159935,64.22812522237649,3.6075209991292487,206.18666018479803,137.6755926182519,166.9169935042357,369.0633737060761,0.055204984070291674,13.311093614581887,2934.867967813526,31.667870187718414,0.42923351668694926,0.09209013122516513,2.1822050835202345,0.031204535942063814,0.10467191244607216,31.924299715552937,0.696225752737356,3.3895040305405053,95.85465886113592,9738.726658619165,0.10381942826171442,0.10386376560493239,19.536442725409707,0.022560500995142573,6.272769977437344,0.14441324702180594,62.65165137096271,0.5113089887287577,2.7906452447517918,0.03266833803510692,1.9992651714802099,0.31915941772815093,41.55938090960375,10.121611783810085,0.07894735368436553,10.688121172375787
Anaerotruncus colihominis,0.038592585348401084,0.191852013265341,2.726449014542393,3.3653370514998917,0.057947554061061654,0.04924948043246923,0.1715244772811882,0.9802098730322959,0.10546816158443834,0.12241758860044408,76.10010152349386,0.14887935699966182,0.05780604284784314,0.0,17.620044738789932,0.12142609284406085,0.04186015883714727,95.80536276866607,40.001890954721176,150.10296848832755,225.51195642823322,31955376.504420932,0.1590102648392509,0.15887676384376562,0.5105662448048089,0.14883045543567497,2.319086637005836,12.703428069781541,0.11335079808020762,0.13741864243938184,0.042978442044539475,309.8570582894678,3.3986138825093617,1.2069744873856911,0.13055941540315563,0.3762667016370121,65.60120862150208,1.4323925858311226,0.12272800279080519,0.1549194358037163,0.052405196066705385,0.26530919045562723,0.30276740019052983,1.56155003210413,0.572362943923423,0.08120851012174327,0.06899316162166012,25.001932201401253,31904.64070738189,1.423596944821682,10064.176856805865,2.0792371664334786,27.060417416356227,4.384734190172341,0.14224912165185583,676.9421581827809,5640.158539350032,8078.201825357162,19516.41651541096,0.06026088893505655,0.9016609809674189,0.14801396204560346,0.11681977694707807,7.359955475600149,18.589202064248536,0.3816053143936685,3.0622665867539114,1357033220.4404893,729.4106689403214,2.0021868117192145,17188.246332276904,0.09661520705697578,0.9249328462461948,19.862474777163822,11.265465692406057,38.46131426500608,0.09314789176550847,0.8379687552620906,70667.80381414482,6.278805458781778,0.4921171955139821,1.6624964047565383,6.286040775842329,2.216349162055662,828.2197205952396,10.816552751427556,34.9381718010385,0.1022306437180005,13.313118857517729,1.4735316754644197,36.058632369517596,6.781355249056391,0.04115607569275937,1.3371045624855946,0.11192342712067659,0.0339492956620497,64.17998865250307,3.556348165766913,206.13952424057666,137.62811642040896,166.86968001745643,369.0165138492484,0.06351625971653008,13.261374513514074,2934.8228319771597,31.619042977659486,0.3783963246614053,0.14705856581217322,2.1311385694859966,0.03359961592401265,0.1599876950919,31.875020194509418,0.6432430554909778,3.3381511252115033,95.80618914472777,9738.682469745514,0.1590472897232918,0.1565845364276846,19.48666797354705,0.05613217021999436,6.221884637063747,0.08961765802018175,62.60281879946095,0.45714631010139994,2.7391794753290757,0.04398337520875113,1.9480623002503825,0.26682781879462236,41.51024080247658,10.071172159097934,0.1279675571801683,10.637843054281841
Ruminococcus_E bromii_B,17.65566543093098,17.430648244423313,14.900154180501717,14.26067932038256,17.564451568974224,17.663409605062856,17.450701027932624,16.64614316752987,17.718195948113813,17.499471938098058,58.576281498076305,17.75908653234256,17.669904073313006,17.620044738789932,0.0,17.73511925501453,17.57908509570772,78.266175298907,22.417949799757974,132.62554719874097,208.0833023590486,31955360.50111734,17.766655444060966,17.7672414334821,17.113538436662772,17.758276263418004,15.312076519507908,4.9171529838426595,17.726295475098137,17.748753176955585,17.653162658035484,292.4421913445646,14.22696072167387,16.42070368813618,17.493201599371123,17.248770624767207,48.055593708603425,16.195991128984588,17.736526392597217,17.765372375852454,17.568154744814965,17.36034643872354,17.32009285797091,16.074041363453667,17.05974863328056,17.540717829365605,17.5538799630894,7.453542041900329,31887.768486670775,16.208788799628955,10047.158784619845,15.546285362603973,9.510415452178052,13.238514020100887,17.753597642654388,659.6186641080461,5623.074334517793,8061.103515436413,19499.483438954783,17.674253053130577,16.727861267465407,17.484856720530345,17.730090554169912,10.268258670860474,1.1910482625705427,17.241976540767215,14.562400537695197,1357033204.8558645,712.0826660713404,15.630869348680593,17171.290391720497,17.71142680984281,16.702647709451007,2.286565864142196,6.354783944828356,20.855464850682683,17.70870237392436,16.78928892113044,70651.01642204369,11.344128455366937,17.13807216846012,15.970679394304867,11.33639566785565,15.423240624028287,810.9035308535587,6.806552289038589,17.353366034941494,17.704273915861755,4.308148435792835,16.151682650207828,18.515005488260144,10.846058131212649,17.611581107159516,16.295918543087996,17.726868967909713,17.65229032807835,46.66507989450443,14.070858119552533,188.70618186158583,120.16280919935956,149.41917801705281,351.60881942675246,17.669453474436278,4.367303264936771,2917.6510693331284,14.0645798648438,17.24642990640705,17.757166229992393,15.497684864673452,17.64121645641158,17.76756419764176,14.276896470199214,16.985836917631087,14.300442509821805,78.2475080295258,9721.671817814846,17.767068148088104,17.76653676206028,1.8729124913175952,17.6711960616254,11.414725021448673,17.531985544163316,45.02248508860018,17.171859972253834,14.897036940403586,17.6610524659395,15.680088153943341,17.356746872085317,23.915537431091206,7.559098776727738,17.741941066154208,6.987194217916635
Ruminococcus_E bromii,0.08423466992983704,0.31199136524026755,2.8437285602185467,3.48228012793506,0.17754786585640292,0.07925296070349512,0.291573239310153,1.0989613063202641,0.03826769511212594,0.242602561166011,76.21160011229213,0.028172016755289166,0.06812961480734556,0.12142609284406085,17.73511925501453,0.0,0.16093009027565602,95.91707493156092,40.115193992936085,150.21322762486335,225.62119511103813,31955376.59713595,0.03967963152938716,0.03874981854906501,0.6294892907391039,0.03062417973766484,2.4370419987010092,12.818335628598039,0.010445603048949635,0.01711049566583724,0.09452497005175312,309.96597897608154,3.515291329507639,1.3253047355430816,0.24907958046380055,0.4952093376567366,65.71325345255615,1.5505147224569704,0.023318984742266607,0.03608037189036406,0.1722356398426516,0.3854889529107357,0.42204856492886667,1.6805221995262782,0.6911530647206169,0.2020347188675383,0.18816587261790935,25.115207269157363,31904.742027951375,1.5426872300248058,10064.27989995569,2.196671982309368,27.17354100630189,4.501025940784464,0.03583794018166495,677.0494694289881,5640.262413465968,8078.3058784272835,19516.518538976783,0.07280406861466754,1.021041031710042,0.26691835532499747,0.02488291967747604,7.4763096697252385,18.702927881599024,0.501139915180884,3.179098372930893,1357033220.5296173,729.5180408519802,2.1207631303148737,17188.348625246956,0.02991282219364936,1.0437412808668731,19.97670505856516,11.380685835739556,38.575327597967416,0.033225007535054925,0.9569723155895138,70667.90418639212,6.394760281412304,0.6127028592586754,1.7811504093896389,6.401894647142214,2.3351788845638812,828.3269004939528,10.931231196182578,35.0516250512803,0.07161990497935326,13.428398705125874,1.5914077641148288,36.17119007429638,6.897749913474085,0.13983509773640848,1.4563744008772213,0.01780761992126558,0.08940280479872512,64.29144215571603,3.6734608794663757,206.248877820702,137.73819073273694,166.9794098731635,369.125280582918,0.08209269685854159,13.375960935419176,2934.9278658078465,31.731974289305914,0.49668111287911226,0.026682246119435316,2.2487808968691465,0.09886500243079782,0.0404508416824832,31.98888695282421,0.7631291340353843,3.4561210037237116,95.91837327518395,9738.785423060275,0.03917343294854132,0.03724071904418421,19.601497152286893,0.06754993601644363,6.338896991010636,0.21034331790471908,62.71576023362011,0.577713223372585,2.8573100764752923,0.08144317075266604,2.0658182280514907,0.3863196058106937,41.62382238786232,10.187289229251139,0.01833367122930324,10.753628134115491
Blautia_A obeum,0.07764705920148048,0.1513228166944839,2.685498404711876,3.324364536506742,0.021787709279456773,0.08752806273838068,0.13079862760123562,0.9394256670384716,0.14466536066792843,0.08196065002621952,76.05946072109403,0.18767802831778185,0.09528312242282051,0.04186015883714727,17.57908509570772,0.16093009027565602,0.0,95.76469423912428,39.9610488736961,150.0625020279299,225.47165184953272,31955376.468119595,0.19717296842997065,0.1973249879973176,0.46974786395369883,0.18703017336706432,2.278182646258708,12.662472620216363,0.15239981037175251,0.1762882562393132,0.0791530801929565,309.81680725920694,3.35762798484837,1.1660951583449874,0.09117122344316243,0.33573951253558626,65.56049865777017,1.3915196719120726,0.16211059207577688,0.19374752481573815,0.012066251198528185,0.22499154467832275,0.26188498293993245,1.5208716971320768,0.5318193067575916,0.042498887777664106,0.0324612532680947,24.961096095950836,31904.60206669438,1.3828857694699905,10064.137804813423,2.0382827744291867,27.01959254268224,4.34376059467838,0.1815552579013924,676.9021987761728,5640.119297396333,8078.1625450377815,19516.377704124156,0.09901194150411888,0.8610220755936141,0.11247061884634668,0.15614036642093304,7.3189868661760595,18.548327933259163,0.3410673312650411,3.021295230111531,1357033220.4052734,729.3706980381035,1.961391902110337,17188.2074566607,0.136151448896963,0.8841396133596667,19.82155949974049,11.224497468320791,38.42041609490406,0.1330268119122141,0.7972481684193731,70667.76540922953,6.237824298597373,0.45210106924031124,1.6216821949199782,6.245060128776255,2.175600990928169,828.1797874051128,10.775616748501132,34.89731906588223,0.13846327263693547,13.272161861142783,1.4326233668203967,36.017864684146026,6.740384280957731,0.053113218018435264,1.296438609639397,0.15155593918762159,0.07434206724511606,64.13935778094775,3.5154143684017116,206.09920229778194,137.58768024611066,166.829297567169,368.9762902378439,0.09940239737080299,13.220451424752236,2934.783334960678,31.578236268660593,0.3377238697929222,0.1858503587699029,2.0902290608236176,0.06756224751050594,0.198283137939171,31.83412995801557,0.6027823947851056,3.2972849013846375,95.76546469823984,9738.64343862443,0.19746276548041522,0.19527829640325173,19.445722450645512,0.09456724590905445,6.18091754587284,0.04982270117403443,62.56201243576839,0.41704525135269815,2.6983190285422465,0.08340548639239993,1.9071726015631996,0.22639019173560346,41.46937428025472,10.030196901879412,0.16763350737583196,10.596869586233367
Blautia_A wexlerae,95.83996295799484,95.61891521039264,93.1103794186039,92.47406628220004,95.75033588042167,95.84715981236069,95.6386419223811,94.84398398120797,95.90048027709454,95.68656936892263,19.710078473357147,95.93997877402548,95.85360444380927,95.80536276866607,78.266175298907,95.91707493156092,95.76469423912428,0.0,55.855057147319975,54.44340087619317,129.96189256370687,31955286.55825708,95.94712292506595,95.9476615846156,95.30608521801409,95.93918423672959,93.52352542687721,83.15110400417507,95.90844204705519,95.93009587433943,95.83749831653867,214.3193416423141,92.43988870288071,94.62139421443625,95.68096384333424,95.44029165781272,30.210768993090618,94.39891792743234,95.91837595370559,95.94592684532405,95.75406521303725,95.55094633700348,95.5099069634108,94.28216397932343,95.25566833302406,95.72746451217576,95.73975933199712,70.82732964572206,31810.91204565652,94.41358639113749,9969.887344124973,93.75138314595807,68.76666273890939,91.45335604203008,95.93467173028209,581.6446860505336,5545.62838310841,7983.615653781058,19422.44970095618,95.85802052361544,94.9269181370836,95.67283727465,95.9119771924038,88.50471799153057,77.24340718680509,95.43253200155927,92.7724364327279,1357033132.467012,634.0944697829211,93.84074120499886,17094.191133179767,95.89391810959938,94.90095926506018,75.99224426595703,84.59168902821544,57.44878101432395,95.89139994449938,94.98665624197466,70574.41541384593,89.56778167694327,95.3323115173224,94.17837826881356,89.55894471108175,93.6386461902585,732.9359579573459,85.02129701128483,60.91609826792603,95.88683526647529,82.55490570689514,94.35235874103552,59.75828969076225,89.07860922168437,95.79690311700921,94.50030166775034,95.90908784428414,95.83676276137105,31.629657493885702,92.2858309795944,110.58587242537955,42.04340281008902,71.29140731755325,273.48837921138124,95.8528567511776,82.58196440642094,2839.9878284657607,64.20644942563797,95.43752462980655,95.93814556719758,93.70602921253484,95.8258758448083,95.94794798836905,63.99816250637092,95.18212756597045,92.52362570299236,1.073112645974399,9644.421572653715,95.9475048751547,95.9470118514917,76.39441513013632,95.85468390112166,89.65316794132004,95.71895332294856,33.28227993456589,95.36563950960435,93.11469817581107,95.84527819675183,93.88669672692954,95.54660267383863,54.372451231231594,85.80949844186343,95.92363164685733,85.23394033938696
Blautia_A wexlerae_B,40.03697367808824,39.81394949935266,37.293574260676735,36.65538143449916,39.94654764113529,40.04440622827181,39.833840694445826,39.03407355345596,40.09841987895483,39.88218551758853,36.17925791639836,40.13858470580325,40.05089638523129,40.001890954721176,22.417949799757974,40.115193992936085,39.9610488736961,55.855057147319975,0.0,110.2420218256563,185.7249652335006,31955339.471919466,40.145921068118284,40.14647878559852,39.49894329728976,40.137781086894066,37.70652063256907,27.315892954225284,40.10646885393772,40.12849558150263,40.03447473550469,270.0882754842518,36.62139791949504,38.81004729428364,39.87629993935722,39.63373760128634,25.647941436157588,38.586396773966754,40.116531315484266,40.14467850597702,39.950277228863925,39.74489858790029,39.704161028245544,38.46723760440363,39.447005029205165,39.92327921018324,39.935960451717996,15.00002181835281,31865.845417726185,38.60021389828689,10025.102437479516,37.93734569027338,12.94246323488686,35.633222447503385,40.13317736244675,637.3212505436597,5600.9605935906075,8038.9768946823615,19477.503823531297,40.055269512392684,39.11654924300199,39.86802809713266,40.11010719539967,32.67335736247059,21.414425189232997,39.62637249877739,36.955442624154564,1357033184.2916787,689.7811805114004,38.02465211586953,17149.289805189503,40.091769541367164,39.090905390356255,20.150810769501156,28.75714710206692,1.701063507650739,40.089159579783285,39.17709381336247,70629.17405691308,33.742476277056426,39.524423708341054,38.36355341388157,33.73410112737642,37.81995586489879,788.6098360681384,29.194109802978122,5.065486096999015,40.08461994044381,26.715193886511255,38.54076787501313,4.007336462315422,33.24924491893104,39.99339621551812,38.68718621481717,40.10707715363753,40.03369036498741,24.28685411025305,36.46627255714166,166.34627429566535,97.78966019717893,127.05173819516006,329.25756293900247,40.05024920173122,26.750543613124233,2895.4646220771306,8.389769625238673,39.63115715247942,40.13671251398853,37.890549156521594,40.02272385014313,40.14678190611502,8.143471178075618,39.37321355973007,36.700685971724944,55.83040040499157,9699.622206415499,40.14631603779948,40.1457996637474,20.545627101083458,40.052059154324795,33.8216533815963,39.91466560643286,22.605458225349963,39.557994924524564,37.29463362142606,40.0423208346075,38.07212349455404,39.74088022778299,1.5367119352606784,29.97076399991662,40.12186561866568,29.396358845592257
Agathobacter sp900317585,150.1371262821399,149.91801173017475,147.4227419403902,146.78883942007465,150.04828014998333,150.1441208593422,149.93757552341225,149.1482509373156,150.19680139814358,149.98509234766576,74.06382172782389,150.23570896654988,150.15052384845814,150.10296848832755,132.62554719874097,150.21322762486335,150.0625020279299,54.44340087619317,110.2420218256563,0.0,75.51969794525516,31955234.030791517,150.2426920455544,150.24321343110537,149.60741488425504,150.23492403037346,147.83560442318125,137.49124852446627,150.2046843002234,150.2260059205549,150.13469222233712,159.8763172251005,146.754531520513,148.9271768900353,149.97972969322956,149.74095574226845,84.60043926524146,148.7059937958736,150.21449506059693,150.24152901094575,150.05200467148387,149.85103541952088,149.80979954512566,148.59150376053074,149.5583656952183,150.0257665078945,150.03772699740213,125.1760885009727,31756.859089955287,148.72139454634305,9915.661856373996,148.06054616316055,123.1168607349128,145.7705711486096,150.23048626199775,527.2139210404381,5491.33867480679,7929.309357845321,19368.320303749315,150.15496242867658,149.23147839965083,149.97173634995946,150.2081278278364,142.83574495667898,131.58461473101806,149.7328714328522,147.08534814303076,1357033080.8497407,579.6606134534948,148.15163857731773,17040.034288106854,150.19032015342964,149.2052808977589,130.3456442926315,138.9297379983838,111.85190107258713,150.18787898146056,149.2904482817337,70520.47817691434,143.89181234191022,149.63424066715368,148.48774835680194,143.8825443975796,147.95213811827412,678.504943508183,139.35193807139188,115.29388919967994,150.18330672710488,136.9003205160038,148.65867252812177,114.11143808904153,143.40707277924736,150.09455263564968,148.80778005619572,150.20535459011737,150.13399679128676,85.96295745762528,146.60162218482986,56.145602689819405,12.490059048170258,16.870054502550374,219.04563952358615,150.14969327081135,136.91911791933288,2785.6271061131447,118.56184471910548,149.73803883685238,150.23391039299224,148.01653376227966,150.1231952550773,150.24348770192069,118.37895415332679,149.48511845111292,146.84231355094332,54.55710781043774,9590.204696520093,150.24306242973745,150.2425845235691,130.7559999398462,150.15153059721777,143.98324715810776,150.01735175436517,87.71229766984554,149.6673165481851,147.43004019963354,150.14240619031065,148.19618189804015,149.84642745604157,108.77207134812492,140.15089259791756,150.21967935126682,139.57456838477208
Mediterraneibacter faecis,225.54580323467545,225.32810128505142,222.84305110448565,222.2110931885667,225.4575316398498,225.55266733390084,225.3475449154363,224.56221731859867,225.60489760378516,225.39476279060972,149.55713046445675,225.64338787181075,225.55903125355192,225.51195642823322,208.0833023590486,225.62119511103813,225.47165184953272,129.96189256370687,185.7249652335006,75.51969794525516,0.0,31955161.000154864,225.65026169221204,225.6507730882859,225.01916338624997,225.64260939436662,223.2554706127347,212.93479658721424,225.61271570558247,225.63380755144252,225.54339657106257,84.36407019187197,222.17671142484366,224.34226448059962,225.38955358577087,225.15217701419235,160.09624808281683,224.12206251559263,225.62244453789725,225.64912472866655,225.46124726402053,225.26180878043144,225.22047763474887,224.00911454367787,224.97102219984828,225.43526364880634,225.44700221522777,200.63127234177213,31681.808150758603,224.13793950914445,9840.392738292563,223.4783856205567,198.57396494383704,221.1950089803507,225.63823056871846,451.7028753667093,5415.990599606446,7853.939257620313,19293.171979970888,225.56348857910243,224.64557696341805,225.38166653069908,225.61610403703386,218.27071155306663,207.03195134795413,225.14389792788853,222.5062174293384,1357033009.046699,504.1460937583357,223.5705504065287,16964.851094587677,225.59846977328587,224.6192391950906,205.80088826196473,214.37122892740751,187.3427577288882,225.59607957496377,224.70400764265787,70445.57612991796,219.32171419503203,225.04636597472856,223.905446700625,219.31216465868073,223.37284731625928,602.9930037929952,214.78857302254482,190.76993041570654,225.59151600147854,212.34746332144135,224.07428594060497,189.5751295454627,218.84009065329235,225.50358387781677,224.2240546405809,225.61340412009366,225.54272337781333,161.43919950004076,222.0246565038323,19.37926854891958,87.9408668045968,58.67739107006486,143.53418637025285,225.55815994685366,212.36113625692218,2710.19346900885,194.02425907378532,225.14916381691026,225.64161253917587,223.4352630191673,225.5319784957449,225.65103902660766,193.8553255855916,224.8980278905836,222.2670579226563,130.07426327996276,9514.946656246782,225.65062521920214,225.65016018700382,206.21595734268305,225.55999517552635,219.41696990156058,225.42691582685094,163.2221464386738,225.0792530317487,222.85226665098153,225.55105845302265,223.61413987220698,225.25703365831194,184.2620563285027,215.5938569502108,225.62757773825663,215.01734931887836
Mediterraneibacter torques,31955376.533207927,31955376.34223915,31955374.098104883,31955373.519992888,31955376.455808558,31955376.538369987,31955376.359365966,31955375.658657644,31955376.583050974,31955376.400865756,31955304.934327014,31955376.615228098,31955376.54403239,31955376.504420932,31955360.50111734,31955376.59713595,31955376.468119595,31955286.55825708,31955339.471919466,31955234.030791517,31955161.000154864,0.0,31955376.620670304,31955376.62105013,31955376.06757988,31955376.61456782,31955374.484732535,31955364.944856748,31955376.58982257,31955376.60740873,31955376.531166106,31955079.813727092,31955373.486505672,31955375.462490883,31955376.397560522,31955376.18784588,31955315.086132035,31955375.264533386,31955376.598102387,31955376.619798448,31955376.4592439,31955376.286690447,31955376.246697947,31955375.174383048,31955376.03166933,31955376.437290385,31955376.44610955,31955353.348683283,31923824.25422671,31955375.284710236,31945474.705250833,31955374.673435528,31955351.407922924,31955372.579332743,31955376.61095958,31954722.388819147,31949843.39174669,31947456.418431114,31936113.673006777,31955376.54831318,31955375.739040125,31955376.39108218,31955376.59243258,31955369.922679037,31955359.360569447,31955376.1779028,31955373.784490872,1325136484.7052598,31954671.91096922,31955374.772918813,31938425.211827427,31955376.57755313,31955375.71263113,31955358.28783426,31955366.2884392,31955341.14930061,31955376.57578756,31955375.78859251,31885322.88823979,31955370.861842565,31955376.097171903,31955375.0770967,31955370.84906654,31955374.605514683,31954575.635352686,31955366.625505213,31955344.201701533,31955376.571537696,31955364.430489045,31955375.214091856,31955342.890188463,31955370.440979183,31955376.49692554,31955375.363352206,31955376.59058337,31955376.530774202,31955316.1160943,31955373.351780664,31955179.64955687,31955245.697858356,31955217.538520705,31955022.829430237,31955376.5427349,31955364.378194034,31952510.355175387,31955347.12818314,31955376.184017003,31955376.61378934,31955374.642620634,31955376.521264113,31955376.62123607,31955347.160172265,31955375.965232294,31955373.601960987,31955286.9081088,31945792.100244276,31955376.620944075,31955376.620592754,31955358.74754506,31955376.54448568,31955370.998587288,31955376.430106897,31955318.351290762,31955376.126287628,31955374.128753047,31955376.53787772,31955374.803698357,31955376.280494317,31955338.180657025,31955367.47234847,31955376.602428682,31955366.92057912
Mediterraneibacter lactaris,0.12149959551887209,0.3478068872387842,2.87657752221468,3.5149014880797296,0.21447339588722455,0.11726767403275802,0.3273228210354803,1.1329899823467873,0.07186134273467712,0.2787865437082,76.24156460010177,0.012600253798518922,0.10336477984304554,0.1590102648392509,17.766655444060966,0.03967963152938716,0.19717296842997065,95.94712292506595,40.145921068118284,150.2426920455544,225.65026169221204,31955376.620670304,0.0,0.007208361833239626,0.6637532211917369,0.014389626460241913,2.4702423419878614,12.849801454798191,0.04611408291589026,0.02266783103917244,0.13285896324359234,309.9949236434669,3.5476919230061568,1.3588309925427138,0.284198533837482,0.5296095514618272,65.74343900926641,1.5838656979131518,0.0504992399050981,0.022195787004567417,0.20858393500100206,0.42089513878183055,0.45680971065419207,1.7144385034131941,0.7251043585478009,0.23888828944575524,0.22505385913108067,25.145940257224012,31904.7682867433,1.5768466091959776,10064.306738133631,2.2296531126597903,27.204202284762253,4.533287594040342,0.04599490366747365,677.0778138622848,5640.28953634927,8078.333064389706,19516.545032535774,0.11121103272518447,1.0554493533305356,0.30459429667582444,0.05557238665028387,7.508554974897,18.733876306720386,0.5362882664469151,3.2116760103091866,1357033220.5520794,729.5464071779578,2.1544986371673565,17188.375209422455,0.06784955773148972,1.0776745885242942,20.007857456459007,11.412313770353053,38.60637014948801,0.0717748190468131,0.9911160407173736,70667.93013190934,6.426791682611105,0.6485475710376519,1.8148201278310352,6.433860097522229,2.368959009724097,828.3551972609052,10.962648050388065,35.08242904397182,0.10348286463335366,13.460088156770992,1.624768472690272,36.2016034428263,6.9300339731012635,0.17826250833450247,1.490671510918186,0.05384699249066336,0.12772348012411636,64.32139999995346,3.7062600480774646,206.2779929380322,137.76758811257278,167.00867173011343,369.15416897353936,0.1194563673062102,13.407338921112474,2934.955392343609,31.76254831740399,0.5306320191498881,0.013773115483949529,2.2817805587458224,0.13419631197959317,0.0067226000689462485,32.01986411899441,0.7980178932993297,3.489267210448158,95.94861739397655,9738.812230668726,0.006351413788136669,0.019055868579444014,19.63293429880241,0.10472637435028843,6.371459890007115,0.24681734430334545,62.74632668582573,0.6134375093840116,2.89058001280373,0.11963516893109984,2.0989358660734543,0.42131057848280096,41.65466920077394,10.219378140842418,0.042891365886736164,10.785555492633414
Enterocloster bolteae,0.12157796223006051,0.3479381492036186,2.877131145952514,3.515470461470599,0.2141910605542436,0.11619532051645409,0.3275346212970934,1.1334246302541127,0.06870576863452393,0.2788321872389441,76.24209942392716,0.01089174158777229,0.10400777348392745,0.15887676384376562,17.7672414334821,0.03874981854906501,0.1973249879973176,95.9476615846156,40.14647878559852,150.24321343110537,225.6507730882859,31955376.62105013,0.007208361833239626,0.0,0.6642831292963854,0.016713708986606707,2.4708490319842014,12.850387285753113,0.046080418645716374,0.02226501585545596,0.13163257768291053,309.9954314397137,3.5483321647238966,1.359471633819893,0.2848071101551618,0.5302543958182842,65.74398321398063,1.5845158867182039,0.04776746180401011,0.01726047846169515,0.2086654833441383,0.42144927728450443,0.45728908194629414,1.7150346980489442,0.7261018935845971,0.23876953270690196,0.22464861423248383,25.146491275165126,31904.768726439757,1.577279226972886,10064.307191626736,2.230202201859565,27.20475447971474,4.5338452440657715,0.04049500752920946,677.0783050522573,5640.289996803664,8078.3335264585485,19516.545477772604,0.10969902243632806,1.0559238821250756,0.30381333413862444,0.052381077747870576,7.509119536000062,18.73442448255105,0.536425963261328,3.212240095116261,1357033220.5524375,729.5468992959129,2.1549713548891516,17188.37565681916,0.06613835669305132,1.0782649140909668,20.008426619250812,11.412896963568393,38.60693527170076,0.07006935226854652,0.991643563497889,70667.9305643232,6.427372067862493,0.6486502920216781,1.815441299199983,6.434458132099689,2.3695355842145265,828.3556875623261,10.963193027435064,35.08298165973694,0.09967582181975373,13.460640308443786,1.6252554857597907,36.2021501372305,6.930588723158219,0.17684043351892312,1.491095888513392,0.052036526054797486,0.1271747581626499,64.32192712944925,3.7067488215116358,206.27850244556504,137.76810410276732,167.009184524299,369.1546735893106,0.11710735817043068,13.407873156694304,2934.955862817364,31.76309958019257,0.5314016069422007,0.012762059317871837,2.282421979536956,0.13498113372986836,0.004102065232832692,32.02042982783214,0.7984561455714625,3.4898904973011584,95.94916068701558,9738.812683428627,0.003195877856723697,0.014462721101316894,19.633503065028545,0.10439380905059964,6.372065616866092,0.24692635132810845,62.746879480871996,0.6136394694266312,2.89120130937958,0.11912694249579674,2.099539792720248,0.42181122985065084,41.655231353229794,10.219957765808797,0.03980289565157682,10.78612607210992
Enterocloster citroniae,0.5472304047551515,0.3197682788885632,2.217118353858397,2.8563316310195717,0.4552210430305173,0.55602177195684,0.33986639393654083,0.47028136736709397,0.6126076412701761,0.38925738155325335,75.60138557557889,0.6552188538289517,0.5625695125711356,0.5105662448048089,17.113538436662772,0.6294892907391039,0.46974786395369883,95.30608521801409,39.49894329728976,149.60741488425504,225.01916338624997,31955376.06757988,0.6637532211917369,0.6642831292963854,0.0,0.6544594968742412,1.8089204003010853,12.197278384327452,0.6205873846415615,0.6441623491128418,0.5453434095973996,309.3651438485897,2.8896874536198354,0.696550229050952,0.382229702442334,0.13642846334540384,65.10113273557883,0.9220476642968531,0.6310462886262332,0.6618469390843015,0.4585089707498573,0.2474256607960768,0.20798301923900386,1.0511695270855728,0.08136755692368587,0.4304027826691107,0.44501029165036315,24.499154937626862,31904.172635559808,0.913698777566365,10063.703004598481,1.5698167785171717,26.557952642860396,3.876630326567573,0.6494940196515454,676.4548956577581,5639.681967759431,8077.724684448611,19515.94606219789,0.5668241545330004,0.3917479771475982,0.37749033087427697,0.6247531553394643,6.851601058292021,18.085536567790573,0.13278047127740955,2.5534433817576856,1357033220.0176005,728.9232234662319,1.4921320501640736,17187.774974814092,0.6052164874128008,0.4144200536415041,19.357642218428445,10.758801841759654,37.95684637001198,0.6021683704517674,0.3275887068795859,70667.33900091758,5.771037856521107,0.060365494547994246,1.1520164989926682,5.778382004110014,1.7059661816361489,827.7328508884908,10.311110391744855,34.434948741973756,0.6001886770926096,12.806468341663798,0.9639593480543994,35.55742929335513,6.273014919153064,0.5039636384053365,0.8273153442331547,0.6207924781498246,0.5436797726772724,63.68144871285307,3.0474553910926705,205.646435756747,137.13308696333445,166.3755704721964,368.525040854942,0.5634606451630065,12.75610727898725,2934.342546485728,31.116986282208142,0.1357402474137282,0.6532276734795924,1.6211373567303087,0.5328525514888234,0.6648139481399005,31.37087192629671,0.1360723932640439,2.827899998021501,95.30576203710056,9738.208914473484,0.6641654089389356,0.6631937809233261,18.980686597200123,0.5639200150420206,5.7125531912983885,0.4213015629259861,62.100642873363235,0.0719821457892867,2.228857771389969,0.5527363932789822,1.438054140878521,0.24429783257777773,41.00667101636497,9.563066270861253,0.6365918063262691,10.130287528053064
Enterocloster asparagiformis,0.11077092291966537,0.3378893312162701,2.8677758848544843,3.506166692313913,0.2041750648440855,0.1063829222632526,0.3173181917738816,1.1238108392888302,0.0617139771328574,0.2686718030973262,76.23365007730511,0.011873683186244042,0.09401627949782891,0.14883045543567497,17.758276263418004,0.03062417973766484,0.18703017336706432,95.93918423672959,40.137781086894066,150.23492403037346,225.64260939436662,31955376.61456782,0.014389626460241913,0.016713708986606707,0.6544594968742412,0.0,2.461311296347941,12.841445727395316,0.03694154884963362,0.015030990888188467,0.12157853121766778,309.9873067712102,3.5390459522529825,1.3497693807515025,0.27486135766504965,0.520392902161431,65.7354609779046,1.574910523664124,0.03956506233877106,0.019848777548743934,0.19860505538119405,0.41100763361794523,0.4472401544786349,1.7053249600211713,0.7156732570562121,0.22879759203806307,0.214914576391764,25.137799515186025,31904.76143185462,1.5675867545428526,10064.299720751767,2.2208000808661943,27.196081084384033,4.524686993108263,0.04051188136794768,677.0703690452825,5640.282438747474,8078.325948900431,19516.538111921236,0.10008093703007212,1.0461311217524265,0.2940836574060212,0.045770254657817096,7.4999553846315425,18.725667068836596,0.5267865732802366,3.202970907778085,1357033220.5462685,729.5389561795852,2.145400663568377,17188.36826339645,0.05737643979283444,1.0684899797440344,19.999590017660434,11.40390023371275,38.598136487785105,0.06134436452484275,0.9819074033738517,70667.9233644864,6.41825649092973,0.6387324045268346,1.8057038956934506,6.425346260019611,2.3598360368672577,828.3477660989954,10.954293571538354,35.07426458055887,0.09344795662864912,13.451654275058393,1.615808024913267,36.19355505669623,6.921412082006818,0.1674474131572985,1.4813675891637927,0.04290437733642352,0.11711770958159147,64.3134870819433,3.697480036665829,206.27032621789712,137.7598393726341,167.00096250099068,369.14656792919976,0.10914957898029554,13.399000305934711,2934.948180584956,31.754452375374758,0.5214994226059194,0.01327111918182618,2.272965234441806,0.12491308362905497,0.018836134763055862,32.01164776736531,0.7885340818790414,3.480394596363772,95.94062182058124,9738.80522188174,0.017835013554864377,0.01783519494259292,19.624579936101654,0.09391429192938718,6.362737698731396,0.2367701887833049,62.738235933561604,0.6036518225851455,2.881644375064153,0.10845754398803469,2.0900958724017675,0.4118773929294598,41.64649355840898,10.210821831951405,0.033331688621455476,10.777048615191875
Enterocloster clostridioformis,2.355536842749393,2.1280871169053857,0.413729715392089,1.051709814717681,2.2633805332210426,2.3638601202007354,2.1483117785950983,1.3395075035098776,2.4198743576938897,2.1976040835735753,73.82066040021495,2.4621398573394364,2.3704766201460274,2.319086637005836,15.312076519507908,2.4370419987010092,2.278182646258708,93.52352542687721,37.70652063256907,147.83560442318125,223.2554706127347,31955374.484732535,2.4702423419878614,2.4708490319842014,1.8089204003010853,2.461311296347941,0.0,10.397404953442633,2.4281200060365236,2.4513374333686775,2.3530462369353793,307.6039880778468,1.0859652791154049,1.1126110499189372,2.1907834068383414,1.9443160958205015,63.3165457005617,0.8872779604309232,2.438479878080656,2.4686938876888753,2.2670168266975708,2.0558468405505517,2.0167577878717693,0.7622167211461114,1.752683845076684,2.23888355122667,2.2529396972440807,22.707900031303353,31902.4862828393,0.8990119397081804,10061.998015465295,0.24582894419731724,24.767491510959943,2.0741643849633125,2.456398311429599,674.7078054406451,5637.968295719022,8076.009191597619,19514.252005205108,2.374579211292676,1.4194326356340357,2.182547893234276,2.432108535022692,5.04619112729253,16.292219081059123,1.9385827447095796,0.7515498445076373,1357033218.4820688,727.1755523932092,0.32210303299070564,17186.078001162918,2.412894370725414,1.3950122803493021,17.56074700001864,8.957624687848528,36.1601682070854,2.4099409692886558,1.4820228516750134,70665.66324435356,3.968002619547719,1.831914673391992,0.6590155793711749,3.9757699949858787,0.12894512621921622,825.9869410359147,8.513770148211556,32.641871714957965,2.406019944180155,11.004921164209952,0.8462953792733351,33.770241169885075,4.467791484114498,2.3108870668985206,0.9860107320691209,2.4284800399286994,2.351982203545608,61.90140281074714,1.242912459239721,203.88188231812146,135.36289972932693,164.60803900788227,366.76516545595433,2.3704007393834083,10.958681548537587,2932.617112959567,29.327472186461264,1.9425410938943624,2.4601538728491703,0.19043077143445294,2.3409573988337957,2.4712627186482354,29.57528020539562,1.6783851867415358,1.0192203170497625,93.51985854216257,9736.504879277436,2.4706851756800754,2.469964709549132,17.180513195406864,2.371878919478,3.904773419269255,2.229968697261711,60.31001583166105,1.8657193320871484,0.4207376025941311,2.3609296606135763,0.37172950697641455,2.0531134042271795,39.21244306052965,7.757895376872688,2.4440436458859716,8.326556233302316
Coprococcus eutactus,12.738994855713296,12.514184124451734,9.985134856324377,9.345884584642597,12.647871238489255,12.746730826049763,12.534216237483387,11.730248395738277,12.80146286096241,12.582947214994567,63.45441637537804,12.84225316741479,12.753187941542368,12.703428069781541,4.9171529838426595,12.818335628598039,12.662472620216363,83.15110400417507,27.315892954225284,137.49124852446627,212.93479658721424,31955364.944856748,12.849801454798191,12.850387285753113,12.197278384327452,12.841445727395316,10.397404953442633,0.0,12.80951509929346,12.831938807548545,12.736532771832985,297.29032161722324,9.312019049051392,11.504991005538395,12.576685030921057,12.33245570620896,52.94091528602035,11.28044642202,12.819761774941012,12.848536878375496,12.651557655567666,12.444017163343561,12.403687091690559,11.159178593634724,12.143769731279196,12.62417908548807,12.63730131924209,12.324058446763535,31892.4604454503,11.293599013162714,10051.892773347696,10.630803155172098,14.384705897423697,8.323501139553883,12.836805600617353,664.4405193181425,5627.82739174545,8065.860791367834,19504.192920780166,12.75758888858026,11.812114439636286,12.56846802134668,12.813325753075855,5.357995702715991,5.908513486522937,12.325636542332084,9.647194116402794,1357033209.180977,716.9059972200686,10.716187533760792,17176.006470069016,12.794679881642335,11.786785845797995,7.165609734408957,1.441454516985576,25.763803444778503,12.791967344958595,11.873367627645337,70655.68399155862,6.429872379541252,12.222051851110328,11.055712745039989,6.4218489640416925,10.509394545927734,815.7235003620966,1.8913107436638357,22.250676288217807,12.787609316455125,0.6250031465094288,11.235913219897629,23.392926760737755,5.934519524541336,12.695025982333176,11.380707769200841,12.810110578955808,12.735639046641356,51.53855258926657,9.156413432225708,193.5588476413846,125.0241052184223,154.2765133960023,356.455155166512,12.752786023639526,0.5877285711773658,2922.429427042393,18.94524969020292,12.330076733327939,12.840335023237763,10.582579943131334,12.724547021304359,12.850706336021965,19.18032788118427,12.069896854426247,9.387729350872027,83.1394526299164,9726.403646183617,12.850213104518028,12.849695631389345,6.783659790423442,12.754487360414359,6.506063527511445,12.615450910108438,49.921185626868564,12.255782257274417,9.983337813443246,12.744393724011607,10.764820564285214,12.440346829586264,28.818725617145788,2.660720937812745,12.825162644767826,2.0845176308597297
Dorea_A longicatena_B,0.07606804528474628,0.3034769162474066,2.834854276464582,3.473404239114852,0.1695088783270105,0.07276387320469044,0.2830121959171753,1.0901512618661922,0.039495379654593196,0.23419993049802745,76.2029807945129,0.03582720487163335,0.05877940503982939,0.11335079808020762,17.726295475098137,0.010445603048949635,0.15239981037175251,95.90844204705519,40.10646885393772,150.2046843002234,225.61271570558247,31955376.58982257,0.04611408291589026,0.046080418645716374,0.6205873846415615,0.03694154884963362,2.4281200060365236,12.80951509929346,0.0,0.024247106011655372,0.08860429399977111,309.95752023098214,3.5063608864395555,1.3163485881661854,0.24007208654368786,0.48620123344985294,65.70459871923964,1.5415426474449663,0.02932277600300693,0.045053193773499034,0.16372800558996098,0.3766993562813392,0.41319909436743085,1.671597666659845,0.6819978921943461,0.1937906208113777,0.18019257222086385,25.10648738017417,31904.734087881145,1.5339017922521712,10064.271838569422,2.1877937975206643,27.16482734052947,4.4921734625713166,0.04465073127511518,677.0411167464133,5640.254294207004,8078.297747008147,19516.51054918246,0.06762462916637188,1.012212202606748,0.25952064735288105,0.028918251414258855,7.467457505379339,18.694189916095887,0.4925525280313208,3.1702223030193197,1357033220.5225723,729.5096839279454,2.111942784620477,17188.340616482805,0.026681642012204534,1.03481693821065,19.967929063558543,11.371858098762935,38.566565784561384,0.029824550862858793,0.9480903827278485,70667.8963138213,6.385905185781011,0.6042445550412104,1.772220249943691,6.39303058903137,2.326286714562618,828.3185565292458,10.922454505926048,35.04289746767704,0.07236450005061447,13.419595704638612,1.5825609557950164,36.16250819845679,6.888906140220263,0.1336517510306026,1.4475972938590778,0.019708969000135763,0.08204313680308545,64.28283128581602,3.6646442000596595,206.24039361878343,137.72966173879314,166.97090223765292,369.1168332905762,0.07773372565968178,13.3671972800334,2934.9196666230646,31.723270914314877,0.48757605628766065,0.03391977579575583,2.2398215159809807,0.08970123574519313,0.04723333561120409,31.980130666439752,0.7543481239461163,3.4471837664041267,95.90971334726572,9738.777367949844,0.04617224036314511,0.0459248991421402,19.5926983556331,0.05981432836733097,6.330001284943059,0.20188450177580716,62.70705612173836,0.569169048205892,2.8483773705718587,0.07441068018823675,2.0568820414899327,0.37744744285748405,41.61508149244711,10.178436137236439,0.026867987990700722,10.744792207195806
Dorea_A longicatena,0.09994223843944045,0.3272640185652509,2.8578846618718914,3.4963455832295973,0.19324718830593543,0.09532372247023024,0.3068012408418247,1.1135777392225523,0.051506243022489885,0.25800299485240363,76.22458609603211,0.011776607999674485,0.08277593673873071,0.13741864243938184,17.748753176955585,0.01711049566583724,0.1762882562393132,95.93009587433943,40.12849558150263,150.2260059205549,225.63380755144252,31955376.60740873,0.02266783103917244,0.02226501585545596,0.6441623491128418,0.015030990888188467,2.4513374333686775,12.831938807548545,0.024247106011655372,0.0,0.11077044540020585,309.9785405747269,3.5292651448514154,1.3397134145681306,0.26402681659905797,0.5099246606340849,65.72633119070109,1.564858664483242,0.03169607335607538,0.023668477730366712,0.18766596280602862,0.400601048452448,0.436888780081243,1.6951062257826648,0.7056767056914465,0.21772812807740363,0.2038645411397977,25.128510326024337,31904.753459726355,1.5573699078155618,10064.29157665163,2.2108752309308137,27.186814367780585,4.514948544667334,0.03530543406565285,677.061779832468,5640.274210288749,8078.317701799503,19516.530070065415,0.08905499446588329,1.0358097606217307,0.2830049610971206,0.035766781406151894,7.490231237828686,18.716318940415007,0.5161831960064506,3.193144616513672,1357033220.5394309,729.5303604483141,2.135280331367176,17188.36019464233,0.04574804678749246,1.0583091640781186,19.990180834244427,11.394355117200911,38.58875984233749,0.049509064960025134,0.97162870902638,70667.9154854943,6.408591558796511,0.6280583406469393,1.7956291406185156,6.415698640668057,2.3497147181606537,828.3391909092952,10.944813129021107,35.06495824477315,0.08432951494131091,13.44209496195149,1.6057593504866,36.184361267188926,6.9116863714167085,0.1562020513206471,1.4711124450331896,0.03206026602290546,0.10569351843123505,64.30442524389177,3.687602922939948,206.26151050041827,137.7509410355003,166.99210373931467,369.1378186875982,0.09781116285305194,13.389528506100667,2934.939832684249,31.745211854103204,0.5111986316140557,0.010358440796836838,2.2629933616302327,0.11372405563364583,0.023889445831446674,32.00229151133134,0.7780862436000928,3.470403196601005,95.93147581112198,9738.797086847668,0.022639489458731725,0.023566011331294143,19.61509069866942,0.08313486724848346,6.352945981549069,0.22586532810852605,62.72899607098969,0.5930115222581619,2.871639026950491,0.09761722220993892,2.080078722909785,0.40127113758661137,41.63717363529918,10.201148444577829,0.02431794686047671,10.767421011702238
Lachnospira eligens_A,0.029476255613532586,0.2257292190813819,2.7600612048922977,3.398888151490574,0.09041256639298574,0.01725014763467922,0.20571162097245252,1.0140007644261597,0.06944450680118151,0.1562759008723552,76.13217315060939,0.1217787988374197,0.050796788914391135,0.042978442044539475,17.653162658035484,0.09452497005175312,0.0791530801929565,95.83749831653867,40.03447473550469,150.13469222233712,225.54339657106257,31955376.531166106,0.13285896324359234,0.13163257768291053,0.5453434095973996,0.12157853121766778,2.3530462369353793,12.736532771832985,0.08860429399977111,0.11077044540020585,0.0,309.88840753688623,3.432462691691589,1.2413708504544279,0.16954280698888383,0.41242725973240113,65.63344955569382,1.4668351374756206,0.08920769929062189,0.12406948052441227,0.08972695392130073,0.3006656679305258,0.33777296050973277,1.5959026874280342,0.6084802896963389,0.1158736766823887,0.10066915102420271,25.034495556328036,31904.669901351306,1.4571142691260048,10064.206539672896,2.1129188810807884,27.09294528171289,4.418116223667019,0.10792769757851589,676.973048935288,5640.188457951939,8078.231794699815,19516.445908965667,0.02256380685050605,0.9357412122529707,0.17509720183809407,0.08333831057354855,7.393298502277367,18.621853847319326,0.4150578310053533,3.095840043390066,1357033220.4662108,729.4415783126627,2.0357303654229533,17188.275802303273,0.0657594617315615,0.9593858945228746,19.895327465307933,11.29861075202819,38.49408713596802,0.06215873799982358,0.8723586769861517,70667.83273877982,6.312148430866782,0.5249371927529113,1.6966672805406111,6.319436731921812,2.250312674523971,828.2505754630766,10.849416506513826,34.97076695823741,0.060742978255307195,13.346134092132768,1.5071988283310174,36.09100156723031,6.814648233362191,0.04635053629971228,1.3706418931630213,0.0808696478720515,0.01971491575730561,64.21201936335291,3.589607534309821,206.1709835519483,137.65977445011285,166.9012429901445,369.0478118955871,0.025308881681586275,13.294171932985925,2934.853079234655,31.651518230634466,0.4148879954952768,0.12062999365058116,2.1653564214832697,0.051528559242145756,0.13355575240395323,31.907761793429646,0.677469368334917,3.372187060157658,95.83845395391387,9738.712127147608,0.13249947211162247,0.12629754494294024,19.51964589111952,0.0333260930795491,6.2554829140273585,0.12555748155348795,62.6352985539561,0.49052360507782966,2.773222555535798,0.019134898645566976,1.9822065544136842,0.3028753681416839,41.54290397790827,10.10448909636028,0.09600116954062148,10.671051730222239
Roseburia inulinivorans,309.8908085268534,309.6735526380836,307.1917322420506,306.56038156425615,309.8027176062818,309.8976309595071,309.6929586464649,308.90889782448,309.9497190578331,309.74008159824075,233.921135091097,309.988082870857,309.9039854918129,309.8570582894678,292.4421913445646,309.96597897608154,309.81680725920694,214.3193416423141,270.0882754842518,159.8763172251005,84.36407019187197,31955079.813727092,309.9949236434669,309.9954314397137,309.3651438485897,309.9873067712102,307.6039880778468,297.29032161722324,309.95752023098214,309.9785405747269,309.88840753688623,0.0,306.52598575579356,308.6892987858034,309.73492136330805,309.49798764192843,244.46020558909663,308.4694051961471,309.96722105976664,309.99379287100754,309.80643146857506,309.6074726985486,309.56611794727917,308.3569119447255,309.3172789440407,309.7805259251678,309.79219606944196,284.9900156216865,31598.161342593157,308.4854123025375,9756.45914520757,307.8263011299166,282.9331812700211,305.5449957776954,309.9829426419352,367.4037343402323,5331.94905015183,7769.862593225844,19209.398824855616,309.9084440870763,308.9922877534927,309.72705963694017,309.9608890830615,302.62374332811265,291.38869965139605,309.48964771928263,306.8550893175873,1357032929.30298,419.83235407734384,307.91876029497985,16881.03184950636,309.94330969473157,308.9659136960244,290.159388443548,298.72616773871187,271.706500022733,309.9409349301152,309.05055544653993,70362.11912234916,303.6733428299313,309.39244973796826,308.2532802196764,303.66371933398653,307.721589628401,518.6860927718551,299.14228290271507,275.1324180484349,309.93636973380393,296.7038485281219,308.4214977500508,273.93589721917755,303.1925737617491,309.8486956387807,308.57144030193814,309.95821239391125,309.88774284359374,245.80240667176665,306.3741748190991,103.74311722131446,172.3046720488985,143.04099426789645,59.1702905974805,309.9030968688873,296.716325052982,2626.026840790082,278.38463574075695,309.4949470422548,309.9863148585754,307.78344075351555,309.877018741741,309.99569506889503,278.2177742580838,309.24436247062044,306.6170349431823,214.42323038113906,9431.028675521502,309.9952847139456,309.99482247148177,290.5753594936202,309.90493480593665,303.76959366935864,309.77219973533516,247.58436938488748,309.4252787494845,307.20148870275113,309.8960546109141,307.9620780460077,309.602648895764,268.62581769221566,299.94906330601975,309.97233866937927,299.37255040668714
Roseburia intestinalis,3.434688435776292,3.208300736410307,0.6749099108525931,0.05664711392309454,3.343033491680615,3.4429215551224037,3.228427852418269,2.421330180381126,3.498510109762555,3.2775397295929105,72.73745662240263,3.5398688453360343,3.4491697546497555,3.3986138825093617,14.22696072167387,3.515291329507639,3.35762798484837,92.43988870288071,36.62139791949504,146.754531520513,222.17671142484366,31955373.486505672,3.5476919230061568,3.5483321647238966,2.8896874536198354,3.5390459522529825,1.0859652791154049,9.312019049051392,3.5063608864395555,3.5292651448514154,3.432462691691589,306.52598575579356,0.0,2.1947858351386595,3.270671127639843,3.024967159809127,62.23253735517582,1.9696280050018509,3.516915958236358,3.5464399731440452,3.3465644861736505,3.13681316383621,3.097091127058122,1.847547818362266,2.834460865139575,3.3188276233819147,3.3325526766808378,21.622996924562127,31901.43772580531,1.9833454786396303,10060.94129746374,1.320782212600579,23.682668744747126,0.9897561543383375,3.53452969348624,673.6344928710532,5636.907918240201,8074.948067561301,19513.200028078325,3.4537747765145212,2.50236084075716,3.2631236484358275,3.510514688017764,3.962683371312733,15.207184170145426,3.0191248521239196,0.33859538954671675,1357033217.5087125,726.1020278031817,1.4061765668145512,17185.02474586333,3.491461701419344,2.477178327517461,16.47538111148376,7.872433660772382,35.074814374982004,3.488618963550299,2.5640918287897523,70664.6194864823,2.8831199412539728,2.9141027459283304,1.7441337337931637,2.890607338635719,1.2006154567385565,824.9140442848461,7.428656649273295,31.556737924398075,3.484906748744784,9.920057147179458,1.926793110918437,32.685880553608825,3.384368479545586,3.390676240295736,2.070423848558766,3.5069862322972667,3.431299241073046,60.818422784402784,0.18237733439685513,202.80288575538486,134.28230946221709,163.52818270250606,365.6875637980233,3.4494156677837746,9.873599368657388,2931.551948507143,28.242754762212982,3.022818987706462,3.5378917208533616,1.2708092540204405,3.419973411286617,3.548676386442636,28.48994385226911,2.760833362868874,0.16419540074463265,92.4355849009851,9735.448570161388,3.5481403510103076,3.5476407588937,16.09532944178533,3.4507128858463507,2.824006296073506,3.3099308043360924,59.22506240353366,2.9477583724707865,0.6771329733319923,3.4401961044026432,1.4534658275250423,3.133556655781505,38.12716600588779,6.674098543223847,3.5223691891976263,7.2421341280213465
Anaerostipes hadrus,1.24348331800902,1.016045765656745,1.5219539815551062,2.161394019260036,1.1514806173464933,1.252132649311652,1.036207422520845,0.2293928516342922,1.3084447655112805,1.0855802912719297,74.91741613876388,1.3506228282855883,1.258475629440976,1.2069744873856911,16.42070368813618,1.3253047355430816,1.1660951583449874,94.62139421443625,38.81004729428364,148.9271768900353,224.34226448059962,31955375.462490883,1.3588309925427138,1.359471633819893,0.696550229050952,1.3497693807515025,1.1126110499189372,11.504991005538395,1.3163485881661854,1.3397134145681306,1.2413708504544279,308.6892987858034,2.1947858351386595,0.0,1.0784050857685656,0.8318067692817496,64.41555116483941,0.22568783383706958,1.3269131139097108,1.357315220948743,1.1549146314568606,0.9433833526726437,0.9044517748220788,0.35708081285701915,0.6407172895391207,1.1268202959469225,1.1411532003875677,23.81062392219335,31903.526818990245,0.22395127313007118,10063.049782884867,0.8749969886607967,25.86976577108211,3.182687966994393,1.3451280607024347,675.7847779198145,5639.0252835136835,8077.067274805647,19515.297188177105,1.2629022997573902,0.30856882816361647,1.0715155775973295,1.3206096756329886,6.156971862564186,17.396074911394766,0.8269277601446556,1.8589007007985325,1357033219.430984,728.2528737333085,0.7969364444436702,17187.124942068407,1.3012148337919158,0.28263065450470226,18.666733371939056,10.065958837231737,37.26617435832817,1.298225666248963,0.36985411834573106,70666.69738172948,5.077197234176771,0.7211148758994994,0.45606540271785434,5.084658889922943,1.0102729321779307,827.0632149396394,9.61980876053659,33.74576604043029,1.2951971664733344,12.113586757691447,0.27138299243283787,34.87065829873246,5.5784509599383805,1.1995037214508801,0.14372074972577426,1.3167757316672493,1.2400090075668795,62.9977363315319,2.3527610515740114,204.969184328699,136.4535049922699,165.69708953842974,367.8497282407288,1.2591153855302208,12.064895146979465,2933.6811578742672,30.42923058942553,0.8300878933174407,1.3486203607186342,0.9250438278558191,1.22881157991273,1.3599069928588734,30.680617184638365,0.5665795322994118,2.1314616797390387,94.61969326432188,9737.556072218993,1.3593052683793725,1.3585906708040913,18.2884358681985,1.2600207449001088,5.016853929744133,1.1177861903648767,61.412564206969414,0.7542306716102375,1.532404366035889,1.2489909891284183,0.7420768389431769,0.9406932241499152,40.31703124325331,8.868589458429957,1.3324586565102334,9.43642782601708
Eubacterium_G ventriosum,0.16702229074937233,0.0714931442887829,2.5986305845635584,3.237618035183369,0.08177729131548378,0.17832705020875594,0.05306401293762059,0.8523914647258786,0.235195045825076,0.034643168953007224,75.97587889900231,0.27532217726014446,0.18149430875698327,0.13055941540315563,17.493201599371123,0.24907958046380055,0.09117122344316243,95.68096384333424,39.87629993935722,149.97972969322956,225.38955358577087,31955376.397560522,0.284198533837482,0.2848071101551618,0.382229702442334,0.27486135766504965,2.1907834068383414,12.576685030921057,0.24007208654368786,0.26402681659905797,0.16954280698888383,309.73492136330805,3.270671127639843,1.0784050857685656,0.0,0.24685214840520203,65.47654519694356,1.303751636838759,0.2523262690134508,0.2828398082171314,0.08006923901506022,0.1381535166566385,0.17520663076579765,1.4328780167542479,0.44277900014509,0.057380041085453456,0.0745544324929476,24.876397202659984,31904.525399792212,1.295789334627536,10064.059937284068,1.9513859720227809,26.93498129562532,4.257349196393107,0.27158030046082626,676.8214013590548,5640.040853891631,8078.083978099202,19516.300546185637,0.1896697279232796,0.7735239175418375,0.07406705723402245,0.24627493579768123,7.232507215940601,18.463392428216927,0.25596905836757466,2.9345881226262462,1357033220.337304,729.2898577633715,1.8742664521937236,17188.130110922804,0.2259696494009672,0.7963954226422418,19.736235846535834,11.13856971839463,38.335221056739634,0.22283486501058747,0.7095808764039202,70667.68940685556,6.151507966776158,0.36685655523648164,1.5339651902581852,6.158728210184675,2.0879346425450205,828.0990777486254,10.690167673881541,34.81250815630657,0.22829696916399927,13.186326302675475,1.3457479332420614,35.933609682878824,6.653952408132457,0.134731175185495,1.2093015608580373,0.2412301529911016,0.16430979804427373,64.05583741837644,3.428887060990912,206.01704086106255,137.5050456463528,166.74688869829828,368.8945146701131,0.1891633285254153,13.135081351587122,2934.7040915651605,31.493741790930077,0.248700453669778,0.273220147926302,2.0026929736776973,0.15121631211699743,0.28533897197235836,31.749026154779884,0.5153148395989505,3.209702360613764,95.68142814974422,9738.565633495544,0.2846010167877894,0.28414972407062444,19.360059459955846,0.18456737902855744,6.093986300637924,0.04656865217203582,62.47748810293475,0.3311945043801041,2.6107280624131555,0.17383055435911665,1.8197018676131298,0.13825766211851603,41.38444312604153,9.943793062959992,0.2573061627266447,10.510683448562595
Bariatricus comes,0.4129835676775601,0.1876164458733741,2.352684627188563,2.991853575303622,0.32208705972144447,0.42268530780358704,0.20715213758758544,0.6062104875030834,0.47955657632056536,0.25629597364591455,75.73549567271573,0.5210617568683001,0.4278414359702169,0.3762667016370121,17.248770624767207,0.4952093376567366,0.33573951253558626,95.44029165781272,39.63373760128634,149.74095574226845,225.15217701419235,31955376.18784588,0.5296095514618272,0.5302543958182842,0.13642846334540384,0.520392902161431,1.9443160958205015,12.33245570620896,0.48620123344985294,0.5099246606340849,0.41242725973240113,309.49798764192843,3.024967159809127,0.8318067692817496,0.24685214840520203,0.0,65.2354660723894,1.057180024154093,0.49757353719396147,0.5282139185116629,0.32445441874997116,0.11411500379671528,0.07629929761105755,1.1860683966591514,0.1982838350787041,0.2968314878094352,0.31222752640212287,24.633928387511222,31904.30034592071,1.049365072723732,10063.832022549585,1.7054219117884046,26.692675151490683,4.012082688315892,0.5163466334784724,676.5868055887721,5639.811589880264,8077.854430678497,19516.07431481015,0.4336563487074919,0.5270536315958291,0.24895369054276945,0.4913589112016334,6.987069889890918,18.22046258604224,0.04548562442278058,2.6889396693287875,1357033220.1343987,729.0551702137553,1.627792977520884,17187.90343201459,0.47148602629774544,0.5497123567002783,19.492694187794882,10.894063285653905,38.09186131495822,0.4683968507422841,0.46298117195033284,70667.46596195396,5.9064157835164055,0.13167443238874982,1.2872233611702193,5.913699753215741,1.841180389902104,827.8646784048335,10.446309428277376,34.56980111138597,0.4686985645616884,12.941810355001532,1.099740178932291,35.691953992852206,6.408522764239297,0.37210577605558703,0.9628936068337522,0.48696239887000997,0.40972203116816275,63.815543131124514,3.1831533811876818,205.77951420787028,137.2665369886665,166.50884582038418,368.65780265852845,0.4310897745375491,12.891305809625303,2934.472980727225,31.251645630240816,0.012001620552748263,0.5189927230206545,1.756344750468682,0.3977956165647249,0.5307212182004408,31.505838013134255,0.2696151503118557,2.963141542879772,95.44016452293003,9738.337865962758,0.5300547931461164,0.5295133025672827,19.11590325449349,0.43005164006913404,5.847997653944977,0.28733938966555955,62.235322977119154,0.09642876235145172,2.3641212977136274,0.4189584378627669,1.573352222273099,0.10963771864545627,41.14155548179685,9.698489845064689,0.5028915368775045,10.265683604130599
Bariatricus comes_A,65.63590961794283,65.41444085924864,62.90339870297569,62.266702260692014,65.54611560926912,65.64316176357214,65.4342017964598,64.63845000609174,65.69663292577971,65.48221990595346,10.539462830805615,65.73625710764917,65.64960268286096,65.60120862150208,48.055593708603425,65.71325345255615,65.56049865777017,30.210768993090618,25.647941436157588,84.60043926524146,160.09624808281683,31955315.086132035,65.74343900926641,65.74398321398063,65.10113273557883,65.7354609779046,63.3165457005617,52.94091528602035,65.70459871923964,65.72633119070109,65.63344955569382,244.46020558909663,62.23253735517582,64.41555116483941,65.47654519694356,65.2354660723894,0.0,64.19282782516417,65.71457097361873,65.7422412513761,65.54983958288733,65.34624375060598,65.30525697578429,64.075631023774,65.05040571701399,65.52315978520436,65.53553659599909,40.61702293950149,31840.568156309004,64.20736861595466,9999.703874742187,63.54495670107228,38.556340475997125,61.24566021547748,65.730941866999,611.7287665063468,5575.5120321530785,8013.51660441138,19452.17439113049,65.65402771928404,64.72130606106829,65.46841976788554,65.7081659741626,58.295218030258475,47.03346895830625,65.22779929923388,62.56538615252239,1357033160.3939886,664.1852582170272,63.63397449192784,17123.94122354074,65.69004512888921,64.69539583114417,45.78153742450769,54.38163218711221,27.252093516001718,65.68750860032749,64.78119881344968,70603.97267510364,59.35913563128839,65.1272388395097,63.971853254374366,59.35036018326294,63.43139892621702,763.0191510278752,54.81209609090456,30.706838362070457,65.6829680015091,52.34443116106001,64.14645011698875,29.54838547916059,58.869397673549045,65.59275756679813,64.29414070955865,65.70524467076959,65.63269582697691,1.7072123588013934,62.07832597973321,140.71733724129078,72.15612938647969,101.41977284284812,303.6302847637179,65.64889618098194,52.37215864786309,2869.955124940517,33.995950755911224,65.23273225821849,65.73441490086643,63.49932600450385,65.62177995530794,65.74427166820224,33.789899885445855,64.97682417276307,62.3155664380123,30.20610382711015,9674.229745955674,65.74382421071468,65.74333266343294,46.18392616447642,65.65070731149387,59.443707711928774,65.51462455489474,3.307277539418477,65.16061276460445,62.90715840967397,65.6412369730504,63.680178160452996,65.3419593212815,24.172516763079763,55.59915723705091,65.71984098568082,55.02366801382688
Anaerobutyricum hallii,1.4688810374225263,1.2415641009181608,1.2969501190240886,1.9363590219257614,1.3769418145694037,1.4775305793320956,1.261732710177232,0.4540454413042387,1.5337698769535455,1.311080426956991,74.69515952561538,1.575724602145965,1.483714534112818,1.4323925858311226,16.195991128984588,1.5505147224569704,1.3915196719120726,94.39891792743234,38.586396773966754,148.7059937958736,224.12206251559263,31955375.264533386,1.5838656979131518,1.5845158867182039,0.9220476642968531,1.574910523664124,0.8872779604309232,11.28044642202,1.5415426474449663,1.564858664483242,1.4668351374756206,308.4694051961471,1.9696280050018509,0.22568783383706958,1.303751636838759,1.057180024154093,64.19282782516417,0.0,1.5522338691063022,1.5824765860610497,1.3803351992989439,1.1689695247826566,1.1299596638337677,0.13969131436880108,0.8657880749774811,1.3522951973351687,1.3665874270626477,23.58711082206292,31903.316080894594,0.0694630508796971,10062.836754309668,0.6504842402423175,25.646345691785573,2.9578618084773542,1.5703511482910038,675.5665966282828,5638.811189431981,8076.852957811562,19515.085502646823,1.4883264985099296,0.5336101078817039,1.2969566308027067,1.5458942682100962,5.931871501138898,17.172329503702493,1.0523619212982516,1.6340092467150122,1357033219.238891,728.0346214304172,0.5731088852160355,17186.91289807025,1.5265178197966198,0.508194233960147,18.442555161169654,9.841284823576894,37.042027772538624,1.523545089935227,0.5953443752089521,70666.4879478323,4.8523133093642645,0.9464607141739275,0.23271569544100124,4.85979315814094,0.7859878103957824,826.8451775771523,9.395609716644675,33.52204684867256,1.5205168495612766,11.888914766948728,0.06630350446483814,34.64762775919144,5.353399181171814,1.4249523594195128,0.12053867583155399,1.542082902006757,1.4654258200082302,62.775567368356626,2.1278998627572263,204.74888128566283,136.2325208215175,165.4764262129384,367.6299924117162,1.4844546295833927,11.840698077259953,2933.46562258503,30.205923520914098,1.0553776212392605,1.5737098746297093,0.6995086232688328,1.4540734493401397,1.584916561447029,30.456595464958422,0.7920483329697737,1.906003138506721,94.39681838460521,9737.343160750359,1.584328089378027,1.58373553461175,18.063892507906473,1.4853767501301733,4.791509231007731,1.343266703984749,61.18912680457255,0.9797242192931283,1.3070370121581998,1.474433037707623,0.5166550859260801,1.16614322164397,40.093168434269394,8.643499841246442,1.5577338238592124,9.211498866520621
Anaerobutyricum soehngenii,0.08588600699622241,0.3123469435983537,2.8450453892339502,3.4836242182498456,0.1769393740639509,0.07596172957989544,0.29204165675260224,1.10002955053005,0.023682477402799308,0.24272693489492986,76.21289314899214,0.03910787734307443,0.07577098759913653,0.12272800279080519,17.736526392597217,0.023318984742266607,0.16211059207577688,95.91837595370559,40.116531315484266,150.21449506059693,225.62244453789725,31955376.598102387,0.0504992399050981,0.04776746180401011,0.6310462886262332,0.03956506233877106,2.438479878080656,12.819761774941012,0.02932277600300693,0.03169607335607538,0.08920769929062189,309.96722105976664,3.516915958236358,1.3269131139097108,0.2523262690134508,0.49757353719396147,65.71457097361873,1.5522338691063022,0.0,0.036198047002269654,0.1734862894032435,0.386839238420689,0.42344592335521697,1.6820386967546201,0.6936575183855694,0.20228055368729952,0.18739497244833161,25.116532984033423,31904.74312745054,1.5435378477120412,10064.281028970474,2.1979911899171243,27.174868468358323,4.502380001031711,0.023774302369185384,677.0506763863384,5640.2635572077825,8078.307025491872,19516.519650384198,0.06694239938055623,1.0221857027164878,0.263953922936547,0.01040336140223827,7.47763579304389,18.704232655338167,0.5016388830547949,3.180479210880947,1357033220.5305333,729.5192501525473,2.1217643082078372,17188.349741278154,0.027095098858279952,1.0452559254616978,19.97806865356997,11.382080109289392,38.576674311086286,0.030324675818581535,0.9583937442302185,70667.90527013327,6.396157224718367,0.6126379036070116,1.7825778281476576,6.4033515476865865,2.336454524224061,828.328105949261,10.932511199576703,35.05294156261135,0.05447042868919712,13.429683483600495,1.5926051245390849,36.17250535842443,6.899025932639987,0.13468412768805144,1.45720065374867,0.013325869777460973,0.08905276707813704,64.29271228901406,3.674557813957249,206.25011935472554,137.73944373640524,166.98065729883626,369.12651351060083,0.07435823298222091,13.37721060056005,2934.9290305171385,31.73329866822684,0.49937489351969094,0.03950765356436336,2.250474406389397,0.10545584730659609,0.05090200646303632,31.990236511082294,0.764205700500637,3.45764947424801,95.91968250237947,9738.78655052127,0.04961510048208549,0.038832251967569835,19.60284253395497,0.0679495121496055,6.340286025343488,0.2112198076517562,62.717088287148975,0.5780007413895704,2.8587955568724617,0.07978684784110228,2.067429570885344,0.38828896523711165,41.62516745412002,10.18864406893465,0.009413287447325466,10.754963216572666
Dorea formicigenerans,0.11750448269494404,0.34431037057275404,2.8749642109055,3.513365693861094,0.20958974427930538,0.10963707797111188,0.3239528106729476,1.1308289887696792,0.05777485496028287,0.274905948141124,76.24036938911726,0.016966677929559384,0.10279005743248307,0.1549194358037163,17.765372375852454,0.03608037189036406,0.19374752481573815,95.94592684532405,40.14467850597702,150.24152901094575,225.64912472866655,31955376.619798448,0.022195787004567417,0.01726047846169515,0.6618469390843015,0.019848777548743934,2.4686938876888753,12.848536878375496,0.045053193773499034,0.023668477730366712,0.12406948052441227,309.99379287100754,3.5464399731440452,1.357315220948743,0.2828398082171314,0.5282139185116629,65.7422412513761,1.5824765860610497,0.036198047002269654,0.0,0.2051600908297313,0.41853155096732,0.4545567391168567,1.7127821814355098,0.7242855714217249,0.23471286994157253,0.2199896560751214,25.144679855006103,31904.767290906933,1.5745621687871654,10064.305714428629,2.2279997241329963,27.202954224226907,4.531811036389757,0.025936449239724702,677.0767130572559,5640.288498755893,8078.332023618311,19516.544025488736,0.10182003433402799,1.053299266633342,0.29787359017778214,0.041868960720405135,7.507084039952669,18.73256871080365,0.5331487592301929,3.2101613639195117,1357033220.5512538,729.5453063369861,2.1524454229190435,17188.37419802117,0.05910892473897425,1.0759519110707967,20.00658262210798,11.411001421007056,38.60509921787142,0.06302572782216305,0.9892259470311738,70667.92915089775,6.425409766351816,0.6449496342730793,1.8131780795208978,6.432542755037925,2.367180286654785,828.3540998935132,10.961251603673913,35.08115698481934,0.08664803900437747,13.458667178128357,1.6228904561626294,36.200375422956434,6.928513281529181,0.1694018667710657,1.4883347400111204,0.04408739867523601,0.12204072282539158,64.32018231428772,3.7044613891172227,206.27684303276027,137.7664180798891,167.00751131456443,369.153035623258,0.10840544248910222,13.405920016463693,2934.9543346392993,31.761309533246727,0.5296330514694356,0.019937975597041174,2.2804561264915613,0.13379451408383078,0.021216415078365195,32.01860346292572,0.7956583643325004,3.487821158964444,95.94740662605454,9738.811208465098,0.020233374955208914,0.003954344120460765,19.631608351076736,0.09955823500366877,6.3700189445023225,0.24330374985907186,62.74509555832436,0.6101600728996895,2.8890743795484597,0.11330825129817496,2.097497727733159,0.4193511255348619,41.653420563230185,10.217969371716936,0.029288642414731295,10.784148969217162
Coprococcus_A catus,0.08913573931727953,0.13999985607390475,2.674382800291702,3.3132806656139038,0.01513745107975785,0.09859757367315415,0.11959668549835811,0.9281744687985019,0.1556807035213836,0.07075281701364806,76.04885141291402,0.1990314774779529,0.10646320701072354,0.052405196066705385,17.568154744814965,0.1722356398426516,0.012066251198528185,95.75406521303725,39.950277228863925,150.05200467148387,225.46124726402053,31955376.4592439,0.20858393500100206,0.2086654833441383,0.4585089707498573,0.19860505538119405,2.2670168266975708,12.651557655567666,0.16372800558996098,0.18766596280602862,0.08972695392130073,309.80643146857506,3.3465644861736505,1.1549146314568606,0.08006923901506022,0.32445441874997116,65.54983958288733,1.3803351992989439,0.1734862894032435,0.2051600908297313,0.0,0.213795749731207,0.2506803269384507,1.509595283775132,0.5207625704477526,0.031017212538029398,0.023363658257073195,24.950327368759044,31904.592390107126,1.3716182446276364,10064.127968929519,2.0271588335916304,27.008838155677175,4.33272470944823,0.19264216591345382,676.8919702447064,5640.109384823407,8078.152615952865,19516.367962479246,0.10988854512746767,0.849720537124211,0.10195035730236557,0.16734217748299424,7.307944123133393,18.53752046734565,0.3296922488793881,3.0102155256446177,1357033220.3967335,729.3604639117998,1.9501615276726167,17188.197690100013,0.14740575947871873,0.8729092988674222,19.81070602161651,11.213557882775547,38.40958019442161,0.14422101161564138,0.7859762119745229,70667.75582050232,6.226820181583205,0.4406784258000363,1.6104705315667052,6.234065855517111,2.164358161722825,828.1695708741319,10.764726232264096,34.886534289477176,0.1486094143352765,13.261215007802079,1.4214523478034973,36.007161178547264,6.72934174765035,0.05949303370946607,1.2851541420768993,0.16291327690777987,0.0853648961855195,64.12875249431613,3.5043057969872065,206.0887872111866,137.57719967524517,166.818848231092,368.96592849777704,0.10949443474273396,13.20956609978659,2934.7733155264136,31.567499219357476,0.3265644401646663,0.19716758990584485,2.0790734232877828,0.07821567408169244,0.20958388868752612,31.823308619531485,0.5914359472447112,3.28609998869663,95.75479251066933,9738.633611041721,0.2087702349937849,0.2067196639623633,19.434815059513948,0.10606164540987695,6.169828099349084,0.03830316639494243,62.551272159564796,0.40563242133543237,2.6871303061905514,0.09471045401779105,1.8959996805004329,0.21504536231997318,41.458577472175996,10.019177200369063,0.17894117838532617,10.585879098561644
Eubacterium_I ramulus,0.3021520896251074,0.07736413985526516,2.4642288594209134,3.103438850076663,0.2108412109426665,0.3116265702136614,0.09603907666419387,0.717047496670193,0.36874164324462266,0.14500365540832763,75.84606335117168,0.4119430054758284,0.31842281372871145,0.26530919045562723,17.36034643872354,0.3854889529107357,0.22499154467832275,95.55094633700348,39.74489858790029,149.85103541952088,225.26180878043144,31955376.286690447,0.42089513878183055,0.42144927728450443,0.2474256607960768,0.41100763361794523,2.0558468405505517,12.444017163343561,0.3766993562813392,0.400601048452448,0.3006656679305258,309.6074726985486,3.13681316383621,0.9433833526726437,0.1381535166566385,0.11411500379671528,65.34624375060598,1.1689695247826566,0.386839238420689,0.41853155096732,0.213795749731207,0.0,0.04347604296004326,1.297312038199065,0.3080950607124732,0.18552099990749255,0.20134890423427998,24.745057132527236,31904.40545994486,1.159850381886779,10063.938244248446,1.8169414470432117,26.803766264831346,4.123693943640182,0.4061327913015999,676.6954871471025,5639.918324368708,8077.961270333267,19516.17988788022,0.322240630208011,0.6375521723554199,0.13930268795246692,0.38091737100319023,7.0986703411670735,18.33167516551655,0.12287616457152468,2.800573755504094,1357033220.2303379,729.1638846641127,1.738752700057126,17188.00917838672,0.3610767232044172,0.661027953593965,19.604080711313806,11.00563167528831,38.20320249794334,0.3578566277511789,0.5741339714599994,70667.57044230771,6.018050093584199,0.23033524900888638,1.3984699077412805,6.025371109751716,1.9522467265798615,827.9732905678696,10.557680485669447,34.68097766378926,0.35747732668593246,13.053293756458492,1.2110737528356887,35.80287563711234,6.520070602155157,0.26038465640058256,1.073221218670605,0.3764697841525768,0.298620696964609,63.92606799742344,3.2945167628838314,205.88918771678374,137.37652471862438,166.61868580736325,368.76720891367245,0.3202357094208281,13.002643695502755,2934.5804054264445,31.362683668003275,0.11774512216248462,0.4099878371102918,1.8682079519628951,0.2883780045523786,0.42216429629862884,31.61714366608913,0.3788923947256881,3.074760597368221,95.55098532669057,9738.444031326902,0.4214085855600377,0.4199474599645113,19.227384900185125,0.31947993648217043,5.959613457386411,0.17603388909979653,62.34638552128051,0.19442752313732425,2.4756469128948813,0.3075845806774119,1.6851527246891447,0.01884599607695235,41.25279571484426,9.81010444688548,0.39250967520932273,10.377260795469956
Clostridium_Q symbiosum,0.3393896753393371,0.11245770974047599,2.424656169102977,3.0637525227243287,0.24755868645396167,0.3483499674650069,0.13214103813485378,0.6779405232486941,0.40516746841652856,0.18154662856594672,75.80498633142226,0.4480605013778318,0.3551649651895351,0.30276740019052983,17.32009285797091,0.42204856492886667,0.26188498293993245,95.5099069634108,39.704161028245544,149.80979954512566,225.22047763474887,31955376.246697947,0.45680971065419207,0.45728908194629414,0.20798301923900386,0.4472401544786349,2.0167577878717693,12.403687091690559,0.41319909436743085,0.436888780081243,0.33777296050973277,309.56611794727917,3.097091127058122,0.9044517748220788,0.17520663076579765,0.07629929761105755,65.30525697578429,1.1299596638337677,0.42344592335521697,0.4545567391168567,0.2506803269384507,0.04347604296004326,0.0,1.2590386000552989,0.2722235165343865,0.22270485681674493,0.23759091131948618,24.704294306611246,31904.36422192802,1.1213018402576183,10063.896881832672,1.777364107591823,26.76297313269584,4.083731499292279,0.44220228758981106,676.6540535442211,5639.876920132868,8077.919861908843,19516.138593182495,0.35920142989569714,0.5992734856083464,0.17448809690112776,0.41725611403080093,7.0588221234362445,18.291003579205174,0.08316585132410288,2.7607964856639997,1357033220.1911125,729.1224534465454,1.6998903901745883,17187.967864203198,0.39761870630351637,0.6223358942444537,19.563561646751836,10.965397180037156,38.16264432539867,0.3945443645310417,0.5354618631653665,70667.52929299576,5.978028072729073,0.19443557807322212,1.3599088401311374,5.985332562924826,1.9138268669160645,827.9318555480116,10.517232168085208,34.6402680999788,0.39359735302083276,13.013064560454886,1.1715401465122315,35.761972239201434,6.480221121422903,0.2972223637059924,1.0348373852799488,0.41315075834245946,0.3358719522548801,63.884977943097276,3.2548370364850805,205.84786424184634,137.33526673231987,166.57739462141885,368.7258436115912,0.3563902089035149,12.962175177445374,2934.5389641944976,31.321854416264575,0.07967527210123108,0.44610616603281933,1.8289487883801216,0.3255097925217458,0.4579231144297247,31.57654261535986,0.3413267182560604,3.0357953667220556,95.51002759530697,9738.40267415989,0.4572338609288068,0.45594737122497575,19.187042605774625,0.3561861835206273,5.920117114277609,0.21345416838169787,62.30557429917159,0.15870525197323074,2.436759415714486,0.34488582363773135,1.64587550096631,0.038644202839172775,41.21212759459601,9.77020193577307,0.4290483194407856,10.337218052015606
Bacteroides_F pectinophilus,1.5983553656651526,1.370407963949081,1.1744179526163292,1.8135937131338673,1.5060308348486966,1.6069436310107426,1.3906800984584025,0.5829781117490699,1.6633430545302668,1.4400736085407606,74.57882866799076,1.7060852950600869,1.6135441023808799,1.56155003210413,16.074041363453667,1.6805221995262782,1.5208716971320768,94.28216397932343,38.46723760440363,148.59150376053074,224.00911454367787,31955375.174383048,1.7144385034131941,1.7150346980489442,1.0511695270855728,1.7053249600211713,0.7622167211461114,11.159178593634724,1.671597666659845,1.6951062257826648,1.5959026874280342,308.3569119447255,1.847547818362266,0.35708081285701915,1.4328780167542479,1.1860683966591514,64.075631023774,0.13969131436880108,1.6820386967546201,1.7127821814355098,1.509595283775132,1.297312038199065,1.2590386000552989,0.0,0.993595791933051,1.4811791827914726,1.495674749015309,23.468313500528726,31903.214538728254,0.14684024356744035,10062.732806059095,0.5320688945968286,25.527758859363523,2.835903233267553,1.7002489979821058,675.4564956880176,5638.706064320421,8076.747572516673,19514.98298412575,1.6175591465329966,0.6602736567085441,1.4248383838125407,1.6756940107167815,5.80823751847666,17.05298718830158,1.1810729922577174,1.5123829316846515,1357033219.153223,727.9244249418006,0.4458145412811422,17186.810003132305,1.6562719233068992,0.6368789813249469,18.32216501203452,9.719539573717046,36.92161343609729,1.6532045127659567,0.723663065102769,70666.3877107984,4.7300050743329445,1.0730396926783057,0.10506546634335949,4.737714811766199,0.6554374953696414,826.7352625462313,9.275130920538379,33.4026978431409,1.649611375129711,11.766870184322332,0.12521725593954147,34.52984497035924,5.229848760492199,1.5535697245310016,0.22954189083809554,1.6718797419809175,1.5946887369873752,62.659378490844276,2.004392918412886,204.6357686949776,136.11834523674793,165.3627581707433,367.51772061117964,1.6136830552466614,11.72009831741217,2933.358835705796,30.08756688267369,1.1846986879344055,1.7040656696957868,0.5774447567753616,1.5836809873036508,1.7154826842874595,30.3365434380229,0.9190294473022825,1.7789639623200009,94.27927725484315,9737.239339591688,1.7148642647763521,1.7141058960888516,17.942366360762634,1.6150592132878052,4.666442888956057,1.472206783598787,61.070417148831226,1.10672061207254,1.179890860945828,1.603742055342505,0.39626075628553115,1.2950012319984587,39.97349497390598,8.519947928898807,1.6876137552521568,9.0886273058732
Ruminococcus_B gnavus,0.608662622018397,0.38389154739639814,2.162332662560664,2.8015621283844663,0.5184897937352734,0.6189843044917217,0.4032355866939192,0.4192077060818204,0.6761078696396119,0.4525609067316152,75.55120929084673,0.7168800715154715,0.6234679921936961,0.572362943923423,17.05974863328056,0.6911530647206169,0.5318193067575916,95.25566833302406,39.447005029205165,149.5583656952183,224.97102219984828,31955376.03166933,0.7251043585478009,0.7261018935845971,0.08136755692368587,0.7156732570562121,1.752683845076684,12.143769731279196,0.6819978921943461,0.7056767056914465,0.6084802896963389,309.3172789440407,2.834460865139575,0.6407172895391207,0.44277900014509,0.1982838350787041,65.05040571701399,0.8657880749774811,0.6936575183855694,0.7242855714217249,0.5207625704477526,0.3080950607124732,0.2722235165343865,0.993595791933051,0.0,0.49324195138827015,0.508915212055865,24.447391439639485,31904.130874949937,0.858961368386495,10063.65995069997,1.5154140799853826,26.506307069732525,3.82250448621021,0.7130523461296063,676.4084200730691,5639.638272560587,8077.680845863696,19515.90377947602,0.6298953889775422,0.3384478743190283,0.4432588691582629,0.6878078650261089,6.796922412090004,18.033447525088473,0.20489142012956493,2.498993113319711,1357033219.9838824,728.8766921572741,1.4367823633721513,17187.73248981032,0.6677930039609205,0.3598951400113024,19.30484462531132,10.705041736274088,37.90416468138956,0.6647231105835215,0.2752523676778073,70667.29793268155,5.716791324511649,0.11969921526043951,1.094869910754981,5.724086252161545,1.6486217363068156,827.6864799899241,10.25830231802955,34.38293374599719,0.6651715416370051,12.752858424228195,0.9108048939311469,35.506302504150185,6.218445347049371,0.5682781607306737,0.7725478746322717,0.683034355653471,0.605845976972747,63.6313939755536,2.993219929813109,205.59821986544983,137.0842421970887,166.32702782397814,368.4773212789946,0.6278837300266542,12.703391306680901,2934.2979362110573,31.06549767208277,0.19626160545601615,0.7148067464727966,1.5650154858538103,0.5932337832324739,0.7265293139995731,31.318361519651585,0.095173946843366,2.7709582689013623,95.25488415898634,9738.165929284622,0.7258682157515463,0.7254808506437951,18.927285925651027,0.6260129221843264,5.65679006631619,0.4835350444648151,62.04902861448273,0.13744957475321604,2.1719077100044633,0.6147981865697003,1.3823775438536414,0.3066617494159901,40.95442346825391,9.50838330812838,0.6991083833973242,10.076043020571548
Hungatella effluvii,0.11876410938618996,0.11101238386762405,2.6463858091028336,3.285378434987522,0.02623381376260064,0.1266165120816419,0.0910016862628617,0.8997330690093227,0.18354157489554992,0.04184559282683923,76.02230503546954,0.22908361481093095,0.13696308710342422,0.08120851012174327,17.540717829365605,0.2020347188675383,0.042498887777664106,95.72746451217576,39.92327921018324,150.0257665078945,225.43526364880634,31955376.437290385,0.23888828944575524,0.23876953270690196,0.4304027826691107,0.22879759203806307,2.23888355122667,12.62417908548807,0.1937906208113777,0.21772812807740363,0.1158736766823887,309.7805259251678,3.3188276233819147,1.1268202959469225,0.057380041085453456,0.2968314878094352,65.52315978520436,1.3522951973351687,0.20228055368729952,0.23471286994157253,0.031017212538029398,0.18552099990749255,0.22270485681674493,1.4811791827914726,0.49324195138827015,0.0,0.01864134702019183,24.923338348541048,31904.56835117024,1.3429609905272837,10064.103509325063,1.999146985773117,26.981889589653232,4.304983514894964,0.22106773850136627,676.8664619527027,5640.084721834895,8078.127908887133,19516.343752025612,0.13712613387604033,0.8211099435893255,0.07193726734585042,0.19600748721581737,7.280152719952341,18.51041228736031,0.30080532767091894,2.982357764985899,1357033220.3756433,729.3349408600975,1.9216869208597493,17188.173413851287,0.176439072108772,0.8446590556056356,19.78348080723902,11.186090840516096,38.38239733693882,0.17309765598158658,0.7576103411952279,70667.73201261627,6.199172479184019,0.4110997411213355,1.5821646922484283,6.206465652663708,2.1359020994457794,828.1440950423654,10.737370158639068,34.859491554084556,0.17338075767055158,13.23368979902581,1.3932918057838337,35.98035367752243,6.701529871981171,0.07788948399121721,1.2564321232786861,0.19207940145729135,0.11388979340585534,64.10221114774986,3.476256582731794,206.0627717878526,137.5510044900318,166.79273891114318,368.94005896631575,0.13520582814509047,13.182216046827328,2934.748368063734,31.540598329586153,0.29946903628454896,0.22726893288431435,2.051108196896365,0.10860046116071723,0.2397794607313421,31.79616900647519,0.5626560566281763,3.2579463066360166,95.72807118631125,9738.609173424582,0.23894060815839266,0.23640447824106392,19.407423608378327,0.1355581968960951,6.141891770777265,0.011423520851796896,62.524361501868,0.3762387961342442,2.6589379569361116,0.12317170527824842,1.867972720185381,0.18724340263476819,41.431508112812686,9.991454209610032,0.20798560215288717,10.558239349357374
Bacteroides uniformis,0.1057073420151035,0.12558838248557175,2.660120621890694,3.29902788359955,0.011863706269307725,0.11160999187630981,0.10584674545939618,0.9138346614411218,0.16809905922793658,0.05650566558360978,76.03454683358959,0.2150902729315988,0.12471766167286616,0.06899316162166012,17.5538799630894,0.18816587261790935,0.0324612532680947,95.73975933199712,39.935960451717996,150.03772699740213,225.44700221522777,31955376.44610955,0.22505385913108067,0.22464861423248383,0.44501029165036315,0.214914576391764,2.2529396972440807,12.63730131924209,0.18019257222086385,0.2038645411397977,0.10066915102420271,309.79219606944196,3.3325526766808378,1.1411532003875677,0.0745544324929476,0.31222752640212287,65.53553659599909,1.3665874270626477,0.18739497244833161,0.2199896560751214,0.023363658257073195,0.20134890423427998,0.23759091131948618,1.495674749015309,0.508915212055865,0.01864134702019183,0.0,24.93600173061555,31904.57855744944,1.357095024777254,10064.114023429061,2.0129311020877854,26.99451886414667,4.318432218903408,0.20567286394558326,676.8777958320144,5640.095388871542,8078.138610145694,19516.35408249716,0.12201461886435705,0.8355721779436809,0.08147113922966073,0.18090459951959545,7.293619320758329,18.523172851636595,0.3148070069722009,2.995981356082845,1357033220.3839436,729.3462878118058,1.9356966974959764,17188.18379246468,0.16179173894377386,0.8591350891696294,19.796400705433996,11.199282226565884,38.39525866421159,0.15851564556090306,0.7720835085671882,70667.74205434034,6.2125596267507746,0.42542565432888035,1.5965093518604971,6.219858860554457,2.15020098352024,828.1554033782725,10.750353202967842,34.872197751831564,0.15688306294981236,13.246839481546285,1.407135042340245,35.992845214868865,6.714983188899143,0.06196288246076739,1.2706291286142744,0.17759404035186108,0.1000980482241865,64.11442994424277,3.4898093768668104,206.0745298048452,137.56291801548818,166.80457759927504,368.9516935842438,0.1190023125803742,13.19516022468881,2934.7592536857805,31.553181852086002,0.3148638937330677,0.21339003666536505,2.0651854192450037,0.09814612584853429,0.2257810936258131,31.80899475510166,0.577376654939167,3.272047124121072,95.74047740095344,9738.619671177352,0.22494607002016875,0.22178522916606974,19.42048958850354,0.12146038141247208,6.1556078959309986,0.0292809145867822,62.53695292337228,0.390833163471291,2.6730828917723235,0.10916258857165918,1.882028901794785,0.2028101818804965,41.44426184543791,10.004875760440333,0.19328622445075858,10.571554774485657
Bacteroides caccae,25.037006209783865,24.81403861800483,22.2948485731529,21.65698817456178,24.946591278518206,25.04442150878018,24.833925742126095,24.034483877736943,25.09841808488627,24.882252122569156,51.132084616210754,25.1385975424556,25.050932684207464,25.001932201401253,7.453542041900329,25.115207269157363,24.961096095950836,70.82732964572206,15.00002181835281,125.1760885009727,200.63127234177213,31955353.348683283,25.145940257224012,25.146491275165126,24.499154937626862,25.137799515186025,22.707900031303353,12.324058446763535,25.10648738017417,25.128510326024337,25.034495556328036,284.9900156216865,21.622996924562127,23.81062392219335,24.876397202659984,24.633928387511222,40.61702293950149,23.58711082206292,25.116532984033423,25.144679855006103,24.950327368759044,24.745057132527236,24.704294306611246,23.468313500528726,24.447391439639485,24.923338348541048,24.93600173061555,0.0,31880.385852645017,23.601033992530763,10039.747778112329,22.938196799997083,2.0607069889386267,20.635051548678476,25.13316846282602,652.1689212366284,5615.6521561073605,8053.679102141193,19492.088412515273,25.055283298443342,24.117021807949158,24.868109867899605,25.11010591289882,17.6793243860264,6.417177533639264,24.62651197984718,21.956717670539483,1357033197.8361382,704.6326344521117,23.025877596196892,17163.890901533785,25.091776089861643,24.091350235862475,5.170163119051873,13.764835627233042,13.473081255465445,25.089167154005775,24.17748883636151,70643.65220231036,18.745683176121656,24.52468574734414,23.364600096056474,18.73716363562725,22.8217376981295,803.4542266136245,14.19740597443148,9.937185350044913,25.08461951022129,11.728175803399703,23.541327894889353,11.069336646328866,18.25419044699737,24.993427489954975,23.68797749037082,25.10708391002154,25.033717577641188,39.21789520245793,21.468070280565165,181.25420991265884,112.71206074282993,141.96774370578578,344.1566040817041,25.050254509442905,11.755812062862626,2910.216094634828,6.621327113966719,24.631345283404677,25.136727105090394,22.891667282255916,25.02277445217275,25.146797201654017,6.887489654829982,24.373558646610118,21.703520537117978,70.81603966599017,9714.262155514,25.14633076667897,25.14580334395179,5.58976041590293,25.052079424055023,18.827910322836505,24.914732476510643,37.60217764931375,24.55823948922926,22.296693467980845,25.04234637594346,23.07309057238865,24.74101715156431,16.510548547148474,14.982442790502216,25.12186713120197,14.406808789107211
Bacteroides cellulosilyticus,31904.67213442564,31904.466523130624,31902.082556410453,31901.47207208852,31904.58877507986,31904.678096326905,31904.484927231868,31903.736410380414,31904.7267505386,31904.52956603184,31830.111613357,31904.76215490845,31904.68415793212,31904.64070738189,31887.768486670775,31904.742027951375,31904.60206669438,31810.91204565652,31865.845417726185,31756.859089955287,31681.808150758603,31923824.25422671,31904.7682867433,31904.768726439757,31904.172635559808,31904.76143185462,31902.4862828393,31892.4604454503,31904.734087881145,31904.753459726355,31904.669901351306,31598.161342593157,31901.43772580531,31903.526818990245,31904.525399792212,31904.30034592071,31840.568156309004,31903.316080894594,31904.74312745054,31904.767290906933,31904.592390107126,31904.40545994486,31904.36422192802,31903.214538728254,31904.130874949937,31904.56835117024,31904.57855744944,31880.385852645017,0.0,31903.334668461,21847.794243972974,31902.692968822215,31878.365862619517,31900.4842557998,31904.757435112275,31232.183303356633,26272.085230367058,23840.098445988137,12392.33704407049,31904.68859382535,31903.819340896644,31904.51820873377,31904.73706561505,31897.669345355436,31886.656198112873,31904.290955546447,31901.754078141792,1357002001.0837731,31180.17412532656,31902.790652505708,14722.246461690205,31904.72076520922,31903.792550361355,31885.495016361954,31893.864622523866,31867.511982821816,31904.7187102016,31903.87353613771,38771.63310248122,31898.672410564242,31904.20167685355,31903.11296205194,31898.66102080315,31902.607350234153,31081.670408343703,31894.243442691208,31870.784624270076,31904.71424375359,31891.90532070276,31903.266066213266,31869.515087472395,31898.218044854242,31904.632702978597,31903.41779413032,31904.73483830209,31904.669387617032,31841.767265407707,31901.293280649952,31701.023046522532,31769.040216956764,31740.02405982179,31539.47558458313,31904.68300905294,31891.88330698121,28977.54693556439,31873.905109065894,31904.296804459427,31904.760549676535,31902.65622350625,31904.659193114603,31904.768947026343,31873.839527840963,31904.060522843214,31901.543538832353,31811.134122803043,22172.22931592013,31904.76860188151,31904.768197941532,31885.939069240732,31904.684830020622,31898.79205259137,31904.560550439073,31843.795305503532,31904.232894120483,31902.104075154104,31904.67713591874,31902.827570301888,31904.39976232526,31864.454191967096,31895.08193257136,31904.74787237409,31894.511454252843
Bacteroides timonensis,1.46042580248641,1.232077200303272,1.3090078166943993,1.9485509883764398,1.3675764741786776,1.4683996853835932,1.2524582075982866,0.4439364663007759,1.5245450079040548,1.3017485800164432,74.70996398383814,1.5683343498500144,1.4761020667329228,1.423596944821682,16.208788799628955,1.5426872300248058,1.3828857694699905,94.41358639113749,38.60021389828689,148.72139454634305,224.13793950914445,31955375.284710236,1.5768466091959776,1.577279226972886,0.913698777566365,1.5675867545428526,0.8990119397081804,11.293599013162714,1.5339017922521712,1.5573699078155618,1.4571142691260048,308.4854123025375,1.9833454786396303,0.22395127313007118,1.295789334627536,1.049365072723732,64.20736861595466,0.0694630508796971,1.5435378477120412,1.5745621687871654,1.3716182446276364,1.159850381886779,1.1213018402576183,0.14684024356744035,0.858961368386495,1.3429609905272837,1.357095024777254,23.601033992530763,31903.334668461,0.0,10062.85486849933,0.6638828597239224,25.660364071013586,2.9704316655125966,1.5615309390933088,675.5832598893769,5638.829053719268,8076.870762706304,19515.10390419796,1.4788617164979916,0.5225495505367728,1.2853755021630413,1.5371451614444123,5.943630348045175,17.18597277553373,1.0423518094054962,1.6468054070619031,1357033219.2594116,728.0512619011391,0.5795189256995881,17186.93122562924,1.5179589338485833,0.500300049368368,18.455923067266678,9.854148372488499,37.05534396316237,1.5148868895082184,0.5864558598198478,70666.50677138763,4.8649216324895335,0.934023327179424,0.24362967790892193,4.872702971539154,0.7936828805268794,826.8618910723208,9.40868789986246,33.535730120871364,1.5100163448174997,11.901325649166573,0.08560363439954811,34.66193590028544,5.365049204060288,1.414407335797393,0.08716455017041869,1.5336284620237814,1.4564916714128358,62.79036068738789,2.1386059211981325,204.76468254088348,136.24799133533259,165.49205587442262,367.6460475323992,1.4746046494740468,11.853637129056523,2933.483112375981,30.22002894100585,1.0482866699458022,1.5663839693032984,0.7143745798033875,1.4464473195283045,1.5778288409813996,30.470076333852354,0.7813919609268025,1.9168576179099555,94.41120659683119,9737.361301277304,1.5771979329928107,1.5759610016182382,18.076716086575885,1.4769128412484727,4.802826997878356,1.3342068557466293,61.203101690270074,0.9682081196020735,1.3178283850576469,1.4654530128370937,0.5317113657238721,1.157666474979624,40.106794594450854,8.655412117033856,1.5492691519468604,9.2236732335371
Bacteroides stercoris,10064.208811178736,10064.000430485652,10061.591710486358,10060.975722329627,10064.124325342102,10064.214952149227,10064.01907440477,10063.261829891058,10064.264392114075,10064.064305241964,9989.211710334728,10064.300456194944,10064.221086438158,10064.176856805865,10047.158784619845,10064.27989995569,10064.137804813423,9969.887344124973,10025.102437479516,9915.661856373996,9840.392738292563,31945474.705250833,10064.306738133631,10064.307191626736,10063.703004598481,10064.299720751767,10061.998015465295,10051.892773347696,10064.271838569422,10064.29157665163,10064.206539672896,9756.45914520757,10060.94129746374,10063.049782884867,10064.059937284068,10063.832022549585,9999.703874742187,10062.836754309668,10064.281028970474,10064.305714428629,10064.127968929519,10063.938244248446,10063.896881832672,10062.732806059095,10063.65995069997,10064.103509325063,10064.114023429061,10039.747778112329,21847.794243972974,10062.85486849933,0.0,10062.208287751078,10037.716202283988,10059.980261099598,10064.295643118443,9389.703599396318,4425.568812643347,1993.131464151658,9455.908150992269,10064.225538959145,10063.345040221737,10064.052597423191,10064.274897867175,10057.137803909416,10046.057050103,10063.822814618514,10061.260892754999,1357023440.9842064,9337.520981056427,10062.30513188851,7126.401865109163,10064.25831027538,10063.318270635478,10044.879143910566,10053.306293228143,10026.760847388938,10064.256189479802,10063.400163842856,60617.502772656975,10058.152487628022,10063.731774802103,10062.63059257955,10058.141454045615,10062.118651842107,9238.824765611167,10053.693667621988,10030.07350876762,10064.25169040232,10051.329967679558,10062.787050867295,10028.817924112047,10057.691761639655,10064.16876130544,10062.938757761727,10064.272580986515,10064.205996423427,10000.937565579932,10060.795051701072,9859.673976151751,9927.919573962217,9898.802123315132,9697.579020200523,10064.21998287948,10051.315207597843,7132.286893329123,10033.228457904619,10063.828570238613,10064.298815686821,10062.170233933623,10064.195674684403,10064.307420579444,10033.140438523285,10063.588927819075,10061.044336179504,9970.079979538174,325.9128627292287,10064.307062686414,10064.30664677596,10045.317951685065,10064.221812646896,10058.267545330153,10064.09558754278,10002.911847856938,10063.76338241046,10061.610901510257,10064.213873005774,10062.343413876248,10063.932701648455,10023.69276589114,10054.527120026885,10064.28585821054,10053.9542710944
Bacteroides sp900552405,2.115537378716383,1.8884586796864333,0.6473096050725715,1.286682409667571,2.023435265234388,2.1236178706983324,1.9086730365253652,1.100766586314053,2.1793693339182294,1.9578391592343296,74.04795586028649,2.2215922049844483,2.1304263649100146,2.0792371664334786,15.546285362603973,2.196671982309368,2.0382827744291867,93.75138314595807,37.93734569027338,148.06054616316055,223.4783856205567,31955374.673435528,2.2296531126597903,2.230202201859565,1.5698167785171717,2.2208000808661943,0.24582894419731724,10.630803155172098,2.1877937975206643,2.2108752309308137,2.1129188810807884,307.8263011299166,1.320782212600579,0.8749969886607967,1.9513859720227809,1.7054219117884046,63.54495670107228,0.6504842402423175,2.1979911899171243,2.2279997241329963,2.0271588335916304,1.8169414470432117,1.777364107591823,0.5320688945968286,1.5154140799853826,1.999146985773117,2.0129311020877854,22.938196799997083,31902.692968822215,0.6638828597239224,10062.208287751078,0.0,24.99754987344674,2.3079512535568028,2.2156935321029576,674.9268620823357,5638.180292790648,8076.2215639749365,19514.460155975656,2.1343631923559605,1.181919597645929,1.9428945213813513,2.1915720916977857,5.282244727621067,16.5231080252368,1.699009951757026,0.984127406418814,1357033218.6632724,727.394743979652,0.11427848176675501,17186.286713124235,2.1724980038591477,1.1570724026876382,17.793036263897726,9.19155313973236,36.39251270851792,2.1695921182071816,1.2438514580103066,70665.8679525592,4.202564266289441,1.5934565726586123,0.42820086444557715,4.2101618867028545,0.18395812813633894,826.2057419748296,8.74589856255461,32.87288133863329,2.1654576662161067,11.239013445974965,0.6061753628246886,33.9993215669456,4.70366989112318,2.070848282964721,0.7508133943757686,2.188087325248174,2.111961523564758,62.128461521435824,1.4779286944533578,204.1049969165118,135.5874031107303,164.8318818106822,366.98717454917823,2.1299849443379575,11.19094246201913,2932.8315115624955,29.557265029984283,1.7035547262790949,2.2196314053568322,0.07212173554179652,2.101126606076315,2.2306223336335003,29.807190480136704,1.4404251493622953,1.2612447898096097,93.74870833068132,9736.71496399516,2.230057167778914,2.229271297506649,17.414129872010925,2.131659850688194,4.142828527573966,1.9903123943168497,60.540307269813646,1.6272240830390465,0.6647664865819947,2.1208739213351326,0.13856475993461478,1.8139036913867632,39.44390640210203,7.9939036090698705,2.2035450118578774,8.561721365525953
Bacteroides intestinalis_A,27.095443287090127,26.872656433283993,24.354418909851876,23.716694748325914,27.005106157019785,27.10284281157671,26.89252704779393,26.093520713355296,27.156778688271725,26.940818140944305,49.071672477651624,27.196881972349566,27.109338875051222,27.060417416356227,9.510415452178052,27.17354100630189,27.01959254268224,68.76666273890939,12.94246323488686,123.1168607349128,198.57396494383704,31955351.407922924,27.204202284762253,27.20475447971474,26.557952642860396,27.196081084384033,24.767491510959943,14.384705897423697,27.16482734052947,27.186814367780585,27.09294528171289,282.9331812700211,23.682668744747126,25.86976577108211,26.93498129562532,26.692675151490683,38.556340475997125,25.646345691785573,27.174868468358323,27.202954224226907,27.008838155677175,26.803766264831346,26.76297313269584,25.527758859363523,26.506307069732525,26.981889589653232,26.99451886414667,2.0607069889386267,31878.365862619517,25.660364071013586,10037.716202283988,24.99754987344674,0.0,22.69485560484962,27.191475100289512,650.1167304324797,5613.615623414266,8051.64148690743,19490.063494374168,27.11370755586995,26.17610202666423,26.92672935528076,27.168445332683728,19.73985638454143,8.477667607822777,26.685235985564482,24.016291699111335,1357033195.9371283,702.5801357513611,25.085419267541287,17161.86416155639,27.150139441274273,26.150393102523083,7.229042069804128,15.825480860370282,11.425523157860408,27.14754021069791,26.236495168960435,70641.6392728317,20.805848379512337,26.5835702970041,25.42402950665664,20.797286886606727,24.881473719306577,801.4023843586596,16.257699015420165,7.88188730517837,27.143002552589483,13.788752301739219,25.600492774482326,9.008761839823284,20.314623379940045,27.0519273139012,25.74728875124802,27.16543356462899,27.092167546456725,37.157881045837534,23.52785930105714,179.19674362320836,110.65341665734101,139.90962070653813,342.10003469018926,27.10866939410131,13.816396335583653,2908.1733307557784,4.560728795985508,26.690069689815918,27.195014920236936,24.951130960611458,27.08122158525706,27.205057760124863,4.848229997872091,26.432519695842025,23.763544736286462,68.75552394224249,9712.23115916876,27.204593946240678,27.204072795767456,7.643499921467334,27.1104831117509,20.888426064655697,26.97329023139708,35.54282791680772,26.61709965568677,24.356516809763658,27.10078472268785,25.132488763799966,26.79969611557053,14.45548558133828,17.043100087430872,27.18019501009012,16.467487925257124
Bacteroides xylanisolvens,4.420719589365101,4.194566513415547,1.6617042746869632,1.0225045390002323,4.328991345788618,4.428596692492554,4.214717272803094,3.4083096282438903,4.483864667165688,4.2636926444751,71.75137719497326,4.525470206977877,4.435277914746591,4.384734190172341,13.238514020100887,4.501025940784464,4.34376059467838,91.45335604203008,35.633222447503385,145.7705711486096,221.1950089803507,31955372.579332743,4.533287594040342,4.5338452440657715,3.876630326567573,4.524686993108263,2.0741643849633125,8.323501139553883,4.4921734625713166,4.514948544667334,4.418116223667019,305.5449957776954,0.9897561543383375,3.182687966994393,4.257349196393107,4.012082688315892,61.24566021547748,2.9578618084773542,4.502380001031711,4.531811036389757,4.33272470944823,4.123693943640182,4.083731499292279,2.835903233267553,3.82250448621021,4.304983514894964,4.318432218903408,20.635051548678476,31900.4842557998,2.9704316655125966,10059.980261099598,2.3079512535568028,22.69485560484962,0.0,4.5197342376580165,672.6579475530867,5635.94347972259,8073.982927858477,19512.243390524643,4.439392144693198,3.4897676955773953,4.2488062659236405,4.495931303669202,2.975289612248737,14.218918616915738,4.005407069227185,1.3239417032728025,1357033216.6242967,725.1252821296412,2.392842038985941,17184.066923077284,4.477068554141612,3.4647753683880826,15.486824604974183,6.8838754240799505,34.0862222982142,4.474253485184568,3.551488914915919,70663.67045439841,1.8946675707956802,3.900635224582809,2.732464309151144,1.9024112168888903,2.187178261003682,823.9378884200906,6.439846153292422,30.568437318620234,4.46987397345133,8.931240866920543,2.913674476078088,31.698602074874373,2.396772207281084,4.376228402024043,3.0575648277492546,4.492603141944309,4.417225408160789,59.83250096538086,0.8342421187553523,201.82092017543343,133.29879374002633,162.54538278882438,364.7069308098866,4.434747680643421,8.884682211960266,2930.5830459768727,27.255071495251844,4.009965016558006,4.523527822392014,2.2595849249806244,4.406280724010558,4.53421324888509,27.501449892798078,3.748068544223482,1.073746833579089,91.44836120375842,9734.487914164576,4.533684924835357,4.533031364826549,15.106645139060838,4.436534245217586,1.8423021612188237,4.296211672869175,58.23708460111982,3.934473301320916,1.662162482086724,4.42607288623479,2.4417868849670596,4.120341061983752,37.138780868116314,5.686512597396208,4.50786432608947,6.253850177577883
Bacteroides eggerthii,0.10658872146935826,0.33097898238297785,2.862676546567121,3.5011812646824256,0.19566137186199126,0.0949654784956779,0.3109208618151148,1.1180133172217923,0.03858351747088842,0.2615603707627969,76.22914310907002,0.036027308080984324,0.09567946450343093,0.14224912165185583,17.753597642654388,0.03583794018166495,0.1815552579013924,95.93467173028209,40.13317736244675,150.23048626199775,225.63823056871846,31955376.61095958,0.04599490366747365,0.04049500752920946,0.6494940196515454,0.04051188136794768,2.456398311429599,12.836805600617353,0.04465073127511518,0.03530543406565285,0.10792769757851589,309.9829426419352,3.53452969348624,1.3451280607024347,0.27158030046082626,0.5163466334784724,65.730941866999,1.5703511482910038,0.023774302369185384,0.025936449239724702,0.19264216591345382,0.4061327913015999,0.44220228758981106,1.7002489979821058,0.7130523461296063,0.22106773850136627,0.20567286394558326,25.13316846282602,31904.757435112275,1.5615309390933088,10064.295643118443,2.2156935321029576,27.191475100289512,4.5197342376580165,0.0,677.0660827225677,5640.278321724018,8078.321823195904,19516.53408233111,0.08556840562688797,1.0404355645603431,0.28146872604269624,0.0259385820009931,7.49498192646025,18.720961298303123,0.519647638602912,3.1980052902675693,1357033220.5428164,729.5346686894956,2.1396201075924552,17188.36422115963,0.04656427824622078,1.0635685839808213,19.9949337767864,11.399193996902062,38.59347681634196,0.04975528678642333,0.9766551407592187,70667.91941177173,6.413452951513772,0.6308278068109736,1.8007719014508001,6.420657185610201,2.354555025829489,828.3434879010929,10.94944780339051,35.06961116743148,0.0635135025182892,13.446750944996989,1.6103599308615706,36.18898732801408,6.916373066798611,0.1518712870962859,1.4752405966884041,0.034109214342544755,0.10869288029918861,64.30894183943269,3.692001302523215,206.2659233553196,137.75539200587497,166.9965361283544,369.14220188100535,0.0896012766672438,13.394100409434278,2934.9440077800245,31.749863618324397,0.5182545788119147,0.037470811133911756,2.2683710666893804,0.12550987234958347,0.043874767033738035,32.007013521304025,0.7826526019480924,3.475537933608797,95.93607667354223,9738.801148534325,0.042833241168770964,0.029619858143097033,19.619832268397918,0.08828728431432861,6.357876126353813,0.23033517093653588,62.733649285502885,0.5963851265177899,2.876754790711852,0.1001536137021324,2.0852953811883768,0.4071310990697873,41.64187655591482,10.205952248393118,0.019912296019338842,10.772179976152993
Bacteroides fragilis,676.9754171595175,676.760488486416,674.2966842892578,673.6689436149759,676.8882695477281,676.9820385896056,676.7796960180292,676.0024532037746,677.0334064718401,676.8263233149194,601.1919889675223,677.0711344317574,676.9883406795574,676.9421581827809,659.6186641080461,677.0494694289881,676.9021987761728,581.6446860505336,637.3212505436597,527.2139210404381,451.7028753667093,31954722.388819147,677.0778138622848,677.0783050522573,676.4548956577581,677.0703690452825,674.7078054406451,664.4405193181425,677.0411167464133,677.061779832468,676.973048935288,367.4037343402323,673.6344928710532,675.7847779198145,676.8214013590548,676.5868055887721,611.7287665063468,675.5665966282828,677.0506763863384,677.0767130572559,676.8919702447064,676.6954871471025,676.6540535442211,675.4564956880176,676.4084200730691,676.8664619527027,676.8777958320144,652.1689212366284,31232.183303356633,675.5832598893769,9389.703599396318,674.9268620823357,650.1167304324797,672.6579475530867,677.0660827225677,0.0,4964.942488749281,7402.763630042126,18843.06384973058,676.992803414945,676.0859300121658,676.8136787948777,677.0443927878807,669.7556165347916,658.5501314644949,676.5781811598831,673.9612631588119,1357032577.3998017,52.47561999668739,675.0207786083532,16514.570159333554,677.0270879851909,676.0593925451841,657.3339088565705,665.8718471362292,638.951918340663,677.0247881658362,676.1433428833892,69996.70753611147,670.7964981754872,676.4826934950581,675.3531202799421,670.7864603004138,674.8265030005076,151.2917740139902,666.2802042979031,642.3509663423126,677.020228741781,663.860056340859,675.5180676559011,641.1366717362808,670.3209081806149,676.9338572858145,675.6687845074791,677.041825477943,676.972422997295,613.0426218296924,673.4840943351654,471.070262378622,539.6055717936449,510.3559209893886,308.2921254990496,676.9873778050958,663.8647241457638,2258.769232060468,645.5798913900662,676.5836338196953,677.0694028116955,674.8853768161252,676.9618059440181,677.0785582577676,645.4347163004016,676.3359484387053,673.729241371013,581.7691050815912,9064.3157916772,677.0781639646444,677.0777141815505,657.7568312792419,676.9892201365053,670.898397560839,676.8582455026882,614.8774435621209,676.5152088671191,674.3092735936065,676.9806157305045,675.0626599662119,676.6904334576656,635.8714280144524,667.0957951013847,677.0557154335092,666.5195566587244
Bacteroides fluxus,5640.1907479402325,5639.981055133806,5637.560868141382,5636.942368076858,5640.105728584836,5640.196978204301,5639.999812399237,5639.238480990451,5640.246795842672,5640.045323521526,5565.00630680368,5640.283180144545,5640.203146399113,5640.158539350032,5623.074334517793,5640.262413465968,5640.119297396333,5545.62838310841,5600.9605935906075,5491.33867480679,5415.990599606446,31949843.39174669,5640.28953634927,5640.289996803664,5639.681967759431,5640.282438747474,5637.968295719022,5627.82739174545,5640.254294207004,5640.274210288749,5640.188457951939,5331.94905015183,5636.907918240201,5639.0252835136835,5640.040853891631,5639.811589880264,5575.5120321530785,5638.811189431981,5640.2635572077825,5640.288498755893,5640.109384823407,5639.918324368708,5639.876920132868,5638.706064320421,5639.638272560587,5640.084721834895,5640.095388871542,5615.6521561073605,26272.085230367058,5638.829053719268,4425.568812643347,5638.180292790648,5613.615623414266,5635.94347972259,5640.278321724018,4964.942488749281,0.0,2438.138746966518,13880.932657601099,5640.2076048626595,5639.321793298059,5640.033441563843,5640.257394136824,5633.088360430722,5621.978304740561,5639.80248039565,5637.22901349677,1357027760.5488827,4912.696730591901,5638.276665273063,11551.716520467406,5640.240667542113,5639.295047666317,5620.79253694482,5629.245008054601,5602.614355612992,5640.238513812464,5639.3773642022825,65040.255335767106,5634.108461069662,5639.710584201222,5638.603575636739,5634.0976088583475,5638.088655750969,4813.940835413927,5629.636509939432,5605.945475217789,5640.234000769107,5627.260973293826,5638.7616679524435,5604.697256645807,5633.644728480562,5640.150401651148,5638.913291799711,5640.255031857226,5640.187899640586,5576.762150986721,5636.760826899862,5435.296994505015,5503.628885628636,5474.472746444165,5272.996982899487,5640.20206719012,5627.249848752621,2706.828400908938,5609.116243434099,5639.808185111359,5640.2815223249545,5638.141591808067,5640.177517853942,5640.29023002583,5609.017162374156,5639.566942755567,5637.009504384286,5545.806799152429,4100.509305310933,5640.289865636549,5640.289443741767,5621.228556458958,5640.203900303476,5634.221156543502,5640.07674200639,5578.709499738709,5639.742375580621,5637.578868611068,5640.195837986005,5638.315623118603,5639.912864592001,5599.54238186604,5630.4670873221185,5640.26842717501,5629.893290232815
Bacteroides finegoldii,8078.234088745726,8078.024119547235,8075.601543030981,8074.982520647543,8078.148957269807,8078.240339151159,8078.042900682895,8077.280714301897,8078.290237651133,8078.088470881718,8003.007751614444,8078.326691530743,8078.246514338816,8078.201825357162,8061.103515436413,8078.3058784272835,8078.1625450377815,7983.615653781058,8038.9768946823615,7929.309357845321,7853.939257620313,31947456.418431114,8078.333064389706,8078.3335264585485,8077.724684448611,8078.325948900431,8076.009191597619,8065.860791367834,8078.297747008147,8078.317701799503,8078.231794699815,7769.862593225844,8074.948067561301,8077.067274805647,8078.083978099202,8077.854430678497,8013.51660441138,8076.852957811562,8078.307025491872,8078.332023618311,8078.152615952865,8077.961270333267,8077.919861908843,8076.747572516673,8077.680845863696,8078.127908887133,8078.138610145694,8053.679102141193,23840.098445988137,8076.870762706304,1993.131464151658,8076.2215639749365,8051.64148690743,8073.982927858477,8078.321823195904,7402.763630042126,2438.138746966518,0.0,11447.896507523656,8078.250973306286,8077.364041120859,8078.076549654696,8078.30085608504,8071.12510965285,8060.008917556474,8077.845344988143,8075.269479261311,1357025406.4787643,7350.486277746869,8076.317819583324,9118.12181197944,8078.284099417032,8077.337304011672,8058.821347775408,8067.279272590244,8040.629348992982,8078.281938170255,8077.419708990849,62610.24497114755,8072.1463859830565,8077.753261610419,8076.6450311347335,8072.135574006724,8076.129476005195,7251.701182536018,8067.671708642798,8043.964992855392,8078.277422510069,8065.293559667582,8076.803482518409,8042.718687247902,8071.681994323082,8078.193678970758,8076.955072282919,8078.29848323792,8078.231232925045,8014.771050538217,8074.800795088424,7873.253172723032,7941.60895446488,7912.442359482646,7710.884385151686,8078.245441020453,8065.283290376144,5144.203773046409,8047.139518133702,8077.851037355832,8078.32502989231,8076.18271874581,8078.22083854344,8078.333760700935,8047.0376905829735,8077.609453786771,8075.0493115559675,7983.789807535843,1670.2922943834203,8078.333394760745,8078.33297149726,8059.2566663405305,8078.2472747121965,8072.258526383621,8078.119916649015,8016.710998362362,8077.7850916836815,8075.61926868848,8078.239184545076,8076.35692891417,8077.955830663387,8037.55655988165,8068.501558482185,8078.311904207357,8067.927580700283
Bacteroides intestinalis,19516.448157708706,19516.241408493872,19513.847187125713,19513.23441071592,19516.364335446906,19516.454191772296,19516.25991121878,19515.507792714136,19516.50316711713,19516.304793358966,19441.702152114514,19516.538840045083,19516.460283378605,19516.41651541096,19499.483438954783,19516.518538976783,19516.377704124156,19422.44970095618,19477.503823531297,19368.320303749315,19293.171979970888,31936113.673006777,19516.545032535774,19516.545477772604,19515.94606219789,19516.538111921236,19514.252005205108,19504.192920780166,19516.51054918246,19516.530070065415,19516.445908965667,19209.398824855616,19513.200028078325,19515.297188177105,19516.300546185637,19516.07431481015,19452.17439113049,19515.085502646823,19516.519650384198,19516.544025488736,19516.367962479246,19516.17988788022,19516.138593182495,19514.98298412575,19515.90377947602,19516.343752025612,19516.35408249716,19492.088412515273,12392.33704407049,19515.10390419796,9455.908150992269,19514.460155975656,19490.063494374168,19512.243390524643,19516.53408233111,18843.06384973058,13880.932657601099,11447.896507523656,0.0,19516.464726773447,19515.59084817843,19516.293294710456,19516.51355981989,19509.417040888486,19498.37524482678,19516.06499553565,19513.51772444655,1357014174.9974134,18790.97803641125,19514.55751904432,2329.921506527953,19516.497142349253,19515.56406164443,19497.207182492322,19505.60104135081,19479.16731526465,19516.495060880407,19515.645422404723,51163.403344021775,19510.424905184667,19515.97500042142,19514.88113717004,19510.41365746875,19514.372919223784,18692.385360748372,19505.983347784822,19482.456513948833,19516.49058060029,19503.634635697683,19515.035604581026,19481.192439132552,19509.967925870566,19516.40847331438,19515.187347803643,19516.51129664448,19516.445383431954,19453.387630573114,19513.054841021585,19312.41607334228,19380.53397152042,19351.47328174218,19150.627153948088,19516.45915225488,19503.61553242847,16587.0864626091,19485.591291202858,19516.070808241206,19516.537220510334,19514.422882031467,19516.435136538505,19516.545701697032,19485.51666049481,19515.833148292826,19513.30474706748,19422.65986570785,9780.583913674905,19516.545351460056,19516.544942713605,19497.64918562852,19516.460977059323,19510.542727713084,19516.335901771294,19455.394187926995,19516.00637843145,19513.867778524444,19516.453184124108,19514.594987494154,19516.174250906115,19476.10497895078,19506.819931777783,19516.524429697285,19506.24842258928
Bacteroides faecis,0.031920046736558634,0.2473466779365836,2.781493356568415,3.4202718240395096,0.11172370837367833,0.013059718694804661,0.22726670258694937,1.035621696832621,0.04720777722051206,0.1777818942425801,76.15265807002368,0.09987491347522451,0.04302178413729953,0.06026088893505655,17.674253053130577,0.07280406861466754,0.09901194150411888,95.85802052361544,40.055269512392684,150.15496242867658,225.56348857910243,31955376.54831318,0.11121103272518447,0.10969902243632806,0.5668241545330004,0.10008093703007212,2.374579211292676,12.75758888858026,0.06762462916637188,0.08905499446588329,0.02256380685050605,309.9084440870763,3.4537747765145212,1.2629022997573902,0.1896697279232796,0.4336563487074919,65.65402771928404,1.4883264985099296,0.06694239938055623,0.10182003433402799,0.10988854512746767,0.322240630208011,0.35920142989569714,1.6175591465329966,0.6298953889775422,0.13712613387604033,0.12201461886435705,25.055283298443342,31904.68859382535,1.4788617164979916,10064.225538959145,2.1343631923559605,27.11370755586995,4.439392144693198,0.08556840562688797,676.992803414945,5640.2076048626595,8078.250973306286,19516.464726773447,0.0,0.9574544171990181,0.1972941360450646,0.06089199812520388,7.414602330989391,18.64271985505393,0.43670301620950386,3.1171932259758672,1357033220.482709,729.4613433964338,2.0573954323075703,17188.2946680953,0.04363080152048457,0.9809709663835893,19.916277070751494,11.319723460666804,38.51500422353117,0.039976957481852426,0.8939616024888778,70667.85126193102,6.333375600117475,0.546921936267189,1.7183045236826466,6.340642056078104,2.272006451394595,828.2703067474239,10.870443769977555,34.991588874483675,0.04449168656389589,13.367266964065609,1.5286984698911246,36.11166785656956,6.8359633110983244,0.06804166538653468,1.3924165998771372,0.05864581308833009,0.027604111911230085,64.23249739374224,3.6110383473735825,206.19109628620114,137.68001295198366,166.9214214257259,369.06782201454286,0.017663643043741212,13.315187022541398,2934.8724317305246,31.672248356074725,0.43596612842046223,0.09881711829758939,2.1867960705847014,0.056969473354476774,0.11172788785823452,31.928652946592333,0.6992274311149534,3.3937238637991696,95.85905790581816,9738.731110456674,0.11064011639688243,0.10413383219634792,19.540700292426436,0.02257453357102433,6.276897015310173,0.14662627388935984,62.65603226438351,0.5124478382378631,2.7947865996466055,0.019795397669896516,2.0036627281305153,0.3241234368897936,41.56374678171348,10.125757431524336,0.07359286272451386,10.692265251766601
Bacteroides nordii,0.9385704697268735,0.7102950816939669,1.828890496329864,2.468469647492825,0.8459400352329624,0.9469250837107303,0.7306277362841685,0.08451711293879821,1.0033534610583443,0.7799937287231233,75.22274485946001,1.0468608877299466,0.9541994674705976,0.9016609809674189,16.727861267465407,1.021041031710042,0.8610220755936141,94.9269181370836,39.11654924300199,149.23147839965083,224.64557696341805,31955375.739040125,1.0554493533305356,1.0559238821250756,0.3917479771475982,1.0461311217524265,1.4194326356340357,11.812114439636286,1.012212202606748,1.0358097606217307,0.9357412122529707,308.9922877534927,2.50236084075716,0.30856882816361647,0.7735239175418375,0.5270536315958291,64.72130606106829,0.5336101078817039,1.0221857027164878,1.053299266633342,0.849720537124211,0.6375521723554199,0.5992734856083464,0.6602736567085441,0.3384478743190283,0.8211099435893255,0.8355721779436809,24.117021807949158,31903.819340896644,0.5225495505367728,10063.345040221737,1.181919597645929,26.17610202666423,3.4897676955773953,1.0404355645603431,676.0859300121658,5639.321793298059,8077.364041120859,19515.59084817843,0.9574544171990181,0.0,0.7646979539866471,1.015840187971676,6.464021688433117,17.702622807270338,0.5209816807948912,2.1660198311652343,1357033219.6999464,728.5541034646459,1.1015932235766033,17187.419030198897,0.9964599769338032,0.03426562693920093,18.973608330436956,10.37310437360385,37.573001428753095,0.9933537415691209,0.0658499076910594,70666.98832340338,5.384385638119102,0.4132115396107946,0.761588081623248,5.3919308908760035,1.314956190420797,827.3642072264583,9.926609630253825,34.05229501737916,0.9895429860496278,12.420577220613996,0.5763739383292099,35.176678923997365,5.885438479361611,0.8933492048125206,0.4359056251168817,1.0120990654793232,0.934724913400323,63.302966012097365,2.6592203298511827,205.27259178024116,136.7576011638626,166.00086359108775,368.1525454779481,0.953596400844729,12.371640432263604,2933.9793371034334,30.735477527822663,0.526224349760392,1.0448812258120688,1.2325641854367941,0.924387731376932,1.056470797685554,30.987381800488393,0.25905952501028096,2.4380068293307335,94.92555883674676,9737.851191179783,1.0558210454994046,1.0546938023698516,18.595462799969805,0.955266095693802,5.323876572107341,0.8122278679141863,61.71889380598403,0.4466326210085898,1.8388471653773115,0.9437578149982284,1.0494079302613084,0.6353975371034295,40.62368403152221,9.175716397250602,1.0278515311152863,9.74353648792943
Bacteroides salyersiae,0.18484397674872008,0.06768453200958278,2.589971545978312,3.2290515519891527,0.09198711058847239,0.18855220013859902,0.056654852647375194,0.8432693717041654,0.24333991280460526,0.04650437342600084,75.96776807656252,0.2941784712294937,0.2051931429301551,0.14801396204560346,17.484856720530345,0.26691835532499747,0.11247061884634668,95.67283727465,39.86802809713266,149.97173634995946,225.38166653069908,31955376.39108218,0.30459429667582444,0.30381333413862444,0.37749033087427697,0.2940836574060212,2.182547893234276,12.56846802134668,0.25952064735288105,0.2830049610971206,0.17509720183809407,309.72705963694017,3.2631236484358275,1.0715155775973295,0.07406705723402245,0.24895369054276945,65.46841976788554,1.2969566308027067,0.263953922936547,0.29787359017778214,0.10195035730236557,0.13930268795246692,0.17448809690112776,1.4248383838125407,0.4432588691582629,0.07193726734585042,0.08147113922966073,24.868109867899605,31904.51820873377,1.2853755021630413,10064.052597423191,1.9428945213813513,26.92672935528076,4.2488062659236405,0.28146872604269624,676.8136787948777,5640.033441563843,8078.076549654696,19516.293294710456,0.1972941360450646,0.7646979539866471,0.0,0.2574645300616811,7.223729385987617,18.454978015586782,0.2454648480871169,2.92618111133349,1357033220.3311107,729.2821330456568,1.8642933872457943,17188.122836183036,0.2393500039772892,0.7894266544445696,19.727912858613077,11.13021543186054,38.326844653101396,0.23584341709259485,0.7021954254258107,70667.6822967439,6.1431064473485275,0.3522877857850671,1.5258665493040828,6.150553438958913,2.0788907275582873,828.0913698067495,10.681545886388907,34.80414555258981,0.22658766317510842,13.177564249022508,1.3369186274012297,35.92540945448597,6.645034036592228,0.13027427602110736,1.1987767165711478,0.2550893812312523,0.1780115809221656,64.04766017080298,3.4193303724009745,206.00910908689684,137.49703563199174,166.73891562379495,368.88664705739444,0.19229290305145336,13.126337340533961,2934.6965766501185,31.48550919607419,0.2534997980053941,0.29262628475921726,1.9954145983788203,0.17840713083184084,0.30518196606644044,31.740702146679574,0.5067016662228812,3.2014676797154134,95.67324228815787,9738.558301532961,0.3042919863542493,0.2999233910935526,19.35155794693515,0.20032905877939133,6.08537800872279,0.0694605453468747,62.469235078909605,0.31881915044066883,2.602463948900109,0.1865623362268615,1.8121238482626258,0.1431984270883005,41.37614325762945,9.935129802557645,0.270386667757932,10.502016615501635
Bacteroides sp902362375,0.08076013535969807,0.30608781805783547,2.8386189045393673,3.477199920462719,0.1706660569855526,0.06974810224724944,0.2859023100018132,1.093615381940859,0.016447594740931788,0.236542904856202,76.20649809001007,0.04378061784925693,0.07089215730305187,0.11681977694707807,17.730090554169912,0.02488291967747604,0.15614036642093304,95.9119771924038,40.11010719539967,150.2081278278364,225.61610403703386,31955376.59243258,0.05557238665028387,0.052381077747870576,0.6247531553394643,0.045770254657817096,2.432108535022692,12.813325753075855,0.028918251414258855,0.035766781406151894,0.08333831057354855,309.9608890830615,3.510514688017764,1.3206096756329886,0.24627493579768123,0.4913589112016334,65.7081659741626,1.5458942682100962,0.01040336140223827,0.041868960720405135,0.16734217748299424,0.38091737100319023,0.41725611403080093,1.6756940107167815,0.6878078650261089,0.19600748721581737,0.18090459951959545,25.11010591289882,31904.73706561505,1.5371451614444123,10064.274897867175,2.1915720916977857,27.168445332683728,4.495931303669202,0.0259385820009931,677.0443927878807,5640.257394136824,8078.30085608504,19516.51355981989,0.06089199812520388,1.015840187971676,0.2574645300616811,0.0,7.471190790995611,18.6977983929539,0.49514538361775273,3.174042840490222,1357033220.525044,729.5129648079998,2.1153471165603563,17188.34363988445,0.020958503678623234,1.0389534767183355,19.97163587637126,11.375645954842105,38.57024212000862,0.02431139432816381,0.9520536524531772,70667.89924799046,6.389720257312661,0.6062740175007066,1.77626812936134,6.396924472182804,2.330110352433956,828.3218269997753,10.92606522397186,35.04651328464111,0.04859123088618167,13.423235328460276,1.586163491473648,36.166091502936865,6.8925820096428145,0.12819311405300174,1.4508155836275995,0.011880040351760317,0.08320952553854875,64.28631506629632,3.668089732096525,206.24377448975062,137.73307964737774,166.9743021487197,369.12018544400627,0.06687370897814725,13.370758635058026,2934.9228245365816,31.726879284912286,0.4932356461820258,0.04373245030639075,2.244090117932271,0.10031856302272393,0.05512580974436802,31.983807708001464,0.7579158431924778,3.451260782022424,95.91327434289842,9738.780422936274,0.05398376334536821,0.04468523406568431,19.596403785940538,0.062479304233835645,6.333880375907977,0.20511179610120728,62.710668103393196,0.5716965080129456,2.8524275755341923,0.07451320626719818,2.061024129296276,0.38209689767744937,41.618740580011725,10.182208444263656,0.014994281554553146,10.748522533819434
Bacteroides oleiciplenus,7.395967101112559,7.1696854973973805,4.63519863097849,3.995619792842285,7.304182613261372,7.403830708313638,7.189852858578352,6.382878611120841,7.459096107104807,7.238853936630713,68.80588472287222,7.500750359919533,7.410546863900624,7.359955475600149,10.268258670860474,7.4763096697252385,7.3189868661760595,88.50471799153057,32.67335736247059,142.83574495667898,218.27071155306663,31955369.922679037,7.508554974897,7.509119536000062,6.851601058292021,7.4999553846315425,5.04619112729253,5.357995702715991,7.467457505379339,7.490231237828686,7.393298502277367,302.62374332811265,3.962683371312733,6.156971862564186,7.232507215940601,6.987069889890918,58.295218030258475,5.931871501138898,7.47763579304389,7.507084039952669,7.307944123133393,7.0986703411670735,7.0588221234362445,5.80823751847666,6.796922412090004,7.280152719952341,7.293619320758329,17.6793243860264,31897.669345355436,5.943630348045175,10057.137803909416,5.282244727621067,19.73985638454143,2.975289612248737,7.49498192646025,669.7556165347916,5633.088360430722,8071.12510965285,19509.417040888486,7.414602330989391,6.464021688433117,7.223729385987617,7.471190790995611,0.0,11.26228367639434,6.980427954543324,4.298244134825297,1357033214.0418704,722.2220694924476,5.36483170163835,17181.236257663626,7.4523377759187985,6.439248886816658,12.523262427400706,3.9166676323733105,31.120671876294995,7.449517830211001,6.526045753662233,70660.87137894671,1.0842485123651286,6.875183445744874,5.705137712760034,1.0788875715075505,5.156075164168349,821.0370786417926,3.4845693642097313,27.60808084135168,7.444971004566768,5.961692625807697,5.888234294565304,28.746914815369326,0.5788126192671443,7.351324836757437,6.030776804011762,7.467873355939614,7.3924587904865735,56.88857379884533,3.805269010620312,198.8955756582837,130.36642906430558,159.61629608521486,361.7872375463527,7.409928965063199,5.923929243207547,2927.7109627915984,24.30056044001797,6.984981936464238,7.498808110319628,5.232784633550294,7.381523931964435,7.509484644734217,24.537839409460126,6.722578440257215,4.032772034587996,88.49522821955047,9731.646865642528,7.5089578174325355,7.508303940461701,12.137926951734585,7.411797353492565,1.1491593482154914,7.271383517223986,55.27850989254975,6.909128859863852,4.629928307296774,7.401301695402986,5.415413591917765,7.095416602197658,34.17632472632598,2.7118150509012198,7.483133213011289,3.2812432537675895
Bacteroides fragilis_A,18.62441057655026,18.400917100103886,15.879224241482797,15.241050015002779,18.533766362070754,18.631868370086735,18.420849621779315,17.620207328316965,18.686045602884025,18.469278228674415,57.5463551660762,18.726466602415336,18.638441769758025,18.589202064248536,1.1910482625705427,18.702927881599024,18.548327933259163,77.24340718680509,21.414425189232997,131.58461473101806,207.03195134795413,31955359.360569447,18.733876306720386,18.73442448255105,18.085536567790573,18.725667068836596,16.292219081059123,5.908513486522937,18.694189916095887,18.716318940415007,18.621853847319326,291.38869965139605,15.207184170145426,17.396074911394766,18.463392428216927,18.22046258604224,47.03346895830625,17.172329503702493,18.704232655338167,18.73256871080365,18.53752046734565,18.33167516551655,18.291003579205174,17.05298718830158,18.033447525088473,18.51041228736031,18.523172851636595,6.417177533639264,31886.656198112873,17.18597277553373,10046.057050103,16.5231080252368,8.477667607822777,14.218918616915738,18.720961298303123,658.5501314644949,5621.978304740561,8060.008917556474,19498.37524482678,18.64271985505393,17.702622807270338,18.454978015586782,18.6977983929539,11.26228367639434,0.0,18.213096363206265,15.541101479473197,1357033203.7141905,711.0149233905198,16.610295865424835,17170.18385064939,18.67940023264408,17.677059372466037,1.3030575531446467,7.348585639727817,19.87349704316975,18.67676361391446,17.763297618888828,70649.89906878161,12.328865847690512,18.1108098458421,16.949301986062153,12.320449002555252,16.40571363570968,809.8341080545104,7.780384484805339,16.34980009502611,18.672174652012732,5.31650084105984,17.126720545376326,17.485170720174754,11.837072339488833,18.580642670593623,17.27296380505189,18.69474685499084,18.621085753192478,45.63049853877403,15.051932759295136,187.65556483233738,119.11830268869754,148.37178918098584,350.55419747011484,18.637722656759536,5.33883424055788,2916.563718850217,13.038380663003577,18.21794509225136,18.724588278381294,16.476323091230803,18.610167439702824,18.734741194112175,13.286418054592222,17.959480187234945,15.286949567227618,77.2331356397566,9720.569473193958,18.734266826964696,18.73370726832263,1.066161681968926,18.639580303394897,12.410944979990715,18.50178773357686,44.01835918584317,18.144432340030367,15.880499617532573,18.629742356118328,16.65790257130124,18.3277358814785,22.921224962117478,8.56781298611064,18.709596238832795,7.991658022528505
Bacteroides clarus,0.4186531318756691,0.19012580223727166,2.346249759648295,2.985408450138582,0.3253597481791423,0.4262403299931099,0.21074747851009792,0.599205168871399,0.48248870920620746,0.2597181551831806,75.72767558152319,0.5272599778003916,0.435001775421403,0.3816053143936685,17.241976540767215,0.501139915180884,0.3410673312650411,95.43253200155927,39.62637249877739,149.7328714328522,225.14389792788853,31955376.1779028,0.5362882664469151,0.536425963261328,0.13278047127740955,0.5267865732802366,1.9385827447095796,12.325636542332084,0.4925525280313208,0.5161831960064506,0.4150578310053533,309.48964771928263,3.0191248521239196,0.8269277601446556,0.25596905836757466,0.04548562442278058,65.22779929923388,1.0523619212982516,0.5016388830547949,0.5331487592301929,0.3296922488793881,0.12287616457152468,0.08316585132410288,1.1810729922577174,0.20489142012956493,0.30080532767091894,0.3148070069722009,24.62651197984718,31904.290955546447,1.0423518094054962,10063.822814618514,1.699009951757026,26.685235985564482,4.005407069227185,0.519647638602912,676.5781811598831,5639.80248039565,8077.845344988143,19516.06499553565,0.43670301620950386,0.5209816807948912,0.2454648480871169,0.49514538361775273,6.980427954543324,18.213096363206265,0.0,2.6824855150702187,1357033220.1243694,729.0465583816863,1.6210509677373082,17187.894141263012,0.47594740688592513,0.5448591169305236,19.48558653758206,10.887269223942234,38.08468240912897,0.47281085309670573,0.4576852362104554,70667.45648270217,5.899799130994151,0.11494923694999735,1.2819550875848502,5.907196642248761,1.8354989561749997,827.8560359230614,10.439096691243762,34.5624219267048,0.4688395596484745,12.934788592108115,1.0929692379990734,35.684377429623275,6.401786087117275,0.3727338694137929,0.9558823943379919,0.49169932667784966,0.4143450363929271,63.807660623911374,3.1761035761242047,205.77123451744643,137.258390315854,166.5006343146244,368.6494223873224,0.43263771678476753,12.884005071314492,2934.464020483851,31.244164670829647,0.05343298849001846,0.5253620505449911,1.751059461462941,0.4056425061022727,0.5371431316036495,31.498629603697548,0.26360149835508506,2.957603024545405,95.43251282154216,9738.328647838805,0.5364489711893373,0.534683086623225,19.108912454738135,0.4350497679254593,5.8417984895293005,0.2923183804638134,62.22786365440359,0.08128483504548367,2.3585948350842756,0.42341674370586213,1.5678302285150914,0.11946395223292916,41.134272754420316,9.69187733799117,0.5073700459599186,10.25891974967279
Phocaeicola dorei,3.098403574672132,2.8718010088172146,0.3382909215075032,0.30338224703268785,3.0065122822344335,3.10640948281656,2.8919802315973357,2.0847636298090677,3.161924763537484,2.94105758968602,73.06966593715336,3.203757902493721,3.1130822200028594,3.0622665867539114,14.562400537695197,3.179098372930893,3.021295230111531,92.7724364327279,36.955442624154564,147.08534814303076,222.5062174293384,31955373.784490872,3.2116760103091866,3.212240095116261,2.5534433817576856,3.202970907778085,0.7515498445076373,9.647194116402794,3.1702223030193197,3.193144616513672,3.095840043390066,306.8550893175873,0.33859538954671675,1.8589007007985325,2.9345881226262462,2.6889396693287875,62.56538615252239,1.6340092467150122,3.180479210880947,3.2101613639195117,3.0102155256446177,2.800573755504094,2.7607964856639997,1.5123829316846515,2.498993113319711,2.982357764985899,2.995981356082845,21.956717670539483,31901.754078141792,1.6468054070619031,10061.260892754999,0.984127406418814,24.016291699111335,1.3239417032728025,3.1980052902675693,673.9612631588119,5637.22901349677,8075.269479261311,19513.51772444655,3.1171932259758672,2.1660198311652343,2.92618111133349,3.174042840490222,4.298244134825297,15.541101479473197,2.6824855150702187,0.0,1357033217.7981703,726.428901576193,1.0700996894139196,17185.342950019334,3.1550659556872054,2.1410813849015193,16.81004711364842,8.207728308063444,35.40951870593066,3.1522093424456252,2.227859915601829,70664.9339835093,3.218501536249626,2.5773204062704167,1.4088176476020053,3.226151531468711,0.8682609813217526,825.2406239939754,7.762937379743082,31.890818781803056,3.148002644414481,10.25516085977599,1.5901010779327793,33.01902480600544,3.7196956518862128,3.053871962536177,1.7339181699579242,3.1706270725045624,3.094886255124387,61.150444571396825,0.4964784522627656,203.13250798882729,134.61282441779693,163.8582784609759,366.0164526808753,3.1126843078646873,10.207923948941664,2931.8750629696206,28.57626236431633,2.6869168588294903,3.2018016385075376,0.9360231832759184,3.083928211043361,3.212624019568241,28.824471067440413,2.4244694817262893,0.3125022772597148,92.76866998115996,9735.767999742415,3.2120804095028563,3.2114002916211,16.43045826924148,3.1143742049730467,3.159922865707493,2.9735442693107124,59.55886869999274,2.6111250113613016,0.35498267708433306,3.10377197858748,1.1179316292210006,2.797355975193188,38.46150990625903,7.009844916295219,3.1859867433956426,7.577644238619955
Phocaeicola vulgatus,1357033220.4681733,1357033220.2836258,1357033218.1042905,1357033217.5416467,1357033220.3933878,1357033220.473038,1357033220.3001888,1357033219.621092,1357033220.5160444,1357033220.340308,1357033150.4218028,1357033220.5469024,1357033220.4785202,1357033220.4404893,1357033204.8558645,1357033220.5296173,1357033220.4052734,1357033132.467012,1357033184.2916787,1357033080.8497407,1357033009.046699,1325136484.7052598,1357033220.5520794,1357033220.5524375,1357033220.0176005,1357033220.5462685,1357033218.4820688,1357033209.180977,1357033220.5225723,1357033220.5394309,1357033220.4662108,1357032929.30298,1357033217.5087125,1357033219.430984,1357033220.337304,1357033220.1343987,1357033160.3939886,1357033219.238891,1357033220.5305333,1357033220.5512538,1357033220.3967335,1357033220.2303379,1357033220.1911125,1357033219.153223,1357033219.9838824,1357033220.3756433,1357033220.3839436,1357033197.8361382,1357002001.0837731,1357033219.2594116,1357023440.9842064,1357033218.6632724,1357033195.9371283,1357033216.6242967,1357033220.5428164,1357032577.3998017,1357027760.5488827,1357025406.4787643,1357014174.9974134,1357033220.482709,1357033219.6999464,1357033220.3311107,1357033220.525044,1357033214.0418704,1357033203.7141905,1357033220.1243694,1357033217.7981703,0.0,1357032527.8224902,1357033218.762515,1357016465.2184184,1357033220.5107517,1357033219.6738935,1357033202.679942,1357033210.4936233,1357033185.9604232,1357033220.509092,1357033219.7475638,1356963836.5624561,1357033214.952114,1357033220.0470996,1357033219.0581737,1357033214.9389405,1357033218.6017303,1357032433.0063484,1357033210.8138692,1357033188.9140131,1357033220.5049527,1357033208.6844382,1357033219.188736,1357033187.5974162,1357033214.5458484,1357033220.4332266,1357033219.3359153,1357033220.5233269,1357033220.4658601,1357033161.3569407,1357033217.378321,1357033027.3647845,1357033092.2519703,1357033064.5939395,1357032873.3226902,1357033220.4771905,1357033208.6221976,1357030395.756724,1357033191.7516174,1357033220.1305134,1357033220.5455291,1357033218.6346705,1357033220.456655,1357033220.5526114,1357033191.817239,1357033219.919302,1357033217.6264162,1357033132.859471,1357023753.5556953,1357033220.5523381,1357033220.552006,1357033203.1415606,1357033220.4789019,1357033215.0935047,1357033220.3687222,1357033163.648974,1357033220.0752792,1357033218.1376958,1357033220.4726932,1357033218.7910218,1357033220.2240431,1357033183.044609,1357033211.65702,1357033220.5346866,1357033211.1158876
Phocaeicola plebeius,729.443946478712,729.2289284056905,726.7643787852223,726.1364791302553,729.3567633204582,729.4505763533026,729.2481435082364,728.4706288275547,729.5019719717703,729.2947902191627,653.6480130355643,729.5397220634688,729.4568787807805,729.4106689403214,712.0826660713404,729.5180408519802,729.3706980381035,634.0944697829211,689.7811805114004,579.6606134534948,504.1460937583357,31954671.91096922,729.5464071779578,729.5468992959129,728.9232234662319,729.5389561795852,727.1755523932092,716.9059972200686,729.5096839279454,729.5303604483141,729.4415783126627,419.83235407734384,726.1020278031817,728.2528737333085,729.2898577633715,729.0551702137553,664.1852582170272,728.0346214304172,729.5192501525473,729.5453063369861,729.3604639117998,729.1638846641127,729.1224534465454,727.9244249418006,728.8766921572741,729.3349408600975,729.3462878118058,704.6326344521117,31180.17412532656,728.0512619011391,9337.520981056427,727.394743979652,702.5801357513611,725.1252821296412,729.5346686894956,52.47561999668739,4912.696730591901,7350.486277746869,18790.97803641125,729.4613433964338,728.5541034646459,729.2821330456568,729.5129648079998,722.2220694924476,711.0149233905198,729.0465583816863,726.428901576193,1357032527.8224902,0.0,727.4886053188054,16462.455715335036,729.4956492733753,728.5275709918122,709.7979747486546,718.3375751391395,691.4109373210368,729.4933466844793,728.6115496933667,69944.81388910243,723.263359757328,728.9510050595336,727.8210376729943,723.2533386047415,727.294208204773,98.85771203716972,718.7463115145985,694.8120228649927,729.4887889074151,716.3252251078351,727.9861177073641,693.598849695495,722.7875324846775,729.4023673677298,728.136807743322,729.5103929510562,729.4409500903457,665.5014318436703,725.9515722652174,523.515846741034,592.0568781003501,562.8046594541461,360.70461684566675,729.4559211682694,716.3302831319526,2206.446435927746,698.04250802843,729.0520028807074,729.5379889842732,727.3532014586018,729.4303274042641,729.5471527257594,697.8959452653056,728.8042050909633,726.1966251496746,634.2159489435875,9012.144421852274,729.5467578540596,729.5463083788037,710.2205164738073,729.4577618809321,723.3650093143522,729.3267198813282,667.331672673014,728.9835324025925,726.7768515212691,729.449147435525,727.5305423435356,729.1588392957437,688.3303700087713,719.5614959554612,729.5242919281377,718.9852338788668
Phocaeicola massiliensis,2.0388711482218724,1.8108234321347956,0.7318692518630919,1.370635508696822,1.9462053627630505,2.046853359136308,1.8311687906761784,1.0220144091299581,2.1028521757376892,1.8804355981712837,74.13766665017528,2.146153234799921,2.0542660618562363,2.0021868117192145,15.630869348680593,2.1207631303148737,1.961391902110337,93.84074120499886,38.02465211586953,148.15163857731773,223.5705504065287,31955374.772918813,2.1544986371673565,2.1549713548891516,1.4921320501640736,2.145400663568377,0.32210303299070564,10.716187533760792,2.111942784620477,2.135280331367176,2.0357303654229533,307.91876029497985,1.4061765668145512,0.7969364444436702,1.8742664521937236,1.627792977520884,63.63397449192784,0.5731088852160355,2.1217643082078372,2.1524454229190435,1.9501615276726167,1.738752700057126,1.6998903901745883,0.4458145412811422,1.4367823633721513,1.9216869208597493,1.9356966974959764,23.025877596196892,31902.790652505708,0.5795189256995881,10062.30513188851,0.11427848176675501,25.085419267541287,2.392842038985941,2.1396201075924552,675.0207786083532,5638.276665273063,8076.317819583324,19514.55751904432,2.0573954323075703,1.1015932235766033,1.8642933872457943,2.1153471165603563,5.36483170163835,16.610295865424835,1.6210509677373082,1.0700996894139196,1357033218.762515,727.4886053188054,0.0,17186.38394505147,2.0962105762839136,1.0782447297449693,17.879225929465772,9.276407176036154,36.4786083818184,2.0931917461058154,1.1649019427669407,70665.96602265236,4.28689426839399,1.5133492143015947,0.3435449058161742,4.294832493574522,0.22004918158783074,826.299760942249,8.832028166748366,32.96000039578496,2.0883764223169665,11.32341753204921,0.5309666635082081,34.0878754255835,4.786315879485376,1.9931318130225868,0.6665574474738393,2.111866468170435,2.0350388956071193,62.21827628463772,1.5602260256712246,204.19704270013023,135.67871612584318,164.92354928330403,367.07976881328415,2.053028622622041,11.27687257488216,2932.92714781164,29.645325426130004,1.6264077032663726,2.1441953735033783,0.1527506833818603,2.024706384782043,2.155467708530715,29.893662257400667,1.360585916822517,1.3378132734401331,93.83740510169272,9736.81185678635,2.154862892514196,2.1538006293718044,17.49911870619818,2.0552372921185103,4.223524012828084,1.9129135643245265,60.62799706643975,1.5475120522535446,0.7392394064035831,2.0439916264823355,0.0880488412929407,1.7362961106632175,39.53072580787947,8.076616912300384,2.1274384718379826,8.645237115443154
Phocaeicola coprocola,17188.27805705298,17188.070874663397,17185.67277915228,17185.05914087027,17188.19405860209,17188.284119127333,17188.089414902523,17187.33593087267,17188.333217361287,17188.134389651503,17113.46334688557,17188.368993454154,17188.290222092503,17188.246332276904,17171.290391720497,17188.348625246956,17188.2074566607,17094.191133179767,17149.289805189503,17040.034288106854,16964.851094587677,31938425.211827427,17188.375209422455,17188.37565681916,17187.774974814092,17188.36826339645,17186.078001162918,17176.006470069016,17188.340616482805,17188.36019464233,17188.275802303273,16881.03184950636,17185.02474586333,17187.124942068407,17188.130110922804,17187.90343201459,17123.94122354074,17186.91289807025,17188.349741278154,17188.37419802117,17188.197690100013,17188.00917838672,17187.967864203198,17186.810003132305,17187.73248981032,17188.173413851287,17188.18379246468,17163.890901533785,14722.246461690205,17186.93122562924,7126.401865109163,17186.286713124235,17161.86416155639,17184.066923077284,17188.36422115963,16514.570159333554,11551.716520467406,9118.12181197944,2329.921506527953,17188.2946680953,17187.419030198897,17188.122836183036,17188.34363988445,17181.236257663626,17170.18385064939,17187.894141263012,17185.342950019334,1357016465.2184184,16462.455715335036,17186.38394505147,0.0,17188.327177496507,17187.39224690503,17169.013163678796,17177.416056721882,17150.952015845443,17188.325085736364,17187.473749659013,53493.29629353833,17182.245942272035,17187.803870681884,17186.708056454718,17182.234750226326,17186.19884793284,16363.831080861688,17177.79970357292,17154.247514762632,17188.320600359377,17175.446980500998,17186.863048601375,17152.98563061376,17181.78796670291,17188.238275938576,17187.01478875871,17188.34136269421,17188.27527214885,17125.159917977344,17184.879276928677,16984.1058049781,17052.260138321893,17023.183316323462,16822.22875121575,17188.28909806663,17175.42901374258,14258.111617874514,17157.387712729047,17187.8999393801,17188.36736840187,17186.249234484683,17188.265005342753,17188.375882052336,17157.309556497967,17187.661753675882,17185.129031032957,17094.396631699594,7451.234236300091,17188.37552981943,17188.37511920569,17169.454344753263,17188.290924245346,17182.363047466304,17188.165544662614,17127.15799787664,17187.835309759674,17185.69300648908,17188.283092905724,17186.42162689687,17188.003565645988,17147.888055527612,17178.635500063756,17188.354533773636,17178.063618600667
Phocaeicola coprophilus,0.06018462264206005,0.28666361423996545,2.8195852840045643,3.458216220278842,0.15135228349153906,0.05099058803749111,0.26637992770966545,1.074386435041491,0.01821749044412623,0.21707839600501572,76.18847670785846,0.05632820679583844,0.05034197717608285,0.09661520705697578,17.71142680984281,0.02991282219364936,0.136151448896963,95.89391810959938,40.091769541367164,150.19032015342964,225.59846977328587,31955376.57755313,0.06784955773148972,0.06613835669305132,0.6052164874128008,0.05737643979283444,2.412894370725414,12.794679881642335,0.026681642012204534,0.04574804678749246,0.0657594617315615,309.94330969473157,3.491461701419344,1.3012148337919158,0.2259696494009672,0.47148602629774544,65.69004512888921,1.5265178197966198,0.027095098858279952,0.05910892473897425,0.14740575947871873,0.3610767232044172,0.39761870630351637,1.6562719233068992,0.6677930039609205,0.176439072108772,0.16179173894377386,25.091776089861643,31904.72076520922,1.5179589338485833,10064.25831027538,2.1724980038591477,27.150139441274273,4.477068554141612,0.04656427824622078,677.0270879851909,5640.240667542113,8078.284099417032,19516.497142349253,0.04363080152048457,0.9964599769338032,0.2393500039772892,0.020958503678623234,7.4523377759187985,18.67940023264408,0.47594740688592513,3.1550659556872054,1357033220.5107517,729.4956492733753,2.0962105762839136,17188.327177496507,0.0,1.0195049684961592,19.953130228307398,11.35695704036464,38.5517833041835,0.00476753733807085,0.9326207257272463,70667.88310521327,6.370900193543588,0.5871230330010988,1.7569101180782807,6.378094833887998,2.31080822059144,828.3045439623143,10.907514069272269,35.0281589117191,0.04745932156155808,13.404585213821228,1.5670571276889906,36.147884680814855,6.873738657247664,0.11107923146466424,1.4316054616191338,0.016217677853807868,0.06327668614732464,64.26831051681776,3.649190918248493,206.2261249339998,137.71530803184982,166.95658899526805,369.10263483043394,0.05243322451187612,13.352239684879832,2934.905903467995,31.708606731614527,0.4733005393852502,0.055322424731523066,2.2248354705339812,0.07940963923053902,0.06818703731449406,31.965370284820853,0.7384434106818009,3.4320321835513434,95.89513494484369,9738.763850340927,0.06706965819437075,0.0612538483796621,19.57780623535927,0.0421767835543426,6.314875835412374,0.18530576506840124,62.69239575227883,0.5523909221806247,2.833174055277465,0.05484274035652525,2.0417872736872265,0.362240615534524,41.6003538499345,10.163384244305357,0.03170308292333749,10.729763565452837
Prevotella sp900313215,0.9616019514791958,0.7338759208346204,1.804208425722109,2.4436742530327806,0.869437804117414,0.9702606905422231,0.7540732628653671,0.06256485622803595,1.0267074816249493,0.8034763467434873,75.1967421818405,1.0693002216665726,0.9768208420373309,0.9249328462461948,16.702647709451007,1.0437412808668731,0.8841396133596667,94.90095926506018,39.090905390356255,149.2052808977589,224.6192391950906,31955375.71263113,1.0776745885242942,1.0782649140909668,0.4144200536415041,1.0684899797440344,1.3950122803493021,11.786785845797995,1.03481693821065,1.0583091640781186,0.9593858945228746,308.9659136960244,2.477178327517461,0.28263065450470226,0.7963954226422418,0.5497123567002783,64.69539583114417,0.508194233960147,1.0452559254616978,1.0759519110707967,0.8729092988674222,0.661027953593965,0.6223358942444537,0.6368789813249469,0.3598951400113024,0.8446590556056356,0.8591350891696294,24.091350235862475,31903.792550361355,0.500300049368368,10063.318270635478,1.1570724026876382,26.150393102523083,3.4647753683880826,1.0635685839808213,676.0593925451841,5639.295047666317,8077.337304011672,19515.56406164443,0.9809709663835893,0.03426562693920093,0.7894266544445696,1.0389534767183355,6.439248886816658,17.677059372466037,0.5448591169305236,2.1410813849015193,1357033219.6738935,728.5275709918122,1.0782447297449693,17187.39224690503,1.0195049684961592,0.0,18.948157031830146,10.347884745260917,37.54754770517076,1.0164653735105895,0.08741072273087129,70666.96153691063,5.359326315275724,0.4390744766735789,0.7376198669771342,5.366779628591168,1.2916005682805998,827.3376589990748,9.901280036718495,34.02669944739352,1.0134918810637703,12.39549282616338,0.5516166027644951,35.150858083065906,5.860694384397588,0.9174542924713872,0.41427006282577866,1.0350867367051937,0.9580272956442808,63.276968143719046,2.63481845834269,205.2462764681294,136.7313836499646,165.97459825965913,368.1261590251103,0.9772881190687619,12.346344447417538,2933.952641281863,30.709732453884374,0.5483175430532871,1.067299415665465,1.2075817358393528,0.9470596567404906,1.0787441163714515,30.961869512598028,0.28408495336025175,2.413802971879381,94.89969672106619,9737.824419520239,1.0781189394083648,1.077270305104103,18.57021720323119,0.9782555629642128,5.299316716484173,0.8356323454440421,61.69318463750134,0.47182530983002097,1.8146860361177937,0.9670445530271501,1.0245173962197893,0.6584986155068078,40.59811139483751,9.15086837387219,1.0508313224699437,9.718573190096107
Prevotella sp900551275,19.897836560257517,19.67375240831181,17.148109812790334,16.509246765633346,19.806983984214177,19.905420494712562,19.69372941365615,18.891453452686946,19.95983838429021,19.742297663533353,56.29949582022634,20.000397288142082,19.911929653290738,19.862474777163822,2.286565864142196,19.97670505856516,19.82155949974049,75.99224426595703,20.150810769501156,130.3456442926315,205.80088826196473,31955358.28783426,20.007857456459007,20.008426619250812,19.357642218428445,19.999590017660434,17.56074700001864,7.165609734408957,19.967929063558543,19.990180834244427,19.895327465307933,290.159388443548,16.47538111148376,18.666733371939056,19.736235846535834,19.492694187794882,45.78153742450769,18.442555161169654,19.97806865356997,20.00658262210798,19.81070602161651,19.604080711313806,19.563561646751836,18.32216501203452,19.30484462531132,19.78348080723902,19.796400705433996,5.170163119051873,31885.495016361954,18.455923067266678,10044.879143910566,17.793036263897726,7.229042069804128,15.486824604974183,19.9949337767864,657.3339088565705,5620.79253694482,8058.821347775408,19497.207182492322,19.916277070751494,18.973608330436956,19.727912858613077,19.97163587637126,12.523262427400706,1.3030575531446467,19.48558653758206,16.81004711364842,1357033202.679942,709.7979747486546,17.879225929465772,17169.013163678796,19.953130228307398,18.948157031830146,0.0,8.606773247176761,18.59950507904104,19.95046211818179,19.034575598093106,70648.74727197409,13.594318797205487,19.382680002859836,18.218587084903575,13.586161826185162,17.673323411072072,808.6187524203813,9.047358908656511,15.085533573773988,19.945971830705943,6.564807759414476,18.39748793909207,16.236657713335653,13.09965669199116,19.853986009553154,18.542986514407975,19.968511803340927,19.89450371125197,44.38655099945788,16.319832301484425,186.4239049559268,117.8818922704916,147.13759513572487,349.32581926007674,19.91136407802165,6.602828160457182,2915.367181985204,11.78671269853168,19.49023240577628,19.998501402298917,17.745478363744734,19.883494352040273,20.008741949889526,12.014917348228485,19.2309474853449,16.55256663025223,75.97705627641648,9719.392449025263,20.008260339515587,20.007727182148745,0.4908832531505695,19.913146525938235,13.671370100319656,19.774807726099045,42.75625368117042,19.416361925222848,17.14755628975069,19.903201521689873,17.927441462576752,19.60026486797721,21.65315730595269,9.820198088540506,19.983447475615403,9.245642073376205
Prevotella copri_A,11.30112267651484,11.07598077118607,8.54554173730377,7.906136311054506,11.209850566813055,11.30888298516424,11.096041166075779,10.291372412353487,11.363731785170703,11.144834472532832,64.8944961694531,11.40471343038177,11.315405582517736,11.265465692406057,6.354783944828356,11.380685835739556,11.224497468320791,84.59168902821544,28.75714710206692,138.9297379983838,214.37122892740751,31955366.2884392,11.412313770353053,11.412896963568393,10.758801841759654,11.40390023371275,8.957624687848528,1.441454516985576,11.371858098762935,11.394355117200911,11.29861075202819,298.72616773871187,7.872433660772382,10.065958837231737,11.13856971839463,10.894063285653905,54.38163218711221,9.841284823576894,11.382080109289392,11.411001421007056,11.213557882775547,11.00563167528831,10.965397180037156,9.719539573717046,10.705041736274088,11.186090840516096,11.199282226565884,13.764835627233042,31893.864622523866,9.854148372488499,10053.306293228143,9.19155313973236,15.825480860370282,6.8838754240799505,11.399193996902062,665.8718471362292,5629.245008054601,8067.279272590244,19505.60104135081,11.319723460666804,10.37310437360385,11.13021543186054,11.375645954842105,3.9166676323733105,7.348585639727817,10.887269223942234,8.207728308063444,1357033210.4936233,718.3375751391395,9.276407176036154,17177.416056721882,11.35695704036464,10.347884745260917,8.606773247176761,0.0,27.20455038654832,11.35422280690924,10.43452270127568,70657.08257920676,4.989729397461089,10.783328217993764,9.616121919976566,4.981908930398242,9.06921157518653,817.1544578451649,0.4906499494924993,23.69188921394104,11.349812114448378,2.04868346824473,9.796914443706697,24.83348667388007,4.493400897457515,11.25700438662857,9.94127438186138,11.372409810094831,11.297737207324548,52.97825574874449,7.716478311988782,194.9954681715216,126.46205258254112,155.7138616491079,357.8906820318179,11.314948948631002,2.012496912423625,2923.852301166683,20.386099650763967,10.891741217424297,11.402791738041149,9.143103829098239,11.286685145550502,11.413227473955276,20.621396854070408,10.63107190420585,7.947154540795614,84.58048157417403,9727.816698368248,11.412727066427532,11.41217251464661,8.222995376788406,11.316684875385603,5.064716287712676,11.177352942751275,51.36243941325938,10.817108679228138,8.54310128538189,11.306505555803705,9.325442156616019,11.002056550260729,30.25988133159132,1.2259438935565619,11.387506552908834,0.6509153066519706
Prevotella stercorea,38.49661487235846,38.272748194269155,35.74756199197749,35.10865225327135,38.40584651179207,38.50415130962963,38.292710919410546,37.49081267716033,38.558464473047074,38.34123179232931,37.788981600085066,38.59894254360424,38.51067227019962,38.46131426500608,20.855464850682683,38.575327597967416,38.42041609490406,57.44878101432395,1.701063507650739,111.85190107258713,187.3427577288882,31955341.14930061,38.60637014948801,38.60693527170076,37.95684637001198,38.598136487785105,36.1601682070854,25.763803444778503,38.566565784561384,38.58875984233749,38.49408713596802,271.706500022733,35.074814374982004,37.26617435832817,38.335221056739634,38.09186131495822,27.252093516001718,37.042027772538624,38.576674311086286,38.60509921787142,38.40958019442161,38.20320249794334,38.16264432539867,36.92161343609729,37.90416468138956,38.38239733693882,38.39525866421159,13.473081255465445,31867.511982821816,37.05534396316237,10026.760847388938,36.39251270851792,11.425523157860408,34.0862222982142,38.59347681634196,638.951918340663,5602.614355612992,8040.629348992982,19479.16731526465,38.51500422353117,37.573001428753095,38.326844653101396,38.57024212000862,31.120671876294995,19.87349704316975,38.08468240912897,35.40951870593066,1357033185.9604232,691.4109373210368,36.4786083818184,17150.952015845443,38.5517833041835,37.54754770517076,18.59950507904104,27.20455038654832,0.0,38.54912887537258,37.633939014429615,70630.84421162281,32.19336957558519,37.98190177736886,36.81804759093421,32.18529576059453,36.27255199089983,790.2409750429902,27.646741913560156,3.565806851256714,38.544579754490975,25.15939071902802,36.99690665819997,2.7729093716177085,31.69764692554856,38.45278751171824,37.14240530558808,38.56714821921449,38.49328788407399,25.912342059780265,34.91910377285884,167.9638988709144,99.40462729577959,128.66771628868304,330.876192426182,38.510051885890626,25.20190775724035,2897.111068814805,6.9114129137507705,38.08937974180088,38.59705307277889,36.34495849114228,38.48229873733793,38.60724734570683,6.5876858858565654,37.83027238701859,35.15137641244848,57.412629083422374,9701.28112001155,38.606770142742455,38.6062384843809,18.983891064767793,38.511869229491275,32.268198199756476,38.37374138851393,24.17896567691814,38.015585410041275,35.74673433375205,38.501968814539616,36.52692869709336,38.19935371596571,3.0814920857408676,28.413729498796148,38.582044834393784,27.840715694996078
Prevotella sp015074785,0.05708950989984575,0.28347023999404103,2.8166908005273124,3.4553513573905383,0.1480687247066306,0.04767164250798963,0.26320963506131995,1.071349421698998,0.01892954657816307,0.2138680395310819,76.18597018136599,0.06012292973415772,0.048218577392640516,0.09314789176550847,17.70870237392436,0.033225007535054925,0.1330268119122141,95.89139994449938,40.089159579783285,150.18787898146056,225.59607957496377,31955376.57578756,0.0717748190468131,0.07006935226854652,0.6021683704517674,0.06134436452484275,2.4099409692886558,12.791967344958595,0.029824550862858793,0.049509064960025134,0.06215873799982358,309.9409349301152,3.488618963550299,1.298225666248963,0.22283486501058747,0.4683968507422841,65.68750860032749,1.523545089935227,0.030324675818581535,0.06302572782216305,0.14422101161564138,0.3578566277511789,0.3945443645310417,1.6532045127659567,0.6647231105835215,0.17309765598158658,0.15851564556090306,25.089167154005775,31904.7187102016,1.5148868895082184,10064.256189479802,2.1695921182071816,27.14754021069791,4.474253485184568,0.04975528678642333,677.0247881658362,5640.238513812464,8078.281938170255,19516.495060880407,0.039976957481852426,0.9933537415691209,0.23584341709259485,0.02431139432816381,7.449517830211001,18.67676361391446,0.47281085309670573,3.1522093424456252,1357033220.509092,729.4933466844793,2.0931917461058154,17188.325085736364,0.00476753733807085,1.0164653735105895,19.95046211818179,11.35422280690924,38.54912887537258,0.0,0.929553523863369,70667.88108511185,6.368112194530903,0.5838315543201746,1.7538882681962626,6.3753137493838805,2.3077622326046643,828.3022498336536,10.904815662507195,35.0255393673365,0.04594347773584394,13.401844696371354,1.5641096584334784,36.14531884915646,6.870915985218601,0.10742074356371646,1.4285125591851453,0.019720645416393054,0.059710115829713986,64.26580580027289,3.6463073709190077,206.22372887805213,137.71287594478375,166.9541742575603,369.1002672940715,0.04925056031387913,13.349546122756093,2934.9037023344576,31.706019032492563,0.4702819745183002,0.05906054576591222,2.2219061372450666,0.07659516632581236,0.07211478330270274,31.962725650446462,0.7352688011738361,3.429072624896495,95.89259020264923,9738.761733058736,0.0709542393230185,0.06519927955403497,19.575097892373023,0.03949192831413937,6.312005691400589,0.18201771732392635,62.689807225859454,0.549112450499537,2.8302004230032365,0.051364079982518955,2.0388457158750852,0.35908885862400536,41.59772686968665,10.160583217870792,0.03503506706859646,10.726987487834103
Prevotella copri,0.8747527044300232,0.6468367162797138,1.891033105112736,2.5305023767051313,0.7824199686059036,0.8833002604853217,0.6670951752438691,0.1443600101640742,0.9397355888489335,0.7164747290058471,75.28235228079717,0.9826381544551716,0.8900931468449096,0.8379687552620906,16.78928892113044,0.9569723155895138,0.7972481684193731,94.98665624197466,39.17709381336247,149.2904482817337,224.70400764265787,31955375.78859251,0.9911160407173736,0.991643563497889,0.3275887068795859,0.9819074033738517,1.4820228516750134,11.873367627645337,0.9480903827278485,0.97162870902638,0.8723586769861517,309.05055544653993,2.5640918287897523,0.36985411834573106,0.7095808764039202,0.46298117195033284,64.78119881344968,0.5953443752089521,0.9583937442302185,0.9892259470311738,0.7859762119745229,0.5741339714599994,0.5354618631653665,0.723663065102769,0.2752523676778073,0.7576103411952279,0.7720835085671882,24.17748883636151,31903.87353613771,0.5864558598198478,10063.400163842856,1.2438514580103066,26.236495168960435,3.551488914915919,0.9766551407592187,676.1433428833892,5639.3773642022825,8077.419708990849,19515.645422404723,0.8939616024888778,0.0658499076910594,0.7021954254258107,0.9520536524531772,6.526045753662233,17.763297618888828,0.4576852362104554,2.227859915601829,1357033219.7475638,728.6115496933667,1.1649019427669407,17187.473749659013,0.9326207257272463,0.08741072273087129,19.034575598093106,10.43452270127568,37.633939014429615,0.929553523863369,0.0,70667.04200724745,5.446061190270781,0.3519034873477235,0.8246444044201832,5.453520189560319,1.3784473649230737,827.4215511916992,9.987713050077089,34.11291443417737,0.9264139867135701,12.482103489449516,0.6380607283555864,35.2367966175852,5.947474288888195,0.8303002938242394,0.5001312912028494,0.9482349579012008,0.8710625681636349,63.362540805353206,2.721513396191822,205.33108441331203,136.81646939564936,166.0595528405157,368.2107353593014,0.8902178114189725,12.43275810761194,2934.035531737132,30.795785997254637,0.4618503327549005,0.9806410514073864,1.2946243368070613,0.8603182817836573,0.9921471904326121,31.048215453568186,0.19700673874220312,2.5008163025110823,94.98555506003774,9737.9062662982,0.991510757809953,0.9905760468216585,18.656780058577652,0.8914152825210522,5.386260349724575,0.7486392984253756,61.77927805752129,0.3845921283618291,1.9017050223621588,0.880115093885175,1.1114898886730897,0.5715839104129323,40.68438678336116,9.237668585173628,0.9639748283435119,9.805302817454152
Paraprevotella clara,70667.83495071172,70667.63089034404,70665.26107227354,70664.65377481152,70667.75222240954,70667.8408171764,70667.64915984696,70666.90558380849,70667.88903725261,70667.69346683193,70593.53972480522,70667.92408068209,70667.84683756884,70667.80381414482,70651.01642204369,70667.90418639212,70667.76540922953,70574.41541384593,70629.17405691308,70520.47817691434,70445.57612991796,31885322.88823979,70667.93013190934,70667.9305643232,70667.33900091758,70667.9233644864,70665.66324435356,70655.68399155862,70667.8963138213,70667.9154854943,70667.83273877982,70362.11912234916,70664.6194864823,70666.69738172948,70667.68940685556,70667.46596195396,70603.97267510364,70666.4879478323,70667.90527013327,70667.92915089775,70667.75582050232,70667.57044230771,70667.52929299576,70666.3877107984,70667.29793268155,70667.73201261627,70667.74205434034,70643.65220231036,38771.63310248122,70666.50677138763,60617.502772656975,70665.8679525592,70641.6392728317,70663.67045439841,70667.91941177173,69996.70753611147,65040.255335767106,62610.24497114755,51163.403344021775,70667.85126193102,70666.98832340338,70667.6822967439,70667.89924799046,70660.87137894671,70649.89906878161,70667.45648270217,70664.9339835093,1356963836.5624561,69944.81388910243,70665.96602265236,53493.29629353833,70667.88310521327,70666.96153691063,70648.74727197409,70657.08257920676,70630.84421162281,70667.88108511185,70667.04200724745,0.0,70661.86785428134,70667.3681655945,70666.28652029691,70661.85628007886,70665.78447155363,69846.45265095921,70657.45671139257,70634.09409595607,70667.87663843141,70655.13317933952,70666.43779764634,70632.8177021356,70661.41704942545,70667.7958616943,70666.58945511986,70667.89706763766,70667.83224043653,70605.15274840321,70664.47605656178,70464.74721639587,70532.61283927126,70503.66341293347,70303.5629543278,70667.84566632977,70655.10734931902,67744.34649320637,70637.19485866302,70667.46237650498,70667.92249454901,70665.831908823,70667.82211753442,70667.930780555,70637.14122925675,70667.22796813966,70664.72669472916,70574.6532528747,60941.577821128565,70667.93044205959,70667.93004446488,70649.19389301582,70667.84748157287,70661.98984101144,70667.7242789302,70607.20868526548,70667.39916303955,70665.28379415903,70667.83991798799,70666.0022104953,70667.56466829932,70627.79327477142,70658.29745356638,70667.90996870844,70657.72849806944
Paraprevotella xylaniphila,6.3146835355947895,6.088832690612514,3.5561198352335968,2.9165828120418977,6.223114944775014,6.32255786430887,6.108951139982645,5.302925018375862,6.377712587908805,6.157885374609214,69.86721348442221,6.41906122308069,6.329131560986986,6.278805458781778,11.344128455366937,6.394760281412304,6.237824298597373,89.56778167694327,33.742476277056426,143.89181234191022,219.32171419503203,31955370.861842565,6.426791682611105,6.427372067862493,5.771037856521107,6.41825649092973,3.968002619547719,6.429872379541252,6.385905185781011,6.408591558796511,6.312148430866782,303.6733428299313,2.8831199412539728,5.077197234176771,6.151507966776158,5.9064157835164055,59.35913563128839,4.8523133093642645,6.396157224718367,6.425409766351816,6.226820181583205,6.018050093584199,5.978028072729073,4.7300050743329445,5.716791324511649,6.199172479184019,6.2125596267507746,18.745683176121656,31898.672410564242,4.8649216324895335,10058.152487628022,4.202564266289441,20.805848379512337,1.8946675707956802,6.413452951513772,670.7964981754872,5634.108461069662,8072.1463859830565,19510.424905184667,6.333375600117475,5.384385638119102,6.1431064473485275,6.389720257312661,1.0842485123651286,12.328865847690512,5.899799130994151,3.218501536249626,1357033214.952114,723.263359757328,4.28689426839399,17182.245942272035,6.370900193543588,5.359326315275724,13.594318797205487,4.989729397461089,32.19336957558519,6.368112194530903,5.446061190270781,70661.86785428134,0.0,5.7952075773033815,4.626648649108898,0.02521176970153445,4.079636768504347,822.0772850405168,4.548704673688249,28.67746687637179,6.363764825001641,7.037033341720106,4.808306711722169,29.81123089479312,0.5097381440477088,6.270357448479988,4.952061298565996,6.38640493913276,6.311242670079282,57.94903400756256,2.7271275121642464,199.94707497514872,131.42126462871082,160.66956743352148,362.8361259428384,6.328708619415174,6.992724280754228,2928.7384148578208,25.366392642727824,5.904217331239616,6.417122275987755,4.153749480846755,6.300208218082447,6.4277216994536355,25.6092005909537,5.642658122669345,2.9585324315679578,89.56073400713939,9732.660948893374,6.427203868577565,6.426607947515971,13.212670244300003,6.330431094049213,0.22340287422286373,6.190397305481581,56.34700481235937,5.829030862242437,3.5535806324806227,6.320064829875711,4.336184240360326,6.014643651367448,35.247044975528794,3.792633760391771,6.401619928659184,4.359322067027374
Alistipes onderdonkii,0.5295092345367206,0.30088044799838304,2.2405027563077193,2.8799348206746727,0.4358835121314385,0.5369122018793119,0.3214998769319761,0.49300863470841766,0.593186259436578,0.3703475785656622,75.62771508845925,0.6392706397083726,0.5465612932540801,0.4921171955139821,17.13807216846012,0.6127028592586754,0.45210106924031124,95.3323115173224,39.524423708341054,149.63424066715368,225.04636597472856,31955376.097171903,0.6485475710376519,0.6486502920216781,0.060365494547994246,0.6387324045268346,1.831914673391992,12.222051851110328,0.6042445550412104,0.6280583406469393,0.5249371927529113,309.39244973796826,2.9141027459283304,0.7211148758994994,0.36685655523648164,0.13167443238874982,65.1272388395097,0.9464607141739275,0.6126379036070116,0.6449496342730793,0.4406784258000363,0.23033524900888638,0.19443557807322212,1.0730396926783057,0.11969921526043951,0.4110997411213355,0.42542565432888035,24.52468574734414,31904.20167685355,0.934023327179424,10063.731774802103,1.5934565726586123,26.5835702970041,3.900635224582809,0.6308278068109736,676.4826934950581,5639.710584201222,8077.753261610419,19515.97500042142,0.546921936267189,0.4132115396107946,0.3522877857850671,0.6062740175007066,6.875183445744874,18.1108098458421,0.11494923694999735,2.5773204062704167,1357033220.0470996,728.9510050595336,1.5133492143015947,17187.803870681884,0.5871230330010988,0.4390744766735789,19.382680002859836,10.783328217993764,37.98190177736886,0.5838315543201746,0.3519034873477235,70667.3681655945,5.7952075773033815,0.0,1.1744509596042774,5.802750368378846,1.7272439647095563,827.7606846725241,10.335843009864474,34.46031399736563,0.5782927849854689,12.83068900218621,0.9873973581879147,35.5833114941735,6.29652040825322,0.48171132603759564,0.8472261369029832,0.6028460206947663,0.524871486236492,63.70776473569033,3.07026559664114,205.6735790584799,137.15996608033498,166.40257758514085,368.55238463756194,0.5428611562823681,12.7807728754924,2934.370920935085,31.142690291805486,0.136043911638109,0.6373961174854158,1.6451538082459152,0.5168958325383535,0.6494660182080999,31.39605344608018,0.1561368682830326,2.850534667500278,95.33175791649901,9738.237700475529,0.6487209212308396,0.6465672062580853,19.005273996347086,0.5462255543314561,5.735730194123823,0.40273931075294495,62.12627903820395,0.03639190240488174,2.2514267857842336,0.5338610697083533,1.461879443738643,0.22984587874392653,41.031992434899784,9.586809670037674,0.6185726030408408,10.154262996638257
Alistipes finegoldii,1.6991272081897553,1.4713187376520045,1.0709005062630994,1.7101746715396637,1.606868953701028,1.7076471984905357,1.491549644339799,0.683085895145518,1.7639583879757161,1.540938040317376,74.47503728723669,1.8065632219541319,1.7142959591179048,1.6624964047565383,15.970679394304867,1.7811504093896389,1.6216821949199782,94.17837826881356,38.36355341388157,148.48774835680194,223.905446700625,31955375.0770967,1.8148201278310352,1.815441299199983,1.1520164989926682,1.8057038956934506,0.6590155793711749,11.055712745039989,1.772220249943691,1.7956291406185156,1.6966672805406111,308.2532802196764,1.7441337337931637,0.45606540271785434,1.5339651902581852,1.2872233611702193,63.971853254374366,0.23271569544100124,1.7825778281476576,1.8131780795208978,1.6104705315667052,1.3984699077412805,1.3599088401311374,0.10506546634335949,1.094869910754981,1.5821646922484283,1.5965093518604971,23.364600096056474,31903.11296205194,0.24362967790892193,10062.63059257955,0.42820086444557715,25.42402950665664,2.732464309151144,1.8007719014508001,675.3531202799421,5638.603575636739,8076.6450311347335,19514.88113717004,1.7183045236826466,0.761588081623248,1.5258665493040828,1.77626812936134,5.705137712760034,16.949301986062153,1.2819550875848502,1.4088176476020053,1357033219.0581737,727.8210376729943,0.3435449058161742,17186.708056454718,1.7569101180782807,0.7376198669771342,18.218587084903575,9.616121919976566,36.81804759093421,1.7538882681962626,0.8246444044201832,70666.28652029691,4.626648649108898,1.1744509596042774,0.0,4.634333689640535,0.5542795617225783,826.6319144792116,9.171532798624371,33.299025027391195,1.7502069733242331,11.663494748373001,0.20132080252012596,34.42607729904738,5.126701594168029,1.6544531047877555,0.32937609726006495,1.772494019426878,1.6955379002781394,62.55558685787325,1.9011633166765576,204.5320894678289,136.0146036364159,165.25904349158245,367.41410830942726,1.714391597661002,11.616527869426143,2933.2560002140235,29.98382508655061,1.2856746355116833,1.8045660865286017,0.4740806260020282,1.6845618733247636,1.8158927294014733,30.23293365444733,1.020521756295506,1.6767772767221927,94.1755120387199,9737.137157232133,1.8152858613439127,1.8144788095161624,17.83892980161997,1.7157111794164976,4.563636256843355,1.5731912501881784,60.96670710594602,1.2081381865898644,1.0775713984273627,1.704510952034134,0.29294646484104414,1.3961055597207335,39.86985423413395,8.416842879837128,1.7881866714205363,8.98538838394383
Alistipes shahii,6.32188432524427,6.096159402083636,3.5638705752759847,2.9243934650212036,6.230403121396885,6.329805310861089,6.116259051591322,5.310447080400389,6.384953343838767,6.165186078019086,69.85827564051577,6.426158263467507,6.336273013696508,6.286040775842329,11.33639566785565,6.401894647142214,6.245060128776255,89.55894471108175,33.73410112737642,143.8825443975796,219.31216465868073,31955370.84906654,6.433860097522229,6.434458132099689,5.778382004110014,6.425346260019611,3.9757699949858787,6.4218489640416925,6.39303058903137,6.415698640668057,6.319436731921812,303.66371933398653,2.890607338635719,5.084658889922943,6.158728210184675,5.913699753215741,59.35036018326294,4.85979315814094,6.4033515476865865,6.432542755037925,6.234065855517111,6.025371109751716,5.985332562924826,4.737714811766199,5.724086252161545,6.206465652663708,6.219858860554457,18.73716363562725,31898.66102080315,4.872702971539154,10058.141454045615,4.2101618867028545,20.797286886606727,1.9024112168888903,6.420657185610201,670.7864603004138,5634.0976088583475,8072.135574006724,19510.41365746875,6.340642056078104,5.3919308908760035,6.150553438958913,6.396924472182804,1.0788875715075505,12.320449002555252,5.907196642248761,3.226151531468711,1357033214.9389405,723.2533386047415,4.294832493574522,17182.234750226326,6.378094833887998,5.366779628591168,13.586161826185162,4.981908930398242,32.18529576059453,6.3753137493838805,5.453520189560319,70661.85628007886,0.02521176970153445,5.802750368378846,4.634333689640535,0.0,4.087665327565373,822.0672150384638,4.540509494614627,28.669143261826015,6.371098889719428,7.029487158021873,4.815857533839947,29.80252608102474,0.5068083479156924,6.277713533209486,4.959832882371846,6.393585266215731,6.318478479203979,57.94006898828214,2.7353331131869503,199.9375610366124,131.41193891081247,160.6601518923082,362.82647002976853,6.336008148509701,6.984697328828003,2928.727826926958,25.357801104599417,5.911460718684907,6.424215947093117,4.161311510435324,6.307356905846469,6.434798237314379,25.601018126552123,5.650143563556527,2.966777035543142,89.55206395631207,9732.649895856322,6.434282367490635,6.4337306273099,13.20486883911783,6.3376298428445415,0.2392450962344131,6.197674221683946,56.33856279639461,5.8365233995410515,3.561573534266069,6.327299245011775,4.343755681786298,6.021931789759574,35.23879230360156,3.7857870253675197,6.40879679260196,4.352121443149119
Alistipes putredinis,2.2530839414293884,2.0250440640911376,0.5318477429130329,1.165358647605147,2.160610736860017,2.26143635705732,2.0453382817375507,1.2365619576454585,2.3176822229994443,2.0947033523488607,73.93608993704284,2.3606489754223228,2.2683698270068287,2.216349162055662,15.423240624028287,2.3351788845638812,2.175600990928169,93.6386461902585,37.81995586489879,147.95213811827412,223.37284731625928,31955374.605514683,2.368959009724097,2.3695355842145265,1.7059661816361489,2.3598360368672577,0.12894512621921622,10.509394545927734,2.326286714562618,2.3497147181606537,2.250312674523971,307.721589628401,1.2006154567385565,1.0102729321779307,2.0879346425450205,1.841180389902104,63.43139892621702,0.7859878103957824,2.336454524224061,2.367180286654785,2.164358161722825,1.9522467265798615,1.9138268669160645,0.6554374953696414,1.6486217363068156,2.1359020994457794,2.15020098352024,22.8217376981295,31902.607350234153,0.7936828805268794,10062.118651842107,0.18395812813633894,24.881473719306577,2.187178261003682,2.354555025829489,674.8265030005076,5638.088655750969,8076.129476005195,19514.372919223784,2.272006451394595,1.314956190420797,2.0788907275582873,2.330110352433956,5.156075164168349,16.40571363570968,1.8354989561749997,0.8682609813217526,1357033218.6017303,727.294208204773,0.22004918158783074,17186.19884793284,2.31080822059144,1.2916005682805998,17.673323411072072,9.06921157518653,36.27255199089983,2.3077622326046643,1.3784473649230737,70665.78447155363,4.079636768504347,1.7272439647095563,0.5542795617225783,4.087665327565373,0.0,826.1057103760686,8.62658080549442,32.7551720225937,2.3035181321991147,11.116087935353978,0.7476190386681301,33.88476419940654,4.57784892449216,2.207821240611295,0.8802110213732862,2.3264248647345367,2.249371901482292,62.016939551027676,1.3547294162394248,203.9991710316678,135.47961800883644,164.725034253055,366.88287107489856,2.267930155962493,11.071229717570837,2932.7370074151436,29.441591498236676,1.8397513780459678,2.358656874791646,0.1298316303255604,2.238613799334906,2.3700000537490777,29.688015292018758,1.5738826696149208,1.1250986127890072,93.63442275555569,9736.62554304681,2.369389559149612,2.368506423765531,17.292042272577206,2.269662334193794,4.013002453763203,2.1270013742412193,60.42374283841841,1.76124311296928,0.5268501669896697,2.2583539621755584,0.2823300466975854,1.9499946196715463,39.32544919033707,7.867623119259284,2.3420956944956473,8.436999494619108
Alistipes_A indistinctus,828.2529395488415,828.038206722198,825.5759330904887,824.948499605549,828.1658723015437,828.2595466266744,828.0573974270237,827.280731303306,828.3108559089384,828.1039834092917,752.4825884104482,828.3485306394064,828.2658421884657,828.2197205952396,810.9035308535587,828.3269004939528,828.1797874051128,732.9359579573459,788.6098360681384,678.504943508183,602.9930037929952,31954575.635352686,828.3551972609052,828.3556875623261,827.7328508884908,828.3477660989954,825.9869410359147,815.7235003620966,828.3185565292458,828.3391909092952,828.2505754630766,518.6860927718551,824.9140442848461,827.0632149396394,828.0990777486254,827.8646784048335,763.0191510278752,826.8451775771523,828.328105949261,828.3540998935132,828.1695708741319,827.9732905678696,827.9318555480116,826.7352625462313,827.6864799899241,828.1440950423654,828.1554033782725,803.4542266136245,31081.670408343703,826.8618910723208,9238.824765611167,826.2057419748296,801.4023843586596,823.9378884200906,828.3434879010929,151.2917740139902,4813.940835413927,7251.701182536018,18692.385360748372,828.2703067474239,827.3642072264583,828.0913698067495,828.3218269997753,821.0370786417926,809.8341080545104,827.8560359230614,825.2406239939754,1357032433.0063484,98.85771203716972,826.299760942249,16363.831080861688,828.3045439623143,827.3376589990748,808.6187524203813,817.1544578451649,790.2409750429902,828.3022498336536,827.4215511916992,69846.45265095921,822.0772850405168,827.7606846725241,826.6319144792116,822.0672150384638,826.1057103760686,0.0,817.5622678947406,793.6387508793249,828.2976936916688,815.1434644128261,826.7966080006415,792.4235829733107,821.6020911225455,828.2114272633708,826.9473715456062,828.3192672043103,828.2499514309056,764.3320513901007,824.7637639590699,622.3610872823002,690.8970582302079,661.6473050163906,459.5614848147843,828.264876913532,815.1476167583367,2107.6293010063573,796.866364292132,827.8614967458274,828.3468017872945,826.1643597347406,828.2393416910099,828.3559398567759,796.7223279423546,827.6140511554014,825.0090569105599,733.0599342677202,8913.460031103821,828.355546717472,828.355098723459,809.0420772728787,828.2667176718525,822.1795771317777,828.1358872264303,766.168315158664,827.7931731799096,825.5887277374991,828.2581345668417,826.3415304710769,827.9682202512732,787.1605708106716,818.3784152203116,828.3331382851575,817.8022256211203
Parabacteroides distasonis,10.852047705855062,10.627490768645359,8.100976787168308,7.462237439285681,10.760947854038239,10.859616057619176,10.647514221989576,9.844496769487268,10.914180618986151,10.696152306953143,65.3219739659237,10.95509241411181,10.866293173643573,10.816552751427556,6.806552289038589,10.931231196182578,10.775616748501132,85.02129701128483,29.194109802978122,139.35193807139188,214.78857302254482,31955366.625505213,10.962648050388065,10.963193027435064,10.311110391744855,10.954293571538354,8.513770148211556,1.8913107436638357,10.922454505926048,10.944813129021107,10.849416506513826,299.14228290271507,7.428656649273295,9.61980876053659,10.690167673881541,10.446309428277376,54.81209609090456,9.395609716644675,10.932511199576703,10.961251603673913,10.764726232264096,10.557680485669447,10.517232168085208,9.275130920538379,10.25830231802955,10.737370158639068,10.750353202967842,14.19740597443148,31894.243442691208,9.40868789986246,10053.693667621988,8.74589856255461,16.257699015420165,6.439846153292422,10.94944780339051,666.2802042979031,5629.636509939432,8067.671708642798,19505.983347784822,10.870443769977555,9.926609630253825,10.681545886388907,10.92606522397186,3.4845693642097313,7.780384484805339,10.439096691243762,7.762937379743082,1357033210.8138692,718.7463115145985,8.832028166748366,17177.79970357292,10.907514069272269,9.901280036718495,9.047358908656511,0.4906499494924993,27.646741913560156,10.904815662507195,9.987713050077089,70657.45671139257,4.548704673688249,10.335843009864474,9.171532798624371,4.540509494614627,8.62658080549442,817.5622678947406,0.0,24.129097850081344,10.90018788788165,2.505088348182537,9.350425934251865,25.26384273190335,4.057566948835786,10.807917433256309,9.495759402914727,10.922938114607767,10.848649203871702,53.40449151654818,7.272767190373238,195.41321404618125,126.88289477472738,156.13324142490183,358.3061562074087,10.865534092085706,2.4451410863783862,2924.249573447961,20.818333388844497,10.44393634906186,10.953195009323672,8.698544929387582,10.837765344537729,10.963531464484234,21.061753249070964,10.18408790332556,7.507008074753271,85.01294483599416,9728.20361857325,10.96303903759271,10.962421954352374,8.670643185620387,10.867434033287125,4.633040042276602,10.728702178483474,51.79856741852415,10.369591805160244,8.101103384220616,10.857368599340576,8.880422952627987,10.553959449295862,30.69912562285384,0.870959652632291,10.93793133567567,0.3938378725763697
Parabacteroides goldsteinii,34.97330062425002,34.75009884232324,32.22893842949741,31.59065051165954,34.8827890873742,34.980733339135476,34.770007253411904,33.969855006468514,35.034798628294965,34.81838238509224,41.23405163144824,35.07506660500012,34.987267185615266,34.9381718010385,17.353366034941494,35.0516250512803,34.89731906588223,60.91609826792603,5.065486096999015,115.29388919967994,190.76993041570654,31955344.201701533,35.08242904397182,35.08298165973694,34.434948741973756,35.07426458055887,32.641871714957965,22.250676288217807,35.04289746767704,35.06495824477315,34.97076695823741,275.1324180484349,31.556737924398075,33.74576604043029,34.81250815630657,34.56980111138597,30.706838362070457,33.52204684867256,35.05294156261135,35.08115698481934,34.886534289477176,34.68097766378926,34.6402680999788,33.4026978431409,34.38293374599719,34.859491554084556,34.872197751831564,9.937185350044913,31870.784624270076,33.535730120871364,10030.07350876762,32.87288133863329,7.88188730517837,30.568437318620234,35.06961116743148,642.3509663423126,5605.945475217789,8043.964992855392,19482.456513948833,34.991588874483675,34.05229501737916,34.80414555258981,35.04651328464111,27.60808084135168,16.34980009502611,34.5624219267048,31.890818781803056,1357033188.9140131,694.8120228649927,32.96000039578496,17154.247514762632,35.0281589117191,34.02669944739352,15.085533573773988,23.69188921394104,3.565806851256714,35.0255393673365,34.11291443417737,70634.09409595607,28.67746687637179,34.46031399736563,33.299025027391195,28.669143261826015,32.7551720225937,793.6387508793249,24.129097850081344,0.0,35.02095483768042,21.649814605871835,33.47644756647014,1.370092593913261,28.1840112300155,34.92963190374139,33.622717415208406,35.04348069989349,34.96999845771991,29.33259021699354,31.401441119076242,171.39151575229258,102.83802513091584,132.09879899469445,334.3011367463903,34.98656918746961,21.68533012497114,2900.467146806711,3.347205472052702,34.56724776794514,35.073193119446955,32.82602480986169,34.95906001585564,35.083290328221906,3.0859086051436413,34.30906143218433,31.635729727701328,60.89441815963717,9704.591645869185,35.08282154350762,35.08228501664952,15.480987366478317,34.98841350144093,28.7563960762092,34.85087677610377,27.67080925852307,34.49391593526618,32.22981211621088,34.97863694565196,33.00764099725531,34.67699443216128,6.57382109197698,24.905451746051227,35.05828824868077,24.331015894120842
Parabacteroides distasonis_A,0.0759908424159543,0.2814231431618816,2.812404199238022,3.451056880887699,0.14781718548579664,0.05598428419052619,0.26202433921139423,1.0672409551378705,0.033420706937974234,0.21293236970713578,76.18140201700903,0.0918836573857031,0.0808154511762045,0.1022306437180005,17.704273915861755,0.07161990497935326,0.13846327263693547,95.88683526647529,40.08461994044381,150.18330672710488,225.59151600147854,31955376.571537696,0.10348286463335366,0.09967582181975373,0.6001886770926096,0.09344795662864912,2.406019944180155,12.787609316455125,0.07236450005061447,0.08432951494131091,0.060742978255307195,309.93636973380393,3.484906748744784,1.2951971664733344,0.22829696916399927,0.4686985645616884,65.6829680015091,1.5205168495612766,0.05447042868919712,0.08664803900437747,0.1486094143352765,0.35747732668593246,0.39359735302083276,1.649611375129711,0.6651715416370051,0.17338075767055158,0.15688306294981236,25.08461951022129,31904.71424375359,1.5100163448174997,10064.25169040232,2.1654576662161067,27.143002552589483,4.46987397345133,0.0635135025182892,677.020228741781,5640.234000769107,8078.277422510069,19516.49058060029,0.04449168656389589,0.9895429860496278,0.22658766317510842,0.04859123088618167,7.444971004566768,18.672174652012732,0.4688395596484745,3.148002644414481,1357033220.5049527,729.4887889074151,2.0883764223169665,17188.320600359377,0.04745932156155808,1.0134918810637703,19.945971830705943,11.349812114448378,38.544579754490975,0.04594347773584394,0.9264139867135701,70667.87663843141,6.363764825001641,0.5782927849854689,1.7502069733242331,6.371098889719428,2.3035181321991147,828.2976936916688,10.90018788788165,35.02095483768042,0.0,13.397178857773726,1.5598997023318255,36.14077012107302,6.866291478364068,0.09777777375690588,1.4236383398823238,0.05479110603817769,0.0715496787106463,64.26119307731953,3.641426120964133,206.2191432993495,137.70828232389212,166.94958389530072,369.0956900769573,0.04007347821867642,13.344827633971994,2934.899171510485,31.70147810520763,0.47144690838179815,0.09205011276960025,2.2185043313360464,0.10047772316410439,0.10264231930091575,31.958199411146285,0.731807601752716,3.4251140688633677,95.88801994106717,9738.757235621317,0.10155282743231629,0.08992441477373408,19.57054738577301,0.06182656896644405,6.307653490850934,0.18370901909176948,62.68524982801725,0.544537871087069,2.826271120718367,0.06416843491947496,2.035290029415247,0.3594604919553331,41.59319090418554,10.156072535290718,0.061715383473742745,10.722437665715791
Parabacteroides gordonii,13.348804181274085,13.12356571623199,10.5928597875282,9.953423386673814,13.25742987039641,13.356462619713321,13.14364977680891,12.338850179877793,13.411268181347467,13.192430321189343,62.859933940700515,13.452453264437741,13.363169788739135,13.313118857517729,4.308148435792835,13.428398705125874,13.272161861142783,82.55490570689514,26.715193886511255,136.9003205160038,212.34746332144135,31955364.430489045,13.460088156770992,13.460640308443786,12.806468341663798,13.451654275058393,11.004921164209952,0.6250031465094288,13.419595704638612,13.44209496195149,13.346134092132768,296.7038485281219,9.920057147179458,12.113586757691447,13.186326302675475,12.941810355001532,52.34443116106001,11.888914766948728,13.429683483600495,13.458667178128357,13.261215007802079,13.053293756458492,13.013064560454886,11.766870184322332,12.752858424228195,13.23368979902581,13.246839481546285,11.728175803399703,31891.90532070276,11.901325649166573,10051.329967679558,11.239013445974965,13.788752301739219,8.931240866920543,13.446750944996989,663.860056340859,5627.260973293826,8065.293559667582,19503.634635697683,13.367266964065609,12.420577220613996,13.177564249022508,13.423235328460276,5.961692625807697,5.31650084105984,12.934788592108115,10.25516085977599,1357033208.6844382,716.3252251078351,11.32341753204921,17175.446980500998,13.404585213821228,12.39549282616338,6.564807759414476,2.04868346824473,25.15939071902802,13.401844696371354,12.482103489449516,70655.13317933952,7.037033341720106,12.83068900218621,11.663494748373001,7.029487158021873,11.116087935353978,815.1434644128261,2.505088348182537,21.649814605871835,13.397178857773726,0.0,11.844382528162194,22.797413391319967,6.539055699330832,13.304435027892046,11.988458800257064,13.420051919156423,13.345361652745622,50.94501690533698,9.763314350490628,192.97116765447657,124.43418608638265,153.6876390692525,355.8691072155339,13.36241881444393,0.27127246172837405,2921.8580614116413,18.348656551879714,12.939541961182677,13.450540732736936,11.190659803965037,13.334464257775236,13.460986385631525,18.57756103514662,12.678589356622714,9.993771570661794,82.54117725324271,9725.841243299497,13.460483337701273,13.459853933763712,6.176453437203464,13.36434352996223,7.109165814142706,13.224988178968795,49.32058911355159,12.864550682853434,10.590077298255203,13.354123519726823,11.372972532700365,13.049754475017995,28.21635364354746,3.2559520883677,13.43513418733016,2.6817233492958343
Parabacteroides merdae,1.5099826788051725,1.2825504836302175,1.2533994353709996,1.8927871112330548,1.4176502087857823,1.5180039409595831,1.3028188157171166,0.49468364752483457,1.5738661603074684,1.352004536347343,74.64844840984453,1.6165475597349364,1.5250860143323979,1.4735316754644197,16.151682650207828,1.5914077641148288,1.4326233668203967,94.35235874103552,38.54076787501313,148.65867252812177,224.07428594060497,31955375.214091856,1.624768472690272,1.6252554857597907,0.9639593480543994,1.615808024913267,0.8462953792733351,11.235913219897629,1.5825609557950164,1.6057593504866,1.5071988283310174,308.4214977500508,1.926793110918437,0.27138299243283787,1.3457479332420614,1.099740178932291,64.14645011698875,0.06630350446483814,1.5926051245390849,1.6228904561626294,1.4214523478034973,1.2110737528356887,1.1715401465122315,0.12521725593954147,0.9108048939311469,1.3932918057838337,1.407135042340245,23.541327894889353,31903.266066213266,0.08560363439954811,10062.787050867295,0.6061753628246886,25.600492774482326,2.913674476078088,1.6103599308615706,675.5180676559011,5638.7616679524435,8076.803482518409,19515.035604581026,1.5286984698911246,0.5763739383292099,1.3369186274012297,1.586163491473648,5.888234294565304,17.126720545376326,1.0929692379990734,1.5901010779327793,1357033219.188736,727.9861177073641,0.5309666635082081,17186.863048601375,1.5670571276889906,0.5516166027644951,18.39748793909207,9.796914443706697,36.99690665819997,1.5641096584334784,0.6380607283555864,70666.43779764634,4.808306711722169,0.9873973581879147,0.20132080252012596,4.815857533839947,0.7476190386681301,826.7966080006415,9.350425934251865,33.47644756647014,1.5598997023318255,11.844382528162194,0.0,34.601457951764814,5.309626059607108,1.465006668748965,0.1572477566813103,1.5826859483308704,1.5062930771122935,62.72876170657501,2.0836306368212507,204.70113085140034,136.1850803967599,165.42883485524138,367.58201194152576,1.524340021560591,11.795461929020515,2933.4163918069,30.159978987353178,1.0980870275419796,1.6145903755930373,0.6590775364969926,1.495721027333464,1.6257174373426637,30.411347335254863,0.8345085105108045,1.8653456115594675,94.35053704402979,9737.293438866898,1.6251329906179695,1.624206333275184,18.019256899587724,1.526175444397813,4.748911602772786,1.384491261926492,61.143301224563736,1.0211239166175738,1.2667816158984233,1.5152393394826718,0.4758408360181531,1.208091144291366,40.04775194076662,8.59987330854193,1.598193402917576,9.167491159193945
Parabacteroides johnsonii,36.093486185505405,35.87138872478234,33.35709684326384,32.71997730508022,36.00342938448986,36.10080256546077,35.891201781628524,35.093934343816564,36.154493211837355,35.939348477179806,40.06304405613447,36.194354561151954,36.107279953399946,36.058632369517596,18.515005488260144,36.17119007429638,36.017864684146026,59.75828969076225,4.007336462315422,114.11143808904153,189.5751295454627,31955342.890188463,36.2016034428263,36.2021501372305,35.55742929335513,36.19355505669623,33.770241169885075,23.392926760737755,36.16250819845679,36.184361267188926,36.09100156723031,273.93589721917755,32.685880553608825,34.87065829873246,35.933609682878824,35.691953992852206,29.54838547916059,34.64762775919144,36.17250535842443,36.200375422956434,36.007161178547264,35.80287563711234,35.761972239201434,34.52984497035924,35.506302504150185,35.98035367752243,35.992845214868865,11.069336646328866,31869.515087472395,34.66193590028544,10028.817924112047,33.9993215669456,9.008761839823284,31.698602074874373,36.18898732801408,641.1366717362808,5604.697256645807,8042.718687247902,19481.192439132552,36.11166785656956,35.176678923997365,35.92540945448597,36.166091502936865,28.746914815369326,17.485170720174754,35.684377429623275,33.01902480600544,1357033187.5974162,693.598849695495,34.0878754255835,17152.98563061376,36.147884680814855,35.150858083065906,16.236657713335653,24.83348667388007,2.7729093716177085,36.14531884915646,35.2367966175852,70632.8177021356,29.81123089479312,35.5833114941735,34.42607729904738,29.80252608102474,33.88476419940654,792.4235829733107,25.26384273190335,1.370092593913261,36.14077012107302,22.797413391319967,34.601457951764814,0.0,29.321152055703838,36.0501538942508,34.74877766495252,36.16312996569201,36.09024175993972,28.150333851510453,32.53141753898834,170.19736955053773,101.65004794171107,130.9079920681055,333.10363315186856,36.10657743691617,22.823859968284438,2899.229973224863,4.450487933334778,35.68927995261581,36.192501434478814,33.95338120452991,36.07932013163699,36.20244684712299,4.333637100636848,35.432609258965556,32.76814801192637,59.749796848415144,9703.335252361874,36.20199151240602,36.20148033691234,16.645056379580108,36.108395745629146,29.895447525067574,35.97178960383678,26.548234890507832,35.6167589922547,33.360238256576814,36.09881747673793,34.13444476383295,35.79869065665759,5.543652989010093,26.051608559223254,36.17780421544202,25.475909108699987
Parabacteroides timonensis,6.817372982884066,6.591053124153763,4.056652164791017,3.4170843907685127,6.725550347335371,6.825204037572047,6.611225473001936,5.804264544726959,6.880466760735142,6.660223770191722,69.37913514582756,6.922211583977024,6.831998102861367,6.781355249056391,10.846058131212649,6.897749913474085,6.740384280957731,89.07860922168437,33.24924491893104,143.40707277924736,218.84009065329235,31955370.440979183,6.9300339731012635,6.930588723158219,6.273014919153064,6.921412082006818,4.467791484114498,5.934519524541336,6.888906140220263,6.9116863714167085,6.814648233362191,303.1925737617491,3.384368479545586,5.5784509599383805,6.653952408132457,6.408522764239297,58.869397673549045,5.353399181171814,6.899025932639987,6.928513281529181,6.72934174765035,6.520070602155157,6.480221121422903,5.229848760492199,6.218445347049371,6.701529871981171,6.714983188899143,18.25419044699737,31898.218044854242,5.365049204060288,10057.691761639655,4.70366989112318,20.314623379940045,2.396772207281084,6.916373066798611,670.3209081806149,5633.644728480562,8071.681994323082,19509.967925870566,6.8359633110983244,5.885438479361611,6.645034036592228,6.8925820096428145,0.5788126192671443,11.837072339488833,6.401786087117275,3.7196956518862128,1357033214.5458484,722.7875324846775,4.786315879485376,17181.78796670291,6.873738657247664,5.860694384397588,13.09965669199116,4.493400897457515,31.69764692554856,6.870915985218601,5.947474288888195,70661.41704942545,0.5097381440477088,6.29652040825322,5.126701594168029,0.5068083479156924,4.57784892449216,821.6020911225455,4.057566948835786,28.1840112300155,6.866291478364068,6.539055699330832,5.309626059607108,29.321152055703838,0.0,6.77265128028935,5.452198552751045,6.889278104512215,6.813847423676709,57.46146725444726,3.226618829782526,199.46513667826807,130.93726943442567,160.18654097563467,362.35578151665646,6.831277518983651,6.499092526626842,2928.2705528561637,24.87530707666322,6.406453050421972,6.920274178511012,4.6543983674974045,6.802980216869871,6.930963401984254,25.114407475998508,6.143980348852997,3.45502473983152,89.06996860011628,9732.200554379851,6.9304343349733,6.929739651490177,12.715371904626387,6.833198426827249,0.5800454124987847,6.692771513820543,55.85422837497683,6.330483437196764,4.051802313574388,6.82268299351656,4.836964525899445,6.516838097376586,34.75272320016533,3.2904225437170496,6.904538369927928,3.859281601856543
Butyricimonas virosa,0.06473934904040919,0.18478777644493588,2.717956576357561,3.3568674658903026,0.054005203662648556,0.06129522329460418,0.1655911168100986,0.9716553636271995,0.11354901000648703,0.11680254379132957,76.09164537702823,0.16712867365523548,0.08765255547672152,0.04115607569275937,17.611581107159516,0.13983509773640848,0.053113218018435264,95.79690311700921,39.99339621551812,150.09455263564968,225.50358387781677,31955376.49692554,0.17826250833450247,0.17684043351892312,0.5039636384053365,0.1674474131572985,2.3108870668985206,12.695025982333176,0.1336517510306026,0.1562020513206471,0.04635053629971228,309.8486956387807,3.390676240295736,1.1995037214508801,0.134731175185495,0.37210577605558703,65.59275756679813,1.4249523594195128,0.13468412768805144,0.1694018667710657,0.05949303370946607,0.26038465640058256,0.2972223637059924,1.5535697245310016,0.5682781607306737,0.07788948399121721,0.06196288246076739,24.993427489954975,31904.632702978597,1.414407335797393,10064.16876130544,2.070848282964721,27.0519273139012,4.376228402024043,0.1518712870962859,676.9338572858145,5640.150401651148,8078.193678970758,19516.40847331438,0.06804166538653468,0.8933492048125206,0.13027427602110736,0.12819311405300174,7.351324836757437,18.580642670593623,0.3727338694137929,3.053871962536177,1357033220.4332266,729.4023673677298,1.9931318130225868,17188.238275938576,0.11107923146466424,0.9174542924713872,19.853986009553154,11.25700438662857,38.45278751171824,0.10742074356371646,0.8303002938242394,70667.7958616943,6.270357448479988,0.48171132603759564,1.6544531047877555,6.277713533209486,2.207821240611295,828.2114272633708,10.807917433256309,34.92963190374139,0.09777777375690588,13.304435027892046,1.465006668748965,36.0501538942508,6.77265128028935,0.0,1.3278904333625663,0.126549322171603,0.05446166423398778,64.17149453988291,3.547352297691382,206.13112843061174,137.61968814787576,166.86126675578402,369.00814619784586,0.06289572711854323,13.252667203645274,2934.8146371072517,31.610557772470383,0.3752087425724614,0.1658651293366928,2.123412621194779,0.07212523910197571,0.17862285473127829,31.86651689432043,0.6351480284106591,3.329950335426335,95.79770868046853,9738.67437892683,0.17761826355642,0.17172195487853317,19.478106529747155,0.07615270642866366,6.21339837400401,0.08874970866904916,62.594322862516485,0.4476975553839076,2.730983119295134,0.061375470154387664,1.9401824698058614,0.26282416278279325,41.50174031082146,10.062590872770485,0.14133519016574328,10.629239585126045
Odoribacter splanchnicus,1.373992706647575,1.145559457490354,1.3961375993879381,2.0356910194538878,1.2810977598588127,1.3819842849940431,1.1659518316797919,0.35813008001654384,1.438182741471942,1.2152498831437883,74.79662550858225,1.482107622537364,1.3897451444043727,1.3371045624855946,16.295918543087996,1.4563744008772213,1.296438609639397,94.50030166775034,38.68718621481717,148.80778005619572,224.2240546405809,31955375.363352206,1.490671510918186,1.491095888513392,0.8273153442331547,1.4813675891637927,0.9860107320691209,11.380707769200841,1.4475972938590778,1.4711124450331896,1.3706418931630213,308.57144030193814,2.070423848558766,0.14372074972577426,1.2093015608580373,0.9628936068337522,64.29414070955865,0.12053867583155399,1.45720065374867,1.4883347400111204,1.2851541420768993,1.073221218670605,1.0348373852799488,0.22954189083809554,0.7725478746322717,1.2564321232786861,1.2706291286142744,23.68797749037082,31903.41779413032,0.08716455017041869,10062.938757761727,0.7508133943757686,25.74728875124802,3.0575648277492546,1.4752405966884041,675.6687845074791,5638.913291799711,8076.955072282919,19515.187347803643,1.3924165998771372,0.4359056251168817,1.1987767165711478,1.4508155836275995,6.030776804011762,17.27296380505189,0.9558823943379919,1.7339181699579242,1357033219.3359153,728.136807743322,0.6665574474738393,17187.01478875871,1.4316054616191338,0.41427006282577866,18.542986514407975,9.94127438186138,37.14240530558808,1.4285125591851453,0.5001312912028494,70666.58945511986,4.952061298565996,0.8472261369029832,0.32937609726006495,4.959832882371846,0.8802110213732862,826.9473715456062,9.495759402914727,33.622717415208406,1.4236383398823238,11.988458800257064,0.1572477566813103,34.74877766495252,5.452198552751045,1.3278904333625663,0.0,1.4472777678914395,1.3700260817096497,62.877002078929806,2.225760005642178,204.85082721071407,136.33432404493527,165.5783008369185,367.73203109970916,1.3882026440376445,11.94071135628813,2933.567814550859,30.306930543654456,0.961927509894734,1.480155811166826,0.8011550670354748,1.3600424289926996,1.4916580438055216,30.55711637826327,0.6946256639179186,2.003771898578532,94.49801559781955,9737.445151929514,1.4910187173025924,1.4897465089049071,18.163832569433946,1.3905346581704907,4.889926477036548,1.2476796058652857,61.29003226817989,0.8814231533214198,1.4047186502479845,1.3789976032655231,0.6183916189923957,1.0711458774063414,40.19380697506033,8.742557815754573,1.462943807364335,9.3108203815172
Barnesiella intestinihominis,0.07480509142078011,0.3023081020128828,2.8351697065979105,3.4737787552029253,0.16704194981426435,0.06661446162800372,0.28194934692423146,1.0900476166955089,0.021777884285008597,0.23269074270006884,76.203627605267,0.04213302116448091,0.06322672535597489,0.11192342712067659,17.726868967909713,0.01780761992126558,0.15155593918762159,95.90908784428414,40.10707715363753,150.20535459011737,225.61340412009366,31955376.59058337,0.05384699249066336,0.052036526054797486,0.6207924781498246,0.04290437733642352,2.4284800399286994,12.810110578955808,0.019708969000135763,0.03206026602290546,0.0808696478720515,309.95821239391125,3.5069862322972667,1.3167757316672493,0.2412301529911016,0.48696239887000997,65.70524467076959,1.542082902006757,0.013325869777460973,0.04408739867523601,0.16291327690777987,0.3764697841525768,0.41315075834245946,1.6718797419809175,0.683034355653471,0.19207940145729135,0.17759404035186108,25.10708391002154,31904.73483830209,1.5336284620237814,10064.272580986515,2.188087325248174,27.16543356462899,4.492603141944309,0.034109214342544755,677.041825477943,5640.255031857226,8078.29848323792,19516.51129664448,0.05864581308833009,1.0120990654793232,0.2550893812312523,0.011880040351760317,7.467873355939614,18.69474685499084,0.49169932667784966,3.1706270725045624,1357033220.5233269,729.5103929510562,2.111866468170435,17188.34136269421,0.016217677853807868,1.0350867367051937,19.968511803340927,11.372409810094831,38.56714821921449,0.019720645416393054,0.9482349579012008,70667.89706763766,6.38640493913276,0.6028460206947663,1.772494019426878,6.393585266215731,2.3264248647345367,828.3192672043103,10.922938114607767,35.04348069989349,0.05479110603817769,13.420051919156423,1.5826859483308704,36.16312996569201,6.889278104512215,0.126549322171603,1.4472777678914395,0.0,0.07861290454508767,64.28345943608606,3.6647931060977563,206.24107154281774,137.73032562103157,166.97157290479862,369.11752233193215,0.0674146777773843,13.36766040352622,2934.9203963680857,31.72388397842836,0.48869599843088307,0.04154130705876687,2.2404026011951577,0.09318375205701851,0.054459779326765316,31.980722738292066,0.7540685034508919,3.4476221890470464,95.9103471378471,9738.778110862058,0.05321336246591245,0.04627214557181249,19.593234470611744,0.057162033491071636,6.33042928905497,0.20082295248018556,62.70767336431609,0.5680685474164335,2.848763606727964,0.0697956999837911,2.0573749435856983,0.37774996739694,41.61568374695085,10.178898882520476,0.016621572112051026,10.745259540117527
Parasutterella excrementihominis,0.012678607696493717,0.22459973770701788,2.7591441977607976,3.397971415104029,0.08928455023244904,0.017121972069658688,0.2042998042827728,1.013102409820091,0.07174099728350046,0.1549434063577857,76.13144529618985,0.11710225522245676,0.03441485813159935,0.0339492956620497,17.65229032807835,0.08940280479872512,0.07434206724511606,95.83676276137105,40.03369036498741,150.13399679128676,225.54272337781333,31955376.530774202,0.12772348012411636,0.1271747581626499,0.5436797726772724,0.11711770958159147,2.351982203545608,12.735639046641356,0.08204313680308545,0.10569351843123505,0.01971491575730561,309.88774284359374,3.431299241073046,1.2400090075668795,0.16430979804427373,0.40972203116816275,65.63269582697691,1.4654258200082302,0.08905276707813704,0.12204072282539158,0.0853648961855195,0.298620696964609,0.3358719522548801,1.5946887369873752,0.605845976972747,0.11388979340585534,0.1000980482241865,25.033717577641188,31904.669387617032,1.4564916714128358,10064.205996423427,2.111961523564758,27.092167546456725,4.417225408160789,0.10869288029918861,676.972422997295,5640.187899640586,8078.231232925045,19516.445383431954,0.027604111911230085,0.934724913400323,0.1780115809221656,0.08320952553854875,7.3924587904865735,18.621085753192478,0.4143450363929271,3.094886255124387,1357033220.4658601,729.4409500903457,2.0350388956071193,17188.27527214885,0.06327668614732464,0.9580272956442808,19.89450371125197,11.297737207324548,38.49328788407399,0.059710115829713986,0.8710625681636349,70667.83224043653,6.311242670079282,0.524871486236492,1.6955379002781394,6.318478479203979,2.249371901482292,828.2499514309056,10.848649203871702,34.96999845771991,0.0715496787106463,13.345361652745622,1.5062930771122935,36.09024175993972,6.813847423676709,0.05446166423398778,1.3700260817096497,0.07861290454508767,0.0,64.21131142401507,3.588920627302804,206.17031659299204,137.6590926913702,166.90056848392413,369.0471561450886,0.03577331348186458,13.293438548598395,2934.8524990771525,31.650746219221,0.41183499543932567,0.11550595739377985,2.1640608868149354,0.03257643497923846,0.1286032459723638,31.906959307510075,0.6763795787865596,3.3710896583533714,95.83770790887479,9738.711585473358,0.1275951304657583,0.12388714651773251,19.51883180659569,0.02452317476663107,6.2545642727683415,0.12275218084623753,62.634528377592424,0.4900599766155785,2.772135439222496,0.011275047712539921,1.980973823831813,0.30024902714297685,41.542110584568434,10.103636408599398,0.09459184557932923,10.670222592440478
Escherichia coli,64.21451070586238,63.993811829599295,61.48826298905143,60.85258586598062,64.12500753947924,64.22164577283513,64.01351161764443,63.219943408325115,64.2748391163807,64.06135609364563,11.920758135123418,64.31427564350604,64.22812522237649,64.17998865250307,46.66507989450443,64.29144215571603,64.13935778094775,31.629657493885702,24.28685411025305,85.96295745762528,161.43919950004076,31955316.1160943,64.32139999995346,64.32192712944925,63.68144871285307,64.3134870819433,61.90140281074714,51.53855258926657,64.28283128581602,64.30442524389177,64.21201936335291,245.80240667176665,60.818422784402784,62.9977363315319,64.05583741837644,63.815543131124514,1.7072123588013934,62.775567368356626,64.29271228901406,64.32018231428772,64.12875249431613,63.92606799742344,63.884977943097276,62.659378490844276,63.6313939755536,64.10221114774986,64.11442994424277,39.21789520245793,31841.767265407707,62.79036068738789,10000.937565579932,62.128461521435824,37.157881045837534,59.83250096538086,64.30894183943269,613.0426218296924,5576.762150986721,8014.771050538217,19453.387630573114,64.23249739374224,63.302966012097365,64.04766017080298,64.28631506629632,56.88857379884533,45.63049853877403,63.807660623911374,61.150444571396825,1357033161.3569407,665.5014318436703,62.21827628463772,17125.159917977344,64.26831051681776,63.276968143719046,44.38655099945788,52.97825574874449,25.912342059780265,64.26580580027289,63.362540805353206,70605.15274840321,57.94903400756256,63.70776473569033,62.55558685787325,57.94006898828214,62.016939551027676,764.3320513901007,53.40449151654818,29.33259021699354,64.26119307731953,50.94501690533698,62.72876170657501,28.150333851510453,57.46146725444726,64.17149453988291,62.877002078929806,64.28345943608606,64.21131142401507,0.0,60.664592628248734,142.06051155744956,73.50569220031555,102.76678553212611,304.97163066472234,64.22729792344707,50.96772713610132,2871.2281051358673,32.600753470425666,63.812755454067336,64.31245108775191,62.08351172779813,64.2004772629459,64.3222154865542,32.418141825421294,63.55783657746372,60.9034353293648,31.656844997055106,9675.461518730073,64.32177492006544,64.32126579663489,44.79477986868421,64.22916509050164,58.03682866366019,64.09372664640908,2.788233113971876,63.741051729611186,61.49350523398583,64.21980590222189,62.26390714251209,63.92167119348136,22.831175354363,54.197911411115925,64.29795995875635,53.62185631726061
Escherichia fergusonii,3.59259587496819,3.365633310090288,0.8311275746108256,0.1963022302128769,3.500393459392056,3.6003595196318128,3.3858846794837376,2.578144004324221,3.655814920512443,3.434949021545932,72.58362309444698,3.6982353001823243,3.6075209991292487,3.556348165766913,14.070858119552533,3.6734608794663757,3.5154143684017116,92.2858309795944,36.46627255714166,146.60162218482986,222.0246565038323,31955373.351780664,3.7062600480774646,3.7067488215116358,3.0474553910926705,3.697480036665829,1.242912459239721,9.156413432225708,3.6646442000596595,3.687602922939948,3.589607534309821,306.3741748190991,0.18237733439685513,2.3527610515740114,3.428887060990912,3.1831533811876818,62.07832597973321,2.1278998627572263,3.674557813957249,3.7044613891172227,3.5043057969872065,3.2945167628838314,3.2548370364850805,2.004392918412886,2.993219929813109,3.476256582731794,3.4898093768668104,21.468070280565165,31901.293280649952,2.1386059211981325,10060.795051701072,1.4779286944533578,23.52785930105714,0.8342421187553523,3.692001302523215,673.4840943351654,5636.760826899862,8074.800795088424,19513.054841021585,3.6110383473735825,2.6592203298511827,3.4193303724009745,3.668089732096525,3.805269010620312,15.051932759295136,3.1761035761242047,0.4964784522627656,1357033217.378321,725.9515722652174,1.5602260256712246,17184.879276928677,3.649190918248493,2.63481845834269,16.319832301484425,7.716478311988782,34.91910377285884,3.6463073709190077,2.721513396191822,70664.47605656178,2.7271275121642464,3.07026559664114,1.9011633166765576,2.7353331131869503,1.3547294162394248,824.7637639590699,7.272767190373238,31.401441119076242,3.641426120964133,9.763314350490628,2.0836306368212507,32.53141753898834,3.226618829782526,3.547352297691382,2.225760005642178,3.6647931060977563,3.588920627302804,60.664592628248734,0.0,202.65070151257228,134.12953839339434,163.3756879515741,365.53585348216535,3.6063586076942977,9.717415565732114,2931.4037024495265,28.08803481838215,3.181309631008371,3.6962995546850865,1.4297198253120684,3.578367768965572,3.7071752242382257,28.334447932819735,2.9178509312570498,0.26870392942857835,92.28112612573206,9735.302417469364,3.7066217328826463,3.7057445020077284,15.939132764125775,3.608544544147869,2.6666524291096647,3.4675335261041433,59.070088862282034,3.104334218375421,0.8317554042188975,3.5977952982756953,1.611612712193642,3.29145842002275,37.971809569502014,6.517036994820339,3.680136742877469,7.085270449952207
Escherichia ruysiae,206.17340664426573,205.95554414746164,203.46940110951132,202.83723991428798,206.0850638777939,206.18027547088423,205.97500264623855,205.1892404956737,206.23255069870203,206.022251458633,130.17817558657222,206.2711041040079,206.18666018479803,206.13952424057666,188.70618186158583,206.248877820702,206.09920229778194,110.58587242537955,166.34627429566535,56.145602689819405,19.37926854891958,31955179.64955687,206.2779929380322,206.27850244556504,205.646435756747,206.27032621789712,203.88188231812146,193.5588476413846,206.24039361878343,206.26151050041827,206.1709835519483,103.74311722131446,202.80288575538486,204.969184328699,206.01704086106255,205.77951420787028,140.71733724129078,204.74888128566283,206.25011935472554,206.27684303276027,206.0887872111866,205.88918771678374,205.84786424184634,204.6357686949776,205.59821986544983,206.0627717878526,206.0745298048452,181.25420991265884,31701.023046522532,204.76468254088348,9859.673976151751,204.1049969165118,179.19674362320836,201.82092017543343,206.2659233553196,471.070262378622,5435.296994505015,7873.253172723032,19312.41607334228,206.19109628620114,205.27259178024116,206.00910908689684,206.24377448975062,198.8955756582837,187.65556483233738,205.77123451744643,203.13250798882729,1357033027.3647845,523.515846741034,204.19704270013023,16984.1058049781,206.2261249339998,205.2462764681294,186.4239049559268,194.9954681715216,167.9638988709144,206.22372887805213,205.33108441331203,70464.74721639587,199.94707497514872,205.6735790584799,204.5320894678289,199.9375610366124,203.9991710316678,622.3610872823002,195.41321404618125,171.39151575229258,206.2191432993495,192.97116765447657,204.70113085140034,170.19736955053773,199.46513667826807,206.13112843061174,204.85082721071407,206.24107154281774,206.17031659299204,142.06051155744956,202.65070151257228,0.0,68.56194459697753,39.29864066806736,162.91314290802993,206.1857674185923,192.9852549643596,2729.528886361024,174.6466314213911,205.77651520294063,206.26932713673935,204.06180156706782,206.15957959719375,206.27877075259647,174.47694565149132,205.52517090051066,202.8929772624307,110.70200467303346,9534.224384095149,206.27835549688308,206.27788207089841,186.83863537782182,206.18761886364166,200.04198296050248,206.05441997031318,143.84390210074378,205.70649204078254,203.4784402040266,206.1786590909853,204.24075378480725,205.88443179932196,164.88320062341967,196.21798097960274,206.255260234058,195.64147408916008
Escherichia sp005843885,137.6622184960338,137.44335955195663,134.95010578108548,134.31661065240306,137.57346921249984,137.66917797001219,137.46290290343273,136.67433917643544,137.72177060688176,137.51036193165683,61.61712012992987,137.76062136884448,137.6755926182519,137.62811642040896,120.16280919935956,137.73819073273694,137.58768024611066,42.04340281008902,97.78966019717893,12.490059048170258,87.9408668045968,31955245.697858356,137.76758811257278,137.76810410276732,137.13308696333445,137.7598393726341,135.36289972932693,125.0241052184223,137.72966173879314,137.7509410355003,137.65977445011285,172.3046720488985,134.28230946221709,136.4535049922699,137.5050456463528,137.2665369886665,72.15612938647969,136.2325208215175,137.73944373640524,137.7664180798891,137.57719967524517,137.37652471862438,137.33526673231987,136.11834523674793,137.0842421970887,137.5510044900318,137.56291801548818,112.71206074282993,31769.040216956764,136.24799133533259,9927.919573962217,135.5874031107303,110.65341665734101,133.29879374002633,137.75539200587497,539.6055717936449,5503.628885628636,7941.60895446488,19380.53397152042,137.68001295198366,136.7576011638626,137.49703563199174,137.73307964737774,130.36642906430558,119.11830268869754,137.258390315854,134.61282441779693,1357033092.2519703,592.0568781003501,135.67871612584318,17052.260138321893,137.71530803184982,136.7313836499646,117.8818922704916,126.46205258254112,99.40462729577959,137.71287594478375,136.81646939564936,70532.61283927126,131.42126462871082,137.15996608033498,136.0146036364159,131.41193891081247,135.47961800883644,690.8970582302079,126.88289477472738,102.83802513091584,137.70828232389212,124.43418608638265,136.1850803967599,101.65004794171107,130.93726943442567,137.61968814787576,136.33432404493527,137.73032562103157,137.6590926913702,73.50569220031555,134.12953839339434,68.56194459697753,0.0,29.263741282908985,231.47482466075346,137.67472513187545,124.4514446675388,2797.9588448758045,106.10016682448759,137.2636060298975,137.75882810874975,135.54360034545792,137.64831781026652,137.76837856126312,105.92342378196831,137.01101067571534,134.37067529272545,42.19330708968872,9602.458237465673,137.76795513780428,137.76747154155663,118.29395210614938,137.67658004574824,131.51367822740187,137.5426060153876,75.28371661193282,137.1930117034034,134.95784727661677,137.66748766116766,135.72308335892413,137.37188558524204,96.3240786794329,127.68368053420355,137.74462087820135,127.10726833365113
Escherichia coli_E,166.90367722380773,166.68529171019276,164.1953830704133,163.56251002809051,166.8151209757853,166.91059289477096,166.70479483361734,165.91755577849113,166.96303385665317,166.75215395851308,90.88074071646543,167.00174242395178,166.9169935042357,166.86968001745643,149.41917801705281,166.9794098731635,166.829297567169,71.29140731755325,127.05173819516006,16.870054502550374,58.67739107006486,31955217.538520705,167.00867173011343,167.009184524299,166.3755704721964,167.00096250099068,164.60803900788227,154.2765133960023,166.97090223765292,166.99210373931467,166.9012429901445,143.04099426789645,163.52818270250606,165.69708953842974,166.74688869829828,166.50884582038418,101.41977284284812,165.4764262129384,166.98065729883626,167.00751131456443,166.818848231092,166.61868580736325,166.57739462141885,165.3627581707433,166.32702782397814,166.79273891114318,166.80457759927504,141.96774370578578,31740.02405982179,165.49205587442262,9898.802123315132,164.8318818106822,139.90962070653813,162.54538278882438,166.9965361283544,510.3559209893886,5474.472746444165,7912.442359482646,19351.47328174218,166.9214214257259,166.00086359108775,166.73891562379495,166.9743021487197,159.61629608521486,148.37178918098584,166.5006343146244,163.8582784609759,1357033064.5939395,562.8046594541461,164.92354928330403,17023.183316323462,166.95658899526805,165.97459825965913,147.13759513572487,155.7138616491079,128.66771628868304,166.9541742575603,166.0595528405157,70503.66341293347,160.66956743352148,166.40257758514085,165.25904349158245,160.6601518923082,164.725034253055,661.6473050163906,156.13324142490183,132.09879899469445,166.94958389530072,153.6876390692525,165.42883485524138,130.9079920681055,160.18654097563467,166.86126675578402,165.5783008369185,166.97157290479862,166.90056848392413,102.76678553212611,163.3756879515741,39.29864066806736,29.263741282908985,0.0,202.21115674790715,166.91611327772193,153.70339890312576,2768.758369238079,135.35777388595392,166.5058819711714,166.99995697832946,164.78836973503581,166.889811678851,167.00945599965883,135.18423368435882,166.25388133724425,163.61737727710718,71.41720346918761,9573.34597101632,167.00903653210986,167.00855784349193,147.55090082764266,166.91796698606439,160.76317161632272,166.7843627559035,104.54552952771314,166.4355605066483,164.20374725768033,166.9089384370329,164.96760298038242,166.613989978532,125.58711920072095,156.9359318777984,166.98581708310692,156.35946371332523
Escherichia albertii,369.050217421045,368.83317970865744,366.3529936258545,365.72195466371403,368.96221191125926,369.0570148107168,368.8525678472107,368.06914119988016,369.10903085653706,368.8996428311789,293.09119731349955,369.14734251116283,369.0633737060761,369.0165138492484,351.60881942675246,369.125280582918,368.9762902378439,273.48837921138124,329.25756293900247,219.04563952358615,143.53418637025285,31955022.829430237,369.15416897353936,369.1546735893106,368.525040854942,369.14656792919976,366.76516545595433,356.455155166512,369.1168332905762,369.1378186875982,369.0478118955871,59.1702905974805,365.6875637980233,367.8497282407288,368.8945146701131,368.65780265852845,303.6302847637179,367.6299924117162,369.12651351060083,369.153035623258,368.96592849777704,368.76720891367245,368.7258436115912,367.51772061117964,368.4773212789946,368.94005896631575,368.9516935842438,344.1566040817041,31539.47558458313,367.6460475323992,9697.579020200523,366.98717454917823,342.10003469018926,364.7069308098866,369.14220188100535,308.2921254990496,5272.996982899487,7710.884385151686,19150.627153948088,369.06782201454286,368.1525454779481,368.88664705739444,369.12018544400627,361.7872375463527,350.55419747011484,368.6494223873224,366.0164526808753,1357032873.3226902,360.70461684566675,367.07976881328415,16822.22875121575,369.10263483043394,368.1261590251103,349.32581926007674,357.8906820318179,330.876192426182,369.1002672940715,368.2107353593014,70303.5629543278,362.8361259428384,368.55238463756194,367.41410830942726,362.82647002976853,366.88287107489856,459.5614848147843,358.3061562074087,334.3011367463903,369.0956900769573,355.8691072155339,367.58201194152576,333.10363315186856,362.35578151665646,369.00814619784586,367.73203109970916,369.11752233193215,369.0471561450886,304.97163066472234,365.53585348216535,162.91314290802993,231.47482466075346,202.21115674790715,0.0,369.0624630286964,355.8809663892951,2566.991547960333,337.5521373840874,368.6547510733519,369.1455785976608,366.9444532356863,369.0364500986763,369.15493700430744,337.3864736769189,368.4044308572341,365.77895466894586,273.5900478731585,9372.159521320229,369.1545281331462,369.15406315324486,349.7422631549956,369.06431048250886,362.93287398549137,368.9317451279649,306.7543424219453,368.58518760418184,366.3630226367747,369.0554558731332,367.122966348582,368.76236330492645,327.79550891869684,359.11369470282983,369.1316247669538,358.53718295956446
Hafnia alvei,0.04337903213908658,0.24435667005517933,2.7770424409772785,3.415772237004248,0.10968672840779838,0.022161803682800393,0.2247287148023919,1.0314719176965588,0.05192669491488262,0.1753766525117148,76.14747652277866,0.10793384285345373,0.055204984070291674,0.06351625971653008,17.669453474436278,0.08209269685854159,0.09940239737080299,95.8528567511776,40.05024920173122,150.14969327081135,225.55815994685366,31955376.5427349,0.1194563673062102,0.11710735817043068,0.5634606451630065,0.10914957898029554,2.3704007393834083,12.752786023639526,0.07773372565968178,0.09781116285305194,0.025308881681586275,309.9030968688873,3.4494156677837746,1.2591153855302208,0.1891633285254153,0.4310897745375491,65.64889618098194,1.4844546295833927,0.07435823298222091,0.10840544248910222,0.10949443474273396,0.3202357094208281,0.3563902089035149,1.6136830552466614,0.6278837300266542,0.13520582814509047,0.1190023125803742,25.050254509442905,31904.68300905294,1.4746046494740468,10064.21998287948,2.1299849443379575,27.10866939410131,4.434747680643421,0.0896012766672438,676.9873778050958,5640.20206719012,8078.245441020453,19516.45915225488,0.017663643043741212,0.953596400844729,0.19229290305145336,0.06687370897814725,7.409928965063199,18.637722656759536,0.43263771678476753,3.1126843078646873,1357033220.4771905,729.4559211682694,2.053028622622041,17188.28909806663,0.05243322451187612,0.9772881190687619,19.91136407802165,11.314948948631002,38.510051885890626,0.04925056031387913,0.8902178114189725,70667.84566632977,6.328708619415174,0.5428611562823681,1.714391597661002,6.336008148509701,2.267930155962493,828.264876913532,10.865534092085706,34.98656918746961,0.04007347821867642,13.36241881444393,1.524340021560591,36.10657743691617,6.831277518983651,0.06289572711854323,1.3882026440376445,0.0674146777773843,0.03577331348186458,64.22729792344707,3.6063586076942977,206.1857674185923,137.67472513187545,166.91611327772193,369.0624630286964,0.0,13.310236168459776,2934.866925035734,31.667193062083314,0.43364519869535145,0.10701375714544278,2.1826857374637956,0.06608606244777748,0.11916573350000274,31.92369371996143,0.6956484305269239,3.3895157669233185,95.85392961203137,9738.725552590182,0.11817788005993032,0.11102850502697498,19.53583653769268,0.03562859429945131,6.2724168167716385,0.14534253165137326,62.65097270598519,0.5087171088562744,2.7906395079038306,0.03228767884654534,1.9995020730765904,0.32174140901208687,41.55875504510705,10.121072710568555,0.0809113801210054,10.687520279593855
Klebsiella pneumoniae,13.296849990383578,13.072372571404486,10.545926277776504,9.907103489573096,13.205764222349162,13.304369477654129,13.09239643377953,12.289514218363337,13.358870930788816,13.141008019797702,62.884266925825024,13.399790324559365,13.311093614581887,13.261374513514074,4.367303264936771,13.375960935419176,13.220451424752236,82.58196440642094,26.750543613124233,136.91911791933288,212.36113625692218,31955364.378194034,13.407338921112474,13.407873156694304,12.75610727898725,13.399000305934711,10.958681548537587,0.5877285711773658,13.3671972800334,13.389528506100667,13.294171932985925,296.716325052982,9.873599368657388,12.064895146979465,13.135081351587122,12.891305809625303,52.37215864786309,11.840698077259953,13.37721060056005,13.405920016463693,13.20956609978659,13.002643695502755,12.962175177445374,11.72009831741217,12.703391306680901,13.182216046827328,13.19516022468881,11.755812062862626,31891.88330698121,11.853637129056523,10051.315207597843,11.19094246201913,13.816396335583653,8.884682211960266,13.394100409434278,663.8647241457638,5627.249848752621,8065.283290376144,19503.61553242847,13.315187022541398,12.371640432263604,13.126337340533961,13.370758635058026,5.923929243207547,5.33883424055788,12.884005071314492,10.207923948941664,1357033208.6221976,716.3302831319526,11.27687257488216,17175.42901374258,13.352239684879832,12.346344447417538,6.602828160457182,2.012496912423625,25.20190775724035,13.349546122756093,12.43275810761194,70655.10734931902,6.992724280754228,12.7807728754924,11.616527869426143,6.984697328828003,11.071229717570837,815.1476167583367,2.4451410863783862,21.68533012497114,13.344827633971994,0.27127246172837405,11.795461929020515,22.823859968284438,6.499092526626842,13.252667203645274,11.94071135628813,13.36766040352622,13.293438548598395,50.96772713610132,9.717415565732114,192.9852549643596,124.4514446675388,153.70339890312576,355.8809663892951,13.310236168459776,0.0,2921.8521763888057,18.377080100861075,12.888936651251509,13.397897537088715,11.1435739433342,13.282598502944728,13.40821275382482,18.617192829194956,12.62910316763238,9.951091186592967,82.57169231815725,9725.826086999405,13.40772200088523,13.407091754946588,6.227269212391201,13.312203363733387,7.072765134802545,13.173565983073445,49.35538363106959,12.814543947092417,10.545683576920837,13.302150945488826,11.325467428863638,12.99890923630113,28.254833023206036,3.234332637489104,13.382630116988995,2.657448788805965
Akkermansia muciniphila,2934.85539521181,2934.643899233989,2932.208258894032,2931.5864178726183,2934.7696428356294,2934.8617533668516,2934.66281197438,2933.895920979679,2934.9120963466726,2934.7087079750922,2859.4342323756564,2934.948930205635,2934.867967813526,2934.8228319771597,2917.6510693331284,2934.9278658078465,2934.783334960678,2839.9878284657607,2895.4646220771306,2785.6271061131447,2710.19346900885,31952510.355175387,2934.955392343609,2934.955862817364,2934.342546485728,2934.948180584956,2932.617112959567,2922.429427042393,2934.9196666230646,2934.939832684249,2934.853079234655,2626.026840790082,2931.551948507143,2933.6811578742672,2934.7040915651605,2934.472980727225,2869.955124940517,2933.46562258503,2934.9290305171385,2934.9543346392993,2934.7733155264136,2934.5804054264445,2934.5389641944976,2933.358835705796,2934.2979362110573,2934.748368063734,2934.7592536857805,2910.216094634828,28977.54693556439,2933.483112375981,7132.286893329123,2932.8315115624955,2908.1733307557784,2930.5830459768727,2934.9440077800245,2258.769232060468,2706.828400908938,5144.203773046409,16587.0864626091,2934.8724317305246,2933.9793371034334,2934.6965766501185,2934.9228245365816,2927.7109627915984,2916.563718850217,2934.464020483851,2931.8750629696206,1357030395.756724,2206.446435927746,2932.92714781164,14258.111617874514,2934.905903467995,2933.952641281863,2915.367181985204,2923.852301166683,2897.111068814805,2934.9037023344576,2934.035531737132,67744.34649320637,2928.7384148578208,2934.370920935085,2933.2560002140235,2928.727826926958,2932.7370074151436,2107.6293010063573,2924.249573447961,2900.467146806711,2934.899171510485,2921.8580614116413,2933.4163918069,2899.229973224863,2928.2705528561637,2934.8146371072517,2933.567814550859,2934.9203963680857,2934.8524990771525,2871.2281051358673,2931.4037024495265,2729.528886361024,2797.9588448758045,2768.758369238079,2566.991547960333,2934.866925035734,2921.8521763888057,0.0,2903.659199188461,2934.469647727302,2934.94724789252,2932.7918889396183,2934.842035308297,2934.9561023085716,2903.544341271249,2934.226197022148,2931.651373869764,2840.146131493391,6807.102483663397,2934.9557284257667,2934.955297807746,2915.7990061237806,2934.868762085393,2928.847636771283,2934.7403077049776,2873.136433472314,2934.402963592899,2932.224518830228,2934.860523476438,2932.9670702858907,2934.5750707202947,2894.0348171547,2925.0756226286353,2934.933957402142,2924.5007239145857
Akkermansia muciniphila_B,31.654010237153642,31.431452527024334,28.914378609772594,28.276804967255455,31.563767901424004,31.661383008771125,31.451303874192444,30.652845315379896,31.71523635148716,31.49954794183949,44.51288452951398,31.755253850938615,31.667870187718414,31.619042977659486,14.0645798648438,31.731974289305914,31.578236268660593,64.20644942563797,8.389769625238673,118.56184471910548,194.02425907378532,31955347.12818314,31.76254831740399,31.76309958019257,31.116986282208142,31.754452375374758,29.327472186461264,18.94524969020292,31.723270914314877,31.745211854103204,31.651518230634466,278.38463574075695,28.242754762212982,30.42923058942553,31.493741790930077,31.251645630240816,33.995950755911224,30.205923520914098,31.73329866822684,31.761309533246727,31.567499219357476,31.362683668003275,31.321854416264575,30.08756688267369,31.06549767208277,31.540598329586153,31.553181852086002,6.621327113966719,31873.905109065894,30.22002894100585,10033.228457904619,29.557265029984283,4.560728795985508,27.255071495251844,31.749863618324397,645.5798913900662,5609.116243434099,8047.139518133702,19485.591291202858,31.672248356074725,30.735477527822663,31.48550919607419,31.726879284912286,24.30056044001797,13.038380663003577,31.244164670829647,28.57626236431633,1357033191.7516174,698.04250802843,29.645325426130004,17157.387712729047,31.708606731614527,30.709732453884374,11.78671269853168,20.386099650763967,6.9114129137507705,31.706019032492563,30.795785997254637,70637.19485866302,25.366392642727824,31.142690291805486,29.98382508655061,25.357801104599417,29.441591498236676,796.866364292132,20.818333388844497,3.347205472052702,31.70147810520763,18.348656551879714,30.159978987353178,4.450487933334778,24.87530707666322,31.610557772470383,30.306930543654456,31.72388397842836,31.650746219221,32.600753470425666,28.08803481838215,174.6466314213911,106.10016682448759,135.35777388595392,337.5521373840874,31.667193062083314,18.377080100861075,2903.659199188461,0.0,31.24901629162037,31.753391469747665,29.51097702637492,31.639805673744522,31.763400266232797,0.8077497345587829,30.991747433141928,28.323950485713066,64.19480164283603,9707.744775922112,31.762939473419607,31.762422972245613,12.19464824368228,31.669006293512027,25.44911435060178,31.532010082509444,30.983791497950826,31.17619415296207,28.916734992122866,31.65934904643436,29.692256580664232,31.358576413140693,9.909887665546902,21.603356490689034,31.7386158009094,21.027868269573396
Erysipelatoclostridium ramosum,0.4147734710787717,0.19081533326397654,2.3507859210489364,2.989859948646183,0.3245828608929276,0.4248217691301949,0.20995277699431425,0.6050587498055864,0.4816816675066705,0.2589509504764382,75.7327050918559,0.5222909607351722,0.42923351668694926,0.3783963246614053,17.24642990640705,0.49668111287911226,0.3377238697929222,95.43752462980655,39.63115715247942,149.73803883685238,225.14916381691026,31955376.184017003,0.5306320191498881,0.5314016069422007,0.1357402474137282,0.5214994226059194,1.9425410938943624,12.330076733327939,0.48757605628766065,0.5111986316140557,0.4148879954952768,309.4949470422548,3.022818987706462,0.8300878933174407,0.248700453669778,0.012001620552748263,65.23273225821849,1.0553776212392605,0.49937489351969094,0.5296330514694356,0.3265644401646663,0.11774512216248462,0.07967527210123108,1.1846986879344055,0.19626160545601615,0.29946903628454896,0.3148638937330677,24.631345283404677,31904.296804459427,1.0482866699458022,10063.828570238613,1.7035547262790949,26.690069689815918,4.009965016558006,0.5182545788119147,676.5836338196953,5639.808185111359,8077.851037355832,19516.070808241206,0.43596612842046223,0.526224349760392,0.2534997980053941,0.4932356461820258,6.984981936464238,18.21794509225136,0.05343298849001846,2.6869168588294903,1357033220.1305134,729.0520028807074,1.6264077032663726,17187.8999393801,0.4733005393852502,0.5483175430532871,19.49023240577628,10.891741217424297,38.08937974180088,0.4702819745183002,0.4618503327549005,70667.46237650498,5.904217331239616,0.136043911638109,1.2856746355116833,5.911460718684907,1.8397513780459678,827.8614967458274,10.44393634906186,34.56724776794514,0.47144690838179815,12.939541961182677,1.0980870275419796,35.68927995261581,6.406453050421972,0.3752087425724614,0.961927509894734,0.48869599843088307,0.41183499543932567,63.812755454067336,3.181309631008371,205.77651520294063,137.2636060298975,166.5058819711714,368.6547510733519,0.43364519869535145,12.888936651251509,2934.469647727302,31.24901629162037,0.0,0.5202068972241685,1.754422272487301,0.3992498123318517,0.5318123813345227,31.503330503853306,0.2697375664429041,2.96136681634703,95.43745288590385,9738.334408677107,0.5311673856697824,0.5308582005218873,19.11354238549065,0.4318012221110054,5.846006047941336,0.2897927064323094,62.232700515163074,0.10163018972832015,2.3623928433822625,0.42101463063455474,1.5715071440941648,0.1126719089658627,41.13901160583521,9.696344016875802,0.5046245537570967,10.263483042746815
Catenibacterium sp000437715,0.1098253607335907,0.33666611641884225,2.866606120881696,3.5050182476390948,0.20285079873488163,0.1051280169349861,0.3162404506558979,1.1225537126575638,0.059818964958415516,0.2675070370493393,76.23261497930874,0.0032558693756326905,0.09209013122516513,0.14705856581217322,17.757166229992393,0.026682246119435316,0.1858503587699029,95.93814556719758,40.13671251398853,150.23391039299224,225.64161253917587,31955376.61378934,0.013773115483949529,0.012762059317871837,0.6532276734795924,0.01327111918182618,2.4601538728491703,12.840335023237763,0.03391977579575583,0.010358440796836838,0.12062999365058116,309.9863148585754,3.5378917208533616,1.3486203607186342,0.273220147926302,0.5189927230206545,65.73441490086643,1.5737098746297093,0.03950765356436336,0.019937975597041174,0.19716758990584485,0.4099878371102918,0.44610616603281933,1.7040656696957868,0.7148067464727966,0.22726893288431435,0.21339003666536505,25.136727105090394,31904.760549676535,1.5663839693032984,10064.298815686821,2.2196314053568322,27.195014920236936,4.523527822392014,0.037470811133911756,677.0694028116955,5640.2815223249545,8078.32502989231,19516.537220510334,0.09881711829758939,1.0448812258120688,0.29262628475921726,0.04373245030639075,7.498808110319628,18.724588278381294,0.5253620505449911,3.2018016385075376,1357033220.5455291,729.5379889842732,2.1441953735033783,17188.36736840187,0.055322424731523066,1.067299415665465,19.998501402298917,11.402791738041149,38.59705307277889,0.05906054576591222,0.9806410514073864,70667.92249454901,6.417122275987755,0.6373961174854158,1.8045660865286017,6.424215947093117,2.358656874791646,828.3468017872945,10.953195009323672,35.073193119446955,0.09205011276960025,13.450540732736936,1.6145903755930373,36.192501434478814,6.920274178511012,0.1658651293366928,1.480155811166826,0.04154130705876687,0.11550595739377985,64.31245108775191,3.6962995546850865,206.26932713673935,137.75882810874975,166.99995697832946,369.1455785976608,0.10701375714544278,13.397897537088715,2934.94724789252,31.753391469747665,0.5202068972241685,0.0,2.271752022222371,0.12295470046293952,0.014078530951662786,32.010570204650904,0.7872604308367236,3.4791941738048915,95.93957341649684,9738.804318037315,0.012667194364634994,0.018703201467399514,19.623478833587768,0.09303286131112817,6.3616111841580345,0.23538388655499193,62.73717299891343,0.6023425082570432,2.8804658264565406,0.10760641173538468,2.088854465704565,0.41045698573282485,41.64541996047592,10.209692511146175,0.03130496871713906,10.775926069683937
Catenibacterium mitsuokai,2.167516578184433,1.9404132757589347,0.5988777203621987,1.2376840123997521,2.0756087141774304,2.175987995329977,1.960593896740595,1.1523561689953024,2.2319875530831625,2.0098661449728357,74.0028671938513,2.2737585290517237,2.1822050835202345,2.1311385694859966,15.497684864673452,2.2487808968691465,2.0902290608236176,93.70602921253484,37.890549156521594,148.01653376227966,223.4352630191673,31955374.642620634,2.2817805587458224,2.282421979536956,1.6211373567303087,2.272965234441806,0.19043077143445294,10.582579943131334,2.2398215159809807,2.2629933616302327,2.1653564214832697,307.78344075351555,1.2708092540204405,0.9250438278558191,2.0026929736776973,1.756344750468682,63.49932600450385,0.6995086232688328,2.250474406389397,2.2804561264915613,2.0790734232877828,1.8682079519628951,1.8289487883801216,0.5774447567753616,1.5650154858538103,2.051108196896365,2.0651854192450037,22.891667282255916,31902.65622350625,0.7143745798033875,10062.170233933623,0.07212173554179652,24.951130960611458,2.2595849249806244,2.2683710666893804,674.8853768161252,5638.141591808067,8076.18271874581,19514.422882031467,2.1867960705847014,1.2325641854367941,1.9954145983788203,2.244090117932271,5.232784633550294,16.476323091230803,1.751059461462941,0.9360231832759184,1357033218.6346705,727.3532014586018,0.1527506833818603,17186.249234484683,2.2248354705339812,1.2075817358393528,17.745478363744734,9.143103829098239,36.34495849114228,2.2219061372450666,1.2946243368070613,70665.831908823,4.153749480846755,1.6451538082459152,0.4740806260020282,4.161311510435324,0.1298316303255604,826.1643597347406,8.698544929387582,32.82602480986169,2.2185043313360464,11.190659803965037,0.6590775364969926,33.95338120452991,4.6543983674974045,2.123412621194779,0.8011550670354748,2.2404026011951577,2.1640608868149354,62.08351172779813,1.4297198253120684,204.06180156706782,135.54360034545792,164.78836973503581,366.9444532356863,2.1826857374637956,11.1435739433342,2932.7918889396183,29.51097702637492,1.754422272487301,2.271752022222371,0.0,2.152707841261117,2.282793041580691,29.759845443931457,1.4912919432431544,1.207587224944419,93.70288776552253,9736.676979806869,2.282226597402255,2.28169494920013,17.365929316650675,2.183842125209641,4.092112249765671,2.042141362948143,60.49378198001181,1.6787210954528557,0.6097544527750447,2.173044434629888,0.18339352947262189,1.8652219548419222,39.39678941452444,7.944415208617279,2.2559521565966962,8.512721838486682
Holdemania filiformis,0.026601779366397328,0.21679396417852545,2.7482863484718147,3.3870448950045,0.08726229024226562,0.046339478930759334,0.19628611066171148,1.0028476451335187,0.09285723520295319,0.1484149738064743,76.12057568922796,0.12512676257919494,0.031204535942063814,0.03359961592401265,17.64121645641158,0.09886500243079782,0.06756224751050594,95.8258758448083,40.02272385014313,150.1231952550773,225.5319784957449,31955376.521264113,0.13419631197959317,0.13498113372986836,0.5328525514888234,0.12491308362905497,2.3409573988337957,12.724547021304359,0.08970123574519313,0.11372405563364583,0.051528559242145756,309.877018741741,3.419973411286617,1.22881157991273,0.15121631211699743,0.3977956165647249,65.62177995530794,1.4540734493401397,0.10545584730659609,0.13379451408383078,0.07821567408169244,0.2883780045523786,0.3255097925217458,1.5836809873036508,0.5932337832324739,0.10860046116071723,0.09814612584853429,25.02277445217275,31904.659193114603,1.4464473195283045,10064.195674684403,2.101126606076315,27.08122158525706,4.406280724010558,0.12550987234958347,676.9618059440181,5640.177517853942,8078.22083854344,19516.435136538505,0.056969473354476774,0.924387731376932,0.17840713083184084,0.10031856302272393,7.381523931964435,18.610167439702824,0.4056425061022727,3.083928211043361,1357033220.456655,729.4303274042641,2.024706384782043,17188.265005342753,0.07940963923053902,0.9470596567404906,19.883494352040273,11.286685145550502,38.48229873733793,0.07659516632581236,0.8603182817836573,70667.82211753442,6.300208218082447,0.5168958325383535,1.6845618733247636,6.307356905846469,2.238613799334906,828.2393416910099,10.837765344537729,34.95906001585564,0.10047772316410439,13.334464257775236,1.495721027333464,36.07932013163699,6.802980216869871,0.07212523910197571,1.3600424289926996,0.09318375205701851,0.03257643497923846,64.2004772629459,3.578367768965572,206.15957959719375,137.64831781026652,166.889811678851,369.0364500986763,0.06608606244777748,13.282598502944728,2934.842035308297,31.639805673744522,0.3992498123318517,0.12295470046293952,2.152707841261117,0.0,0.13556051669832528,31.895967370657807,0.6662970156084326,3.359935394295481,95.82679944088954,9738.7012702519,0.13469785822938068,0.13491788173207525,19.507843221797895,0.04196352807775317,6.243527315402018,0.11537324230639863,62.623579838769736,0.4815236415970942,2.7610431609747685,0.03907292569133039,1.9697685306222326,0.2891736286573892,41.53112832546901,10.09264265137853,0.1091355454614308,10.659255779237887
Holdemanella biformis,0.12282654665671594,0.3487974923682045,2.877538404382064,3.515860595736836,0.215338455777613,0.11791730611690658,0.328400933246097,1.1339547295623633,0.071427509827583,0.2797932794284294,76.24238470610771,0.013033629618739032,0.10467191244607216,0.1599876950919,17.76756419764176,0.0404508416824832,0.198283137939171,95.94794798836905,40.14678190611502,150.24348770192069,225.65103902660766,31955376.62123607,0.0067226000689462485,0.004102065232832692,0.6648139481399005,0.018836134763055862,2.4712627186482354,12.850706336021965,0.04723333561120409,0.023889445831446674,0.13355575240395323,309.99569506889503,3.548676386442636,1.3599069928588734,0.28533897197235836,0.5307212182004408,65.74427166820224,1.584916561447029,0.05090200646303632,0.021216415078365195,0.20958388868752612,0.42216429629862884,0.4579231144297247,1.7154826842874595,0.7265293139995731,0.2397794607313421,0.2257810936258131,25.146797201654017,31904.768947026343,1.5778288409813996,10064.307420579444,2.2306223336335003,27.205057760124863,4.53421324888509,0.043874767033738035,677.0785582577676,5640.29023002583,8078.333760700935,19516.545701697032,0.11172788785823452,1.056470797685554,0.30518196606644044,0.05512580974436802,7.509484644734217,18.734741194112175,0.5371431316036495,3.212624019568241,1357033220.5526114,729.5471527257594,2.155467708530715,17188.375882052336,0.06818703731449406,1.0787441163714515,20.008741949889526,11.413227473955276,38.60724734570683,0.07211478330270274,0.9921471904326121,70667.930780555,6.4277216994536355,0.6494660182080999,1.8158927294014733,6.434798237314379,2.3700000537490777,828.3559398567759,10.963531464484234,35.083290328221906,0.10264231930091575,13.460986385631525,1.6257174373426637,36.20244684712299,6.930963401984254,0.17862285473127829,1.4916580438055216,0.054459779326765316,0.1286032459723638,64.3222154865542,3.7071752242382257,206.27877075259647,137.76837856126312,167.00945599965883,369.15493700430744,0.11916573350000274,13.40821275382482,2934.9561023085716,31.763400266232797,0.5318123813345227,0.014078530951662786,2.282793041580691,0.13556051669832528,0.0,32.02073992330661,0.799062298944648,3.4902784784114047,95.94945170133033,9738.812911927638,0.0019622703215349444,0.01848339914073712,19.63383056315745,0.10582076848374812,6.3724394918873815,0.247848483405549,62.74717808907274,0.6144150384002237,2.891607245565015,0.1207561429919713,2.0999277862907393,0.4223984615564395,41.65553717751455,10.220311409479427,0.04285761275566106,10.78647567170348
Streptococcus salivarius,31.910272530197386,31.68658568677998,29.16255797509739,28.523838088605043,31.819580539701168,31.917794482094983,31.706531060058776,30.905117124558725,31.972052072904418,31.75501636557068,44.31850811158539,32.01245634301142,31.924299715552937,31.875020194509418,14.276896470199214,31.98888695282421,31.83412995801557,63.99816250637092,8.143471178075618,118.37895415332679,193.8553255855916,31955347.160172265,32.01986411899441,32.02042982783214,31.37087192629671,32.01164776736531,29.57528020539562,19.18032788118427,31.980130666439752,32.00229151133134,31.907761793429646,278.2177742580838,28.48994385226911,30.680617184638365,31.749026154779884,31.505838013134255,33.789899885445855,30.456595464958422,31.990236511082294,32.01860346292572,31.823308619531485,31.61714366608913,31.57654261535986,30.3365434380229,31.318361519651585,31.79616900647519,31.80899475510166,6.887489654829982,31873.839527840963,30.470076333852354,10033.140438523285,29.807190480136704,4.848229997872091,27.501449892798078,32.007013521304025,645.4347163004016,5609.017162374156,8047.0376905829735,19485.51666049481,31.928652946592333,30.987381800488393,31.740702146679574,31.983807708001464,24.537839409460126,13.286418054592222,31.498629603697548,28.824471067440413,1357033191.817239,697.8959452653056,29.893662257400667,17157.309556497967,31.965370284820853,30.961869512598028,12.014917348228485,20.621396854070408,6.5876858858565654,31.962725650446462,31.048215453568186,70637.14122925675,25.6092005909537,31.39605344608018,30.23293365444733,25.601018126552123,29.688015292018758,796.7223279423546,21.061753249070964,3.0859086051436413,31.958199411146285,18.57756103514662,30.411347335254863,4.333637100636848,25.114407475998508,31.86651689432043,30.55711637826327,31.980722738292066,31.906959307510075,32.418141825421294,28.334447932819735,174.47694565149132,105.92342378196831,135.18423368435882,337.3864736769189,31.92369371996143,18.617192829194956,2903.544341271249,0.8077497345587829,31.503330503853306,32.010570204650904,29.759845443931457,31.895967370657807,32.02073992330661,0.0,31.244507150822887,28.56743356296052,63.97351722565492,9707.657996005242,32.020265024374126,32.019738172950454,12.404628320616228,31.925493344449208,25.6857515308366,31.787519075677327,30.745866531615988,31.42970403458749,29.162327516870505,31.915629186858016,29.941710940984912,31.613256032626964,9.638923075554464,21.83273088531127,31.99559941783812,21.25899116703537
Streptococcus sp001556435,0.6803133916836208,0.4519830949160182,2.0875555406677595,2.7270630091322245,0.5876554337438731,0.6887724333936336,0.4723160476455187,0.33993580477355956,0.7453725770501523,0.5216758969490467,75.47770120900738,0.7892364123066955,0.696225752737356,0.6432430554909778,16.985836917631087,0.7631291340353843,0.6027823947851056,95.18212756597045,39.37321355973007,149.48511845111292,224.8980278905836,31955375.965232294,0.7980178932993297,0.7984561455714625,0.1360723932640439,0.7885340818790414,1.6783851867415358,12.069896854426247,0.7543481239461163,0.7780862436000928,0.677469368334917,309.24436247062044,2.760833362868874,0.5665795322994118,0.5153148395989505,0.2696151503118557,64.97682417276307,0.7920483329697737,0.764205700500637,0.7956583643325004,0.5914359472447112,0.3788923947256881,0.3413267182560604,0.9190294473022825,0.095173946843366,0.5626560566281763,0.577376654939167,24.373558646610118,31904.060522843214,0.7813919609268025,10063.588927819075,1.4404251493622953,26.432519695842025,3.748068544223482,0.7826526019480924,676.3359484387053,5639.566942755567,8077.609453786771,19515.833148292826,0.6992274311149534,0.25905952501028096,0.5067016662228812,0.7579158431924778,6.722578440257215,17.959480187234945,0.26360149835508506,2.4244694817262893,1357033219.919302,728.8042050909633,1.360585916822517,17187.661753675882,0.7384434106818009,0.28408495336025175,19.2309474853449,10.63107190420585,37.83027238701859,0.7352688011738361,0.19700673874220312,70667.22796813966,5.642658122669345,0.1561368682830326,1.020521756295506,5.650143563556527,1.5738826696149208,827.6140511554014,10.18408790332556,34.30906143218433,0.731807601752716,12.678589356622714,0.8345085105108045,35.432609258965556,6.143980348852997,0.6351480284106591,0.6946256639179186,0.7540685034508919,0.6763795787865596,63.55783657746372,2.9178509312570498,205.52517090051066,137.01101067571534,166.25388133724425,368.4044308572341,0.6956484305269239,12.62910316763238,2934.226197022148,30.991747433141928,0.2697375664429041,0.7872604308367236,1.4912919432431544,0.6662970156084326,0.799062298944648,31.244507150822887,0.0,2.697015869011787,95.18125053279792,9738.094940358758,0.7983764894181625,0.7970934736311072,18.853258113067916,0.6971890492904055,5.5827265768599625,0.5537568008566768,61.97528066987858,0.1881672251658261,2.0978545210464996,0.6854399309937196,1.3081397850187655,0.3771511515646657,40.880602874426266,9.434222212278366,0.7698946627583378,10.00185099049336
Streptococcus thermophilus,3.374645525113053,3.1471601303569794,0.6197726678062987,0.1449110681345163,3.2824946034648734,3.3830112437318314,3.16739927142375,2.358454439258237,3.4390281959427242,3.2167031571103877,72.82209876617685,3.481195262562,3.3895040305405053,3.3381511252115033,14.300442509821805,3.4561210037237116,3.2972849013846375,92.52362570299236,36.700685971724944,146.84231355094332,222.2670579226563,31955373.601960987,3.489267210448158,3.4898904973011584,2.827899998021501,3.480394596363772,1.0192203170497625,9.387729350872027,3.4471837664041267,3.470403196601005,3.372187060157658,306.6170349431823,0.16419540074463265,2.1314616797390387,3.209702360613764,2.963141542879772,62.3155664380123,1.906003138506721,3.45764947424801,3.487821158964444,3.28609998869663,3.074760597368221,3.0357953667220556,1.7789639623200009,2.7709582689013623,3.2579463066360166,3.272047124121072,21.703520537117978,31901.543538832353,1.9168576179099555,10061.044336179504,1.2612447898096097,23.763544736286462,1.073746833579089,3.475537933608797,673.729241371013,5637.009504384286,8075.0493115559675,19513.30474706748,3.3937238637991696,2.4380068293307335,3.2014676797154134,3.451260782022424,4.032772034587996,15.286949567227618,2.957603024545405,0.3125022772597148,1357033217.6264162,726.1966251496746,1.3378132734401331,17185.129031032957,3.4320321835513434,2.413802971879381,16.55256663025223,7.947154540795614,35.15137641244848,3.429072624896495,2.5008163025110823,70664.72669472916,2.9585324315679578,2.850534667500278,1.6767772767221927,2.966777035543142,1.1250986127890072,825.0090569105599,7.507008074753271,31.635729727701328,3.4251140688633677,9.993771570661794,1.8653456115594675,32.76814801192637,3.45502473983152,3.329950335426335,2.003771898578532,3.4476221890470464,3.3710896583533714,60.9034353293648,0.26870392942857835,202.8929772624307,134.37067529272545,163.61737727710718,365.77895466894586,3.3895157669233185,9.951091186592967,2931.651373869764,28.323950485713066,2.96136681634703,3.4791941738048915,1.207587224944419,3.359935394295481,3.4902784784114047,28.56743356296052,2.697015869011787,0.0,92.51778910707215,9735.551762616644,3.489706273502205,3.489084061205325,16.16981882487373,3.39102026261525,2.8886004236649,3.2490240709282863,59.305058116299705,2.8844294707827305,0.5992185398060402,3.3800661886228154,1.390368900027329,3.072049706925452,38.205316526599546,6.743872034008668,3.463186401037004,7.313868250500871
Adlercreutzia celatus_A,95.84093438075145,95.61927803929805,93.10671966405322,92.46969806299155,95.75105996025927,95.84819584836704,95.639056776674,94.84275169542909,95.9017197021357,95.6871122312863,19.755181158436883,95.94141789526202,95.85465886113592,95.80618914472777,78.2475080295258,95.91837327518395,95.76546469823984,1.073112645974399,55.83040040499157,54.55710781043774,130.07426327996276,31955286.9081088,95.94861739397655,95.94916068701558,95.30576203710056,95.94062182058124,93.51985854216257,83.1394526299164,95.90971334726572,95.93147581112198,95.83845395391387,214.42323038113906,92.4355849009851,94.61969326432188,95.68142814974422,95.44016452293003,30.20610382711015,94.39681838460521,95.91968250237947,95.94740662605454,95.75479251066933,95.55098532669057,95.51002759530697,94.27927725484315,95.25488415898634,95.72807118631125,95.74047740095344,70.81603966599017,31811.134122803043,94.41120659683119,9970.079979538174,93.74870833068132,68.75552394224249,91.44836120375842,95.93607667354223,581.7691050815912,5545.806799152429,7983.789807535843,19422.65986570785,95.85905790581816,94.92555883674676,95.67324228815787,95.91327434289842,88.49522821955047,77.2331356397566,95.43251282154216,92.76866998115996,1357033132.859471,634.2159489435875,93.83740510169272,17094.396631699594,95.89513494484369,94.89969672106619,75.97705627641648,84.58048157417403,57.412629083422374,95.89259020264923,94.98555506003774,70574.6532528747,89.56073400713939,95.33175791649901,94.1755120387199,89.55206395631207,93.63442275555569,733.0599342677202,85.01294483599416,60.89441815963717,95.88801994106717,82.54117725324271,94.35053704402979,59.749796848415144,89.06996860011628,95.79770868046853,94.49801559781955,95.9103471378471,95.83770790887479,31.656844997055106,92.28112612573206,110.70200467303346,42.19330708968872,71.41720346918761,273.5900478731585,95.85392961203137,82.57169231815725,2840.146131493391,64.19480164283603,95.43745288590385,95.93957341649684,93.70288776552253,95.82679944088954,95.94945170133033,63.97351722565492,95.18125053279792,92.51778910707215,0.0,9644.615924704249,95.94900226954763,95.94850222511434,76.37528009571781,95.85576055514093,89.64373965178096,95.71953048304704,33.234378046050345,95.36516799196644,93.10994469055062,95.84625781381958,93.88387178108408,95.5467360851396,54.34022403809892,85.79654227132085,95.92496160754165,85.22146852028021
Bifidobacterium longum,9738.714396619476,9738.506158784247,9736.098701112245,9735.482991840314,9738.629968882808,9738.720528075619,9738.524790343787,9737.767993209722,9738.769927174195,9738.569990658381,9663.739311993098,9738.805956687427,9738.726658619165,9738.682469745514,9721.671817814846,9738.785423060275,9738.64343862443,9644.421572653715,9699.622206415499,9590.204696520093,9514.946656246782,31945792.100244276,9738.812230668726,9738.812683428627,9738.208914473484,9738.80522188174,9736.504879277436,9726.403646183617,9738.777367949844,9738.797086847668,9738.712127147608,9431.028675521502,9735.448570161388,9737.556072218993,9738.565633495544,9738.337865962758,9674.229745955674,9737.343160750359,9738.78655052127,9738.811208465098,9738.633611041721,9738.444031326902,9738.40267415989,9737.239339591688,9738.165929284622,9738.609173424582,9738.619671177352,9714.262155514,22172.22931592013,9737.361301277304,325.9128627292287,9736.71496399516,9712.23115916876,9734.487914164576,9738.801148534325,9064.3157916772,4100.509305310933,1670.2922943834203,9780.583913674905,9738.731110456674,9737.851191179783,9738.558301532961,9738.780422936274,9731.646865642528,9720.569473193958,9738.328647838805,9735.767999742415,1357023753.5556953,9012.144421852274,9736.81185678635,7451.234236300091,9738.763850340927,9737.824419520239,9719.392449025263,9727.816698368248,9701.28112001155,9738.761733058736,9737.9062662982,60941.577821128565,9732.660948893374,9738.237700475529,9737.137157232133,9732.649895856322,9736.62554304681,8913.460031103821,9728.20361857325,9704.591645869185,9738.757235621317,9725.841243299497,9737.293438866898,9703.335252361874,9732.200554379851,9738.67437892683,9737.445151929514,9738.778110862058,9738.711585473358,9675.461518730073,9735.302417469364,9534.224384095149,9602.458237465673,9573.34597101632,9372.159521320229,9738.725552590182,9725.826086999405,6807.102483663397,9707.744775922112,9738.334408677107,9738.804318037315,9736.676979806869,9738.7012702519,9738.812911927638,9707.657996005242,9738.094940358758,9735.551762616644,9644.615924704249,0.0,9738.8125547229,9738.81213946069,9719.83155764002,9738.727381914168,9732.776259228223,9738.601257924913,9677.438898740644,9738.269287990837,9736.118018960735,9738.719455373142,9736.850066001904,9738.438480083765,9698.21352531417,9729.037370027958,9738.791375358924,9728.464633104368
Bifidobacterium pseudocatenulatum,0.12186477323657945,0.3480388179614444,2.8769807131509912,3.51531430881655,0.21448869119082295,0.1169231765850642,0.3276373073831387,1.1333299820534808,0.07027910991263062,0.278999588425702,76.24194415472752,0.011493931510459039,0.10381942826171442,0.1590472897232918,17.767068148088104,0.03917343294854132,0.19746276548041522,95.9475048751547,40.14631603779948,150.24306242973745,225.65062521920214,31955376.620944075,0.006351413788136669,0.003195877856723697,0.6641654089389356,0.017835013554864377,2.4706851756800754,12.850213104518028,0.04617224036314511,0.022639489458731725,0.13249947211162247,309.9952847139456,3.5481403510103076,1.3593052683793725,0.2846010167877894,0.5300547931461164,65.74382421071468,1.584328089378027,0.04961510048208549,0.020233374955208914,0.2087702349937849,0.4214085855600377,0.4572338609288068,1.7148642647763521,0.7258682157515463,0.23894060815839266,0.22494607002016875,25.14633076667897,31904.76860188151,1.5771979329928107,10064.307062686414,2.230057167778914,27.204593946240678,4.533684924835357,0.042833241168770964,677.0781639646444,5640.289865636549,8078.333394760745,19516.545351460056,0.11064011639688243,1.0558210454994046,0.3042919863542493,0.05398376334536821,7.5089578174325355,18.734266826964696,0.5364489711893373,3.2120804095028563,1357033220.5523381,729.5467578540596,2.154862892514196,17188.37552981943,0.06706965819437075,1.0781189394083648,20.008260339515587,11.412727066427532,38.606770142742455,0.0709542393230185,0.991510757809953,70667.93044205959,6.427203868577565,0.6487209212308396,1.8152858613439127,6.434282367490635,2.369389559149612,828.355546717472,10.96303903759271,35.08282154350762,0.10155282743231629,13.460483337701273,1.6251329906179695,36.20199151240602,6.9304343349733,0.17761826355642,1.4910187173025924,0.05321336246591245,0.1275951304657583,64.32177492006544,3.7066217328826463,206.27835549688308,137.76795513780428,167.00903653210986,369.1545281331462,0.11817788005993032,13.40772200088523,2934.9557284257667,31.762939473419607,0.5311673856697824,0.012667194364634994,2.282226597402255,0.13469785822938068,0.0019622703215349444,32.020265024374126,0.7983764894181625,3.489706273502205,95.94900226954763,9738.8125547229,0.0,0.017549838430045664,19.633338008516436,0.10487960693633447,6.371896604269899,0.24702629172714968,62.74671789252845,0.6136731999961056,2.89102640248393,0.11971158339531028,2.09935593470673,0.42168759981326925,41.655067117350704,10.21979132243048,0.041489291442899486,10.785962671265944
Bifidobacterium catenulatum,0.11904967045933651,0.34588125640409534,2.876226328942359,3.5146079237107486,0.21134133623190113,0.11169997691506692,0.32549236485126626,1.1322053725688024,0.060674828630202605,0.276518804802558,76.2414505102224,0.015587593535975624,0.10386376560493239,0.1565845364276846,17.76653676206028,0.03724071904418421,0.19527829640325173,95.9470118514917,40.1457996637474,150.2425845235691,225.65016018700382,31955376.620592754,0.019055868579444014,0.014462721101316894,0.6631937809233261,0.01783519494259292,2.469964709549132,12.849695631389345,0.0459248991421402,0.023566011331294143,0.12629754494294024,309.99482247148177,3.5476407588937,1.3585906708040913,0.28414972407062444,0.5295133025672827,65.74333266343294,1.58373553461175,0.038832251967569835,0.003954344120460765,0.2067196639623633,0.4199474599645113,0.45594737122497575,1.7141058960888516,0.7254808506437951,0.23640447824106392,0.22178522916606974,25.14580334395179,31904.768197941532,1.5759610016182382,10064.30664677596,2.229271297506649,27.204072795767456,4.533031364826549,0.029619858143097033,677.0777141815505,5640.289443741767,8078.33297149726,19516.544942713605,0.10413383219634792,1.0546938023698516,0.2999233910935526,0.04468523406568431,7.508303940461701,18.73370726832263,0.534683086623225,3.2114002916211,1357033220.552006,729.5463083788037,2.1538006293718044,17188.37511920569,0.0612538483796621,1.077270305104103,20.007727182148745,11.41217251464661,38.6062384843809,0.06519927955403497,0.9905760468216585,70667.93004446488,6.426607947515971,0.6465672062580853,1.8144788095161624,6.4337306273099,2.368506423765531,828.355098723459,10.962421954352374,35.08228501664952,0.08992441477373408,13.459853933763712,1.624206333275184,36.20148033691234,6.929739651490177,0.17172195487853317,1.4897465089049071,0.04627214557181249,0.12388714651773251,64.32126579663489,3.7057445020077284,206.27788207089841,137.76747154155663,167.00855784349193,369.15406315324486,0.11102850502697498,13.407091754946588,2934.955297807746,31.762422972245613,0.5308582005218873,0.018703201467399514,2.28169494920013,0.13491788173207525,0.01848339914073712,32.019738172950454,0.7970934736311072,3.489084061205325,95.94850222511434,9738.81213946069,0.017549838430045664,0.0,19.632772334191255,0.10121801799090333,6.371248843918135,0.24489055082593703,62.74620820316484,0.6117320341127578,2.8903468203947678,0.11516801189807536,2.0987559892060084,0.4207255698306273,41.654548030064845,10.219173942126657,0.03188126646292502,10.78534542304935
Bifidobacterium ruminantium,19.522214604996446,19.297452129332445,16.76830957389348,16.1289781186701,19.43107342015303,19.529866070249888,19.317489500514036,18.513591080704824,19.58451894536923,19.366192153906137,56.70530149314265,19.62538696462866,19.536442725409707,19.48666797354705,1.8729124913175952,19.601497152286893,19.445722450645512,76.39441513013632,20.545627101083458,130.7559999398462,206.21595734268305,31955358.74754506,19.63293429880241,19.633503065028545,18.980686597200123,19.624579936101654,17.180513195406864,6.783659790423442,19.5926983556331,19.61509069866942,19.51964589111952,290.5753594936202,16.09532944178533,18.2884358681985,19.360059459955846,19.11590325449349,46.18392616447642,18.063892507906473,19.60284253395497,19.631608351076736,19.434815059513948,19.227384900185125,19.187042605774625,17.942366360762634,18.927285925651027,19.407423608378327,19.42048958850354,5.58976041590293,31885.939069240732,18.076716086575885,10045.317951685065,17.414129872010925,7.643499921467334,15.106645139060838,19.619832268397918,657.7568312792419,5621.228556458958,8059.2566663405305,19497.64918562852,19.540700292426436,18.595462799969805,19.35155794693515,19.596403785940538,12.137926951734585,1.066161681968926,19.108912454738135,16.43045826924148,1357033203.1415606,710.2205164738073,17.49911870619818,17169.454344753263,19.57780623535927,18.57021720323119,0.4908832531505695,8.222995376788406,18.983891064767793,19.575097892373023,18.656780058577652,70649.19389301582,13.212670244300003,19.005273996347086,17.83892980161997,13.20486883911783,17.292042272577206,809.0420772728787,8.670643185620387,15.480987366478317,19.57054738577301,6.176453437203464,18.019256899587724,16.645056379580108,12.715371904626387,19.478106529747155,18.163832569433946,19.593234470611744,19.51883180659569,44.79477986868421,15.939132764125775,186.83863537782182,118.29395210614938,147.55090082764266,349.7422631549956,19.53583653769268,6.227269212391201,2915.7990061237806,12.19464824368228,19.11354238549065,19.623478833587768,17.365929316650675,19.507843221797895,19.63383056315745,12.404628320616228,18.853258113067916,16.16981882487373,76.37528009571781,9719.83155764002,19.633338008516436,19.632772334191255,0.0,19.537664263917623,13.285002889638166,19.398724126560847,43.15015694287928,19.039059282107885,16.765991133987093,19.52756865385891,17.548184814802106,19.223730840599178,22.043342520617962,9.429916297705775,19.60825734008576,8.857244379734391
Bifidobacterium bifidum,0.019189566263709573,0.24550118657248646,2.778797720904647,3.417496607888597,0.11065542107866991,0.017285371542725303,0.22504981462081636,1.0333593027767292,0.05333414306201005,0.17590415063047543,76.14930807037128,0.09454378238523488,0.022560500995142573,0.05613217021999436,17.6711960616254,0.06754993601644363,0.09456724590905445,95.85468390112166,40.052059154324795,150.15153059721777,225.55999517552635,31955376.54448568,0.10472637435028843,0.10439380905059964,0.5639200150420206,0.09391429192938718,2.371878919478,12.754487360414359,0.05981432836733097,0.08313486724848346,0.0333260930795491,309.90493480593665,3.4507128858463507,1.2600207449001088,0.18456737902855744,0.43005164006913404,65.65070731149387,1.4853767501301733,0.0679495121496055,0.09955823500366877,0.10606164540987695,0.31947993648217043,0.3561861835206273,1.6150592132878052,0.6260129221843264,0.1355581968960951,0.12146038141247208,25.052079424055023,31904.684830020622,1.4769128412484727,10064.221812646896,2.131659850688194,27.1104831117509,4.436534245217586,0.08828728431432861,676.9892201365053,5640.203900303476,8078.2472747121965,19516.460977059323,0.02257453357102433,0.955266095693802,0.20032905877939133,0.062479304233835645,7.411797353492565,18.639580303394897,0.4350497679254593,3.1143742049730467,1357033220.4789019,729.4577618809321,2.0552372921185103,17188.290924245346,0.0421767835543426,0.9782555629642128,19.913146525938235,11.316684875385603,38.511869229491275,0.03949192831413937,0.8914152825210522,70667.84748157287,6.330431094049213,0.5462255543314561,1.7157111794164976,6.3376298428445415,2.269662334193794,828.2667176718525,10.867434033287125,34.98841350144093,0.06182656896644405,13.36434352996223,1.526175444397813,36.108395745629146,6.833198426827249,0.07615270642866366,1.3905346581704907,0.057162033491071636,0.02452317476663107,64.22916509050164,3.608544544147869,206.18761886364166,137.67658004574824,166.91796698606439,369.06431048250886,0.03562859429945131,13.312203363733387,2934.868762085393,31.669006293512027,0.4318012221110054,0.09303286131112817,2.183842125209641,0.04196352807775317,0.10582076848374812,31.925493344449208,0.6971890492904055,3.39102026261525,95.85576055514093,9738.727381914168,0.10487960693633447,0.10121801799090333,19.537664263917623,0.0,6.274117467198997,0.1440453988226447,62.652794591303596,0.5113372343972911,2.7921193827780444,0.017109762066271506,2.0008128029667636,0.32083705536837936,41.560561252040635,10.12288912251793,0.07337200042743357,10.689364036652295
Desulfovibrio sp900556755,6.258069986713842,6.031234895022392,3.4955597043136932,2.8566999725309774,6.166121047200156,6.266143493872124,6.0514275948567455,5.243329709876152,6.321728996547469,6.1005756907445585,69.95420598094722,6.363573867326046,6.272769977437344,6.221884637063747,11.414725021448673,6.338896991010636,6.18091754587284,89.65316794132004,33.8216533815963,143.98324715810776,219.41696990156058,31955370.998587288,6.371459890007115,6.372065616866092,5.7125531912983885,6.362737698731396,3.904773419269255,6.506063527511445,6.330001284943059,6.352945981549069,6.2554829140273585,303.76959366935864,2.824006296073506,5.016853929744133,6.093986300637924,5.847997653944977,59.443707711928774,4.791509231007731,6.340286025343488,6.3700189445023225,6.169828099349084,5.959613457386411,5.920117114277609,4.666442888956057,5.65679006631619,6.141891770777265,6.1556078959309986,18.827910322836505,31898.79205259137,4.802826997878356,10058.267545330153,4.142828527573966,20.888426064655697,1.8423021612188237,6.357876126353813,670.898397560839,5634.221156543502,8072.258526383621,19510.542727713084,6.276897015310173,5.323876572107341,6.08537800872279,6.333880375907977,1.1491593482154914,12.410944979990715,5.8417984895293005,3.159922865707493,1357033215.0935047,723.3650093143522,4.223524012828084,17182.363047466304,6.314875835412374,5.299316716484173,13.671370100319656,5.064716287712676,32.268198199756476,6.312005691400589,5.386260349724575,70661.98984101144,0.22340287422286373,5.735730194123823,4.563636256843355,0.2392450962344131,4.013002453763203,822.1795771317777,4.633040042276602,28.7563960762092,6.307653490850934,7.109165814142706,4.748911602772786,29.895447525067574,0.5800454124987847,6.21339837400401,4.889926477036548,6.33042928905497,6.2545642727683415,58.03682866366019,2.6666524291096647,200.04198296050248,131.51367822740187,160.76317161632272,362.93287398549137,6.2724168167716385,7.072765134802545,2928.847636771283,25.44911435060178,5.846006047941336,6.3616111841580345,4.092112249765671,6.243527315402018,6.3724394918873815,25.6857515308366,5.5827265768599625,2.8886004236649,89.64373965178096,9732.776259228223,6.371896604269899,6.371248843918135,13.285002889638166,6.274117467198997,0.0,6.133050833037617,56.4268521266305,5.7696889463436385,3.4869120192916205,6.263441639270751,4.27500815896457,5.956617669761921,35.324337879705645,3.8563419298690604,6.345815582875211,4.42786547341674
Bilophila wadsworthia,0.12691338607313707,0.10241953267344575,2.6375656995801937,3.2765626811045268,0.03621463742427665,0.13587123342081636,0.08210378934335973,0.8909316015093213,0.1929851817657512,0.033745992161359546,76.01380919937299,0.23725177339921535,0.14441324702180594,0.08961765802018175,17.531985544163316,0.21034331790471908,0.04982270117403443,95.71895332294856,39.91466560643286,150.01735175436517,225.42691582685094,31955376.430106897,0.24681734430334545,0.24692635132810845,0.4213015629259861,0.2367701887833049,2.229968697261711,12.615450910108438,0.20188450177580716,0.22586532810852605,0.12555748155348795,309.77219973533516,3.3099308043360924,1.1177861903648767,0.04656865217203582,0.28733938966555955,65.51462455489474,1.343266703984749,0.2112198076517562,0.24330374985907186,0.03830316639494243,0.17603388909979653,0.21345416838169787,1.472206783598787,0.4835350444648151,0.011423520851796896,0.0292809145867822,24.914732476510643,31904.560550439073,1.3342068557466293,10064.09558754278,1.9903123943168497,26.97329023139708,4.296211672869175,0.23033517093653588,676.8582455026882,5640.07674200639,8078.119916649015,19516.335901771294,0.14662627388935984,0.8122278679141863,0.0694605453468747,0.20511179610120728,7.271383517223986,18.50178773357686,0.2923183804638134,2.9735442693107124,1357033220.3687222,729.3267198813282,1.9129135643245265,17188.165544662614,0.18530576506840124,0.8356323454440421,19.774807726099045,11.177352942751275,38.37374138851393,0.18201771732392635,0.7486392984253756,70667.7242789302,6.190397305481581,0.40273931075294495,1.5731912501881784,6.197674221683946,2.1270013742412193,828.1358872264303,10.728702178483474,34.85087677610377,0.18370901909176948,13.224988178968795,1.384491261926492,35.97178960383678,6.692771513820543,0.08874970866904916,1.2476796058652857,0.20082295248018556,0.12275218084623753,64.09372664640908,3.4675335261041433,206.05441997031318,137.5426060153876,166.7843627559035,368.9317451279649,0.14534253165137326,13.173565983073445,2934.7403077049776,31.532010082509444,0.2897927064323094,0.23538388655499193,2.042141362948143,0.11537324230639863,0.247848483405549,31.787519075677327,0.5537568008566768,3.2490240709282863,95.71953048304704,9738.601257924913,0.24702629172714968,0.24489055082593703,19.398724126560847,0.1440453988226447,6.133050833037617,0.0,62.51577168150683,0.367683288968252,2.650007867151195,0.13198539046382268,1.859039117648632,0.17776152341218515,41.42287611817188,9.982682531495895,0.21682847329131266,10.549492427717334
Dialister invisus,62.63779411467341,62.41519714504323,59.896995373614494,59.2590822262529,62.547540294468796,62.64516907637557,62.43505420524878,61.63631208004152,62.6990231335468,62.48330866953111,13.709704205074503,62.739036245444986,62.65165137096271,62.60281879946095,45.02248508860018,62.71576023362011,62.56201243576839,33.28227993456589,22.605458225349963,87.71229766984554,163.2221464386738,31955318.351290762,62.74632668582573,62.746879480871996,62.100642873363235,62.738235933561604,60.31001583166105,49.921185626868564,62.70705612173836,62.72899607098969,62.6352985539561,247.58436938488748,59.22506240353366,61.412564206969414,62.47748810293475,62.235322977119154,3.307277539418477,61.18912680457255,62.717088287148975,62.74509555832436,62.551272159564796,62.34638552128051,62.30557429917159,61.070417148831226,62.04902861448273,62.524361501868,62.53695292337228,37.60217764931375,31843.795305503532,61.203101690270074,10002.911847856938,60.540307269813646,35.54282791680772,58.23708460111982,62.733649285502885,614.8774435621209,5578.709499738709,8016.710998362362,19455.394187926995,62.65603226438351,61.71889380598403,62.469235078909605,62.710668103393196,55.27850989254975,44.01835918584317,62.22786365440359,59.55886869999274,1357033163.648974,667.331672673014,60.62799706643975,17127.15799787664,62.69239575227883,61.69318463750134,42.75625368117042,51.36243941325938,24.17896567691814,62.689807225859454,61.77927805752129,70607.20868526548,56.34700481235937,62.12627903820395,60.96670710594602,56.33856279639461,60.42374283841841,766.168315158664,51.79856741852415,27.67080925852307,62.68524982801725,49.32058911355159,61.143301224563736,26.548234890507832,55.85422837497683,62.594322862516485,61.29003226817989,62.70767336431609,62.634528377592424,2.788233113971876,59.070088862282034,143.84390210074378,75.28371661193282,104.54552952771314,306.7543424219453,62.65097270598519,49.35538363106959,2873.136433472314,30.983791497950826,62.232700515163074,62.73717299891343,60.49378198001181,62.623579838769736,62.74717808907274,30.745866531615988,61.97528066987858,59.305058116299705,33.234378046050345,9677.438898740644,62.74671789252845,62.74620820316484,43.15015694287928,62.652794591303596,56.4268521266305,62.51577168150683,0.0,62.15980547760834,59.898612302345256,62.6431333433808,60.67520200294661,62.34229234503265,21.10883951924065,52.576169800302395,62.72240443429999,52.001772322524346
Veillonella parvula_A,0.4944899087500397,0.26590308972696913,2.2743732317668353,2.9137977931841927,0.4011768807084521,0.502307065792726,0.2864293858770857,0.526560738128259,0.558784742074187,0.33545460908124725,75.66100314394694,0.6042455473716409,0.5113089887287577,0.45714631010139994,17.171859972253834,0.577713223372585,0.41704525135269815,95.36563950960435,39.557994924524564,149.6673165481851,225.0792530317487,31955376.126287628,0.6134375093840116,0.6136394694266312,0.0719821457892867,0.6036518225851455,1.8657193320871484,12.255782257274417,0.569169048205892,0.5930115222581619,0.49052360507782966,309.4252787494845,2.9477583724707865,0.7542306716102375,0.3311945043801041,0.09642876235145172,65.16061276460445,0.9797242192931283,0.5780007413895704,0.6101600728996895,0.40563242133543237,0.19442752313732425,0.15870525197323074,1.10672061207254,0.13744957475321604,0.3762387961342442,0.390833163471291,24.55823948922926,31904.232894120483,0.9682081196020735,10063.76338241046,1.6272240830390465,26.61709965568677,3.934473301320916,0.5963851265177899,676.5152088671191,5639.742375580621,8077.7850916836815,19516.00637843145,0.5124478382378631,0.4466326210085898,0.31881915044066883,0.5716965080129456,6.909128859863852,18.144432340030367,0.08128483504548367,2.6111250113613016,1357033220.0752792,728.9835324025925,1.5475120522535446,17187.835309759674,0.5523909221806247,0.47182530983002097,19.416361925222848,10.817108679228138,38.015585410041275,0.549112450499537,0.3845921283618291,70667.39916303955,5.829030862242437,0.03639190240488174,1.2081381865898644,5.8365233995410515,1.76124311296928,827.7931731799096,10.369591805160244,34.49391593526618,0.544537871087069,12.864550682853434,1.0211239166175738,35.6167589922547,6.330483437196764,0.4476975553839076,0.8814231533214198,0.5680685474164335,0.4900599766155785,63.741051729611186,3.104334218375421,205.70649204078254,137.1930117034034,166.4355605066483,368.58518760418184,0.5087171088562744,12.814543947092417,2934.402963592899,31.17619415296207,0.10163018972832015,0.6023425082570432,1.6787210954528557,0.4815236415970942,0.6144150384002237,31.42970403458749,0.1881672251658261,2.8844294707827305,95.36516799196644,9738.269287990837,0.6136731999961056,0.6117320341127578,19.039059282107885,0.5113372343972911,5.7696889463436385,0.367683288968252,62.15980547760834,0.0,2.2852936632515854,0.49907870427332507,1.495487625779237,0.19393223796321454,41.06560781789426,9.620733104326117,0.5838639927340313,10.188154753076597
Phascolarctobacterium_A succinatutens,2.7757023050010607,2.548127985692214,0.1035361503916505,0.6423347534717613,2.6835130736670156,2.784089565517447,2.5683667389318514,1.7594174971682213,2.8401704571190165,2.6176899274845193,73.4124832587474,2.8824636441320557,2.7906452447517918,2.7391794753290757,14.897036940403586,2.8573100764752923,2.6983190285422465,93.11469817581107,37.29463362142606,147.43004019963354,222.85226665098153,31955374.128753047,2.89058001280373,2.89120130937958,2.228857771389969,2.881644375064153,0.4207376025941311,9.983337813443246,2.8483773705718587,2.871639026950491,2.773222555535798,307.20148870275113,0.6771329733319923,1.532404366035889,2.6107280624131555,2.3641212977136274,62.90715840967397,1.3070370121581998,2.8587955568724617,2.8890743795484597,2.6871303061905514,2.4756469128948813,2.436759415714486,1.179890860945828,2.1719077100044633,2.6589379569361116,2.6730828917723235,22.296693467980845,31902.104075154104,1.3178283850576469,10061.610901510257,0.6647664865819947,24.356516809763658,1.662162482086724,2.876754790711852,674.3092735936065,5637.578868611068,8075.61926868848,19513.867778524444,2.7947865996466055,1.8388471653773115,2.602463948900109,2.8524275755341923,4.629928307296774,15.880499617532573,2.3585948350842756,0.35498267708433306,1357033218.1376958,726.7768515212691,0.7392394064035831,17185.69300648908,2.833174055277465,1.8146860361177937,17.14755628975069,8.54310128538189,35.74673433375205,2.8302004230032365,1.9017050223621588,70665.28379415903,3.5535806324806227,2.2514267857842336,1.0775713984273627,3.561573534266069,0.5268501669896697,825.5887277374991,8.101103384220616,32.22981211621088,2.826271120718367,10.590077298255203,1.2667816158984233,33.360238256576814,4.051802313574388,2.730983119295134,1.4047186502479845,2.848763606727964,2.772135439222496,61.49350523398583,0.8317554042188975,203.4784402040266,134.95784727661677,164.20374725768033,366.3630226367747,2.7906395079038306,10.545683576920837,2932.224518830228,28.916734992122866,2.3623928433822625,2.8804658264565406,0.6097544527750447,2.7610431609747685,2.891607245565015,29.162327516870505,2.0978545210464996,0.5992185398060402,93.10994469055062,9736.118018960735,2.89102640248393,2.8903468203947678,16.765991133987093,2.7921193827780444,3.4869120192916205,2.650007867151195,59.898612302345256,2.2852936632515854,0.0,2.781105669755254,0.7920185878298682,2.4730167667875524,38.79989037546857,7.341421733688847,2.864355124945891,7.9108311652693315
Acidaminococcus fermentans,0.013309762124645349,0.23358910780130512,2.7680475254967702,3.4068498198775066,0.09824317189112984,0.011247159190009057,0.2132074248490761,1.0220987153377379,0.06306825830877502,0.16387631586493467,76.13994487515569,0.1090246993927984,0.03266833803510692,0.04398337520875113,17.6610524659395,0.08144317075266604,0.08340548639239993,95.84527819675183,40.0423208346075,150.14240619031065,225.55105845302265,31955376.53787772,0.11963516893109984,0.11912694249579674,0.5527363932789822,0.10845754398803469,2.3609296606135763,12.744393724011607,0.07441068018823675,0.09761722220993892,0.019134898645566976,309.8960546109141,3.4401961044026432,1.2489909891284183,0.17383055435911665,0.4189584378627669,65.6412369730504,1.474433037707623,0.07978684784110228,0.11330825129817496,0.09471045401779105,0.3075845806774119,0.34488582363773135,1.603742055342505,0.6147981865697003,0.12317170527824842,0.10916258857165918,25.04234637594346,31904.67713591874,1.4654530128370937,10064.213873005774,2.1208739213351326,27.10078472268785,4.42607288623479,0.1001536137021324,676.9806157305045,5640.195837986005,8078.239184545076,19516.453184124108,0.019795397669896516,0.9437578149982284,0.1865623362268615,0.07451320626719818,7.401301695402986,18.629742356118328,0.42341674370586213,3.10377197858748,1357033220.4726932,729.449147435525,2.0439916264823355,17188.283092905724,0.05484274035652525,0.9670445530271501,19.903201521689873,11.306505555803705,38.501968814539616,0.051364079982518955,0.880115093885175,70667.83991798799,6.320064829875711,0.5338610697083533,1.704510952034134,6.327299245011775,2.2583539621755584,828.2581345668417,10.857368599340576,34.97863694565196,0.06416843491947496,13.354123519726823,1.5152393394826718,36.09881747673793,6.82268299351656,0.061375470154387664,1.3789976032655231,0.0697956999837911,0.011275047712539921,64.21980590222189,3.5977952982756953,206.1786590909853,137.66748766116766,166.9089384370329,369.0554558731332,0.03228767884654534,13.302150945488826,2934.860523476438,31.65934904643436,0.42101463063455474,0.10760641173538468,2.173044434629888,0.03907292569133039,0.1207561429919713,31.915629186858016,0.6854399309937196,3.3800661886228154,95.84625781381958,9738.719455373142,0.11971158339531028,0.11516801189807536,19.52756865385891,0.017109762066271506,6.263441639270751,0.13198539046382268,62.6431333433808,0.49907870427332507,2.781105669755254,0.0,1.9899674354791428,0.3094895661797774,41.550761064820485,10.112461032944683,0.0858093280930604,10.679023224906288
Mitsuokella multacida,1.9844930412836845,1.757265627341712,0.780651769638282,1.420003994283229,1.8924735673630093,1.9928832954269025,1.777475583724676,0.9690764271374224,2.0488727967589635,1.826738111890537,74.183348923137,2.090855803593852,1.9992651714802099,1.9480623002503825,15.680088153943341,2.0658182280514907,1.9071726015631996,93.88669672692954,38.07212349455404,148.19618189804015,223.61413987220698,31955374.803698357,2.0989358660734543,2.099539792720248,1.438054140878521,2.0900958724017675,0.37172950697641455,10.764820564285214,2.0568820414899327,2.080078722909785,1.9822065544136842,307.9620780460077,1.4534658275250423,0.7420768389431769,1.8197018676131298,1.573352222273099,63.680178160452996,0.5166550859260801,2.067429570885344,2.097497727733159,1.8959996805004329,1.6851527246891447,1.64587550096631,0.39626075628553115,1.3823775438536414,1.867972720185381,1.882028901794785,23.07309057238865,31902.827570301888,0.5317113657238721,10062.343413876248,0.13856475993461478,25.132488763799966,2.4417868849670596,2.0852953811883768,675.0626599662119,5638.315623118603,8076.35692891417,19514.594987494154,2.0036627281305153,1.0494079302613084,1.8121238482626258,2.061024129296276,5.415413591917765,16.65790257130124,1.5678302285150914,1.1179316292210006,1357033218.7910218,727.5305423435356,0.0880488412929407,17186.42162689687,2.0417872736872265,1.0245173962197893,17.927441462576752,9.325442156616019,36.52692869709336,2.0388457158750852,1.1114898886730897,70666.0022104953,4.336184240360326,1.461879443738643,0.29294646484104414,4.343755681786298,0.2823300466975854,826.3415304710769,8.880422952627987,33.00764099725531,2.035290029415247,11.372972532700365,0.4758408360181531,34.13444476383295,4.836964525899445,1.9401824698058614,0.6183916189923957,2.0573749435856983,1.980973823831813,62.26390714251209,1.611612712193642,204.24075378480725,135.72308335892413,164.96760298038242,367.122966348582,1.9995020730765904,11.325467428863638,2932.9670702858907,29.692256580664232,1.5715071440941648,2.088854465704565,0.18339352947262189,1.9697685306222326,2.0999277862907393,29.941710940984912,1.3081397850187655,1.390368900027329,93.88387178108408,9736.850066001904,2.09935593470673,2.0987559892060084,17.548184814802106,2.0008128029667636,4.27500815896457,1.859039117648632,60.67520200294661,1.495487625779237,0.7920185878298682,1.9899674354791428,0.0,1.6821658840776943,39.578537462995456,8.127085817197862,2.07292212539335,8.695252232907588
Ligilactobacillus ruminis,0.30373530670170795,0.07907516374008153,2.461187042630007,3.100312734911671,0.2125696998357023,0.3132341446920992,0.09806183780435289,0.7143910608534727,0.3701592264559291,0.14687639855317222,75.84167562955642,0.41247946314974593,0.31915941772815093,0.26682781879462236,17.356746872085317,0.3863196058106937,0.22639019173560346,95.54660267383863,39.74088022778299,149.84642745604157,225.25703365831194,31955376.280494317,0.42131057848280096,0.42181122985065084,0.24429783257777773,0.4118773929294598,2.0531134042271795,12.440346829586264,0.37744744285748405,0.40127113758661137,0.3028753681416839,309.602648895764,3.133556655781505,0.9406932241499152,0.13825766211851603,0.10963771864545627,65.3419593212815,1.16614322164397,0.38828896523711165,0.4193511255348619,0.21504536231997318,0.01884599607695235,0.038644202839172775,1.2950012319984587,0.3066617494159901,0.18724340263476819,0.2028101818804965,24.74101715156431,31904.39976232526,1.157666474979624,10063.932701648455,1.8139036913867632,26.79969611557053,4.120341061983752,0.4071310990697873,676.6904334576656,5639.912864592001,8077.955830663387,19516.174250906115,0.3241234368897936,0.6353975371034295,0.1431984270883005,0.38209689767744937,7.095416602197658,18.3277358814785,0.11946395223292916,2.797355975193188,1357033220.2240431,729.1588392957437,1.7362961106632175,17188.003565645988,0.362240615534524,0.6584986155068078,19.60026486797721,11.002056550260729,38.19935371596571,0.35908885862400536,0.5715839104129323,70667.56466829932,6.014643651367448,0.22984587874392653,1.3961055597207335,6.021931789759574,1.9499946196715463,827.9682202512732,10.553959449295862,34.67699443216128,0.3594604919553331,13.049754475017995,1.208091144291366,35.79869065665759,6.516838097376586,0.26282416278279325,1.0711458774063414,0.37774996739694,0.30024902714297685,63.92167119348136,3.29145842002275,205.88443179932196,137.37188558524204,166.613989978532,368.76236330492645,0.32174140901208687,12.99890923630113,2934.5750707202947,31.358576413140693,0.1126719089658627,0.41045698573282485,1.8652219548419222,0.2891736286573892,0.4223984615564395,31.613256032626964,0.3771511515646657,3.072049706925452,95.5467360851396,9738.438480083765,0.42168759981326925,0.4207255698306273,19.223730840599178,0.32083705536837936,5.956617669761921,0.17776152341218515,62.34229234503265,0.19393223796321454,2.4730167667875524,0.3094895661797774,1.6821658840776943,0.0,41.24884355558082,9.806805024116047,0.39368535035503016,10.373858500490389
Sutterella wadsworthensis,41.54540858957248,41.322048412177736,38.799622445576574,38.161101779508925,41.45484889860767,41.552885776935184,41.341967633347075,40.54132138812255,41.60701964045298,41.390384294378,34.70872781343593,41.64729927397242,41.55938090960375,41.51024080247658,23.915537431091206,41.62382238786232,41.46937428025472,54.372451231231594,1.5367119352606784,108.77207134812492,184.2620563285027,31955338.180657025,41.65466920077394,41.655231353229794,41.00667101636497,41.64649355840898,39.21244306052965,28.818725617145788,41.61508149244711,41.63717363529918,41.54290397790827,268.62581769221566,38.12716600588779,40.31703124325331,41.38444312604153,41.14155548179685,24.172516763079763,40.093168434269394,41.62516745412002,41.653420563230185,41.458577472175996,41.25279571484426,41.21212759459601,39.97349497390598,40.95442346825391,41.431508112812686,41.44426184543791,16.510548547148474,31864.454191967096,40.106794594450854,10023.69276589114,39.44390640210203,14.45548558133828,37.138780868116314,41.64187655591482,635.8714280144524,5599.54238186604,8037.55655988165,19476.10497895078,41.56374678171348,40.62368403152221,41.37614325762945,41.618740580011725,34.17632472632598,22.921224962117478,41.134272754420316,38.46150990625903,1357033183.044609,688.3303700087713,39.53072580787947,17147.888055527612,41.6003538499345,40.59811139483751,21.65315730595269,30.25988133159132,3.0814920857408676,41.59772686968665,40.68438678336116,70627.79327477142,35.247044975528794,41.031992434899784,39.86985423413395,35.23879230360156,39.32544919033707,787.1605708106716,30.69912562285384,6.57382109197698,41.59319090418554,28.21635364354746,40.04775194076662,5.543652989010093,34.75272320016533,41.50174031082146,40.19380697506033,41.61568374695085,41.542110584568434,22.831175354363,37.971809569502014,164.88320062341967,96.3240786794329,125.58711920072095,327.79550891869684,41.55875504510705,28.254833023206036,2894.0348171547,9.909887665546902,41.13901160583521,41.64541996047592,39.39678941452444,41.53112832546901,41.65553717751455,9.638923075554464,40.880602874426266,38.205316526599546,54.34022403809892,9698.21352531417,41.655067117350704,41.654548030064845,22.043342520617962,41.560561252040635,35.324337879705645,41.42287611817188,21.10883951924065,41.06560781789426,38.79989037546857,41.550761064820485,39.578537462995456,41.24884355558082,0.0,31.47160629663195,41.630515322874395,30.897795615200135
Acidaminococcus intestini,10.107106895759264,9.8810420559847,7.346923583392808,6.707310999507063,10.01543590271454,10.11496863284704,9.901185709948882,9.09452107810158,10.170156161843881,9.950156772219263,66.11353198708879,10.211631857455359,10.121611783810085,10.071172159097934,7.559098776727738,10.187289229251139,10.030196901879412,85.80949844186343,29.97076399991662,140.15089259791756,215.5938569502108,31955367.47234847,10.219378140842418,10.219957765808797,9.563066270861253,10.210821831951405,7.757895376872688,2.660720937812745,10.178436137236439,10.201148444577829,10.10448909636028,299.94906330601975,6.674098543223847,8.868589458429957,9.943793062959992,9.698489845064689,55.59915723705091,8.643499841246442,10.18864406893465,10.217969371716936,10.019177200369063,9.81010444688548,9.77020193577307,8.519947928898807,9.50838330812838,9.991454209610032,10.004875760440333,14.982442790502216,31895.08193257136,8.655412117033856,10054.527120026885,7.9939036090698705,17.043100087430872,5.686512597396208,10.205952248393118,667.0957951013847,5630.4670873221185,8068.501558482185,19506.819931777783,10.125757431524336,9.175716397250602,9.935129802557645,10.182208444263656,2.7118150509012198,8.56781298611064,9.69187733799117,7.009844916295219,1357033211.65702,719.5614959554612,8.076616912300384,17178.635500063756,10.163384244305357,9.15086837387219,9.820198088540506,1.2259438935565619,28.413729498796148,10.160583217870792,9.237668585173628,70658.29745356638,3.792633760391771,9.586809670037674,8.416842879837128,3.7857870253675197,7.867623119259284,818.3784152203116,0.870959652632291,24.905451746051227,10.156072535290718,3.2559520883677,8.59987330854193,26.051608559223254,3.2904225437170496,10.062590872770485,8.742557815754573,10.178898882520476,10.103636408599398,54.197911411115925,6.517036994820339,196.21798097960274,127.68368053420355,156.9359318777984,359.11369470282983,10.121072710568555,3.234332637489104,2925.0756226286353,21.603356490689034,9.696344016875802,10.209692511146175,7.944415208617279,10.09264265137853,10.220311409479427,21.83273088531127,9.434222212278366,6.743872034008668,85.79654227132085,9729.037370027958,10.21979132243048,10.219173942126657,9.429916297705775,10.12288912251793,3.8563419298690604,9.982682531495895,52.576169800302395,9.620733104326117,7.341421733688847,10.112461032944683,8.127085817197862,9.806805024116047,31.47160629663195,0.0,10.19412635454235,0.5769145344564298
Phascolarctobacterium_A succinatutens_A,0.09112479185049846,0.3181555080158478,2.8505914221314295,3.4891515307920744,0.18285471316465787,0.08218117137816276,0.2978571801482599,1.1056758034405834,0.030354528882556138,0.24857708665090222,76.21813898813055,0.03097786785140694,0.07894735368436553,0.1279675571801683,17.741941066154208,0.01833367122930324,0.16763350737583196,95.92363164685733,40.12186561866568,150.21967935126682,225.62757773825663,31955376.602428682,0.042891365886736164,0.03980289565157682,0.6365918063262691,0.033331688621455476,2.4440436458859716,12.825162644767826,0.026867987990700722,0.02431794686047671,0.09600116954062148,309.97233866937927,3.5223691891976263,1.3324586565102334,0.2573061627266447,0.5028915368775045,65.71984098568082,1.5577338238592124,0.009413287447325466,0.029288642414731295,0.17894117838532617,0.39250967520932273,0.4290483194407856,1.6876137552521568,0.6991083833973242,0.20798560215288717,0.19328622445075858,25.12186713120197,31904.74787237409,1.5492691519468604,10064.28585821054,2.2035450118578774,27.18019501009012,4.50786432608947,0.019912296019338842,677.0557154335092,5640.26842717501,8078.311904207357,19516.524429697285,0.07359286272451386,1.0278515311152863,0.270386667757932,0.014994281554553146,7.483133213011289,18.709596238832795,0.5073700459599186,3.1859867433956426,1357033220.5346866,729.5242919281377,2.1274384718379826,17188.354533773636,0.03170308292333749,1.0508313224699437,19.983447475615403,11.387506552908834,38.582044834393784,0.03503506706859646,0.9639748283435119,70667.90996870844,6.401619928659184,0.6185726030408408,1.7881866714205363,6.40879679260196,2.3420956944956473,828.3331382851575,10.93793133567567,35.05828824868077,0.061715383473742745,13.43513418733016,1.598193402917576,36.17780421544202,6.904538369927928,0.14133519016574328,1.462943807364335,0.016621572112051026,0.09459184557932923,64.29795995875635,3.680136742877469,206.255260234058,137.74462087820135,166.98581708310692,369.1316247669538,0.0809113801210054,13.382630116988995,2934.933957402142,31.7386158009094,0.5046245537570967,0.03130496871713906,2.2559521565966962,0.1091355454614308,0.04285761275566106,31.99559941783812,0.7698946627583378,3.463186401037004,95.92496160754165,9738.791375358924,0.041489291442899486,0.03188126646292502,19.60825734008576,0.07337200042743357,6.345815582875211,0.21682847329131266,62.72240443429999,0.5838639927340313,2.864355124945891,0.0858093280930604,2.07292212539335,0.39368535035503016,41.630515322874395,10.19412635454235,0.0,10.760431530723375
Megasphaera elsdenii,10.673677307593428,10.447935962227236,7.915049820856805,7.275442928869904,10.582126255012035,10.681465486014137,10.468054979208162,9.662107111385897,10.736508190234625,10.516953642581981,65.53764915708247,10.777855429487461,10.688121172375787,10.637843054281841,6.987194217916635,10.753628134115491,10.596869586233367,85.23394033938696,29.396358845592257,139.57456838477208,215.01734931887836,31955366.92057912,10.785555492633414,10.78612607210992,10.130287528053064,10.777048615191875,8.326556233302316,2.0845176308597297,10.744792207195806,10.767421011702238,10.671051730222239,299.37255040668714,7.2421341280213465,9.43642782601708,10.510683448562595,10.265683604130599,55.02366801382688,9.211498866520621,10.754963216572666,10.784148969217162,10.585879098561644,10.377260795469956,10.337218052015606,9.0886273058732,10.076043020571548,10.558239349357374,10.571554774485657,14.406808789107211,31894.511454252843,9.2236732335371,10053.9542710944,8.561721365525953,16.467487925257124,6.253850177577883,10.772179976152993,666.5195566587244,5629.893290232815,8067.927580700283,19506.24842258928,10.692265251766601,9.74353648792943,10.502016615501635,10.748522533819434,3.2812432537675895,7.991658022528505,10.25891974967279,7.577644238619955,1357033211.1158876,718.9852338788668,8.645237115443154,17178.063618600667,10.729763565452837,9.718573190096107,9.245642073376205,0.6509153066519706,27.840715694996078,10.726987487834103,9.805302817454152,70657.72849806944,4.359322067027374,10.154262996638257,8.98538838394383,4.352121443149119,8.436999494619108,817.8022256211203,0.3938378725763697,24.331015894120842,10.722437665715791,2.6817233492958343,9.167491159193945,25.475909108699987,3.859281601856543,10.629239585126045,9.3108203815172,10.745259540117527,10.670222592440478,53.62185631726061,7.085270449952207,195.64147408916008,127.10726833365113,156.35946371332523,358.53718295956446,10.687520279593855,2.657448788805965,2924.5007239145857,21.027868269573396,10.263483042746815,10.775926069683937,8.512721838486682,10.659255779237887,10.78647567170348,21.25899116703537,10.00185099049336,7.313868250500871,85.22146852028021,9728.464633104368,10.785962671265944,10.78534542304935,8.857244379734391,10.689364036652295,4.42786547341674,10.549492427717334,52.001772322524346,10.188154753076597,7.9108311652693315,10.679023224906288,8.695252232907588,10.373858500490389,30.897795615200135,0.5769145344564298,10.760431530723375,0.0
