,Flavonifractor plautii,Faecalibacterium prausnitzii_C,Faecalibacterium prausnitzii,Faecalibacterium sp900539885,Faecalibacterium prausnitzii_G,Faecalibacterium prausnitzii_J,Faecalibacterium prausnitzii_A,Faecalibacterium sp900758465,Faecalibacterium prausnitzii_H,Faecalibacterium prausnitzii_E,Faecalibacterium prausnitzii_F,Gemmiger formicilis,Gemmiger sp900540775,Anaerotruncus colihominis,Ruminococcus_E bromii_B,Ruminococcus_E bromii,Blautia_A obeum,Blautia_A wexlerae,Blautia_A wexlerae_B,Agathobacter sp900317585,Mediterraneibacter faecis,Mediterraneibacter torques,Mediterraneibacter lactaris,Enterocloster bolteae,Enterocloster citroniae,Enterocloster asparagiformis,Enterocloster clostridioformis,Coprococcus eutactus,Dorea_A longicatena_B,Dorea_A longicatena,Lachnospira eligens_A,Roseburia inulinivorans,Roseburia intestinalis,Anaerostipes hadrus,Eubacterium_G ventriosum,Bariatricus comes,Bariatricus comes_A,Anaerobutyricum hallii,Anaerobutyricum soehngenii,Dorea formicigenerans,Coprococcus_A catus,Eubacterium_I ramulus,Clostridium_Q symbiosum,Bacteroides_F pectinophilus,Ruminococcus_B gnavus,Hungatella effluvii,Bacteroides uniformis,Bacteroides caccae,Bacteroides cellulosilyticus,Bacteroides timonensis,Bacteroides stercoris,Bacteroides sp900552405,Bacteroides intestinalis_A,Bacteroides xylanisolvens,Bacteroides eggerthii,Bacteroides fragilis,Bacteroides fluxus,Bacteroides finegoldii,Bacteroides intestinalis,Bacteroides faecis,Bacteroides nordii,Bacteroides salyersiae,Bacteroides sp902362375,Bacteroides oleiciplenus,Bacteroides fragilis_A,Bacteroides clarus,Phocaeicola dorei,Phocaeicola vulgatus,Phocaeicola plebeius,Phocaeicola massiliensis,Phocaeicola coprocola,Phocaeicola coprophilus,Prevotella sp900313215,Prevotella sp900551275,Prevotella copri_A,Prevotella stercorea,Prevotella sp015074785,Prevotella copri,Paraprevotella clara,Paraprevotella xylaniphila,Alistipes onderdonkii,Alistipes finegoldii,Alistipes shahii,Alistipes putredinis,Alistipes_A indistinctus,Parabacteroides distasonis,Parabacteroides goldsteinii,Parabacteroides distasonis_A,Parabacteroides gordonii,Parabacteroides merdae,Parabacteroides johnsonii,Parabacteroides timonensis,Butyricimonas virosa,Odoribacter splanchnicus,Barnesiella intestinihominis,Parasutterella excrementihominis,Escherichia coli,Escherichia fergusonii,Escherichia ruysiae,Escherichia sp005843885,Escherichia coli_E,Escherichia albertii,Hafnia alvei,Klebsiella pneumoniae,Akkermansia muciniphila,Akkermansia muciniphila_B,Erysipelatoclostridium ramosum,Catenibacterium sp000437715,Catenibacterium mitsuokai,Holdemania filiformis,Holdemanella biformis,Streptococcus salivarius,Streptococcus sp001556435,Streptococcus thermophilus,Adlercreutzia celatus_A,Bifidobacterium longum,Bifidobacterium pseudocatenulatum,Bifidobacterium catenulatum,Bifidobacterium ruminantium,Bifidobacterium bifidum,Desulfovibrio sp900556755,Bilophila wadsworthia,Dialister invisus,Veillonella parvula_A,Phascolarctobacterium_A succinatutens,Acidaminococcus fermentans,Mitsuokella multacida,Ligilactobacillus ruminis,Sutterella wadsworthensis,Acidaminococcus intestini,Phascolarctobacterium_A succinatutens_A,Megasphaera elsdenii
Flavonifractor plautii,0.0,0.6340621403912543,0.6340621403912543,0.6340621403912543,0.6340621403912543,0.6340621403912543,0.6340621403912543,0.6340621403912543,0.6340621403912543,0.6340621403912543,0.6340621403912543,0.7030716723549488,0.7030716723549488,0.6293706293706294,0.8346545866364665,0.8346545866364665,0.623155505107832,0.5224312590448625,0.5224312590448625,0.7233065442020665,0.6360153256704981,0.6360153256704981,0.7106227106227105,0.716923076923077,0.5782710280373832,0.6590909090909092,0.5238784370477569,0.6863181312569522,0.7435897435897436,0.7435897435897436,0.6120689655172413,0.6905311778290992,0.7052154195011338,0.7027649769585254,0.751054852320675,0.6974248927038627,0.6974248927038627,0.7427616926503341,0.5832083958020989,0.5650060753341434,0.5585365853658537,0.5914454277286136,0.6258205689277899,0.678622668579627,0.6854741896758704,0.42940320232896656,0.7880239520958083,0.8142340168878166,0.8172757475083057,0.6978021978021978,0.7894088669950738,0.8172757475083057,0.7834549878345498,0.796875,0.8111111111111111,0.7607891491985204,0.7012345679012346,0.7684729064039408,0.7834549878345498,0.6836461126005362,0.6752910737386805,0.6961178045515395,0.796875,0.6966887417218544,0.7607891491985204,0.7061790668348045,0.7767441860465116,0.7689486552567237,0.7938650306748466,0.6949602122015914,0.7963414634146342,0.7868649318463445,0.8372615039281706,0.8372615039281706,0.8372615039281706,0.7537313432835822,0.8372615039281706,0.8372615039281706,0.7645739910313901,0.757679180887372,0.7242798353909465,0.6872427983539094,0.7392947103274559,0.8102493074792244,0.7029816513761468,0.775990099009901,0.5738396624472574,0.775990099009901,0.6082474226804124,0.7677902621722846,0.7646310432569975,0.5738396624472574,0.6228571428571428,0.751660026560425,0.7760617760617761,0.5914285714285714,0.761854583772392,0.6099110546378653,0.761854583772392,0.761854583772392,0.761854583772392,0.6662303664921466,0.6442105263157895,0.6776556776556777,0.7696335078534031,0.7696335078534031,0.7567264573991032,0.7383783783783784,0.7383783783783784,0.6921322690992018,0.7100656455142231,0.6153846153846154,0.6153846153846154,0.7265077138849929,0.6472346786248131,0.6745406824146982,0.7415115005476451,0.6854928017718716,0.6209912536443148,0.699228791773779,0.747093023255814,0.7737704918032787,0.6768115942028985,0.6784660766961652,0.6568213783403657,0.6464924346629985,0.7738359201773836,0.7452300785634118,0.6648275862068965,0.6956521739130435,0.6568213783403657,0.6008902077151335
Faecalibacterium prausnitzii_C,0.6340621403912543,0.0,0.0,0.0,0.0,0.0,0.0,0.0,0.0,0.0,0.0,0.5526905829596412,0.5526905829596412,0.686411149825784,0.8247011952191234,0.8247011952191234,0.33251833740831294,0.6014319809069213,0.6014319809069213,0.5228070175438597,0.6721132897603486,0.6721132897603486,0.7607802874743327,0.6187192118226601,0.5178764897074757,0.5610766045548654,0.6288056206088992,0.5784418356456777,0.522271714922049,0.522271714922049,0.6542168674698795,0.6793422404933196,0.6697530864197531,0.6239224137931034,0.5377875136911281,0.4748603351955307,0.4748603351955307,0.6310160427807487,0.6485819975339088,0.602308499475341,0.5819148936170213,0.6658624849215923,0.5672097759674135,0.706875753920386,0.6870389884088515,0.556338028169014,0.7847439916405434,0.791044776119403,0.7906746031746031,0.753968253968254,0.7806451612903226,0.7906746031746031,0.782010582010582,0.7783669141039237,0.7802197802197802,0.7895287958115184,0.7403141361256544,0.7985386221294364,0.782010582010582,0.7671381936887922,0.7709205020920502,0.7691466083150984,0.7783669141039237,0.7513751375137514,0.7895287958115184,0.7452025586353945,0.8005982053838485,0.7975077881619937,0.8050579557428872,0.772972972972973,0.7957671957671958,0.80927291886196,0.6796440489432702,0.6796440489432702,0.6796440489432702,0.8427230046948357,0.6796440489432702,0.6796440489432702,0.7188139059304703,0.7159090909090908,0.7588978185993112,0.7480225988700565,0.7848101265822784,0.8337182448036952,0.718,0.7872340425531915,0.6821266968325792,0.7872340425531915,0.7255813953488373,0.7841880341880342,0.7896440129449838,0.6821266968325792,0.7386877828054299,0.8179848320693391,0.8226495726495726,0.6915995397008055,0.5217391304347826,0.6698717948717949,0.5217391304347826,0.5217391304347826,0.5217391304347826,0.7171052631578947,0.5581162324649298,0.703781512605042,0.7891231964483907,0.7891231964483907,0.6348862405200433,0.6398348813209495,0.6398348813209495,0.7531219980787704,0.7037037037037037,0.7058111380145278,0.7058111380145278,0.7771362586605081,0.7677946324387398,0.7027932960893855,0.6472424557752341,0.5705128205128205,0.6956004756242569,0.6708571428571428,0.7736077481840193,0.8013182674199624,0.7895335608646189,0.7355072463768115,0.7243367935409457,0.7332589285714286,0.6351791530944626,0.6384120171673819,0.735593220338983,0.7398081534772183,0.7243367935409457,0.7219626168224299
Faecalibacterium prausnitzii,0.6340621403912543,0.0,0.0,0.0,0.0,0.0,0.0,0.0,0.0,0.0,0.0,0.5526905829596412,0.5526905829596412,0.686411149825784,0.8247011952191234,0.8247011952191234,0.33251833740831294,0.6014319809069213,0.6014319809069213,0.5228070175438597,0.6721132897603486,0.6721132897603486,0.7607802874743327,0.6187192118226601,0.5178764897074757,0.5610766045548654,0.6288056206088992,0.5784418356456777,0.522271714922049,0.522271714922049,0.6542168674698795,0.6793422404933196,0.6697530864197531,0.6239224137931034,0.5377875136911281,0.4748603351955307,0.4748603351955307,0.6310160427807487,0.6485819975339088,0.602308499475341,0.5819148936170213,0.6658624849215923,0.5672097759674135,0.706875753920386,0.6870389884088515,0.556338028169014,0.7847439916405434,0.791044776119403,0.7906746031746031,0.753968253968254,0.7806451612903226,0.7906746031746031,0.782010582010582,0.7783669141039237,0.7802197802197802,0.7895287958115184,0.7403141361256544,0.7985386221294364,0.782010582010582,0.7671381936887922,0.7709205020920502,0.7691466083150984,0.7783669141039237,0.7513751375137514,0.7895287958115184,0.7452025586353945,0.8005982053838485,0.7975077881619937,0.8050579557428872,0.772972972972973,0.7957671957671958,0.80927291886196,0.6796440489432702,0.6796440489432702,0.6796440489432702,0.8427230046948357,0.6796440489432702,0.6796440489432702,0.7188139059304703,0.7159090909090908,0.7588978185993112,0.7480225988700565,0.7848101265822784,0.8337182448036952,0.718,0.7872340425531915,0.6821266968325792,0.7872340425531915,0.7255813953488373,0.7841880341880342,0.7896440129449838,0.6821266968325792,0.7386877828054299,0.8179848320693391,0.8226495726495726,0.6915995397008055,0.5217391304347826,0.6698717948717949,0.5217391304347826,0.5217391304347826,0.5217391304347826,0.7171052631578947,0.5581162324649298,0.703781512605042,0.7891231964483907,0.7891231964483907,0.6348862405200433,0.6398348813209495,0.6398348813209495,0.7531219980787704,0.7037037037037037,0.7058111380145278,0.7058111380145278,0.7771362586605081,0.7677946324387398,0.7027932960893855,0.6472424557752341,0.5705128205128205,0.6956004756242569,0.6708571428571428,0.7736077481840193,0.8013182674199624,0.7895335608646189,0.7355072463768115,0.7243367935409457,0.7332589285714286,0.6351791530944626,0.6384120171673819,0.735593220338983,0.7398081534772183,0.7243367935409457,0.7219626168224299
Faecalibacterium sp900539885,0.6340621403912543,0.0,0.0,0.0,0.0,0.0,0.0,0.0,0.0,0.0,0.0,0.5526905829596412,0.5526905829596412,0.686411149825784,0.8247011952191234,0.8247011952191234,0.33251833740831294,0.6014319809069213,0.6014319809069213,0.5228070175438597,0.6721132897603486,0.6721132897603486,0.7607802874743327,0.6187192118226601,0.5178764897074757,0.5610766045548654,0.6288056206088992,0.5784418356456777,0.522271714922049,0.522271714922049,0.6542168674698795,0.6793422404933196,0.6697530864197531,0.6239224137931034,0.5377875136911281,0.4748603351955307,0.4748603351955307,0.6310160427807487,0.6485819975339088,0.602308499475341,0.5819148936170213,0.6658624849215923,0.5672097759674135,0.706875753920386,0.6870389884088515,0.556338028169014,0.7847439916405434,0.791044776119403,0.7906746031746031,0.753968253968254,0.7806451612903226,0.7906746031746031,0.782010582010582,0.7783669141039237,0.7802197802197802,0.7895287958115184,0.7403141361256544,0.7985386221294364,0.782010582010582,0.7671381936887922,0.7709205020920502,0.7691466083150984,0.7783669141039237,0.7513751375137514,0.7895287958115184,0.7452025586353945,0.8005982053838485,0.7975077881619937,0.8050579557428872,0.772972972972973,0.7957671957671958,0.80927291886196,0.6796440489432702,0.6796440489432702,0.6796440489432702,0.8427230046948357,0.6796440489432702,0.6796440489432702,0.7188139059304703,0.7159090909090908,0.7588978185993112,0.7480225988700565,0.7848101265822784,0.8337182448036952,0.718,0.7872340425531915,0.6821266968325792,0.7872340425531915,0.7255813953488373,0.7841880341880342,0.7896440129449838,0.6821266968325792,0.7386877828054299,0.8179848320693391,0.8226495726495726,0.6915995397008055,0.5217391304347826,0.6698717948717949,0.5217391304347826,0.5217391304347826,0.5217391304347826,0.7171052631578947,0.5581162324649298,0.703781512605042,0.7891231964483907,0.7891231964483907,0.6348862405200433,0.6398348813209495,0.6398348813209495,0.7531219980787704,0.7037037037037037,0.7058111380145278,0.7058111380145278,0.7771362586605081,0.7677946324387398,0.7027932960893855,0.6472424557752341,0.5705128205128205,0.6956004756242569,0.6708571428571428,0.7736077481840193,0.8013182674199624,0.7895335608646189,0.7355072463768115,0.7243367935409457,0.7332589285714286,0.6351791530944626,0.6384120171673819,0.735593220338983,0.7398081534772183,0.7243367935409457,0.7219626168224299
Faecalibacterium prausnitzii_G,0.6340621403912543,0.0,0.0,0.0,0.0,0.0,0.0,0.0,0.0,0.0,0.0,0.5526905829596412,0.5526905829596412,0.686411149825784,0.8247011952191234,0.8247011952191234,0.33251833740831294,0.6014319809069213,0.6014319809069213,0.5228070175438597,0.6721132897603486,0.6721132897603486,0.7607802874743327,0.6187192118226601,0.5178764897074757,0.5610766045548654,0.6288056206088992,0.5784418356456777,0.522271714922049,0.522271714922049,0.6542168674698795,0.6793422404933196,0.6697530864197531,0.6239224137931034,0.5377875136911281,0.4748603351955307,0.4748603351955307,0.6310160427807487,0.6485819975339088,0.602308499475341,0.5819148936170213,0.6658624849215923,0.5672097759674135,0.706875753920386,0.6870389884088515,0.556338028169014,0.7847439916405434,0.791044776119403,0.7906746031746031,0.753968253968254,0.7806451612903226,0.7906746031746031,0.782010582010582,0.7783669141039237,0.7802197802197802,0.7895287958115184,0.7403141361256544,0.7985386221294364,0.782010582010582,0.7671381936887922,0.7709205020920502,0.7691466083150984,0.7783669141039237,0.7513751375137514,0.7895287958115184,0.7452025586353945,0.8005982053838485,0.7975077881619937,0.8050579557428872,0.772972972972973,0.7957671957671958,0.80927291886196,0.6796440489432702,0.6796440489432702,0.6796440489432702,0.8427230046948357,0.6796440489432702,0.6796440489432702,0.7188139059304703,0.7159090909090908,0.7588978185993112,0.7480225988700565,0.7848101265822784,0.8337182448036952,0.718,0.7872340425531915,0.6821266968325792,0.7872340425531915,0.7255813953488373,0.7841880341880342,0.7896440129449838,0.6821266968325792,0.7386877828054299,0.8179848320693391,0.8226495726495726,0.6915995397008055,0.5217391304347826,0.6698717948717949,0.5217391304347826,0.5217391304347826,0.5217391304347826,0.7171052631578947,0.5581162324649298,0.703781512605042,0.7891231964483907,0.7891231964483907,0.6348862405200433,0.6398348813209495,0.6398348813209495,0.7531219980787704,0.7037037037037037,0.7058111380145278,0.7058111380145278,0.7771362586605081,0.7677946324387398,0.7027932960893855,0.6472424557752341,0.5705128205128205,0.6956004756242569,0.6708571428571428,0.7736077481840193,0.8013182674199624,0.7895335608646189,0.7355072463768115,0.7243367935409457,0.7332589285714286,0.6351791530944626,0.6384120171673819,0.735593220338983,0.7398081534772183,0.7243367935409457,0.7219626168224299
Faecalibacterium prausnitzii_J,0.6340621403912543,0.0,0.0,0.0,0.0,0.0,0.0,0.0,0.0,0.0,0.0,0.5526905829596412,0.5526905829596412,0.686411149825784,0.8247011952191234,0.8247011952191234,0.33251833740831294,0.6014319809069213,0.6014319809069213,0.5228070175438597,0.6721132897603486,0.6721132897603486,0.7607802874743327,0.6187192118226601,0.5178764897074757,0.5610766045548654,0.6288056206088992,0.5784418356456777,0.522271714922049,0.522271714922049,0.6542168674698795,0.6793422404933196,0.6697530864197531,0.6239224137931034,0.5377875136911281,0.4748603351955307,0.4748603351955307,0.6310160427807487,0.6485819975339088,0.602308499475341,0.5819148936170213,0.6658624849215923,0.5672097759674135,0.706875753920386,0.6870389884088515,0.556338028169014,0.7847439916405434,0.791044776119403,0.7906746031746031,0.753968253968254,0.7806451612903226,0.7906746031746031,0.782010582010582,0.7783669141039237,0.7802197802197802,0.7895287958115184,0.7403141361256544,0.7985386221294364,0.782010582010582,0.7671381936887922,0.7709205020920502,0.7691466083150984,0.7783669141039237,0.7513751375137514,0.7895287958115184,0.7452025586353945,0.8005982053838485,0.7975077881619937,0.8050579557428872,0.772972972972973,0.7957671957671958,0.80927291886196,0.6796440489432702,0.6796440489432702,0.6796440489432702,0.8427230046948357,0.6796440489432702,0.6796440489432702,0.7188139059304703,0.7159090909090908,0.7588978185993112,0.7480225988700565,0.7848101265822784,0.8337182448036952,0.718,0.7872340425531915,0.6821266968325792,0.7872340425531915,0.7255813953488373,0.7841880341880342,0.7896440129449838,0.6821266968325792,0.7386877828054299,0.8179848320693391,0.8226495726495726,0.6915995397008055,0.5217391304347826,0.6698717948717949,0.5217391304347826,0.5217391304347826,0.5217391304347826,0.7171052631578947,0.5581162324649298,0.703781512605042,0.7891231964483907,0.7891231964483907,0.6348862405200433,0.6398348813209495,0.6398348813209495,0.7531219980787704,0.7037037037037037,0.7058111380145278,0.7058111380145278,0.7771362586605081,0.7677946324387398,0.7027932960893855,0.6472424557752341,0.5705128205128205,0.6956004756242569,0.6708571428571428,0.7736077481840193,0.8013182674199624,0.7895335608646189,0.7355072463768115,0.7243367935409457,0.7332589285714286,0.6351791530944626,0.6384120171673819,0.735593220338983,0.7398081534772183,0.7243367935409457,0.7219626168224299
Faecalibacterium prausnitzii_A,0.6340621403912543,0.0,0.0,0.0,0.0,0.0,0.0,0.0,0.0,0.0,0.0,0.5526905829596412,0.5526905829596412,0.686411149825784,0.8247011952191234,0.8247011952191234,0.33251833740831294,0.6014319809069213,0.6014319809069213,0.5228070175438597,0.6721132897603486,0.6721132897603486,0.7607802874743327,0.6187192118226601,0.5178764897074757,0.5610766045548654,0.6288056206088992,0.5784418356456777,0.522271714922049,0.522271714922049,0.6542168674698795,0.6793422404933196,0.6697530864197531,0.6239224137931034,0.5377875136911281,0.4748603351955307,0.4748603351955307,0.6310160427807487,0.6485819975339088,0.602308499475341,0.5819148936170213,0.6658624849215923,0.5672097759674135,0.706875753920386,0.6870389884088515,0.556338028169014,0.7847439916405434,0.791044776119403,0.7906746031746031,0.753968253968254,0.7806451612903226,0.7906746031746031,0.782010582010582,0.7783669141039237,0.7802197802197802,0.7895287958115184,0.7403141361256544,0.7985386221294364,0.782010582010582,0.7671381936887922,0.7709205020920502,0.7691466083150984,0.7783669141039237,0.7513751375137514,0.7895287958115184,0.7452025586353945,0.8005982053838485,0.7975077881619937,0.8050579557428872,0.772972972972973,0.7957671957671958,0.80927291886196,0.6796440489432702,0.6796440489432702,0.6796440489432702,0.8427230046948357,0.6796440489432702,0.6796440489432702,0.7188139059304703,0.7159090909090908,0.7588978185993112,0.7480225988700565,0.7848101265822784,0.8337182448036952,0.718,0.7872340425531915,0.6821266968325792,0.7872340425531915,0.7255813953488373,0.7841880341880342,0.7896440129449838,0.6821266968325792,0.7386877828054299,0.8179848320693391,0.8226495726495726,0.6915995397008055,0.5217391304347826,0.6698717948717949,0.5217391304347826,0.5217391304347826,0.5217391304347826,0.7171052631578947,0.5581162324649298,0.703781512605042,0.7891231964483907,0.7891231964483907,0.6348862405200433,0.6398348813209495,0.6398348813209495,0.7531219980787704,0.7037037037037037,0.7058111380145278,0.7058111380145278,0.7771362586605081,0.7677946324387398,0.7027932960893855,0.6472424557752341,0.5705128205128205,0.6956004756242569,0.6708571428571428,0.7736077481840193,0.8013182674199624,0.7895335608646189,0.7355072463768115,0.7243367935409457,0.7332589285714286,0.6351791530944626,0.6384120171673819,0.735593220338983,0.7398081534772183,0.7243367935409457,0.7219626168224299
Faecalibacterium sp900758465,0.6340621403912543,0.0,0.0,0.0,0.0,0.0,0.0,0.0,0.0,0.0,0.0,0.5526905829596412,0.5526905829596412,0.686411149825784,0.8247011952191234,0.8247011952191234,0.33251833740831294,0.6014319809069213,0.6014319809069213,0.5228070175438597,0.6721132897603486,0.6721132897603486,0.7607802874743327,0.6187192118226601,0.5178764897074757,0.5610766045548654,0.6288056206088992,0.5784418356456777,0.522271714922049,0.522271714922049,0.6542168674698795,0.6793422404933196,0.6697530864197531,0.6239224137931034,0.5377875136911281,0.4748603351955307,0.4748603351955307,0.6310160427807487,0.6485819975339088,0.602308499475341,0.5819148936170213,0.6658624849215923,0.5672097759674135,0.706875753920386,0.6870389884088515,0.556338028169014,0.7847439916405434,0.791044776119403,0.7906746031746031,0.753968253968254,0.7806451612903226,0.7906746031746031,0.782010582010582,0.7783669141039237,0.7802197802197802,0.7895287958115184,0.7403141361256544,0.7985386221294364,0.782010582010582,0.7671381936887922,0.7709205020920502,0.7691466083150984,0.7783669141039237,0.7513751375137514,0.7895287958115184,0.7452025586353945,0.8005982053838485,0.7975077881619937,0.8050579557428872,0.772972972972973,0.7957671957671958,0.80927291886196,0.6796440489432702,0.6796440489432702,0.6796440489432702,0.8427230046948357,0.6796440489432702,0.6796440489432702,0.7188139059304703,0.7159090909090908,0.7588978185993112,0.7480225988700565,0.7848101265822784,0.8337182448036952,0.718,0.7872340425531915,0.6821266968325792,0.7872340425531915,0.7255813953488373,0.7841880341880342,0.7896440129449838,0.6821266968325792,0.7386877828054299,0.8179848320693391,0.8226495726495726,0.6915995397008055,0.5217391304347826,0.6698717948717949,0.5217391304347826,0.5217391304347826,0.5217391304347826,0.7171052631578947,0.5581162324649298,0.703781512605042,0.7891231964483907,0.7891231964483907,0.6348862405200433,0.6398348813209495,0.6398348813209495,0.7531219980787704,0.7037037037037037,0.7058111380145278,0.7058111380145278,0.7771362586605081,0.7677946324387398,0.7027932960893855,0.6472424557752341,0.5705128205128205,0.6956004756242569,0.6708571428571428,0.7736077481840193,0.8013182674199624,0.7895335608646189,0.7355072463768115,0.7243367935409457,0.7332589285714286,0.6351791530944626,0.6384120171673819,0.735593220338983,0.7398081534772183,0.7243367935409457,0.7219626168224299
Faecalibacterium prausnitzii_H,0.6340621403912543,0.0,0.0,0.0,0.0,0.0,0.0,0.0,0.0,0.0,0.0,0.5526905829596412,0.5526905829596412,0.686411149825784,0.8247011952191234,0.8247011952191234,0.33251833740831294,0.6014319809069213,0.6014319809069213,0.5228070175438597,0.6721132897603486,0.6721132897603486,0.7607802874743327,0.6187192118226601,0.5178764897074757,0.5610766045548654,0.6288056206088992,0.5784418356456777,0.522271714922049,0.522271714922049,0.6542168674698795,0.6793422404933196,0.6697530864197531,0.6239224137931034,0.5377875136911281,0.4748603351955307,0.4748603351955307,0.6310160427807487,0.6485819975339088,0.602308499475341,0.5819148936170213,0.6658624849215923,0.5672097759674135,0.706875753920386,0.6870389884088515,0.556338028169014,0.7847439916405434,0.791044776119403,0.7906746031746031,0.753968253968254,0.7806451612903226,0.7906746031746031,0.782010582010582,0.7783669141039237,0.7802197802197802,0.7895287958115184,0.7403141361256544,0.7985386221294364,0.782010582010582,0.7671381936887922,0.7709205020920502,0.7691466083150984,0.7783669141039237,0.7513751375137514,0.7895287958115184,0.7452025586353945,0.8005982053838485,0.7975077881619937,0.8050579557428872,0.772972972972973,0.7957671957671958,0.80927291886196,0.6796440489432702,0.6796440489432702,0.6796440489432702,0.8427230046948357,0.6796440489432702,0.6796440489432702,0.7188139059304703,0.7159090909090908,0.7588978185993112,0.7480225988700565,0.7848101265822784,0.8337182448036952,0.718,0.7872340425531915,0.6821266968325792,0.7872340425531915,0.7255813953488373,0.7841880341880342,0.7896440129449838,0.6821266968325792,0.7386877828054299,0.8179848320693391,0.8226495726495726,0.6915995397008055,0.5217391304347826,0.6698717948717949,0.5217391304347826,0.5217391304347826,0.5217391304347826,0.7171052631578947,0.5581162324649298,0.703781512605042,0.7891231964483907,0.7891231964483907,0.6348862405200433,0.6398348813209495,0.6398348813209495,0.7531219980787704,0.7037037037037037,0.7058111380145278,0.7058111380145278,0.7771362586605081,0.7677946324387398,0.7027932960893855,0.6472424557752341,0.5705128205128205,0.6956004756242569,0.6708571428571428,0.7736077481840193,0.8013182674199624,0.7895335608646189,0.7355072463768115,0.7243367935409457,0.7332589285714286,0.6351791530944626,0.6384120171673819,0.735593220338983,0.7398081534772183,0.7243367935409457,0.7219626168224299
Faecalibacterium prausnitzii_E,0.6340621403912543,0.0,0.0,0.0,0.0,0.0,0.0,0.0,0.0,0.0,0.0,0.5526905829596412,0.5526905829596412,0.686411149825784,0.8247011952191234,0.8247011952191234,0.33251833740831294,0.6014319809069213,0.6014319809069213,0.5228070175438597,0.6721132897603486,0.6721132897603486,0.7607802874743327,0.6187192118226601,0.5178764897074757,0.5610766045548654,0.6288056206088992,0.5784418356456777,0.522271714922049,0.522271714922049,0.6542168674698795,0.6793422404933196,0.6697530864197531,0.6239224137931034,0.5377875136911281,0.4748603351955307,0.4748603351955307,0.6310160427807487,0.6485819975339088,0.602308499475341,0.5819148936170213,0.6658624849215923,0.5672097759674135,0.706875753920386,0.6870389884088515,0.556338028169014,0.7847439916405434,0.791044776119403,0.7906746031746031,0.753968253968254,0.7806451612903226,0.7906746031746031,0.782010582010582,0.7783669141039237,0.7802197802197802,0.7895287958115184,0.7403141361256544,0.7985386221294364,0.782010582010582,0.7671381936887922,0.7709205020920502,0.7691466083150984,0.7783669141039237,0.7513751375137514,0.7895287958115184,0.7452025586353945,0.8005982053838485,0.7975077881619937,0.8050579557428872,0.772972972972973,0.7957671957671958,0.80927291886196,0.6796440489432702,0.6796440489432702,0.6796440489432702,0.8427230046948357,0.6796440489432702,0.6796440489432702,0.7188139059304703,0.7159090909090908,0.7588978185993112,0.7480225988700565,0.7848101265822784,0.8337182448036952,0.718,0.7872340425531915,0.6821266968325792,0.7872340425531915,0.7255813953488373,0.7841880341880342,0.7896440129449838,0.6821266968325792,0.7386877828054299,0.8179848320693391,0.8226495726495726,0.6915995397008055,0.5217391304347826,0.6698717948717949,0.5217391304347826,0.5217391304347826,0.5217391304347826,0.7171052631578947,0.5581162324649298,0.703781512605042,0.7891231964483907,0.7891231964483907,0.6348862405200433,0.6398348813209495,0.6398348813209495,0.7531219980787704,0.7037037037037037,0.7058111380145278,0.7058111380145278,0.7771362586605081,0.7677946324387398,0.7027932960893855,0.6472424557752341,0.5705128205128205,0.6956004756242569,0.6708571428571428,0.7736077481840193,0.8013182674199624,0.7895335608646189,0.7355072463768115,0.7243367935409457,0.7332589285714286,0.6351791530944626,0.6384120171673819,0.735593220338983,0.7398081534772183,0.7243367935409457,0.7219626168224299
Faecalibacterium prausnitzii_F,0.6340621403912543,0.0,0.0,0.0,0.0,0.0,0.0,0.0,0.0,0.0,0.0,0.5526905829596412,0.5526905829596412,0.686411149825784,0.8247011952191234,0.8247011952191234,0.33251833740831294,0.6014319809069213,0.6014319809069213,0.5228070175438597,0.6721132897603486,0.6721132897603486,0.7607802874743327,0.6187192118226601,0.5178764897074757,0.5610766045548654,0.6288056206088992,0.5784418356456777,0.522271714922049,0.522271714922049,0.6542168674698795,0.6793422404933196,0.6697530864197531,0.6239224137931034,0.5377875136911281,0.4748603351955307,0.4748603351955307,0.6310160427807487,0.6485819975339088,0.602308499475341,0.5819148936170213,0.6658624849215923,0.5672097759674135,0.706875753920386,0.6870389884088515,0.556338028169014,0.7847439916405434,0.791044776119403,0.7906746031746031,0.753968253968254,0.7806451612903226,0.7906746031746031,0.782010582010582,0.7783669141039237,0.7802197802197802,0.7895287958115184,0.7403141361256544,0.7985386221294364,0.782010582010582,0.7671381936887922,0.7709205020920502,0.7691466083150984,0.7783669141039237,0.7513751375137514,0.7895287958115184,0.7452025586353945,0.8005982053838485,0.7975077881619937,0.8050579557428872,0.772972972972973,0.7957671957671958,0.80927291886196,0.6796440489432702,0.6796440489432702,0.6796440489432702,0.8427230046948357,0.6796440489432702,0.6796440489432702,0.7188139059304703,0.7159090909090908,0.7588978185993112,0.7480225988700565,0.7848101265822784,0.8337182448036952,0.718,0.7872340425531915,0.6821266968325792,0.7872340425531915,0.7255813953488373,0.7841880341880342,0.7896440129449838,0.6821266968325792,0.7386877828054299,0.8179848320693391,0.8226495726495726,0.6915995397008055,0.5217391304347826,0.6698717948717949,0.5217391304347826,0.5217391304347826,0.5217391304347826,0.7171052631578947,0.5581162324649298,0.703781512605042,0.7891231964483907,0.7891231964483907,0.6348862405200433,0.6398348813209495,0.6398348813209495,0.7531219980787704,0.7037037037037037,0.7058111380145278,0.7058111380145278,0.7771362586605081,0.7677946324387398,0.7027932960893855,0.6472424557752341,0.5705128205128205,0.6956004756242569,0.6708571428571428,0.7736077481840193,0.8013182674199624,0.7895335608646189,0.7355072463768115,0.7243367935409457,0.7332589285714286,0.6351791530944626,0.6384120171673819,0.735593220338983,0.7398081534772183,0.7243367935409457,0.7219626168224299
Gemmiger formicilis,0.7030716723549488,0.5526905829596412,0.5526905829596412,0.5526905829596412,0.5526905829596412,0.5526905829596412,0.5526905829596412,0.5526905829596412,0.5526905829596412,0.5526905829596412,0.5526905829596412,0.0,0.0,0.49444444444444446,0.6081081081081081,0.6081081081081081,0.5575027382256298,0.6918604651162791,0.6918604651162791,0.3699731903485255,0.5220680958385877,0.5220680958385877,0.5536159600997506,0.42807424593967514,0.5467546754675467,0.3877551020408163,0.7124856815578465,0.411619283065513,0.4780023781212842,0.4780023781212842,0.718562874251497,0.4168797953964194,0.44831880448318806,0.4701492537313433,0.4882629107981221,0.4638694638694638,0.4638694638694638,0.38188976377952755,0.6920199501246882,0.6108108108108108,0.5218390804597701,0.6174934725848564,0.5438972162740899,0.5272988505747127,0.5413625304136254,0.7014270032930845,0.7361268403171009,0.7605473204104903,0.7064017660044151,0.8139797068771139,0.7226792009400704,0.7064017660044151,0.726643598615917,0.7584269662921348,0.7041942604856513,0.7664071190211346,0.7715196599362381,0.7468785471055619,0.726643598615917,0.8310010764262648,0.8200836820083682,0.8257080610021786,0.7584269662921348,0.817391304347826,0.7664071190211346,0.7650273224043715,0.7338444687842278,0.7614269788182831,0.7345750873108265,0.8237837837837838,0.7224824355971897,0.7450753186558516,0.5606060606060606,0.5606060606060606,0.5606060606060606,0.8128950695322377,0.5606060606060606,0.5606060606060606,0.81648675171737,0.8146679881070367,0.8316384180790961,0.8051801801801801,0.7936681222707423,0.8313106796116505,0.7294238683127572,0.7593643586833144,0.7438202247191011,0.7593643586833144,0.7802325581395348,0.7209847596717468,0.7171837708830548,0.7438202247191011,0.7794285714285714,0.8082191780821918,0.7689614935822637,0.7599544937428897,0.6522655426765016,0.7468619246861925,0.6522655426765016,0.6522655426765016,0.6522655426765016,0.7859459459459459,0.5347368421052632,0.7699481865284974,0.7630331753554502,0.7630331753554502,0.4408740359897172,0.30984042553191493,0.30984042553191493,0.6282894736842105,0.6663201663201663,0.7789725209080047,0.7789725209080047,0.6631439894319683,0.6688654353562005,0.6800947867298579,0.48488512696493347,0.5005807200929152,0.7485101311084624,0.648910411622276,0.7322834645669292,0.6831364124597208,0.8077373974208675,0.7546699875466999,0.6509554140127389,0.817391304347826,0.40998685939553214,0.45120405576679345,0.706875753920386,0.7481296758104738,0.6509554140127389,0.723170731707317
Gemmiger sp900540775,0.7030716723549488,0.5526905829596412,0.5526905829596412,0.5526905829596412,0.5526905829596412,0.5526905829596412,0.5526905829596412,0.5526905829596412,0.5526905829596412,0.5526905829596412,0.5526905829596412,0.0,0.0,0.49444444444444446,0.6081081081081081,0.6081081081081081,0.5575027382256298,0.6918604651162791,0.6918604651162791,0.3699731903485255,0.5220680958385877,0.5220680958385877,0.5536159600997506,0.42807424593967514,0.5467546754675467,0.3877551020408163,0.7124856815578465,0.411619283065513,0.4780023781212842,0.4780023781212842,0.718562874251497,0.4168797953964194,0.44831880448318806,0.4701492537313433,0.4882629107981221,0.4638694638694638,0.4638694638694638,0.38188976377952755,0.6920199501246882,0.6108108108108108,0.5218390804597701,0.6174934725848564,0.5438972162740899,0.5272988505747127,0.5413625304136254,0.7014270032930845,0.7361268403171009,0.7605473204104903,0.7064017660044151,0.8139797068771139,0.7226792009400704,0.7064017660044151,0.726643598615917,0.7584269662921348,0.7041942604856513,0.7664071190211346,0.7715196599362381,0.7468785471055619,0.726643598615917,0.8310010764262648,0.8200836820083682,0.8257080610021786,0.7584269662921348,0.817391304347826,0.7664071190211346,0.7650273224043715,0.7338444687842278,0.7614269788182831,0.7345750873108265,0.8237837837837838,0.7224824355971897,0.7450753186558516,0.5606060606060606,0.5606060606060606,0.5606060606060606,0.8128950695322377,0.5606060606060606,0.5606060606060606,0.81648675171737,0.8146679881070367,0.8316384180790961,0.8051801801801801,0.7936681222707423,0.8313106796116505,0.7294238683127572,0.7593643586833144,0.7438202247191011,0.7593643586833144,0.7802325581395348,0.7209847596717468,0.7171837708830548,0.7438202247191011,0.7794285714285714,0.8082191780821918,0.7689614935822637,0.7599544937428897,0.6522655426765016,0.7468619246861925,0.6522655426765016,0.6522655426765016,0.6522655426765016,0.7859459459459459,0.5347368421052632,0.7699481865284974,0.7630331753554502,0.7630331753554502,0.4408740359897172,0.30984042553191493,0.30984042553191493,0.6282894736842105,0.6663201663201663,0.7789725209080047,0.7789725209080047,0.6631439894319683,0.6688654353562005,0.6800947867298579,0.48488512696493347,0.5005807200929152,0.7485101311084624,0.648910411622276,0.7322834645669292,0.6831364124597208,0.8077373974208675,0.7546699875466999,0.6509554140127389,0.817391304347826,0.40998685939553214,0.45120405576679345,0.706875753920386,0.7481296758104738,0.6509554140127389,0.723170731707317
Anaerotruncus colihominis,0.6293706293706294,0.686411149825784,0.686411149825784,0.686411149825784,0.686411149825784,0.686411149825784,0.686411149825784,0.686411149825784,0.686411149825784,0.686411149825784,0.686411149825784,0.49444444444444446,0.49444444444444446,0.0,0.6779891304347826,0.6779891304347826,0.6882086167800454,0.6350777934936351,0.6350777934936351,0.6598984771573604,0.4918032786885246,0.4918032786885246,0.5955056179775281,0.6481900452488687,0.7366702937976061,0.5746987951807229,0.6666666666666667,0.6733490566037736,0.6358099878197321,0.6358099878197321,0.6906474820143884,0.4986072423398329,0.5163934426229508,0.6903304773561811,0.6004962779156328,0.6148325358851674,0.6148325358851674,0.5788079470198675,0.6302003081664098,0.7098623853211009,0.7042577675489068,0.5189456342668863,0.6913849509269356,0.40405904059040587,0.5468531468531468,0.6212938005390836,0.7354497354497355,0.7472972972972973,0.7459727385377943,0.7489481065918653,0.7213793103448276,0.7459727385377943,0.7156462585034014,0.7549407114624506,0.7542997542997543,0.7562254259501966,0.7703703703703704,0.7446808510638299,0.7156462585034014,0.7686170212765957,0.7541827541827542,0.7611336032388664,0.7549407114624506,0.7560321715817695,0.7562254259501966,0.7611749680715199,0.7279693486590038,0.7633289986996099,0.7231404958677685,0.7708609271523179,0.71939477303989,0.7286501377410468,0.788627935723115,0.788627935723115,0.788627935723115,0.7751572327044025,0.788627935723115,0.788627935723115,0.8167420814479638,0.817351598173516,0.7827298050139275,0.7291960507757405,0.809823677581864,0.7851739788199698,0.7866817155756207,0.7625994694960212,0.6694444444444445,0.7625994694960212,0.7190201729106629,0.7333333333333334,0.7291666666666667,0.6694444444444445,0.7047075606276747,0.7478753541076487,0.7839673913043479,0.6827195467422096,0.7412823397075365,0.6606451612903226,0.7412823397075365,0.7412823397075365,0.7412823397075365,0.7108433734939759,0.7112970711297071,0.7065491183879093,0.7636363636363637,0.7636363636363637,0.6052980132450332,0.6077694235588973,0.6077694235588973,0.699642431466031,0.6741440377804014,0.7134328358208955,0.7134328358208955,0.5680672268907563,0.5943708609271523,0.6582278481012658,0.7201405152224825,0.7306397306397306,0.7045123726346434,0.6904109589041096,0.658901830282862,0.71875,0.7633477633477633,0.6956521739130435,0.5684713375796178,0.7724867724867726,0.6775818639798489,0.7017114914425429,0.6055045871559632,0.705521472392638,0.5684713375796178,0.6353846153846154
Ruminococcus_E bromii_B,0.8346545866364665,0.8247011952191234,0.8247011952191234,0.8247011952191234,0.8247011952191234,0.8247011952191234,0.8247011952191234,0.8247011952191234,0.8247011952191234,0.8247011952191234,0.8247011952191234,0.6081081081081081,0.6081081081081081,0.6779891304347826,0.0,0.0,0.8141592920353982,0.8195576251455181,0.8195576251455181,0.6766467065868264,0.6933497536945813,0.6933497536945813,0.6447028423772609,0.6960167714884695,0.7839195979899498,0.7072402938090241,0.8138173302107728,0.6794150731158606,0.7054263565891472,0.7054263565891472,0.7952261306532663,0.6502994011976048,0.6439665471923537,0.7196796338672768,0.7234273318872018,0.7374476987447699,0.7374476987447699,0.6366950182260025,0.818639798488665,0.7995910020449898,0.760548523206751,0.7688311688311689,0.759682224428997,0.6317365269461077,0.7154663518299882,0.8296943231441047,0.75,0.7661188369152971,0.7502944640753828,0.82375,0.7582697201017812,0.7502944640753828,0.7493702770780857,0.7713226205191595,0.7269461077844311,0.7679012345679013,0.8057142857142857,0.7649253731343284,0.7493702770780857,0.8309352517985611,0.8215527230590962,0.8164014687882497,0.7713226205191595,0.8243080625752106,0.7679012345679013,0.8025851938895417,0.7603795966785291,0.7834549878345498,0.7406451612903227,0.8243080625752106,0.7222946544980443,0.7441860465116279,0.7105263157894737,0.7105263157894737,0.7105263157894737,0.7912408759124088,0.7105263157894737,0.7105263157894737,0.8375796178343949,0.8345864661654135,0.8301647655259823,0.8300492610837439,0.8038507821901324,0.7914893617021277,0.8055260361317746,0.7936117936117937,0.8358381502890173,0.7936117936117937,0.8419753086419753,0.759493670886076,0.7593307593307593,0.8358381502890173,0.8552631578947368,0.8144853875476493,0.7724317295188556,0.840047393364929,0.8481262327416174,0.8521647307286166,0.8481262327416174,0.8481262327416174,0.8481262327416174,0.8513053348467651,0.798311444652908,0.8491978609625669,0.7976804123711341,0.7976804123711341,0.6706875753920386,0.6464410735122521,0.6464410735122521,0.7608695652173914,0.7967145790554415,0.8199481865284974,0.8199481865284974,0.690406976744186,0.7630853994490359,0.8102016607354685,0.7464324917672887,0.7486744432661718,0.8291770573566085,0.7978468899521531,0.7518248175182481,0.5612903225806452,0.8294573643410853,0.7921195652173914,0.746031746031746,0.809987819732034,0.6646415552855407,0.7185697808535179,0.7835443037974683,0.7369165487977369,0.746031746031746,0.8241206030150754
Ruminococcus_E bromii,0.8346545866364665,0.8247011952191234,0.8247011952191234,0.8247011952191234,0.8247011952191234,0.8247011952191234,0.8247011952191234,0.8247011952191234,0.8247011952191234,0.8247011952191234,0.8247011952191234,0.6081081081081081,0.6081081081081081,0.6779891304347826,0.0,0.0,0.8141592920353982,0.8195576251455181,0.8195576251455181,0.6766467065868264,0.6933497536945813,0.6933497536945813,0.6447028423772609,0.6960167714884695,0.7839195979899498,0.7072402938090241,0.8138173302107728,0.6794150731158606,0.7054263565891472,0.7054263565891472,0.7952261306532663,0.6502994011976048,0.6439665471923537,0.7196796338672768,0.7234273318872018,0.7374476987447699,0.7374476987447699,0.6366950182260025,0.818639798488665,0.7995910020449898,0.760548523206751,0.7688311688311689,0.759682224428997,0.6317365269461077,0.7154663518299882,0.8296943231441047,0.75,0.7661188369152971,0.7502944640753828,0.82375,0.7582697201017812,0.7502944640753828,0.7493702770780857,0.7713226205191595,0.7269461077844311,0.7679012345679013,0.8057142857142857,0.7649253731343284,0.7493702770780857,0.8309352517985611,0.8215527230590962,0.8164014687882497,0.7713226205191595,0.8243080625752106,0.7679012345679013,0.8025851938895417,0.7603795966785291,0.7834549878345498,0.7406451612903227,0.8243080625752106,0.7222946544980443,0.7441860465116279,0.7105263157894737,0.7105263157894737,0.7105263157894737,0.7912408759124088,0.7105263157894737,0.7105263157894737,0.8375796178343949,0.8345864661654135,0.8301647655259823,0.8300492610837439,0.8038507821901324,0.7914893617021277,0.8055260361317746,0.7936117936117937,0.8358381502890173,0.7936117936117937,0.8419753086419753,0.759493670886076,0.7593307593307593,0.8358381502890173,0.8552631578947368,0.8144853875476493,0.7724317295188556,0.840047393364929,0.8481262327416174,0.8521647307286166,0.8481262327416174,0.8481262327416174,0.8481262327416174,0.8513053348467651,0.798311444652908,0.8491978609625669,0.7976804123711341,0.7976804123711341,0.6706875753920386,0.6464410735122521,0.6464410735122521,0.7608695652173914,0.7967145790554415,0.8199481865284974,0.8199481865284974,0.690406976744186,0.7630853994490359,0.8102016607354685,0.7464324917672887,0.7486744432661718,0.8291770573566085,0.7978468899521531,0.7518248175182481,0.5612903225806452,0.8294573643410853,0.7921195652173914,0.746031746031746,0.809987819732034,0.6646415552855407,0.7185697808535179,0.7835443037974683,0.7369165487977369,0.746031746031746,0.8241206030150754
Blautia_A obeum,0.623155505107832,0.33251833740831294,0.33251833740831294,0.33251833740831294,0.33251833740831294,0.33251833740831294,0.33251833740831294,0.33251833740831294,0.33251833740831294,0.33251833740831294,0.33251833740831294,0.5575027382256298,0.5575027382256298,0.6882086167800454,0.8141592920353982,0.8141592920353982,0.0,0.47969543147208127,0.47969543147208127,0.5183908045977011,0.5963923337091319,0.5963923337091319,0.6826923076923077,0.5443425076452599,0.512273212379936,0.5551020408163265,0.5867768595041323,0.5334773218142548,0.458997722095672,0.458997722095672,0.6409036860879904,0.6567622950819672,0.6743718592964825,0.5852334419109664,0.4961325966850829,0.38818076477404406,0.38818076477404406,0.5956989247311828,0.6317073170731707,0.5318918918918919,0.5163755458515285,0.6507747318235995,0.5057351407716371,0.6928571428571428,0.6351931330472103,0.5743473325766175,0.7665975103734439,0.8016528925619835,0.7971014492753623,0.7731733914940022,0.8004136504653567,0.7971014492753623,0.7865979381443299,0.7905544147843943,0.7951690821256039,0.7814432989690722,0.7535496957403651,0.7765072765072765,0.7865979381443299,0.7643923240938166,0.7744897959183673,0.7556756756756757,0.7905544147843943,0.7688229056203606,0.7814432989690722,0.7559462254395036,0.7807539682539683,0.7893660531697342,0.7840670859538784,0.758288770053476,0.7925311203319502,0.7869884575026234,0.7026737967914438,0.7026737967914438,0.7026737967914438,0.8218859138533178,0.7026737967914438,0.7026737967914438,0.6882051282051282,0.6957862281603289,0.761744966442953,0.74,0.7767393561786085,0.8227272727272728,0.6933066933066934,0.7904564315352697,0.6722408026755853,0.7904564315352697,0.727891156462585,0.7900207900207901,0.7903055848261328,0.6722408026755853,0.7378318584070797,0.817989417989418,0.810126582278481,0.6976483762597985,0.5415318230852211,0.6964102564102563,0.5415318230852211,0.5415318230852211,0.5415318230852211,0.7436974789915967,0.5845410628019323,0.7272727272727273,0.761640798226164,0.761640798226164,0.6275346851654215,0.5686900958466454,0.5686900958466454,0.7509433962264151,0.6692836113837095,0.7428243398392652,0.7428243398392652,0.7836322869955157,0.7462340672074159,0.691289966923925,0.61875,0.5190010857763301,0.6880841121495327,0.6715083798882682,0.757177033492823,0.7916279069767442,0.7780269058295964,0.7087845968712394,0.7136363636363636,0.7171270718232043,0.6069489685124865,0.5984848484848485,0.7334070796460177,0.7299528301886793,0.7136363636363636,0.6961583236321304
Blautia_A wexlerae,0.5224312590448625,0.6014319809069213,0.6014319809069213,0.6014319809069213,0.6014319809069213,0.6014319809069213,0.6014319809069213,0.6014319809069213,0.6014319809069213,0.6014319809069213,0.6014319809069213,0.6918604651162791,0.6918604651162791,0.6350777934936351,0.8195576251455181,0.8195576251455181,0.47969543147208127,0.0,0.0,0.6893667861409797,0.5903614457831325,0.5903614457831325,0.6687979539641944,0.6851063829787234,0.6120092378752886,0.6490066225165563,0.5111111111111111,0.6898876404494382,0.7213656387665198,0.7213656387665198,0.5278637770897833,0.6788665879574971,0.6910569105691057,0.666266506602641,0.7011111111111111,0.6795154185022027,0.6795154185022027,0.709154113557358,0.5,0.546134663341646,0.5939759036144578,0.5126582278481013,0.5897727272727273,0.6375939849624059,0.6483103879849812,0.46464646464646464,0.7721674876847291,0.8004956629491946,0.8115124153498872,0.6803394625176804,0.7990074441687345,0.8115124153498872,0.7943696450428397,0.7975609756097561,0.8212290502793296,0.7762669962917181,0.7118012422360249,0.7641154328732748,0.7943696450428397,0.6914749661705006,0.7211660329531052,0.6826923076923077,0.7975609756097561,0.6834239130434783,0.7762669962917181,0.7218710493046776,0.7885514018691588,0.7783251231527093,0.7854454203262233,0.6905405405405405,0.8,0.7934918648310388,0.8331428571428572,0.8331428571428572,0.8331428571428572,0.7706146926536732,0.8331428571428572,0.8331428571428572,0.7462514417531718,0.7534722222222222,0.6796536796536796,0.6713681241184768,0.7439490445859873,0.7732558139534884,0.6808510638297872,0.7870485678704857,0.5667144906743184,0.7870485678704857,0.6056971514242879,0.791044776119403,0.789873417721519,0.5667144906743184,0.6500711237553343,0.7666666666666666,0.7906976744186046,0.5988455988455988,0.7776606954689147,0.6095360824742269,0.7776606954689147,0.7776606954689147,0.7776606954689147,0.6631158455392809,0.6876288659793814,0.6863468634686347,0.7223756906077348,0.7223756906077348,0.7037914691943128,0.695356738391846,0.695356738391846,0.7491712707182321,0.7643312101910829,0.668141592920354,0.668141592920354,0.7440225035161744,0.6453576864535768,0.6786188579017265,0.766050054406964,0.6482122260668973,0.5786259541984733,0.7035110533159947,0.7029096477794794,0.7740863787375415,0.7134670487106017,0.6446153846153846,0.6647727272727273,0.6671251719394773,0.754566210045662,0.7350917431192661,0.6855172413793104,0.6908284023668638,0.6647727272727273,0.6312684365781711
Blautia_A wexlerae_B,0.5224312590448625,0.6014319809069213,0.6014319809069213,0.6014319809069213,0.6014319809069213,0.6014319809069213,0.6014319809069213,0.6014319809069213,0.6014319809069213,0.6014319809069213,0.6014319809069213,0.6918604651162791,0.6918604651162791,0.6350777934936351,0.8195576251455181,0.8195576251455181,0.47969543147208127,0.0,0.0,0.6893667861409797,0.5903614457831325,0.5903614457831325,0.6687979539641944,0.6851063829787234,0.6120092378752886,0.6490066225165563,0.5111111111111111,0.6898876404494382,0.7213656387665198,0.7213656387665198,0.5278637770897833,0.6788665879574971,0.6910569105691057,0.666266506602641,0.7011111111111111,0.6795154185022027,0.6795154185022027,0.709154113557358,0.5,0.546134663341646,0.5939759036144578,0.5126582278481013,0.5897727272727273,0.6375939849624059,0.6483103879849812,0.46464646464646464,0.7721674876847291,0.8004956629491946,0.8115124153498872,0.6803394625176804,0.7990074441687345,0.8115124153498872,0.7943696450428397,0.7975609756097561,0.8212290502793296,0.7762669962917181,0.7118012422360249,0.7641154328732748,0.7943696450428397,0.6914749661705006,0.7211660329531052,0.6826923076923077,0.7975609756097561,0.6834239130434783,0.7762669962917181,0.7218710493046776,0.7885514018691588,0.7783251231527093,0.7854454203262233,0.6905405405405405,0.8,0.7934918648310388,0.8331428571428572,0.8331428571428572,0.8331428571428572,0.7706146926536732,0.8331428571428572,0.8331428571428572,0.7462514417531718,0.7534722222222222,0.6796536796536796,0.6713681241184768,0.7439490445859873,0.7732558139534884,0.6808510638297872,0.7870485678704857,0.5667144906743184,0.7870485678704857,0.6056971514242879,0.791044776119403,0.789873417721519,0.5667144906743184,0.6500711237553343,0.7666666666666666,0.7906976744186046,0.5988455988455988,0.7776606954689147,0.6095360824742269,0.7776606954689147,0.7776606954689147,0.7776606954689147,0.6631158455392809,0.6876288659793814,0.6863468634686347,0.7223756906077348,0.7223756906077348,0.7037914691943128,0.695356738391846,0.695356738391846,0.7491712707182321,0.7643312101910829,0.668141592920354,0.668141592920354,0.7440225035161744,0.6453576864535768,0.6786188579017265,0.766050054406964,0.6482122260668973,0.5786259541984733,0.7035110533159947,0.7029096477794794,0.7740863787375415,0.7134670487106017,0.6446153846153846,0.6647727272727273,0.6671251719394773,0.754566210045662,0.7350917431192661,0.6855172413793104,0.6908284023668638,0.6647727272727273,0.6312684365781711
Agathobacter sp900317585,0.7233065442020665,0.5228070175438597,0.5228070175438597,0.5228070175438597,0.5228070175438597,0.5228070175438597,0.5228070175438597,0.5228070175438597,0.5228070175438597,0.5228070175438597,0.5228070175438597,0.3699731903485255,0.3699731903485255,0.6598984771573604,0.6766467065868264,0.6766467065868264,0.5183908045977011,0.6893667861409797,0.6893667861409797,0.0,0.5928659286592866,0.5928659286592866,0.636144578313253,0.49204545454545456,0.5340136054421769,0.46736596736596736,0.7090694935217903,0.40886075949367084,0.5542725173210161,0.5542725173210161,0.7007481296758105,0.5612366230677764,0.5325301204819277,0.4550128534704371,0.576271186440678,0.5223367697594501,0.5223367697594501,0.4708121827411168,0.6876606683804627,0.5986622073578596,0.5234741784037559,0.6029810298102981,0.5100671140939597,0.6416893732970027,0.6009557945041817,0.6662817551963048,0.7093712930011862,0.7362768496420048,0.7044167610419025,0.8079161816065192,0.7163636363636363,0.7044167610419025,0.7236061684460261,0.7254437869822485,0.6857798165137614,0.7176749703440095,0.7508305647840532,0.7311320754716981,0.7236061684460261,0.8058690744920993,0.8095238095238095,0.8,0.7254437869822485,0.8036117381489842,0.7176749703440095,0.7505668934240363,0.7311586051743533,0.6936067551266587,0.7347670250896057,0.8036117381489842,0.723889555822329,0.7410501193317423,0.5577172503242542,0.5577172503242542,0.5577172503242542,0.8229974160206719,0.5577172503242542,0.5577172503242542,0.7868177136972194,0.7769633507853403,0.8108747044917257,0.774614472123369,0.7871621621621622,0.8119440914866582,0.7007534983853606,0.7184115523465704,0.7146226415094339,0.7184115523465704,0.7772455089820359,0.723889555822329,0.7278250303766707,0.7146226415094339,0.7807737397420867,0.7788461538461539,0.770059880239521,0.737217598097503,0.6446370530877573,0.7405812701829925,0.6446370530877573,0.6446370530877573,0.6446370530877573,0.7887168141592921,0.5427350427350428,0.782563025210084,0.7252195734002509,0.7252195734002509,0.5334158415841583,0.45590062111801244,0.45590062111801244,0.6633879781420765,0.7114989733059549,0.7621419676214196,0.7621419676214196,0.7464968152866243,0.7309184993531694,0.655940594059406,0.4987745098039216,0.49821640903686093,0.7382716049382716,0.6433915211970075,0.7459893048128342,0.7132116004296456,0.7953714981729598,0.7091633466135459,0.6899618805590851,0.7899543378995434,0.4768041237113402,0.4143426294820717,0.7268292682926829,0.7308192457737321,0.6899618805590851,0.6902313624678663
Mediterraneibacter faecis,0.6360153256704981,0.6721132897603486,0.6721132897603486,0.6721132897603486,0.6721132897603486,0.6721132897603486,0.6721132897603486,0.6721132897603486,0.6721132897603486,0.6721132897603486,0.6721132897603486,0.5220680958385877,0.5220680958385877,0.4918032786885246,0.6933497536945813,0.6933497536945813,0.5963923337091319,0.5903614457831325,0.5903614457831325,0.5928659286592866,0.0,0.0,0.4163027656477438,0.5453514739229025,0.6584317937701396,0.5589569160997732,0.6266318537859008,0.5350241545893719,0.5619047619047619,0.5619047619047619,0.7038961038961039,0.5012853470437018,0.5232704402515723,0.6765714285714286,0.619750283768445,0.5254437869822486,0.5254437869822486,0.5806845965770171,0.648686030428769,0.6446927374301676,0.6644664466446645,0.6098591549295775,0.6484784889821615,0.529320987654321,0.37608069164265134,0.5756410256410256,0.6494178525226391,0.6644736842105263,0.6966824644549763,0.7563451776649746,0.6574074074074074,0.6966824644549763,0.65625,0.6823979591836735,0.6973995271867612,0.6408912188728703,0.7017964071856287,0.6221628838451269,0.65625,0.7619047619047619,0.7749419953596288,0.7487562189054726,0.6823979591836735,0.7639902676399026,0.6408912188728703,0.7002457002457003,0.6208651399491094,0.6523994811932555,0.6466666666666667,0.73,0.6592105263157895,0.6447721179624665,0.7435294117647059,0.7435294117647059,0.7435294117647059,0.7823033707865168,0.7435294117647059,0.7435294117647059,0.7793326157158235,0.7729257641921398,0.7634961439588689,0.7105606258148631,0.7135740971357409,0.7959459459459459,0.6976483762597985,0.677461139896373,0.6624040920716112,0.677461139896373,0.7127799736495388,0.6485411140583555,0.6445945945945946,0.6624040920716112,0.7312101910828026,0.7376623376623377,0.6945551128818062,0.7243107769423559,0.7348008385744235,0.6768507638072856,0.7348008385744235,0.7348008385744235,0.7348008385744235,0.721411192214112,0.6839481555333998,0.7183908045977012,0.6593103448275862,0.6593103448275862,0.5084967320261438,0.536019536019536,0.536019536019536,0.6290697674418604,0.6347237880496054,0.7282463186077643,0.7282463186077643,0.6217008797653959,0.6556671449067432,0.6180371352785146,0.6670428893905191,0.6545253863134658,0.680161943319838,0.6245059288537549,0.6351145038167939,0.7077267637178051,0.7483443708609272,0.6855524079320113,0.53125,0.7347447073474471,0.5933250927070457,0.5906862745098039,0.6559139784946236,0.685472496473907,0.53125,0.6420612813370474
Mediterraneibacter torques,0.6360153256704981,0.6721132897603486,0.6721132897603486,0.6721132897603486,0.6721132897603486,0.6721132897603486,0.6721132897603486,0.6721132897603486,0.6721132897603486,0.6721132897603486,0.6721132897603486,0.5220680958385877,0.5220680958385877,0.4918032786885246,0.6933497536945813,0.6933497536945813,0.5963923337091319,0.5903614457831325,0.5903614457831325,0.5928659286592866,0.0,0.0,0.4163027656477438,0.5453514739229025,0.6584317937701396,0.5589569160997732,0.6266318537859008,0.5350241545893719,0.5619047619047619,0.5619047619047619,0.7038961038961039,0.5012853470437018,0.5232704402515723,0.6765714285714286,0.619750283768445,0.5254437869822486,0.5254437869822486,0.5806845965770171,0.648686030428769,0.6446927374301676,0.6644664466446645,0.6098591549295775,0.6484784889821615,0.529320987654321,0.37608069164265134,0.5756410256410256,0.6494178525226391,0.6644736842105263,0.6966824644549763,0.7563451776649746,0.6574074074074074,0.6966824644549763,0.65625,0.6823979591836735,0.6973995271867612,0.6408912188728703,0.7017964071856287,0.6221628838451269,0.65625,0.7619047619047619,0.7749419953596288,0.7487562189054726,0.6823979591836735,0.7639902676399026,0.6408912188728703,0.7002457002457003,0.6208651399491094,0.6523994811932555,0.6466666666666667,0.73,0.6592105263157895,0.6447721179624665,0.7435294117647059,0.7435294117647059,0.7435294117647059,0.7823033707865168,0.7435294117647059,0.7435294117647059,0.7793326157158235,0.7729257641921398,0.7634961439588689,0.7105606258148631,0.7135740971357409,0.7959459459459459,0.6976483762597985,0.677461139896373,0.6624040920716112,0.677461139896373,0.7127799736495388,0.6485411140583555,0.6445945945945946,0.6624040920716112,0.7312101910828026,0.7376623376623377,0.6945551128818062,0.7243107769423559,0.7348008385744235,0.6768507638072856,0.7348008385744235,0.7348008385744235,0.7348008385744235,0.721411192214112,0.6839481555333998,0.7183908045977012,0.6593103448275862,0.6593103448275862,0.5084967320261438,0.536019536019536,0.536019536019536,0.6290697674418604,0.6347237880496054,0.7282463186077643,0.7282463186077643,0.6217008797653959,0.6556671449067432,0.6180371352785146,0.6670428893905191,0.6545253863134658,0.680161943319838,0.6245059288537549,0.6351145038167939,0.7077267637178051,0.7483443708609272,0.6855524079320113,0.53125,0.7347447073474471,0.5933250927070457,0.5906862745098039,0.6559139784946236,0.685472496473907,0.53125,0.6420612813370474
Mediterraneibacter lactaris,0.7106227106227105,0.7607802874743327,0.7607802874743327,0.7607802874743327,0.7607802874743327,0.7607802874743327,0.7607802874743327,0.7607802874743327,0.7607802874743327,0.7607802874743327,0.7607802874743327,0.5536159600997506,0.5536159600997506,0.5955056179775281,0.6447028423772609,0.6447028423772609,0.6826923076923077,0.6687979539641944,0.6687979539641944,0.636144578313253,0.4163027656477438,0.4163027656477438,0.0,0.6303879310344828,0.7580321285140562,0.6255458515283843,0.7347931873479319,0.6034883720930233,0.5307125307125307,0.5307125307125307,0.6957671957671958,0.5090439276485788,0.5253807106598984,0.6812428078250863,0.6302616609783845,0.5667828106852497,0.5667828106852497,0.5919117647058824,0.7218543046357616,0.650561797752809,0.6863387978142077,0.6877523553162853,0.707193515704154,0.536547433903577,0.3910533910533911,0.7146198830409356,0.6016260162601625,0.6819973718791064,0.6875753920386007,0.7808564231738035,0.6316507503410641,0.6875753920386007,0.6308724832214765,0.6671018276762402,0.6787878787878787,0.6423841059602649,0.7006060606060607,0.6046511627906976,0.6308724832214765,0.7956730769230769,0.7902665121668597,0.7652173913043478,0.6671018276762402,0.784503631961259,0.6423841059602649,0.6957605985037407,0.6005221932114883,0.652230971128609,0.5991620111731844,0.7620221948212084,0.626193724420191,0.6086350974930362,0.7413587604290822,0.7413587604290822,0.7413587604290822,0.771551724137931,0.7413587604290822,0.7413587604290822,0.7574750830564784,0.7533632286995515,0.7959442332065907,0.8085365853658537,0.6977040816326531,0.7619718309859155,0.6845714285714286,0.6653439153439153,0.7374847374847375,0.6653439153439153,0.8012422360248448,0.6373477672530447,0.6331034482758621,0.7374847374847375,0.8072727272727273,0.7644787644787645,0.6606896551724137,0.7835550181378477,0.8203356367226061,0.7851690294438386,0.8203356367226061,0.8203356367226061,0.8203356367226061,0.8233295583238958,0.7590132827324478,0.8215811965811965,0.7096774193548387,0.7096774193548387,0.5261096605744126,0.5291201982651796,0.5291201982651796,0.6156583629893239,0.620253164556962,0.7958921694480103,0.7958921694480103,0.6892655367231638,0.69901547116737,0.6845466155810984,0.711135611907387,0.7090909090909091,0.7551546391752577,0.6870229007633588,0.7417974322396577,0.7627302275189599,0.8084291187739463,0.7819148936170213,0.638268156424581,0.7741147741147741,0.6642941874258601,0.6222760290556901,0.7034120734908136,0.7150837988826816,0.638268156424581,0.7428198433420365
Enterocloster bolteae,0.716923076923077,0.6187192118226601,0.6187192118226601,0.6187192118226601,0.6187192118226601,0.6187192118226601,0.6187192118226601,0.6187192118226601,0.6187192118226601,0.6187192118226601,0.6187192118226601,0.42807424593967514,0.42807424593967514,0.6481900452488687,0.6960167714884695,0.6960167714884695,0.5443425076452599,0.6851063829787234,0.6851063829787234,0.49204545454545456,0.5453514739229025,0.5453514739229025,0.6303879310344828,0.0,0.44178454842219805,0.3325688073394495,0.5917901938426453,0.4557522123893806,0.5311510031678986,0.5311510031678986,0.7849794238683128,0.5724867724867725,0.6053442959917781,0.570362473347548,0.6121031746031746,0.4781682641107561,0.4781682641107561,0.5099778270509978,0.7659574468085106,0.6393762183235867,0.5759429153924567,0.6853932584269663,0.5186304128902316,0.6790697674418604,0.6004273504273504,0.6862944162436548,0.6988335100742311,0.7268862911795961,0.7027300303336703,0.7885416666666667,0.725531914893617,0.7027300303336703,0.7197049525816649,0.72,0.7033299697275479,0.7331256490134994,0.7504930966469427,0.6750272628135223,0.7197049525816649,0.7785714285714286,0.7935735150925024,0.7780061664953751,0.72,0.7973921765295888,0.7331256490134994,0.7464646464646465,0.7005128205128205,0.7217573221757323,0.7132116004296456,0.780264496439471,0.7171824973319103,0.7188841201716738,0.5767918088737201,0.5767918088737201,0.5767918088737201,0.7986270022883295,0.5767918088737201,0.5767918088737201,0.7771587743732591,0.7693032015065914,0.7857900318133616,0.7584745762711864,0.7667342799188641,0.8013392857142857,0.724170616113744,0.7259259259259259,0.7573306370070778,0.7259259259259259,0.7606837606837606,0.7158119658119658,0.7136659436008677,0.7573306370070778,0.768025078369906,0.7905759162303665,0.7726315789473684,0.784412955465587,0.6196623634558094,0.768579492003763,0.6196623634558094,0.6196623634558094,0.6196623634558094,0.7684630738522954,0.5820754716981131,0.7422480620155039,0.7123745819397993,0.7123745819397993,0.5577342047930283,0.4506726457399103,0.4506726457399103,0.6878612716763006,0.7257769652650823,0.7817204301075269,0.7817204301075269,0.6926658905704307,0.7624309392265194,0.7091675447839831,0.5776850886339937,0.5576131687242798,0.794392523364486,0.6932907348242812,0.7254437869822485,0.6762376237623762,0.7631578947368421,0.6929411764705882,0.6674259681093394,0.7497393117831074,0.38310893512851896,0.5122767857142857,0.721081081081081,0.7257142857142858,0.6674259681093394,0.724669603524229
Enterocloster citroniae,0.5782710280373832,0.5178764897074757,0.5178764897074757,0.5178764897074757,0.5178764897074757,0.5178764897074757,0.5178764897074757,0.5178764897074757,0.5178764897074757,0.5178764897074757,0.5178764897074757,0.5467546754675467,0.5467546754675467,0.7366702937976061,0.7839195979899498,0.7839195979899498,0.512273212379936,0.6120092378752886,0.6120092378752886,0.5340136054421769,0.6584317937701396,0.6584317937701396,0.7580321285140562,0.44178454842219805,0.0,0.4648648648648649,0.43619791666666663,0.4950276243093923,0.6643700787401574,0.6643700787401574,0.7010192525481314,0.698019801980198,0.6875,0.5558011049723757,0.6962750716332378,0.633692458374143,0.633692458374143,0.6093418259023354,0.6952491309385863,0.504939626783754,0.45639864099660254,0.7178329571106095,0.48736842105263156,0.7876787678767877,0.7265469061876247,0.48375451263537905,0.7308510638297872,0.7388949079089924,0.7268093781855249,0.7082379862700229,0.737527114967462,0.7268093781855249,0.7355460385438972,0.7317596566523605,0.7089783281733746,0.7206040992448759,0.6420704845814977,0.7149075081610445,0.7355460385438972,0.6888387824126267,0.7001078748651564,0.6993243243243243,0.7317596566523605,0.6836158192090396,0.7206040992448759,0.6588888888888889,0.7275541795665634,0.7184466019417476,0.7483870967741936,0.7041156840934372,0.7467811158798283,0.7526881720430108,0.5898030127462341,0.5898030127462341,0.5898030127462341,0.7861409796893668,0.5898030127462341,0.5898030127462341,0.704040404040404,0.6943589743589744,0.6990632318501171,0.6813441483198146,0.6968026460859977,0.8288288288288288,0.6612244897959183,0.7351351351351352,0.6810154525386314,0.7351351351351352,0.6768507638072856,0.7440860215053764,0.7450980392156863,0.6810154525386314,0.7178051511758119,0.788108108108108,0.747787610619469,0.7147577092511013,0.616326530612245,0.6773858921161826,0.616326530612245,0.616326530612245,0.616326530612245,0.6899563318777293,0.4808686659772492,0.6833333333333333,0.7361894024802706,0.7361894024802706,0.6604361370716512,0.5870020964360587,0.5870020964360587,0.7094266277939747,0.7534372135655362,0.6822541966426858,0.6822541966426858,0.7764044943820225,0.802646085997795,0.7221030042918455,0.5805763073639274,0.5130434782608695,0.7265536723163841,0.6933187294633079,0.7508982035928143,0.6970000000000001,0.7249417249417249,0.7132616487455197,0.7732181425485961,0.6791383219954649,0.5474040632054176,0.5787746170678336,0.7802547770700636,0.7327080890973037,0.7732181425485961,0.7356580427446568
Enterocloster asparagiformis,0.6590909090909092,0.5610766045548654,0.5610766045548654,0.5610766045548654,0.5610766045548654,0.5610766045548654,0.5610766045548654,0.5610766045548654,0.5610766045548654,0.5610766045548654,0.5610766045548654,0.3877551020408163,0.3877551020408163,0.5746987951807229,0.7072402938090241,0.7072402938090241,0.5551020408163265,0.6490066225165563,0.6490066225165563,0.46736596736596736,0.5589569160997732,0.5589569160997732,0.6255458515283843,0.3325688073394495,0.4648648648648649,0.0,0.6545654565456546,0.43083900226757366,0.5251336898395722,0.5251336898395722,0.7443609022556391,0.5639097744360902,0.5797254487856389,0.5427631578947368,0.5904471544715447,0.4796137339055794,0.4796137339055794,0.49150622876557193,0.7244444444444444,0.5949238578680203,0.549738219895288,0.6735395189003437,0.5202839756592292,0.6242350061199511,0.5673289183222958,0.6332622601279317,0.7060702875399361,0.7233584499461787,0.6923868312757202,0.7858649789029536,0.7108695652173913,0.6923868312757202,0.705059203444564,0.7205100956429331,0.6996935648621042,0.729758149316509,0.7512437810945274,0.6794731064763996,0.705059203444564,0.7770897832817337,0.7911330049261084,0.7815734989648033,0.7205100956429331,0.7924720244150559,0.729758149316509,0.7420675537359263,0.7075180226570545,0.7303252885624344,0.7150595882990249,0.7900101936799184,0.7135135135135136,0.7081967213114755,0.569284064665127,0.569284064665127,0.569284064665127,0.8,0.569284064665127,0.569284064665127,0.7734962406015038,0.7678401522359657,0.7764578833693304,0.7432286023835319,0.756198347107438,0.8027057497181511,0.6792079207920791,0.7372881355932204,0.7175974710221286,0.7372881355932204,0.754880694143167,0.7065217391304348,0.7027624309392265,0.7175974710221286,0.7545357524012807,0.7904761904761904,0.7618025751072961,0.7351063829787234,0.608080808080808,0.7030000000000001,0.608080808080808,0.608080808080808,0.608080808080808,0.7440904419321686,0.5237623762376238,0.7305034550839091,0.7070135746606334,0.7070135746606334,0.5191873589164786,0.42347525891829685,0.42347525891829685,0.6349848331648129,0.6986817325800376,0.7599557522123894,0.7599557522123894,0.7111368909512761,0.7351598173515982,0.6743169398907104,0.5399568034557236,0.5133689839572193,0.7428884026258206,0.62400906002265,0.7168674698795181,0.6683417085427136,0.7922077922077921,0.7324106113033448,0.6295857988165681,0.7862985685071575,0.4831981460023175,0.4763552479815456,0.6708286038592508,0.7129521586931156,0.6295857988165681,0.7006802721088435
Enterocloster clostridioformis,0.5238784370477569,0.6288056206088992,0.6288056206088992,0.6288056206088992,0.6288056206088992,0.6288056206088992,0.6288056206088992,0.6288056206088992,0.6288056206088992,0.6288056206088992,0.6288056206088992,0.7124856815578465,0.7124856815578465,0.6666666666666667,0.8138173302107728,0.8138173302107728,0.5867768595041323,0.5111111111111111,0.5111111111111111,0.7090694935217903,0.6266318537859008,0.6266318537859008,0.7347931873479319,0.5917901938426453,0.43619791666666663,0.6545654565456546,0.0,0.6880630630630631,0.7459459459459459,0.7459459459459459,0.5714285714285714,0.7164179104477613,0.7175398633257404,0.7047841306884481,0.7372972972972973,0.7159699892818864,0.7159699892818864,0.7337883959044369,0.5552099533437014,0.5509950248756219,0.6135552913198573,0.6150442477876106,0.6418400876232202,0.7144886363636364,0.6921212121212121,0.41815476190476186,0.7295918367346939,0.7570694087403599,0.7908045977011494,0.6570605187319885,0.7650063856960408,0.7908045977011494,0.7480916030534351,0.7452229299363058,0.7829099307159353,0.7336747759282971,0.645751633986928,0.7170795306388527,0.7480916030534351,0.6336633663366337,0.6229508196721312,0.6275071633237823,0.7452229299363058,0.6366197183098592,0.7336747759282971,0.6693017127799736,0.7396593673965937,0.7262210796915167,0.752258064516129,0.6423562412342216,0.7567221510883483,0.7525906735751295,0.8028169014084507,0.8028169014084507,0.8028169014084507,0.7020602218700476,0.8028169014084507,0.8028169014084507,0.7102137767220902,0.6989117291414753,0.6337817638266069,0.5913173652694611,0.693633952254642,0.7473997028231798,0.7169159953970081,0.7477477477477478,0.6177285318559557,0.7477477477477478,0.6216617210682492,0.7503217503217503,0.75,0.6177285318559557,0.6437768240343348,0.7445652173913043,0.7566489361702128,0.660220994475138,0.7277716794731065,0.6214833759590792,0.7277716794731065,0.7277716794731065,0.7277716794731065,0.627906976744186,0.6694560669456067,0.6459390862944163,0.7076923076923076,0.7076923076923076,0.7607709750566893,0.7323788546255506,0.7323788546255506,0.7488938053097345,0.7386117136659436,0.5993788819875776,0.5993788819875776,0.7329545454545454,0.7720994475138121,0.6781914893617021,0.741111111111111,0.6813063063063063,0.6560693641618497,0.7148387096774194,0.6883720930232557,0.7403189066059226,0.6551724137931034,0.6335403726708074,0.720708446866485,0.5950653120464442,0.7310826542491269,0.7505668934240363,0.7323568575233023,0.6565349544072948,0.720708446866485,0.6776034236804565
Coprococcus eutactus,0.6863181312569522,0.5784418356456777,0.5784418356456777,0.5784418356456777,0.5784418356456777,0.5784418356456777,0.5784418356456777,0.5784418356456777,0.5784418356456777,0.5784418356456777,0.5784418356456777,0.411619283065513,0.411619283065513,0.6733490566037736,0.6794150731158606,0.6794150731158606,0.5334773218142548,0.6898876404494382,0.6898876404494382,0.40886075949367084,0.5350241545893719,0.5350241545893719,0.6034883720930233,0.4557522123893806,0.4950276243093923,0.43083900226757366,0.6880630630630631,0.0,0.5256696428571428,0.5256696428571428,0.7502812148481439,0.5773081201334817,0.5794701986754967,0.464975845410628,0.5585683297180044,0.4556818181818182,0.4556818181818182,0.46690734055355,0.7131050767414404,0.5968253968253968,0.5449561403508771,0.6682808716707022,0.5718654434250765,0.6137841352405722,0.600451467268623,0.6519823788546255,0.7130144605116797,0.7239819004524887,0.7218124341412013,0.8272532188841202,0.7396648044692737,0.7218124341412013,0.7305986696230599,0.7378854625550662,0.6949516648764769,0.7193763919821826,0.771047227926078,0.7003405221339387,0.7305986696230599,0.795940170940171,0.8083588175331294,0.8057630736392742,0.7378854625550662,0.8090717299578059,0.7193763919821826,0.7660695468914647,0.7142857142857143,0.7382256297918949,0.715261958997722,0.7976570820021299,0.7180067950169875,0.7095292766934558,0.5544675642594858,0.5544675642594858,0.5544675642594858,0.7856257744733581,0.5544675642594858,0.5544675642594858,0.7810361681329423,0.7788746298124383,0.7988826815642458,0.7477272727272728,0.743421052631579,0.8202115158636898,0.6831785345717234,0.7538461538461538,0.7402173913043478,0.7538461538461538,0.7955801104972375,0.7394209354120267,0.741826381059752,0.7402173913043478,0.7893013100436681,0.7944444444444445,0.7559591373439274,0.7571428571428571,0.6680121089808275,0.757271815446339,0.6680121089808275,0.6680121089808275,0.6680121089808275,0.8122448979591836,0.576961271102284,0.7913385826771654,0.7412993039443155,0.7412993039443155,0.49097472924187724,0.40969696969696967,0.40969696969696967,0.6122448979591837,0.6462167689161554,0.7892938496583144,0.7892938496583144,0.7404306220095693,0.7379807692307692,0.6739380022962113,0.4296116504854369,0.49321266968325794,0.7328687572590011,0.627520759193357,0.7333333333333334,0.6802083333333333,0.786697247706422,0.7472924187725631,0.6698911729141475,0.7552370452039692,0.4873035066505441,0.4153074027603513,0.7088167053364269,0.7193627450980392,0.6698911729141475,0.7032181168057211
Dorea_A longicatena_B,0.7435897435897436,0.522271714922049,0.522271714922049,0.522271714922049,0.522271714922049,0.522271714922049,0.522271714922049,0.522271714922049,0.522271714922049,0.522271714922049,0.522271714922049,0.4780023781212842,0.4780023781212842,0.6358099878197321,0.7054263565891472,0.7054263565891472,0.458997722095672,0.7213656387665198,0.7213656387665198,0.5542725173210161,0.5619047619047619,0.5619047619047619,0.5307125307125307,0.5311510031678986,0.6643700787401574,0.5251336898395722,0.7459459459459459,0.5256696428571428,0.0,0.0,0.7243367935409457,0.6152173913043478,0.6274089935760172,0.6503198294243071,0.47113163972286376,0.29685534591194973,0.29685534591194973,0.5709459459459459,0.7557339449541285,0.6868787276341948,0.6328852119958635,0.7132784958871916,0.6525096525096525,0.6327319587628866,0.5739030023094689,0.7315296566077003,0.6968325791855203,0.753607103218646,0.7390396659707724,0.7897664071190211,0.7325056433408578,0.7390396659707724,0.7205387205387206,0.7502738225629793,0.7303252885624344,0.7320044296788483,0.7786885245901639,0.7133182844243793,0.7205387205387206,0.8025613660618997,0.8036998972250771,0.7838427947598253,0.7502738225629793,0.7887931034482758,0.7320044296788483,0.7752100840336135,0.7071583514099783,0.7339955849889624,0.7151029748283753,0.7782608695652173,0.7322834645669292,0.7137931034482758,0.6293706293706294,0.6293706293706294,0.6293706293706294,0.7858032378580324,0.6293706293706294,0.6293706293706294,0.7209062821833161,0.7180020811654526,0.7991021324354658,0.8127705627705628,0.7835820895522388,0.787621359223301,0.7365805168986084,0.7371364653243848,0.7644539614561028,0.7371364653243848,0.8037486218302095,0.7134703196347032,0.708139534883721,0.7644539614561028,0.8116254036598494,0.7699316628701595,0.7372685185185186,0.8122362869198312,0.5875402792696025,0.7960975609756098,0.5875402792696025,0.5875402792696025,0.5875402792696025,0.8245436105476673,0.6765523632993513,0.8103112840466926,0.7919463087248322,0.7919463087248322,0.5806818181818182,0.4872685185185185,0.4872685185185185,0.7181274900398407,0.6288981288981289,0.8218262806236081,0.8218262806236081,0.7373493975903614,0.7409638554216867,0.7334801762114538,0.6109913793103448,0.61337513061651,0.7825112107623319,0.6834285714285715,0.7898550724637681,0.8116760828625236,0.8351769911504425,0.8227272727272728,0.7010676156583631,0.8080593849416755,0.5968468468468469,0.5769230769230769,0.7564534231200898,0.7604290822407628,0.7010676156583631,0.7665148063781322
Dorea_A longicatena,0.7435897435897436,0.522271714922049,0.522271714922049,0.522271714922049,0.522271714922049,0.522271714922049,0.522271714922049,0.522271714922049,0.522271714922049,0.522271714922049,0.522271714922049,0.4780023781212842,0.4780023781212842,0.6358099878197321,0.7054263565891472,0.7054263565891472,0.458997722095672,0.7213656387665198,0.7213656387665198,0.5542725173210161,0.5619047619047619,0.5619047619047619,0.5307125307125307,0.5311510031678986,0.6643700787401574,0.5251336898395722,0.7459459459459459,0.5256696428571428,0.0,0.0,0.7243367935409457,0.6152173913043478,0.6274089935760172,0.6503198294243071,0.47113163972286376,0.29685534591194973,0.29685534591194973,0.5709459459459459,0.7557339449541285,0.6868787276341948,0.6328852119958635,0.7132784958871916,0.6525096525096525,0.6327319587628866,0.5739030023094689,0.7315296566077003,0.6968325791855203,0.753607103218646,0.7390396659707724,0.7897664071190211,0.7325056433408578,0.7390396659707724,0.7205387205387206,0.7502738225629793,0.7303252885624344,0.7320044296788483,0.7786885245901639,0.7133182844243793,0.7205387205387206,0.8025613660618997,0.8036998972250771,0.7838427947598253,0.7502738225629793,0.7887931034482758,0.7320044296788483,0.7752100840336135,0.7071583514099783,0.7339955849889624,0.7151029748283753,0.7782608695652173,0.7322834645669292,0.7137931034482758,0.6293706293706294,0.6293706293706294,0.6293706293706294,0.7858032378580324,0.6293706293706294,0.6293706293706294,0.7209062821833161,0.7180020811654526,0.7991021324354658,0.8127705627705628,0.7835820895522388,0.787621359223301,0.7365805168986084,0.7371364653243848,0.7644539614561028,0.7371364653243848,0.8037486218302095,0.7134703196347032,0.708139534883721,0.7644539614561028,0.8116254036598494,0.7699316628701595,0.7372685185185186,0.8122362869198312,0.5875402792696025,0.7960975609756098,0.5875402792696025,0.5875402792696025,0.5875402792696025,0.8245436105476673,0.6765523632993513,0.8103112840466926,0.7919463087248322,0.7919463087248322,0.5806818181818182,0.4872685185185185,0.4872685185185185,0.7181274900398407,0.6288981288981289,0.8218262806236081,0.8218262806236081,0.7373493975903614,0.7409638554216867,0.7334801762114538,0.6109913793103448,0.61337513061651,0.7825112107623319,0.6834285714285715,0.7898550724637681,0.8116760828625236,0.8351769911504425,0.8227272727272728,0.7010676156583631,0.8080593849416755,0.5968468468468469,0.5769230769230769,0.7564534231200898,0.7604290822407628,0.7010676156583631,0.7665148063781322
Lachnospira eligens_A,0.6120689655172413,0.6542168674698795,0.6542168674698795,0.6542168674698795,0.6542168674698795,0.6542168674698795,0.6542168674698795,0.6542168674698795,0.6542168674698795,0.6542168674698795,0.6542168674698795,0.718562874251497,0.718562874251497,0.6906474820143884,0.7952261306532663,0.7952261306532663,0.6409036860879904,0.5278637770897833,0.5278637770897833,0.7007481296758105,0.7038961038961039,0.7038961038961039,0.6957671957671958,0.7849794238683128,0.7010192525481314,0.7443609022556391,0.5714285714285714,0.7502812148481439,0.7243367935409457,0.7243367935409457,0.0,0.7055961070559611,0.7238095238095238,0.7121951219512195,0.7454954954954955,0.7672413793103449,0.7672413793103449,0.7392857142857143,0.4729493891797557,0.5514993481095176,0.6389228886168911,0.6214953271028038,0.6967032967032967,0.6703125,0.7235367372353674,0.5868347338935574,0.7605263157894737,0.7611940298507462,0.787363304981774,0.6408668730650156,0.7611940298507462,0.787363304981774,0.7381275440976933,0.7536813922356091,0.7775061124694377,0.7466487935656836,0.6436464088397791,0.7566844919786097,0.7381275440976933,0.6244343891402715,0.5845697329376854,0.6240487062404871,0.7536813922356091,0.6479289940828402,0.7466487935656836,0.6497175141242938,0.7553865652724968,0.723433242506812,0.7595108695652174,0.6276276276276276,0.7624831309041835,0.7530864197530864,0.783375314861461,0.783375314861461,0.783375314861461,0.7121212121212122,0.783375314861461,0.783375314861461,0.7116104868913857,0.7046894803548795,0.6499215070643642,0.6780923994038748,0.6831683168316831,0.75748031496063,0.622077922077922,0.7479564032697548,0.5868263473053892,0.7479564032697548,0.6742424242424243,0.7281553398058253,0.7291960507757405,0.5868263473053892,0.6910688140556369,0.7535816618911175,0.7432239657631954,0.6588579795021963,0.8092672413793103,0.6346666666666667,0.8092672413793103,0.8092672413793103,0.8092672413793103,0.7017783857729138,0.6959314775160599,0.7305764411027569,0.7624466571834994,0.7624466571834994,0.767497034400949,0.7701793721973094,0.7701793721973094,0.7857948139797069,0.7732300884955752,0.6388443017656501,0.6388443017656501,0.7994269340974212,0.7290715372907154,0.659058487874465,0.7654462242562929,0.6827830188679245,0.6355140186915889,0.7113543091655267,0.7663551401869159,0.8258928571428572,0.6970633693972179,0.7408536585365854,0.7210982658959537,0.6109422492401215,0.8160000000000001,0.7856315179606026,0.7510431154381085,0.7091757387247278,0.7210982658959537,0.667175572519084
Roseburia inulinivorans,0.6905311778290992,0.6793422404933196,0.6793422404933196,0.6793422404933196,0.6793422404933196,0.6793422404933196,0.6793422404933196,0.6793422404933196,0.6793422404933196,0.6793422404933196,0.6793422404933196,0.4168797953964194,0.4168797953964194,0.4986072423398329,0.6502994011976048,0.6502994011976048,0.6567622950819672,0.6788665879574971,0.6788665879574971,0.5612366230677764,0.5012853470437018,0.5012853470437018,0.5090439276485788,0.5724867724867725,0.698019801980198,0.5639097744360902,0.7164179104477613,0.5773081201334817,0.6152173913043478,0.6152173913043478,0.7055961070559611,0.0,0.22603719599427752,0.618510158013544,0.6050054406964092,0.5967914438502674,0.5967914438502674,0.5145278450363195,0.6730279898218829,0.675983436853002,0.6310160427807487,0.6217277486910995,0.6405622489959839,0.5167394468704513,0.4974811083123426,0.6980088495575221,0.6894923258559622,0.7130952380952381,0.6233766233766234,0.8140589569160998,0.6881067961165048,0.6233766233766234,0.6959619952494062,0.7116060961313013,0.6062052505966586,0.7219003476245655,0.7404162102957283,0.7051886792452831,0.6959619952494062,0.8157894736842105,0.797427652733119,0.8075639599555061,0.7116060961313013,0.8174863387978142,0.7219003476245655,0.7285067873303168,0.7005649717514124,0.7136204889406286,0.7007211538461539,0.8135964912280702,0.6864406779661016,0.7101796407185629,0.734375,0.734375,0.734375,0.8189873417721519,0.734375,0.734375,0.7247608926673752,0.7190527448869752,0.8344671201814059,0.7915234822451317,0.753968253968254,0.8214285714285714,0.6359600443951166,0.7166469893742621,0.7363636363636363,0.7166469893742621,0.7900232018561485,0.6911942098914354,0.6883435582822086,0.7363636363636363,0.7793103448275862,0.8123569794050343,0.7284848484848485,0.7597254004576659,0.7616731517509727,0.750524109014675,0.7616731517509727,0.7616731517509727,0.7616731517509727,0.7832244008714597,0.6673076923076924,0.7761658031088083,0.708955223880597,0.708955223880597,0.5699052132701421,0.52046783625731,0.52046783625731,0.5787671232876712,0.5570621468926553,0.7714631197097944,0.7714631197097944,0.6675496688741722,0.6854521625163827,0.647130647130647,0.6341730558598029,0.6430834213305174,0.7376058041112454,0.675417661097852,0.726790450928382,0.6993603411513859,0.8077830188679245,0.7590511860174781,0.6447876447876448,0.8135964912280702,0.5950991831971995,0.6290868094701241,0.6984126984126984,0.7724477244772447,0.6447876447876448,0.7273838630806846
Roseburia intestinalis,0.7052154195011338,0.6697530864197531,0.6697530864197531,0.6697530864197531,0.6697530864197531,0.6697530864197531,0.6697530864197531,0.6697530864197531,0.6697530864197531,0.6697530864197531,0.6697530864197531,0.44831880448318806,0.44831880448318806,0.5163934426229508,0.6439665471923537,0.6439665471923537,0.6743718592964825,0.6910569105691057,0.6910569105691057,0.5325301204819277,0.5232704402515723,0.5232704402515723,0.5253807106598984,0.6053442959917781,0.6875,0.5797254487856389,0.7175398633257404,0.5794701986754967,0.6274089935760172,0.6274089935760172,0.7238095238095238,0.22603719599427752,0.0,0.632630410654828,0.6114101184068892,0.6192468619246863,0.6192468619246863,0.5349940688018979,0.6927860696517413,0.7,0.656934306569343,0.6238651102464332,0.6514851485148515,0.5223021582733813,0.5353658536585366,0.6804008908685969,0.6594724220623501,0.7020262216924911,0.5990453460620525,0.8036322360953462,0.6670746634026927,0.5990453460620525,0.6770334928229664,0.6821428571428572,0.5814234016887816,0.6898584905660378,0.7330415754923414,0.6911242603550296,0.6770334928229664,0.8161044613710555,0.7953091684434968,0.8026607538802661,0.6821428571428572,0.8048245614035088,0.6898584905660378,0.7252252252252251,0.6900452488687783,0.7027972027972028,0.6847826086956521,0.8061336254107339,0.6572481572481572,0.6927710843373494,0.7168539325842697,0.7168539325842697,0.7168539325842697,0.8193224592220828,0.7168539325842697,0.7168539325842697,0.7094017094017093,0.7020585048754062,0.8160000000000001,0.7851428571428571,0.7603583426651735,0.8174019607843137,0.6316371681415929,0.7010676156583631,0.7258248009101251,0.7010676156583631,0.7764842840512224,0.7034400948991697,0.7024096385542169,0.7258248009101251,0.7658592848904268,0.7865429234338748,0.7249698431845597,0.7757847533632287,0.7599225556631172,0.7421383647798743,0.7599225556631172,0.7599225556631172,0.7599225556631172,0.7785016286644951,0.6749049429657794,0.7742268041237114,0.7118226600985222,0.7118226600985222,0.5756154747948417,0.5283236994219653,0.5283236994219653,0.5857787810383748,0.5816777041942605,0.7824019024970273,0.7824019024970273,0.6745098039215687,0.70550576184379,0.6390243902439025,0.6269146608315099,0.6403785488958991,0.7416267942583732,0.687793427230047,0.7313237221494102,0.7208333333333333,0.8164924506387921,0.7644882860665845,0.6569620253164556,0.8165038002171553,0.6242905788876276,0.6278026905829597,0.7168458781362007,0.7701711491442542,0.6569620253164556,0.7315598548972189
Anaerostipes hadrus,0.7027649769585254,0.6239224137931034,0.6239224137931034,0.6239224137931034,0.6239224137931034,0.6239224137931034,0.6239224137931034,0.6239224137931034,0.6239224137931034,0.6239224137931034,0.6239224137931034,0.4701492537313433,0.4701492537313433,0.6903304773561811,0.7196796338672768,0.7196796338672768,0.5852334419109664,0.666266506602641,0.666266506602641,0.4550128534704371,0.6765714285714286,0.6765714285714286,0.6812428078250863,0.570362473347548,0.5558011049723757,0.5427631578947368,0.7047841306884481,0.464975845410628,0.6503198294243071,0.6503198294243071,0.7121951219512195,0.618510158013544,0.632630410654828,0.0,0.490521327014218,0.6230200633579726,0.6230200633579726,0.3746666666666667,0.6488250652741514,0.5323325635103926,0.4040150564617315,0.6286089238845145,0.44930875576036866,0.6801566579634465,0.6789297658862876,0.706858407079646,0.7823204419889502,0.790304396843292,0.7707006369426752,0.8284424379232506,0.7930258717660292,0.7707006369426752,0.7915742793791574,0.7837235228539576,0.7526881720430108,0.7993421052631579,0.7812166488794023,0.7861915367483296,0.7915742793791574,0.8022346368715083,0.8060021436227224,0.8203991130820399,0.7837235228539576,0.8093126385809313,0.7993421052631579,0.7829880043620502,0.7991587802313355,0.7918502202643172,0.7889390519187359,0.8338762214983714,0.7747440273037542,0.7838452787258248,0.6450060168471721,0.6450060168471721,0.6450060168471721,0.7844940867279895,0.6450060168471721,0.6450060168471721,0.7849133537206932,0.7889344262295082,0.8180764774044033,0.7638724911452184,0.7891231964483907,0.816708229426434,0.7133825079030558,0.7903587443946188,0.7595505617977528,0.7903587443946188,0.8171428571428572,0.7993311036789298,0.7997737556561086,0.7595505617977528,0.7940503432494279,0.826879271070615,0.7621878715814506,0.7205707491082045,0.6877593360995851,0.7377398720682302,0.6877593360995851,0.6877593360995851,0.6877593360995851,0.7932535364526659,0.5585774058577406,0.7932098765432098,0.7392900856793145,0.7392900856793145,0.5726190476190476,0.4928057553956835,0.4928057553956835,0.6612554112554112,0.6917525773195876,0.7677261613691931,0.7677261613691931,0.7799511002444988,0.711139896373057,0.6889153754469607,0.5319905213270142,0.5422374429223744,0.7241379310344828,0.6609963547995139,0.7763496143958869,0.7308900523560209,0.776829268292683,0.7439490445859873,0.7224938875305624,0.7598152424942264,0.5761904761904761,0.5428226779252111,0.7283653846153846,0.7562814070351759,0.7224938875305624,0.629973474801061
Eubacterium_G ventriosum,0.751054852320675,0.5377875136911281,0.5377875136911281,0.5377875136911281,0.5377875136911281,0.5377875136911281,0.5377875136911281,0.5377875136911281,0.5377875136911281,0.5377875136911281,0.5377875136911281,0.4882629107981221,0.4882629107981221,0.6004962779156328,0.7234273318872018,0.7234273318872018,0.4961325966850829,0.7011111111111111,0.7011111111111111,0.576271186440678,0.619750283768445,0.619750283768445,0.6302616609783845,0.6121031746031746,0.6962750716332378,0.5904471544715447,0.7372972972972973,0.5585683297180044,0.47113163972286376,0.47113163972286376,0.7454954954954955,0.6050054406964092,0.6114101184068892,0.490521327014218,0.0,0.4434285714285714,0.4434285714285714,0.40574282147315854,0.6941457586618878,0.6602822580645161,0.6102403343782654,0.6515892420537897,0.5974025974025974,0.5746666666666667,0.6111731843575419,0.7580971659919028,0.7840670859538784,0.7968085106382978,0.7996051332675223,0.8389830508474576,0.7916666666666666,0.7996051332675223,0.7928496319663512,0.7879746835443038,0.7904667328699106,0.822267620020429,0.8292682926829268,0.777422790202343,0.7928496319663512,0.8278008298755186,0.8209255533199196,0.83125,0.7879746835443038,0.8460754332313966,0.822267620020429,0.8306772908366534,0.8,0.8250254323499491,0.7890792291220556,0.8341915550978373,0.7716450216450217,0.7920685959271168,0.7003293084522503,0.7003293084522503,0.7003293084522503,0.8128019323671498,0.7003293084522503,0.7003293084522503,0.7648221343873518,0.7747035573122529,0.8269858541893362,0.7923497267759563,0.8358662613981763,0.808284023668639,0.7922568460812087,0.8314491264131552,0.7690677966101696,0.8314491264131552,0.8234660925726588,0.8014783526927138,0.8044871794871795,0.7690677966101696,0.8030139935414424,0.8326180257510729,0.8296059637912673,0.7727272727272727,0.6332644628099173,0.7763546798029557,0.6332644628099173,0.6332644628099173,0.6332644628099173,0.8188259109311741,0.7028003613369467,0.8231357552581262,0.7977900552486188,0.7977900552486188,0.5535097813578826,0.49885844748858443,0.49885844748858443,0.7353515625,0.6220145379023884,0.804932735426009,0.804932735426009,0.7121951219512195,0.7111383108935129,0.7288693743139407,0.6304118268215417,0.6363636363636364,0.7666290868094701,0.7111111111111111,0.7637698898408812,0.7916270218839201,0.8158482142857143,0.7789473684210526,0.6726835138387485,0.8171368861024033,0.6097560975609756,0.6087912087912088,0.7432432432432432,0.7670588235294118,0.6726835138387485,0.7474167623421355
Bariatricus comes,0.6974248927038627,0.4748603351955307,0.4748603351955307,0.4748603351955307,0.4748603351955307,0.4748603351955307,0.4748603351955307,0.4748603351955307,0.4748603351955307,0.4748603351955307,0.4748603351955307,0.4638694638694638,0.4638694638694638,0.6148325358851674,0.7374476987447699,0.7374476987447699,0.38818076477404406,0.6795154185022027,0.6795154185022027,0.5223367697594501,0.5254437869822486,0.5254437869822486,0.5667828106852497,0.4781682641107561,0.633692458374143,0.4796137339055794,0.7159699892818864,0.4556818181818182,0.29685534591194973,0.29685534591194973,0.7672413793103449,0.5967914438502674,0.6192468619246863,0.6230200633579726,0.4434285714285714,0.0,0.0,0.5331088664421998,0.7253121452894438,0.6423576423576424,0.6345381526104418,0.6607565011820331,0.6290630975143403,0.6123737373737373,0.5180442374854481,0.6919875130072841,0.7380699893955461,0.795643153526971,0.7712031558185404,0.8159831756046267,0.7609391675560299,0.7712031558185404,0.7586933614330875,0.787037037037037,0.7631318136769079,0.7664233576642336,0.8092933204259438,0.7521186440677966,0.7586933614330875,0.829465186680121,0.826171875,0.8184615384615385,0.787037037037037,0.8262626262626263,0.7664233576642336,0.8043694141012909,0.75,0.7846153846153846,0.7516129032258064,0.8094262295081968,0.7606382978723404,0.757250268528464,0.6847237269772481,0.6847237269772481,0.6847237269772481,0.8234610917537747,0.6847237269772481,0.6847237269772481,0.7620889748549323,0.7573385518590998,0.8385744234800838,0.8077731092436975,0.8233532934131736,0.8282485875706215,0.7823255813953488,0.7792887029288703,0.7426160337552743,0.7792887029288703,0.7924731182795699,0.7671957671957672,0.7631862217438106,0.7426160337552743,0.7966280295047419,0.8068303094983992,0.8052910052910053,0.7656415694591728,0.5862068965517242,0.7827751196172249,0.5862068965517242,0.5862068965517242,0.5862068965517242,0.8310546875,0.6721014492753623,0.8024691358024691,0.7768052516411379,0.7768052516411379,0.5375,0.4396751740139211,0.4396751740139211,0.7073170731707317,0.627906976744186,0.808695652173913,0.808695652173913,0.7283372365339578,0.7183431952662722,0.728051391862955,0.6119246861924685,0.6212121212121212,0.7729257641921398,0.7065217391304348,0.7648456057007126,0.7619047619047619,0.8192640692640693,0.7453271028037383,0.6511904761904762,0.8057553956834532,0.5589225589225589,0.5255972696245734,0.7021517553793885,0.7479674796747968,0.6511904761904762,0.7304643261608155
Bariatricus comes_A,0.6974248927038627,0.4748603351955307,0.4748603351955307,0.4748603351955307,0.4748603351955307,0.4748603351955307,0.4748603351955307,0.4748603351955307,0.4748603351955307,0.4748603351955307,0.4748603351955307,0.4638694638694638,0.4638694638694638,0.6148325358851674,0.7374476987447699,0.7374476987447699,0.38818076477404406,0.6795154185022027,0.6795154185022027,0.5223367697594501,0.5254437869822486,0.5254437869822486,0.5667828106852497,0.4781682641107561,0.633692458374143,0.4796137339055794,0.7159699892818864,0.4556818181818182,0.29685534591194973,0.29685534591194973,0.7672413793103449,0.5967914438502674,0.6192468619246863,0.6230200633579726,0.4434285714285714,0.0,0.0,0.5331088664421998,0.7253121452894438,0.6423576423576424,0.6345381526104418,0.6607565011820331,0.6290630975143403,0.6123737373737373,0.5180442374854481,0.6919875130072841,0.7380699893955461,0.795643153526971,0.7712031558185404,0.8159831756046267,0.7609391675560299,0.7712031558185404,0.7586933614330875,0.787037037037037,0.7631318136769079,0.7664233576642336,0.8092933204259438,0.7521186440677966,0.7586933614330875,0.829465186680121,0.826171875,0.8184615384615385,0.787037037037037,0.8262626262626263,0.7664233576642336,0.8043694141012909,0.75,0.7846153846153846,0.7516129032258064,0.8094262295081968,0.7606382978723404,0.757250268528464,0.6847237269772481,0.6847237269772481,0.6847237269772481,0.8234610917537747,0.6847237269772481,0.6847237269772481,0.7620889748549323,0.7573385518590998,0.8385744234800838,0.8077731092436975,0.8233532934131736,0.8282485875706215,0.7823255813953488,0.7792887029288703,0.7426160337552743,0.7792887029288703,0.7924731182795699,0.7671957671957672,0.7631862217438106,0.7426160337552743,0.7966280295047419,0.8068303094983992,0.8052910052910053,0.7656415694591728,0.5862068965517242,0.7827751196172249,0.5862068965517242,0.5862068965517242,0.5862068965517242,0.8310546875,0.6721014492753623,0.8024691358024691,0.7768052516411379,0.7768052516411379,0.5375,0.4396751740139211,0.4396751740139211,0.7073170731707317,0.627906976744186,0.808695652173913,0.808695652173913,0.7283372365339578,0.7183431952662722,0.728051391862955,0.6119246861924685,0.6212121212121212,0.7729257641921398,0.7065217391304348,0.7648456057007126,0.7619047619047619,0.8192640692640693,0.7453271028037383,0.6511904761904762,0.8057553956834532,0.5589225589225589,0.5255972696245734,0.7021517553793885,0.7479674796747968,0.6511904761904762,0.7304643261608155
Anaerobutyricum hallii,0.7427616926503341,0.6310160427807487,0.6310160427807487,0.6310160427807487,0.6310160427807487,0.6310160427807487,0.6310160427807487,0.6310160427807487,0.6310160427807487,0.6310160427807487,0.6310160427807487,0.38188976377952755,0.38188976377952755,0.5788079470198675,0.6366950182260025,0.6366950182260025,0.5956989247311828,0.709154113557358,0.709154113557358,0.4708121827411168,0.5806845965770171,0.5806845965770171,0.5919117647058824,0.5099778270509978,0.6093418259023354,0.49150622876557193,0.7337883959044369,0.46690734055355,0.5709459459459459,0.5709459459459459,0.7392857142857143,0.5145278450363195,0.5349940688018979,0.3746666666666667,0.40574282147315854,0.5331088664421998,0.5331088664421998,0.0,0.6085790884718498,0.5749440715883669,0.46570397111913353,0.6494845360824743,0.47914317925591887,0.5798319327731092,0.6121495327102804,0.7478632478632479,0.7528216704288939,0.771689497716895,0.7380434782608696,0.8316498316498316,0.7473806752037253,0.7380434782608696,0.755125284738041,0.7582292849035187,0.7247807017543859,0.781354051054384,0.7985309548793285,0.755125284738041,0.755125284738041,0.8315217391304348,0.8204857444561774,0.8300438596491229,0.7582292849035187,0.8394396551724138,0.781354051054384,0.7941810344827587,0.7688172043010753,0.7898789878987899,0.7589388696655133,0.8356756756756757,0.754325259515571,0.7621247113163973,0.616421568627451,0.616421568627451,0.616421568627451,0.8193384223918575,0.616421568627451,0.616421568627451,0.8133068520357498,0.8138138138138138,0.845372460496614,0.8,0.8236559139784947,0.817391304347826,0.7407407407407407,0.7856341189674523,0.7561797752808989,0.7856341189674523,0.8123569794050343,0.7643020594965675,0.765661252900232,0.7561797752808989,0.792,0.8367117117117118,0.8136363636363636,0.7654462242562929,0.7087576374745417,0.7737603305785123,0.7087576374745417,0.7087576374745417,0.7087576374745417,0.8132337246531484,0.6092648539778449,0.8121212121212121,0.7717003567181926,0.7717003567181926,0.5160493827160494,0.4347826086956522,0.4347826086956522,0.6974789915966386,0.700715015321757,0.800711743772242,0.800711743772242,0.7166666666666667,0.7302798982188294,0.7174418604651163,0.5490654205607477,0.5666293393057111,0.7747641509433962,0.6829558998808105,0.7283621837549934,0.6921420882669538,0.7995226730310263,0.757537688442211,0.6354166666666667,0.7993311036789298,0.46282051282051284,0.5231707317073171,0.7262905162064826,0.7618453865336658,0.6354166666666667,0.7130434782608696
Anaerobutyricum soehngenii,0.5832083958020989,0.6485819975339088,0.6485819975339088,0.6485819975339088,0.6485819975339088,0.6485819975339088,0.6485819975339088,0.6485819975339088,0.6485819975339088,0.6485819975339088,0.6485819975339088,0.6920199501246882,0.6920199501246882,0.6302003081664098,0.818639798488665,0.818639798488665,0.6317073170731707,0.5,0.5,0.6876606683804627,0.648686030428769,0.648686030428769,0.7218543046357616,0.7659574468085106,0.6952491309385863,0.7244444444444444,0.5552099533437014,0.7131050767414404,0.7557339449541285,0.7557339449541285,0.4729493891797557,0.6730279898218829,0.6927860696517413,0.6488250652741514,0.6941457586618878,0.7253121452894438,0.7253121452894438,0.6085790884718498,0.0,0.6007702182284981,0.613722998729352,0.5527638190954773,0.6609195402298851,0.6547811993517018,0.6977950713359273,0.5722543352601156,0.8069948186528497,0.8010752688172043,0.8257211538461539,0.6935975609756098,0.7945945945945946,0.8257211538461539,0.7912234042553191,0.8026315789473684,0.8317422434367542,0.8052287581699347,0.7031039136302294,0.8023715415019763,0.7912234042553191,0.6973684210526316,0.696927374301676,0.7147016011644833,0.8026315789473684,0.7224606580829757,0.8052287581699347,0.7085635359116023,0.815043156596794,0.7835325365205843,0.8122503328894807,0.7151079136690648,0.8085106382978724,0.8016194331983806,0.8390663390663391,0.8390663390663391,0.8390663390663391,0.726027397260274,0.8390663390663391,0.8390663390663391,0.7745454545454545,0.7747858017135862,0.7364457831325302,0.6615146831530139,0.7534246575342466,0.780952380952381,0.7064676616915423,0.801068090787717,0.6099397590361446,0.801068090787717,0.665625,0.780952380952381,0.7878787878787878,0.6099397590361446,0.6142857142857143,0.7801724137931034,0.8170563961485557,0.5883280757097792,0.8008849557522124,0.6260273972602739,0.8008849557522124,0.8008849557522124,0.8008849557522124,0.6855524079320113,0.6817180616740088,0.7066492829204694,0.7194570135746606,0.7194570135746606,0.721105527638191,0.7341176470588235,0.7341176470588235,0.772093023255814,0.7407407407407407,0.6170568561872909,0.6170568561872909,0.7526717557251908,0.6955128205128205,0.6622998544395924,0.741973840665874,0.6699029126213591,0.6006546644844517,0.6824034334763949,0.7150000000000001,0.7827626918536009,0.6161616161616161,0.6538461538461539,0.6393700787401575,0.6111975116640747,0.7515375153751538,0.7566585956416465,0.6890881913303438,0.7056,0.6393700787401575,0.5656565656565656
Dorea formicigenerans,0.5650060753341434,0.602308499475341,0.602308499475341,0.602308499475341,0.602308499475341,0.602308499475341,0.602308499475341,0.602308499475341,0.602308499475341,0.602308499475341,0.602308499475341,0.6108108108108108,0.6108108108108108,0.7098623853211009,0.7995910020449898,0.7995910020449898,0.5318918918918919,0.546134663341646,0.546134663341646,0.5986622073578596,0.6446927374301676,0.6446927374301676,0.650561797752809,0.6393762183235867,0.504939626783754,0.5949238578680203,0.5509950248756219,0.5968253968253968,0.6868787276341948,0.6868787276341948,0.5514993481095176,0.675983436853002,0.7,0.5323325635103926,0.6602822580645161,0.6423576423576424,0.6423576423576424,0.5749440715883669,0.6007702182284981,0.0,0.4012048192771084,0.6519607843137255,0.5032051282051282,0.7294398092967819,0.6609071274298056,0.5358851674641149,0.7382769901853872,0.7765726681127982,0.7906281156530408,0.755125284738041,0.7577092511013216,0.7906281156530408,0.7513631406761178,0.7690655209452202,0.7837837837837838,0.7445414847161572,0.6670378619153674,0.75,0.7513631406761178,0.7379619260918253,0.7153846153846154,0.7327293318233296,0.7690655209452202,0.7343049327354261,0.7445414847161572,0.6693181818181818,0.7505219206680585,0.7354555433589463,0.7563395810363837,0.7399553571428572,0.7628415300546448,0.762114537444934,0.7462845010615711,0.7462845010615711,0.7462845010615711,0.7916152897657214,0.7462845010615711,0.7462845010615711,0.7378542510121457,0.7377551020408164,0.7529002320185615,0.7274826789838338,0.7123595505617977,0.8366164542294322,0.6638743455497382,0.745575221238938,0.6585648148148149,0.745575221238938,0.7100591715976332,0.7464008859357696,0.7432432432432432,0.6585648148148149,0.7238204833141542,0.8116100766703176,0.7459954233409611,0.6487455197132617,0.7258687258687259,0.6590909090909092,0.7258687258687259,0.7258687258687259,0.7258687258687259,0.7166482910694598,0.582591493570722,0.7392197125256674,0.7144549763033176,0.7144549763033176,0.6143646408839779,0.6290491118077325,0.6290491118077325,0.6856561546286877,0.703232125367287,0.6844059405940595,0.6844059405940595,0.791044776119403,0.7410071942446044,0.6647398843930636,0.6407563025210083,0.5934530095036958,0.667887667887668,0.6608796296296297,0.7867469879518072,0.7443012884043607,0.7268351383874849,0.7381818181818182,0.7442922374429224,0.7052752293577982,0.6817702845100105,0.6563829787234042,0.728,0.7514934289127837,0.7442922374429224,0.7078384798099763
Coprococcus_A catus,0.5585365853658537,0.5819148936170213,0.5819148936170213,0.5819148936170213,0.5819148936170213,0.5819148936170213,0.5819148936170213,0.5819148936170213,0.5819148936170213,0.5819148936170213,0.5819148936170213,0.5218390804597701,0.5218390804597701,0.7042577675489068,0.760548523206751,0.760548523206751,0.5163755458515285,0.5939759036144578,0.5939759036144578,0.5234741784037559,0.6644664466446645,0.6644664466446645,0.6863387978142077,0.5759429153924567,0.45639864099660254,0.549738219895288,0.6135552913198573,0.5449561403508771,0.6328852119958635,0.6328852119958635,0.6389228886168911,0.6310160427807487,0.656934306569343,0.4040150564617315,0.6102403343782654,0.6345381526104418,0.6345381526104418,0.46570397111913353,0.613722998729352,0.4012048192771084,0.0,0.6877234803337307,0.35252643948296125,0.7372781065088758,0.7032392894461861,0.5919540229885057,0.779768177028451,0.8276220145379024,0.7932405566600398,0.7830923248053393,0.806553911205074,0.7932405566600398,0.801255230125523,0.8150826446280992,0.7778894472361809,0.7845828933474128,0.7349524815205913,0.7898627243928195,0.801255230125523,0.7818574514038876,0.7579617834394905,0.7651598676957001,0.8150826446280992,0.7650273224043715,0.7845828933474128,0.7438370846730975,0.7923387096774194,0.7850368809272918,0.798936170212766,0.7636761487964989,0.7985153764581124,0.7890204520990312,0.6939226519337016,0.6939226519337016,0.6939226519337016,0.8123486682808717,0.6939226519337016,0.6939226519337016,0.7643564356435644,0.7570281124497992,0.7814269535673839,0.7394285714285714,0.7706323687031083,0.8448275862068966,0.6807851239669421,0.7834941050375134,0.6877828054298643,0.7834941050375134,0.729918509895227,0.7933972310969116,0.789815817984832,0.6877828054298643,0.7357630979498861,0.8157033805888767,0.7797552836484983,0.6523809523809524,0.7010816125860373,0.6906019007391764,0.7010816125860373,0.7010816125860373,0.7010816125860373,0.7239868565169769,0.4841437632135307,0.7497456765005086,0.7588571428571429,0.7588571428571429,0.6747624076029567,0.5394883203559511,0.5394883203559511,0.6642561983471074,0.681592039800995,0.6896551724137931,0.6896551724137931,0.7885057471264367,0.7443249701314217,0.7169811320754718,0.5706401766004415,0.5039281705948373,0.6922155688622755,0.6810933940774487,0.782608695652174,0.7433102081268583,0.7541176470588236,0.7624703087885986,0.7344827586206897,0.7129840546697039,0.6226622662266227,0.5620022753128555,0.7525195968645016,0.7837209302325582,0.7344827586206897,0.6831922611850061
Eubacterium_I ramulus,0.5914454277286136,0.6658624849215923,0.6658624849215923,0.6658624849215923,0.6658624849215923,0.6658624849215923,0.6658624849215923,0.6658624849215923,0.6658624849215923,0.6658624849215923,0.6658624849215923,0.6174934725848564,0.6174934725848564,0.5189456342668863,0.7688311688311689,0.7688311688311689,0.6507747318235995,0.5126582278481013,0.5126582278481013,0.6029810298102981,0.6098591549295775,0.6098591549295775,0.6877523553162853,0.6853932584269663,0.7178329571106095,0.6735395189003437,0.6150442477876106,0.6682808716707022,0.7132784958871916,0.7132784958871916,0.6214953271028038,0.6217277486910995,0.6238651102464332,0.6286089238845145,0.6515892420537897,0.6607565011820331,0.6607565011820331,0.6494845360824743,0.5527638190954773,0.6519607843137255,0.6877234803337307,0.0,0.6617312072892938,0.5542168674698795,0.6640316205533596,0.5963431786216596,0.8033419023136247,0.7694406548431105,0.8207885304659498,0.7823033707865168,0.7860026917900403,0.8207885304659498,0.7907894736842105,0.7782204515272244,0.8169856459330144,0.78580814717477,0.7892768079800498,0.7631224764468372,0.7907894736842105,0.7708049113233288,0.7769130998702983,0.7833787465940054,0.7782204515272244,0.796,0.78580814717477,0.7806451612903226,0.787765293383271,0.7553763440860215,0.784366576819407,0.7879194630872484,0.782258064516129,0.7848443843031123,0.8253382533825339,0.8253382533825339,0.8253382533825339,0.7412353923205341,0.8253382533825339,0.8253382533825339,0.8291284403669725,0.8147713950762017,0.7713458755426917,0.7341040462427746,0.8205128205128205,0.7631160572337043,0.7917146144994246,0.7544581618655692,0.695104895104895,0.7544581618655692,0.7312775330396476,0.7589041095890411,0.7552447552447552,0.695104895104895,0.6860119047619048,0.7274074074074074,0.7966804979253113,0.6651917404129793,0.7694038245219348,0.6809895833333333,0.7694038245219348,0.7694038245219348,0.7694038245219348,0.7358490566037736,0.7453222453222453,0.7490636704119851,0.702416918429003,0.702416918429003,0.6701164294954722,0.700956937799043,0.700956937799043,0.7502930832356389,0.7422680412371134,0.7337367624810893,0.7337367624810893,0.6789137380191693,0.5669565217391304,0.6457725947521866,0.7375886524822695,0.728735632183908,0.675344563552833,0.71939477303989,0.7048092868988391,0.7366504854368932,0.743202416918429,0.5676625659050967,0.6257861635220126,0.7155049786628733,0.7251243781094527,0.721331689272503,0.6621417797888386,0.635,0.6257861635220126,0.5938009787928222
Clostridium_Q symbiosum,0.6258205689277899,0.5672097759674135,0.5672097759674135,0.5672097759674135,0.5672097759674135,0.5672097759674135,0.5672097759674135,0.5672097759674135,0.5672097759674135,0.5672097759674135,0.5672097759674135,0.5438972162740899,0.5438972162740899,0.6913849509269356,0.759682224428997,0.759682224428997,0.5057351407716371,0.5897727272727273,0.5897727272727273,0.5100671140939597,0.6484784889821615,0.6484784889821615,0.707193515704154,0.5186304128902316,0.48736842105263156,0.5202839756592292,0.6418400876232202,0.5718654434250765,0.6525096525096525,0.6525096525096525,0.6967032967032967,0.6405622489959839,0.6514851485148515,0.44930875576036866,0.5974025974025974,0.6290630975143403,0.6290630975143403,0.47914317925591887,0.6609195402298851,0.5032051282051282,0.35252643948296125,0.6617312072892938,0.0,0.7150900900900901,0.698019801980198,0.6195536663124336,0.7741293532338308,0.8065476190476191,0.7871939736346516,0.8020512820512821,0.7994011976047904,0.7871939736346516,0.802747791952895,0.7982283464566929,0.7830188679245282,0.7883283877349159,0.7722007722007722,0.7860696517412935,0.802747791952895,0.7919597989949749,0.7922330097087379,0.7853509664292981,0.7982283464566929,0.8007968127490039,0.7883283877349159,0.7736220472440944,0.8011310084825636,0.7875494071146245,0.8194308145240432,0.7972027972027972,0.8166666666666667,0.8093346573982125,0.6943866943866943,0.6943866943866943,0.6943866943866943,0.8406593406593407,0.6943866943866943,0.6943866943866943,0.7915904936014625,0.7874306839186691,0.7958115183246073,0.7840909090909091,0.8017664376840039,0.8385360602798708,0.7071770334928229,0.7849246231155779,0.7051416579223504,0.7849246231155779,0.7419006479481641,0.797808764940239,0.7993951612903226,0.7051416579223504,0.7323340471092077,0.8223350253807107,0.8359840954274353,0.7291886195995785,0.7071362372567191,0.7015810276679841,0.7071362372567191,0.7071362372567191,0.7071362372567191,0.7239958805355304,0.5458052073288332,0.7337220602526725,0.75,0.75,0.632716049382716,0.5701030927835051,0.5701030927835051,0.6943648519579751,0.7235401459854014,0.7535596933187294,0.7535596933187294,0.7765726681127982,0.7582781456953642,0.7133891213389121,0.6199596774193548,0.5205047318611987,0.7186813186813187,0.7045215562565721,0.7774011299435029,0.749301025163094,0.7790948275862069,0.753072625698324,0.721436343852013,0.7523316062176166,0.5848452508004269,0.5856236786469344,0.7599164926931107,0.75,0.721436343852013,0.7077777777777778
Bacteroides_F pectinophilus,0.678622668579627,0.706875753920386,0.706875753920386,0.706875753920386,0.706875753920386,0.706875753920386,0.706875753920386,0.706875753920386,0.706875753920386,0.706875753920386,0.706875753920386,0.5272988505747127,0.5272988505747127,0.40405904059040587,0.6317365269461077,0.6317365269461077,0.6928571428571428,0.6375939849624059,0.6375939849624059,0.6416893732970027,0.529320987654321,0.529320987654321,0.536547433903577,0.6790697674418604,0.7876787678767877,0.6242350061199511,0.7144886363636364,0.6137841352405722,0.6327319587628866,0.6327319587628866,0.6703125,0.5167394468704513,0.5223021582733813,0.6801566579634465,0.5746666666666667,0.6123737373737373,0.6123737373737373,0.5798319327731092,0.6547811993517018,0.7294398092967819,0.7372781065088758,0.5542168674698795,0.7150900900900901,0.0,0.5307346326836582,0.6902173913043479,0.761049723756906,0.76,0.787531806615776,0.7910014513788098,0.7546628407460545,0.787531806615776,0.7428977272727273,0.7677329624478442,0.7787723785166241,0.7808219178082192,0.8094027954256671,0.7464589235127479,0.7428977272727273,0.7805907172995781,0.7992073976221928,0.7884344146685472,0.7677329624478442,0.7980636237897649,0.7808219178082192,0.7997364953886693,0.7506666666666667,0.7797537619699042,0.7474747474747474,0.7880055788005579,0.7380607814761215,0.7460087082728593,0.7833553500660502,0.7833553500660502,0.7833553500660502,0.7456445993031359,0.7833553500660502,0.7833553500660502,0.8235995232419547,0.8186215235792019,0.8014705882352942,0.7562776957163959,0.8123324396782842,0.7516778523489933,0.7904761904761904,0.7944827586206896,0.6971014492753623,0.7944827586206896,0.75,0.7471264367816092,0.7430249632892805,0.6971014492753623,0.7713458755426917,0.7903225806451613,0.7988505747126436,0.7284671532846716,0.8009049773755657,0.7335058214747736,0.8009049773755657,0.8009049773755657,0.8009049773755657,0.7750677506775068,0.7768508863399375,0.7854454203262233,0.7575301204819277,0.7575301204819277,0.5573294629898404,0.6066225165562914,0.6066225165562914,0.729064039408867,0.7055961070559611,0.7511664074650077,0.7511664074650077,0.5939716312056738,0.5714285714285714,0.6701337295690937,0.7107231920199502,0.7037484885126966,0.6872037914691943,0.6769911504424779,0.6467391304347826,0.7674418604651163,0.7608695652173914,0.7026578073089701,0.5340314136125655,0.7777777777777778,0.6839309428950864,0.7041343669250646,0.643879173290938,0.6960132890365449,0.5340314136125655,0.6645161290322581
Ruminococcus_B gnavus,0.6854741896758704,0.6870389884088515,0.6870389884088515,0.6870389884088515,0.6870389884088515,0.6870389884088515,0.6870389884088515,0.6870389884088515,0.6870389884088515,0.6870389884088515,0.6870389884088515,0.5413625304136254,0.5413625304136254,0.5468531468531468,0.7154663518299882,0.7154663518299882,0.6351931330472103,0.6483103879849812,0.6483103879849812,0.6009557945041817,0.37608069164265134,0.37608069164265134,0.3910533910533911,0.6004273504273504,0.7265469061876247,0.5673289183222958,0.6921212121212121,0.600451467268623,0.5739030023094689,0.5739030023094689,0.7235367372353674,0.4974811083123426,0.5353658536585366,0.6789297658862876,0.6111731843575419,0.5180442374854481,0.5180442374854481,0.6121495327102804,0.6977950713359273,0.6609071274298056,0.7032392894461861,0.6640316205533596,0.698019801980198,0.5307346326836582,0.0,0.6658851113716295,0.6477272727272727,0.6860025220680959,0.712,0.8040380047505938,0.6810126582278482,0.712,0.6695979899497487,0.6961869618696187,0.7228506787330317,0.6782608695652175,0.7389330306469921,0.6370656370656371,0.6695979899497487,0.8116438356164384,0.8163934426229509,0.7988372093023256,0.6961869618696187,0.8093607305936072,0.6782608695652175,0.7295081967213115,0.6484184914841848,0.6839506172839507,0.6606683804627249,0.7983870967741935,0.6709021601016518,0.6726342710997442,0.771043771043771,0.771043771043771,0.771043771043771,0.820580474934037,0.771043771043771,0.771043771043771,0.7462203023758099,0.7379385964912281,0.8198090692124105,0.7729468599033816,0.7425860023724793,0.8062418725617685,0.7245444801714898,0.6932668329177057,0.7103365384615384,0.6932668329177057,0.7620221948212084,0.6759493670886076,0.6709677419354838,0.7103365384615384,0.7950530035335689,0.8050239234449761,0.7117346938775511,0.75,0.7446592065106816,0.7371303395399781,0.7446592065106816,0.7446592065106816,0.7446592065106816,0.7708095781071835,0.7220113851992409,0.7746781115879828,0.6644385026737968,0.6644385026737968,0.5025641025641026,0.5404761904761906,0.5404761904761906,0.6105990783410138,0.6213808463251671,0.7772215269086358,0.7772215269086358,0.6807639836289223,0.6972972972972973,0.6364795918367347,0.6912242686890574,0.7034339229968782,0.7358490566037736,0.6528301886792454,0.7261410788381742,0.7607555089192025,0.7985166872682323,0.7516339869281046,0.6241519674355496,0.8093607305936072,0.648491879350348,0.6021377672209026,0.69171974522293,0.7496740547588006,0.6241519674355496,0.6987012987012987
Hungatella effluvii,0.42940320232896656,0.556338028169014,0.556338028169014,0.556338028169014,0.556338028169014,0.556338028169014,0.556338028169014,0.556338028169014,0.556338028169014,0.556338028169014,0.556338028169014,0.7014270032930845,0.7014270032930845,0.6212938005390836,0.8296943231441047,0.8296943231441047,0.5743473325766175,0.46464646464646464,0.46464646464646464,0.6662817551963048,0.5756410256410256,0.5756410256410256,0.7146198830409356,0.6862944162436548,0.48375451263537905,0.6332622601279317,0.41815476190476186,0.6519823788546255,0.7315296566077003,0.7315296566077003,0.5868347338935574,0.6980088495575221,0.6804008908685969,0.706858407079646,0.7580971659919028,0.6919875130072841,0.6919875130072841,0.7478632478632479,0.5722543352601156,0.5358851674641149,0.5919540229885057,0.5963431786216596,0.6195536663124336,0.6902173913043479,0.6658851113716295,0.0,0.7660818713450293,0.7608695652173914,0.7950108459869848,0.6733601070950468,0.7712574850299401,0.7950108459869848,0.7612826603325415,0.7674144037780402,0.7875816993464052,0.7342995169082125,0.656441717791411,0.7463942307692308,0.7612826603325415,0.6495388669301713,0.6679151061173534,0.6529801324503312,0.7674144037780402,0.6433289299867899,0.7342995169082125,0.6786155747836835,0.7442660550458715,0.7303506650544136,0.7668269230769231,0.6539973787680209,0.7752675386444708,0.7716346153846154,0.8142857142857143,0.8142857142857143,0.8142857142857143,0.7685834502103787,0.8142857142857143,0.8142857142857143,0.7417582417582418,0.7360801781737194,0.6707650273224044,0.6338797814207651,0.7221542227662179,0.8131578947368421,0.664391353811149,0.7352941176470589,0.5500685871056241,0.7352941176470589,0.6005665722379603,0.7423687423687424,0.7481481481481482,0.5500685871056241,0.6555407209612817,0.7477707006369427,0.7575000000000001,0.611336032388664,0.7404343329886246,0.575187969924812,0.7404343329886246,0.7404343329886246,0.7404343329886246,0.6332046332046333,0.6348717948717948,0.6301703163017032,0.7509529860228716,0.7509529860228716,0.7284768211920529,0.7487073422957601,0.7487073422957601,0.7093275488069415,0.733678756476684,0.5929721815519766,0.5929721815519766,0.7252010723860589,0.7137042062415198,0.6465295629820051,0.7305644302449414,0.6527929901423877,0.5951704545454546,0.6712846347607053,0.7181303116147308,0.7606382978723404,0.7010869565217391,0.6623931623931624,0.6868421052631579,0.6486842105263158,0.7578378378378379,0.7339149400218102,0.695483870967742,0.6939058171745152,0.6868421052631579,0.64
Bacteroides uniformis,0.7880239520958083,0.7847439916405434,0.7847439916405434,0.7847439916405434,0.7847439916405434,0.7847439916405434,0.7847439916405434,0.7847439916405434,0.7847439916405434,0.7847439916405434,0.7847439916405434,0.7361268403171009,0.7361268403171009,0.7354497354497355,0.75,0.75,0.7665975103734439,0.7721674876847291,0.7721674876847291,0.7093712930011862,0.6494178525226391,0.6494178525226391,0.6016260162601625,0.6988335100742311,0.7308510638297872,0.7060702875399361,0.7295918367346939,0.7130144605116797,0.6968325791855203,0.6968325791855203,0.7605263157894737,0.6894923258559622,0.6594724220623501,0.7823204419889502,0.7840670859538784,0.7380699893955461,0.7380699893955461,0.7528216704288939,0.8069948186528497,0.7382769901853872,0.779768177028451,0.8033419023136247,0.7741293532338308,0.761049723756906,0.6477272727272727,0.7660818713450293,0.0,0.3662691652470187,0.36875,0.625,0.2782764811490126,0.36875,0.30260869565217396,0.3241852487135506,0.37071651090342683,0.3202054794520548,0.5293276108726752,0.3172413793103448,0.30260869565217396,0.6294706723891274,0.6301369863013699,0.5799701046337817,0.3241852487135506,0.6086956521739131,0.3202054794520548,0.513353115727003,0.35256410256410253,0.39902280130293155,0.30265486725663715,0.618705035971223,0.34536082474226804,0.33333333333333337,0.5766526019690577,0.5766526019690577,0.5766526019690577,0.7024,0.5766526019690577,0.5766526019690577,0.6143958868894601,0.6394904458598727,0.6597633136094674,0.698744769874477,0.6002865329512894,0.7212863705972434,0.6466992665036675,0.4075907590759076,0.6438356164383562,0.4075907590759076,0.6767241379310345,0.42131147540983604,0.4398682042833608,0.6438356164383562,0.7365591397849462,0.6163141993957704,0.5285714285714286,0.7929736511919698,0.7420765027322405,0.7615740740740741,0.7420765027322405,0.7420765027322405,0.7420765027322405,0.7531328320802005,0.7522211253701876,0.7467455621301775,0.6142208774583964,0.6142208774583964,0.7021531100478469,0.7084745762711864,0.7084745762711864,0.713631156930126,0.7265711135611908,0.790257104194858,0.790257104194858,0.7636363636363637,0.8174496644295302,0.67828418230563,0.7402015677491601,0.7386117136659436,0.7916120576671035,0.677376171352075,0.7206106870229008,0.7465753424657534,0.8002699055330634,0.7905686546463245,0.7570093457943925,0.7739463601532567,0.7447795823665893,0.7083825265643447,0.7243243243243243,0.7395683453237409,0.7570093457943925,0.7730307076101468
Bacteroides caccae,0.8142340168878166,0.791044776119403,0.791044776119403,0.791044776119403,0.791044776119403,0.791044776119403,0.791044776119403,0.791044776119403,0.791044776119403,0.791044776119403,0.791044776119403,0.7605473204104903,0.7605473204104903,0.7472972972972973,0.7661188369152971,0.7661188369152971,0.8016528925619835,0.8004956629491946,0.8004956629491946,0.7362768496420048,0.6644736842105263,0.6644736842105263,0.6819973718791064,0.7268862911795961,0.7388949079089924,0.7233584499461787,0.7570694087403599,0.7239819004524887,0.753607103218646,0.753607103218646,0.7611940298507462,0.7130952380952381,0.7020262216924911,0.790304396843292,0.7968085106382978,0.795643153526971,0.795643153526971,0.771689497716895,0.8010752688172043,0.7765726681127982,0.8276220145379024,0.7694406548431105,0.8065476190476191,0.76,0.6860025220680959,0.7608695652173914,0.3662691652470187,0.0,0.36025848142164785,0.6059190031152648,0.32432432432432434,0.36025848142164785,0.30590339892665475,0.23134328358208955,0.39589905362776023,0.323943661971831,0.5156017830609212,0.2495378927911276,0.30590339892665475,0.5596899224806202,0.6068866571018652,0.583076923076923,0.23134328358208955,0.5978915662650602,0.323943661971831,0.49380804953560375,0.31818181818181823,0.36363636363636365,0.32432432432432434,0.5872534142640364,0.33807829181494664,0.3493761140819964,0.5372023809523809,0.5372023809523809,0.5372023809523809,0.6470588235294117,0.5372023809523809,0.5372023809523809,0.6585677749360614,0.6453715775749673,0.6339563862928349,0.6898550724637681,0.5829596412556054,0.7307086614173228,0.6354430379746836,0.43739565943238734,0.65406162464986,0.43739565943238734,0.6765578635014837,0.3671328671328671,0.3838028169014085,0.65406162464986,0.7520547945205479,0.6311728395061729,0.5350734094616639,0.800771208226221,0.7435610302351624,0.7607142857142857,0.7435610302351624,0.7435610302351624,0.7435610302351624,0.7421875,0.7550403225806451,0.7515151515151515,0.6031496062992125,0.6031496062992125,0.6881987577639752,0.796976241900648,0.796976241900648,0.7468499427262314,0.8034006376195537,0.7695590327169275,0.7695590327169275,0.7554585152838428,0.8117154811715481,0.6763485477178424,0.7587768969422424,0.7552140504939626,0.7916102841677943,0.673582295988935,0.6448911222780569,0.7273809523809525,0.7972027972027972,0.7817919075144508,0.7489597780859917,0.7536813922356091,0.7538461538461538,0.760186263096624,0.7414030261348006,0.7127659574468085,0.7489597780859917,0.7604456824512535
Bacteroides cellulosilyticus,0.8172757475083057,0.7906746031746031,0.7906746031746031,0.7906746031746031,0.7906746031746031,0.7906746031746031,0.7906746031746031,0.7906746031746031,0.7906746031746031,0.7906746031746031,0.7906746031746031,0.7064017660044151,0.7064017660044151,0.7459727385377943,0.7502944640753828,0.7502944640753828,0.7971014492753623,0.8115124153498872,0.8115124153498872,0.7044167610419025,0.6966824644549763,0.6966824644549763,0.6875753920386007,0.7027300303336703,0.7268093781855249,0.6923868312757202,0.7908045977011494,0.7218124341412013,0.7390396659707724,0.7390396659707724,0.787363304981774,0.6233766233766234,0.5990453460620525,0.7707006369426752,0.7996051332675223,0.7712031558185404,0.7712031558185404,0.7380434782608696,0.8257211538461539,0.7906281156530408,0.7932405566600398,0.8207885304659498,0.7871939736346516,0.787531806615776,0.712,0.7950108459869848,0.36875,0.36025848142164785,0.0,0.5919540229885057,0.33059210526315785,0.0,0.3192182410423453,0.38341158059467917,0.23397435897435892,0.4264036418816388,0.5231607629427792,0.39252336448598135,0.3192182410423453,0.612859097127223,0.623207301173403,0.6066481994459834,0.38341158059467917,0.5750350631136045,0.4264036418816388,0.5202797202797202,0.40588235294117647,0.45845697329376855,0.36816720257234725,0.6344086021505376,0.3851030110935024,0.410377358490566,0.5166666666666666,0.5166666666666666,0.5166666666666666,0.7136498516320475,0.5166666666666666,0.5166666666666666,0.5825,0.6019900497512438,0.6675900277008311,0.7139141742522757,0.6208277703604806,0.7503506311360448,0.5444305381727159,0.4963181148748159,0.6537966537966537,0.4963181148748159,0.6761517615176151,0.43471582181259605,0.4473684210526315,0.6537966537966537,0.7487437185929648,0.6367461430575034,0.5753623188405796,0.8093567251461988,0.7294736842105263,0.7653508771929824,0.7294736842105263,0.7294736842105263,0.7294736842105263,0.7517814726840855,0.7096774193548387,0.7527964205816555,0.6793478260869565,0.6793478260869565,0.7447744774477447,0.7365648050579557,0.7365648050579557,0.6494845360824743,0.7385416666666667,0.7882653061224489,0.7882653061224489,0.761528326745718,0.7956298200514139,0.7167487684729064,0.7204767063921993,0.7208814270724029,0.8087697929354446,0.7158671586715868,0.6986899563318778,0.7134894091415831,0.8053097345132744,0.8041237113402062,0.7474619289340101,0.7773766546329723,0.7112117780294451,0.7122060470324748,0.7437185929648241,0.7573333333333333,0.7474619289340101,0.78125
Bacteroides timonensis,0.6978021978021978,0.753968253968254,0.753968253968254,0.753968253968254,0.753968253968254,0.753968253968254,0.753968253968254,0.753968253968254,0.753968253968254,0.753968253968254,0.753968253968254,0.8139797068771139,0.8139797068771139,0.7489481065918653,0.82375,0.82375,0.7731733914940022,0.6803394625176804,0.6803394625176804,0.8079161816065192,0.7563451776649746,0.7563451776649746,0.7808564231738035,0.7885416666666667,0.7082379862700229,0.7858649789029536,0.6570605187319885,0.8272532188841202,0.7897664071190211,0.7897664071190211,0.6408668730650156,0.8140589569160998,0.8036322360953462,0.8284424379232506,0.8389830508474576,0.8159831756046267,0.8159831756046267,0.8316498316498316,0.6935975609756098,0.755125284738041,0.7830923248053393,0.7823033707865168,0.8020512820512821,0.7910014513788098,0.8040380047505938,0.6733601070950468,0.625,0.6059190031152648,0.5919540229885057,0.0,0.554119547657512,0.5919540229885057,0.5024630541871922,0.5800933125972005,0.6070921985815603,0.5490506329113924,0.34079173838209986,0.5882352941176471,0.5024630541871922,0.3163841807909604,0.32558139534883723,0.2559055118110236,0.5800933125972005,0.25680933852140075,0.5490506329113924,0.3686956521739131,0.5802650957290132,0.5296000000000001,0.5680000000000001,0.3062381852551985,0.5752773375594296,0.567524115755627,0.6741258741258741,0.6741258741258741,0.6741258741258741,0.6318681318681318,0.6741258741258741,0.6741258741258741,0.5778401122019635,0.5958041958041957,0.4464944649446494,0.5320945945945945,0.5415335463258786,0.7171381031613977,0.6037483266398929,0.6159754224270353,0.4489112227805695,0.6159754224270353,0.4158964879852126,0.584251968503937,0.5758064516129032,0.4489112227805695,0.575609756097561,0.5986842105263157,0.634493670886076,0.7207977207977208,0.7619589977220956,0.6640106241699868,0.7619589977220956,0.7619589977220956,0.7619589977220956,0.6448326055312955,0.7068965517241379,0.6768617021276595,0.7226386806596702,0.7226386806596702,0.8318077803203661,0.8397849462365592,0.8397849462365592,0.8233333333333334,0.8491561181434599,0.6504065040650406,0.6504065040650406,0.7519025875190259,0.7545731707317074,0.7523680649526387,0.8171683389074693,0.7482915717539863,0.7019667170953101,0.7547169811320755,0.7248764415156508,0.7878077373974208,0.6946202531645569,0.7492260061919505,0.7507204610951008,0.6382978723404256,0.8149010477299186,0.8078703703703703,0.7640449438202247,0.73125,0.7507204610951008,0.7370753323485968
Bacteroides stercoris,0.7894088669950738,0.7806451612903226,0.7806451612903226,0.7806451612903226,0.7806451612903226,0.7806451612903226,0.7806451612903226,0.7806451612903226,0.7806451612903226,0.7806451612903226,0.7806451612903226,0.7226792009400704,0.7226792009400704,0.7213793103448276,0.7582697201017812,0.7582697201017812,0.8004136504653567,0.7990074441687345,0.7990074441687345,0.7163636363636363,0.6574074074074074,0.6574074074074074,0.6316507503410641,0.725531914893617,0.737527114967462,0.7108695652173913,0.7650063856960408,0.7396648044692737,0.7325056433408578,0.7325056433408578,0.7611940298507462,0.6881067961165048,0.6670746634026927,0.7930258717660292,0.7916666666666666,0.7609391675560299,0.7609391675560299,0.7473806752037253,0.7945945945945946,0.7577092511013216,0.806553911205074,0.7860026917900403,0.7994011976047904,0.7546628407460545,0.6810126582278482,0.7712574850299401,0.2782764811490126,0.32432432432432434,0.33059210526315785,0.554119547657512,0.0,0.33059210526315785,0.24629629629629635,0.26055045871559634,0.27040816326530615,0.3120567375886525,0.4535603715170279,0.2875226039783002,0.24629629629629635,0.5795107033639144,0.5824817518248175,0.563182527301092,0.26055045871559634,0.5632716049382716,0.3120567375886525,0.41272430668841764,0.28350515463917525,0.3551724137931035,0.24528301886792447,0.5786259541984733,0.23106060606060608,0.2820037105751392,0.5151057401812689,0.5151057401812689,0.5151057401812689,0.6447140381282496,0.5151057401812689,0.5151057401812689,0.6179183135704875,0.629287598944591,0.6318252730109204,0.6841339155749636,0.5701357466063348,0.7124600638977636,0.6354430379746836,0.40273037542662116,0.6192528735632183,0.40273037542662116,0.6381679389312978,0.3321428571428572,0.34594594594594597,0.6192528735632183,0.7096317280453257,0.5853269537480064,0.48566610455311976,0.7867360208062418,0.7220956719817768,0.7320341047503045,0.7220956719817768,0.7220956719817768,0.7220956719817768,0.7239101717305152,0.7228541882109618,0.7220843672456576,0.6118935837245696,0.6118935837245696,0.7027027027027026,0.749719416386083,0.749719416386083,0.715962441314554,0.7734204793028323,0.7553956834532374,0.7553956834532374,0.7276785714285714,0.7793696275071633,0.6854395604395604,0.750285062713797,0.7469613259668508,0.7833787465940054,0.6880984952120384,0.6802610114192496,0.7258641239570918,0.7679083094555874,0.7675438596491229,0.716927453769559,0.7401894451962111,0.7282608695652174,0.7230215827338129,0.7148876404494382,0.7088414634146342,0.716927453769559,0.7464788732394366
Bacteroides sp900552405,0.8172757475083057,0.7906746031746031,0.7906746031746031,0.7906746031746031,0.7906746031746031,0.7906746031746031,0.7906746031746031,0.7906746031746031,0.7906746031746031,0.7906746031746031,0.7906746031746031,0.7064017660044151,0.7064017660044151,0.7459727385377943,0.7502944640753828,0.7502944640753828,0.7971014492753623,0.8115124153498872,0.8115124153498872,0.7044167610419025,0.6966824644549763,0.6966824644549763,0.6875753920386007,0.7027300303336703,0.7268093781855249,0.6923868312757202,0.7908045977011494,0.7218124341412013,0.7390396659707724,0.7390396659707724,0.787363304981774,0.6233766233766234,0.5990453460620525,0.7707006369426752,0.7996051332675223,0.7712031558185404,0.7712031558185404,0.7380434782608696,0.8257211538461539,0.7906281156530408,0.7932405566600398,0.8207885304659498,0.7871939736346516,0.787531806615776,0.712,0.7950108459869848,0.36875,0.36025848142164785,0.0,0.5919540229885057,0.33059210526315785,0.0,0.3192182410423453,0.38341158059467917,0.23397435897435892,0.4264036418816388,0.5231607629427792,0.39252336448598135,0.3192182410423453,0.612859097127223,0.623207301173403,0.6066481994459834,0.38341158059467917,0.5750350631136045,0.4264036418816388,0.5202797202797202,0.40588235294117647,0.45845697329376855,0.36816720257234725,0.6344086021505376,0.3851030110935024,0.410377358490566,0.5166666666666666,0.5166666666666666,0.5166666666666666,0.7136498516320475,0.5166666666666666,0.5166666666666666,0.5825,0.6019900497512438,0.6675900277008311,0.7139141742522757,0.6208277703604806,0.7503506311360448,0.5444305381727159,0.4963181148748159,0.6537966537966537,0.4963181148748159,0.6761517615176151,0.43471582181259605,0.4473684210526315,0.6537966537966537,0.7487437185929648,0.6367461430575034,0.5753623188405796,0.8093567251461988,0.7294736842105263,0.7653508771929824,0.7294736842105263,0.7294736842105263,0.7294736842105263,0.7517814726840855,0.7096774193548387,0.7527964205816555,0.6793478260869565,0.6793478260869565,0.7447744774477447,0.7365648050579557,0.7365648050579557,0.6494845360824743,0.7385416666666667,0.7882653061224489,0.7882653061224489,0.761528326745718,0.7956298200514139,0.7167487684729064,0.7204767063921993,0.7208814270724029,0.8087697929354446,0.7158671586715868,0.6986899563318778,0.7134894091415831,0.8053097345132744,0.8041237113402062,0.7474619289340101,0.7773766546329723,0.7112117780294451,0.7122060470324748,0.7437185929648241,0.7573333333333333,0.7474619289340101,0.78125
Bacteroides intestinalis_A,0.7834549878345498,0.782010582010582,0.782010582010582,0.782010582010582,0.782010582010582,0.782010582010582,0.782010582010582,0.782010582010582,0.782010582010582,0.782010582010582,0.782010582010582,0.726643598615917,0.726643598615917,0.7156462585034014,0.7493702770780857,0.7493702770780857,0.7865979381443299,0.7943696450428397,0.7943696450428397,0.7236061684460261,0.65625,0.65625,0.6308724832214765,0.7197049525816649,0.7355460385438972,0.705059203444564,0.7480916030534351,0.7305986696230599,0.7205387205387206,0.7205387205387206,0.7381275440976933,0.6959619952494062,0.6770334928229664,0.7915742793791574,0.7928496319663512,0.7586933614330875,0.7586933614330875,0.755125284738041,0.7912234042553191,0.7513631406761178,0.801255230125523,0.7907894736842105,0.802747791952895,0.7428977272727273,0.6695979899497487,0.7612826603325415,0.30260869565217396,0.30590339892665475,0.3192182410423453,0.5024630541871922,0.24629629629629635,0.3192182410423453,0.0,0.25497287522603973,0.3508771929824561,0.32352941176470584,0.41990668740279935,0.2816399286987522,0.0,0.5356037151702786,0.5362962962962963,0.5087440381558028,0.25497287522603973,0.5256609642301711,0.32352941176470584,0.4057971014492754,0.2895622895622896,0.317157712305026,0.2559852670349908,0.5460122699386503,0.27404718693284935,0.24394785847299816,0.5207100591715976,0.5207100591715976,0.5207100591715976,0.6388415672913117,0.5207100591715976,0.5207100591715976,0.6065359477124184,0.625,0.6203703703703703,0.6515373352855052,0.5267175572519084,0.7018927444794953,0.5997442455242967,0.4010067114093959,0.6028571428571429,0.4010067114093959,0.6371814092953523,0.26775956284153,0.26530612244897955,0.6028571428571429,0.6984572230014026,0.5984496124031008,0.47753743760399336,0.7867177522349936,0.7230941704035874,0.7298919567827131,0.7230941704035874,0.7230941704035874,0.7230941704035874,0.716710182767624,0.7211440245148111,0.723170731707317,0.6006191950464397,0.6006191950464397,0.7072289156626506,0.7544052863436124,0.7544052863436124,0.7200460829493087,0.7669902912621359,0.7559943582510578,0.7559943582510578,0.7325581395348837,0.7743300423131171,0.6748299319727891,0.7466216216216216,0.7337733773377337,0.7882822902796272,0.66484268125855,0.667741935483871,0.7147928994082839,0.7595473833097596,0.7679083094555874,0.7038081805359662,0.7393617021276595,0.7261904761904762,0.7300469483568075,0.7232876712328767,0.7123695976154992,0.7038081805359662,0.7420249653259362
Bacteroides xylanisolvens,0.796875,0.7783669141039237,0.7783669141039237,0.7783669141039237,0.7783669141039237,0.7783669141039237,0.7783669141039237,0.7783669141039237,0.7783669141039237,0.7783669141039237,0.7783669141039237,0.7584269662921348,0.7584269662921348,0.7549407114624506,0.7713226205191595,0.7713226205191595,0.7905544147843943,0.7975609756097561,0.7975609756097561,0.7254437869822485,0.6823979591836735,0.6823979591836735,0.6671018276762402,0.72,0.7317596566523605,0.7205100956429331,0.7452229299363058,0.7378854625550662,0.7502738225629793,0.7502738225629793,0.7536813922356091,0.7116060961313013,0.6821428571428572,0.7837235228539576,0.7879746835443038,0.787037037037037,0.787037037037037,0.7582292849035187,0.8026315789473684,0.7690655209452202,0.8150826446280992,0.7782204515272244,0.7982283464566929,0.7677329624478442,0.6961869618696187,0.7674144037780402,0.3241852487135506,0.23134328358208955,0.38341158059467917,0.5800933125972005,0.26055045871559634,0.38341158059467917,0.25497287522603973,0.0,0.3466453674121406,0.2922535211267606,0.472972972972973,0.20964749536178107,0.25497287522603973,0.5340557275541795,0.5645863570391872,0.5419254658385093,0.0,0.5772113943028485,0.2922535211267606,0.4659442724458205,0.3106312292358804,0.36363636363636365,0.27322404371584696,0.5793413173652695,0.2815884476534296,0.3142857142857143,0.512630014858841,0.512630014858841,0.512630014858841,0.6440677966101696,0.512630014858841,0.512630014858841,0.625,0.621903520208605,0.6145510835913313,0.6714697406340058,0.5603576751117735,0.706436420722135,0.6055979643765903,0.40734557595993326,0.6269284712482468,0.40734557595993326,0.6578171091445428,0.3529411764705882,0.3664921465968587,0.6269284712482468,0.7168508287292817,0.6225266362252664,0.5057096247960848,0.8007566204287515,0.7147688838782413,0.7392857142857143,0.7147688838782413,0.7147688838782413,0.7147688838782413,0.7237354085603113,0.7432296890672017,0.7327690447400241,0.6225266362252664,0.6225266362252664,0.6981818181818182,0.7722342733188721,0.7722342733188721,0.7291428571428571,0.7764705882352941,0.7528248587570622,0.7528248587570622,0.7347826086956522,0.804945054945055,0.6607142857142857,0.732650739476678,0.7298787210584343,0.7788203753351206,0.6616438356164384,0.6768000000000001,0.7448036951501155,0.7856154910096819,0.7682403433476395,0.7327823691460056,0.7192982456140351,0.7340425531914894,0.7333333333333334,0.7408906882591093,0.6933534743202416,0.7327823691460056,0.7371349095966621
Bacteroides eggerthii,0.8111111111111111,0.7802197802197802,0.7802197802197802,0.7802197802197802,0.7802197802197802,0.7802197802197802,0.7802197802197802,0.7802197802197802,0.7802197802197802,0.7802197802197802,0.7802197802197802,0.7041942604856513,0.7041942604856513,0.7542997542997543,0.7269461077844311,0.7269461077844311,0.7951690821256039,0.8212290502793296,0.8212290502793296,0.6857798165137614,0.6973995271867612,0.6973995271867612,0.6787878787878787,0.7033299697275479,0.7089783281733746,0.6996935648621042,0.7829099307159353,0.6949516648764769,0.7303252885624344,0.7303252885624344,0.7775061124694377,0.6062052505966586,0.5814234016887816,0.7526881720430108,0.7904667328699106,0.7631318136769079,0.7631318136769079,0.7247807017543859,0.8317422434367542,0.7837837837837838,0.7778894472361809,0.8169856459330144,0.7830188679245282,0.7787723785166241,0.7228506787330317,0.7875816993464052,0.37071651090342683,0.39589905362776023,0.23397435897435892,0.6070921985815603,0.27040816326530615,0.23397435897435892,0.3508771929824561,0.3466453674121406,0.0,0.3790951638065523,0.5403225806451613,0.3944099378881988,0.3508771929824561,0.625169147496617,0.6169934640522876,0.6,0.3466453674121406,0.6073871409028728,0.3790951638065523,0.5091420534458508,0.3595166163141994,0.4298642533936652,0.3543689320388349,0.6054794520547946,0.34789644012944987,0.3766025641025641,0.505586592178771,0.505586592178771,0.505586592178771,0.697151424287856,0.505586592178771,0.505586592178771,0.5638432364096081,0.5728770595690748,0.6685082872928176,0.706266318537859,0.6126005361930296,0.7404795486600846,0.5178117048346056,0.47994056463595836,0.659846547314578,0.47994056463595836,0.6894243641231593,0.4600301659125189,0.4679878048780488,0.659846547314578,0.7540574282147317,0.6184397163120567,0.5342261904761905,0.8084112149532711,0.7151965993623804,0.7577092511013216,0.7151965993623804,0.7151965993623804,0.7151965993623804,0.7523696682464455,0.7051909892262488,0.758888888888889,0.6657534246575343,0.6657534246575343,0.728587319243604,0.7236981934112646,0.7236981934112646,0.637831603229527,0.715042372881356,0.7857142857142857,0.7857142857142857,0.7588932806324111,0.8053435114503817,0.7063197026022305,0.7099236641221374,0.7051961823966066,0.8004895960832313,0.714987714987715,0.703328509406657,0.7040358744394619,0.8058007566204287,0.8,0.76375,0.7630619684082625,0.711864406779661,0.6923950056753689,0.7412060301507537,0.7395411605937922,0.76375,0.77875
Bacteroides fragilis,0.7607891491985204,0.7895287958115184,0.7895287958115184,0.7895287958115184,0.7895287958115184,0.7895287958115184,0.7895287958115184,0.7895287958115184,0.7895287958115184,0.7895287958115184,0.7895287958115184,0.7664071190211346,0.7664071190211346,0.7562254259501966,0.7679012345679013,0.7679012345679013,0.7814432989690722,0.7762669962917181,0.7762669962917181,0.7176749703440095,0.6408912188728703,0.6408912188728703,0.6423841059602649,0.7331256490134994,0.7206040992448759,0.729758149316509,0.7336747759282971,0.7193763919821826,0.7320044296788483,0.7320044296788483,0.7466487935656836,0.7219003476245655,0.6898584905660378,0.7993421052631579,0.822267620020429,0.7664233576642336,0.7664233576642336,0.781354051054384,0.8052287581699347,0.7445414847161572,0.7845828933474128,0.78580814717477,0.7883283877349159,0.7808219178082192,0.6782608695652175,0.7342995169082125,0.3202054794520548,0.323943661971831,0.4264036418816388,0.5490506329113924,0.3120567375886525,0.4264036418816388,0.32352941176470584,0.2922535211267606,0.3790951638065523,0.0,0.4918759231905465,0.30594405594405594,0.32352941176470584,0.5742128935532234,0.5773638968481376,0.5311526479750779,0.2922535211267606,0.5582450832072617,0.0,0.45736434108527135,0.3234811165845649,0.2695035460992907,0.33274956217162877,0.5315870570107859,0.3769100169779287,0.3455497382198953,0.6061026352288488,0.6061026352288488,0.6061026352288488,0.6666666666666667,0.6061026352288488,0.6061026352288488,0.6286811779769526,0.6256476683937824,0.6126543209876543,0.6540697674418605,0.5457271364317842,0.704225352112676,0.6093552465233881,0.35111876075731496,0.5856115107913669,0.35111876075731496,0.6109422492401215,0.387858347386172,0.4040747028862479,0.5856115107913669,0.7023643949930458,0.5479233226837061,0.4717607973421927,0.7957124842370744,0.708803611738149,0.7360285374554103,0.708803611738149,0.708803611738149,0.708803611738149,0.711864406779661,0.7315842583249244,0.7139364303178484,0.5752351097178683,0.5752351097178683,0.7212336892052195,0.759825327510917,0.759825327510917,0.7187141216991964,0.7642626480086114,0.7542134831460674,0.7542134831460674,0.7435530085959885,0.78442280945758,0.6383866481223922,0.7324263038548753,0.7226519337016575,0.7534059945504087,0.646896551724138,0.6913385826771654,0.7269544924154026,0.775,0.7553956834532374,0.7462686567164178,0.737748344370861,0.7700228832951945,0.7090261282660333,0.7572944297082228,0.7068452380952381,0.7462686567164178,0.7385892116182573
Bacteroides fluxus,0.7012345679012346,0.7403141361256544,0.7403141361256544,0.7403141361256544,0.7403141361256544,0.7403141361256544,0.7403141361256544,0.7403141361256544,0.7403141361256544,0.7403141361256544,0.7403141361256544,0.7715196599362381,0.7715196599362381,0.7703703703703704,0.8057142857142857,0.8057142857142857,0.7535496957403651,0.7118012422360249,0.7118012422360249,0.7508305647840532,0.7017964071856287,0.7017964071856287,0.7006060606060607,0.7504930966469427,0.6420704845814977,0.7512437810945274,0.645751633986928,0.771047227926078,0.7786885245901639,0.7786885245901639,0.6436464088397791,0.7404162102957283,0.7330415754923414,0.7812166488794023,0.8292682926829268,0.8092933204259438,0.8092933204259438,0.7985309548793285,0.7031039136302294,0.6670378619153674,0.7349524815205913,0.7892768079800498,0.7722007722007722,0.8094027954256671,0.7389330306469921,0.656441717791411,0.5293276108726752,0.5156017830609212,0.5231607629427792,0.34079173838209986,0.4535603715170279,0.5231607629427792,0.41990668740279935,0.472972972972973,0.5403225806451613,0.4918759231905465,0.0,0.4835820895522388,0.41990668740279935,0.29109589041095896,0.32258064516129037,0.36633663366336633,0.472972972972973,0.3079526226734348,0.4918759231905465,0.13595706618962433,0.49577464788732395,0.4405487804878049,0.47247706422018354,0.3818770226537217,0.48489425981873113,0.4715821812596006,0.6355382619974059,0.6355382619974059,0.6355382619974059,0.6598425196850394,0.6355382619974059,0.6355382619974059,0.4319775596072931,0.4350282485875706,0.5195618153364632,0.5257575757575758,0.38314785373608906,0.7535612535612536,0.480794701986755,0.4955089820359282,0.4852941176470589,0.4955089820359282,0.5077639751552795,0.4710365853658537,0.46261682242990654,0.4852941176470589,0.6369958275382476,0.6516220028208745,0.4819466248037677,0.6953125,0.7449947312961012,0.6545454545454545,0.7449947312961012,0.7449947312961012,0.7449947312961012,0.6610608020698576,0.6215644820295982,0.6885441527446301,0.6342857142857143,0.6342857142857143,0.7582781456953642,0.7977642276422764,0.7977642276422764,0.7331154684095861,0.7756147540983607,0.620384047267356,0.620384047267356,0.7630522088353413,0.7897503285151117,0.7045454545454546,0.7671957671957672,0.6952277657266811,0.7173333333333334,0.7003792667509482,0.7651195499296766,0.7854855923159019,0.6709585121602288,0.7741935483870968,0.7693282636248415,0.6013986013986015,0.7710843373493976,0.7633587786259541,0.7911547911547911,0.7400275103163687,0.7693282636248415,0.7513020833333334
Bacteroides finegoldii,0.7684729064039408,0.7985386221294364,0.7985386221294364,0.7985386221294364,0.7985386221294364,0.7985386221294364,0.7985386221294364,0.7985386221294364,0.7985386221294364,0.7985386221294364,0.7985386221294364,0.7468785471055619,0.7468785471055619,0.7446808510638299,0.7649253731343284,0.7649253731343284,0.7765072765072765,0.7641154328732748,0.7641154328732748,0.7311320754716981,0.6221628838451269,0.6221628838451269,0.6046511627906976,0.6750272628135223,0.7149075081610445,0.6794731064763996,0.7170795306388527,0.7003405221339387,0.7133182844243793,0.7133182844243793,0.7566844919786097,0.7051886792452831,0.6911242603550296,0.7861915367483296,0.777422790202343,0.7521186440677966,0.7521186440677966,0.755125284738041,0.8023715415019763,0.75,0.7898627243928195,0.7631224764468372,0.7860696517412935,0.7464589235127479,0.6370656370656371,0.7463942307692308,0.3172413793103448,0.2495378927911276,0.39252336448598135,0.5882352941176471,0.2875226039783002,0.39252336448598135,0.2816399286987522,0.20964749536178107,0.3944099378881988,0.30594405594405594,0.4835820895522388,0.0,0.2816399286987522,0.5423728813559322,0.5722543352601156,0.5181674565560821,0.20964749536178107,0.5892857142857143,0.30594405594405594,0.4769230769230769,0.26916524701873934,0.35144312393887944,0.20982986767485823,0.548238897396631,0.24538745387453875,0.25370370370370365,0.5052316890881914,0.5052316890881914,0.5052316890881914,0.636518771331058,0.5052316890881914,0.5052316890881914,0.5992115637319317,0.5976095617529881,0.5987460815047022,0.6475770925110131,0.553223388305847,0.6832,0.6033163265306123,0.4325657894736842,0.6107954545454546,0.4325657894736842,0.6227272727272728,0.3546712802768166,0.35387323943661975,0.6107954545454546,0.7093184979137691,0.6049382716049383,0.4698996655518395,0.8020176544766708,0.7216610549943883,0.7449584816132859,0.7216610549943883,0.7216610549943883,0.7216610549943883,0.7233766233766235,0.7467467467467468,0.7461077844311377,0.5786163522012578,0.5786163522012578,0.6801968019680197,0.7234762979683973,0.7234762979683973,0.683649289099526,0.7342192691029901,0.7629733520336606,0.7629733520336606,0.7380607814761215,0.7896935933147633,0.6490984743411927,0.7147806004618937,0.7125279642058165,0.7619047619047619,0.6425591098748262,0.6741573033707865,0.7372093023255815,0.7699859747545582,0.7518142235123367,0.7092696629213483,0.7309236947791165,0.7292161520190024,0.682095006090134,0.7388362652232747,0.6829268292682926,0.7092696629213483,0.7367688022284122
Bacteroides intestinalis,0.7834549878345498,0.782010582010582,0.782010582010582,0.782010582010582,0.782010582010582,0.782010582010582,0.782010582010582,0.782010582010582,0.782010582010582,0.782010582010582,0.782010582010582,0.726643598615917,0.726643598615917,0.7156462585034014,0.7493702770780857,0.7493702770780857,0.7865979381443299,0.7943696450428397,0.7943696450428397,0.7236061684460261,0.65625,0.65625,0.6308724832214765,0.7197049525816649,0.7355460385438972,0.705059203444564,0.7480916030534351,0.7305986696230599,0.7205387205387206,0.7205387205387206,0.7381275440976933,0.6959619952494062,0.6770334928229664,0.7915742793791574,0.7928496319663512,0.7586933614330875,0.7586933614330875,0.755125284738041,0.7912234042553191,0.7513631406761178,0.801255230125523,0.7907894736842105,0.802747791952895,0.7428977272727273,0.6695979899497487,0.7612826603325415,0.30260869565217396,0.30590339892665475,0.3192182410423453,0.5024630541871922,0.24629629629629635,0.3192182410423453,0.0,0.25497287522603973,0.3508771929824561,0.32352941176470584,0.41990668740279935,0.2816399286987522,0.0,0.5356037151702786,0.5362962962962963,0.5087440381558028,0.25497287522603973,0.5256609642301711,0.32352941176470584,0.4057971014492754,0.2895622895622896,0.317157712305026,0.2559852670349908,0.5460122699386503,0.27404718693284935,0.24394785847299816,0.5207100591715976,0.5207100591715976,0.5207100591715976,0.6388415672913117,0.5207100591715976,0.5207100591715976,0.6065359477124184,0.625,0.6203703703703703,0.6515373352855052,0.5267175572519084,0.7018927444794953,0.5997442455242967,0.4010067114093959,0.6028571428571429,0.4010067114093959,0.6371814092953523,0.26775956284153,0.26530612244897955,0.6028571428571429,0.6984572230014026,0.5984496124031008,0.47753743760399336,0.7867177522349936,0.7230941704035874,0.7298919567827131,0.7230941704035874,0.7230941704035874,0.7230941704035874,0.716710182767624,0.7211440245148111,0.723170731707317,0.6006191950464397,0.6006191950464397,0.7072289156626506,0.7544052863436124,0.7544052863436124,0.7200460829493087,0.7669902912621359,0.7559943582510578,0.7559943582510578,0.7325581395348837,0.7743300423131171,0.6748299319727891,0.7466216216216216,0.7337733773377337,0.7882822902796272,0.66484268125855,0.667741935483871,0.7147928994082839,0.7595473833097596,0.7679083094555874,0.7038081805359662,0.7393617021276595,0.7261904761904762,0.7300469483568075,0.7232876712328767,0.7123695976154992,0.7038081805359662,0.7420249653259362
Bacteroides faecis,0.6836461126005362,0.7671381936887922,0.7671381936887922,0.7671381936887922,0.7671381936887922,0.7671381936887922,0.7671381936887922,0.7671381936887922,0.7671381936887922,0.7671381936887922,0.7671381936887922,0.8310010764262648,0.8310010764262648,0.7686170212765957,0.8309352517985611,0.8309352517985611,0.7643923240938166,0.6914749661705006,0.6914749661705006,0.8058690744920993,0.7619047619047619,0.7619047619047619,0.7956730769230769,0.7785714285714286,0.6888387824126267,0.7770897832817337,0.6336633663366337,0.795940170940171,0.8025613660618997,0.8025613660618997,0.6244343891402715,0.8157894736842105,0.8161044613710555,0.8022346368715083,0.8278008298755186,0.829465186680121,0.829465186680121,0.8315217391304348,0.6973684210526316,0.7379619260918253,0.7818574514038876,0.7708049113233288,0.7919597989949749,0.7805907172995781,0.8116438356164384,0.6495388669301713,0.6294706723891274,0.5596899224806202,0.612859097127223,0.3163841807909604,0.5795107033639144,0.612859097127223,0.5356037151702786,0.5340557275541795,0.625169147496617,0.5742128935532234,0.29109589041095896,0.5423728813559322,0.5356037151702786,0.0,0.22018348623853212,0.25095057034220536,0.5340557275541795,0.25187969924812026,0.5742128935532234,0.341296928327645,0.5823863636363636,0.5472560975609756,0.5641421947449768,0.31826401446654606,0.5820668693009119,0.5812883435582822,0.6566347469220246,0.6566347469220246,0.6566347469220246,0.5774134790528234,0.6566347469220246,0.6566347469220246,0.478955007256894,0.4802342606149341,0.4577464788732394,0.45904436860068254,0.4676375404530745,0.7282780410742495,0.5445945945945946,0.6086309523809523,0.4415584415584416,0.6086309523809523,0.4716981132075472,0.5948795180722892,0.5804953560371517,0.4415584415584416,0.6106870229007634,0.6390168970814132,0.5896226415094339,0.6928471248246844,0.7558268590455051,0.6225165562913908,0.7558268590455051,0.7558268590455051,0.7558268590455051,0.6331444759206799,0.6830309498399146,0.6807692307692308,0.723342939481268,0.723342939481268,0.8159371492704826,0.843035343035343,0.843035343035343,0.8106637649619151,0.8269030239833159,0.6131621187800963,0.6131621187800963,0.7441176470588236,0.772005772005772,0.7236315086782377,0.7900552486187845,0.7110352673492606,0.6706408345752608,0.7226666666666667,0.7194928684627575,0.7959413754227734,0.6536050156739812,0.7544378698224852,0.7433751743375174,0.546875,0.8126410835214447,0.8111731843575419,0.7797062750333779,0.7024539877300613,0.7433751743375174,0.7281831187410587
Bacteroides nordii,0.6752910737386805,0.7709205020920502,0.7709205020920502,0.7709205020920502,0.7709205020920502,0.7709205020920502,0.7709205020920502,0.7709205020920502,0.7709205020920502,0.7709205020920502,0.7709205020920502,0.8200836820083682,0.8200836820083682,0.7541827541827542,0.8215527230590962,0.8215527230590962,0.7744897959183673,0.7211660329531052,0.7211660329531052,0.8095238095238095,0.7749419953596288,0.7749419953596288,0.7902665121668597,0.7935735150925024,0.7001078748651564,0.7911330049261084,0.6229508196721312,0.8083588175331294,0.8036998972250771,0.8036998972250771,0.5845697329376854,0.797427652733119,0.7953091684434968,0.8060021436227224,0.8209255533199196,0.826171875,0.826171875,0.8204857444561774,0.696927374301676,0.7153846153846154,0.7579617834394905,0.7769130998702983,0.7922330097087379,0.7992073976221928,0.8163934426229509,0.6679151061173534,0.6301369863013699,0.6068866571018652,0.623207301173403,0.32558139534883723,0.5824817518248175,0.623207301173403,0.5362962962962963,0.5645863570391872,0.6169934640522876,0.5773638968481376,0.32258064516129037,0.5722543352601156,0.5362962962962963,0.22018348623853212,0.0,0.19172932330827064,0.5645863570391872,0.2704626334519573,0.5773638968481376,0.35389610389610393,0.5850340136054422,0.5495626822157434,0.5657311669128509,0.31542461005199307,0.5682819383259912,0.5716395864106352,0.6955414012738854,0.6955414012738854,0.6955414012738854,0.6214405360134003,0.6955414012738854,0.6955414012738854,0.5309973045822103,0.5245901639344263,0.4826446280991735,0.47580645161290325,0.5105421686746988,0.7243975903614458,0.5799492385786802,0.6082621082621082,0.42946708463949845,0.6082621082621082,0.4951612903225806,0.5991379310344828,0.6020408163265306,0.42946708463949845,0.6102189781021898,0.6332842415316642,0.58796992481203,0.6855600539811066,0.7467672413793103,0.6181353767560664,0.7467672413793103,0.7467672413793103,0.7467672413793103,0.6186556927297668,0.6708333333333334,0.6858895705521473,0.7442489851150202,0.7442489851150202,0.8317358892438764,0.8141683778234086,0.8141683778234086,0.8077731092436975,0.8055271238485159,0.6125574272588055,0.6125574272588055,0.7641379310344828,0.7767123287671233,0.7205128205128205,0.7787325456498388,0.7406216505894962,0.7027777777777777,0.7468671679197996,0.7407407407407407,0.7788778877887789,0.6769456681350954,0.7688022284122562,0.7608409986859396,0.5994236311239194,0.828693790149893,0.8069039913700108,0.7759282970550576,0.7277936962750716,0.7608409986859396,0.7384823848238482
Bacteroides salyersiae,0.6961178045515395,0.7691466083150984,0.7691466083150984,0.7691466083150984,0.7691466083150984,0.7691466083150984,0.7691466083150984,0.7691466083150984,0.7691466083150984,0.7691466083150984,0.7691466083150984,0.8257080610021786,0.8257080610021786,0.7611336032388664,0.8164014687882497,0.8164014687882497,0.7556756756756757,0.6826923076923077,0.6826923076923077,0.8,0.7487562189054726,0.7487562189054726,0.7652173913043478,0.7780061664953751,0.6993243243243243,0.7815734989648033,0.6275071633237823,0.8057630736392742,0.7838427947598253,0.7838427947598253,0.6240487062404871,0.8075639599555061,0.8026607538802661,0.8203991130820399,0.83125,0.8184615384615385,0.8184615384615385,0.8300438596491229,0.7147016011644833,0.7327293318233296,0.7651598676957001,0.7833787465940054,0.7853509664292981,0.7884344146685472,0.7988372093023256,0.6529801324503312,0.5799701046337817,0.583076923076923,0.6066481994459834,0.2559055118110236,0.563182527301092,0.6066481994459834,0.5087440381558028,0.5419254658385093,0.6,0.5311526479750779,0.36633663366336633,0.5181674565560821,0.5087440381558028,0.25095057034220536,0.19172932330827064,0.0,0.5419254658385093,0.3175182481751825,0.5311526479750779,0.37436762225969644,0.5376661742983753,0.48070739549839225,0.5121163166397416,0.21317829457364346,0.5433070866141732,0.5161812297734627,0.667578659370725,0.667578659370725,0.667578659370725,0.6245551601423487,0.667578659370725,0.667578659370725,0.5206258890469417,0.5285714285714286,0.4073394495412844,0.47789115646258506,0.5165876777251185,0.6804635761589404,0.5573549257759784,0.5760368663594471,0.3864406779661017,0.5760368663594471,0.4426807760141094,0.5703245749613601,0.5662460567823344,0.3864406779661017,0.5795275590551181,0.5838709677419355,0.5933544303797469,0.7255172413793103,0.7409502262443439,0.633112582781457,0.7409502262443439,0.7409502262443439,0.7409502262443439,0.6069868995633187,0.7108307045215563,0.6723016905071522,0.7126099706744868,0.7126099706744868,0.8249158249158249,0.8181818181818181,0.8181818181818181,0.8116100766703176,0.8167372881355932,0.6369426751592357,0.6369426751592357,0.7485207100591715,0.7693430656934307,0.7410358565737052,0.8054945054945055,0.728813559322034,0.6942392909896602,0.7367021276595744,0.7341772151898734,0.7899543378995434,0.6987767584097859,0.7496251874062969,0.7475455820476858,0.6259314456035767,0.8203389830508474,0.7876004592422503,0.7673469387755102,0.7127496159754224,0.7475455820476858,0.7323741007194244
Bacteroides sp902362375,0.796875,0.7783669141039237,0.7783669141039237,0.7783669141039237,0.7783669141039237,0.7783669141039237,0.7783669141039237,0.7783669141039237,0.7783669141039237,0.7783669141039237,0.7783669141039237,0.7584269662921348,0.7584269662921348,0.7549407114624506,0.7713226205191595,0.7713226205191595,0.7905544147843943,0.7975609756097561,0.7975609756097561,0.7254437869822485,0.6823979591836735,0.6823979591836735,0.6671018276762402,0.72,0.7317596566523605,0.7205100956429331,0.7452229299363058,0.7378854625550662,0.7502738225629793,0.7502738225629793,0.7536813922356091,0.7116060961313013,0.6821428571428572,0.7837235228539576,0.7879746835443038,0.787037037037037,0.787037037037037,0.7582292849035187,0.8026315789473684,0.7690655209452202,0.8150826446280992,0.7782204515272244,0.7982283464566929,0.7677329624478442,0.6961869618696187,0.7674144037780402,0.3241852487135506,0.23134328358208955,0.38341158059467917,0.5800933125972005,0.26055045871559634,0.38341158059467917,0.25497287522603973,0.0,0.3466453674121406,0.2922535211267606,0.472972972972973,0.20964749536178107,0.25497287522603973,0.5340557275541795,0.5645863570391872,0.5419254658385093,0.0,0.5772113943028485,0.2922535211267606,0.4659442724458205,0.3106312292358804,0.36363636363636365,0.27322404371584696,0.5793413173652695,0.2815884476534296,0.3142857142857143,0.512630014858841,0.512630014858841,0.512630014858841,0.6440677966101696,0.512630014858841,0.512630014858841,0.625,0.621903520208605,0.6145510835913313,0.6714697406340058,0.5603576751117735,0.706436420722135,0.6055979643765903,0.40734557595993326,0.6269284712482468,0.40734557595993326,0.6578171091445428,0.3529411764705882,0.3664921465968587,0.6269284712482468,0.7168508287292817,0.6225266362252664,0.5057096247960848,0.8007566204287515,0.7147688838782413,0.7392857142857143,0.7147688838782413,0.7147688838782413,0.7147688838782413,0.7237354085603113,0.7432296890672017,0.7327690447400241,0.6225266362252664,0.6225266362252664,0.6981818181818182,0.7722342733188721,0.7722342733188721,0.7291428571428571,0.7764705882352941,0.7528248587570622,0.7528248587570622,0.7347826086956522,0.804945054945055,0.6607142857142857,0.732650739476678,0.7298787210584343,0.7788203753351206,0.6616438356164384,0.6768000000000001,0.7448036951501155,0.7856154910096819,0.7682403433476395,0.7327823691460056,0.7192982456140351,0.7340425531914894,0.7333333333333334,0.7408906882591093,0.6933534743202416,0.7327823691460056,0.7371349095966621
Bacteroides oleiciplenus,0.6966887417218544,0.7513751375137514,0.7513751375137514,0.7513751375137514,0.7513751375137514,0.7513751375137514,0.7513751375137514,0.7513751375137514,0.7513751375137514,0.7513751375137514,0.7513751375137514,0.817391304347826,0.817391304347826,0.7560321715817695,0.8243080625752106,0.8243080625752106,0.7688229056203606,0.6834239130434783,0.6834239130434783,0.8036117381489842,0.7639902676399026,0.7639902676399026,0.784503631961259,0.7973921765295888,0.6836158192090396,0.7924720244150559,0.6366197183098592,0.8090717299578059,0.7887931034482758,0.7887931034482758,0.6479289940828402,0.8174863387978142,0.8048245614035088,0.8093126385809313,0.8460754332313966,0.8262626262626263,0.8262626262626263,0.8394396551724138,0.7224606580829757,0.7343049327354261,0.7650273224043715,0.796,0.8007968127490039,0.7980636237897649,0.8093607305936072,0.6433289299867899,0.6086956521739131,0.5978915662650602,0.5750350631136045,0.25680933852140075,0.5632716049382716,0.5750350631136045,0.5256609642301711,0.5772113943028485,0.6073871409028728,0.5582450832072617,0.3079526226734348,0.5892857142857143,0.5256609642301711,0.25187969924812026,0.2704626334519573,0.3175182481751825,0.5772113943028485,0.0,0.5582450832072617,0.3657718120805369,0.5835694050991501,0.5724962630792227,0.5632716049382716,0.37630662020905925,0.5746951219512195,0.6039156626506024,0.6756393001345895,0.6756393001345895,0.6756393001345895,0.6382608695652174,0.6756393001345895,0.6756393001345895,0.5477178423236515,0.5694635488308115,0.4460176991150443,0.49667774086378735,0.5309597523219814,0.7390625,0.5932203389830508,0.5994020926756353,0.42553191489361697,0.5994020926756353,0.4469565217391305,0.6086309523809523,0.6012176560121766,0.42553191489361697,0.6347305389221557,0.5993690851735016,0.5752773375594296,0.6638054363376251,0.7494432071269488,0.6216931216931216,0.7494432071269488,0.7494432071269488,0.7494432071269488,0.6225071225071226,0.6477024070021882,0.6558018252933507,0.7404255319148936,0.7404255319148936,0.8320441988950276,0.8433609958506224,0.8433609958506224,0.814935064935065,0.8345398138572906,0.6362204724409448,0.6362204724409448,0.7503649635036497,0.7673410404624277,0.7427821522309711,0.807608695652174,0.75,0.6910688140556369,0.7467362924281984,0.7183544303797469,0.7715269804822044,0.6914893617021276,0.7660818713450293,0.7680763983628922,0.6192592592592592,0.8210290827740492,0.8181818181818181,0.7654986522911051,0.7343283582089553,0.7680763983628922,0.7433004231311706
Bacteroides fragilis_A,0.7607891491985204,0.7895287958115184,0.7895287958115184,0.7895287958115184,0.7895287958115184,0.7895287958115184,0.7895287958115184,0.7895287958115184,0.7895287958115184,0.7895287958115184,0.7895287958115184,0.7664071190211346,0.7664071190211346,0.7562254259501966,0.7679012345679013,0.7679012345679013,0.7814432989690722,0.7762669962917181,0.7762669962917181,0.7176749703440095,0.6408912188728703,0.6408912188728703,0.6423841059602649,0.7331256490134994,0.7206040992448759,0.729758149316509,0.7336747759282971,0.7193763919821826,0.7320044296788483,0.7320044296788483,0.7466487935656836,0.7219003476245655,0.6898584905660378,0.7993421052631579,0.822267620020429,0.7664233576642336,0.7664233576642336,0.781354051054384,0.8052287581699347,0.7445414847161572,0.7845828933474128,0.78580814717477,0.7883283877349159,0.7808219178082192,0.6782608695652175,0.7342995169082125,0.3202054794520548,0.323943661971831,0.4264036418816388,0.5490506329113924,0.3120567375886525,0.4264036418816388,0.32352941176470584,0.2922535211267606,0.3790951638065523,0.0,0.4918759231905465,0.30594405594405594,0.32352941176470584,0.5742128935532234,0.5773638968481376,0.5311526479750779,0.2922535211267606,0.5582450832072617,0.0,0.45736434108527135,0.3234811165845649,0.2695035460992907,0.33274956217162877,0.5315870570107859,0.3769100169779287,0.3455497382198953,0.6061026352288488,0.6061026352288488,0.6061026352288488,0.6666666666666667,0.6061026352288488,0.6061026352288488,0.6286811779769526,0.6256476683937824,0.6126543209876543,0.6540697674418605,0.5457271364317842,0.704225352112676,0.6093552465233881,0.35111876075731496,0.5856115107913669,0.35111876075731496,0.6109422492401215,0.387858347386172,0.4040747028862479,0.5856115107913669,0.7023643949930458,0.5479233226837061,0.4717607973421927,0.7957124842370744,0.708803611738149,0.7360285374554103,0.708803611738149,0.708803611738149,0.708803611738149,0.711864406779661,0.7315842583249244,0.7139364303178484,0.5752351097178683,0.5752351097178683,0.7212336892052195,0.759825327510917,0.759825327510917,0.7187141216991964,0.7642626480086114,0.7542134831460674,0.7542134831460674,0.7435530085959885,0.78442280945758,0.6383866481223922,0.7324263038548753,0.7226519337016575,0.7534059945504087,0.646896551724138,0.6913385826771654,0.7269544924154026,0.775,0.7553956834532374,0.7462686567164178,0.737748344370861,0.7700228832951945,0.7090261282660333,0.7572944297082228,0.7068452380952381,0.7462686567164178,0.7385892116182573
Bacteroides clarus,0.7061790668348045,0.7452025586353945,0.7452025586353945,0.7452025586353945,0.7452025586353945,0.7452025586353945,0.7452025586353945,0.7452025586353945,0.7452025586353945,0.7452025586353945,0.7452025586353945,0.7650273224043715,0.7650273224043715,0.7611749680715199,0.8025851938895417,0.8025851938895417,0.7559462254395036,0.7218710493046776,0.7218710493046776,0.7505668934240363,0.7002457002457003,0.7002457002457003,0.6957605985037407,0.7464646464646465,0.6588888888888889,0.7420675537359263,0.6693017127799736,0.7660695468914647,0.7752100840336135,0.7752100840336135,0.6497175141242938,0.7285067873303168,0.7252252252252251,0.7829880043620502,0.8306772908366534,0.8043694141012909,0.8043694141012909,0.7941810344827587,0.7085635359116023,0.6693181818181818,0.7438370846730975,0.7806451612903226,0.7736220472440944,0.7997364953886693,0.7295081967213115,0.6786155747836835,0.513353115727003,0.49380804953560375,0.5202797202797202,0.3686956521739131,0.41272430668841764,0.5202797202797202,0.4057971014492754,0.4659442724458205,0.5091420534458508,0.45736434108527135,0.13595706618962433,0.4769230769230769,0.4057971014492754,0.341296928327645,0.35389610389610393,0.37436762225969644,0.4659442724458205,0.3657718120805369,0.45736434108527135,0.0,0.47214076246334313,0.41242038216560506,0.46044303797468356,0.3927392739273927,0.4565560821484992,0.452076677316294,0.632,0.632,0.632,0.6585365853658536,0.632,0.632,0.4576271186440678,0.45649072753209696,0.5443037974683544,0.543076923076923,0.40675241157556274,0.7514705882352941,0.4871794871794872,0.48217054263565895,0.4924924924924925,0.48217054263565895,0.5229067930489731,0.4541139240506329,0.44246353322528365,0.4924924924924925,0.6429587482219061,0.6521739130434783,0.4895666131621188,0.7291666666666667,0.7405405405405405,0.6666666666666667,0.7405405405405405,0.7405405405405405,0.7405405405405405,0.6775884665792923,0.646186440677966,0.6993939393939395,0.6160714285714286,0.6160714285714286,0.7525539160045402,0.7960457856399583,0.7960457856399583,0.7352614015572858,0.7835587929240375,0.6587887740029542,0.6587887740029542,0.7715458276333789,0.7839673913043479,0.6979166666666667,0.7739504843918191,0.7108433734939759,0.726530612244898,0.703751617076326,0.7543859649122807,0.7807017543859649,0.6894049346879536,0.7677329624478442,0.7516512549537648,0.6415620641562064,0.7601809954751131,0.7633928571428572,0.7919293820933165,0.7285714285714286,0.7516512549537648,0.7425876010781671
Phocaeicola dorei,0.7767441860465116,0.8005982053838485,0.8005982053838485,0.8005982053838485,0.8005982053838485,0.8005982053838485,0.8005982053838485,0.8005982053838485,0.8005982053838485,0.8005982053838485,0.8005982053838485,0.7338444687842278,0.7338444687842278,0.7279693486590038,0.7603795966785291,0.7603795966785291,0.7807539682539683,0.7885514018691588,0.7885514018691588,0.7311586051743533,0.6208651399491094,0.6208651399491094,0.6005221932114883,0.7005128205128205,0.7275541795665634,0.7075180226570545,0.7396593673965937,0.7142857142857143,0.7071583514099783,0.7071583514099783,0.7553865652724968,0.7005649717514124,0.6900452488687783,0.7991587802313355,0.8,0.75,0.75,0.7688172043010753,0.815043156596794,0.7505219206680585,0.7923387096774194,0.787765293383271,0.8011310084825636,0.7506666666666667,0.6484184914841848,0.7442660550458715,0.35256410256410253,0.31818181818181823,0.40588235294117647,0.5802650957290132,0.28350515463917525,0.40588235294117647,0.2895622895622896,0.3106312292358804,0.3595166163141994,0.3234811165845649,0.49577464788732395,0.26916524701873934,0.2895622895622896,0.5823863636363636,0.5850340136054422,0.5376661742983753,0.3106312292358804,0.5835694050991501,0.3234811165845649,0.47214076246334313,0.0,0.2777777777777778,0.23809523809523814,0.5096870342771982,0.29131175468483816,0.2844827586206896,0.5348189415041782,0.5348189415041782,0.5348189415041782,0.6703125,0.5348189415041782,0.5348189415041782,0.6163366336633663,0.6184538653366584,0.6149341142020498,0.6616231086657496,0.5574468085106383,0.6762481089258698,0.6029232643118149,0.3945686900958466,0.5967302452316077,0.3945686900958466,0.6251788268955651,0.3421487603305785,0.3411764705882353,0.5967302452316077,0.7189542483660131,0.5794947994056463,0.4795597484276729,0.8028673835125448,0.7262032085561497,0.7400681044267877,0.7262032085561497,0.7262032085561497,0.7262032085561497,0.7222222222222222,0.7327502429543246,0.7309468822170901,0.6264367816091954,0.6264367816091954,0.7039170506912442,0.7454931071049842,0.7454931071049842,0.7063403781979978,0.75,0.7661822985468957,0.7661822985468957,0.7342465753424657,0.7865612648221344,0.6761290322580645,0.7432578209277239,0.7403141361256544,0.7853535353535354,0.6837387964148527,0.6737160120845922,0.7155756207674944,0.7856209150326797,0.7758389261744967,0.7290575916230366,0.7468671679197996,0.7379077615298087,0.704,0.7464968152866243,0.7043847241867044,0.7290575916230366,0.7625806451612903
Phocaeicola vulgatus,0.7689486552567237,0.7975077881619937,0.7975077881619937,0.7975077881619937,0.7975077881619937,0.7975077881619937,0.7975077881619937,0.7975077881619937,0.7975077881619937,0.7975077881619937,0.7975077881619937,0.7614269788182831,0.7614269788182831,0.7633289986996099,0.7834549878345498,0.7834549878345498,0.7893660531697342,0.7783251231527093,0.7783251231527093,0.6936067551266587,0.6523994811932555,0.6523994811932555,0.652230971128609,0.7217573221757323,0.7184466019417476,0.7303252885624344,0.7262210796915167,0.7382256297918949,0.7339955849889624,0.7339955849889624,0.723433242506812,0.7136204889406286,0.7027972027972028,0.7918502202643172,0.8250254323499491,0.7846153846153846,0.7846153846153846,0.7898789878987899,0.7835325365205843,0.7354555433589463,0.7850368809272918,0.7553763440860215,0.7875494071146245,0.7797537619699042,0.6839506172839507,0.7303506650544136,0.39902280130293155,0.36363636363636365,0.45845697329376855,0.5296000000000001,0.3551724137931035,0.45845697329376855,0.317157712305026,0.36363636363636365,0.4298642533936652,0.2695035460992907,0.4405487804878049,0.35144312393887944,0.317157712305026,0.5472560975609756,0.5495626822157434,0.48070739549839225,0.36363636363636365,0.5724962630792227,0.2695035460992907,0.41242038216560506,0.2777777777777778,0.0,0.3408695652173913,0.4670947030497592,0.38991596638655457,0.3274647887323944,0.6091160220994476,0.6091160220994476,0.6091160220994476,0.6476510067114094,0.6091160220994476,0.6091160220994476,0.5750332005312084,0.571236559139785,0.5965732087227414,0.6169895678092399,0.5069124423963134,0.6908517350157728,0.5706874189364461,0.30388692579505305,0.5908440629470673,0.30388692579505305,0.6225563909774436,0.37074829931972786,0.370242214532872,0.5908440629470673,0.6680911680911681,0.5306451612903226,0.44256756756756754,0.7962264150943397,0.7252502780867631,0.7336504161712247,0.7252502780867631,0.7252502780867631,0.7252502780867631,0.7142857142857143,0.7282828282828283,0.7270531400966184,0.5447284345047924,0.5447284345047924,0.7264150943396226,0.7763440860215054,0.7763440860215054,0.7508379888268156,0.7791932059447984,0.7425742574257426,0.7425742574257426,0.746077032810271,0.7799442896935933,0.6375,0.7527839643652561,0.7288693743139407,0.7608108108108108,0.6607629427792916,0.7243491577335375,0.7579545454545454,0.7317073170731707,0.7343065693430657,0.7469553450608931,0.7232620320855615,0.7373974208675264,0.7203290246768508,0.7852522639068564,0.7134416543574593,0.7469553450608931,0.7375690607734806
Phocaeicola plebeius,0.7938650306748466,0.8050579557428872,0.8050579557428872,0.8050579557428872,0.8050579557428872,0.8050579557428872,0.8050579557428872,0.8050579557428872,0.8050579557428872,0.8050579557428872,0.8050579557428872,0.7345750873108265,0.7345750873108265,0.7231404958677685,0.7406451612903227,0.7406451612903227,0.7840670859538784,0.7854454203262233,0.7854454203262233,0.7347670250896057,0.6466666666666667,0.6466666666666667,0.5991620111731844,0.7132116004296456,0.7483870967741936,0.7150595882990249,0.752258064516129,0.715261958997722,0.7151029748283753,0.7151029748283753,0.7595108695652174,0.7007211538461539,0.6847826086956521,0.7889390519187359,0.7890792291220556,0.7516129032258064,0.7516129032258064,0.7589388696655133,0.8122503328894807,0.7563395810363837,0.798936170212766,0.784366576819407,0.8194308145240432,0.7474747474747474,0.6606683804627249,0.7668269230769231,0.30265486725663715,0.32432432432432434,0.36816720257234725,0.5680000000000001,0.24528301886792447,0.36816720257234725,0.2559852670349908,0.27322404371584696,0.3543689320388349,0.33274956217162877,0.47247706422018354,0.20982986767485823,0.2559852670349908,0.5641421947449768,0.5657311669128509,0.5121163166397416,0.27322404371584696,0.5632716049382716,0.33274956217162877,0.46044303797468356,0.23809523809523814,0.3408695652173913,0.0,0.5407523510971787,0.15779092702169628,0.13682092555331993,0.478328173374613,0.478328173374613,0.478328173374613,0.6304728546409808,0.478328173374613,0.478328173374613,0.5766621438263229,0.5978407557354926,0.594551282051282,0.6446776611694153,0.5347758887171561,0.6808510638297872,0.5908496732026144,0.41891891891891897,0.5991253644314869,0.41891891891891897,0.6319018404907976,0.36427320490367776,0.35778175313059035,0.5991253644314869,0.7059659090909092,0.5762439807383628,0.41901408450704225,0.7930142302716688,0.727891156462585,0.7532934131736527,0.727891156462585,0.727891156462585,0.727891156462585,0.7372549019607844,0.75,0.7484811664641555,0.5987361769352291,0.5987361769352291,0.6995073891625616,0.7239404352806414,0.7239404352806414,0.6945107398568019,0.7461024498886415,0.7713068181818181,0.7713068181818181,0.735207100591716,0.7687861271676301,0.6763485477178424,0.7387802071346374,0.734375,0.7899728997289973,0.6790633608815426,0.6866883116883117,0.7273809523809525,0.7784090909090909,0.7492581602373887,0.7295774647887324,0.7350543478260869,0.7328519855595668,0.6996336996336996,0.7202797202797202,0.6929012345679013,0.7295774647887324,0.7447108603667136
Phocaeicola massiliensis,0.6949602122015914,0.772972972972973,0.772972972972973,0.772972972972973,0.772972972972973,0.772972972972973,0.772972972972973,0.772972972972973,0.772972972972973,0.772972972972973,0.772972972972973,0.8237837837837838,0.8237837837837838,0.7708609271523179,0.8243080625752106,0.8243080625752106,0.758288770053476,0.6905405405405405,0.6905405405405405,0.8036117381489842,0.73,0.73,0.7620221948212084,0.780264496439471,0.7041156840934372,0.7900101936799184,0.6423562412342216,0.7976570820021299,0.7782608695652173,0.7782608695652173,0.6276276276276276,0.8135964912280702,0.8061336254107339,0.8338762214983714,0.8341915550978373,0.8094262295081968,0.8094262295081968,0.8356756756756757,0.7151079136690648,0.7399553571428572,0.7636761487964989,0.7879194630872484,0.7972027972027972,0.7880055788005579,0.7983870967741935,0.6539973787680209,0.618705035971223,0.5872534142640364,0.6344086021505376,0.3062381852551985,0.5786259541984733,0.6344086021505376,0.5460122699386503,0.5793413173652695,0.6054794520547946,0.5315870570107859,0.3818770226537217,0.548238897396631,0.5460122699386503,0.31826401446654606,0.31542461005199307,0.21317829457364346,0.5793413173652695,0.37630662020905925,0.5315870570107859,0.3927392739273927,0.5096870342771982,0.4670947030497592,0.5407523510971787,0.0,0.5703363914373089,0.5262321144674086,0.6666666666666667,0.6666666666666667,0.6666666666666667,0.631118881118881,0.6666666666666667,0.6666666666666667,0.5355648535564854,0.5393258426966292,0.44326241134751776,0.5090609555189456,0.5422427035330262,0.7046548956661316,0.5418918918918919,0.5716463414634146,0.4072847682119205,0.5716463414634146,0.44153577661431065,0.5746951219512195,0.5572998430141287,0.4072847682119205,0.577223088923557,0.5882352941176471,0.6169230769230769,0.7292517006802721,0.763215859030837,0.6641025641025642,0.763215859030837,0.763215859030837,0.763215859030837,0.6361071932299013,0.7138397502601457,0.6849489795918368,0.7093023255813953,0.7093023255813953,0.813692480359147,0.8201058201058201,0.8201058201058201,0.814935064935065,0.8272632674297606,0.640502354788069,0.640502354788069,0.7521865889212828,0.7814285714285714,0.7477124183006536,0.8153347732181425,0.7402885682574917,0.6986899563318778,0.7483702737940026,0.7244094488188977,0.7923250564334086,0.6814701378254211,0.7459138187221397,0.7527624309392265,0.6192592592592592,0.8157303370786517,0.7844925883694412,0.7819148936170213,0.7132018209408194,0.7527624309392265,0.7538461538461538
Phocaeicola coprocola,0.7963414634146342,0.7957671957671958,0.7957671957671958,0.7957671957671958,0.7957671957671958,0.7957671957671958,0.7957671957671958,0.7957671957671958,0.7957671957671958,0.7957671957671958,0.7957671957671958,0.7224824355971897,0.7224824355971897,0.71939477303989,0.7222946544980443,0.7222946544980443,0.7925311203319502,0.8,0.8,0.723889555822329,0.6592105263157895,0.6592105263157895,0.626193724420191,0.7171824973319103,0.7467811158798283,0.7135135135135136,0.7567221510883483,0.7180067950169875,0.7322834645669292,0.7322834645669292,0.7624831309041835,0.6864406779661016,0.6572481572481572,0.7747440273037542,0.7716450216450217,0.7606382978723404,0.7606382978723404,0.754325259515571,0.8085106382978724,0.7628415300546448,0.7985153764581124,0.782258064516129,0.8166666666666667,0.7380607814761215,0.6709021601016518,0.7752675386444708,0.34536082474226804,0.33807829181494664,0.3851030110935024,0.5752773375594296,0.23106060606060608,0.3851030110935024,0.27404718693284935,0.2815884476534296,0.34789644012944987,0.3769100169779287,0.48489425981873113,0.24538745387453875,0.27404718693284935,0.5820668693009119,0.5682819383259912,0.5433070866141732,0.2815884476534296,0.5746951219512195,0.3769100169779287,0.4565560821484992,0.29131175468483816,0.38991596638655457,0.15779092702169628,0.5703363914373089,0.0,0.19417475728155342,0.47213622291021673,0.47213622291021673,0.47213622291021673,0.6063829787234043,0.47213622291021673,0.47213622291021673,0.601593625498008,0.6148738379814077,0.6038034865293185,0.646795827123696,0.5465648854961832,0.6893203883495146,0.5984455958549223,0.45394736842105265,0.6194563662374821,0.45394736842105265,0.6506024096385542,0.3743500866551126,0.3796133567662566,0.6194563662374821,0.7057991513437059,0.6056338028169015,0.4258289703315882,0.7815344603381014,0.7219069239500567,0.7317961165048543,0.7219069239500567,0.7219069239500567,0.7219069239500567,0.7253613666228647,0.7331288343558282,0.7359413202933985,0.5924170616113744,0.5924170616113744,0.6783042394014962,0.7222857142857143,0.7222857142857143,0.6912991656734208,0.7444444444444445,0.7585714285714286,0.7585714285714286,0.712143928035982,0.7630057803468209,0.667128987517337,0.7268518518518519,0.7242152466367713,0.7829036635006784,0.6680497925311204,0.6737357259380098,0.7134292565947242,0.7692307692307692,0.7433234421364985,0.7148936170212765,0.727891156462585,0.7203389830508475,0.6931540342298288,0.7019774011299436,0.6846986089644513,0.7148936170212765,0.7301136363636364
Phocaeicola coprophilus,0.7868649318463445,0.80927291886196,0.80927291886196,0.80927291886196,0.80927291886196,0.80927291886196,0.80927291886196,0.80927291886196,0.80927291886196,0.80927291886196,0.80927291886196,0.7450753186558516,0.7450753186558516,0.7286501377410468,0.7441860465116279,0.7441860465116279,0.7869884575026234,0.7934918648310388,0.7934918648310388,0.7410501193317423,0.6447721179624665,0.6447721179624665,0.6086350974930362,0.7188841201716738,0.7526881720430108,0.7081967213114755,0.7525906735751295,0.7095292766934558,0.7137931034482758,0.7137931034482758,0.7530864197530864,0.7101796407185629,0.6927710843373494,0.7838452787258248,0.7920685959271168,0.757250268528464,0.757250268528464,0.7621247113163973,0.8016194331983806,0.762114537444934,0.7890204520990312,0.7848443843031123,0.8093346573982125,0.7460087082728593,0.6726342710997442,0.7716346153846154,0.33333333333333337,0.3493761140819964,0.410377358490566,0.567524115755627,0.2820037105751392,0.410377358490566,0.24394785847299816,0.3142857142857143,0.3766025641025641,0.3455497382198953,0.4715821812596006,0.25370370370370365,0.24394785847299816,0.5812883435582822,0.5716395864106352,0.5161812297734627,0.3142857142857143,0.6039156626506024,0.3455497382198953,0.452076677316294,0.2844827586206896,0.3274647887323944,0.13682092555331993,0.5262321144674086,0.19417475728155342,0.0,0.5098934550989346,0.5098934550989346,0.5098934550989346,0.6007194244604317,0.5098934550989346,0.5098934550989346,0.5743519781718963,0.5879945429740792,0.6142857142857143,0.6384266263237519,0.5273010920436818,0.6677740863787376,0.5923984272608126,0.44925124792013316,0.6289398280802292,0.44925124792013316,0.6586102719033233,0.3303411131059246,0.33211678832116787,0.6289398280802292,0.6778425655976676,0.5849358974358974,0.4092526690391459,0.7919375812743823,0.7452300785634118,0.7580838323353294,0.7452300785634118,0.7452300785634118,0.7452300785634118,0.7441253263707572,0.7565656565656566,0.7563636363636363,0.5688816855753647,0.5688816855753647,0.6882793017456359,0.7226697353279632,0.7226697353279632,0.6961722488038278,0.742152466367713,0.7539797395079595,0.7539797395079595,0.7317436661698957,0.7763347763347763,0.6763888888888889,0.7390300230946882,0.7289088863892014,0.7888283378746594,0.6549295774647887,0.6824877250409165,0.7291169451073986,0.7521865889212828,0.7345399698340875,0.7041847041847042,0.7142857142857143,0.7330917874396135,0.6949569495694957,0.7205056179775281,0.6661392405063291,0.7041847041847042,0.7251798561151079
Prevotella sp900313215,0.8372615039281706,0.6796440489432702,0.6796440489432702,0.6796440489432702,0.6796440489432702,0.6796440489432702,0.6796440489432702,0.6796440489432702,0.6796440489432702,0.6796440489432702,0.6796440489432702,0.5606060606060606,0.5606060606060606,0.788627935723115,0.7105263157894737,0.7105263157894737,0.7026737967914438,0.8331428571428572,0.8331428571428572,0.5577172503242542,0.7435294117647059,0.7435294117647059,0.7413587604290822,0.5767918088737201,0.5898030127462341,0.569284064665127,0.8028169014084507,0.5544675642594858,0.6293706293706294,0.6293706293706294,0.783375314861461,0.734375,0.7168539325842697,0.6450060168471721,0.7003293084522503,0.6847237269772481,0.6847237269772481,0.616421568627451,0.8390663390663391,0.7462845010615711,0.6939226519337016,0.8253382533825339,0.6943866943866943,0.7833553500660502,0.771043771043771,0.8142857142857143,0.5766526019690577,0.5372023809523809,0.5166666666666666,0.6741258741258741,0.5151057401812689,0.5166666666666666,0.5207100591715976,0.512630014858841,0.505586592178771,0.6061026352288488,0.6355382619974059,0.5052316890881914,0.5207100591715976,0.6566347469220246,0.6955414012738854,0.667578659370725,0.512630014858841,0.6756393001345895,0.6061026352288488,0.632,0.5348189415041782,0.6091160220994476,0.478328173374613,0.6666666666666667,0.47213622291021673,0.5098934550989346,0.0,0.0,0.0,0.6682615629984051,0.0,0.0,0.6706875753920386,0.6859205776173285,0.6714285714285715,0.7307692307692308,0.6688829787234043,0.7550724637681159,0.6324062877871826,0.6452054794520548,0.7180783817951959,0.6452054794520548,0.7349397590361446,0.5757575757575757,0.5572065378900446,0.7180783817951959,0.764102564102564,0.7175989085948158,0.6177325581395349,0.83451536643026,0.6478711162255466,0.7938257993384785,0.6478711162255466,0.6478711162255466,0.6478711162255466,0.7955082742316785,0.6135629709364909,0.7966666666666666,0.7228260869565217,0.7228260869565217,0.6375921375921376,0.5939759036144578,0.5939759036144578,0.7339955849889624,0.7993890020366599,0.8124191461836998,0.8124191461836998,0.7828418230563002,0.8200782268578879,0.7375,0.5708955223880596,0.5681544028950543,0.8130489335006273,0.6840052015604681,0.7191679049034175,0.7073732718894009,0.8034076015727392,0.7973154362416107,0.7709137709137709,0.7575757575757576,0.53315649867374,0.5461638491547465,0.770012706480305,0.7234042553191489,0.7709137709137709,0.791025641025641
Prevotella sp900551275,0.8372615039281706,0.6796440489432702,0.6796440489432702,0.6796440489432702,0.6796440489432702,0.6796440489432702,0.6796440489432702,0.6796440489432702,0.6796440489432702,0.6796440489432702,0.6796440489432702,0.5606060606060606,0.5606060606060606,0.788627935723115,0.7105263157894737,0.7105263157894737,0.7026737967914438,0.8331428571428572,0.8331428571428572,0.5577172503242542,0.7435294117647059,0.7435294117647059,0.7413587604290822,0.5767918088737201,0.5898030127462341,0.569284064665127,0.8028169014084507,0.5544675642594858,0.6293706293706294,0.6293706293706294,0.783375314861461,0.734375,0.7168539325842697,0.6450060168471721,0.7003293084522503,0.6847237269772481,0.6847237269772481,0.616421568627451,0.8390663390663391,0.7462845010615711,0.6939226519337016,0.8253382533825339,0.6943866943866943,0.7833553500660502,0.771043771043771,0.8142857142857143,0.5766526019690577,0.5372023809523809,0.5166666666666666,0.6741258741258741,0.5151057401812689,0.5166666666666666,0.5207100591715976,0.512630014858841,0.505586592178771,0.6061026352288488,0.6355382619974059,0.5052316890881914,0.5207100591715976,0.6566347469220246,0.6955414012738854,0.667578659370725,0.512630014858841,0.6756393001345895,0.6061026352288488,0.632,0.5348189415041782,0.6091160220994476,0.478328173374613,0.6666666666666667,0.47213622291021673,0.5098934550989346,0.0,0.0,0.0,0.6682615629984051,0.0,0.0,0.6706875753920386,0.6859205776173285,0.6714285714285715,0.7307692307692308,0.6688829787234043,0.7550724637681159,0.6324062877871826,0.6452054794520548,0.7180783817951959,0.6452054794520548,0.7349397590361446,0.5757575757575757,0.5572065378900446,0.7180783817951959,0.764102564102564,0.7175989085948158,0.6177325581395349,0.83451536643026,0.6478711162255466,0.7938257993384785,0.6478711162255466,0.6478711162255466,0.6478711162255466,0.7955082742316785,0.6135629709364909,0.7966666666666666,0.7228260869565217,0.7228260869565217,0.6375921375921376,0.5939759036144578,0.5939759036144578,0.7339955849889624,0.7993890020366599,0.8124191461836998,0.8124191461836998,0.7828418230563002,0.8200782268578879,0.7375,0.5708955223880596,0.5681544028950543,0.8130489335006273,0.6840052015604681,0.7191679049034175,0.7073732718894009,0.8034076015727392,0.7973154362416107,0.7709137709137709,0.7575757575757576,0.53315649867374,0.5461638491547465,0.770012706480305,0.7234042553191489,0.7709137709137709,0.791025641025641
Prevotella copri_A,0.8372615039281706,0.6796440489432702,0.6796440489432702,0.6796440489432702,0.6796440489432702,0.6796440489432702,0.6796440489432702,0.6796440489432702,0.6796440489432702,0.6796440489432702,0.6796440489432702,0.5606060606060606,0.5606060606060606,0.788627935723115,0.7105263157894737,0.7105263157894737,0.7026737967914438,0.8331428571428572,0.8331428571428572,0.5577172503242542,0.7435294117647059,0.7435294117647059,0.7413587604290822,0.5767918088737201,0.5898030127462341,0.569284064665127,0.8028169014084507,0.5544675642594858,0.6293706293706294,0.6293706293706294,0.783375314861461,0.734375,0.7168539325842697,0.6450060168471721,0.7003293084522503,0.6847237269772481,0.6847237269772481,0.616421568627451,0.8390663390663391,0.7462845010615711,0.6939226519337016,0.8253382533825339,0.6943866943866943,0.7833553500660502,0.771043771043771,0.8142857142857143,0.5766526019690577,0.5372023809523809,0.5166666666666666,0.6741258741258741,0.5151057401812689,0.5166666666666666,0.5207100591715976,0.512630014858841,0.505586592178771,0.6061026352288488,0.6355382619974059,0.5052316890881914,0.5207100591715976,0.6566347469220246,0.6955414012738854,0.667578659370725,0.512630014858841,0.6756393001345895,0.6061026352288488,0.632,0.5348189415041782,0.6091160220994476,0.478328173374613,0.6666666666666667,0.47213622291021673,0.5098934550989346,0.0,0.0,0.0,0.6682615629984051,0.0,0.0,0.6706875753920386,0.6859205776173285,0.6714285714285715,0.7307692307692308,0.6688829787234043,0.7550724637681159,0.6324062877871826,0.6452054794520548,0.7180783817951959,0.6452054794520548,0.7349397590361446,0.5757575757575757,0.5572065378900446,0.7180783817951959,0.764102564102564,0.7175989085948158,0.6177325581395349,0.83451536643026,0.6478711162255466,0.7938257993384785,0.6478711162255466,0.6478711162255466,0.6478711162255466,0.7955082742316785,0.6135629709364909,0.7966666666666666,0.7228260869565217,0.7228260869565217,0.6375921375921376,0.5939759036144578,0.5939759036144578,0.7339955849889624,0.7993890020366599,0.8124191461836998,0.8124191461836998,0.7828418230563002,0.8200782268578879,0.7375,0.5708955223880596,0.5681544028950543,0.8130489335006273,0.6840052015604681,0.7191679049034175,0.7073732718894009,0.8034076015727392,0.7973154362416107,0.7709137709137709,0.7575757575757576,0.53315649867374,0.5461638491547465,0.770012706480305,0.7234042553191489,0.7709137709137709,0.791025641025641
Prevotella stercorea,0.7537313432835822,0.8427230046948357,0.8427230046948357,0.8427230046948357,0.8427230046948357,0.8427230046948357,0.8427230046948357,0.8427230046948357,0.8427230046948357,0.8427230046948357,0.8427230046948357,0.8128950695322377,0.8128950695322377,0.7751572327044025,0.7912408759124088,0.7912408759124088,0.8218859138533178,0.7706146926536732,0.7706146926536732,0.8229974160206719,0.7823033707865168,0.7823033707865168,0.771551724137931,0.7986270022883295,0.7861409796893668,0.8,0.7020602218700476,0.7856257744733581,0.7858032378580324,0.7858032378580324,0.7121212121212122,0.8189873417721519,0.8193224592220828,0.7844940867279895,0.8128019323671498,0.8234610917537747,0.8234610917537747,0.8193384223918575,0.726027397260274,0.7916152897657214,0.8123486682808717,0.7412353923205341,0.8406593406593407,0.7456445993031359,0.820580474934037,0.7685834502103787,0.7024,0.6470588235294117,0.7136498516320475,0.6318681318681318,0.6447140381282496,0.7136498516320475,0.6388415672913117,0.6440677966101696,0.697151424287856,0.6666666666666667,0.6598425196850394,0.636518771331058,0.6388415672913117,0.5774134790528234,0.6214405360134003,0.6245551601423487,0.6440677966101696,0.6382608695652174,0.6666666666666667,0.6585365853658536,0.6703125,0.6476510067114094,0.6304728546409808,0.631118881118881,0.6063829787234043,0.6007194244604317,0.6682615629984051,0.6682615629984051,0.6682615629984051,0.0,0.6682615629984051,0.6682615629984051,0.6865889212827989,0.6760772659732541,0.6296992481203008,0.6548042704626335,0.6509274873524452,0.541019955654102,0.7295081967213115,0.7145187601957586,0.7136075949367089,0.7145187601957586,0.7238421955403087,0.658703071672355,0.6655112651646446,0.7136075949367089,0.7219430485762144,0.6779964221824687,0.6033519553072626,0.7618296529968455,0.8404761904761905,0.7948717948717949,0.8404761904761905,0.8404761904761905,0.8404761904761905,0.8005865102639296,0.8197611292073833,0.8255659121171771,0.7102966841186736,0.7102966841186736,0.8005284015852048,0.8347406513872135,0.8347406513872135,0.821917808219178,0.8287425149700599,0.7398945518453427,0.7398945518453427,0.7746967071057193,0.7450980392156863,0.7834586466165414,0.8194271481942714,0.7901840490797546,0.7665562913907285,0.7674772036474165,0.7165048543689321,0.8054474708171206,0.6765799256505576,0.7224264705882353,0.7454242928452579,0.6569468267581475,0.8169934640522876,0.8303571428571428,0.7727999999999999,0.7007434944237918,0.7454242928452579,0.6982456140350877
Prevotella sp015074785,0.8372615039281706,0.6796440489432702,0.6796440489432702,0.6796440489432702,0.6796440489432702,0.6796440489432702,0.6796440489432702,0.6796440489432702,0.6796440489432702,0.6796440489432702,0.6796440489432702,0.5606060606060606,0.5606060606060606,0.788627935723115,0.7105263157894737,0.7105263157894737,0.7026737967914438,0.8331428571428572,0.8331428571428572,0.5577172503242542,0.7435294117647059,0.7435294117647059,0.7413587604290822,0.5767918088737201,0.5898030127462341,0.569284064665127,0.8028169014084507,0.5544675642594858,0.6293706293706294,0.6293706293706294,0.783375314861461,0.734375,0.7168539325842697,0.6450060168471721,0.7003293084522503,0.6847237269772481,0.6847237269772481,0.616421568627451,0.8390663390663391,0.7462845010615711,0.6939226519337016,0.8253382533825339,0.6943866943866943,0.7833553500660502,0.771043771043771,0.8142857142857143,0.5766526019690577,0.5372023809523809,0.5166666666666666,0.6741258741258741,0.5151057401812689,0.5166666666666666,0.5207100591715976,0.512630014858841,0.505586592178771,0.6061026352288488,0.6355382619974059,0.5052316890881914,0.5207100591715976,0.6566347469220246,0.6955414012738854,0.667578659370725,0.512630014858841,0.6756393001345895,0.6061026352288488,0.632,0.5348189415041782,0.6091160220994476,0.478328173374613,0.6666666666666667,0.47213622291021673,0.5098934550989346,0.0,0.0,0.0,0.6682615629984051,0.0,0.0,0.6706875753920386,0.6859205776173285,0.6714285714285715,0.7307692307692308,0.6688829787234043,0.7550724637681159,0.6324062877871826,0.6452054794520548,0.7180783817951959,0.6452054794520548,0.7349397590361446,0.5757575757575757,0.5572065378900446,0.7180783817951959,0.764102564102564,0.7175989085948158,0.6177325581395349,0.83451536643026,0.6478711162255466,0.7938257993384785,0.6478711162255466,0.6478711162255466,0.6478711162255466,0.7955082742316785,0.6135629709364909,0.7966666666666666,0.7228260869565217,0.7228260869565217,0.6375921375921376,0.5939759036144578,0.5939759036144578,0.7339955849889624,0.7993890020366599,0.8124191461836998,0.8124191461836998,0.7828418230563002,0.8200782268578879,0.7375,0.5708955223880596,0.5681544028950543,0.8130489335006273,0.6840052015604681,0.7191679049034175,0.7073732718894009,0.8034076015727392,0.7973154362416107,0.7709137709137709,0.7575757575757576,0.53315649867374,0.5461638491547465,0.770012706480305,0.7234042553191489,0.7709137709137709,0.791025641025641
Prevotella copri,0.8372615039281706,0.6796440489432702,0.6796440489432702,0.6796440489432702,0.6796440489432702,0.6796440489432702,0.6796440489432702,0.6796440489432702,0.6796440489432702,0.6796440489432702,0.6796440489432702,0.5606060606060606,0.5606060606060606,0.788627935723115,0.7105263157894737,0.7105263157894737,0.7026737967914438,0.8331428571428572,0.8331428571428572,0.5577172503242542,0.7435294117647059,0.7435294117647059,0.7413587604290822,0.5767918088737201,0.5898030127462341,0.569284064665127,0.8028169014084507,0.5544675642594858,0.6293706293706294,0.6293706293706294,0.783375314861461,0.734375,0.7168539325842697,0.6450060168471721,0.7003293084522503,0.6847237269772481,0.6847237269772481,0.616421568627451,0.8390663390663391,0.7462845010615711,0.6939226519337016,0.8253382533825339,0.6943866943866943,0.7833553500660502,0.771043771043771,0.8142857142857143,0.5766526019690577,0.5372023809523809,0.5166666666666666,0.6741258741258741,0.5151057401812689,0.5166666666666666,0.5207100591715976,0.512630014858841,0.505586592178771,0.6061026352288488,0.6355382619974059,0.5052316890881914,0.5207100591715976,0.6566347469220246,0.6955414012738854,0.667578659370725,0.512630014858841,0.6756393001345895,0.6061026352288488,0.632,0.5348189415041782,0.6091160220994476,0.478328173374613,0.6666666666666667,0.47213622291021673,0.5098934550989346,0.0,0.0,0.0,0.6682615629984051,0.0,0.0,0.6706875753920386,0.6859205776173285,0.6714285714285715,0.7307692307692308,0.6688829787234043,0.7550724637681159,0.6324062877871826,0.6452054794520548,0.7180783817951959,0.6452054794520548,0.7349397590361446,0.5757575757575757,0.5572065378900446,0.7180783817951959,0.764102564102564,0.7175989085948158,0.6177325581395349,0.83451536643026,0.6478711162255466,0.7938257993384785,0.6478711162255466,0.6478711162255466,0.6478711162255466,0.7955082742316785,0.6135629709364909,0.7966666666666666,0.7228260869565217,0.7228260869565217,0.6375921375921376,0.5939759036144578,0.5939759036144578,0.7339955849889624,0.7993890020366599,0.8124191461836998,0.8124191461836998,0.7828418230563002,0.8200782268578879,0.7375,0.5708955223880596,0.5681544028950543,0.8130489335006273,0.6840052015604681,0.7191679049034175,0.7073732718894009,0.8034076015727392,0.7973154362416107,0.7709137709137709,0.7575757575757576,0.53315649867374,0.5461638491547465,0.770012706480305,0.7234042553191489,0.7709137709137709,0.791025641025641
Paraprevotella clara,0.7645739910313901,0.7188139059304703,0.7188139059304703,0.7188139059304703,0.7188139059304703,0.7188139059304703,0.7188139059304703,0.7188139059304703,0.7188139059304703,0.7188139059304703,0.7188139059304703,0.81648675171737,0.81648675171737,0.8167420814479638,0.8375796178343949,0.8375796178343949,0.6882051282051282,0.7462514417531718,0.7462514417531718,0.7868177136972194,0.7793326157158235,0.7793326157158235,0.7574750830564784,0.7771587743732591,0.704040404040404,0.7734962406015038,0.7102137767220902,0.7810361681329423,0.7209062821833161,0.7209062821833161,0.7116104868913857,0.7247608926673752,0.7094017094017093,0.7849133537206932,0.7648221343873518,0.7620889748549323,0.7620889748549323,0.8133068520357498,0.7745454545454545,0.7378542510121457,0.7643564356435644,0.8291284403669725,0.7915904936014625,0.8235995232419547,0.7462203023758099,0.7417582417582418,0.6143958868894601,0.6585677749360614,0.5825,0.5778401122019635,0.6179183135704875,0.5825,0.6065359477124184,0.625,0.5638432364096081,0.6286811779769526,0.4319775596072931,0.5992115637319317,0.6065359477124184,0.478955007256894,0.5309973045822103,0.5206258890469417,0.625,0.5477178423236515,0.6286811779769526,0.4576271186440678,0.6163366336633663,0.5750332005312084,0.5766621438263229,0.5355648535564854,0.601593625498008,0.5743519781718963,0.6706875753920386,0.6706875753920386,0.6706875753920386,0.6865889212827989,0.6706875753920386,0.6706875753920386,0.0,0.08278145695364236,0.6089385474860336,0.5791666666666666,0.5097765363128491,0.7567204301075269,0.45747422680412375,0.6351875808538163,0.6311787072243347,0.6351875808538163,0.6447721179624665,0.6534526854219949,0.6408912188728703,0.6311787072243347,0.7044025157232705,0.7297979797979798,0.5615275813295615,0.7579693034238488,0.7245632065775951,0.740499457111835,0.7245632065775951,0.7245632065775951,0.7245632065775951,0.7514384349827388,0.7165876777251186,0.7841269841269841,0.6901041666666667,0.6901041666666667,0.7948717948717949,0.7911764705882353,0.7911764705882353,0.7311715481171548,0.639344262295082,0.7384615384615385,0.7384615384615385,0.8349282296650717,0.8412887828162291,0.7575057736720554,0.7874251497005988,0.7279187817258883,0.7718446601941747,0.7566320645905421,0.8102564102564103,0.8443579766536965,0.7302204928664073,0.813810110974106,0.8100233100233101,0.6759142496847415,0.8065173116089613,0.7979695431472081,0.8276643990929705,0.783375314861461,0.8100233100233101,0.7887154861944778
Paraprevotella xylaniphila,0.757679180887372,0.7159090909090908,0.7159090909090908,0.7159090909090908,0.7159090909090908,0.7159090909090908,0.7159090909090908,0.7159090909090908,0.7159090909090908,0.7159090909090908,0.7159090909090908,0.8146679881070367,0.8146679881070367,0.817351598173516,0.8345864661654135,0.8345864661654135,0.6957862281603289,0.7534722222222222,0.7534722222222222,0.7769633507853403,0.7729257641921398,0.7729257641921398,0.7533632286995515,0.7693032015065914,0.6943589743589744,0.7678401522359657,0.6989117291414753,0.7788746298124383,0.7180020811654526,0.7180020811654526,0.7046894803548795,0.7190527448869752,0.7020585048754062,0.7889344262295082,0.7747035573122529,0.7573385518590998,0.7573385518590998,0.8138138138138138,0.7747858017135862,0.7377551020408164,0.7570281124497992,0.8147713950762017,0.7874306839186691,0.8186215235792019,0.7379385964912281,0.7360801781737194,0.6394904458598727,0.6453715775749673,0.6019900497512438,0.5958041958041957,0.629287598944591,0.6019900497512438,0.625,0.621903520208605,0.5728770595690748,0.6256476683937824,0.4350282485875706,0.5976095617529881,0.625,0.4802342606149341,0.5245901639344263,0.5285714285714286,0.621903520208605,0.5694635488308115,0.6256476683937824,0.45649072753209696,0.6184538653366584,0.571236559139785,0.5978407557354926,0.5393258426966292,0.6148738379814077,0.5879945429740792,0.6859205776173285,0.6859205776173285,0.6859205776173285,0.6760772659732541,0.6859205776173285,0.6859205776173285,0.08278145695364236,0.0,0.6286509040333796,0.6123287671232877,0.5216783216783216,0.7517053206002728,0.47625160462130933,0.6375488917861799,0.6317135549872123,0.6375488917861799,0.645466847090663,0.6541935483870968,0.6433289299867899,0.6317135549872123,0.7234042553191489,0.7376425855513308,0.5756718528995757,0.7595238095238095,0.7309278350515465,0.747276688453159,0.7309278350515465,0.7309278350515465,0.7309278350515465,0.7572254335260116,0.7236467236467237,0.792152704135737,0.6825396825396826,0.6825396825396826,0.8136456211812627,0.8126213592233009,0.8126213592233009,0.7363445378151261,0.6576086956521738,0.7399741267787839,0.7399741267787839,0.8441247002398081,0.8518518518518519,0.76905311778291,0.795,0.7380710659898477,0.7839805825242718,0.7695852534562212,0.810880829015544,0.8416912487708947,0.7349869451697129,0.8203221809169765,0.8091872791519434,0.6751592356687899,0.8142857142857143,0.8020408163265307,0.8283752860411899,0.7837150127226463,0.8091872791519434,0.7992788461538461
Alistipes onderdonkii,0.7242798353909465,0.7588978185993112,0.7588978185993112,0.7588978185993112,0.7588978185993112,0.7588978185993112,0.7588978185993112,0.7588978185993112,0.7588978185993112,0.7588978185993112,0.7588978185993112,0.8316384180790961,0.8316384180790961,0.7827298050139275,0.8301647655259823,0.8301647655259823,0.761744966442953,0.6796536796536796,0.6796536796536796,0.8108747044917257,0.7634961439588689,0.7634961439588689,0.7959442332065907,0.7857900318133616,0.6990632318501171,0.7764578833693304,0.6337817638266069,0.7988826815642458,0.7991021324354658,0.7991021324354658,0.6499215070643642,0.8344671201814059,0.8160000000000001,0.8180764774044033,0.8269858541893362,0.8385744234800838,0.8385744234800838,0.845372460496614,0.7364457831325302,0.7529002320185615,0.7814269535673839,0.7713458755426917,0.7958115183246073,0.8014705882352942,0.8198090692124105,0.6707650273224044,0.6597633136094674,0.6339563862928349,0.6675900277008311,0.4464944649446494,0.6318252730109204,0.6675900277008311,0.6203703703703703,0.6145510835913313,0.6685082872928176,0.6126543209876543,0.5195618153364632,0.5987460815047022,0.6203703703703703,0.4577464788732394,0.4826446280991735,0.4073394495412844,0.6145510835913313,0.4460176991150443,0.6126543209876543,0.5443037974683544,0.6149341142020498,0.5965732087227414,0.594551282051282,0.44326241134751776,0.6038034865293185,0.6142857142857143,0.6714285714285715,0.6714285714285715,0.6714285714285715,0.6296992481203008,0.6714285714285715,0.6714285714285715,0.6089385474860336,0.6286509040333796,0.0,0.34113060428849906,0.41312056737588654,0.6259124087591241,0.5440340909090908,0.6498470948012233,0.561014263074485,0.6498470948012233,0.5484429065743945,0.6590563165905632,0.6463223787167449,0.561014263074485,0.6071428571428572,0.5694682675814751,0.6101973684210527,0.7134502923976609,0.7754868270332188,0.6666666666666667,0.7754868270332188,0.7754868270332188,0.7754868270332188,0.6494082840236686,0.7385272145144077,0.6990679094540613,0.6927899686520376,0.6927899686520376,0.805952380952381,0.8224195338512763,0.8224195338512763,0.8197278911564626,0.8487124463519313,0.6688524590163935,0.6688524590163935,0.7642526964560863,0.7707692307692308,0.7426981919332406,0.8267716535433071,0.7444831591173054,0.6708860759493671,0.7468879668049793,0.7054794520547945,0.7962085308056872,0.7108626198083068,0.7154471544715447,0.7459379615952733,0.610759493670886,0.8123515439429929,0.8009478672985781,0.791023842917251,0.6788685524126457,0.7459379615952733,0.7298937784522004
Alistipes finegoldii,0.6872427983539094,0.7480225988700565,0.7480225988700565,0.7480225988700565,0.7480225988700565,0.7480225988700565,0.7480225988700565,0.7480225988700565,0.7480225988700565,0.7480225988700565,0.7480225988700565,0.8051801801801801,0.8051801801801801,0.7291960507757405,0.8300492610837439,0.8300492610837439,0.74,0.6713681241184768,0.6713681241184768,0.774614472123369,0.7105606258148631,0.7105606258148631,0.8085365853658537,0.7584745762711864,0.6813441483198146,0.7432286023835319,0.5913173652694611,0.7477272727272728,0.8127705627705628,0.8127705627705628,0.6780923994038748,0.7915234822451317,0.7851428571428571,0.7638724911452184,0.7923497267759563,0.8077731092436975,0.8077731092436975,0.8,0.6615146831530139,0.7274826789838338,0.7394285714285714,0.7341040462427746,0.7840909090909091,0.7562776957163959,0.7729468599033816,0.6338797814207651,0.698744769874477,0.6898550724637681,0.7139141742522757,0.5320945945945945,0.6841339155749636,0.7139141742522757,0.6515373352855052,0.6714697406340058,0.706266318537859,0.6540697674418605,0.5257575757575758,0.6475770925110131,0.6515373352855052,0.45904436860068254,0.47580645161290325,0.47789115646258506,0.6714697406340058,0.49667774086378735,0.6540697674418605,0.543076923076923,0.6616231086657496,0.6169895678092399,0.6446776611694153,0.5090609555189456,0.646795827123696,0.6384266263237519,0.7307692307692308,0.7307692307692308,0.7307692307692308,0.6548042704626335,0.7307692307692308,0.7307692307692308,0.5791666666666666,0.6123287671232877,0.34113060428849906,0.0,0.38528896672504376,0.6802030456852792,0.5569272976680384,0.6868686868686869,0.5390625,0.6868686868686869,0.5445378151260505,0.6954022988505747,0.6901615271659325,0.5390625,0.544407894736842,0.6398104265402844,0.5958132045088567,0.6523031203566122,0.7416762342135477,0.635752688172043,0.7416762342135477,0.7416762342135477,0.7416762342135477,0.6494252873563218,0.692972972972973,0.6858638743455497,0.6333333333333333,0.6333333333333333,0.7708830548926014,0.7802690582959642,0.7802690582959642,0.7667436489607391,0.7925356750823271,0.5922818791946309,0.5922818791946309,0.720679012345679,0.7484848484848485,0.6756756756756757,0.7672811059907834,0.705607476635514,0.655813953488372,0.6747159090909092,0.666098807495741,0.768595041322314,0.6076794657762938,0.6801292407108239,0.6983655274888558,0.6055469953775039,0.7802850356294537,0.7496991576413958,0.7618384401114207,0.7091194968553459,0.6983655274888558,0.6707692307692308
Alistipes shahii,0.7392947103274559,0.7848101265822784,0.7848101265822784,0.7848101265822784,0.7848101265822784,0.7848101265822784,0.7848101265822784,0.7848101265822784,0.7848101265822784,0.7848101265822784,0.7848101265822784,0.7936681222707423,0.7936681222707423,0.809823677581864,0.8038507821901324,0.8038507821901324,0.7767393561786085,0.7439490445859873,0.7439490445859873,0.7871621621621622,0.7135740971357409,0.7135740971357409,0.6977040816326531,0.7667342799188641,0.6968026460859977,0.756198347107438,0.693633952254642,0.743421052631579,0.7835820895522388,0.7835820895522388,0.6831683168316831,0.753968253968254,0.7603583426651735,0.7891231964483907,0.8358662613981763,0.8233532934131736,0.8233532934131736,0.8236559139784947,0.7534246575342466,0.7123595505617977,0.7706323687031083,0.8205128205128205,0.8017664376840039,0.8123324396782842,0.7425860023724793,0.7221542227662179,0.6002865329512894,0.5829596412556054,0.6208277703604806,0.5415335463258786,0.5701357466063348,0.6208277703604806,0.5267175572519084,0.5603576751117735,0.6126005361930296,0.5457271364317842,0.38314785373608906,0.553223388305847,0.5267175572519084,0.4676375404530745,0.5105421686746988,0.5165876777251185,0.5603576751117735,0.5309597523219814,0.5457271364317842,0.40675241157556274,0.5574468085106383,0.5069124423963134,0.5347758887171561,0.5422427035330262,0.5465648854961832,0.5273010920436818,0.6688829787234043,0.6688829787234043,0.6688829787234043,0.6509274873524452,0.6688829787234043,0.6688829787234043,0.5097765363128491,0.5216783216783216,0.41312056737588654,0.38528896672504376,0.0,0.6899841017488076,0.4320457796852647,0.5739910313901345,0.6459197786998616,0.5739910313901345,0.6478454680534917,0.5487804878048781,0.5375,0.6459197786998616,0.6358296622613804,0.6651917404129793,0.46308724832214765,0.7536041939711664,0.7961985216473073,0.7256317689530686,0.7961985216473073,0.7961985216473073,0.7961985216473073,0.7416879795396419,0.7109053497942387,0.7582938388625593,0.6076923076923078,0.6076923076923078,0.7394366197183099,0.7827956989247312,0.7827956989247312,0.7291428571428571,0.7764705882352941,0.7033773861967695,0.7033773861967695,0.8057455540355677,0.7916666666666666,0.7221494102228048,0.7663344407530455,0.7128491620111732,0.7364771151178918,0.7212041884816753,0.7335375191424196,0.768969422423556,0.6696969696969697,0.7821782178217822,0.7667560321715818,0.6246376811594203,0.7661290322580645,0.7608695652173914,0.8038461538461539,0.7372262773722628,0.7667560321715818,0.7578659370725034
Alistipes putredinis,0.8102493074792244,0.8337182448036952,0.8337182448036952,0.8337182448036952,0.8337182448036952,0.8337182448036952,0.8337182448036952,0.8337182448036952,0.8337182448036952,0.8337182448036952,0.8337182448036952,0.8313106796116505,0.8313106796116505,0.7851739788199698,0.7914893617021277,0.7914893617021277,0.8227272727272728,0.7732558139534884,0.7732558139534884,0.8119440914866582,0.7959459459459459,0.7959459459459459,0.7619718309859155,0.8013392857142857,0.8288288288288288,0.8027057497181511,0.7473997028231798,0.8202115158636898,0.787621359223301,0.787621359223301,0.75748031496063,0.8214285714285714,0.8174019607843137,0.816708229426434,0.808284023668639,0.8282485875706215,0.8282485875706215,0.817391304347826,0.780952380952381,0.8366164542294322,0.8448275862068966,0.7631160572337043,0.8385360602798708,0.7516778523489933,0.8062418725617685,0.8131578947368421,0.7212863705972434,0.7307086614173228,0.7503506311360448,0.7171381031613977,0.7124600638977636,0.7503506311360448,0.7018927444794953,0.706436420722135,0.7404795486600846,0.704225352112676,0.7535612535612536,0.6832,0.7018927444794953,0.7282780410742495,0.7243975903614458,0.6804635761589404,0.706436420722135,0.7390625,0.704225352112676,0.7514705882352941,0.6762481089258698,0.6908517350157728,0.6808510638297872,0.7046548956661316,0.6893203883495146,0.6677740863787376,0.7550724637681159,0.7550724637681159,0.7550724637681159,0.541019955654102,0.7550724637681159,0.7550724637681159,0.7567204301075269,0.7517053206002728,0.6259124087591241,0.6802030456852792,0.6899841017488076,0.0,0.7496723460026212,0.7192429022082019,0.7526080476900149,0.7192429022082019,0.7652733118971061,0.722397476340694,0.733652312599681,0.7526080476900149,0.6926910299003322,0.6276978417266187,0.6678141135972462,0.8120411160058737,0.8475750577367206,0.8213367609254498,0.8475750577367206,0.8475750577367206,0.8475750577367206,0.8157524613220816,0.8616803278688525,0.8443877551020408,0.7176470588235294,0.7176470588235294,0.8157560355781448,0.8157894736842105,0.8157894736842105,0.8285024154589372,0.8308051341890315,0.7911908646003263,0.7911908646003263,0.7877280265339967,0.7661016949152543,0.8133903133903134,0.8564705882352941,0.8296639629200464,0.8277439024390244,0.8088445078459343,0.7454212454212454,0.8172715894868585,0.7397260273972603,0.7452006980802792,0.7471819645732689,0.7429906542056075,0.8255372945638433,0.82375,0.7830769230769231,0.6972972972972973,0.7471819645732689,0.7504078303425775
Alistipes_A indistinctus,0.7029816513761468,0.718,0.718,0.718,0.718,0.718,0.718,0.718,0.718,0.718,0.718,0.7294238683127572,0.7294238683127572,0.7866817155756207,0.8055260361317746,0.8055260361317746,0.6933066933066934,0.6808510638297872,0.6808510638297872,0.7007534983853606,0.6976483762597985,0.6976483762597985,0.6845714285714286,0.724170616113744,0.6612244897959183,0.6792079207920791,0.7169159953970081,0.6831785345717234,0.7365805168986084,0.7365805168986084,0.622077922077922,0.6359600443951166,0.6316371681415929,0.7133825079030558,0.7922568460812087,0.7823255813953488,0.7823255813953488,0.7407407407407407,0.7064676616915423,0.6638743455497382,0.6807851239669421,0.7917146144994246,0.7071770334928229,0.7904761904761904,0.7245444801714898,0.664391353811149,0.6466992665036675,0.6354430379746836,0.5444305381727159,0.6037483266398929,0.6354430379746836,0.5444305381727159,0.5997442455242967,0.6055979643765903,0.5178117048346056,0.6093552465233881,0.480794701986755,0.6033163265306123,0.5997442455242967,0.5445945945945946,0.5799492385786802,0.5573549257759784,0.6055979643765903,0.5932203389830508,0.6093552465233881,0.4871794871794872,0.6029232643118149,0.5706874189364461,0.5908496732026144,0.5418918918918919,0.5984455958549223,0.5923984272608126,0.6324062877871826,0.6324062877871826,0.6324062877871826,0.7295081967213115,0.6324062877871826,0.6324062877871826,0.45747422680412375,0.47625160462130933,0.5440340909090908,0.5569272976680384,0.4320457796852647,0.7496723460026212,0.0,0.5922077922077922,0.5634715025906736,0.5922077922077922,0.6387434554973822,0.6181353767560664,0.6101694915254237,0.5634715025906736,0.6577946768060836,0.7078651685393258,0.5532503457814661,0.735672514619883,0.7621832358674464,0.6488636363636364,0.7621832358674464,0.7621832358674464,0.7621832358674464,0.7046511627906977,0.6100502512562814,0.7454739084132056,0.6815286624203822,0.6815286624203822,0.7205100956429331,0.717479674796748,0.717479674796748,0.6276243093922652,0.6973415132924335,0.735330836454432,0.735330836454432,0.8116113744075829,0.7775061124694377,0.6782296650717703,0.7041666666666666,0.5927552140504939,0.6954887218045113,0.6742514970059881,0.783989834815756,0.7744209466263847,0.7586206896551724,0.8060240963855422,0.7603305785123967,0.6952841596130592,0.7502601456815817,0.6872294372294372,0.7975113122171946,0.7746305418719212,0.7603305785123967,0.7169344870210136
Parabacteroides distasonis,0.775990099009901,0.7872340425531915,0.7872340425531915,0.7872340425531915,0.7872340425531915,0.7872340425531915,0.7872340425531915,0.7872340425531915,0.7872340425531915,0.7872340425531915,0.7872340425531915,0.7593643586833144,0.7593643586833144,0.7625994694960212,0.7936117936117937,0.7936117936117937,0.7904564315352697,0.7870485678704857,0.7870485678704857,0.7184115523465704,0.677461139896373,0.677461139896373,0.6653439153439153,0.7259259259259259,0.7351351351351352,0.7372881355932204,0.7477477477477478,0.7538461538461538,0.7371364653243848,0.7371364653243848,0.7479564032697548,0.7166469893742621,0.7010676156583631,0.7903587443946188,0.8314491264131552,0.7792887029288703,0.7792887029288703,0.7856341189674523,0.801068090787717,0.745575221238938,0.7834941050375134,0.7544581618655692,0.7849246231155779,0.7944827586206896,0.6932668329177057,0.7352941176470589,0.4075907590759076,0.43739565943238734,0.4963181148748159,0.6159754224270353,0.40273037542662116,0.4963181148748159,0.4010067114093959,0.40734557595993326,0.47994056463595836,0.35111876075731496,0.4955089820359282,0.4325657894736842,0.4010067114093959,0.6086309523809523,0.6082621082621082,0.5760368663594471,0.40734557595993326,0.5994020926756353,0.35111876075731496,0.48217054263565895,0.3945686900958466,0.30388692579505305,0.41891891891891897,0.5716463414634146,0.45394736842105265,0.44925124792013316,0.6452054794520548,0.6452054794520548,0.6452054794520548,0.7145187601957586,0.6452054794520548,0.6452054794520548,0.6351875808538163,0.6375488917861799,0.6498470948012233,0.6868686868686869,0.5739910313901345,0.7192429022082019,0.5922077922077922,0.0,0.5821114369501466,0.0,0.5746031746031746,0.33922261484098937,0.36749116607773846,0.5821114369501466,0.6918687589158345,0.5384615384615384,0.4573378839590444,0.7976952624839949,0.7210884353741497,0.7461077844311377,0.7210884353741497,0.7210884353741497,0.7210884353741497,0.7244094488188977,0.7375381485249237,0.7257072570725707,0.5914826498422713,0.5914826498422713,0.7173913043478262,0.7678767876787679,0.7678767876787679,0.7457240592930445,0.7709011943539631,0.7662889518413598,0.7662889518413598,0.7539797395079595,0.788135593220339,0.6771978021978022,0.7687150837988826,0.7568157033805889,0.7997329773030708,0.7064343163538874,0.7383900928792569,0.7686139747995417,0.7871148459383753,0.773121387283237,0.7746288798920378,0.7589403973509934,0.7541176470588236,0.731042654028436,0.7849604221635884,0.7583697234352256,0.7746288798920378,0.7692307692307692
Parabacteroides goldsteinii,0.5738396624472574,0.6821266968325792,0.6821266968325792,0.6821266968325792,0.6821266968325792,0.6821266968325792,0.6821266968325792,0.6821266968325792,0.6821266968325792,0.6821266968325792,0.6821266968325792,0.7438202247191011,0.7438202247191011,0.6694444444444445,0.8358381502890173,0.8358381502890173,0.6722408026755853,0.5667144906743184,0.5667144906743184,0.7146226415094339,0.6624040920716112,0.6624040920716112,0.7374847374847375,0.7573306370070778,0.6810154525386314,0.7175974710221286,0.6177285318559557,0.7402173913043478,0.7644539614561028,0.7644539614561028,0.5868263473053892,0.7363636363636363,0.7258248009101251,0.7595505617977528,0.7690677966101696,0.7426160337552743,0.7426160337552743,0.7561797752808989,0.6099397590361446,0.6585648148148149,0.6877828054298643,0.695104895104895,0.7051416579223504,0.6971014492753623,0.7103365384615384,0.5500685871056241,0.6438356164383562,0.65406162464986,0.6537966537966537,0.4489112227805695,0.6192528735632183,0.6537966537966537,0.6028571428571429,0.6269284712482468,0.659846547314578,0.5856115107913669,0.4852941176470589,0.6107954545454546,0.6028571428571429,0.4415584415584416,0.42946708463949845,0.3864406779661017,0.6269284712482468,0.42553191489361697,0.5856115107913669,0.4924924924924925,0.5967302452316077,0.5908440629470673,0.5991253644314869,0.4072847682119205,0.6194563662374821,0.6289398280802292,0.7180783817951959,0.7180783817951959,0.7180783817951959,0.7136075949367089,0.7180783817951959,0.7180783817951959,0.6311787072243347,0.6317135549872123,0.561014263074485,0.5390625,0.6459197786998616,0.7526080476900149,0.5634715025906736,0.5821114369501466,0.0,0.5821114369501466,0.27153558052434457,0.5787923416789396,0.5877976190476191,0.0,0.5485362095531587,0.64,0.6633093525179856,0.6069364161849711,0.7174638487208009,0.5414965986394558,0.7174638487208009,0.7174638487208009,0.7174638487208009,0.5736766809728183,0.6148796498905909,0.6166883963494133,0.7106741573033708,0.7106741573033708,0.7619589977220956,0.756786102062975,0.756786102062975,0.7430167597765363,0.7625668449197861,0.6526315789473685,0.6526315789473685,0.7215007215007214,0.6661631419939578,0.6539509536784741,0.744988864142539,0.6639908256880733,0.608433734939759,0.6567164179104478,0.6936236391912909,0.7668161434977578,0.6877761413843888,0.727802037845706,0.6536796536796536,0.6982408660351827,0.7955555555555556,0.7136150234741784,0.6694796061884669,0.7475035663338088,0.6536796536796536,0.6535087719298245
Parabacteroides distasonis_A,0.775990099009901,0.7872340425531915,0.7872340425531915,0.7872340425531915,0.7872340425531915,0.7872340425531915,0.7872340425531915,0.7872340425531915,0.7872340425531915,0.7872340425531915,0.7872340425531915,0.7593643586833144,0.7593643586833144,0.7625994694960212,0.7936117936117937,0.7936117936117937,0.7904564315352697,0.7870485678704857,0.7870485678704857,0.7184115523465704,0.677461139896373,0.677461139896373,0.6653439153439153,0.7259259259259259,0.7351351351351352,0.7372881355932204,0.7477477477477478,0.7538461538461538,0.7371364653243848,0.7371364653243848,0.7479564032697548,0.7166469893742621,0.7010676156583631,0.7903587443946188,0.8314491264131552,0.7792887029288703,0.7792887029288703,0.7856341189674523,0.801068090787717,0.745575221238938,0.7834941050375134,0.7544581618655692,0.7849246231155779,0.7944827586206896,0.6932668329177057,0.7352941176470589,0.4075907590759076,0.43739565943238734,0.4963181148748159,0.6159754224270353,0.40273037542662116,0.4963181148748159,0.4010067114093959,0.40734557595993326,0.47994056463595836,0.35111876075731496,0.4955089820359282,0.4325657894736842,0.4010067114093959,0.6086309523809523,0.6082621082621082,0.5760368663594471,0.40734557595993326,0.5994020926756353,0.35111876075731496,0.48217054263565895,0.3945686900958466,0.30388692579505305,0.41891891891891897,0.5716463414634146,0.45394736842105265,0.44925124792013316,0.6452054794520548,0.6452054794520548,0.6452054794520548,0.7145187601957586,0.6452054794520548,0.6452054794520548,0.6351875808538163,0.6375488917861799,0.6498470948012233,0.6868686868686869,0.5739910313901345,0.7192429022082019,0.5922077922077922,0.0,0.5821114369501466,0.0,0.5746031746031746,0.33922261484098937,0.36749116607773846,0.5821114369501466,0.6918687589158345,0.5384615384615384,0.4573378839590444,0.7976952624839949,0.7210884353741497,0.7461077844311377,0.7210884353741497,0.7210884353741497,0.7210884353741497,0.7244094488188977,0.7375381485249237,0.7257072570725707,0.5914826498422713,0.5914826498422713,0.7173913043478262,0.7678767876787679,0.7678767876787679,0.7457240592930445,0.7709011943539631,0.7662889518413598,0.7662889518413598,0.7539797395079595,0.788135593220339,0.6771978021978022,0.7687150837988826,0.7568157033805889,0.7997329773030708,0.7064343163538874,0.7383900928792569,0.7686139747995417,0.7871148459383753,0.773121387283237,0.7746288798920378,0.7589403973509934,0.7541176470588236,0.731042654028436,0.7849604221635884,0.7583697234352256,0.7746288798920378,0.7692307692307692
Parabacteroides gordonii,0.6082474226804124,0.7255813953488373,0.7255813953488373,0.7255813953488373,0.7255813953488373,0.7255813953488373,0.7255813953488373,0.7255813953488373,0.7255813953488373,0.7255813953488373,0.7255813953488373,0.7802325581395348,0.7802325581395348,0.7190201729106629,0.8419753086419753,0.8419753086419753,0.727891156462585,0.6056971514242879,0.6056971514242879,0.7772455089820359,0.7127799736495388,0.7127799736495388,0.8012422360248448,0.7606837606837606,0.6768507638072856,0.754880694143167,0.6216617210682492,0.7955801104972375,0.8037486218302095,0.8037486218302095,0.6742424242424243,0.7900232018561485,0.7764842840512224,0.8171428571428572,0.8234660925726588,0.7924731182795699,0.7924731182795699,0.8123569794050343,0.665625,0.7100591715976332,0.729918509895227,0.7312775330396476,0.7419006479481641,0.75,0.7620221948212084,0.6005665722379603,0.6767241379310345,0.6765578635014837,0.6761517615176151,0.4158964879852126,0.6381679389312978,0.6761517615176151,0.6371814092953523,0.6578171091445428,0.6894243641231593,0.6109422492401215,0.5077639751552795,0.6227272727272728,0.6371814092953523,0.4716981132075472,0.4951612903225806,0.4426807760141094,0.6578171091445428,0.4469565217391305,0.6109422492401215,0.5229067930489731,0.6251788268955651,0.6225563909774436,0.6319018404907976,0.44153577661431065,0.6506024096385542,0.6586102719033233,0.7349397590361446,0.7349397590361446,0.7349397590361446,0.7238421955403087,0.7349397590361446,0.7349397590361446,0.6447721179624665,0.645466847090663,0.5484429065743945,0.5445378151260505,0.6478454680534917,0.7652733118971061,0.6387434554973822,0.5746031746031746,0.27153558052434457,0.5746031746031746,0.0,0.5777777777777777,0.5714285714285714,0.27153558052434457,0.4948275862068966,0.592039800995025,0.641390205371248,0.6799410029498525,0.7064439140811456,0.5873239436619718,0.7064439140811456,0.7064439140811456,0.7064439140811456,0.5362776025236593,0.6655518394648829,0.5848787446504993,0.7194570135746606,0.7194570135746606,0.800942285041225,0.7977653631284916,0.7977653631284916,0.7677946324387398,0.8122270742358079,0.6420361247947455,0.6420361247947455,0.6990445859872612,0.6996805111821086,0.7253814147018031,0.7977272727272727,0.7300115874855156,0.6619718309859155,0.7296551724137932,0.6843003412969284,0.769689737470167,0.6848000000000001,0.7181528662420382,0.7161961367013373,0.6944444444444444,0.7945368171021377,0.7715311004784688,0.7326589595375723,0.7379095163806553,0.7161961367013373,0.7149321266968326
Parabacteroides merdae,0.7677902621722846,0.7841880341880342,0.7841880341880342,0.7841880341880342,0.7841880341880342,0.7841880341880342,0.7841880341880342,0.7841880341880342,0.7841880341880342,0.7841880341880342,0.7841880341880342,0.7209847596717468,0.7209847596717468,0.7333333333333334,0.759493670886076,0.759493670886076,0.7900207900207901,0.791044776119403,0.791044776119403,0.723889555822329,0.6485411140583555,0.6485411140583555,0.6373477672530447,0.7158119658119658,0.7440860215053764,0.7065217391304348,0.7503217503217503,0.7394209354120267,0.7134703196347032,0.7134703196347032,0.7281553398058253,0.6911942098914354,0.7034400948991697,0.7993311036789298,0.8014783526927138,0.7671957671957672,0.7671957671957672,0.7643020594965675,0.780952380952381,0.7464008859357696,0.7933972310969116,0.7589041095890411,0.797808764940239,0.7471264367816092,0.6759493670886076,0.7423687423687424,0.42131147540983604,0.3671328671328671,0.43471582181259605,0.584251968503937,0.3321428571428572,0.43471582181259605,0.26775956284153,0.3529411764705882,0.4600301659125189,0.387858347386172,0.4710365853658537,0.3546712802768166,0.26775956284153,0.5948795180722892,0.5991379310344828,0.5703245749613601,0.3529411764705882,0.6086309523809523,0.387858347386172,0.4541139240506329,0.3421487603305785,0.37074829931972786,0.36427320490367776,0.5746951219512195,0.3743500866551126,0.3303411131059246,0.5757575757575757,0.5757575757575757,0.5757575757575757,0.658703071672355,0.5757575757575757,0.5757575757575757,0.6534526854219949,0.6541935483870968,0.6590563165905632,0.6954022988505747,0.5487804878048781,0.722397476340694,0.6181353767560664,0.33922261484098937,0.5787923416789396,0.33922261484098937,0.5777777777777777,0.0,0.07515657620041749,0.5787923416789396,0.6984352773826459,0.6012558869701727,0.4865771812080537,0.7909677419354839,0.7219069239500567,0.7379227053140096,0.7219069239500567,0.7219069239500567,0.7219069239500567,0.7118193891102258,0.7266187050359711,0.7123287671232876,0.5990566037735849,0.5990566037735849,0.6961869618696187,0.7577777777777778,0.7577777777777778,0.7097532314923619,0.7555066079295154,0.7514367816091954,0.7514367816091954,0.7292899408284024,0.7647907647907648,0.679945054945055,0.7471526195899771,0.7383592017738358,0.7661623108665749,0.6771978021978022,0.6715686274509804,0.7361601884570083,0.7604017216642754,0.7580645161290323,0.6793002915451896,0.7313432835820896,0.7265060240963855,0.7197604790419161,0.7324137931034482,0.7007633587786259,0.6793002915451896,0.7301136363636364
Parabacteroides johnsonii,0.7646310432569975,0.7896440129449838,0.7896440129449838,0.7896440129449838,0.7896440129449838,0.7896440129449838,0.7896440129449838,0.7896440129449838,0.7896440129449838,0.7896440129449838,0.7896440129449838,0.7171837708830548,0.7171837708830548,0.7291666666666667,0.7593307593307593,0.7593307593307593,0.7903055848261328,0.789873417721519,0.789873417721519,0.7278250303766707,0.6445945945945946,0.6445945945945946,0.6331034482758621,0.7136659436008677,0.7450980392156863,0.7027624309392265,0.75,0.741826381059752,0.708139534883721,0.708139534883721,0.7291960507757405,0.6883435582822086,0.7024096385542169,0.7997737556561086,0.8044871794871795,0.7631862217438106,0.7631862217438106,0.765661252900232,0.7878787878787878,0.7432432432432432,0.789815817984832,0.7552447552447552,0.7993951612903226,0.7430249632892805,0.6709677419354838,0.7481481481481482,0.4398682042833608,0.3838028169014085,0.4473684210526315,0.5758064516129032,0.34594594594594597,0.4473684210526315,0.26530612244897955,0.3664921465968587,0.4679878048780488,0.4040747028862479,0.46261682242990654,0.35387323943661975,0.26530612244897955,0.5804953560371517,0.6020408163265306,0.5662460567823344,0.3664921465968587,0.6012176560121766,0.4040747028862479,0.44246353322528365,0.3411764705882353,0.370242214532872,0.35778175313059035,0.5572998430141287,0.3796133567662566,0.33211678832116787,0.5572065378900446,0.5572065378900446,0.5572065378900446,0.6655112651646446,0.5572065378900446,0.5572065378900446,0.6408912188728703,0.6433289299867899,0.6463223787167449,0.6901615271659325,0.5375,0.733652312599681,0.6101694915254237,0.36749116607773846,0.5877976190476191,0.36749116607773846,0.5714285714285714,0.07515657620041749,0.0,0.5877976190476191,0.6971014492753623,0.6089030206677266,0.46712802768166095,0.7913385826771654,0.7197231833910034,0.7327586206896552,0.7197231833910034,0.7197231833910034,0.7197231833910034,0.7055630936227951,0.7247132429614181,0.7113924050632912,0.5841423948220065,0.5841423948220065,0.7014925373134329,0.759009009009009,0.759009009009009,0.7103694874851013,0.758082497212932,0.7583697234352256,0.7583697234352256,0.7342342342342343,0.7592319054652881,0.6875,0.7525891829689297,0.742152466367713,0.7763888888888889,0.6847222222222222,0.6672240802675585,0.7341317365269462,0.762043795620438,0.7541229385307346,0.6795252225519288,0.7324137931034482,0.728937728937729,0.7220873786407767,0.729957805907173,0.6993769470404985,0.6795252225519288,0.7421203438395416
Parabacteroides timonensis,0.5738396624472574,0.6821266968325792,0.6821266968325792,0.6821266968325792,0.6821266968325792,0.6821266968325792,0.6821266968325792,0.6821266968325792,0.6821266968325792,0.6821266968325792,0.6821266968325792,0.7438202247191011,0.7438202247191011,0.6694444444444445,0.8358381502890173,0.8358381502890173,0.6722408026755853,0.5667144906743184,0.5667144906743184,0.7146226415094339,0.6624040920716112,0.6624040920716112,0.7374847374847375,0.7573306370070778,0.6810154525386314,0.7175974710221286,0.6177285318559557,0.7402173913043478,0.7644539614561028,0.7644539614561028,0.5868263473053892,0.7363636363636363,0.7258248009101251,0.7595505617977528,0.7690677966101696,0.7426160337552743,0.7426160337552743,0.7561797752808989,0.6099397590361446,0.6585648148148149,0.6877828054298643,0.695104895104895,0.7051416579223504,0.6971014492753623,0.7103365384615384,0.5500685871056241,0.6438356164383562,0.65406162464986,0.6537966537966537,0.4489112227805695,0.6192528735632183,0.6537966537966537,0.6028571428571429,0.6269284712482468,0.659846547314578,0.5856115107913669,0.4852941176470589,0.6107954545454546,0.6028571428571429,0.4415584415584416,0.42946708463949845,0.3864406779661017,0.6269284712482468,0.42553191489361697,0.5856115107913669,0.4924924924924925,0.5967302452316077,0.5908440629470673,0.5991253644314869,0.4072847682119205,0.6194563662374821,0.6289398280802292,0.7180783817951959,0.7180783817951959,0.7180783817951959,0.7136075949367089,0.7180783817951959,0.7180783817951959,0.6311787072243347,0.6317135549872123,0.561014263074485,0.5390625,0.6459197786998616,0.7526080476900149,0.5634715025906736,0.5821114369501466,0.0,0.5821114369501466,0.27153558052434457,0.5787923416789396,0.5877976190476191,0.0,0.5485362095531587,0.64,0.6633093525179856,0.6069364161849711,0.7174638487208009,0.5414965986394558,0.7174638487208009,0.7174638487208009,0.7174638487208009,0.5736766809728183,0.6148796498905909,0.6166883963494133,0.7106741573033708,0.7106741573033708,0.7619589977220956,0.756786102062975,0.756786102062975,0.7430167597765363,0.7625668449197861,0.6526315789473685,0.6526315789473685,0.7215007215007214,0.6661631419939578,0.6539509536784741,0.744988864142539,0.6639908256880733,0.608433734939759,0.6567164179104478,0.6936236391912909,0.7668161434977578,0.6877761413843888,0.727802037845706,0.6536796536796536,0.6982408660351827,0.7955555555555556,0.7136150234741784,0.6694796061884669,0.7475035663338088,0.6536796536796536,0.6535087719298245
Butyricimonas virosa,0.6228571428571428,0.7386877828054299,0.7386877828054299,0.7386877828054299,0.7386877828054299,0.7386877828054299,0.7386877828054299,0.7386877828054299,0.7386877828054299,0.7386877828054299,0.7386877828054299,0.7794285714285714,0.7794285714285714,0.7047075606276747,0.8552631578947368,0.8552631578947368,0.7378318584070797,0.6500711237553343,0.6500711237553343,0.7807737397420867,0.7312101910828026,0.7312101910828026,0.8072727272727273,0.768025078369906,0.7178051511758119,0.7545357524012807,0.6437768240343348,0.7893013100436681,0.8116254036598494,0.8116254036598494,0.6910688140556369,0.7793103448275862,0.7658592848904268,0.7940503432494279,0.8030139935414424,0.7966280295047419,0.7966280295047419,0.792,0.6142857142857143,0.7238204833141542,0.7357630979498861,0.6860119047619048,0.7323340471092077,0.7713458755426917,0.7950530035335689,0.6555407209612817,0.7365591397849462,0.7520547945205479,0.7487437185929648,0.575609756097561,0.7096317280453257,0.7487437185929648,0.6984572230014026,0.7168508287292817,0.7540574282147317,0.7023643949930458,0.6369958275382476,0.7093184979137691,0.6984572230014026,0.6106870229007634,0.6102189781021898,0.5795275590551181,0.7168508287292817,0.6347305389221557,0.7023643949930458,0.6429587482219061,0.7189542483660131,0.6680911680911681,0.7059659090909092,0.577223088923557,0.7057991513437059,0.6778425655976676,0.764102564102564,0.764102564102564,0.764102564102564,0.7219430485762144,0.764102564102564,0.764102564102564,0.7044025157232705,0.7234042553191489,0.6071428571428572,0.544407894736842,0.6358296622613804,0.6926910299003322,0.6577946768060836,0.6918687589158345,0.5485362095531587,0.6918687589158345,0.4948275862068966,0.6984352773826459,0.6971014492753623,0.5485362095531587,0.0,0.5460636515912898,0.6977777777777778,0.7252440725244073,0.7648376259798433,0.6692708333333333,0.7648376259798433,0.7648376259798433,0.7648376259798433,0.6432664756446991,0.7172995780590717,0.6749672346002622,0.686838124054463,0.686838124054463,0.8135011441647597,0.7860310421286031,0.7860310421286031,0.7866817155756207,0.7861842105263158,0.6613924050632911,0.6613924050632911,0.7098765432098766,0.7282442748091603,0.6935933147632312,0.7912457912457913,0.7329545454545454,0.7109144542772861,0.7297297297297297,0.6877076411960132,0.7514863258026159,0.6029900332225914,0.6899841017488076,0.6957163958641064,0.6839826839826839,0.769047619047619,0.7606635071090048,0.7450980392156863,0.7320061255742726,0.6957163958641064,0.6742770167427702
Odoribacter splanchnicus,0.751660026560425,0.8179848320693391,0.8179848320693391,0.8179848320693391,0.8179848320693391,0.8179848320693391,0.8179848320693391,0.8179848320693391,0.8179848320693391,0.8179848320693391,0.8179848320693391,0.8082191780821918,0.8082191780821918,0.7478753541076487,0.8144853875476493,0.8144853875476493,0.817989417989418,0.7666666666666666,0.7666666666666666,0.7788461538461539,0.7376623376623377,0.7376623376623377,0.7644787644787645,0.7905759162303665,0.788108108108108,0.7904761904761904,0.7445652173913043,0.7944444444444445,0.7699316628701595,0.7699316628701595,0.7535816618911175,0.8123569794050343,0.7865429234338748,0.826879271070615,0.8326180257510729,0.8068303094983992,0.8068303094983992,0.8367117117117118,0.7801724137931034,0.8116100766703176,0.8157033805888767,0.7274074074074074,0.8223350253807107,0.7903225806451613,0.8050239234449761,0.7477707006369427,0.6163141993957704,0.6311728395061729,0.6367461430575034,0.5986842105263157,0.5853269537480064,0.6367461430575034,0.5984496124031008,0.6225266362252664,0.6184397163120567,0.5479233226837061,0.6516220028208745,0.6049382716049383,0.5984496124031008,0.6390168970814132,0.6332842415316642,0.5838709677419355,0.6225266362252664,0.5993690851735016,0.5479233226837061,0.6521739130434783,0.5794947994056463,0.5306451612903226,0.5762439807383628,0.5882352941176471,0.6056338028169015,0.5849358974358974,0.7175989085948158,0.7175989085948158,0.7175989085948158,0.6779964221824687,0.7175989085948158,0.7175989085948158,0.7297979797979798,0.7376425855513308,0.5694682675814751,0.6398104265402844,0.6651917404129793,0.6276978417266187,0.7078651685393258,0.5384615384615384,0.64,0.5384615384615384,0.592039800995025,0.6012558869701727,0.6089030206677266,0.64,0.5460636515912898,0.0,0.6052202283849919,0.7924016282225237,0.7654462242562929,0.7383059418457649,0.7654462242562929,0.7654462242562929,0.7654462242562929,0.7180555555555556,0.7836734693877551,0.7378516624040921,0.7134146341463414,0.7134146341463414,0.8124267291910903,0.8113207547169812,0.8113207547169812,0.7988571428571428,0.8241042345276873,0.7392638036809815,0.7392638036809815,0.7070063694267517,0.7437888198757764,0.7375690607734806,0.8155230596175478,0.8063457330415755,0.7716763005780347,0.7704697986577181,0.699490662139219,0.7593712212817412,0.7411402157164869,0.7301587301587302,0.7404692082111437,0.7314285714285714,0.8145539906103286,0.767189384800965,0.770098730606488,0.7177033492822966,0.7404692082111437,0.7339312406576981
Barnesiella intestinihominis,0.7760617760617761,0.8226495726495726,0.8226495726495726,0.8226495726495726,0.8226495726495726,0.8226495726495726,0.8226495726495726,0.8226495726495726,0.8226495726495726,0.8226495726495726,0.8226495726495726,0.7689614935822637,0.7689614935822637,0.7839673913043479,0.7724317295188556,0.7724317295188556,0.810126582278481,0.7906976744186046,0.7906976744186046,0.770059880239521,0.6945551128818062,0.6945551128818062,0.6606896551724137,0.7726315789473684,0.747787610619469,0.7618025751072961,0.7566489361702128,0.7559591373439274,0.7372685185185186,0.7372685185185186,0.7432239657631954,0.7284848484848485,0.7249698431845597,0.7621878715814506,0.8296059637912673,0.8052910052910053,0.8052910052910053,0.8136363636363636,0.8170563961485557,0.7459954233409611,0.7797552836484983,0.7966804979253113,0.8359840954274353,0.7988505747126436,0.7117346938775511,0.7575000000000001,0.5285714285714286,0.5350734094616639,0.5753623188405796,0.634493670886076,0.48566610455311976,0.5753623188405796,0.47753743760399336,0.5057096247960848,0.5342261904761905,0.4717607973421927,0.4819466248037677,0.4698996655518395,0.47753743760399336,0.5896226415094339,0.58796992481203,0.5933544303797469,0.5057096247960848,0.5752773375594296,0.4717607973421927,0.4895666131621188,0.4795597484276729,0.44256756756756754,0.41901408450704225,0.6169230769230769,0.4258289703315882,0.4092526690391459,0.6177325581395349,0.6177325581395349,0.6177325581395349,0.6033519553072626,0.6177325581395349,0.6177325581395349,0.5615275813295615,0.5756718528995757,0.6101973684210527,0.5958132045088567,0.46308724832214765,0.6678141135972462,0.5532503457814661,0.4573378839590444,0.6633093525179856,0.4573378839590444,0.641390205371248,0.4865771812080537,0.46712802768166095,0.6633093525179856,0.6977777777777778,0.6052202283849919,0.0,0.7606602475928473,0.75,0.7403245942571786,0.75,0.75,0.75,0.7429340511440108,0.7215727948990436,0.7587064676616915,0.5797342192691031,0.5797342192691031,0.7435582822085889,0.7605956471935853,0.7605956471935853,0.7127272727272727,0.7425287356321839,0.7301829268292683,0.7301829268292683,0.762406015037594,0.7480916030534351,0.6747851002865329,0.7423167848699763,0.7391304347826086,0.7682403433476395,0.6604046242774566,0.7508038585209003,0.7654761904761904,0.7358778625954199,0.7767722473604827,0.771186440677966,0.7157142857142857,0.7859690844233056,0.7448359659781287,0.7719054242002782,0.7305295950155763,0.771186440677966,0.749271137026239
Parasutterella excrementihominis,0.5914285714285714,0.6915995397008055,0.6915995397008055,0.6915995397008055,0.6915995397008055,0.6915995397008055,0.6915995397008055,0.6915995397008055,0.6915995397008055,0.6915995397008055,0.6915995397008055,0.7599544937428897,0.7599544937428897,0.6827195467422096,0.840047393364929,0.840047393364929,0.6976483762597985,0.5988455988455988,0.5988455988455988,0.737217598097503,0.7243107769423559,0.7243107769423559,0.7835550181378477,0.784412955465587,0.7147577092511013,0.7351063829787234,0.660220994475138,0.7571428571428571,0.8122362869198312,0.8122362869198312,0.6588579795021963,0.7597254004576659,0.7757847533632287,0.7205707491082045,0.7727272727272727,0.7656415694591728,0.7656415694591728,0.7654462242562929,0.5883280757097792,0.6487455197132617,0.6523809523809524,0.6651917404129793,0.7291886195995785,0.7284671532846716,0.75,0.611336032388664,0.7929736511919698,0.800771208226221,0.8093567251461988,0.7207977207977208,0.7867360208062418,0.8093567251461988,0.7867177522349936,0.8007566204287515,0.8084112149532711,0.7957124842370744,0.6953125,0.8020176544766708,0.7867177522349936,0.6928471248246844,0.6855600539811066,0.7255172413793103,0.8007566204287515,0.6638054363376251,0.7957124842370744,0.7291666666666667,0.8028673835125448,0.7962264150943397,0.7930142302716688,0.7292517006802721,0.7815344603381014,0.7919375812743823,0.83451536643026,0.83451536643026,0.83451536643026,0.7618296529968455,0.83451536643026,0.83451536643026,0.7579693034238488,0.7595238095238095,0.7134502923976609,0.6523031203566122,0.7536041939711664,0.8120411160058737,0.735672514619883,0.7976952624839949,0.6069364161849711,0.7976952624839949,0.6799410029498525,0.7909677419354839,0.7913385826771654,0.6069364161849711,0.7252440725244073,0.7924016282225237,0.7606602475928473,0.0,0.7731733914940022,0.5795918367346939,0.7731733914940022,0.7731733914940022,0.7731733914940022,0.6707818930041152,0.6395604395604395,0.7071339173967459,0.7429378531073446,0.7429378531073446,0.7757225433526012,0.7805676855895196,0.7805676855895196,0.7687991021324354,0.7754880694143167,0.6309148264984228,0.6309148264984228,0.7636887608069164,0.6385350318471338,0.6758620689655173,0.7511363636363636,0.687066974595843,0.584518167456556,0.6875852660300137,0.7272727272727273,0.7461988304093568,0.6494522691705791,0.665615141955836,0.6903039073806079,0.5933734939759037,0.8161434977578476,0.759581881533101,0.5288461538461539,0.717948717948718,0.6903039073806079,0.6366412213740458
Escherichia coli,0.761854583772392,0.5217391304347826,0.5217391304347826,0.5217391304347826,0.5217391304347826,0.5217391304347826,0.5217391304347826,0.5217391304347826,0.5217391304347826,0.5217391304347826,0.5217391304347826,0.6522655426765016,0.6522655426765016,0.7412823397075365,0.8481262327416174,0.8481262327416174,0.5415318230852211,0.7776606954689147,0.7776606954689147,0.6446370530877573,0.7348008385744235,0.7348008385744235,0.8203356367226061,0.6196623634558094,0.616326530612245,0.608080808080808,0.7277716794731065,0.6680121089808275,0.5875402792696025,0.5875402792696025,0.8092672413793103,0.7616731517509727,0.7599225556631172,0.6877593360995851,0.6332644628099173,0.5862068965517242,0.5862068965517242,0.7087576374745417,0.8008849557522124,0.7258687258687259,0.7010816125860373,0.7694038245219348,0.7071362372567191,0.8009049773755657,0.7446592065106816,0.7404343329886246,0.7420765027322405,0.7435610302351624,0.7294736842105263,0.7619589977220956,0.7220956719817768,0.7294736842105263,0.7230941704035874,0.7147688838782413,0.7151965993623804,0.708803611738149,0.7449947312961012,0.7216610549943883,0.7230941704035874,0.7558268590455051,0.7467672413793103,0.7409502262443439,0.7147688838782413,0.7494432071269488,0.708803611738149,0.7405405405405405,0.7262032085561497,0.7252502780867631,0.727891156462585,0.763215859030837,0.7219069239500567,0.7452300785634118,0.6478711162255466,0.6478711162255466,0.6478711162255466,0.8404761904761905,0.6478711162255466,0.6478711162255466,0.7245632065775951,0.7309278350515465,0.7754868270332188,0.7416762342135477,0.7961985216473073,0.8475750577367206,0.7621832358674464,0.7210884353741497,0.7174638487208009,0.7210884353741497,0.7064439140811456,0.7219069239500567,0.7197231833910034,0.7174638487208009,0.7648376259798433,0.7654462242562929,0.75,0.7731733914940022,0.0,0.5562060889929743,0.0,0.0,0.0,0.5304568527918782,0.502623294858342,0.525934861278649,0.7611940298507462,0.7611940298507462,0.7213114754098361,0.6781376518218624,0.6781376518218624,0.7717287488061126,0.7277992277992278,0.7550058892815077,0.7550058892815077,0.7461077844311377,0.7916666666666666,0.7190635451505016,0.6625129802699896,0.6524390243902439,0.7808988764044944,0.6905574516496018,0.7596034696406444,0.7612966601178782,0.8059023836549376,0.7589928057553956,0.7844444444444445,0.7846320346320346,0.6525974025974026,0.6498388829215898,0.7391799544419134,0.7733175914994097,0.7844444444444445,0.7520184544405998
Escherichia fergusonii,0.6099110546378653,0.6698717948717949,0.6698717948717949,0.6698717948717949,0.6698717948717949,0.6698717948717949,0.6698717948717949,0.6698717948717949,0.6698717948717949,0.6698717948717949,0.6698717948717949,0.7468619246861925,0.7468619246861925,0.6606451612903226,0.8521647307286166,0.8521647307286166,0.6964102564102563,0.6095360824742269,0.6095360824742269,0.7405812701829925,0.6768507638072856,0.6768507638072856,0.7851690294438386,0.768579492003763,0.6773858921161826,0.7030000000000001,0.6214833759590792,0.757271815446339,0.7960975609756098,0.7960975609756098,0.6346666666666667,0.750524109014675,0.7421383647798743,0.7377398720682302,0.7763546798029557,0.7827751196172249,0.7827751196172249,0.7737603305785123,0.6260273972602739,0.6590909090909092,0.6906019007391764,0.6809895833333333,0.7015810276679841,0.7335058214747736,0.7371303395399781,0.575187969924812,0.7615740740740741,0.7607142857142857,0.7653508771929824,0.6640106241699868,0.7320341047503045,0.7653508771929824,0.7298919567827131,0.7392857142857143,0.7577092511013216,0.7360285374554103,0.6545454545454545,0.7449584816132859,0.7298919567827131,0.6225165562913908,0.6181353767560664,0.633112582781457,0.7392857142857143,0.6216931216931216,0.7360285374554103,0.6666666666666667,0.7400681044267877,0.7336504161712247,0.7532934131736527,0.6641025641025642,0.7317961165048543,0.7580838323353294,0.7938257993384785,0.7938257993384785,0.7938257993384785,0.7948717948717949,0.7938257993384785,0.7938257993384785,0.740499457111835,0.747276688453159,0.6666666666666667,0.635752688172043,0.7256317689530686,0.8213367609254498,0.6488636363636364,0.7461077844311377,0.5414965986394558,0.7461077844311377,0.5873239436619718,0.7379227053140096,0.7327586206896552,0.5414965986394558,0.6692708333333333,0.7383059418457649,0.7403245942571786,0.5795918367346939,0.5562060889929743,0.0,0.5562060889929743,0.5562060889929743,0.5562060889929743,0.2712680577849117,0.42757009345794394,0.36766809728183114,0.7478042659974906,0.7478042659974906,0.7598299681190224,0.7700803212851406,0.7700803212851406,0.7447916666666667,0.7703777335984096,0.6292134831460674,0.6292134831460674,0.7255936675461742,0.7108433734939759,0.6666666666666667,0.7633196721311475,0.675531914893617,0.6113416320885201,0.6838868388683887,0.7204450625869263,0.7552742616033755,0.7340286831812255,0.717741935483871,0.7012820512820512,0.679340937896071,0.8024691358024691,0.7462686567164178,0.6535433070866141,0.7460732984293194,0.7012820512820512,0.645466847090663
Escherichia ruysiae,0.761854583772392,0.5217391304347826,0.5217391304347826,0.5217391304347826,0.5217391304347826,0.5217391304347826,0.5217391304347826,0.5217391304347826,0.5217391304347826,0.5217391304347826,0.5217391304347826,0.6522655426765016,0.6522655426765016,0.7412823397075365,0.8481262327416174,0.8481262327416174,0.5415318230852211,0.7776606954689147,0.7776606954689147,0.6446370530877573,0.7348008385744235,0.7348008385744235,0.8203356367226061,0.6196623634558094,0.616326530612245,0.608080808080808,0.7277716794731065,0.6680121089808275,0.5875402792696025,0.5875402792696025,0.8092672413793103,0.7616731517509727,0.7599225556631172,0.6877593360995851,0.6332644628099173,0.5862068965517242,0.5862068965517242,0.7087576374745417,0.8008849557522124,0.7258687258687259,0.7010816125860373,0.7694038245219348,0.7071362372567191,0.8009049773755657,0.7446592065106816,0.7404343329886246,0.7420765027322405,0.7435610302351624,0.7294736842105263,0.7619589977220956,0.7220956719817768,0.7294736842105263,0.7230941704035874,0.7147688838782413,0.7151965993623804,0.708803611738149,0.7449947312961012,0.7216610549943883,0.7230941704035874,0.7558268590455051,0.7467672413793103,0.7409502262443439,0.7147688838782413,0.7494432071269488,0.708803611738149,0.7405405405405405,0.7262032085561497,0.7252502780867631,0.727891156462585,0.763215859030837,0.7219069239500567,0.7452300785634118,0.6478711162255466,0.6478711162255466,0.6478711162255466,0.8404761904761905,0.6478711162255466,0.6478711162255466,0.7245632065775951,0.7309278350515465,0.7754868270332188,0.7416762342135477,0.7961985216473073,0.8475750577367206,0.7621832358674464,0.7210884353741497,0.7174638487208009,0.7210884353741497,0.7064439140811456,0.7219069239500567,0.7197231833910034,0.7174638487208009,0.7648376259798433,0.7654462242562929,0.75,0.7731733914940022,0.0,0.5562060889929743,0.0,0.0,0.0,0.5304568527918782,0.502623294858342,0.525934861278649,0.7611940298507462,0.7611940298507462,0.7213114754098361,0.6781376518218624,0.6781376518218624,0.7717287488061126,0.7277992277992278,0.7550058892815077,0.7550058892815077,0.7461077844311377,0.7916666666666666,0.7190635451505016,0.6625129802699896,0.6524390243902439,0.7808988764044944,0.6905574516496018,0.7596034696406444,0.7612966601178782,0.8059023836549376,0.7589928057553956,0.7844444444444445,0.7846320346320346,0.6525974025974026,0.6498388829215898,0.7391799544419134,0.7733175914994097,0.7844444444444445,0.7520184544405998
Escherichia sp005843885,0.761854583772392,0.5217391304347826,0.5217391304347826,0.5217391304347826,0.5217391304347826,0.5217391304347826,0.5217391304347826,0.5217391304347826,0.5217391304347826,0.5217391304347826,0.5217391304347826,0.6522655426765016,0.6522655426765016,0.7412823397075365,0.8481262327416174,0.8481262327416174,0.5415318230852211,0.7776606954689147,0.7776606954689147,0.6446370530877573,0.7348008385744235,0.7348008385744235,0.8203356367226061,0.6196623634558094,0.616326530612245,0.608080808080808,0.7277716794731065,0.6680121089808275,0.5875402792696025,0.5875402792696025,0.8092672413793103,0.7616731517509727,0.7599225556631172,0.6877593360995851,0.6332644628099173,0.5862068965517242,0.5862068965517242,0.7087576374745417,0.8008849557522124,0.7258687258687259,0.7010816125860373,0.7694038245219348,0.7071362372567191,0.8009049773755657,0.7446592065106816,0.7404343329886246,0.7420765027322405,0.7435610302351624,0.7294736842105263,0.7619589977220956,0.7220956719817768,0.7294736842105263,0.7230941704035874,0.7147688838782413,0.7151965993623804,0.708803611738149,0.7449947312961012,0.7216610549943883,0.7230941704035874,0.7558268590455051,0.7467672413793103,0.7409502262443439,0.7147688838782413,0.7494432071269488,0.708803611738149,0.7405405405405405,0.7262032085561497,0.7252502780867631,0.727891156462585,0.763215859030837,0.7219069239500567,0.7452300785634118,0.6478711162255466,0.6478711162255466,0.6478711162255466,0.8404761904761905,0.6478711162255466,0.6478711162255466,0.7245632065775951,0.7309278350515465,0.7754868270332188,0.7416762342135477,0.7961985216473073,0.8475750577367206,0.7621832358674464,0.7210884353741497,0.7174638487208009,0.7210884353741497,0.7064439140811456,0.7219069239500567,0.7197231833910034,0.7174638487208009,0.7648376259798433,0.7654462242562929,0.75,0.7731733914940022,0.0,0.5562060889929743,0.0,0.0,0.0,0.5304568527918782,0.502623294858342,0.525934861278649,0.7611940298507462,0.7611940298507462,0.7213114754098361,0.6781376518218624,0.6781376518218624,0.7717287488061126,0.7277992277992278,0.7550058892815077,0.7550058892815077,0.7461077844311377,0.7916666666666666,0.7190635451505016,0.6625129802699896,0.6524390243902439,0.7808988764044944,0.6905574516496018,0.7596034696406444,0.7612966601178782,0.8059023836549376,0.7589928057553956,0.7844444444444445,0.7846320346320346,0.6525974025974026,0.6498388829215898,0.7391799544419134,0.7733175914994097,0.7844444444444445,0.7520184544405998
Escherichia coli_E,0.761854583772392,0.5217391304347826,0.5217391304347826,0.5217391304347826,0.5217391304347826,0.5217391304347826,0.5217391304347826,0.5217391304347826,0.5217391304347826,0.5217391304347826,0.5217391304347826,0.6522655426765016,0.6522655426765016,0.7412823397075365,0.8481262327416174,0.8481262327416174,0.5415318230852211,0.7776606954689147,0.7776606954689147,0.6446370530877573,0.7348008385744235,0.7348008385744235,0.8203356367226061,0.6196623634558094,0.616326530612245,0.608080808080808,0.7277716794731065,0.6680121089808275,0.5875402792696025,0.5875402792696025,0.8092672413793103,0.7616731517509727,0.7599225556631172,0.6877593360995851,0.6332644628099173,0.5862068965517242,0.5862068965517242,0.7087576374745417,0.8008849557522124,0.7258687258687259,0.7010816125860373,0.7694038245219348,0.7071362372567191,0.8009049773755657,0.7446592065106816,0.7404343329886246,0.7420765027322405,0.7435610302351624,0.7294736842105263,0.7619589977220956,0.7220956719817768,0.7294736842105263,0.7230941704035874,0.7147688838782413,0.7151965993623804,0.708803611738149,0.7449947312961012,0.7216610549943883,0.7230941704035874,0.7558268590455051,0.7467672413793103,0.7409502262443439,0.7147688838782413,0.7494432071269488,0.708803611738149,0.7405405405405405,0.7262032085561497,0.7252502780867631,0.727891156462585,0.763215859030837,0.7219069239500567,0.7452300785634118,0.6478711162255466,0.6478711162255466,0.6478711162255466,0.8404761904761905,0.6478711162255466,0.6478711162255466,0.7245632065775951,0.7309278350515465,0.7754868270332188,0.7416762342135477,0.7961985216473073,0.8475750577367206,0.7621832358674464,0.7210884353741497,0.7174638487208009,0.7210884353741497,0.7064439140811456,0.7219069239500567,0.7197231833910034,0.7174638487208009,0.7648376259798433,0.7654462242562929,0.75,0.7731733914940022,0.0,0.5562060889929743,0.0,0.0,0.0,0.5304568527918782,0.502623294858342,0.525934861278649,0.7611940298507462,0.7611940298507462,0.7213114754098361,0.6781376518218624,0.6781376518218624,0.7717287488061126,0.7277992277992278,0.7550058892815077,0.7550058892815077,0.7461077844311377,0.7916666666666666,0.7190635451505016,0.6625129802699896,0.6524390243902439,0.7808988764044944,0.6905574516496018,0.7596034696406444,0.7612966601178782,0.8059023836549376,0.7589928057553956,0.7844444444444445,0.7846320346320346,0.6525974025974026,0.6498388829215898,0.7391799544419134,0.7733175914994097,0.7844444444444445,0.7520184544405998
Escherichia albertii,0.6662303664921466,0.7171052631578947,0.7171052631578947,0.7171052631578947,0.7171052631578947,0.7171052631578947,0.7171052631578947,0.7171052631578947,0.7171052631578947,0.7171052631578947,0.7171052631578947,0.7859459459459459,0.7859459459459459,0.7108433734939759,0.8513053348467651,0.8513053348467651,0.7436974789915967,0.6631158455392809,0.6631158455392809,0.7887168141592921,0.721411192214112,0.721411192214112,0.8233295583238958,0.7684630738522954,0.6899563318777293,0.7440904419321686,0.627906976744186,0.8122448979591836,0.8245436105476673,0.8245436105476673,0.7017783857729138,0.7832244008714597,0.7785016286644951,0.7932535364526659,0.8188259109311741,0.8310546875,0.8310546875,0.8132337246531484,0.6855524079320113,0.7166482910694598,0.7239868565169769,0.7358490566037736,0.7239958805355304,0.7750677506775068,0.7708095781071835,0.6332046332046333,0.7531328320802005,0.7421875,0.7517814726840855,0.6448326055312955,0.7239101717305152,0.7517814726840855,0.716710182767624,0.7237354085603113,0.7523696682464455,0.711864406779661,0.6610608020698576,0.7233766233766235,0.716710182767624,0.6331444759206799,0.6186556927297668,0.6069868995633187,0.7237354085603113,0.6225071225071226,0.711864406779661,0.6775884665792923,0.7222222222222222,0.7142857142857143,0.7372549019607844,0.6361071932299013,0.7253613666228647,0.7441253263707572,0.7955082742316785,0.7955082742316785,0.7955082742316785,0.8005865102639296,0.7955082742316785,0.7955082742316785,0.7514384349827388,0.7572254335260116,0.6494082840236686,0.6494252873563218,0.7416879795396419,0.8157524613220816,0.7046511627906977,0.7244094488188977,0.5736766809728183,0.7244094488188977,0.5362776025236593,0.7118193891102258,0.7055630936227951,0.5736766809728183,0.6432664756446991,0.7180555555555556,0.7429340511440108,0.6707818930041152,0.5304568527918782,0.2712680577849117,0.5304568527918782,0.5304568527918782,0.5304568527918782,0.0,0.499409681227863,0.3700305810397554,0.7407912687585265,0.7407912687585265,0.7986798679867987,0.8070539419087137,0.8070539419087137,0.777056277056277,0.8106448311156602,0.6095679012345678,0.6095679012345678,0.7011661807580175,0.7492957746478873,0.7153945666235446,0.8021164021164021,0.7142857142857143,0.653623188405797,0.7259923175416133,0.7177541729893778,0.7653631284916201,0.7290780141843971,0.7242380261248186,0.7526595744680851,0.702013422818792,0.7953539823008849,0.779379157427938,0.7217741935483871,0.7439544807965861,0.7526595744680851,0.699438202247191
Hafnia alvei,0.6442105263157895,0.5581162324649298,0.5581162324649298,0.5581162324649298,0.5581162324649298,0.5581162324649298,0.5581162324649298,0.5581162324649298,0.5581162324649298,0.5581162324649298,0.5581162324649298,0.5347368421052632,0.5347368421052632,0.7112970711297071,0.798311444652908,0.798311444652908,0.5845410628019323,0.6876288659793814,0.6876288659793814,0.5427350427350428,0.6839481555333998,0.6839481555333998,0.7590132827324478,0.5820754716981131,0.4808686659772492,0.5237623762376238,0.6694560669456067,0.576961271102284,0.6765523632993513,0.6765523632993513,0.6959314775160599,0.6673076923076924,0.6749049429657794,0.5585774058577406,0.7028003613369467,0.6721014492753623,0.6721014492753623,0.6092648539778449,0.6817180616740088,0.582591493570722,0.4841437632135307,0.7453222453222453,0.5458052073288332,0.7768508863399375,0.7220113851992409,0.6348717948717948,0.7522211253701876,0.7550403225806451,0.7096774193548387,0.7068965517241379,0.7228541882109618,0.7096774193548387,0.7211440245148111,0.7432296890672017,0.7051909892262488,0.7315842583249244,0.6215644820295982,0.7467467467467468,0.7211440245148111,0.6830309498399146,0.6708333333333334,0.7108307045215563,0.7432296890672017,0.6477024070021882,0.7315842583249244,0.646186440677966,0.7327502429543246,0.7282828282828283,0.75,0.7138397502601457,0.7331288343558282,0.7565656565656566,0.6135629709364909,0.6135629709364909,0.6135629709364909,0.8197611292073833,0.6135629709364909,0.6135629709364909,0.7165876777251186,0.7236467236467237,0.7385272145144077,0.692972972972973,0.7109053497942387,0.8616803278688525,0.6100502512562814,0.7375381485249237,0.6148796498905909,0.7375381485249237,0.6655518394648829,0.7266187050359711,0.7247132429614181,0.6148796498905909,0.7172995780590717,0.7836734693877551,0.7215727948990436,0.6395604395604395,0.502623294858342,0.42757009345794394,0.502623294858342,0.502623294858342,0.502623294858342,0.499409681227863,0.0,0.5166666666666666,0.750524109014675,0.750524109014675,0.6591133004926109,0.5852442671984048,0.5852442671984048,0.6826741996233522,0.741424802110818,0.6779661016949152,0.6779661016949152,0.7763713080168777,0.745119305856833,0.6895119418483904,0.5689479060265576,0.49003147953830006,0.687842278203724,0.6481283422459894,0.7731277533039648,0.704995287464656,0.7432578209277239,0.7682403433476395,0.7413972888425443,0.7178423236514523,0.6071794871794871,0.5563751317175974,0.7171398527865405,0.7924528301886793,0.7413972888425443,0.6925601750547046
Klebsiella pneumoniae,0.6776556776556777,0.703781512605042,0.703781512605042,0.703781512605042,0.703781512605042,0.703781512605042,0.703781512605042,0.703781512605042,0.703781512605042,0.703781512605042,0.703781512605042,0.7699481865284974,0.7699481865284974,0.7065491183879093,0.8491978609625669,0.8491978609625669,0.7272727272727273,0.6863468634686347,0.6863468634686347,0.782563025210084,0.7183908045977012,0.7183908045977012,0.8215811965811965,0.7422480620155039,0.6833333333333333,0.7305034550839091,0.6459390862944163,0.7913385826771654,0.8103112840466926,0.8103112840466926,0.7305764411027569,0.7761658031088083,0.7742268041237114,0.7932098765432098,0.8231357552581262,0.8024691358024691,0.8024691358024691,0.8121212121212121,0.7066492829204694,0.7392197125256674,0.7497456765005086,0.7490636704119851,0.7337220602526725,0.7854454203262233,0.7746781115879828,0.6301703163017032,0.7467455621301775,0.7515151515151515,0.7527964205816555,0.6768617021276595,0.7220843672456576,0.7527964205816555,0.723170731707317,0.7327690447400241,0.758888888888889,0.7139364303178484,0.6885441527446301,0.7461077844311377,0.723170731707317,0.6807692307692308,0.6858895705521473,0.6723016905071522,0.7327690447400241,0.6558018252933507,0.7139364303178484,0.6993939393939395,0.7309468822170901,0.7270531400966184,0.7484811664641555,0.6849489795918368,0.7359413202933985,0.7563636363636363,0.7966666666666666,0.7966666666666666,0.7966666666666666,0.8255659121171771,0.7966666666666666,0.7966666666666666,0.7841269841269841,0.792152704135737,0.6990679094540613,0.6858638743455497,0.7582938388625593,0.8443877551020408,0.7454739084132056,0.7257072570725707,0.6166883963494133,0.7257072570725707,0.5848787446504993,0.7123287671232876,0.7113924050632912,0.6166883963494133,0.6749672346002622,0.7378516624040921,0.7587064676616915,0.7071339173967459,0.525934861278649,0.36766809728183114,0.525934861278649,0.525934861278649,0.525934861278649,0.3700305810397554,0.5166666666666666,0.0,0.7723880597014925,0.7723880597014925,0.8045501551189245,0.8098039215686275,0.8098039215686275,0.8,0.8097087378640777,0.6689655172413793,0.6689655172413793,0.7163978494623655,0.7555555555555555,0.6982758620689655,0.79313824419778,0.725206611570248,0.6899736147757256,0.7179176755447942,0.7304469273743017,0.7457081545064378,0.7516254876462939,0.7376171352074967,0.7412060301507537,0.7176616915422885,0.7863157894736842,0.7927461139896373,0.7053571428571428,0.7406914893617021,0.7412060301507537,0.7159533073929961
Akkermansia muciniphila,0.7696335078534031,0.7891231964483907,0.7891231964483907,0.7891231964483907,0.7891231964483907,0.7891231964483907,0.7891231964483907,0.7891231964483907,0.7891231964483907,0.7891231964483907,0.7891231964483907,0.7630331753554502,0.7630331753554502,0.7636363636363637,0.7976804123711341,0.7976804123711341,0.761640798226164,0.7223756906077348,0.7223756906077348,0.7252195734002509,0.6593103448275862,0.6593103448275862,0.7096774193548387,0.7123745819397993,0.7361894024802706,0.7070135746606334,0.7076923076923076,0.7412993039443155,0.7919463087248322,0.7919463087248322,0.7624466571834994,0.708955223880597,0.7118226600985222,0.7392900856793145,0.7977900552486188,0.7768052516411379,0.7768052516411379,0.7717003567181926,0.7194570135746606,0.7144549763033176,0.7588571428571429,0.702416918429003,0.75,0.7575301204819277,0.6644385026737968,0.7509529860228716,0.6142208774583964,0.6031496062992125,0.6793478260869565,0.7226386806596702,0.6118935837245696,0.6793478260869565,0.6006191950464397,0.6225266362252664,0.6657534246575343,0.5752351097178683,0.6342857142857143,0.5786163522012578,0.6006191950464397,0.723342939481268,0.7442489851150202,0.7126099706744868,0.6225266362252664,0.7404255319148936,0.5752351097178683,0.6160714285714286,0.6264367816091954,0.5447284345047924,0.5987361769352291,0.7093023255813953,0.5924170616113744,0.5688816855753647,0.7228260869565217,0.7228260869565217,0.7228260869565217,0.7102966841186736,0.7228260869565217,0.7228260869565217,0.6901041666666667,0.6825396825396826,0.6927899686520376,0.6333333333333333,0.6076923076923078,0.7176470588235294,0.6815286624203822,0.5914826498422713,0.7106741573033708,0.5914826498422713,0.7194570135746606,0.5990566037735849,0.5841423948220065,0.7106741573033708,0.686838124054463,0.7134146341463414,0.5797342192691031,0.7429378531073446,0.7611940298507462,0.7478042659974906,0.7611940298507462,0.7611940298507462,0.7611940298507462,0.7407912687585265,0.750524109014675,0.7723880597014925,0.0,0.0,0.7046035805626598,0.7473684210526316,0.7473684210526316,0.7135862913096696,0.7494226327944573,0.7411944869831546,0.7411944869831546,0.7352024922118381,0.7760968229954615,0.6255639097744361,0.7611764705882353,0.7224824355971897,0.7218045112781954,0.6529411764705882,0.6883561643835616,0.7533414337788579,0.7113564668769716,0.6577181208053691,0.7292899408284024,0.7439886845827439,0.7263556116015133,0.7079646017699115,0.7453237410071942,0.7378335949764521,0.7292899408284024,0.710806697108067
Akkermansia muciniphila_B,0.7696335078534031,0.7891231964483907,0.7891231964483907,0.7891231964483907,0.7891231964483907,0.7891231964483907,0.7891231964483907,0.7891231964483907,0.7891231964483907,0.7891231964483907,0.7891231964483907,0.7630331753554502,0.7630331753554502,0.7636363636363637,0.7976804123711341,0.7976804123711341,0.761640798226164,0.7223756906077348,0.7223756906077348,0.7252195734002509,0.6593103448275862,0.6593103448275862,0.7096774193548387,0.7123745819397993,0.7361894024802706,0.7070135746606334,0.7076923076923076,0.7412993039443155,0.7919463087248322,0.7919463087248322,0.7624466571834994,0.708955223880597,0.7118226600985222,0.7392900856793145,0.7977900552486188,0.7768052516411379,0.7768052516411379,0.7717003567181926,0.7194570135746606,0.7144549763033176,0.7588571428571429,0.702416918429003,0.75,0.7575301204819277,0.6644385026737968,0.7509529860228716,0.6142208774583964,0.6031496062992125,0.6793478260869565,0.7226386806596702,0.6118935837245696,0.6793478260869565,0.6006191950464397,0.6225266362252664,0.6657534246575343,0.5752351097178683,0.6342857142857143,0.5786163522012578,0.6006191950464397,0.723342939481268,0.7442489851150202,0.7126099706744868,0.6225266362252664,0.7404255319148936,0.5752351097178683,0.6160714285714286,0.6264367816091954,0.5447284345047924,0.5987361769352291,0.7093023255813953,0.5924170616113744,0.5688816855753647,0.7228260869565217,0.7228260869565217,0.7228260869565217,0.7102966841186736,0.7228260869565217,0.7228260869565217,0.6901041666666667,0.6825396825396826,0.6927899686520376,0.6333333333333333,0.6076923076923078,0.7176470588235294,0.6815286624203822,0.5914826498422713,0.7106741573033708,0.5914826498422713,0.7194570135746606,0.5990566037735849,0.5841423948220065,0.7106741573033708,0.686838124054463,0.7134146341463414,0.5797342192691031,0.7429378531073446,0.7611940298507462,0.7478042659974906,0.7611940298507462,0.7611940298507462,0.7611940298507462,0.7407912687585265,0.750524109014675,0.7723880597014925,0.0,0.0,0.7046035805626598,0.7473684210526316,0.7473684210526316,0.7135862913096696,0.7494226327944573,0.7411944869831546,0.7411944869831546,0.7352024922118381,0.7760968229954615,0.6255639097744361,0.7611764705882353,0.7224824355971897,0.7218045112781954,0.6529411764705882,0.6883561643835616,0.7533414337788579,0.7113564668769716,0.6577181208053691,0.7292899408284024,0.7439886845827439,0.7263556116015133,0.7079646017699115,0.7453237410071942,0.7378335949764521,0.7292899408284024,0.710806697108067
Erysipelatoclostridium ramosum,0.7567264573991032,0.6348862405200433,0.6348862405200433,0.6348862405200433,0.6348862405200433,0.6348862405200433,0.6348862405200433,0.6348862405200433,0.6348862405200433,0.6348862405200433,0.6348862405200433,0.4408740359897172,0.4408740359897172,0.6052980132450332,0.6706875753920386,0.6706875753920386,0.6275346851654215,0.7037914691943128,0.7037914691943128,0.5334158415841583,0.5084967320261438,0.5084967320261438,0.5261096605744126,0.5577342047930283,0.6604361370716512,0.5191873589164786,0.7607709750566893,0.49097472924187724,0.5806818181818182,0.5806818181818182,0.767497034400949,0.5699052132701421,0.5756154747948417,0.5726190476190476,0.5535097813578826,0.5375,0.5375,0.5160493827160494,0.721105527638191,0.6143646408839779,0.6747624076029567,0.6701164294954722,0.632716049382716,0.5573294629898404,0.5025641025641026,0.7284768211920529,0.7021531100478469,0.6881987577639752,0.7447744774477447,0.8318077803203661,0.7027027027027026,0.7447744774477447,0.7072289156626506,0.6981818181818182,0.728587319243604,0.7212336892052195,0.7582781456953642,0.6801968019680197,0.7072289156626506,0.8159371492704826,0.8317358892438764,0.8249158249158249,0.6981818181818182,0.8320441988950276,0.7212336892052195,0.7525539160045402,0.7039170506912442,0.7264150943396226,0.6995073891625616,0.813692480359147,0.6783042394014962,0.6882793017456359,0.6375921375921376,0.6375921375921376,0.6375921375921376,0.8005284015852048,0.6375921375921376,0.6375921375921376,0.7948717948717949,0.8136456211812627,0.805952380952381,0.7708830548926014,0.7394366197183099,0.8157560355781448,0.7205100956429331,0.7173913043478262,0.7619589977220956,0.7173913043478262,0.800942285041225,0.6961869618696187,0.7014925373134329,0.7619589977220956,0.8135011441647597,0.8124267291910903,0.7435582822085889,0.7757225433526012,0.7213114754098361,0.7598299681190224,0.7213114754098361,0.7213114754098361,0.7213114754098361,0.7986798679867987,0.6591133004926109,0.8045501551189245,0.7046035805626598,0.7046035805626598,0.0,0.37696335078534027,0.37696335078534027,0.6459489456159823,0.6848739495798319,0.7735148514851485,0.7735148514851485,0.646896551724138,0.701195219123506,0.6646115906288532,0.564042303172738,0.5746606334841629,0.7325870646766169,0.5981912144702842,0.7138927097661623,0.7314225053078556,0.7990255785627284,0.7512886597938144,0.636604774535809,0.8029445073612684,0.5132408575031526,0.5037688442211055,0.7163995067817509,0.7330729166666667,0.636604774535809,0.7090216010165185
Catenibacterium sp000437715,0.7383783783783784,0.6398348813209495,0.6398348813209495,0.6398348813209495,0.6398348813209495,0.6398348813209495,0.6398348813209495,0.6398348813209495,0.6398348813209495,0.6398348813209495,0.6398348813209495,0.30984042553191493,0.30984042553191493,0.6077694235588973,0.6464410735122521,0.6464410735122521,0.5686900958466454,0.695356738391846,0.695356738391846,0.45590062111801244,0.536019536019536,0.536019536019536,0.5291201982651796,0.4506726457399103,0.5870020964360587,0.42347525891829685,0.7323788546255506,0.40969696969696967,0.4872685185185185,0.4872685185185185,0.7701793721973094,0.52046783625731,0.5283236994219653,0.4928057553956835,0.49885844748858443,0.4396751740139211,0.4396751740139211,0.4347826086956522,0.7341176470588235,0.6290491118077325,0.5394883203559511,0.700956937799043,0.5701030927835051,0.6066225165562914,0.5404761904761906,0.7487073422957601,0.7084745762711864,0.796976241900648,0.7365648050579557,0.8397849462365592,0.749719416386083,0.7365648050579557,0.7544052863436124,0.7722342733188721,0.7236981934112646,0.759825327510917,0.7977642276422764,0.7234762979683973,0.7544052863436124,0.843035343035343,0.8141683778234086,0.8181818181818181,0.7722342733188721,0.8433609958506224,0.759825327510917,0.7960457856399583,0.7454931071049842,0.7763440860215054,0.7239404352806414,0.8201058201058201,0.7222857142857143,0.7226697353279632,0.5939759036144578,0.5939759036144578,0.5939759036144578,0.8347406513872135,0.5939759036144578,0.5939759036144578,0.7911764705882353,0.8126213592233009,0.8224195338512763,0.7802690582959642,0.7827956989247312,0.8157894736842105,0.717479674796748,0.7678767876787679,0.756786102062975,0.7678767876787679,0.7977653631284916,0.7577777777777778,0.759009009009009,0.756786102062975,0.7860310421286031,0.8113207547169812,0.7605956471935853,0.7805676855895196,0.6781376518218624,0.7700803212851406,0.6781376518218624,0.6781376518218624,0.6781376518218624,0.8070539419087137,0.5852442671984048,0.8098039215686275,0.7473684210526316,0.7473684210526316,0.37696335078534027,0.0,0.0,0.597145993413831,0.6166842661034847,0.7886836027713626,0.7886836027713626,0.6628056628056629,0.7050000000000001,0.6670560747663552,0.44282238442822386,0.4850574712643678,0.7476744186046511,0.6376638855780692,0.7710396039603961,0.7188139059304703,0.8136363636363636,0.7788347205707491,0.6723716381418092,0.8238396624472574,0.4479297365119197,0.3413014608233732,0.7265353418308227,0.7623049219687875,0.6723716381418092,0.7334905660377358
Catenibacterium mitsuokai,0.7383783783783784,0.6398348813209495,0.6398348813209495,0.6398348813209495,0.6398348813209495,0.6398348813209495,0.6398348813209495,0.6398348813209495,0.6398348813209495,0.6398348813209495,0.6398348813209495,0.30984042553191493,0.30984042553191493,0.6077694235588973,0.6464410735122521,0.6464410735122521,0.5686900958466454,0.695356738391846,0.695356738391846,0.45590062111801244,0.536019536019536,0.536019536019536,0.5291201982651796,0.4506726457399103,0.5870020964360587,0.42347525891829685,0.7323788546255506,0.40969696969696967,0.4872685185185185,0.4872685185185185,0.7701793721973094,0.52046783625731,0.5283236994219653,0.4928057553956835,0.49885844748858443,0.4396751740139211,0.4396751740139211,0.4347826086956522,0.7341176470588235,0.6290491118077325,0.5394883203559511,0.700956937799043,0.5701030927835051,0.6066225165562914,0.5404761904761906,0.7487073422957601,0.7084745762711864,0.796976241900648,0.7365648050579557,0.8397849462365592,0.749719416386083,0.7365648050579557,0.7544052863436124,0.7722342733188721,0.7236981934112646,0.759825327510917,0.7977642276422764,0.7234762979683973,0.7544052863436124,0.843035343035343,0.8141683778234086,0.8181818181818181,0.7722342733188721,0.8433609958506224,0.759825327510917,0.7960457856399583,0.7454931071049842,0.7763440860215054,0.7239404352806414,0.8201058201058201,0.7222857142857143,0.7226697353279632,0.5939759036144578,0.5939759036144578,0.5939759036144578,0.8347406513872135,0.5939759036144578,0.5939759036144578,0.7911764705882353,0.8126213592233009,0.8224195338512763,0.7802690582959642,0.7827956989247312,0.8157894736842105,0.717479674796748,0.7678767876787679,0.756786102062975,0.7678767876787679,0.7977653631284916,0.7577777777777778,0.759009009009009,0.756786102062975,0.7860310421286031,0.8113207547169812,0.7605956471935853,0.7805676855895196,0.6781376518218624,0.7700803212851406,0.6781376518218624,0.6781376518218624,0.6781376518218624,0.8070539419087137,0.5852442671984048,0.8098039215686275,0.7473684210526316,0.7473684210526316,0.37696335078534027,0.0,0.0,0.597145993413831,0.6166842661034847,0.7886836027713626,0.7886836027713626,0.6628056628056629,0.7050000000000001,0.6670560747663552,0.44282238442822386,0.4850574712643678,0.7476744186046511,0.6376638855780692,0.7710396039603961,0.7188139059304703,0.8136363636363636,0.7788347205707491,0.6723716381418092,0.8238396624472574,0.4479297365119197,0.3413014608233732,0.7265353418308227,0.7623049219687875,0.6723716381418092,0.7334905660377358
Holdemania filiformis,0.6921322690992018,0.7531219980787704,0.7531219980787704,0.7531219980787704,0.7531219980787704,0.7531219980787704,0.7531219980787704,0.7531219980787704,0.7531219980787704,0.7531219980787704,0.7531219980787704,0.6282894736842105,0.6282894736842105,0.699642431466031,0.7608695652173914,0.7608695652173914,0.7509433962264151,0.7491712707182321,0.7491712707182321,0.6633879781420765,0.6290697674418604,0.6290697674418604,0.6156583629893239,0.6878612716763006,0.7094266277939747,0.6349848331648129,0.7488938053097345,0.6122448979591837,0.7181274900398407,0.7181274900398407,0.7857948139797069,0.5787671232876712,0.5857787810383748,0.6612554112554112,0.7353515625,0.7073170731707317,0.7073170731707317,0.6974789915966386,0.772093023255814,0.6856561546286877,0.6642561983471074,0.7502930832356389,0.6943648519579751,0.729064039408867,0.6105990783410138,0.7093275488069415,0.713631156930126,0.7468499427262314,0.6494845360824743,0.8233333333333334,0.715962441314554,0.6494845360824743,0.7200460829493087,0.7291428571428571,0.637831603229527,0.7187141216991964,0.7331154684095861,0.683649289099526,0.7200460829493087,0.8106637649619151,0.8077731092436975,0.8116100766703176,0.7291428571428571,0.814935064935065,0.7187141216991964,0.7352614015572858,0.7063403781979978,0.7508379888268156,0.6945107398568019,0.814935064935065,0.6912991656734208,0.6961722488038278,0.7339955849889624,0.7339955849889624,0.7339955849889624,0.821917808219178,0.7339955849889624,0.7339955849889624,0.7311715481171548,0.7363445378151261,0.8197278911564626,0.7667436489607391,0.7291428571428571,0.8285024154589372,0.6276243093922652,0.7457240592930445,0.7430167597765363,0.7457240592930445,0.7677946324387398,0.7097532314923619,0.7103694874851013,0.7430167597765363,0.7866817155756207,0.7988571428571428,0.7127272727272727,0.7687991021324354,0.7717287488061126,0.7447916666666667,0.7717287488061126,0.7717287488061126,0.7717287488061126,0.777056277056277,0.6826741996233522,0.8,0.7135862913096696,0.7135862913096696,0.6459489456159823,0.597145993413831,0.597145993413831,0.0,0.43825665859564167,0.7793594306049823,0.7793594306049823,0.7466174661746617,0.7220125786163523,0.6590909090909092,0.5842696629213483,0.6563146997929606,0.7187878787878788,0.6741440377804014,0.7730138713745272,0.7570564516129032,0.7952941176470588,0.8026159334126041,0.71875,0.8174946004319654,0.6913978494623656,0.574245939675174,0.7320799059929495,0.7640586797066015,0.71875,0.7083333333333333
Holdemanella biformis,0.7100656455142231,0.7037037037037037,0.7037037037037037,0.7037037037037037,0.7037037037037037,0.7037037037037037,0.7037037037037037,0.7037037037037037,0.7037037037037037,0.7037037037037037,0.7037037037037037,0.6663201663201663,0.6663201663201663,0.6741440377804014,0.7967145790554415,0.7967145790554415,0.6692836113837095,0.7643312101910829,0.7643312101910829,0.7114989733059549,0.6347237880496054,0.6347237880496054,0.620253164556962,0.7257769652650823,0.7534372135655362,0.6986817325800376,0.7386117136659436,0.6462167689161554,0.6288981288981289,0.6288981288981289,0.7732300884955752,0.5570621468926553,0.5816777041942605,0.6917525773195876,0.6220145379023884,0.627906976744186,0.627906976744186,0.700715015321757,0.7407407407407407,0.703232125367287,0.681592039800995,0.7422680412371134,0.7235401459854014,0.7055961070559611,0.6213808463251671,0.733678756476684,0.7265711135611908,0.8034006376195537,0.7385416666666667,0.8491561181434599,0.7734204793028323,0.7385416666666667,0.7669902912621359,0.7764705882352941,0.715042372881356,0.7642626480086114,0.7756147540983607,0.7342192691029901,0.7669902912621359,0.8269030239833159,0.8055271238485159,0.8167372881355932,0.7764705882352941,0.8345398138572906,0.7642626480086114,0.7835587929240375,0.75,0.7791932059447984,0.7461024498886415,0.8272632674297606,0.7444444444444445,0.742152466367713,0.7993890020366599,0.7993890020366599,0.7993890020366599,0.8287425149700599,0.7993890020366599,0.7993890020366599,0.639344262295082,0.6576086956521738,0.8487124463519313,0.7925356750823271,0.7764705882352941,0.8308051341890315,0.6973415132924335,0.7709011943539631,0.7625668449197861,0.7709011943539631,0.8122270742358079,0.7555066079295154,0.758082497212932,0.7625668449197861,0.7861842105263158,0.8241042345276873,0.7425287356321839,0.7754880694143167,0.7277992277992278,0.7703777335984096,0.7277992277992278,0.7277992277992278,0.7277992277992278,0.8106448311156602,0.741424802110818,0.8097087378640777,0.7494226327944573,0.7494226327944573,0.6848739495798319,0.6166842661034847,0.6166842661034847,0.43825665859564167,0.0,0.790193842645382,0.790193842645382,0.7488095238095238,0.7464114832535885,0.6716589861751152,0.6167023554603854,0.6986301369863014,0.7482758620689656,0.6784897025171625,0.7891566265060241,0.7859884836852207,0.8161434977578476,0.8139269406392694,0.7379310344827585,0.8111814345991561,0.7658102766798419,0.6440860215053763,0.7200460829493087,0.7900232018561485,0.7379310344827585,0.7372093023255815
Streptococcus salivarius,0.6153846153846154,0.7058111380145278,0.7058111380145278,0.7058111380145278,0.7058111380145278,0.7058111380145278,0.7058111380145278,0.7058111380145278,0.7058111380145278,0.7058111380145278,0.7058111380145278,0.7789725209080047,0.7789725209080047,0.7134328358208955,0.8199481865284974,0.8199481865284974,0.7428243398392652,0.668141592920354,0.668141592920354,0.7621419676214196,0.7282463186077643,0.7282463186077643,0.7958921694480103,0.7817204301075269,0.6822541966426858,0.7599557522123894,0.5993788819875776,0.7892938496583144,0.8218262806236081,0.8218262806236081,0.6388443017656501,0.7714631197097944,0.7824019024970273,0.7677261613691931,0.804932735426009,0.808695652173913,0.808695652173913,0.800711743772242,0.6170568561872909,0.6844059405940595,0.6896551724137931,0.7337367624810893,0.7535596933187294,0.7511664074650077,0.7772215269086358,0.5929721815519766,0.790257104194858,0.7695590327169275,0.7882653061224489,0.6504065040650406,0.7553956834532374,0.7882653061224489,0.7559943582510578,0.7528248587570622,0.7857142857142857,0.7542134831460674,0.620384047267356,0.7629733520336606,0.7559943582510578,0.6131621187800963,0.6125574272588055,0.6369426751592357,0.7528248587570622,0.6362204724409448,0.7542134831460674,0.6587887740029542,0.7661822985468957,0.7425742574257426,0.7713068181818181,0.640502354788069,0.7585714285714286,0.7539797395079595,0.8124191461836998,0.8124191461836998,0.8124191461836998,0.7398945518453427,0.8124191461836998,0.8124191461836998,0.7384615384615385,0.7399741267787839,0.6688524590163935,0.5922818791946309,0.7033773861967695,0.7911908646003263,0.735330836454432,0.7662889518413598,0.6526315789473685,0.7662889518413598,0.6420361247947455,0.7514367816091954,0.7583697234352256,0.6526315789473685,0.6613924050632911,0.7392638036809815,0.7301829268292683,0.6309148264984228,0.7550058892815077,0.6292134831460674,0.7550058892815077,0.7550058892815077,0.7550058892815077,0.6095679012345678,0.6779661016949152,0.6689655172413793,0.7411944869831546,0.7411944869831546,0.7735148514851485,0.7886836027713626,0.7886836027713626,0.7793594306049823,0.790193842645382,0.0,0.0,0.5636363636363637,0.7119476268412439,0.7146974063400576,0.7784360189573459,0.6867321867321867,0.6176961602671118,0.6948905109489051,0.7238421955403087,0.799043062200957,0.5879218472468917,0.6946308724832215,0.7279635258358663,0.605475040257649,0.7802469135802469,0.7484355444305382,0.7573099415204678,0.7201309328968903,0.7279635258358663,0.6966824644549763
Streptococcus sp001556435,0.6153846153846154,0.7058111380145278,0.7058111380145278,0.7058111380145278,0.7058111380145278,0.7058111380145278,0.7058111380145278,0.7058111380145278,0.7058111380145278,0.7058111380145278,0.7058111380145278,0.7789725209080047,0.7789725209080047,0.7134328358208955,0.8199481865284974,0.8199481865284974,0.7428243398392652,0.668141592920354,0.668141592920354,0.7621419676214196,0.7282463186077643,0.7282463186077643,0.7958921694480103,0.7817204301075269,0.6822541966426858,0.7599557522123894,0.5993788819875776,0.7892938496583144,0.8218262806236081,0.8218262806236081,0.6388443017656501,0.7714631197097944,0.7824019024970273,0.7677261613691931,0.804932735426009,0.808695652173913,0.808695652173913,0.800711743772242,0.6170568561872909,0.6844059405940595,0.6896551724137931,0.7337367624810893,0.7535596933187294,0.7511664074650077,0.7772215269086358,0.5929721815519766,0.790257104194858,0.7695590327169275,0.7882653061224489,0.6504065040650406,0.7553956834532374,0.7882653061224489,0.7559943582510578,0.7528248587570622,0.7857142857142857,0.7542134831460674,0.620384047267356,0.7629733520336606,0.7559943582510578,0.6131621187800963,0.6125574272588055,0.6369426751592357,0.7528248587570622,0.6362204724409448,0.7542134831460674,0.6587887740029542,0.7661822985468957,0.7425742574257426,0.7713068181818181,0.640502354788069,0.7585714285714286,0.7539797395079595,0.8124191461836998,0.8124191461836998,0.8124191461836998,0.7398945518453427,0.8124191461836998,0.8124191461836998,0.7384615384615385,0.7399741267787839,0.6688524590163935,0.5922818791946309,0.7033773861967695,0.7911908646003263,0.735330836454432,0.7662889518413598,0.6526315789473685,0.7662889518413598,0.6420361247947455,0.7514367816091954,0.7583697234352256,0.6526315789473685,0.6613924050632911,0.7392638036809815,0.7301829268292683,0.6309148264984228,0.7550058892815077,0.6292134831460674,0.7550058892815077,0.7550058892815077,0.7550058892815077,0.6095679012345678,0.6779661016949152,0.6689655172413793,0.7411944869831546,0.7411944869831546,0.7735148514851485,0.7886836027713626,0.7886836027713626,0.7793594306049823,0.790193842645382,0.0,0.0,0.5636363636363637,0.7119476268412439,0.7146974063400576,0.7784360189573459,0.6867321867321867,0.6176961602671118,0.6948905109489051,0.7238421955403087,0.799043062200957,0.5879218472468917,0.6946308724832215,0.7279635258358663,0.605475040257649,0.7802469135802469,0.7484355444305382,0.7573099415204678,0.7201309328968903,0.7279635258358663,0.6966824644549763
Streptococcus thermophilus,0.7265077138849929,0.7771362586605081,0.7771362586605081,0.7771362586605081,0.7771362586605081,0.7771362586605081,0.7771362586605081,0.7771362586605081,0.7771362586605081,0.7771362586605081,0.7771362586605081,0.6631439894319683,0.6631439894319683,0.5680672268907563,0.690406976744186,0.690406976744186,0.7836322869955157,0.7440225035161744,0.7440225035161744,0.7464968152866243,0.6217008797653959,0.6217008797653959,0.6892655367231638,0.6926658905704307,0.7764044943820225,0.7111368909512761,0.7329545454545454,0.7404306220095693,0.7373493975903614,0.7373493975903614,0.7994269340974212,0.6675496688741722,0.6745098039215687,0.7799511002444988,0.7121951219512195,0.7283372365339578,0.7283372365339578,0.7166666666666667,0.7526717557251908,0.791044776119403,0.7885057471264367,0.6789137380191693,0.7765726681127982,0.5939716312056738,0.6807639836289223,0.7252010723860589,0.7636363636363637,0.7554585152838428,0.761528326745718,0.7519025875190259,0.7276785714285714,0.761528326745718,0.7325581395348837,0.7347826086956522,0.7588932806324111,0.7435530085959885,0.7630522088353413,0.7380607814761215,0.7325581395348837,0.7441176470588236,0.7641379310344828,0.7485207100591715,0.7347826086956522,0.7503649635036497,0.7435530085959885,0.7715458276333789,0.7342465753424657,0.746077032810271,0.735207100591716,0.7521865889212828,0.712143928035982,0.7317436661698957,0.7828418230563002,0.7828418230563002,0.7828418230563002,0.7746967071057193,0.7828418230563002,0.7828418230563002,0.8349282296650717,0.8441247002398081,0.7642526964560863,0.720679012345679,0.8057455540355677,0.7877280265339967,0.8116113744075829,0.7539797395079595,0.7215007215007214,0.7539797395079595,0.6990445859872612,0.7292899408284024,0.7342342342342343,0.7215007215007214,0.7098765432098766,0.7070063694267517,0.762406015037594,0.7636887608069164,0.7461077844311377,0.7255936675461742,0.7461077844311377,0.7461077844311377,0.7461077844311377,0.7011661807580175,0.7763713080168777,0.7163978494623655,0.7352024922118381,0.7352024922118381,0.646896551724138,0.6628056628056629,0.6628056628056629,0.7466174661746617,0.7488095238095238,0.5636363636363637,0.5636363636363637,0.0,0.6247787610619469,0.6756756756756757,0.7441574415744158,0.7347670250896057,0.7298136645962733,0.6845238095238095,0.6845878136200717,0.7652173913043478,0.7152209492635024,0.6983050847457627,0.6375617792421746,0.7594202898550725,0.6657571623465212,0.6657681940700808,0.7136294027565084,0.6848381601362862,0.6375617792421746,0.7364341085271318
Adlercreutzia celatus_A,0.6472346786248131,0.7677946324387398,0.7677946324387398,0.7677946324387398,0.7677946324387398,0.7677946324387398,0.7677946324387398,0.7677946324387398,0.7677946324387398,0.7677946324387398,0.7677946324387398,0.6688654353562005,0.6688654353562005,0.5943708609271523,0.7630853994490359,0.7630853994490359,0.7462340672074159,0.6453576864535768,0.6453576864535768,0.7309184993531694,0.6556671449067432,0.6556671449067432,0.69901547116737,0.7624309392265194,0.802646085997795,0.7351598173515982,0.7720994475138121,0.7379807692307692,0.7409638554216867,0.7409638554216867,0.7290715372907154,0.6854521625163827,0.70550576184379,0.711139896373057,0.7111383108935129,0.7183431952662722,0.7183431952662722,0.7302798982188294,0.6955128205128205,0.7410071942446044,0.7443249701314217,0.5669565217391304,0.7582781456953642,0.5714285714285714,0.6972972972972973,0.7137042062415198,0.8174496644295302,0.8117154811715481,0.7956298200514139,0.7545731707317074,0.7793696275071633,0.7956298200514139,0.7743300423131171,0.804945054945055,0.8053435114503817,0.78442280945758,0.7897503285151117,0.7896935933147633,0.7743300423131171,0.772005772005772,0.7767123287671233,0.7693430656934307,0.804945054945055,0.7673410404624277,0.78442280945758,0.7839673913043479,0.7865612648221344,0.7799442896935933,0.7687861271676301,0.7814285714285714,0.7630057803468209,0.7763347763347763,0.8200782268578879,0.8200782268578879,0.8200782268578879,0.7450980392156863,0.8200782268578879,0.8200782268578879,0.8412887828162291,0.8518518518518519,0.7707692307692308,0.7484848484848485,0.7916666666666666,0.7661016949152543,0.7775061124694377,0.788135593220339,0.6661631419939578,0.788135593220339,0.6996805111821086,0.7647907647907648,0.7592319054652881,0.6661631419939578,0.7282442748091603,0.7437888198757764,0.7480916030534351,0.6385350318471338,0.7916666666666666,0.7108433734939759,0.7916666666666666,0.7916666666666666,0.7916666666666666,0.7492957746478873,0.745119305856833,0.7555555555555555,0.7760968229954615,0.7760968229954615,0.701195219123506,0.7050000000000001,0.7050000000000001,0.7220125786163523,0.7464114832535885,0.7119476268412439,0.7119476268412439,0.6247787610619469,0.0,0.6821589205397302,0.7354037267080745,0.72,0.6595394736842105,0.6889880952380952,0.7107583774250441,0.7471554993678888,0.6966666666666667,0.6923076923076923,0.5866209262435678,0.7362962962962962,0.748395378690629,0.7114882506527416,0.600334448160535,0.707563025210084,0.5866209262435678,0.5951557093425606
Bifidobacterium longum,0.6745406824146982,0.7027932960893855,0.7027932960893855,0.7027932960893855,0.7027932960893855,0.7027932960893855,0.7027932960893855,0.7027932960893855,0.7027932960893855,0.7027932960893855,0.7027932960893855,0.6800947867298579,0.6800947867298579,0.6582278481012658,0.8102016607354685,0.8102016607354685,0.691289966923925,0.6786188579017265,0.6786188579017265,0.655940594059406,0.6180371352785146,0.6180371352785146,0.6845466155810984,0.7091675447839831,0.7221030042918455,0.6743169398907104,0.6781914893617021,0.6739380022962113,0.7334801762114538,0.7334801762114538,0.659058487874465,0.647130647130647,0.6390243902439025,0.6889153754469607,0.7288693743139407,0.728051391862955,0.728051391862955,0.7174418604651163,0.6622998544395924,0.6647398843930636,0.7169811320754718,0.6457725947521866,0.7133891213389121,0.6701337295690937,0.6364795918367347,0.6465295629820051,0.67828418230563,0.6763485477178424,0.7167487684729064,0.7523680649526387,0.6854395604395604,0.7167487684729064,0.6748299319727891,0.6607142857142857,0.7063197026022305,0.6383866481223922,0.7045454545454546,0.6490984743411927,0.6748299319727891,0.7236315086782377,0.7205128205128205,0.7410358565737052,0.6607142857142857,0.7427821522309711,0.6383866481223922,0.6979166666666667,0.6761290322580645,0.6375,0.6763485477178424,0.7477124183006536,0.667128987517337,0.6763888888888889,0.7375,0.7375,0.7375,0.7834586466165414,0.7375,0.7375,0.7575057736720554,0.76905311778291,0.7426981919332406,0.6756756756756757,0.7221494102228048,0.8133903133903134,0.6782296650717703,0.6771978021978022,0.6539509536784741,0.6771978021978022,0.7253814147018031,0.679945054945055,0.6875,0.6539509536784741,0.6935933147632312,0.7375690607734806,0.6747851002865329,0.6758620689655173,0.7190635451505016,0.6666666666666667,0.7190635451505016,0.7190635451505016,0.7190635451505016,0.7153945666235446,0.6895119418483904,0.6982758620689655,0.6255639097744361,0.6255639097744361,0.6646115906288532,0.6670560747663552,0.6670560747663552,0.6590909090909092,0.6716589861751152,0.7146974063400576,0.7146974063400576,0.6756756756756757,0.6821589205397302,0.0,0.5106100795755968,0.5340909090909092,0.5137318255250404,0.3087478559176673,0.7158218125960061,0.7459954233409611,0.7328571428571429,0.6976047904191617,0.689703808180536,0.7526041666666666,0.7188612099644128,0.6332916145181477,0.6751054852320675,0.7032640949554896,0.689703808180536,0.6292974588938715
Bifidobacterium pseudocatenulatum,0.7415115005476451,0.6472424557752341,0.6472424557752341,0.6472424557752341,0.6472424557752341,0.6472424557752341,0.6472424557752341,0.6472424557752341,0.6472424557752341,0.6472424557752341,0.6472424557752341,0.48488512696493347,0.48488512696493347,0.7201405152224825,0.7464324917672887,0.7464324917672887,0.61875,0.766050054406964,0.766050054406964,0.4987745098039216,0.6670428893905191,0.6670428893905191,0.711135611907387,0.5776850886339937,0.5805763073639274,0.5399568034557236,0.741111111111111,0.4296116504854369,0.6109913793103448,0.6109913793103448,0.7654462242562929,0.6341730558598029,0.6269146608315099,0.5319905213270142,0.6304118268215417,0.6119246861924685,0.6119246861924685,0.5490654205607477,0.741973840665874,0.6407563025210083,0.5706401766004415,0.7375886524822695,0.6199596774193548,0.7107231920199502,0.6912242686890574,0.7305644302449414,0.7402015677491601,0.7587768969422424,0.7204767063921993,0.8171683389074693,0.750285062713797,0.7204767063921993,0.7466216216216216,0.732650739476678,0.7099236641221374,0.7324263038548753,0.7671957671957672,0.7147806004618937,0.7466216216216216,0.7900552486187845,0.7787325456498388,0.8054945054945055,0.732650739476678,0.807608695652174,0.7324263038548753,0.7739504843918191,0.7432578209277239,0.7527839643652561,0.7387802071346374,0.8153347732181425,0.7268518518518519,0.7390300230946882,0.5708955223880596,0.5708955223880596,0.5708955223880596,0.8194271481942714,0.5708955223880596,0.5708955223880596,0.7874251497005988,0.795,0.8267716535433071,0.7672811059907834,0.7663344407530455,0.8564705882352941,0.7041666666666666,0.7687150837988826,0.744988864142539,0.7687150837988826,0.7977272727272727,0.7471526195899771,0.7525891829689297,0.744988864142539,0.7912457912457913,0.8155230596175478,0.7423167848699763,0.7511363636363636,0.6625129802699896,0.7633196721311475,0.6625129802699896,0.6625129802699896,0.6625129802699896,0.8021164021164021,0.5689479060265576,0.79313824419778,0.7611764705882353,0.7611764705882353,0.564042303172738,0.44282238442822386,0.44282238442822386,0.5842696629213483,0.6167023554603854,0.7784360189573459,0.7784360189573459,0.7441574415744158,0.7354037267080745,0.5106100795755968,0.0,0.3375959079283888,0.6353092783505154,0.5158311345646438,0.7766624843161857,0.7281153450051494,0.795774647887324,0.8016627078384798,0.7450058754406581,0.8089033659066233,0.5488095238095239,0.4338422391857506,0.7415599534342259,0.7824519230769231,0.7450058754406581,0.7398568019093079
Bifidobacterium catenulatum,0.6854928017718716,0.5705128205128205,0.5705128205128205,0.5705128205128205,0.5705128205128205,0.5705128205128205,0.5705128205128205,0.5705128205128205,0.5705128205128205,0.5705128205128205,0.5705128205128205,0.5005807200929152,0.5005807200929152,0.7306397306397306,0.7486744432661718,0.7486744432661718,0.5190010857763301,0.6482122260668973,0.6482122260668973,0.49821640903686093,0.6545253863134658,0.6545253863134658,0.7090909090909091,0.5576131687242798,0.5130434782608695,0.5133689839572193,0.6813063063063063,0.49321266968325794,0.61337513061651,0.61337513061651,0.6827830188679245,0.6430834213305174,0.6403785488958991,0.5422374429223744,0.6363636363636364,0.6212121212121212,0.6212121212121212,0.5666293393057111,0.6699029126213591,0.5934530095036958,0.5039281705948373,0.728735632183908,0.5205047318611987,0.7037484885126966,0.7034339229968782,0.6527929901423877,0.7386117136659436,0.7552140504939626,0.7208814270724029,0.7482915717539863,0.7469613259668508,0.7208814270724029,0.7337733773377337,0.7298787210584343,0.7051961823966066,0.7226519337016575,0.6952277657266811,0.7125279642058165,0.7337733773377337,0.7110352673492606,0.7406216505894962,0.728813559322034,0.7298787210584343,0.75,0.7226519337016575,0.7108433734939759,0.7403141361256544,0.7288693743139407,0.734375,0.7402885682574917,0.7242152466367713,0.7289088863892014,0.5681544028950543,0.5681544028950543,0.5681544028950543,0.7901840490797546,0.5681544028950543,0.5681544028950543,0.7279187817258883,0.7380710659898477,0.7444831591173054,0.705607476635514,0.7128491620111732,0.8296639629200464,0.5927552140504939,0.7568157033805889,0.6639908256880733,0.7568157033805889,0.7300115874855156,0.7383592017738358,0.742152466367713,0.6639908256880733,0.7329545454545454,0.8063457330415755,0.7391304347826086,0.687066974595843,0.6524390243902439,0.675531914893617,0.6524390243902439,0.6524390243902439,0.6524390243902439,0.7142857142857143,0.49003147953830006,0.725206611570248,0.7224824355971897,0.7224824355971897,0.5746606334841629,0.4850574712643678,0.4850574712643678,0.6563146997929606,0.6986301369863014,0.6867321867321867,0.6867321867321867,0.7347670250896057,0.72,0.5340909090909092,0.3375959079283888,0.0,0.5074829931972789,0.47973856209150323,0.7824519230769231,0.7408506429277943,0.7482352941176471,0.7768691588785046,0.730195177956372,0.7388888888888889,0.5383720930232558,0.4618181818181818,0.758046614872364,0.7606132075471699,0.730195177956372,0.699167657550535
Bifidobacterium ruminantium,0.6209912536443148,0.6956004756242569,0.6956004756242569,0.6956004756242569,0.6956004756242569,0.6956004756242569,0.6956004756242569,0.6956004756242569,0.6956004756242569,0.6956004756242569,0.6956004756242569,0.7485101311084624,0.7485101311084624,0.7045123726346434,0.8291770573566085,0.8291770573566085,0.6880841121495327,0.5786259541984733,0.5786259541984733,0.7382716049382716,0.680161943319838,0.680161943319838,0.7551546391752577,0.794392523364486,0.7265536723163841,0.7428884026258206,0.6560693641618497,0.7328687572590011,0.7825112107623319,0.7825112107623319,0.6355140186915889,0.7376058041112454,0.7416267942583732,0.7241379310344828,0.7666290868094701,0.7729257641921398,0.7729257641921398,0.7747641509433962,0.6006546644844517,0.667887667887668,0.6922155688622755,0.675344563552833,0.7186813186813187,0.6872037914691943,0.7358490566037736,0.5951704545454546,0.7916120576671035,0.7916102841677943,0.8087697929354446,0.7019667170953101,0.7833787465940054,0.8087697929354446,0.7882822902796272,0.7788203753351206,0.8004895960832313,0.7534059945504087,0.7173333333333334,0.7619047619047619,0.7882822902796272,0.6706408345752608,0.7027777777777777,0.6942392909896602,0.7788203753351206,0.6910688140556369,0.7534059945504087,0.726530612244898,0.7853535353535354,0.7608108108108108,0.7899728997289973,0.6986899563318778,0.7829036635006784,0.7888283378746594,0.8130489335006273,0.8130489335006273,0.8130489335006273,0.7665562913907285,0.8130489335006273,0.8130489335006273,0.7718446601941747,0.7839805825242718,0.6708860759493671,0.655813953488372,0.7364771151178918,0.8277439024390244,0.6954887218045113,0.7997329773030708,0.608433734939759,0.7997329773030708,0.6619718309859155,0.7661623108665749,0.7763888888888889,0.608433734939759,0.7109144542772861,0.7716763005780347,0.7682403433476395,0.584518167456556,0.7808988764044944,0.6113416320885201,0.7808988764044944,0.7808988764044944,0.7808988764044944,0.653623188405797,0.687842278203724,0.6899736147757256,0.7218045112781954,0.7218045112781954,0.7325870646766169,0.7476744186046511,0.7476744186046511,0.7187878787878788,0.7482758620689656,0.6176961602671118,0.6176961602671118,0.7298136645962733,0.6595394736842105,0.5137318255250404,0.6353092783505154,0.5074829931972789,0.0,0.554858934169279,0.7364975450081833,0.7957992998833139,0.6915739268680445,0.6936790923824959,0.7050898203592815,0.6852941176470588,0.7744270205066345,0.7069182389937108,0.7163742690058479,0.722397476340694,0.7050898203592815,0.6152597402597403
Bifidobacterium bifidum,0.699228791773779,0.6708571428571428,0.6708571428571428,0.6708571428571428,0.6708571428571428,0.6708571428571428,0.6708571428571428,0.6708571428571428,0.6708571428571428,0.6708571428571428,0.6708571428571428,0.648910411622276,0.648910411622276,0.6904109589041096,0.7978468899521531,0.7978468899521531,0.6715083798882682,0.7035110533159947,0.7035110533159947,0.6433915211970075,0.6245059288537549,0.6245059288537549,0.6870229007633588,0.6932907348242812,0.6933187294633079,0.62400906002265,0.7148387096774194,0.627520759193357,0.6834285714285715,0.6834285714285715,0.7113543091655267,0.675417661097852,0.687793427230047,0.6609963547995139,0.7111111111111111,0.7065217391304348,0.7065217391304348,0.6829558998808105,0.6824034334763949,0.6608796296296297,0.6810933940774487,0.71939477303989,0.7045215562565721,0.6769911504424779,0.6528301886792454,0.6712846347607053,0.677376171352075,0.673582295988935,0.7158671586715868,0.7547169811320755,0.6880984952120384,0.7158671586715868,0.66484268125855,0.6616438356164384,0.714987714987715,0.646896551724138,0.7003792667509482,0.6425591098748262,0.66484268125855,0.7226666666666667,0.7468671679197996,0.7367021276595744,0.6616438356164384,0.7467362924281984,0.646896551724138,0.703751617076326,0.6837387964148527,0.6607629427792916,0.6790633608815426,0.7483702737940026,0.6680497925311204,0.6549295774647887,0.6840052015604681,0.6840052015604681,0.6840052015604681,0.7674772036474165,0.6840052015604681,0.6840052015604681,0.7566320645905421,0.7695852534562212,0.7468879668049793,0.6747159090909092,0.7212041884816753,0.8088445078459343,0.6742514970059881,0.7064343163538874,0.6567164179104478,0.7064343163538874,0.7296551724137932,0.6771978021978022,0.6847222222222222,0.6567164179104478,0.7297297297297297,0.7704697986577181,0.6604046242774566,0.6875852660300137,0.6905574516496018,0.6838868388683887,0.6905574516496018,0.6905574516496018,0.6905574516496018,0.7259923175416133,0.6481283422459894,0.7179176755447942,0.6529411764705882,0.6529411764705882,0.5981912144702842,0.6376638855780692,0.6376638855780692,0.6741440377804014,0.6784897025171625,0.6948905109489051,0.6948905109489051,0.6845238095238095,0.6889880952380952,0.3087478559176673,0.5158311345646438,0.47973856209150323,0.554858934169279,0.0,0.7283763277693476,0.7565118912797282,0.7390070921985816,0.7417027417027418,0.6699999999999999,0.75,0.6884848484848485,0.6045918367346939,0.7015130674002751,0.7155425219941349,0.6699999999999999,0.6263079222720478
Desulfovibrio sp900556755,0.747093023255814,0.7736077481840193,0.7736077481840193,0.7736077481840193,0.7736077481840193,0.7736077481840193,0.7736077481840193,0.7736077481840193,0.7736077481840193,0.7736077481840193,0.7736077481840193,0.7322834645669292,0.7322834645669292,0.658901830282862,0.7518248175182481,0.7518248175182481,0.757177033492823,0.7029096477794794,0.7029096477794794,0.7459893048128342,0.6351145038167939,0.6351145038167939,0.7417974322396577,0.7254437869822485,0.7508982035928143,0.7168674698795181,0.6883720930232557,0.7333333333333334,0.7898550724637681,0.7898550724637681,0.7663551401869159,0.726790450928382,0.7313237221494102,0.7763496143958869,0.7637698898408812,0.7648456057007126,0.7648456057007126,0.7283621837549934,0.7150000000000001,0.7867469879518072,0.782608695652174,0.7048092868988391,0.7774011299435029,0.6467391304347826,0.7261410788381742,0.7181303116147308,0.7206106870229008,0.6448911222780569,0.6986899563318778,0.7248764415156508,0.6802610114192496,0.6986899563318778,0.667741935483871,0.6768000000000001,0.703328509406657,0.6913385826771654,0.7651195499296766,0.6741573033707865,0.667741935483871,0.7194928684627575,0.7407407407407407,0.7341772151898734,0.6768000000000001,0.7183544303797469,0.6913385826771654,0.7543859649122807,0.6737160120845922,0.7243491577335375,0.6866883116883117,0.7244094488188977,0.6737357259380098,0.6824877250409165,0.7191679049034175,0.7191679049034175,0.7191679049034175,0.7165048543689321,0.7191679049034175,0.7191679049034175,0.8102564102564103,0.810880829015544,0.7054794520547945,0.666098807495741,0.7335375191424196,0.7454212454212454,0.783989834815756,0.7383900928792569,0.6936236391912909,0.7383900928792569,0.6843003412969284,0.6715686274509804,0.6672240802675585,0.6936236391912909,0.6877076411960132,0.699490662139219,0.7508038585209003,0.7272727272727273,0.7596034696406444,0.7204450625869263,0.7596034696406444,0.7596034696406444,0.7596034696406444,0.7177541729893778,0.7731277533039648,0.7304469273743017,0.6883561643835616,0.6883561643835616,0.7138927097661623,0.7710396039603961,0.7710396039603961,0.7730138713745272,0.7891566265060241,0.7238421955403087,0.7238421955403087,0.6845878136200717,0.7107583774250441,0.7158218125960061,0.7766624843161857,0.7824519230769231,0.7364975450081833,0.7283763277693476,0.0,0.5679758308157099,0.6920353982300884,0.6377358490566039,0.5978456014362656,0.734375,0.7109266943291839,0.7480106100795756,0.6094570928196147,0.6605166051660516,0.5978456014362656,0.6854700854700855
Bilophila wadsworthia,0.7737704918032787,0.8013182674199624,0.8013182674199624,0.8013182674199624,0.8013182674199624,0.8013182674199624,0.8013182674199624,0.8013182674199624,0.8013182674199624,0.8013182674199624,0.8013182674199624,0.6831364124597208,0.6831364124597208,0.71875,0.5612903225806452,0.5612903225806452,0.7916279069767442,0.7740863787375415,0.7740863787375415,0.7132116004296456,0.7077267637178051,0.7077267637178051,0.7627302275189599,0.6762376237623762,0.6970000000000001,0.6683417085427136,0.7403189066059226,0.6802083333333333,0.8116760828625236,0.8116760828625236,0.8258928571428572,0.6993603411513859,0.7208333333333333,0.7308900523560209,0.7916270218839201,0.7619047619047619,0.7619047619047619,0.6921420882669538,0.7827626918536009,0.7443012884043607,0.7433102081268583,0.7366504854368932,0.749301025163094,0.7674418604651163,0.7607555089192025,0.7606382978723404,0.7465753424657534,0.7273809523809525,0.7134894091415831,0.7878077373974208,0.7258641239570918,0.7134894091415831,0.7147928994082839,0.7448036951501155,0.7040358744394619,0.7269544924154026,0.7854855923159019,0.7372093023255815,0.7147928994082839,0.7959413754227734,0.7788778877887789,0.7899543378995434,0.7448036951501155,0.7715269804822044,0.7269544924154026,0.7807017543859649,0.7155756207674944,0.7579545454545454,0.7273809523809525,0.7923250564334086,0.7134292565947242,0.7291169451073986,0.7073732718894009,0.7073732718894009,0.7073732718894009,0.8054474708171206,0.7073732718894009,0.7073732718894009,0.8443579766536965,0.8416912487708947,0.7962085308056872,0.768595041322314,0.768969422423556,0.8172715894868585,0.7744209466263847,0.7686139747995417,0.7668161434977578,0.7686139747995417,0.769689737470167,0.7361601884570083,0.7341317365269462,0.7668161434977578,0.7514863258026159,0.7593712212817412,0.7654761904761904,0.7461988304093568,0.7612966601178782,0.7552742616033755,0.7612966601178782,0.7612966601178782,0.7612966601178782,0.7653631284916201,0.704995287464656,0.7457081545064378,0.7533414337788579,0.7533414337788579,0.7314225053078556,0.7188139059304703,0.7188139059304703,0.7570564516129032,0.7859884836852207,0.799043062200957,0.799043062200957,0.7652173913043478,0.7471554993678888,0.7459954233409611,0.7281153450051494,0.7408506429277943,0.7957992998833139,0.7565118912797282,0.5679758308157099,0.0,0.7861482381530984,0.7129750982961992,0.7242647058823529,0.7757437070938216,0.6726057906458798,0.7150480256136607,0.6775407779171895,0.7293814432989691,0.7242647058823529,0.7572463768115942
Dialister invisus,0.6768115942028985,0.7895335608646189,0.7895335608646189,0.7895335608646189,0.7895335608646189,0.7895335608646189,0.7895335608646189,0.7895335608646189,0.7895335608646189,0.7895335608646189,0.7895335608646189,0.8077373974208675,0.8077373974208675,0.7633477633477633,0.8294573643410853,0.8294573643410853,0.7780269058295964,0.7134670487106017,0.7134670487106017,0.7953714981729598,0.7483443708609272,0.7483443708609272,0.8084291187739463,0.7631578947368421,0.7249417249417249,0.7922077922077921,0.6551724137931034,0.786697247706422,0.8351769911504425,0.8351769911504425,0.6970633693972179,0.8077830188679245,0.8164924506387921,0.776829268292683,0.8158482142857143,0.8192640692640693,0.8192640692640693,0.7995226730310263,0.6161616161616161,0.7268351383874849,0.7541176470588236,0.743202416918429,0.7790948275862069,0.7608695652173914,0.7985166872682323,0.7010869565217391,0.8002699055330634,0.7972027972027972,0.8053097345132744,0.6946202531645569,0.7679083094555874,0.8053097345132744,0.7595473833097596,0.7856154910096819,0.8058007566204287,0.775,0.6709585121602288,0.7699859747545582,0.7595473833097596,0.6536050156739812,0.6769456681350954,0.6987767584097859,0.7856154910096819,0.6914893617021276,0.775,0.6894049346879536,0.7856209150326797,0.7317073170731707,0.7784090909090909,0.6814701378254211,0.7692307692307692,0.7521865889212828,0.8034076015727392,0.8034076015727392,0.8034076015727392,0.6765799256505576,0.8034076015727392,0.8034076015727392,0.7302204928664073,0.7349869451697129,0.7108626198083068,0.6076794657762938,0.6696969696969697,0.7397260273972603,0.7586206896551724,0.7871148459383753,0.6877761413843888,0.7871148459383753,0.6848000000000001,0.7604017216642754,0.762043795620438,0.6877761413843888,0.6029900332225914,0.7411402157164869,0.7358778625954199,0.6494522691705791,0.8059023836549376,0.7340286831812255,0.8059023836549376,0.8059023836549376,0.8059023836549376,0.7290780141843971,0.7432578209277239,0.7516254876462939,0.7113564668769716,0.7113564668769716,0.7990255785627284,0.8136363636363636,0.8136363636363636,0.7952941176470588,0.8161434977578476,0.5879218472468917,0.5879218472468917,0.7152209492635024,0.6966666666666667,0.7328571428571429,0.795774647887324,0.7482352941176471,0.6915739268680445,0.7390070921985816,0.6920353982300884,0.7861482381530984,0.0,0.5919854280510017,0.6179401993355482,0.5382003395585739,0.7233766233766235,0.7895377128953771,0.7388059701492538,0.6941176470588235,0.6179401993355482,0.6287625418060201
Veillonella parvula_A,0.6784660766961652,0.7355072463768115,0.7355072463768115,0.7355072463768115,0.7355072463768115,0.7355072463768115,0.7355072463768115,0.7355072463768115,0.7355072463768115,0.7355072463768115,0.7355072463768115,0.7546699875466999,0.7546699875466999,0.6956521739130435,0.7921195652173914,0.7921195652173914,0.7087845968712394,0.6446153846153846,0.6446153846153846,0.7091633466135459,0.6855524079320113,0.6855524079320113,0.7819148936170213,0.6929411764705882,0.7132616487455197,0.7324106113033448,0.6335403726708074,0.7472924187725631,0.8227272727272728,0.8227272727272728,0.7408536585365854,0.7590511860174781,0.7644882860665845,0.7439490445859873,0.7789473684210526,0.7453271028037383,0.7453271028037383,0.757537688442211,0.6538461538461539,0.7381818181818182,0.7624703087885986,0.5676625659050967,0.753072625698324,0.7026578073089701,0.7516339869281046,0.6623931623931624,0.7905686546463245,0.7817919075144508,0.8041237113402062,0.7492260061919505,0.7675438596491229,0.8041237113402062,0.7679083094555874,0.7682403433476395,0.8,0.7553956834532374,0.7741935483870968,0.7518142235123367,0.7679083094555874,0.7544378698224852,0.7688022284122562,0.7496251874062969,0.7682403433476395,0.7660818713450293,0.7553956834532374,0.7677329624478442,0.7758389261744967,0.7343065693430657,0.7492581602373887,0.7459138187221397,0.7433234421364985,0.7345399698340875,0.7973154362416107,0.7973154362416107,0.7973154362416107,0.7224264705882353,0.7973154362416107,0.7973154362416107,0.813810110974106,0.8203221809169765,0.7154471544715447,0.6801292407108239,0.7821782178217822,0.7452006980802792,0.8060240963855422,0.773121387283237,0.727802037845706,0.773121387283237,0.7181528662420382,0.7580645161290323,0.7541229385307346,0.727802037845706,0.6899841017488076,0.7301587301587302,0.7767722473604827,0.665615141955836,0.7589928057553956,0.717741935483871,0.7589928057553956,0.7589928057553956,0.7589928057553956,0.7242380261248186,0.7682403433476395,0.7376171352074967,0.6577181208053691,0.6577181208053691,0.7512886597938144,0.7788347205707491,0.7788347205707491,0.8026159334126041,0.8139269406392694,0.6946308724832215,0.6946308724832215,0.6983050847457627,0.6923076923076923,0.6976047904191617,0.8016627078384798,0.7768691588785046,0.6936790923824959,0.7417027417027418,0.6377358490566039,0.7129750982961992,0.5919854280510017,0.0,0.6092150170648465,0.611842105263158,0.6620498614958449,0.7651515151515151,0.6773162939297125,0.5412667946257197,0.6092150170648465,0.5583482944344704
Phascolarctobacterium_A succinatutens,0.6568213783403657,0.7243367935409457,0.7243367935409457,0.7243367935409457,0.7243367935409457,0.7243367935409457,0.7243367935409457,0.7243367935409457,0.7243367935409457,0.7243367935409457,0.7243367935409457,0.6509554140127389,0.6509554140127389,0.5684713375796178,0.746031746031746,0.746031746031746,0.7136363636363636,0.6647727272727273,0.6647727272727273,0.6899618805590851,0.53125,0.53125,0.638268156424581,0.6674259681093394,0.7732181425485961,0.6295857988165681,0.720708446866485,0.6698911729141475,0.7010676156583631,0.7010676156583631,0.7210982658959537,0.6447876447876448,0.6569620253164556,0.7224938875305624,0.6726835138387485,0.6511904761904762,0.6511904761904762,0.6354166666666667,0.6393700787401575,0.7442922374429224,0.7344827586206897,0.6257861635220126,0.721436343852013,0.5340314136125655,0.6241519674355496,0.6868421052631579,0.7570093457943925,0.7489597780859917,0.7474619289340101,0.7507204610951008,0.716927453769559,0.7474619289340101,0.7038081805359662,0.7327823691460056,0.76375,0.7462686567164178,0.7693282636248415,0.7092696629213483,0.7038081805359662,0.7433751743375174,0.7608409986859396,0.7475455820476858,0.7327823691460056,0.7680763983628922,0.7462686567164178,0.7516512549537648,0.7290575916230366,0.7469553450608931,0.7295774647887324,0.7527624309392265,0.7148936170212765,0.7041847041847042,0.7709137709137709,0.7709137709137709,0.7709137709137709,0.7454242928452579,0.7709137709137709,0.7709137709137709,0.8100233100233101,0.8091872791519434,0.7459379615952733,0.6983655274888558,0.7667560321715818,0.7471819645732689,0.7603305785123967,0.7746288798920378,0.6536796536796536,0.7746288798920378,0.7161961367013373,0.6793002915451896,0.6795252225519288,0.6536796536796536,0.6957163958641064,0.7404692082111437,0.771186440677966,0.6903039073806079,0.7844444444444445,0.7012820512820512,0.7844444444444445,0.7844444444444445,0.7844444444444445,0.7526595744680851,0.7413972888425443,0.7412060301507537,0.7292899408284024,0.7292899408284024,0.636604774535809,0.6723716381418092,0.6723716381418092,0.71875,0.7379310344827585,0.7279635258358663,0.7279635258358663,0.6375617792421746,0.5866209262435678,0.689703808180536,0.7450058754406581,0.730195177956372,0.7050898203592815,0.6699999999999999,0.5978456014362656,0.7242647058823529,0.6179401993355482,0.6092150170648465,0.0,0.6642011834319527,0.6315086782376502,0.7053682896379525,0.6140625,0.6047700170357752,0.0,0.5008695652173913
Acidaminococcus fermentans,0.6464924346629985,0.7332589285714286,0.7332589285714286,0.7332589285714286,0.7332589285714286,0.7332589285714286,0.7332589285714286,0.7332589285714286,0.7332589285714286,0.7332589285714286,0.7332589285714286,0.817391304347826,0.817391304347826,0.7724867724867726,0.809987819732034,0.809987819732034,0.7171270718232043,0.6671251719394773,0.6671251719394773,0.7899543378995434,0.7347447073474471,0.7347447073474471,0.7741147741147741,0.7497393117831074,0.6791383219954649,0.7862985685071575,0.5950653120464442,0.7552370452039692,0.8080593849416755,0.8080593849416755,0.6109422492401215,0.8135964912280702,0.8165038002171553,0.7598152424942264,0.8171368861024033,0.8057553956834532,0.8057553956834532,0.7993311036789298,0.6111975116640747,0.7052752293577982,0.7129840546697039,0.7155049786628733,0.7523316062176166,0.7777777777777778,0.8093607305936072,0.6486842105263158,0.7739463601532567,0.7536813922356091,0.7773766546329723,0.6382978723404256,0.7401894451962111,0.7773766546329723,0.7393617021276595,0.7192982456140351,0.7630619684082625,0.737748344370861,0.6013986013986015,0.7309236947791165,0.7393617021276595,0.546875,0.5994236311239194,0.6259314456035767,0.7192982456140351,0.6192592592592592,0.737748344370861,0.6415620641562064,0.7468671679197996,0.7232620320855615,0.7350543478260869,0.6192592592592592,0.727891156462585,0.7142857142857143,0.7575757575757576,0.7575757575757576,0.7575757575757576,0.6569468267581475,0.7575757575757576,0.7575757575757576,0.6759142496847415,0.6751592356687899,0.610759493670886,0.6055469953775039,0.6246376811594203,0.7429906542056075,0.6952841596130592,0.7589403973509934,0.6982408660351827,0.7589403973509934,0.6944444444444444,0.7313432835820896,0.7324137931034482,0.6982408660351827,0.6839826839826839,0.7314285714285714,0.7157142857142857,0.5933734939759037,0.7846320346320346,0.679340937896071,0.7846320346320346,0.7846320346320346,0.7846320346320346,0.702013422818792,0.7178423236514523,0.7176616915422885,0.7439886845827439,0.7439886845827439,0.8029445073612684,0.8238396624472574,0.8238396624472574,0.8174946004319654,0.8111814345991561,0.605475040257649,0.605475040257649,0.7594202898550725,0.7362962962962962,0.7526041666666666,0.8089033659066233,0.7388888888888889,0.6852941176470588,0.75,0.734375,0.7757437070938216,0.5382003395585739,0.611842105263158,0.6642011834319527,0.0,0.76,0.8102678571428572,0.7400275103163687,0.5070422535211268,0.6642011834319527,0.6012558869701727
Mitsuokella multacida,0.7738359201773836,0.6351791530944626,0.6351791530944626,0.6351791530944626,0.6351791530944626,0.6351791530944626,0.6351791530944626,0.6351791530944626,0.6351791530944626,0.6351791530944626,0.6351791530944626,0.40998685939553214,0.40998685939553214,0.6775818639798489,0.6646415552855407,0.6646415552855407,0.6069489685124865,0.754566210045662,0.754566210045662,0.4768041237113402,0.5933250927070457,0.5933250927070457,0.6642941874258601,0.38310893512851896,0.5474040632054176,0.4831981460023175,0.7310826542491269,0.4873035066505441,0.5968468468468469,0.5968468468468469,0.8160000000000001,0.5950991831971995,0.6242905788876276,0.5761904761904761,0.6097560975609756,0.5589225589225589,0.5589225589225589,0.46282051282051284,0.7515375153751538,0.6817702845100105,0.6226622662266227,0.7251243781094527,0.5848452508004269,0.6839309428950864,0.648491879350348,0.7578378378378379,0.7447795823665893,0.7538461538461538,0.7112117780294451,0.8149010477299186,0.7282608695652174,0.7112117780294451,0.7261904761904762,0.7340425531914894,0.711864406779661,0.7700228832951945,0.7710843373493976,0.7292161520190024,0.7261904761904762,0.8126410835214447,0.828693790149893,0.8203389830508474,0.7340425531914894,0.8210290827740492,0.7700228832951945,0.7601809954751131,0.7379077615298087,0.7373974208675264,0.7328519855595668,0.8157303370786517,0.7203389830508475,0.7330917874396135,0.53315649867374,0.53315649867374,0.53315649867374,0.8169934640522876,0.53315649867374,0.53315649867374,0.8065173116089613,0.8142857142857143,0.8123515439429929,0.7802850356294537,0.7661290322580645,0.8255372945638433,0.7502601456815817,0.7541176470588236,0.7955555555555556,0.7541176470588236,0.7945368171021377,0.7265060240963855,0.728937728937729,0.7955555555555556,0.769047619047619,0.8145539906103286,0.7859690844233056,0.8161434977578476,0.6525974025974026,0.8024691358024691,0.6525974025974026,0.6525974025974026,0.6525974025974026,0.7953539823008849,0.6071794871794871,0.7863157894736842,0.7263556116015133,0.7263556116015133,0.5132408575031526,0.4479297365119197,0.4479297365119197,0.6913978494623656,0.7658102766798419,0.7802469135802469,0.7802469135802469,0.6657571623465212,0.748395378690629,0.7188612099644128,0.5488095238095239,0.5383720930232558,0.7744270205066345,0.6884848484848485,0.7109266943291839,0.6726057906458798,0.7233766233766235,0.6620498614958449,0.6315086782376502,0.76,0.0,0.5,0.7613365155131265,0.6891891891891893,0.6315086782376502,0.7029449423815621
Ligilactobacillus ruminis,0.7452300785634118,0.6384120171673819,0.6384120171673819,0.6384120171673819,0.6384120171673819,0.6384120171673819,0.6384120171673819,0.6384120171673819,0.6384120171673819,0.6384120171673819,0.6384120171673819,0.45120405576679345,0.45120405576679345,0.7017114914425429,0.7185697808535179,0.7185697808535179,0.5984848484848485,0.7350917431192661,0.7350917431192661,0.4143426294820717,0.5906862745098039,0.5906862745098039,0.6222760290556901,0.5122767857142857,0.5787746170678336,0.4763552479815456,0.7505668934240363,0.4153074027603513,0.5769230769230769,0.5769230769230769,0.7856315179606026,0.6290868094701241,0.6278026905829597,0.5428226779252111,0.6087912087912088,0.5255972696245734,0.5255972696245734,0.5231707317073171,0.7566585956416465,0.6563829787234042,0.5620022753128555,0.721331689272503,0.5856236786469344,0.7041343669250646,0.6021377672209026,0.7339149400218102,0.7083825265643447,0.760186263096624,0.7122060470324748,0.8078703703703703,0.7230215827338129,0.7122060470324748,0.7300469483568075,0.7333333333333334,0.6923950056753689,0.7090261282660333,0.7633587786259541,0.682095006090134,0.7300469483568075,0.8111731843575419,0.8069039913700108,0.7876004592422503,0.7333333333333334,0.8181818181818181,0.7090261282660333,0.7633928571428572,0.704,0.7203290246768508,0.6996336996336996,0.7844925883694412,0.6931540342298288,0.6949569495694957,0.5461638491547465,0.5461638491547465,0.5461638491547465,0.8303571428571428,0.5461638491547465,0.5461638491547465,0.7979695431472081,0.8020408163265307,0.8009478672985781,0.7496991576413958,0.7608695652173914,0.82375,0.6872294372294372,0.731042654028436,0.7136150234741784,0.731042654028436,0.7715311004784688,0.7197604790419161,0.7220873786407767,0.7136150234741784,0.7606635071090048,0.767189384800965,0.7448359659781287,0.759581881533101,0.6498388829215898,0.7462686567164178,0.6498388829215898,0.6498388829215898,0.6498388829215898,0.779379157427938,0.5563751317175974,0.7927461139896373,0.7079646017699115,0.7079646017699115,0.5037688442211055,0.3413014608233732,0.3413014608233732,0.574245939675174,0.6440860215053763,0.7484355444305382,0.7484355444305382,0.6657681940700808,0.7114882506527416,0.6332916145181477,0.4338422391857506,0.4618181818181818,0.7069182389937108,0.6045918367346939,0.7480106100795756,0.7150480256136607,0.7895377128953771,0.7651515151515151,0.7053682896379525,0.8102678571428572,0.5,0.0,0.7132352941176471,0.7663316582914572,0.7053682896379525,0.7267080745341614
Sutterella wadsworthensis,0.6648275862068965,0.735593220338983,0.735593220338983,0.735593220338983,0.735593220338983,0.735593220338983,0.735593220338983,0.735593220338983,0.735593220338983,0.735593220338983,0.735593220338983,0.706875753920386,0.706875753920386,0.6055045871559632,0.7835443037974683,0.7835443037974683,0.7334070796460177,0.6855172413793104,0.6855172413793104,0.7268292682926829,0.6559139784946236,0.6559139784946236,0.7034120734908136,0.721081081081081,0.7802547770700636,0.6708286038592508,0.7323568575233023,0.7088167053364269,0.7564534231200898,0.7564534231200898,0.7510431154381085,0.6984126984126984,0.7168458781362007,0.7283653846153846,0.7432432432432432,0.7021517553793885,0.7021517553793885,0.7262905162064826,0.6890881913303438,0.728,0.7525195968645016,0.6621417797888386,0.7599164926931107,0.643879173290938,0.69171974522293,0.695483870967742,0.7243243243243243,0.7414030261348006,0.7437185929648241,0.7640449438202247,0.7148876404494382,0.7437185929648241,0.7232876712328767,0.7408906882591093,0.7412060301507537,0.7572944297082228,0.7911547911547911,0.7388362652232747,0.7232876712328767,0.7797062750333779,0.7759282970550576,0.7673469387755102,0.7408906882591093,0.7654986522911051,0.7572944297082228,0.7919293820933165,0.7464968152866243,0.7852522639068564,0.7202797202797202,0.7819148936170213,0.7019774011299436,0.7205056179775281,0.770012706480305,0.770012706480305,0.770012706480305,0.7727999999999999,0.770012706480305,0.770012706480305,0.8276643990929705,0.8283752860411899,0.791023842917251,0.7618384401114207,0.8038461538461539,0.7830769230769231,0.7975113122171946,0.7849604221635884,0.6694796061884669,0.7849604221635884,0.7326589595375723,0.7324137931034482,0.729957805907173,0.6694796061884669,0.7450980392156863,0.770098730606488,0.7719054242002782,0.5288461538461539,0.7391799544419134,0.6535433070866141,0.7391799544419134,0.7391799544419134,0.7391799544419134,0.7217741935483871,0.7171398527865405,0.7053571428571428,0.7453237410071942,0.7453237410071942,0.7163995067817509,0.7265353418308227,0.7265353418308227,0.7320799059929495,0.7200460829493087,0.7573099415204678,0.7573099415204678,0.7136294027565084,0.600334448160535,0.6751054852320675,0.7415599534342259,0.758046614872364,0.7163742690058479,0.7015130674002751,0.6094570928196147,0.6775407779171895,0.7388059701492538,0.6773162939297125,0.6140625,0.7400275103163687,0.7613365155131265,0.7132352941176471,0.0,0.6835443037974683,0.6140625,0.6328125
Acidaminococcus intestini,0.6956521739130435,0.7398081534772183,0.7398081534772183,0.7398081534772183,0.7398081534772183,0.7398081534772183,0.7398081534772183,0.7398081534772183,0.7398081534772183,0.7398081534772183,0.7398081534772183,0.7481296758104738,0.7481296758104738,0.705521472392638,0.7369165487977369,0.7369165487977369,0.7299528301886793,0.6908284023668638,0.6908284023668638,0.7308192457737321,0.685472496473907,0.685472496473907,0.7150837988826816,0.7257142857142858,0.7327080890973037,0.7129521586931156,0.6565349544072948,0.7193627450980392,0.7604290822407628,0.7604290822407628,0.7091757387247278,0.7724477244772447,0.7701711491442542,0.7562814070351759,0.7670588235294118,0.7479674796747968,0.7479674796747968,0.7618453865336658,0.7056,0.7514934289127837,0.7837209302325582,0.635,0.75,0.6960132890365449,0.7496740547588006,0.6939058171745152,0.7395683453237409,0.7127659574468085,0.7573333333333333,0.73125,0.7088414634146342,0.7573333333333333,0.7123695976154992,0.6933534743202416,0.7395411605937922,0.7068452380952381,0.7400275103163687,0.6829268292682926,0.7123695976154992,0.7024539877300613,0.7277936962750716,0.7127496159754224,0.6933534743202416,0.7343283582089553,0.7068452380952381,0.7285714285714286,0.7043847241867044,0.7134416543574593,0.6929012345679013,0.7132018209408194,0.6846986089644513,0.6661392405063291,0.7234042553191489,0.7234042553191489,0.7234042553191489,0.7007434944237918,0.7234042553191489,0.7234042553191489,0.783375314861461,0.7837150127226463,0.6788685524126457,0.7091194968553459,0.7372262773722628,0.6972972972972973,0.7746305418719212,0.7583697234352256,0.7475035663338088,0.7583697234352256,0.7379095163806553,0.7007633587786259,0.6993769470404985,0.7475035663338088,0.7320061255742726,0.7177033492822966,0.7305295950155763,0.717948717948718,0.7733175914994097,0.7460732984293194,0.7733175914994097,0.7733175914994097,0.7733175914994097,0.7439544807965861,0.7924528301886793,0.7406914893617021,0.7378335949764521,0.7378335949764521,0.7330729166666667,0.7623049219687875,0.7623049219687875,0.7640586797066015,0.7900232018561485,0.7201309328968903,0.7201309328968903,0.6848381601362862,0.707563025210084,0.7032640949554896,0.7824519230769231,0.7606132075471699,0.722397476340694,0.7155425219941349,0.6605166051660516,0.7293814432989691,0.6941176470588235,0.5412667946257197,0.6047700170357752,0.5070422535211268,0.6891891891891893,0.7663316582914572,0.6835443037974683,0.0,0.6047700170357752,0.6181506849315068
Phascolarctobacterium_A succinatutens_A,0.6568213783403657,0.7243367935409457,0.7243367935409457,0.7243367935409457,0.7243367935409457,0.7243367935409457,0.7243367935409457,0.7243367935409457,0.7243367935409457,0.7243367935409457,0.7243367935409457,0.6509554140127389,0.6509554140127389,0.5684713375796178,0.746031746031746,0.746031746031746,0.7136363636363636,0.6647727272727273,0.6647727272727273,0.6899618805590851,0.53125,0.53125,0.638268156424581,0.6674259681093394,0.7732181425485961,0.6295857988165681,0.720708446866485,0.6698911729141475,0.7010676156583631,0.7010676156583631,0.7210982658959537,0.6447876447876448,0.6569620253164556,0.7224938875305624,0.6726835138387485,0.6511904761904762,0.6511904761904762,0.6354166666666667,0.6393700787401575,0.7442922374429224,0.7344827586206897,0.6257861635220126,0.721436343852013,0.5340314136125655,0.6241519674355496,0.6868421052631579,0.7570093457943925,0.7489597780859917,0.7474619289340101,0.7507204610951008,0.716927453769559,0.7474619289340101,0.7038081805359662,0.7327823691460056,0.76375,0.7462686567164178,0.7693282636248415,0.7092696629213483,0.7038081805359662,0.7433751743375174,0.7608409986859396,0.7475455820476858,0.7327823691460056,0.7680763983628922,0.7462686567164178,0.7516512549537648,0.7290575916230366,0.7469553450608931,0.7295774647887324,0.7527624309392265,0.7148936170212765,0.7041847041847042,0.7709137709137709,0.7709137709137709,0.7709137709137709,0.7454242928452579,0.7709137709137709,0.7709137709137709,0.8100233100233101,0.8091872791519434,0.7459379615952733,0.6983655274888558,0.7667560321715818,0.7471819645732689,0.7603305785123967,0.7746288798920378,0.6536796536796536,0.7746288798920378,0.7161961367013373,0.6793002915451896,0.6795252225519288,0.6536796536796536,0.6957163958641064,0.7404692082111437,0.771186440677966,0.6903039073806079,0.7844444444444445,0.7012820512820512,0.7844444444444445,0.7844444444444445,0.7844444444444445,0.7526595744680851,0.7413972888425443,0.7412060301507537,0.7292899408284024,0.7292899408284024,0.636604774535809,0.6723716381418092,0.6723716381418092,0.71875,0.7379310344827585,0.7279635258358663,0.7279635258358663,0.6375617792421746,0.5866209262435678,0.689703808180536,0.7450058754406581,0.730195177956372,0.7050898203592815,0.6699999999999999,0.5978456014362656,0.7242647058823529,0.6179401993355482,0.6092150170648465,0.0,0.6642011834319527,0.6315086782376502,0.7053682896379525,0.6140625,0.6047700170357752,0.0,0.5008695652173913
Megasphaera elsdenii,0.6008902077151335,0.7219626168224299,0.7219626168224299,0.7219626168224299,0.7219626168224299,0.7219626168224299,0.7219626168224299,0.7219626168224299,0.7219626168224299,0.7219626168224299,0.7219626168224299,0.723170731707317,0.723170731707317,0.6353846153846154,0.8241206030150754,0.8241206030150754,0.6961583236321304,0.6312684365781711,0.6312684365781711,0.6902313624678663,0.6420612813370474,0.6420612813370474,0.7428198433420365,0.724669603524229,0.7356580427446568,0.7006802721088435,0.6776034236804565,0.7032181168057211,0.7665148063781322,0.7665148063781322,0.667175572519084,0.7273838630806846,0.7315598548972189,0.629973474801061,0.7474167623421355,0.7304643261608155,0.7304643261608155,0.7130434782608696,0.5656565656565656,0.7078384798099763,0.6831922611850061,0.5938009787928222,0.7077777777777778,0.6645161290322581,0.6987012987012987,0.64,0.7730307076101468,0.7604456824512535,0.78125,0.7370753323485968,0.7464788732394366,0.78125,0.7420249653259362,0.7371349095966621,0.77875,0.7385892116182573,0.7513020833333334,0.7367688022284122,0.7420249653259362,0.7281831187410587,0.7384823848238482,0.7323741007194244,0.7371349095966621,0.7433004231311706,0.7385892116182573,0.7425876010781671,0.7625806451612903,0.7375690607734806,0.7447108603667136,0.7538461538461538,0.7301136363636364,0.7251798561151079,0.791025641025641,0.791025641025641,0.791025641025641,0.6982456140350877,0.791025641025641,0.791025641025641,0.7887154861944778,0.7992788461538461,0.7298937784522004,0.6707692307692308,0.7578659370725034,0.7504078303425775,0.7169344870210136,0.7692307692307692,0.6535087719298245,0.7692307692307692,0.7149321266968326,0.7301136363636364,0.7421203438395416,0.6535087719298245,0.6742770167427702,0.7339312406576981,0.749271137026239,0.6366412213740458,0.7520184544405998,0.645466847090663,0.7520184544405998,0.7520184544405998,0.7520184544405998,0.699438202247191,0.6925601750547046,0.7159533073929961,0.710806697108067,0.710806697108067,0.7090216010165185,0.7334905660377358,0.7334905660377358,0.7083333333333333,0.7372093023255815,0.6966824644549763,0.6966824644549763,0.7364341085271318,0.5951557093425606,0.6292974588938715,0.7398568019093079,0.699167657550535,0.6152597402597403,0.6263079222720478,0.6854700854700855,0.7572463768115942,0.6287625418060201,0.5583482944344704,0.5008695652173913,0.6012558869701727,0.7029449423815621,0.7267080745341614,0.6328125,0.6181506849315068,0.5008695652173913,0.0
