,Flavonifractor plautii,Faecalibacterium prausnitzii_C,Faecalibacterium prausnitzii,Faecalibacterium sp900539885,Faecalibacterium prausnitzii_G,Faecalibacterium prausnitzii_J,Faecalibacterium prausnitzii_A,Faecalibacterium sp900758465,Faecalibacterium prausnitzii_H,Faecalibacterium prausnitzii_E,Faecalibacterium prausnitzii_F,Gemmiger formicilis,Gemmiger sp900540775,Anaerotruncus colihominis,Ruminococcus_E bromii_B,Ruminococcus_E bromii,Blautia_A obeum,Blautia_A wexlerae,Blautia_A wexlerae_B,Agathobacter sp900317585,Mediterraneibacter faecis,Mediterraneibacter torques,Mediterraneibacter lactaris,Enterocloster bolteae,Enterocloster citroniae,Enterocloster asparagiformis,Enterocloster clostridioformis,Coprococcus eutactus,Dorea_A longicatena_B,Dorea_A longicatena,Lachnospira eligens_A,Roseburia inulinivorans,Roseburia intestinalis,Anaerostipes hadrus,Eubacterium_G ventriosum,Bariatricus comes,Bariatricus comes_A,Anaerobutyricum hallii,Anaerobutyricum soehngenii,Dorea formicigenerans,Coprococcus_A catus,Eubacterium_I ramulus,Clostridium_Q symbiosum,Bacteroides_F pectinophilus,Ruminococcus_B gnavus,Hungatella effluvii,Bacteroides uniformis,Bacteroides caccae,Bacteroides cellulosilyticus,Bacteroides timonensis,Bacteroides stercoris,Bacteroides sp900552405,Bacteroides intestinalis_A,Bacteroides xylanisolvens,Bacteroides eggerthii,Bacteroides fragilis,Bacteroides fluxus,Bacteroides finegoldii,Bacteroides intestinalis,Bacteroides faecis,Bacteroides nordii,Bacteroides salyersiae,Bacteroides sp902362375,Bacteroides oleiciplenus,Bacteroides fragilis_A,Bacteroides clarus,Phocaeicola dorei,Phocaeicola vulgatus,Phocaeicola plebeius,Phocaeicola massiliensis,Phocaeicola coprocola,Phocaeicola coprophilus,Prevotella sp900313215,Prevotella sp900551275,Prevotella copri_A,Prevotella stercorea,Prevotella sp015074785,Prevotella copri,Paraprevotella clara,Paraprevotella xylaniphila,Alistipes onderdonkii,Alistipes finegoldii,Alistipes shahii,Alistipes putredinis,Alistipes_A indistinctus,Parabacteroides distasonis,Parabacteroides goldsteinii,Parabacteroides distasonis_A,Parabacteroides gordonii,Parabacteroides merdae,Parabacteroides johnsonii,Parabacteroides timonensis,Butyricimonas virosa,Odoribacter splanchnicus,Barnesiella intestinihominis,Parasutterella excrementihominis,Escherichia coli,Escherichia fergusonii,Escherichia ruysiae,Escherichia sp005843885,Escherichia coli_E,Escherichia albertii,Hafnia alvei,Klebsiella pneumoniae,Akkermansia muciniphila,Akkermansia muciniphila_B,Erysipelatoclostridium ramosum,Catenibacterium sp000437715,Catenibacterium mitsuokai,Holdemania filiformis,Holdemanella biformis,Streptococcus salivarius,Streptococcus sp001556435,Streptococcus thermophilus,Adlercreutzia celatus_A,Bifidobacterium longum,Bifidobacterium pseudocatenulatum,Bifidobacterium catenulatum,Bifidobacterium ruminantium,Bifidobacterium bifidum,Desulfovibrio sp900556755,Bilophila wadsworthia,Dialister invisus,Veillonella parvula_A,Phascolarctobacterium_A succinatutens,Acidaminococcus fermentans,Mitsuokella multacida,Ligilactobacillus ruminis,Sutterella wadsworthensis,Acidaminococcus intestini,Phascolarctobacterium_A succinatutens_A,Megasphaera elsdenii
Flavonifractor plautii,0.0,0.6327944572748267,0.6327944572748267,0.6327944572748267,0.6327944572748267,0.6327944572748267,0.6327944572748267,0.6327944572748267,0.6327944572748267,0.6327944572748267,0.6327944572748267,0.7001140250855188,0.7001140250855188,0.6264044943820224,0.8329545454545455,0.8329545454545455,0.6218678815489749,0.5224963715529753,0.5224963715529753,0.7200460829493087,0.6338028169014085,0.6338028169014085,0.7095588235294117,0.7181069958847737,0.5774647887323944,0.6561479869423286,0.5261627906976745,0.6841517857142857,0.7427652733118971,0.7427652733118971,0.6089466089466089,0.6886574074074074,0.7056818181818182,0.7005780346820809,0.7492063492063492,0.6964477933261571,0.6964477933261571,0.740782122905028,0.5789473684210527,0.5639464068209501,0.5581395348837209,0.5881481481481481,0.6271929824561404,0.6743515850144093,0.6843373493975904,0.4260614934114202,0.7858002406738869,0.8121212121212121,0.8153503893214683,0.6965517241379311,0.788627935723115,0.8153503893214683,0.7799511002444988,0.7946859903381642,0.810479375696767,0.758364312267658,0.701363073110285,0.7676143386897404,0.7799511002444988,0.6805929919137466,0.6723016905071522,0.6935483870967742,0.7946859903381642,0.6977363515312915,0.758364312267658,0.7063291139240506,0.7759626604434072,0.7668711656441718,0.7916152897657214,0.6937416777629827,0.795593635250918,0.7848258706467661,0.8367117117117118,0.8367117117117118,0.8367117117117118,0.7507507507507507,0.8367117117117118,0.8367117117117118,0.7637795275590551,0.7568493150684932,0.7272727272727273,0.6873278236914601,0.7395701643489254,0.8108484005563282,0.7031070195627158,0.7761194029850746,0.5742574257425743,0.7761194029850746,0.6094674556213018,0.768170426065163,0.7637292464878671,0.5742574257425743,0.6206896551724138,0.7506666666666667,0.7751937984496124,0.5896700143472022,0.7616525423728814,0.6074168797953965,0.7616525423728814,0.7616525423728814,0.7616525423728814,0.6640316205533596,0.6444444444444444,0.6769041769041769,0.7716535433070866,0.7716535433070866,0.7559055118110236,0.7364425162689805,0.7364425162689805,0.6922196796338673,0.7105263157894737,0.6111951588502269,0.6111951588502269,0.7274011299435028,0.6451127819548872,0.6772068511198945,0.7428571428571429,0.685904550499445,0.6198830409356726,0.7014157014157014,0.745985401459854,0.7727771679473107,0.6754002911208151,0.6770370370370371,0.6534653465346535,0.6427586206896552,0.7739420935412027,0.7443693693693694,0.6652777777777779,0.6924198250728864,0.6534653465346535,0.5991058122205664
Faecalibacterium prausnitzii_C,0.6327944572748267,0.0,0.0,0.0,0.0,0.0,0.0,0.0,0.0,0.0,0.0,0.5519553072625698,0.5519553072625698,0.6844547563805105,0.8228855721393035,0.8228855721393035,0.33211233211233215,0.600715137067938,0.600715137067938,0.5215869311551926,0.6706521739130435,0.6706521739130435,0.76,0.6187192118226601,0.5162689804772234,0.5585492227979274,0.6283704572098476,0.5767590618336886,0.5233333333333333,0.5233333333333333,0.6538461538461539,0.6793032786885246,0.6690647482014389,0.6221743810548978,0.5377049180327869,0.4760312151616499,0.4760312151616499,0.6307363927427961,0.6474201474201474,0.6020942408376964,0.5823591923485654,0.6654632972322503,0.5676500508646999,0.7051744885679904,0.6849315068493151,0.5551643192488263,0.7839248434237995,0.7902023429179978,0.7898909811694748,0.753114382785957,0.7798066595059077,0.7898909811694748,0.7801268498942917,0.777542372881356,0.7794411177644711,0.7887029288702929,0.7405857740585774,0.7977059436913452,0.7801268498942917,0.7663043478260869,0.7701149425287357,0.7672131147540984,0.777542372881356,0.7524752475247525,0.7887029288702929,0.7454739084132056,0.799800796812749,0.795643153526971,0.8042105263157895,0.7721382289416847,0.7949260042283298,0.8073684210526315,0.6788888888888889,0.6788888888888889,0.6788888888888889,0.8403755868544601,0.6788888888888889,0.6788888888888889,0.718079673135853,0.7151702786377709,0.7586206896551724,0.7468926553672317,0.7837552742616034,0.8325635103926097,0.7170000000000001,0.7872340425531915,0.6832579185520362,0.7872340425531915,0.7255813953488373,0.7831196581196581,0.7874865156418555,0.6832579185520362,0.7361268403171009,0.8170995670995671,0.8217716115261473,0.6923076923076923,0.5212053571428572,0.6684491978609626,0.5212053571428572,0.5212053571428572,0.5212053571428572,0.7156970362239298,0.5586760280842528,0.7034700315457414,0.7893569844789357,0.7893569844789357,0.6356756756756756,0.639546858908342,0.639546858908342,0.7521613832853026,0.7042801556420233,0.7044632086851628,0.7044632086851628,0.7794457274826789,0.7651869158878505,0.7053571428571428,0.6500519210799585,0.5729499467518637,0.6966824644549763,0.673120728929385,0.7741545893719807,0.800376647834275,0.7886363636363636,0.7346200241254524,0.7220299884659747,0.731924360400445,0.6351791530944626,0.6391862955032119,0.7349943374858436,0.7389221556886227,0.7220299884659747,0.719626168224299
Faecalibacterium prausnitzii,0.6327944572748267,0.0,0.0,0.0,0.0,0.0,0.0,0.0,0.0,0.0,0.0,0.5519553072625698,0.5519553072625698,0.6844547563805105,0.8228855721393035,0.8228855721393035,0.33211233211233215,0.600715137067938,0.600715137067938,0.5215869311551926,0.6706521739130435,0.6706521739130435,0.76,0.6187192118226601,0.5162689804772234,0.5585492227979274,0.6283704572098476,0.5767590618336886,0.5233333333333333,0.5233333333333333,0.6538461538461539,0.6793032786885246,0.6690647482014389,0.6221743810548978,0.5377049180327869,0.4760312151616499,0.4760312151616499,0.6307363927427961,0.6474201474201474,0.6020942408376964,0.5823591923485654,0.6654632972322503,0.5676500508646999,0.7051744885679904,0.6849315068493151,0.5551643192488263,0.7839248434237995,0.7902023429179978,0.7898909811694748,0.753114382785957,0.7798066595059077,0.7898909811694748,0.7801268498942917,0.777542372881356,0.7794411177644711,0.7887029288702929,0.7405857740585774,0.7977059436913452,0.7801268498942917,0.7663043478260869,0.7701149425287357,0.7672131147540984,0.777542372881356,0.7524752475247525,0.7887029288702929,0.7454739084132056,0.799800796812749,0.795643153526971,0.8042105263157895,0.7721382289416847,0.7949260042283298,0.8073684210526315,0.6788888888888889,0.6788888888888889,0.6788888888888889,0.8403755868544601,0.6788888888888889,0.6788888888888889,0.718079673135853,0.7151702786377709,0.7586206896551724,0.7468926553672317,0.7837552742616034,0.8325635103926097,0.7170000000000001,0.7872340425531915,0.6832579185520362,0.7872340425531915,0.7255813953488373,0.7831196581196581,0.7874865156418555,0.6832579185520362,0.7361268403171009,0.8170995670995671,0.8217716115261473,0.6923076923076923,0.5212053571428572,0.6684491978609626,0.5212053571428572,0.5212053571428572,0.5212053571428572,0.7156970362239298,0.5586760280842528,0.7034700315457414,0.7893569844789357,0.7893569844789357,0.6356756756756756,0.639546858908342,0.639546858908342,0.7521613832853026,0.7042801556420233,0.7044632086851628,0.7044632086851628,0.7794457274826789,0.7651869158878505,0.7053571428571428,0.6500519210799585,0.5729499467518637,0.6966824644549763,0.673120728929385,0.7741545893719807,0.800376647834275,0.7886363636363636,0.7346200241254524,0.7220299884659747,0.731924360400445,0.6351791530944626,0.6391862955032119,0.7349943374858436,0.7389221556886227,0.7220299884659747,0.719626168224299
Faecalibacterium sp900539885,0.6327944572748267,0.0,0.0,0.0,0.0,0.0,0.0,0.0,0.0,0.0,0.0,0.5519553072625698,0.5519553072625698,0.6844547563805105,0.8228855721393035,0.8228855721393035,0.33211233211233215,0.600715137067938,0.600715137067938,0.5215869311551926,0.6706521739130435,0.6706521739130435,0.76,0.6187192118226601,0.5162689804772234,0.5585492227979274,0.6283704572098476,0.5767590618336886,0.5233333333333333,0.5233333333333333,0.6538461538461539,0.6793032786885246,0.6690647482014389,0.6221743810548978,0.5377049180327869,0.4760312151616499,0.4760312151616499,0.6307363927427961,0.6474201474201474,0.6020942408376964,0.5823591923485654,0.6654632972322503,0.5676500508646999,0.7051744885679904,0.6849315068493151,0.5551643192488263,0.7839248434237995,0.7902023429179978,0.7898909811694748,0.753114382785957,0.7798066595059077,0.7898909811694748,0.7801268498942917,0.777542372881356,0.7794411177644711,0.7887029288702929,0.7405857740585774,0.7977059436913452,0.7801268498942917,0.7663043478260869,0.7701149425287357,0.7672131147540984,0.777542372881356,0.7524752475247525,0.7887029288702929,0.7454739084132056,0.799800796812749,0.795643153526971,0.8042105263157895,0.7721382289416847,0.7949260042283298,0.8073684210526315,0.6788888888888889,0.6788888888888889,0.6788888888888889,0.8403755868544601,0.6788888888888889,0.6788888888888889,0.718079673135853,0.7151702786377709,0.7586206896551724,0.7468926553672317,0.7837552742616034,0.8325635103926097,0.7170000000000001,0.7872340425531915,0.6832579185520362,0.7872340425531915,0.7255813953488373,0.7831196581196581,0.7874865156418555,0.6832579185520362,0.7361268403171009,0.8170995670995671,0.8217716115261473,0.6923076923076923,0.5212053571428572,0.6684491978609626,0.5212053571428572,0.5212053571428572,0.5212053571428572,0.7156970362239298,0.5586760280842528,0.7034700315457414,0.7893569844789357,0.7893569844789357,0.6356756756756756,0.639546858908342,0.639546858908342,0.7521613832853026,0.7042801556420233,0.7044632086851628,0.7044632086851628,0.7794457274826789,0.7651869158878505,0.7053571428571428,0.6500519210799585,0.5729499467518637,0.6966824644549763,0.673120728929385,0.7741545893719807,0.800376647834275,0.7886363636363636,0.7346200241254524,0.7220299884659747,0.731924360400445,0.6351791530944626,0.6391862955032119,0.7349943374858436,0.7389221556886227,0.7220299884659747,0.719626168224299
Faecalibacterium prausnitzii_G,0.6327944572748267,0.0,0.0,0.0,0.0,0.0,0.0,0.0,0.0,0.0,0.0,0.5519553072625698,0.5519553072625698,0.6844547563805105,0.8228855721393035,0.8228855721393035,0.33211233211233215,0.600715137067938,0.600715137067938,0.5215869311551926,0.6706521739130435,0.6706521739130435,0.76,0.6187192118226601,0.5162689804772234,0.5585492227979274,0.6283704572098476,0.5767590618336886,0.5233333333333333,0.5233333333333333,0.6538461538461539,0.6793032786885246,0.6690647482014389,0.6221743810548978,0.5377049180327869,0.4760312151616499,0.4760312151616499,0.6307363927427961,0.6474201474201474,0.6020942408376964,0.5823591923485654,0.6654632972322503,0.5676500508646999,0.7051744885679904,0.6849315068493151,0.5551643192488263,0.7839248434237995,0.7902023429179978,0.7898909811694748,0.753114382785957,0.7798066595059077,0.7898909811694748,0.7801268498942917,0.777542372881356,0.7794411177644711,0.7887029288702929,0.7405857740585774,0.7977059436913452,0.7801268498942917,0.7663043478260869,0.7701149425287357,0.7672131147540984,0.777542372881356,0.7524752475247525,0.7887029288702929,0.7454739084132056,0.799800796812749,0.795643153526971,0.8042105263157895,0.7721382289416847,0.7949260042283298,0.8073684210526315,0.6788888888888889,0.6788888888888889,0.6788888888888889,0.8403755868544601,0.6788888888888889,0.6788888888888889,0.718079673135853,0.7151702786377709,0.7586206896551724,0.7468926553672317,0.7837552742616034,0.8325635103926097,0.7170000000000001,0.7872340425531915,0.6832579185520362,0.7872340425531915,0.7255813953488373,0.7831196581196581,0.7874865156418555,0.6832579185520362,0.7361268403171009,0.8170995670995671,0.8217716115261473,0.6923076923076923,0.5212053571428572,0.6684491978609626,0.5212053571428572,0.5212053571428572,0.5212053571428572,0.7156970362239298,0.5586760280842528,0.7034700315457414,0.7893569844789357,0.7893569844789357,0.6356756756756756,0.639546858908342,0.639546858908342,0.7521613832853026,0.7042801556420233,0.7044632086851628,0.7044632086851628,0.7794457274826789,0.7651869158878505,0.7053571428571428,0.6500519210799585,0.5729499467518637,0.6966824644549763,0.673120728929385,0.7741545893719807,0.800376647834275,0.7886363636363636,0.7346200241254524,0.7220299884659747,0.731924360400445,0.6351791530944626,0.6391862955032119,0.7349943374858436,0.7389221556886227,0.7220299884659747,0.719626168224299
Faecalibacterium prausnitzii_J,0.6327944572748267,0.0,0.0,0.0,0.0,0.0,0.0,0.0,0.0,0.0,0.0,0.5519553072625698,0.5519553072625698,0.6844547563805105,0.8228855721393035,0.8228855721393035,0.33211233211233215,0.600715137067938,0.600715137067938,0.5215869311551926,0.6706521739130435,0.6706521739130435,0.76,0.6187192118226601,0.5162689804772234,0.5585492227979274,0.6283704572098476,0.5767590618336886,0.5233333333333333,0.5233333333333333,0.6538461538461539,0.6793032786885246,0.6690647482014389,0.6221743810548978,0.5377049180327869,0.4760312151616499,0.4760312151616499,0.6307363927427961,0.6474201474201474,0.6020942408376964,0.5823591923485654,0.6654632972322503,0.5676500508646999,0.7051744885679904,0.6849315068493151,0.5551643192488263,0.7839248434237995,0.7902023429179978,0.7898909811694748,0.753114382785957,0.7798066595059077,0.7898909811694748,0.7801268498942917,0.777542372881356,0.7794411177644711,0.7887029288702929,0.7405857740585774,0.7977059436913452,0.7801268498942917,0.7663043478260869,0.7701149425287357,0.7672131147540984,0.777542372881356,0.7524752475247525,0.7887029288702929,0.7454739084132056,0.799800796812749,0.795643153526971,0.8042105263157895,0.7721382289416847,0.7949260042283298,0.8073684210526315,0.6788888888888889,0.6788888888888889,0.6788888888888889,0.8403755868544601,0.6788888888888889,0.6788888888888889,0.718079673135853,0.7151702786377709,0.7586206896551724,0.7468926553672317,0.7837552742616034,0.8325635103926097,0.7170000000000001,0.7872340425531915,0.6832579185520362,0.7872340425531915,0.7255813953488373,0.7831196581196581,0.7874865156418555,0.6832579185520362,0.7361268403171009,0.8170995670995671,0.8217716115261473,0.6923076923076923,0.5212053571428572,0.6684491978609626,0.5212053571428572,0.5212053571428572,0.5212053571428572,0.7156970362239298,0.5586760280842528,0.7034700315457414,0.7893569844789357,0.7893569844789357,0.6356756756756756,0.639546858908342,0.639546858908342,0.7521613832853026,0.7042801556420233,0.7044632086851628,0.7044632086851628,0.7794457274826789,0.7651869158878505,0.7053571428571428,0.6500519210799585,0.5729499467518637,0.6966824644549763,0.673120728929385,0.7741545893719807,0.800376647834275,0.7886363636363636,0.7346200241254524,0.7220299884659747,0.731924360400445,0.6351791530944626,0.6391862955032119,0.7349943374858436,0.7389221556886227,0.7220299884659747,0.719626168224299
Faecalibacterium prausnitzii_A,0.6327944572748267,0.0,0.0,0.0,0.0,0.0,0.0,0.0,0.0,0.0,0.0,0.5519553072625698,0.5519553072625698,0.6844547563805105,0.8228855721393035,0.8228855721393035,0.33211233211233215,0.600715137067938,0.600715137067938,0.5215869311551926,0.6706521739130435,0.6706521739130435,0.76,0.6187192118226601,0.5162689804772234,0.5585492227979274,0.6283704572098476,0.5767590618336886,0.5233333333333333,0.5233333333333333,0.6538461538461539,0.6793032786885246,0.6690647482014389,0.6221743810548978,0.5377049180327869,0.4760312151616499,0.4760312151616499,0.6307363927427961,0.6474201474201474,0.6020942408376964,0.5823591923485654,0.6654632972322503,0.5676500508646999,0.7051744885679904,0.6849315068493151,0.5551643192488263,0.7839248434237995,0.7902023429179978,0.7898909811694748,0.753114382785957,0.7798066595059077,0.7898909811694748,0.7801268498942917,0.777542372881356,0.7794411177644711,0.7887029288702929,0.7405857740585774,0.7977059436913452,0.7801268498942917,0.7663043478260869,0.7701149425287357,0.7672131147540984,0.777542372881356,0.7524752475247525,0.7887029288702929,0.7454739084132056,0.799800796812749,0.795643153526971,0.8042105263157895,0.7721382289416847,0.7949260042283298,0.8073684210526315,0.6788888888888889,0.6788888888888889,0.6788888888888889,0.8403755868544601,0.6788888888888889,0.6788888888888889,0.718079673135853,0.7151702786377709,0.7586206896551724,0.7468926553672317,0.7837552742616034,0.8325635103926097,0.7170000000000001,0.7872340425531915,0.6832579185520362,0.7872340425531915,0.7255813953488373,0.7831196581196581,0.7874865156418555,0.6832579185520362,0.7361268403171009,0.8170995670995671,0.8217716115261473,0.6923076923076923,0.5212053571428572,0.6684491978609626,0.5212053571428572,0.5212053571428572,0.5212053571428572,0.7156970362239298,0.5586760280842528,0.7034700315457414,0.7893569844789357,0.7893569844789357,0.6356756756756756,0.639546858908342,0.639546858908342,0.7521613832853026,0.7042801556420233,0.7044632086851628,0.7044632086851628,0.7794457274826789,0.7651869158878505,0.7053571428571428,0.6500519210799585,0.5729499467518637,0.6966824644549763,0.673120728929385,0.7741545893719807,0.800376647834275,0.7886363636363636,0.7346200241254524,0.7220299884659747,0.731924360400445,0.6351791530944626,0.6391862955032119,0.7349943374858436,0.7389221556886227,0.7220299884659747,0.719626168224299
Faecalibacterium sp900758465,0.6327944572748267,0.0,0.0,0.0,0.0,0.0,0.0,0.0,0.0,0.0,0.0,0.5519553072625698,0.5519553072625698,0.6844547563805105,0.8228855721393035,0.8228855721393035,0.33211233211233215,0.600715137067938,0.600715137067938,0.5215869311551926,0.6706521739130435,0.6706521739130435,0.76,0.6187192118226601,0.5162689804772234,0.5585492227979274,0.6283704572098476,0.5767590618336886,0.5233333333333333,0.5233333333333333,0.6538461538461539,0.6793032786885246,0.6690647482014389,0.6221743810548978,0.5377049180327869,0.4760312151616499,0.4760312151616499,0.6307363927427961,0.6474201474201474,0.6020942408376964,0.5823591923485654,0.6654632972322503,0.5676500508646999,0.7051744885679904,0.6849315068493151,0.5551643192488263,0.7839248434237995,0.7902023429179978,0.7898909811694748,0.753114382785957,0.7798066595059077,0.7898909811694748,0.7801268498942917,0.777542372881356,0.7794411177644711,0.7887029288702929,0.7405857740585774,0.7977059436913452,0.7801268498942917,0.7663043478260869,0.7701149425287357,0.7672131147540984,0.777542372881356,0.7524752475247525,0.7887029288702929,0.7454739084132056,0.799800796812749,0.795643153526971,0.8042105263157895,0.7721382289416847,0.7949260042283298,0.8073684210526315,0.6788888888888889,0.6788888888888889,0.6788888888888889,0.8403755868544601,0.6788888888888889,0.6788888888888889,0.718079673135853,0.7151702786377709,0.7586206896551724,0.7468926553672317,0.7837552742616034,0.8325635103926097,0.7170000000000001,0.7872340425531915,0.6832579185520362,0.7872340425531915,0.7255813953488373,0.7831196581196581,0.7874865156418555,0.6832579185520362,0.7361268403171009,0.8170995670995671,0.8217716115261473,0.6923076923076923,0.5212053571428572,0.6684491978609626,0.5212053571428572,0.5212053571428572,0.5212053571428572,0.7156970362239298,0.5586760280842528,0.7034700315457414,0.7893569844789357,0.7893569844789357,0.6356756756756756,0.639546858908342,0.639546858908342,0.7521613832853026,0.7042801556420233,0.7044632086851628,0.7044632086851628,0.7794457274826789,0.7651869158878505,0.7053571428571428,0.6500519210799585,0.5729499467518637,0.6966824644549763,0.673120728929385,0.7741545893719807,0.800376647834275,0.7886363636363636,0.7346200241254524,0.7220299884659747,0.731924360400445,0.6351791530944626,0.6391862955032119,0.7349943374858436,0.7389221556886227,0.7220299884659747,0.719626168224299
Faecalibacterium prausnitzii_H,0.6327944572748267,0.0,0.0,0.0,0.0,0.0,0.0,0.0,0.0,0.0,0.0,0.5519553072625698,0.5519553072625698,0.6844547563805105,0.8228855721393035,0.8228855721393035,0.33211233211233215,0.600715137067938,0.600715137067938,0.5215869311551926,0.6706521739130435,0.6706521739130435,0.76,0.6187192118226601,0.5162689804772234,0.5585492227979274,0.6283704572098476,0.5767590618336886,0.5233333333333333,0.5233333333333333,0.6538461538461539,0.6793032786885246,0.6690647482014389,0.6221743810548978,0.5377049180327869,0.4760312151616499,0.4760312151616499,0.6307363927427961,0.6474201474201474,0.6020942408376964,0.5823591923485654,0.6654632972322503,0.5676500508646999,0.7051744885679904,0.6849315068493151,0.5551643192488263,0.7839248434237995,0.7902023429179978,0.7898909811694748,0.753114382785957,0.7798066595059077,0.7898909811694748,0.7801268498942917,0.777542372881356,0.7794411177644711,0.7887029288702929,0.7405857740585774,0.7977059436913452,0.7801268498942917,0.7663043478260869,0.7701149425287357,0.7672131147540984,0.777542372881356,0.7524752475247525,0.7887029288702929,0.7454739084132056,0.799800796812749,0.795643153526971,0.8042105263157895,0.7721382289416847,0.7949260042283298,0.8073684210526315,0.6788888888888889,0.6788888888888889,0.6788888888888889,0.8403755868544601,0.6788888888888889,0.6788888888888889,0.718079673135853,0.7151702786377709,0.7586206896551724,0.7468926553672317,0.7837552742616034,0.8325635103926097,0.7170000000000001,0.7872340425531915,0.6832579185520362,0.7872340425531915,0.7255813953488373,0.7831196581196581,0.7874865156418555,0.6832579185520362,0.7361268403171009,0.8170995670995671,0.8217716115261473,0.6923076923076923,0.5212053571428572,0.6684491978609626,0.5212053571428572,0.5212053571428572,0.5212053571428572,0.7156970362239298,0.5586760280842528,0.7034700315457414,0.7893569844789357,0.7893569844789357,0.6356756756756756,0.639546858908342,0.639546858908342,0.7521613832853026,0.7042801556420233,0.7044632086851628,0.7044632086851628,0.7794457274826789,0.7651869158878505,0.7053571428571428,0.6500519210799585,0.5729499467518637,0.6966824644549763,0.673120728929385,0.7741545893719807,0.800376647834275,0.7886363636363636,0.7346200241254524,0.7220299884659747,0.731924360400445,0.6351791530944626,0.6391862955032119,0.7349943374858436,0.7389221556886227,0.7220299884659747,0.719626168224299
Faecalibacterium prausnitzii_E,0.6327944572748267,0.0,0.0,0.0,0.0,0.0,0.0,0.0,0.0,0.0,0.0,0.5519553072625698,0.5519553072625698,0.6844547563805105,0.8228855721393035,0.8228855721393035,0.33211233211233215,0.600715137067938,0.600715137067938,0.5215869311551926,0.6706521739130435,0.6706521739130435,0.76,0.6187192118226601,0.5162689804772234,0.5585492227979274,0.6283704572098476,0.5767590618336886,0.5233333333333333,0.5233333333333333,0.6538461538461539,0.6793032786885246,0.6690647482014389,0.6221743810548978,0.5377049180327869,0.4760312151616499,0.4760312151616499,0.6307363927427961,0.6474201474201474,0.6020942408376964,0.5823591923485654,0.6654632972322503,0.5676500508646999,0.7051744885679904,0.6849315068493151,0.5551643192488263,0.7839248434237995,0.7902023429179978,0.7898909811694748,0.753114382785957,0.7798066595059077,0.7898909811694748,0.7801268498942917,0.777542372881356,0.7794411177644711,0.7887029288702929,0.7405857740585774,0.7977059436913452,0.7801268498942917,0.7663043478260869,0.7701149425287357,0.7672131147540984,0.777542372881356,0.7524752475247525,0.7887029288702929,0.7454739084132056,0.799800796812749,0.795643153526971,0.8042105263157895,0.7721382289416847,0.7949260042283298,0.8073684210526315,0.6788888888888889,0.6788888888888889,0.6788888888888889,0.8403755868544601,0.6788888888888889,0.6788888888888889,0.718079673135853,0.7151702786377709,0.7586206896551724,0.7468926553672317,0.7837552742616034,0.8325635103926097,0.7170000000000001,0.7872340425531915,0.6832579185520362,0.7872340425531915,0.7255813953488373,0.7831196581196581,0.7874865156418555,0.6832579185520362,0.7361268403171009,0.8170995670995671,0.8217716115261473,0.6923076923076923,0.5212053571428572,0.6684491978609626,0.5212053571428572,0.5212053571428572,0.5212053571428572,0.7156970362239298,0.5586760280842528,0.7034700315457414,0.7893569844789357,0.7893569844789357,0.6356756756756756,0.639546858908342,0.639546858908342,0.7521613832853026,0.7042801556420233,0.7044632086851628,0.7044632086851628,0.7794457274826789,0.7651869158878505,0.7053571428571428,0.6500519210799585,0.5729499467518637,0.6966824644549763,0.673120728929385,0.7741545893719807,0.800376647834275,0.7886363636363636,0.7346200241254524,0.7220299884659747,0.731924360400445,0.6351791530944626,0.6391862955032119,0.7349943374858436,0.7389221556886227,0.7220299884659747,0.719626168224299
Faecalibacterium prausnitzii_F,0.6327944572748267,0.0,0.0,0.0,0.0,0.0,0.0,0.0,0.0,0.0,0.0,0.5519553072625698,0.5519553072625698,0.6844547563805105,0.8228855721393035,0.8228855721393035,0.33211233211233215,0.600715137067938,0.600715137067938,0.5215869311551926,0.6706521739130435,0.6706521739130435,0.76,0.6187192118226601,0.5162689804772234,0.5585492227979274,0.6283704572098476,0.5767590618336886,0.5233333333333333,0.5233333333333333,0.6538461538461539,0.6793032786885246,0.6690647482014389,0.6221743810548978,0.5377049180327869,0.4760312151616499,0.4760312151616499,0.6307363927427961,0.6474201474201474,0.6020942408376964,0.5823591923485654,0.6654632972322503,0.5676500508646999,0.7051744885679904,0.6849315068493151,0.5551643192488263,0.7839248434237995,0.7902023429179978,0.7898909811694748,0.753114382785957,0.7798066595059077,0.7898909811694748,0.7801268498942917,0.777542372881356,0.7794411177644711,0.7887029288702929,0.7405857740585774,0.7977059436913452,0.7801268498942917,0.7663043478260869,0.7701149425287357,0.7672131147540984,0.777542372881356,0.7524752475247525,0.7887029288702929,0.7454739084132056,0.799800796812749,0.795643153526971,0.8042105263157895,0.7721382289416847,0.7949260042283298,0.8073684210526315,0.6788888888888889,0.6788888888888889,0.6788888888888889,0.8403755868544601,0.6788888888888889,0.6788888888888889,0.718079673135853,0.7151702786377709,0.7586206896551724,0.7468926553672317,0.7837552742616034,0.8325635103926097,0.7170000000000001,0.7872340425531915,0.6832579185520362,0.7872340425531915,0.7255813953488373,0.7831196581196581,0.7874865156418555,0.6832579185520362,0.7361268403171009,0.8170995670995671,0.8217716115261473,0.6923076923076923,0.5212053571428572,0.6684491978609626,0.5212053571428572,0.5212053571428572,0.5212053571428572,0.7156970362239298,0.5586760280842528,0.7034700315457414,0.7893569844789357,0.7893569844789357,0.6356756756756756,0.639546858908342,0.639546858908342,0.7521613832853026,0.7042801556420233,0.7044632086851628,0.7044632086851628,0.7794457274826789,0.7651869158878505,0.7053571428571428,0.6500519210799585,0.5729499467518637,0.6966824644549763,0.673120728929385,0.7741545893719807,0.800376647834275,0.7886363636363636,0.7346200241254524,0.7220299884659747,0.731924360400445,0.6351791530944626,0.6391862955032119,0.7349943374858436,0.7389221556886227,0.7220299884659747,0.719626168224299
Gemmiger formicilis,0.7001140250855188,0.5519553072625698,0.5519553072625698,0.5519553072625698,0.5519553072625698,0.5519553072625698,0.5519553072625698,0.5519553072625698,0.5519553072625698,0.5519553072625698,0.5519553072625698,0.0,0.0,0.494475138121547,0.6092796092796093,0.6092796092796093,0.5583424209378408,0.6890951276102089,0.6890951276102089,0.3715046604527297,0.5225563909774436,0.5225563909774436,0.554590570719603,0.4282407407407407,0.5450549450549451,0.3848920863309353,0.7116704805491991,0.4120541205412054,0.4774881516587678,0.4774881516587678,0.7159904534606205,0.416030534351145,0.44789081885856075,0.47029702970297027,0.48831775700934577,0.46341463414634143,0.46341463414634143,0.3803921568627451,0.6885856079404467,0.6088362068965517,0.5223367697594501,0.6168831168831168,0.5427350427350428,0.5257142857142857,0.5406060606060605,0.6998904709748084,0.734762979683973,0.759090909090909,0.7051705170517052,0.8096846846846847,0.7213114754098361,0.7051705170517052,0.7241379310344828,0.7569988801791714,0.7029702970297029,0.7649667405764966,0.7685774946921444,0.745475113122172,0.7241379310344828,0.8281417830290011,0.8173277661795407,0.8230184581976113,0.7569988801791714,0.8152173913043479,0.7649667405764966,0.7620087336244541,0.732532751091703,0.758888888888889,0.7331786542923434,0.8209277238403452,0.721120186697783,0.7424942263279446,0.559748427672956,0.559748427672956,0.559748427672956,0.8110831234256927,0.559748427672956,0.559748427672956,0.8139079333986288,0.8120672601384767,0.8306997742663657,0.8033707865168539,0.7919389978213508,0.8292978208232445,0.7292307692307692,0.7587768969422424,0.7415730337078652,0.7587768969422424,0.7767441860465116,0.7177985948477752,0.7142857142857143,0.7415730337078652,0.7776510832383124,0.8079545454545455,0.7674418604651163,0.7570942111237231,0.651578947368421,0.7463465553235908,0.651578947368421,0.651578947368421,0.651578947368421,0.785329018338727,0.5352260778128286,0.7691511387163561,0.7612293144208038,0.7612293144208038,0.440460947503201,0.3108465608465608,0.3108465608465608,0.6269146608315099,0.6652849740932643,0.7738095238095238,0.7738095238095238,0.6653491436100132,0.6688567674113008,0.6808510638297872,0.48674698795180726,0.5,0.7458432304038005,0.6477683956574185,0.7323759791122715,0.683083511777302,0.8060747663551402,0.7546468401486989,0.649746192893401,0.8151351351351351,0.4102228047182176,0.4527112232030265,0.7041062801932367,0.746583850931677,0.649746192893401,0.7217496962332928
Gemmiger sp900540775,0.7001140250855188,0.5519553072625698,0.5519553072625698,0.5519553072625698,0.5519553072625698,0.5519553072625698,0.5519553072625698,0.5519553072625698,0.5519553072625698,0.5519553072625698,0.5519553072625698,0.0,0.0,0.494475138121547,0.6092796092796093,0.6092796092796093,0.5583424209378408,0.6890951276102089,0.6890951276102089,0.3715046604527297,0.5225563909774436,0.5225563909774436,0.554590570719603,0.4282407407407407,0.5450549450549451,0.3848920863309353,0.7116704805491991,0.4120541205412054,0.4774881516587678,0.4774881516587678,0.7159904534606205,0.416030534351145,0.44789081885856075,0.47029702970297027,0.48831775700934577,0.46341463414634143,0.46341463414634143,0.3803921568627451,0.6885856079404467,0.6088362068965517,0.5223367697594501,0.6168831168831168,0.5427350427350428,0.5257142857142857,0.5406060606060605,0.6998904709748084,0.734762979683973,0.759090909090909,0.7051705170517052,0.8096846846846847,0.7213114754098361,0.7051705170517052,0.7241379310344828,0.7569988801791714,0.7029702970297029,0.7649667405764966,0.7685774946921444,0.745475113122172,0.7241379310344828,0.8281417830290011,0.8173277661795407,0.8230184581976113,0.7569988801791714,0.8152173913043479,0.7649667405764966,0.7620087336244541,0.732532751091703,0.758888888888889,0.7331786542923434,0.8209277238403452,0.721120186697783,0.7424942263279446,0.559748427672956,0.559748427672956,0.559748427672956,0.8110831234256927,0.559748427672956,0.559748427672956,0.8139079333986288,0.8120672601384767,0.8306997742663657,0.8033707865168539,0.7919389978213508,0.8292978208232445,0.7292307692307692,0.7587768969422424,0.7415730337078652,0.7587768969422424,0.7767441860465116,0.7177985948477752,0.7142857142857143,0.7415730337078652,0.7776510832383124,0.8079545454545455,0.7674418604651163,0.7570942111237231,0.651578947368421,0.7463465553235908,0.651578947368421,0.651578947368421,0.651578947368421,0.785329018338727,0.5352260778128286,0.7691511387163561,0.7612293144208038,0.7612293144208038,0.440460947503201,0.3108465608465608,0.3108465608465608,0.6269146608315099,0.6652849740932643,0.7738095238095238,0.7738095238095238,0.6653491436100132,0.6688567674113008,0.6808510638297872,0.48674698795180726,0.5,0.7458432304038005,0.6477683956574185,0.7323759791122715,0.683083511777302,0.8060747663551402,0.7546468401486989,0.649746192893401,0.8151351351351351,0.4102228047182176,0.4527112232030265,0.7041062801932367,0.746583850931677,0.649746192893401,0.7217496962332928
Anaerotruncus colihominis,0.6264044943820224,0.6844547563805105,0.6844547563805105,0.6844547563805105,0.6844547563805105,0.6844547563805105,0.6844547563805105,0.6844547563805105,0.6844547563805105,0.6844547563805105,0.6844547563805105,0.494475138121547,0.494475138121547,0.0,0.6761517615176151,0.6761517615176151,0.6877828054298643,0.6327683615819208,0.6327683615819208,0.6586599241466498,0.4910979228486647,0.4910979228486647,0.5952380952380952,0.648587570621469,0.7342047930283224,0.5705669481302774,0.6666666666666667,0.6717647058823529,0.6371359223300971,0.6371359223300971,0.6905444126074498,0.5,0.5163487738419619,0.6886446886446886,0.6007416563658838,0.6129032258064516,0.6129032258064516,0.5810276679841897,0.6294027565084226,0.7082379862700229,0.703448275862069,0.5220949263502455,0.6892039258451472,0.4036697247706422,0.5446927374301676,0.6185983827493262,0.7348284960422163,0.7466307277628033,0.7453646477132262,0.7464985994397759,0.7225274725274725,0.7453646477132262,0.7137042062415198,0.7542706964520368,0.7552019583843329,0.7555555555555555,0.7694204685573366,0.7456953642384105,0.7137042062415198,0.7662682602921647,0.7519280205655527,0.760752688172043,0.7542706964520368,0.7543624161073825,0.7555555555555555,0.7602040816326531,0.7290076335877862,0.7629533678756477,0.7225274725274725,0.7701453104359313,0.7205479452054795,0.7283950617283951,0.7894088669950738,0.7894088669950738,0.7894088669950738,0.7742946708463949,0.7894088669950738,0.7894088669950738,0.8160270880361173,0.816628701594533,0.78442280945758,0.729957805907173,0.8103015075376885,0.7858220211161387,0.7871621621621622,0.7612732095490716,0.6675938803894297,0.7612732095490716,0.717579250720461,0.7323369565217391,0.7285318559556786,0.6675938803894297,0.7018544935805991,0.7489421720733427,0.7848443843031123,0.6803394625176804,0.7398648648648649,0.6593548387096775,0.7398648648648649,0.7398648648648649,0.7398648648648649,0.7095046854082998,0.7109947643979058,0.7049180327868853,0.7642956764295676,0.7642956764295676,0.6050198150594452,0.6079900124843944,0.6079900124843944,0.6972586412395709,0.673733804475854,0.7102526002971767,0.7102526002971767,0.5721476510067114,0.5933884297520662,0.6619915848527349,0.7219626168224299,0.7315436241610738,0.7043478260869565,0.6916780354706684,0.6605960264900662,0.7178871548619448,0.762589928057554,0.695046439628483,0.5659777424483307,0.7710526315789474,0.6763224181360201,0.7028014616321558,0.602760736196319,0.7048929663608563,0.5659777424483307,0.6349693251533742
Ruminococcus_E bromii_B,0.8329545454545455,0.8228855721393035,0.8228855721393035,0.8228855721393035,0.8228855721393035,0.8228855721393035,0.8228855721393035,0.8228855721393035,0.8228855721393035,0.8228855721393035,0.8228855721393035,0.6092796092796093,0.6092796092796093,0.6761517615176151,0.0,0.0,0.81237721021611,0.8174418604651162,0.8174418604651162,0.675417661097852,0.6904176904176904,0.6904176904176904,0.6443298969072164,0.6949685534591195,0.7829145728643216,0.7051416579223504,0.8124267291910903,0.6778900112233446,0.7049723756906077,0.7049723756906077,0.793233082706767,0.6491646778042959,0.6420047732696897,0.7194982896237172,0.7232432432432432,0.735632183908046,0.735632183908046,0.6368038740920097,0.8155583437892095,0.7967313585291114,0.7584388185654009,0.7684346701164295,0.7564612326043738,0.6324404761904762,0.7134433962264151,0.8287895310796074,0.749379652605459,0.7654476670870114,0.7497062279670975,0.8214731585518102,0.7576142131979695,0.7497062279670975,0.7474874371859297,0.7706535141800247,0.7264038231780168,0.7672413793103449,0.8034285714285714,0.7642679900744417,0.7474874371859297,0.8287425149700599,0.8194444444444444,0.8144078144078144,0.7706535141800247,0.8228915662650602,0.7672413793103449,0.800235017626322,0.7597633136094675,0.7815533980582524,0.74002574002574,0.8221153846153846,0.7217165149544864,0.7422680412371134,0.71,0.71,0.71,0.7886297376093294,0.71,0.71,0.8356309650053022,0.8326180257510729,0.8301647655259823,0.8290282902829028,0.8028846153846154,0.7920792079207921,0.8046709129511678,0.7923832923832924,0.8344907407407407,0.7923832923832924,0.8407407407407408,0.7569620253164557,0.7570694087403599,0.8344907407407407,0.8528708133971292,0.8136882129277566,0.7717250324254216,0.8392434988179669,0.8469891411648569,0.8511087645195354,0.8469891411648569,0.8469891411648569,0.8469891411648569,0.8501702610669694,0.7981220657276995,0.8479657387580299,0.7951030927835052,0.7951030927835052,0.6702767749699158,0.6465116279069767,0.6465116279069767,0.760043431053203,0.7948717948717949,0.8167741935483871,0.8167741935483871,0.6918604651162791,0.7620357634112792,0.8116113744075829,0.7480832420591457,0.7481481481481482,0.8285714285714285,0.7956989247311828,0.752906976744186,0.5605670103092784,0.8270967741935484,0.7929634641407307,0.7437252311756934,0.8055893074119076,0.6650485436893203,0.7195402298850575,0.7832699619771863,0.7362482369534555,0.7437252311756934,0.8233082706766918
Ruminococcus_E bromii,0.8329545454545455,0.8228855721393035,0.8228855721393035,0.8228855721393035,0.8228855721393035,0.8228855721393035,0.8228855721393035,0.8228855721393035,0.8228855721393035,0.8228855721393035,0.8228855721393035,0.6092796092796093,0.6092796092796093,0.6761517615176151,0.0,0.0,0.81237721021611,0.8174418604651162,0.8174418604651162,0.675417661097852,0.6904176904176904,0.6904176904176904,0.6443298969072164,0.6949685534591195,0.7829145728643216,0.7051416579223504,0.8124267291910903,0.6778900112233446,0.7049723756906077,0.7049723756906077,0.793233082706767,0.6491646778042959,0.6420047732696897,0.7194982896237172,0.7232432432432432,0.735632183908046,0.735632183908046,0.6368038740920097,0.8155583437892095,0.7967313585291114,0.7584388185654009,0.7684346701164295,0.7564612326043738,0.6324404761904762,0.7134433962264151,0.8287895310796074,0.749379652605459,0.7654476670870114,0.7497062279670975,0.8214731585518102,0.7576142131979695,0.7497062279670975,0.7474874371859297,0.7706535141800247,0.7264038231780168,0.7672413793103449,0.8034285714285714,0.7642679900744417,0.7474874371859297,0.8287425149700599,0.8194444444444444,0.8144078144078144,0.7706535141800247,0.8228915662650602,0.7672413793103449,0.800235017626322,0.7597633136094675,0.7815533980582524,0.74002574002574,0.8221153846153846,0.7217165149544864,0.7422680412371134,0.71,0.71,0.71,0.7886297376093294,0.71,0.71,0.8356309650053022,0.8326180257510729,0.8301647655259823,0.8290282902829028,0.8028846153846154,0.7920792079207921,0.8046709129511678,0.7923832923832924,0.8344907407407407,0.7923832923832924,0.8407407407407408,0.7569620253164557,0.7570694087403599,0.8344907407407407,0.8528708133971292,0.8136882129277566,0.7717250324254216,0.8392434988179669,0.8469891411648569,0.8511087645195354,0.8469891411648569,0.8469891411648569,0.8469891411648569,0.8501702610669694,0.7981220657276995,0.8479657387580299,0.7951030927835052,0.7951030927835052,0.6702767749699158,0.6465116279069767,0.6465116279069767,0.760043431053203,0.7948717948717949,0.8167741935483871,0.8167741935483871,0.6918604651162791,0.7620357634112792,0.8116113744075829,0.7480832420591457,0.7481481481481482,0.8285714285714285,0.7956989247311828,0.752906976744186,0.5605670103092784,0.8270967741935484,0.7929634641407307,0.7437252311756934,0.8055893074119076,0.6650485436893203,0.7195402298850575,0.7832699619771863,0.7362482369534555,0.7437252311756934,0.8233082706766918
Blautia_A obeum,0.6218678815489749,0.33211233211233215,0.33211233211233215,0.33211233211233215,0.33211233211233215,0.33211233211233215,0.33211233211233215,0.33211233211233215,0.33211233211233215,0.33211233211233215,0.33211233211233215,0.5583424209378408,0.5583424209378408,0.6877828054298643,0.81237721021611,0.81237721021611,0.0,0.4810126582278481,0.4810126582278481,0.5172018348623852,0.5950506186726658,0.5950506186726658,0.6819637139807897,0.5428571428571429,0.512273212379936,0.5526046986721145,0.5862884160756501,0.5318230852211434,0.45847554038680316,0.45847554038680316,0.6405693950177935,0.6567926455566905,0.6736947791164658,0.5850487540628386,0.496141124586549,0.3877314814814815,0.3877314814814815,0.5954935622317596,0.6322815533980582,0.5318230852211434,0.5152838427947598,0.6504161712247325,0.5046923879040668,0.6927639383155397,0.6330472103004292,0.5748299319727892,0.7658031088082902,0.8008255933952528,0.7963320463320464,0.7723311546840959,0.7995867768595042,0.7963320463320464,0.7847579814624099,0.7897435897435897,0.7944015444015444,0.780638516992791,0.7525354969574036,0.7757009345794392,0.7847579814624099,0.7622601279317698,0.7724489795918368,0.7537796976241901,0.7897435897435897,0.7685774946921444,0.780638516992791,0.7549120992761117,0.77998017839445,0.787538304392237,0.7832460732984293,0.7574786324786325,0.7917098445595855,0.7851153039832285,0.7019230769230769,0.7019230769230769,0.7019230769230769,0.8195576251455181,0.7019230769230769,0.7019230769230769,0.6875,0.6950718685831623,0.761478163493841,0.7388888888888889,0.7757009345794392,0.8229284903518729,0.6923076923076923,0.7892004153686396,0.671875,0.7892004153686396,0.727891156462585,0.7877211238293444,0.7881981032665965,0.671875,0.7367256637168141,0.8171247357293869,0.80927291886196,0.6983240223463687,0.5394594594594595,0.6950718685831623,0.5394594594594595,0.5394594594594595,0.5394594594594595,0.7423764458464774,0.5851063829787234,0.7269969666329625,0.7605321507760532,0.7605321507760532,0.6268656716417911,0.5685441020191286,0.5685441020191286,0.75,0.6686274509803922,0.7414187643020596,0.7414187643020596,0.7845117845117845,0.7450753186558516,0.6923925027563396,0.6201873048907388,0.5200433369447455,0.6891734575087312,0.6722408026755853,0.7577565632458234,0.7906976744186046,0.7785234899328859,0.709483793517407,0.7113636363636364,0.7158590308370044,0.6069489685124865,0.599352051835853,0.7328159645232816,0.729093050647821,0.7113636363636364,0.6953488372093024
Blautia_A wexlerae,0.5224963715529753,0.600715137067938,0.600715137067938,0.600715137067938,0.600715137067938,0.600715137067938,0.600715137067938,0.600715137067938,0.600715137067938,0.600715137067938,0.600715137067938,0.6890951276102089,0.6890951276102089,0.6327683615819208,0.8174418604651162,0.8174418604651162,0.4810126582278481,0.0,0.0,0.6877234803337307,0.5887850467289719,0.5887850467289719,0.6662404092071611,0.6837060702875399,0.6120092378752886,0.6464088397790055,0.5125925925925926,0.6879910213243546,0.7205720572057206,0.7205720572057206,0.5300462249614792,0.6772673733804475,0.6887340301974448,0.6626650660264106,0.6992230854605994,0.6787678767876788,0.6787678767876788,0.7086705202312138,0.5016025641025641,0.5478260869565217,0.5944645006016847,0.5126182965299684,0.5886363636363636,0.6336336336336337,0.6458072590738423,0.4632034632034632,0.7712177121771218,0.7995049504950495,0.8105975197294251,0.6793785310734464,0.7980173482032218,0.8105975197294251,0.7936507936507937,0.7965895249695494,0.8203125,0.7753086419753086,0.7121588089330024,0.7631578947368421,0.7936507936507937,0.6905405405405405,0.7202531645569621,0.6821917808219178,0.7965895249695494,0.6847826086956521,0.7753086419753086,0.7222222222222222,0.7876312718786465,0.7776412776412777,0.7844611528822055,0.6913746630727763,0.7990135635018496,0.7927590511860174,0.8321917808219178,0.8321917808219178,0.8321917808219178,0.7713004484304933,0.8321917808219178,0.8321917808219178,0.7468354430379747,0.754041570438799,0.6810966810966811,0.671830985915493,0.7442748091603053,0.7718023255813954,0.6812278630460449,0.7855361596009975,0.5660919540229885,0.7855361596009975,0.6036036036036037,0.7898009950248757,0.7888748419721872,0.5660919540229885,0.6505681818181819,0.7656458055925432,0.7896774193548387,0.595959595959596,0.7761351636747624,0.6077419354838709,0.7761351636747624,0.7761351636747624,0.7761351636747624,0.6613333333333333,0.6883384932920537,0.6859605911330049,0.7227586206896552,0.7227586206896552,0.7014218009478673,0.6934389140271493,0.6934389140271493,0.7452934662236987,0.7622080679405521,0.6647058823529413,0.6647058823529413,0.7468354430379747,0.6438356164383562,0.6799468791500665,0.766050054406964,0.6490218642117376,0.5762195121951219,0.7042801556420233,0.7038167938931298,0.7729789590254706,0.7161198288159771,0.6436251920122888,0.6638297872340426,0.667578659370725,0.7531428571428571,0.734249713631157,0.682825484764543,0.6898079763663221,0.6638297872340426,0.6303387334315169
Blautia_A wexlerae_B,0.5224963715529753,0.600715137067938,0.600715137067938,0.600715137067938,0.600715137067938,0.600715137067938,0.600715137067938,0.600715137067938,0.600715137067938,0.600715137067938,0.600715137067938,0.6890951276102089,0.6890951276102089,0.6327683615819208,0.8174418604651162,0.8174418604651162,0.4810126582278481,0.0,0.0,0.6877234803337307,0.5887850467289719,0.5887850467289719,0.6662404092071611,0.6837060702875399,0.6120092378752886,0.6464088397790055,0.5125925925925926,0.6879910213243546,0.7205720572057206,0.7205720572057206,0.5300462249614792,0.6772673733804475,0.6887340301974448,0.6626650660264106,0.6992230854605994,0.6787678767876788,0.6787678767876788,0.7086705202312138,0.5016025641025641,0.5478260869565217,0.5944645006016847,0.5126182965299684,0.5886363636363636,0.6336336336336337,0.6458072590738423,0.4632034632034632,0.7712177121771218,0.7995049504950495,0.8105975197294251,0.6793785310734464,0.7980173482032218,0.8105975197294251,0.7936507936507937,0.7965895249695494,0.8203125,0.7753086419753086,0.7121588089330024,0.7631578947368421,0.7936507936507937,0.6905405405405405,0.7202531645569621,0.6821917808219178,0.7965895249695494,0.6847826086956521,0.7753086419753086,0.7222222222222222,0.7876312718786465,0.7776412776412777,0.7844611528822055,0.6913746630727763,0.7990135635018496,0.7927590511860174,0.8321917808219178,0.8321917808219178,0.8321917808219178,0.7713004484304933,0.8321917808219178,0.8321917808219178,0.7468354430379747,0.754041570438799,0.6810966810966811,0.671830985915493,0.7442748091603053,0.7718023255813954,0.6812278630460449,0.7855361596009975,0.5660919540229885,0.7855361596009975,0.6036036036036037,0.7898009950248757,0.7888748419721872,0.5660919540229885,0.6505681818181819,0.7656458055925432,0.7896774193548387,0.595959595959596,0.7761351636747624,0.6077419354838709,0.7761351636747624,0.7761351636747624,0.7761351636747624,0.6613333333333333,0.6883384932920537,0.6859605911330049,0.7227586206896552,0.7227586206896552,0.7014218009478673,0.6934389140271493,0.6934389140271493,0.7452934662236987,0.7622080679405521,0.6647058823529413,0.6647058823529413,0.7468354430379747,0.6438356164383562,0.6799468791500665,0.766050054406964,0.6490218642117376,0.5762195121951219,0.7042801556420233,0.7038167938931298,0.7729789590254706,0.7161198288159771,0.6436251920122888,0.6638297872340426,0.667578659370725,0.7531428571428571,0.734249713631157,0.682825484764543,0.6898079763663221,0.6638297872340426,0.6303387334315169
Agathobacter sp900317585,0.7200460829493087,0.5215869311551926,0.5215869311551926,0.5215869311551926,0.5215869311551926,0.5215869311551926,0.5215869311551926,0.5215869311551926,0.5215869311551926,0.5215869311551926,0.5215869311551926,0.3715046604527297,0.3715046604527297,0.6586599241466498,0.675417661097852,0.675417661097852,0.5172018348623852,0.6877234803337307,0.6877234803337307,0.0,0.5906862745098039,0.5906862745098039,0.6362545018007203,0.49148694665153236,0.5334088335220838,0.46565774155995343,0.707891637220259,0.4065656565656566,0.5529953917050692,0.5529953917050692,0.6977611940298507,0.5592417061611374,0.53125,0.4565217391304348,0.5754504504504505,0.5194508009153318,0.5194508009153318,0.47029077117572693,0.6854219948849105,0.5946547884187082,0.5216881594372802,0.601889338731444,0.5067114093959731,0.6409214092140921,0.599523241954708,0.6658986175115207,0.7076923076923076,0.7345238095238096,0.7028248587570621,0.8046511627906977,0.7146311970979444,0.7028248587570621,0.7207100591715976,0.7237308146399055,0.6842105263157895,0.7159763313609467,0.7475083056478405,0.7294117647058824,0.7207100591715976,0.8027057497181511,0.8064864864864865,0.7970353477765109,0.7237308146399055,0.8011299435028248,0.7159763313609467,0.7471655328798186,0.7295173961840629,0.690734055354994,0.733015494636472,0.8004509582863585,0.7221556886227545,0.7380952380952381,0.55627425614489,0.55627425614489,0.55627425614489,0.8193548387096774,0.55627425614489,0.55627425614489,0.7839506172839507,0.7740585774058577,0.8096926713947991,0.7725118483412322,0.7851518560179978,0.8111533586818758,0.7003222341568206,0.7175480769230769,0.7119244391971664,0.7175480769230769,0.7748502994011977,0.7202881152460985,0.7245145631067962,0.7119244391971664,0.7786885245901639,0.7784431137724551,0.7682198327359617,0.7354685646500594,0.6435536294691224,0.7397849462365591,0.6435536294691224,0.6435536294691224,0.6435536294691224,0.7878453038674034,0.5427350427350428,0.7815126050420168,0.7230576441102756,0.7230576441102756,0.5320987654320988,0.4554455445544554,0.4554455445544554,0.6630316248636859,0.7100409836065573,0.7580645161290323,0.7580645161290323,0.7464968152866243,0.7303225806451613,0.6563658838071693,0.5,0.49703440094899165,0.7367773677736777,0.6417910447761195,0.7456724367509986,0.7127545551982851,0.7934386391251519,0.7107001321003963,0.688212927756654,0.7861205915813424,0.47814910025706936,0.41534391534391535,0.7252747252747253,0.7289234760051881,0.688212927756654,0.6901408450704225
Mediterraneibacter faecis,0.6338028169014085,0.6706521739130435,0.6706521739130435,0.6706521739130435,0.6706521739130435,0.6706521739130435,0.6706521739130435,0.6706521739130435,0.6706521739130435,0.6706521739130435,0.6706521739130435,0.5225563909774436,0.5225563909774436,0.4910979228486647,0.6904176904176904,0.6904176904176904,0.5950506186726658,0.5887850467289719,0.5887850467289719,0.5906862745098039,0.0,0.0,0.41509433962264153,0.5447338618346547,0.657725321888412,0.5571913929784824,0.6253263707571801,0.5325301204819277,0.5622775800711743,0.5622775800711743,0.702457956015524,0.5012787723785166,0.5219573400250941,0.6753986332574031,0.6187782805429864,0.5242030696576151,0.5242030696576151,0.5815085158150852,0.6483516483516483,0.6421404682274248,0.6626373626373626,0.6106442577030813,0.6453305351521511,0.5291411042944785,0.3726618705035971,0.5754475703324808,0.6494845360824743,0.6644823066841415,0.6965761511216056,0.7544303797468355,0.6574440052700923,0.6965761511216056,0.6549935149156939,0.6823379923761118,0.6972909305064783,0.6409921671018277,0.6997607655502392,0.6223404255319149,0.6549935149156939,0.7600487210718636,0.7731481481481481,0.7472118959107807,0.6823379923761118,0.7627737226277372,0.6409921671018277,0.698159509202454,0.6210392902408112,0.6511627906976745,0.646746347941567,0.7281795511221945,0.6592398427260813,0.6435246995994659,0.7432590855803047,0.7432590855803047,0.7432590855803047,0.7801120448179272,0.7432590855803047,0.7432590855803047,0.7776584317937701,0.7712418300653595,0.7637997432605905,0.7100130039011703,0.7130434782608696,0.7967698519515478,0.6972067039106145,0.6765847347994826,0.6611253196930946,0.6765847347994826,0.7118421052631578,0.6463576158940397,0.6428571428571428,0.6611253196930946,0.7290076335877862,0.7373868046571799,0.6944444444444444,0.7240948813982522,0.7337526205450734,0.676056338028169,0.7337526205450734,0.7337526205450734,0.7337526205450734,0.7205346294046173,0.6839481555333998,0.7172413793103448,0.6588720770288858,0.6588720770288858,0.5071707953063885,0.5352798053527981,0.5352798053527981,0.627177700348432,0.6332958380202475,0.725699067909454,0.725699067909454,0.6237188872620791,0.6552217453505007,0.6203703703703703,0.6677927927927928,0.6545654565456546,0.6805369127516778,0.6246719160104988,0.637329286798179,0.7072625698324022,0.7480211081794195,0.6873239436619718,0.5296735905044511,0.7323420074349443,0.5943279901356351,0.590964590964591,0.6559139784946236,0.6853932584269663,0.5296735905044511,0.6421636615811372
Mediterraneibacter torques,0.6338028169014085,0.6706521739130435,0.6706521739130435,0.6706521739130435,0.6706521739130435,0.6706521739130435,0.6706521739130435,0.6706521739130435,0.6706521739130435,0.6706521739130435,0.6706521739130435,0.5225563909774436,0.5225563909774436,0.4910979228486647,0.6904176904176904,0.6904176904176904,0.5950506186726658,0.5887850467289719,0.5887850467289719,0.5906862745098039,0.0,0.0,0.41509433962264153,0.5447338618346547,0.657725321888412,0.5571913929784824,0.6253263707571801,0.5325301204819277,0.5622775800711743,0.5622775800711743,0.702457956015524,0.5012787723785166,0.5219573400250941,0.6753986332574031,0.6187782805429864,0.5242030696576151,0.5242030696576151,0.5815085158150852,0.6483516483516483,0.6421404682274248,0.6626373626373626,0.6106442577030813,0.6453305351521511,0.5291411042944785,0.3726618705035971,0.5754475703324808,0.6494845360824743,0.6644823066841415,0.6965761511216056,0.7544303797468355,0.6574440052700923,0.6965761511216056,0.6549935149156939,0.6823379923761118,0.6972909305064783,0.6409921671018277,0.6997607655502392,0.6223404255319149,0.6549935149156939,0.7600487210718636,0.7731481481481481,0.7472118959107807,0.6823379923761118,0.7627737226277372,0.6409921671018277,0.698159509202454,0.6210392902408112,0.6511627906976745,0.646746347941567,0.7281795511221945,0.6592398427260813,0.6435246995994659,0.7432590855803047,0.7432590855803047,0.7432590855803047,0.7801120448179272,0.7432590855803047,0.7432590855803047,0.7776584317937701,0.7712418300653595,0.7637997432605905,0.7100130039011703,0.7130434782608696,0.7967698519515478,0.6972067039106145,0.6765847347994826,0.6611253196930946,0.6765847347994826,0.7118421052631578,0.6463576158940397,0.6428571428571428,0.6611253196930946,0.7290076335877862,0.7373868046571799,0.6944444444444444,0.7240948813982522,0.7337526205450734,0.676056338028169,0.7337526205450734,0.7337526205450734,0.7337526205450734,0.7205346294046173,0.6839481555333998,0.7172413793103448,0.6588720770288858,0.6588720770288858,0.5071707953063885,0.5352798053527981,0.5352798053527981,0.627177700348432,0.6332958380202475,0.725699067909454,0.725699067909454,0.6237188872620791,0.6552217453505007,0.6203703703703703,0.6677927927927928,0.6545654565456546,0.6805369127516778,0.6246719160104988,0.637329286798179,0.7072625698324022,0.7480211081794195,0.6873239436619718,0.5296735905044511,0.7323420074349443,0.5943279901356351,0.590964590964591,0.6559139784946236,0.6853932584269663,0.5296735905044511,0.6421636615811372
Mediterraneibacter lactaris,0.7095588235294117,0.76,0.76,0.76,0.76,0.76,0.76,0.76,0.76,0.76,0.76,0.554590570719603,0.554590570719603,0.5952380952380952,0.6443298969072164,0.6443298969072164,0.6819637139807897,0.6662404092071611,0.6662404092071611,0.6362545018007203,0.41509433962264153,0.41509433962264153,0.0,0.6289104638619202,0.75678391959799,0.6229508196721312,0.7329268292682927,0.6032482598607889,0.5300613496932516,0.5300613496932516,0.6935270805812417,0.5077319587628866,0.5228426395939086,0.6808266360505166,0.6299659477866062,0.5661252900232019,0.5661252900232019,0.5916870415647921,0.7203166226912929,0.648709315375982,0.6852459016393442,0.6872483221476511,0.704868154158215,0.5371517027863777,0.39048991354466855,0.7134502923976609,0.6008119079837618,0.6811023622047244,0.6867469879518072,0.778337531486146,0.6307901907356948,0.6867469879518072,0.628686327077748,0.666232073011734,0.6779661016949152,0.6415343915343915,0.6978155339805825,0.6038251366120219,0.628686327077748,0.7932692307692308,0.7879490150637312,0.7630272952853598,0.666232073011734,0.7827669902912622,0.6415343915343915,0.6928838951310862,0.5997392438070404,0.6500655307994758,0.598326359832636,0.7595561035758323,0.625340599455041,0.6063977746870653,0.7404761904761905,0.7404761904761905,0.7404761904761905,0.7704447632711622,0.7404761904761905,0.7404761904761905,0.7552602436323367,0.7511210762331839,0.7956852791878173,0.8073170731707318,0.6964285714285714,0.7623066104078762,0.6834285714285715,0.6635761589403973,0.7356181150550796,0.6635761589403973,0.7997512437810945,0.6341463414634146,0.6303448275862069,0.7356181150550796,0.806060606060606,0.7634961439588689,0.6597796143250689,0.782608695652174,0.8189910979228486,0.7838427947598253,0.8189910979228486,0.8189910979228486,0.8189910979228486,0.8219954648526078,0.7585551330798479,0.8201284796573876,0.7083333333333333,0.7083333333333333,0.5254237288135593,0.5290482076637825,0.5290482076637825,0.6144721233689205,0.61795166858458,0.7925736235595391,0.7925736235595391,0.692090395480226,0.699438202247191,0.685823754789272,0.7125550660792952,0.7083333333333333,0.7544987146529563,0.6861499364675985,0.7425320056899004,0.761646803900325,0.8089171974522293,0.7824933687002653,0.6373779637377963,0.7725060827250608,0.6642941874258601,0.6231884057971014,0.7026315789473685,0.7158774373259054,0.6373779637377963,0.741851368970013
Enterocloster bolteae,0.7181069958847737,0.6187192118226601,0.6187192118226601,0.6187192118226601,0.6187192118226601,0.6187192118226601,0.6187192118226601,0.6187192118226601,0.6187192118226601,0.6187192118226601,0.6187192118226601,0.4282407407407407,0.4282407407407407,0.648587570621469,0.6949685534591195,0.6949685534591195,0.5428571428571429,0.6837060702875399,0.6837060702875399,0.49148694665153236,0.5447338618346547,0.5447338618346547,0.6289104638619202,0.0,0.440567066521265,0.33180252583237657,0.5903890160183066,0.45464601769911506,0.5311510031678986,0.5311510031678986,0.7826982492276005,0.5718816067653276,0.6039094650205761,0.5692963752665245,0.6111111111111112,0.4781682641107561,0.4781682641107561,0.5088691796008868,0.7640807651434645,0.638401559454191,0.5755102040816327,0.6842696629213483,0.5196374622356495,0.6782810685249709,0.6004273504273504,0.6859756097560976,0.6988335100742311,0.7268862911795961,0.7027300303336703,0.7885416666666667,0.725531914893617,0.7027300303336703,0.7186512118018967,0.72,0.7033299697275479,0.7331256490134994,0.7502467917077986,0.6750272628135223,0.7186512118018967,0.7785714285714286,0.7935735150925024,0.7769784172661871,0.72,0.7979899497487437,0.7331256490134994,0.7462082912032356,0.7005128205128205,0.7207112970711297,0.7132116004296456,0.7790224032586558,0.7171824973319103,0.7178111587982833,0.5767918088737201,0.5767918088737201,0.5767918088737201,0.7986270022883295,0.5767918088737201,0.5767918088737201,0.7760223048327137,0.7681432610744581,0.7863974495217854,0.7582184517497349,0.766497461928934,0.8024553571428572,0.7239089184060721,0.7266949152542372,0.7578520770010132,0.7266949152542372,0.7614973262032085,0.7155080213903744,0.7122692725298588,0.7578520770010132,0.7677824267782427,0.7893081761006289,0.7726315789473684,0.7868686868686868,0.6199004975124378,0.7681432610744581,0.6199004975124378,0.6199004975124378,0.6199004975124378,0.768,0.5818353831598865,0.7414965986394557,0.7134894091415831,0.7134894091415831,0.5577342047930283,0.4495515695067265,0.4495515695067265,0.6888246628131021,0.7257769652650823,0.7811158798283262,0.7811158798283262,0.6958041958041958,0.7635359116022099,0.7123287671232876,0.5797705943691345,0.5590955806783144,0.7958549222797927,0.696068012752391,0.7269503546099291,0.6759167492566898,0.7645125958378971,0.6944770857814336,0.6674259681093394,0.7492195629552549,0.38555691554467564,0.5122767857142857,0.7226435536294691,0.7271689497716896,0.6674259681093394,0.724669603524229
Enterocloster citroniae,0.5774647887323944,0.5162689804772234,0.5162689804772234,0.5162689804772234,0.5162689804772234,0.5162689804772234,0.5162689804772234,0.5162689804772234,0.5162689804772234,0.5162689804772234,0.5162689804772234,0.5450549450549451,0.5450549450549451,0.7342047930283224,0.7829145728643216,0.7829145728643216,0.512273212379936,0.6120092378752886,0.6120092378752886,0.5334088335220838,0.657725321888412,0.657725321888412,0.75678391959799,0.440567066521265,0.0,0.4609544468546638,0.4380704041720991,0.49392265193370166,0.6630541871921183,0.6630541871921183,0.6998867497168744,0.6973293768545994,0.686196623634558,0.5530973451327434,0.6953199617956065,0.633692458374143,0.633692458374143,0.60828025477707,0.693287037037037,0.5071193866374589,0.45578231292517,0.7167042889390519,0.488421052631579,0.7854785478547854,0.7265469061876247,0.48313253012048196,0.7308510638297872,0.7388949079089924,0.7268093781855249,0.706758304696449,0.737527114967462,0.7268093781855249,0.734475374732334,0.7317596566523605,0.7089783281733746,0.7206040992448759,0.6416758544652701,0.7149075081610445,0.734475374732334,0.6873589164785553,0.6987041036717063,0.6981981981981982,0.7317596566523605,0.6855203619909502,0.7206040992448759,0.6585094549499444,0.7275541795665634,0.7173678532901834,0.7483870967741936,0.7041156840934372,0.7467811158798283,0.7516129032258064,0.5898030127462341,0.5898030127462341,0.5898030127462341,0.784688995215311,0.5898030127462341,0.5898030127462341,0.704040404040404,0.6943589743589744,0.7010550996483,0.6809744779582367,0.6964679911699779,0.8286358511837655,0.6608784473953013,0.7345612134344528,0.6814159292035398,0.7345612134344528,0.6760895170789163,0.7424568965517242,0.7437295528898582,0.6814159292035398,0.7160493827160495,0.7867965367965368,0.747787610619469,0.7147577092511013,0.6151484135107472,0.6767151767151767,0.6151484135107472,0.6151484135107472,0.6151484135107472,0.6892778993435449,0.4818652849740933,0.6837160751565762,0.7358916478555304,0.7358916478555304,0.659043659043659,0.5859538784067087,0.5859538784067087,0.7078870496592016,0.7522935779816513,0.6786570743405276,0.6786570743405276,0.7767756482525366,0.8011049723756907,0.723952738990333,0.5811965811965811,0.5130434782608695,0.7254237288135593,0.6947483588621444,0.7523923444976077,0.6966966966966968,0.7249417249417249,0.7132616487455197,0.7692307692307692,0.6772366930917327,0.5463800904977376,0.5787746170678336,0.779317697228145,0.7297297297297297,0.7692307692307692,0.7342342342342343
Enterocloster asparagiformis,0.6561479869423286,0.5585492227979274,0.5585492227979274,0.5585492227979274,0.5585492227979274,0.5585492227979274,0.5585492227979274,0.5585492227979274,0.5585492227979274,0.5585492227979274,0.5585492227979274,0.3848920863309353,0.3848920863309353,0.5705669481302774,0.7051416579223504,0.7051416579223504,0.5526046986721145,0.6464088397790055,0.6464088397790055,0.46565774155995343,0.5571913929784824,0.5571913929784824,0.6229508196721312,0.33180252583237657,0.4609544468546638,0.0,0.652317880794702,0.4285714285714286,0.5240641711229946,0.5240641711229946,0.7422126745435016,0.5622317596566524,0.5771670190274841,0.5389681668496158,0.5884146341463414,0.47854077253218885,0.47854077253218885,0.4909502262443439,0.7214206437291898,0.5928934010152285,0.549738219895288,0.6712485681557847,0.5202839756592292,0.620563035495716,0.5662251655629139,0.6303418803418803,0.7050053248136315,0.7222820236813778,0.6927029804727647,0.7848101265822784,0.7111834961997828,0.6927029804727647,0.7043010752688172,0.7194473963868225,0.6986721144024515,0.7287066246056783,0.7512437810945274,0.6783754116355654,0.7043010752688172,0.777319587628866,0.7913385826771654,0.7807652533609101,0.7194473963868225,0.7920489296636086,0.7287066246056783,0.7420675537359263,0.7064881565396499,0.729559748427673,0.7153679653679654,0.7889908256880733,0.7124324324324325,0.7074235807860262,0.5697808535178777,0.5697808535178777,0.5697808535178777,0.7988439306358381,0.5697808535178777,0.5697808535178777,0.7725563909774436,0.7668886774500476,0.775974025974026,0.7432286023835319,0.756198347107438,0.8027057497181511,0.6792079207920791,0.7383474576271186,0.717001055966209,0.7383474576271186,0.7532608695652174,0.7065217391304348,0.7016574585635359,0.717001055966209,0.7518716577540107,0.788135593220339,0.7620578778135048,0.7353878852284803,0.6072874493927125,0.7014028056112225,0.6072874493927125,0.6072874493927125,0.6072874493927125,0.7425334706488156,0.522343594836147,0.7287128712871287,0.7084745762711864,0.7084745762711864,0.518058690744921,0.4211737629459148,0.4211737629459148,0.6336032388663968,0.6977401129943503,0.7582781456953642,0.7582781456953642,0.7116279069767442,0.7337142857142858,0.6765027322404371,0.541036717062635,0.5154749199573105,0.7420765027322405,0.6275395033860045,0.717208182912154,0.6670020120724346,0.7911255411255411,0.7312572087658593,0.6267772511848342,0.7846938775510204,0.48259860788863107,0.47520184544405997,0.6697038724373576,0.7102803738317758,0.6267772511848342,0.6995464852607709
Enterocloster clostridioformis,0.5261627906976745,0.6283704572098476,0.6283704572098476,0.6283704572098476,0.6283704572098476,0.6283704572098476,0.6283704572098476,0.6283704572098476,0.6283704572098476,0.6283704572098476,0.6283704572098476,0.7116704805491991,0.7116704805491991,0.6666666666666667,0.8124267291910903,0.8124267291910903,0.5862884160756501,0.5125925925925926,0.5125925925925926,0.707891637220259,0.6253263707571801,0.6253263707571801,0.7329268292682927,0.5903890160183066,0.4380704041720991,0.652317880794702,0.0,0.6865839909808342,0.7443120260021668,0.7443120260021668,0.5692771084337349,0.7152698048220436,0.7157534246575342,0.7032710280373832,0.7359307359307359,0.7142857142857143,0.7142857142857143,0.7323462414578588,0.5543478260869565,0.5527950310559007,0.6126340882002383,0.6129985228951256,0.6425438596491229,0.7130681818181819,0.691747572815534,0.41877794336810725,0.7292464878671775,0.7567567567567568,0.7905638665132336,0.6565656565656566,0.7647058823529411,0.7905638665132336,0.7464968152866243,0.7448979591836735,0.7826589595375723,0.7333333333333334,0.6448230668414154,0.716710182767624,0.7464968152866243,0.6312056737588653,0.6205479452054794,0.6255380200860832,0.7448979591836735,0.6384180790960452,0.7333333333333334,0.6684280052840159,0.7393422655298416,0.7245817245817245,0.751937984496124,0.6418539325842696,0.7564102564102564,0.7509727626459144,0.8025851938895417,0.8025851938895417,0.8025851938895417,0.7015873015873015,0.8025851938895417,0.8025851938895417,0.7098692033293699,0.6985472154963681,0.6356821589205397,0.5900900900900901,0.6928191489361701,0.7485119047619048,0.7162629757785467,0.7467700258397933,0.6175243393602226,0.7467700258397933,0.6220238095238095,0.748062015503876,0.7480314960629921,0.6175243393602226,0.6446991404011462,0.7425068119891007,0.7563249001331558,0.6616022099447514,0.7265711135611908,0.62002567394095,0.7265711135611908,0.7265711135611908,0.7265711135611908,0.6263736263736264,0.6705141657922351,0.645859872611465,0.7068723702664796,0.7068723702664796,0.759090909090909,0.7309812568908489,0.7309812568908489,0.7483370288248337,0.7369565217391305,0.5962732919254659,0.5962732919254659,0.7346647646219686,0.7731673582295989,0.6799999999999999,0.7416481069042316,0.6809470124013528,0.6560693641618497,0.7161290322580645,0.689922480620155,0.7397260273972603,0.6586826347305389,0.6350931677018634,0.7185792349726776,0.5942028985507246,0.7316219369894983,0.7502837684449489,0.7322623828647925,0.6560121765601218,0.7185792349726776,0.6771428571428572
Coprococcus eutactus,0.6841517857142857,0.5767590618336886,0.5767590618336886,0.5767590618336886,0.5767590618336886,0.5767590618336886,0.5767590618336886,0.5767590618336886,0.5767590618336886,0.5767590618336886,0.5767590618336886,0.4120541205412054,0.4120541205412054,0.6717647058823529,0.6778900112233446,0.6778900112233446,0.5318230852211434,0.6879910213243546,0.6879910213243546,0.4065656565656566,0.5325301204819277,0.5325301204819277,0.6032482598607889,0.45464601769911506,0.49392265193370166,0.4285714285714286,0.6865839909808342,0.0,0.5239687848383501,0.5239687848383501,0.747191011235955,0.5749167591564928,0.579295154185022,0.46570397111913353,0.5573593073593073,0.45227272727272727,0.45227272727272727,0.4657863145258103,0.7105882352941176,0.5925925925925926,0.5427631578947368,0.6666666666666667,0.5683673469387756,0.6126943005181347,0.5986471251409244,0.6512651265126512,0.7111111111111111,0.7220338983050847,0.72,0.8240343347639485,0.7377232142857143,0.72,0.7275747508305648,0.735973597359736,0.6931330472103004,0.7174638487208009,0.7677286742034943,0.6984126984126984,0.7275747508305648,0.7927350427350427,0.8053007135575942,0.802771855010661,0.735973597359736,0.806553911205074,0.7174638487208009,0.7626582278481013,0.7124463519313304,0.7352297592997812,0.7133105802047781,0.7944621938232161,0.7160633484162896,0.7064220183486238,0.5525672371638142,0.5525672371638142,0.5525672371638142,0.781908302354399,0.5525672371638142,0.5525672371638142,0.7781036168132942,0.7759131293188549,0.7975391498881432,0.7454545454545455,0.7412280701754386,0.8192488262910798,0.6824742268041237,0.7527472527472527,0.7374727668845316,0.7527472527472527,0.793141592920354,0.7357859531772575,0.7384441939120632,0.7374727668845316,0.787117903930131,0.7937915742793792,0.753968253968254,0.7552140504939626,0.6666666666666667,0.7562688064192578,0.6666666666666667,0.6666666666666667,0.6666666666666667,0.8112244897959184,0.5765407554671969,0.7901477832512316,0.7389791183294663,0.7389791183294663,0.4891826923076923,0.4087061668681983,0.4087061668681983,0.6115879828326181,0.6445352400408579,0.7852272727272727,0.7852272727272727,0.7401197604790419,0.737094837935174,0.6739380022962113,0.4303030303030303,0.4915254237288136,0.7311703360370799,0.6255924170616114,0.7327478042659975,0.6795005202913631,0.7846506300114547,0.7482014388489209,0.6678743961352658,0.7513751375137514,0.4879227053140096,0.41551939924906134,0.7084785133565621,0.7172582619339045,0.6678743961352658,0.7027348394768134
Dorea_A longicatena_B,0.7427652733118971,0.5233333333333333,0.5233333333333333,0.5233333333333333,0.5233333333333333,0.5233333333333333,0.5233333333333333,0.5233333333333333,0.5233333333333333,0.5233333333333333,0.5233333333333333,0.4774881516587678,0.4774881516587678,0.6371359223300971,0.7049723756906077,0.7049723756906077,0.45847554038680316,0.7205720572057206,0.7205720572057206,0.5529953917050692,0.5622775800711743,0.5622775800711743,0.5300613496932516,0.5311510031678986,0.6630541871921183,0.5240641711229946,0.7443120260021668,0.5239687848383501,0.0,0.0,0.720876585928489,0.613882863340564,0.6267379679144385,0.65,0.4694348327566321,0.29648241206030146,0.29648241206030146,0.5691788526434196,0.7528604118993135,0.6852035749751737,0.6332644628099173,0.7112676056338028,0.652844744455159,0.6311053984575836,0.5732410611303345,0.7304890738813736,0.6945701357466063,0.7513873473917869,0.7369519832985386,0.7875417130144605,0.7302483069977427,0.7369519832985386,0.7171717171717171,0.7480832420591457,0.7282266526757608,0.7297895902547065,0.7764102564102564,0.7110609480812642,0.7171717171717171,0.8004268943436499,0.8016443987667009,0.7805676855895196,0.7480832420591457,0.787257019438445,0.7297895902547065,0.7728706624605678,0.7049891540130152,0.7306843267108167,0.7128146453089245,0.7747551686615887,0.7300337457817773,0.7103448275862069,0.627039627039627,0.627039627039627,0.627039627039627,0.7833125778331258,0.627039627039627,0.627039627039627,0.7175257731958763,0.7145833333333333,0.7975253093363329,0.8104008667388949,0.7812166488794023,0.7864077669902912,0.7355864811133201,0.7371364653243848,0.7628755364806867,0.7371364653243848,0.8024282560706402,0.7108571428571429,0.7043073341094296,0.7628755364806867,0.8105489773950485,0.7690557451649602,0.7349537037037037,0.8126315789473684,0.5870967741935484,0.794921875,0.5870967741935484,0.5870967741935484,0.5870967741935484,0.8233502538071066,0.6759517177344476,0.8089668615984406,0.79082774049217,0.79082774049217,0.5800227014755959,0.48554913294797686,0.48554913294797686,0.718407960199005,0.6296680497925311,0.8201997780244173,0.8201997780244173,0.7397590361445783,0.7412755716004813,0.7345814977973568,0.6124865446716901,0.6141814389989573,0.7832402234636872,0.6841505131128849,0.7889022919179735,0.8107344632768362,0.8342541436464088,0.8231292517006803,0.7017751479289941,0.806553911205074,0.5984251968503937,0.576271186440678,0.7559055118110236,0.760998810939358,0.7017751479289941,0.7656427758816837
Dorea_A longicatena,0.7427652733118971,0.5233333333333333,0.5233333333333333,0.5233333333333333,0.5233333333333333,0.5233333333333333,0.5233333333333333,0.5233333333333333,0.5233333333333333,0.5233333333333333,0.5233333333333333,0.4774881516587678,0.4774881516587678,0.6371359223300971,0.7049723756906077,0.7049723756906077,0.45847554038680316,0.7205720572057206,0.7205720572057206,0.5529953917050692,0.5622775800711743,0.5622775800711743,0.5300613496932516,0.5311510031678986,0.6630541871921183,0.5240641711229946,0.7443120260021668,0.5239687848383501,0.0,0.0,0.720876585928489,0.613882863340564,0.6267379679144385,0.65,0.4694348327566321,0.29648241206030146,0.29648241206030146,0.5691788526434196,0.7528604118993135,0.6852035749751737,0.6332644628099173,0.7112676056338028,0.652844744455159,0.6311053984575836,0.5732410611303345,0.7304890738813736,0.6945701357466063,0.7513873473917869,0.7369519832985386,0.7875417130144605,0.7302483069977427,0.7369519832985386,0.7171717171717171,0.7480832420591457,0.7282266526757608,0.7297895902547065,0.7764102564102564,0.7110609480812642,0.7171717171717171,0.8004268943436499,0.8016443987667009,0.7805676855895196,0.7480832420591457,0.787257019438445,0.7297895902547065,0.7728706624605678,0.7049891540130152,0.7306843267108167,0.7128146453089245,0.7747551686615887,0.7300337457817773,0.7103448275862069,0.627039627039627,0.627039627039627,0.627039627039627,0.7833125778331258,0.627039627039627,0.627039627039627,0.7175257731958763,0.7145833333333333,0.7975253093363329,0.8104008667388949,0.7812166488794023,0.7864077669902912,0.7355864811133201,0.7371364653243848,0.7628755364806867,0.7371364653243848,0.8024282560706402,0.7108571428571429,0.7043073341094296,0.7628755364806867,0.8105489773950485,0.7690557451649602,0.7349537037037037,0.8126315789473684,0.5870967741935484,0.794921875,0.5870967741935484,0.5870967741935484,0.5870967741935484,0.8233502538071066,0.6759517177344476,0.8089668615984406,0.79082774049217,0.79082774049217,0.5800227014755959,0.48554913294797686,0.48554913294797686,0.718407960199005,0.6296680497925311,0.8201997780244173,0.8201997780244173,0.7397590361445783,0.7412755716004813,0.7345814977973568,0.6124865446716901,0.6141814389989573,0.7832402234636872,0.6841505131128849,0.7889022919179735,0.8107344632768362,0.8342541436464088,0.8231292517006803,0.7017751479289941,0.806553911205074,0.5984251968503937,0.576271186440678,0.7559055118110236,0.760998810939358,0.7017751479289941,0.7656427758816837
Lachnospira eligens_A,0.6089466089466089,0.6538461538461539,0.6538461538461539,0.6538461538461539,0.6538461538461539,0.6538461538461539,0.6538461538461539,0.6538461538461539,0.6538461538461539,0.6538461538461539,0.6538461538461539,0.7159904534606205,0.7159904534606205,0.6905444126074498,0.793233082706767,0.793233082706767,0.6405693950177935,0.5300462249614792,0.5300462249614792,0.6977611940298507,0.702457956015524,0.702457956015524,0.6935270805812417,0.7826982492276005,0.6998867497168744,0.7422126745435016,0.5692771084337349,0.747191011235955,0.720876585928489,0.720876585928489,0.0,0.7026699029126213,0.7217598097502973,0.7104622871046229,0.7424071991001124,0.7653390742734123,0.7653390742734123,0.7375296912114014,0.4731369150779896,0.5500650195058517,0.6398046398046398,0.6174183514774494,0.6959385290889133,0.6666666666666667,0.7213930348258706,0.586013986013986,0.756578947368421,0.757123473541384,0.7851941747572816,0.6383307573415765,0.7588075880758808,0.7851941747572816,0.7344173441734417,0.749665327978581,0.773838630806846,0.7426273458445041,0.6408839779005524,0.7526737967914439,0.7344173441734417,0.6199095022624435,0.5801186943620178,0.6200607902735562,0.749665327978581,0.6439169139465875,0.7426273458445041,0.6468926553672316,0.7515842839036755,0.7197278911564626,0.757123473541384,0.6251874062968517,0.7584345479082322,0.7493150684931507,0.7811320754716982,0.7811320754716982,0.7811320754716982,0.7092436974789915,0.7811320754716982,0.7811320754716982,0.7094763092269327,0.7025316455696202,0.6456692913385826,0.6751117734724292,0.6803394625176804,0.7562893081761006,0.6212710765239948,0.7465940054495912,0.5825825825825826,0.7465940054495912,0.6707132018209407,0.7236111111111111,0.7249647390691114,0.5825825825825826,0.691970802919708,0.7510729613733905,0.7407407407407407,0.6564327485380117,0.806695464362851,0.6315086782376502,0.806695464362851,0.806695464362851,0.806695464362851,0.6986301369863014,0.6956055734190782,0.7289836888331243,0.759601706970128,0.759601706970128,0.763938315539739,0.767077267637178,0.767077267637178,0.7835400225479143,0.7712707182320442,0.6357827476038338,0.6357827476038338,0.7991391678622668,0.7298937784522004,0.6571428571428571,0.7643020594965675,0.6823529411764706,0.6335403726708074,0.7107776261937244,0.7636080870917574,0.8236607142857143,0.6984615384615385,0.7401215805471124,0.7204610951008645,0.6102719033232629,0.8148571428571428,0.7835648148148149,0.7472067039106145,0.7065217391304348,0.7204610951008645,0.6666666666666667
Roseburia inulinivorans,0.6886574074074074,0.6793032786885246,0.6793032786885246,0.6793032786885246,0.6793032786885246,0.6793032786885246,0.6793032786885246,0.6793032786885246,0.6793032786885246,0.6793032786885246,0.6793032786885246,0.416030534351145,0.416030534351145,0.5,0.6491646778042959,0.6491646778042959,0.6567926455566905,0.6772673733804475,0.6772673733804475,0.5592417061611374,0.5012787723785166,0.5012787723785166,0.5077319587628866,0.5718816067653276,0.6973293768545994,0.5622317596566524,0.7152698048220436,0.5749167591564928,0.613882863340564,0.613882863340564,0.7026699029126213,0.0,0.22539229671897287,0.6175478065241844,0.6026058631921825,0.5955176093916756,0.5955176093916756,0.5138721351025332,0.6708860759493671,0.6735537190082644,0.6307363927427961,0.620599739243807,0.6389167502507522,0.5144927536231885,0.49623115577889443,0.6975717439293598,0.6878680800942285,0.7114014251781473,0.6219081272084805,0.810872027180068,0.6864406779661016,0.6219081272084805,0.6931279620853081,0.7099415204678363,0.6047619047619048,0.7202312138728324,0.7371303395399781,0.703529411764706,0.6931279620853081,0.8127053669222344,0.7944325481798715,0.804661487236404,0.7099415204678363,0.8150984682713348,0.7202312138728324,0.7251131221719457,0.6989853438556933,0.7108013937282229,0.6990407673860911,0.8105147864184009,0.6847826086956521,0.7072879330943846,0.732739420935412,0.732739420935412,0.732739420935412,0.8169191919191919,0.732739420935412,0.732739420935412,0.7218683651804672,0.7161290322580645,0.8333333333333334,0.7894736842105263,0.7519818799546999,0.8206388206388207,0.6356589147286822,0.7158018867924528,0.7337883959044369,0.7158018867924528,0.7877030162412992,0.6875753920386007,0.6850490196078431,0.7337883959044369,0.7786697247706422,0.8118586088939567,0.7267230955259976,0.7579908675799087,0.7607003891050583,0.749738219895288,0.7607003891050583,0.7607003891050583,0.7607003891050583,0.7823721436343852,0.6673076923076924,0.7751295336787565,0.7068322981366459,0.7068322981366459,0.5668639053254438,0.5180863477246207,0.5180863477246207,0.5769669327251996,0.5558060879368658,0.7674698795180723,0.7674698795180723,0.6693121693121693,0.6866840731070496,0.6475609756097561,0.6334792122538293,0.6417281348788197,0.736144578313253,0.6738095238095239,0.726552179656539,0.6989361702127659,0.8072855464159812,0.760248447204969,0.6448717948717948,0.8111353711790393,0.5960419091967404,0.6276715410573679,0.6968215158924205,0.7720588235294118,0.6448717948717948,0.7271619975639464
Roseburia intestinalis,0.7056818181818182,0.6690647482014389,0.6690647482014389,0.6690647482014389,0.6690647482014389,0.6690647482014389,0.6690647482014389,0.6690647482014389,0.6690647482014389,0.6690647482014389,0.6690647482014389,0.44789081885856075,0.44789081885856075,0.5163487738419619,0.6420047732696897,0.6420047732696897,0.6736947791164658,0.6887340301974448,0.6887340301974448,0.53125,0.5219573400250941,0.5219573400250941,0.5228426395939086,0.6039094650205761,0.686196623634558,0.5771670190274841,0.7157534246575342,0.579295154185022,0.6267379679144385,0.6267379679144385,0.7217598097502973,0.22539229671897287,0.0,0.6308203991130821,0.6096774193548387,0.6185997910135841,0.6185997910135841,0.5349112426035503,0.6914498141263941,0.698284561049445,0.6558915537017727,0.6235446313065977,0.6491575817641229,0.5208034433285509,0.5329268292682927,0.6792873051224944,0.6586826347305389,0.7011904761904761,0.5983313468414779,0.8013620885357549,0.6662591687041565,0.5983313468414779,0.6750298685782556,0.6813317479191439,0.580722891566265,0.6890459363957597,0.7305585980284776,0.6903073286052009,0.6750298685782556,0.8139281828073993,0.7931769722814499,0.8006644518272426,0.6813317479191439,0.8032967032967033,0.6890459363957597,0.7226606538895153,0.6892655367231638,0.7008149010477299,0.683956574185766,0.8039430449069003,0.656441717791411,0.690734055354994,0.7160493827160495,0.7160493827160495,0.7160493827160495,0.818295739348371,0.7160493827160495,0.7160493827160495,0.7072649572649572,0.6998916576381364,0.8157894736842105,0.784,0.7592385218365062,0.817625458996328,0.6305309734513274,0.6995249406175772,0.7240592930444698,0.6995249406175772,0.7750582750582751,0.7007125890736342,0.7,0.7240592930444698,0.7647058823529411,0.7856315179606026,0.7240963855421687,0.7749160134378499,0.7584869059165859,0.7408184679958028,0.7584869059165859,0.7584869059165859,0.7584869059165859,0.7771739130434783,0.6742857142857143,0.7727272727272727,0.7105911330049262,0.7105911330049262,0.5732708089097304,0.5265588914549654,0.5265588914549654,0.5830508474576271,0.5794701986754967,0.7793594306049823,0.7793594306049823,0.677124183006536,0.7058823529411764,0.6402439024390244,0.6269146608315099,0.6397058823529411,0.7410501193317423,0.6869871043376319,0.7320261437908497,0.7197916666666666,0.8169177288528389,0.7650676506765067,0.6561314791403288,0.814935064935065,0.6242905788876276,0.6270996640537514,0.7177033492822966,0.7707317073170732,0.6561314791403288,0.7306763285024155
Anaerostipes hadrus,0.7005780346820809,0.6221743810548978,0.6221743810548978,0.6221743810548978,0.6221743810548978,0.6221743810548978,0.6221743810548978,0.6221743810548978,0.6221743810548978,0.6221743810548978,0.6221743810548978,0.47029702970297027,0.47029702970297027,0.6886446886446886,0.7194982896237172,0.7194982896237172,0.5850487540628386,0.6626650660264106,0.6626650660264106,0.4565217391304348,0.6753986332574031,0.6753986332574031,0.6808266360505166,0.5692963752665245,0.5530973451327434,0.5389681668496158,0.7032710280373832,0.46570397111913353,0.65,0.65,0.7104622871046229,0.6175478065241844,0.6308203991130821,0.0,0.4911452184179457,0.6227608008429926,0.6227608008429926,0.3758300132802125,0.64629388816645,0.5311059907834101,0.4035087719298246,0.6287581699346405,0.4470046082949308,0.6788036410923277,0.67853170189099,0.7046460176991151,0.7816979051819184,0.7896512935883014,0.7701271186440678,0.8250564334085779,0.792368125701459,0.7701271186440678,0.7898230088495575,0.7830923248053393,0.752145922746781,0.798687089715536,0.7790821771611526,0.7855555555555556,0.7898230088495575,0.8002232142857143,0.80406852248394,0.8185840707964602,0.7830923248053393,0.8079911209766926,0.798687089715536,0.7808069792802617,0.7985309548793285,0.7901098901098901,0.7882882882882882,0.8318872017353579,0.7741203178206584,0.7820658342792282,0.6446578631452581,0.6446578631452581,0.6446578631452581,0.7837483617300132,0.6446578631452581,0.6446578631452581,0.7830957230142566,0.7871033776867963,0.8180764774044033,0.7629716981132075,0.7882483370288248,0.8156911581569116,0.7126315789473684,0.789237668161435,0.7581552305961755,0.789237668161435,0.8146453089244852,0.7971014492753623,0.7977401129943502,0.7581552305961755,0.7917620137299771,0.8261363636363637,0.7615658362989324,0.7185273159144894,0.6863966770508827,0.7366737739872069,0.6863966770508827,0.6863966770508827,0.6863966770508827,0.7921653971708379,0.5581151832460733,0.791967044284243,0.7383863080684596,0.7383863080684596,0.5724465558194775,0.49342891278375145,0.49342891278375145,0.6590909090909092,0.690010298661174,0.7634146341463415,0.7634146341463415,0.7826617826617827,0.7102199223803364,0.6904761904761905,0.5342789598108747,0.5421412300683371,0.7223587223587223,0.6606060606060606,0.7772087067861716,0.7301255230125523,0.7761557177615572,0.7433290978398983,0.7203907203907204,0.7586206896551724,0.575,0.5444711538461539,0.7265060240963855,0.7556390977443609,0.7203907203907204,0.6278145695364239
Eubacterium_G ventriosum,0.7492063492063492,0.5377049180327869,0.5377049180327869,0.5377049180327869,0.5377049180327869,0.5377049180327869,0.5377049180327869,0.5377049180327869,0.5377049180327869,0.5377049180327869,0.5377049180327869,0.48831775700934577,0.48831775700934577,0.6007416563658838,0.7232432432432432,0.7232432432432432,0.496141124586549,0.6992230854605994,0.6992230854605994,0.5754504504504505,0.6187782805429864,0.6187782805429864,0.6299659477866062,0.6111111111111112,0.6953199617956065,0.5884146341463414,0.7359307359307359,0.5573593073593073,0.4694348327566321,0.4694348327566321,0.7424071991001124,0.6026058631921825,0.6096774193548387,0.4911452184179457,0.0,0.4417808219178082,0.4417808219178082,0.4047322540473225,0.6916666666666667,0.6576032225579054,0.6096033402922756,0.65,0.5954045954045954,0.5737051792828685,0.6109253065774805,0.7573306370070778,0.7821989528795812,0.7948990435706695,0.7978303747534516,0.8358050847457628,0.7897545357524013,0.7978303747534516,0.7899159663865546,0.78609062170706,0.7886904761904762,0.8204081632653062,0.826171875,0.7755319148936171,0.7899159663865546,0.8246887966804979,0.817907444668008,0.8283038501560874,0.78609062170706,0.8437180796731358,0.8204081632653062,0.827517447657029,0.7982017982017982,0.8221544715447154,0.7871657754010695,0.831101956745623,0.7697297297297298,0.7890792291220556,0.6984649122807017,0.6984649122807017,0.6984649122807017,0.8106151990349819,0.6984649122807017,0.6984649122807017,0.7618577075098814,0.7717391304347826,0.8257080610021786,0.7901639344262295,0.8338399189463019,0.8073286052009456,0.7915094339622641,0.8304213771839671,0.7664543524416136,0.8304213771839671,0.8211206896551724,0.7980972515856237,0.8012820512820513,0.7664543524416136,0.8021505376344086,0.8319057815845825,0.8276595744680851,0.7708108108108108,0.6318510858324715,0.7753694581280788,0.6318510858324715,0.6318510858324715,0.6318510858324715,0.8178137651821862,0.7025316455696202,0.8220095693779904,0.7955801104972375,0.7955801104972375,0.5517241379310345,0.4977220956719818,0.4977220956719818,0.7346341463414634,0.6203319502074689,0.8008948545861297,0.8008948545861297,0.7134146341463414,0.7118437118437119,0.7288693743139407,0.630801687763713,0.6346938775510205,0.764904386951631,0.709211986681465,0.7631257631257631,0.7908745247148289,0.8151447661469933,0.7797202797202797,0.6722689075630253,0.8145833333333333,0.6101882613510521,0.6085526315789473,0.7415349887133182,0.7664319248826291,0.6722689075630253,0.7468499427262314
Bariatricus comes,0.6964477933261571,0.4760312151616499,0.4760312151616499,0.4760312151616499,0.4760312151616499,0.4760312151616499,0.4760312151616499,0.4760312151616499,0.4760312151616499,0.4760312151616499,0.4760312151616499,0.46341463414634143,0.46341463414634143,0.6129032258064516,0.735632183908046,0.735632183908046,0.3877314814814815,0.6787678767876788,0.6787678767876788,0.5194508009153318,0.5242030696576151,0.5242030696576151,0.5661252900232019,0.4781682641107561,0.633692458374143,0.47854077253218885,0.7142857142857143,0.45227272727272727,0.29648241206030146,0.29648241206030146,0.7653390742734123,0.5955176093916756,0.6185997910135841,0.6227608008429926,0.4417808219178082,0.0,0.0,0.531390134529148,0.7225368063420159,0.638,0.6349047141424273,0.6587957497048407,0.6281070745697896,0.6108312342569269,0.5157159487776484,0.6923076923076923,0.7372881355932204,0.794818652849741,0.7704433497536946,0.8151260504201681,0.7601279317697228,0.7704433497536946,0.7568421052631579,0.7862281603288798,0.7623762376237624,0.765625,0.8083252662149081,0.7513227513227514,0.7568421052631579,0.8286290322580645,0.8253658536585367,0.8165983606557377,0.7862281603288798,0.8260869565217391,0.765625,0.8033763654419066,0.749238578680203,0.7827868852459017,0.7508055853920516,0.8073770491803278,0.7598299681190224,0.7553648068669527,0.6839826839826839,0.6839826839826839,0.6839826839826839,0.8211382113821138,0.6839826839826839,0.6839826839826839,0.7601547388781431,0.7553816046966733,0.838405036726128,0.8067226890756303,0.8223552894211577,0.8271186440677967,0.7825278810408922,0.780564263322884,0.7423442449841605,0.780564263322884,0.7924731182795699,0.7648305084745762,0.759698275862069,0.7423442449841605,0.7955742887249737,0.8072417465388712,0.8044397463002114,0.7661375661375661,0.5857740585774058,0.7816091954022988,0.5857740585774058,0.5857740585774058,0.5857740585774058,0.8299120234604106,0.6715063520871143,0.8011417697431018,0.7770491803278688,0.7770491803278688,0.5368898978433598,0.4380069524913094,0.4380069524913094,0.7076023391812866,0.6286579212916246,0.8071505958829903,0.8071505958829903,0.7291910902696366,0.7171597633136095,0.7304812834224599,0.61337513061651,0.6219758064516129,0.7736670293797606,0.7071583514099783,0.7654028436018957,0.7621313035204567,0.8183783783783783,0.7473806752037253,0.6504161712247325,0.803076923076923,0.5605381165919283,0.525,0.7029478458049887,0.7470997679814385,0.6504161712247325,0.7310734463276836
Bariatricus comes_A,0.6964477933261571,0.4760312151616499,0.4760312151616499,0.4760312151616499,0.4760312151616499,0.4760312151616499,0.4760312151616499,0.4760312151616499,0.4760312151616499,0.4760312151616499,0.4760312151616499,0.46341463414634143,0.46341463414634143,0.6129032258064516,0.735632183908046,0.735632183908046,0.3877314814814815,0.6787678767876788,0.6787678767876788,0.5194508009153318,0.5242030696576151,0.5242030696576151,0.5661252900232019,0.4781682641107561,0.633692458374143,0.47854077253218885,0.7142857142857143,0.45227272727272727,0.29648241206030146,0.29648241206030146,0.7653390742734123,0.5955176093916756,0.6185997910135841,0.6227608008429926,0.4417808219178082,0.0,0.0,0.531390134529148,0.7225368063420159,0.638,0.6349047141424273,0.6587957497048407,0.6281070745697896,0.6108312342569269,0.5157159487776484,0.6923076923076923,0.7372881355932204,0.794818652849741,0.7704433497536946,0.8151260504201681,0.7601279317697228,0.7704433497536946,0.7568421052631579,0.7862281603288798,0.7623762376237624,0.765625,0.8083252662149081,0.7513227513227514,0.7568421052631579,0.8286290322580645,0.8253658536585367,0.8165983606557377,0.7862281603288798,0.8260869565217391,0.765625,0.8033763654419066,0.749238578680203,0.7827868852459017,0.7508055853920516,0.8073770491803278,0.7598299681190224,0.7553648068669527,0.6839826839826839,0.6839826839826839,0.6839826839826839,0.8211382113821138,0.6839826839826839,0.6839826839826839,0.7601547388781431,0.7553816046966733,0.838405036726128,0.8067226890756303,0.8223552894211577,0.8271186440677967,0.7825278810408922,0.780564263322884,0.7423442449841605,0.780564263322884,0.7924731182795699,0.7648305084745762,0.759698275862069,0.7423442449841605,0.7955742887249737,0.8072417465388712,0.8044397463002114,0.7661375661375661,0.5857740585774058,0.7816091954022988,0.5857740585774058,0.5857740585774058,0.5857740585774058,0.8299120234604106,0.6715063520871143,0.8011417697431018,0.7770491803278688,0.7770491803278688,0.5368898978433598,0.4380069524913094,0.4380069524913094,0.7076023391812866,0.6286579212916246,0.8071505958829903,0.8071505958829903,0.7291910902696366,0.7171597633136095,0.7304812834224599,0.61337513061651,0.6219758064516129,0.7736670293797606,0.7071583514099783,0.7654028436018957,0.7621313035204567,0.8183783783783783,0.7473806752037253,0.6504161712247325,0.803076923076923,0.5605381165919283,0.525,0.7029478458049887,0.7470997679814385,0.6504161712247325,0.7310734463276836
Anaerobutyricum hallii,0.740782122905028,0.6307363927427961,0.6307363927427961,0.6307363927427961,0.6307363927427961,0.6307363927427961,0.6307363927427961,0.6307363927427961,0.6307363927427961,0.6307363927427961,0.6307363927427961,0.3803921568627451,0.3803921568627451,0.5810276679841897,0.6368038740920097,0.6368038740920097,0.5954935622317596,0.7086705202312138,0.7086705202312138,0.47029077117572693,0.5815085158150852,0.5815085158150852,0.5916870415647921,0.5088691796008868,0.60828025477707,0.4909502262443439,0.7323462414578588,0.4657863145258103,0.5691788526434196,0.5691788526434196,0.7375296912114014,0.5138721351025332,0.5349112426035503,0.3758300132802125,0.4047322540473225,0.531390134529148,0.531390134529148,0.0,0.6061415220293724,0.5736607142857143,0.4651442307692307,0.6478149100257069,0.47860360360360366,0.5788005578800558,0.6118881118881119,0.7470651013874066,0.7508455467869222,0.7696693272519954,0.7361563517915309,0.8295964125560538,0.7453488372093023,0.7361563517915309,0.7534090909090909,0.7562358276643991,0.7228915662650602,0.779379157427938,0.7964323189926548,0.7531285551763367,0.7534090909090909,0.8295331161780674,0.8185654008438819,0.8282275711159738,0.7562358276643991,0.8369330453563715,0.779379157427938,0.7920258620689655,0.7669172932330828,0.7881448957189902,0.7569124423963134,0.8336933045356372,0.7523041474654377,0.7603686635944701,0.6144430844553244,0.6144430844553244,0.6144430844553244,0.8185279187817259,0.6144430844553244,0.6144430844553244,0.8115079365079365,0.812,0.8440677966101695,0.7990867579908676,0.8227712137486574,0.8163771712158809,0.7412731006160165,0.7845117845117845,0.7533783783783784,0.7845117845117845,0.8098510882016037,0.7620137299771167,0.7636152954808806,0.7533783783783784,0.7924743443557583,0.8359550561797753,0.8115777525539161,0.7648401826484018,0.7074413863404689,0.7727272727272727,0.7074413863404689,0.7074413863404689,0.7074413863404689,0.8121664887940234,0.6088709677419355,0.8109201213346815,0.7693222354340071,0.7693222354340071,0.5141800246609125,0.43370508054522927,0.43370508054522927,0.6967471143756558,0.7003058103975535,0.7992916174734357,0.7992916174734357,0.717948717948718,0.7309644670050761,0.7174418604651163,0.5495915985997666,0.5680803571428572,0.7743830787309048,0.6825208085612366,0.7277556440903055,0.6913978494623656,0.7988095238095239,0.7584480600750938,0.6368352788586251,0.7980022197558269,0.46350832266325226,0.5231143552311436,0.7244283995186522,0.7611940298507462,0.6368352788586251,0.7141089108910892
Anaerobutyricum soehngenii,0.5789473684210527,0.6474201474201474,0.6474201474201474,0.6474201474201474,0.6474201474201474,0.6474201474201474,0.6474201474201474,0.6474201474201474,0.6474201474201474,0.6474201474201474,0.6474201474201474,0.6885856079404467,0.6885856079404467,0.6294027565084226,0.8155583437892095,0.8155583437892095,0.6322815533980582,0.5016025641025641,0.5016025641025641,0.6854219948849105,0.6483516483516483,0.6483516483516483,0.7203166226912929,0.7640807651434645,0.693287037037037,0.7214206437291898,0.5543478260869565,0.7105882352941176,0.7528604118993135,0.7528604118993135,0.4731369150779896,0.6708860759493671,0.6914498141263941,0.64629388816645,0.6916666666666667,0.7225368063420159,0.7225368063420159,0.6061415220293724,0.0,0.6002554278416348,0.6156763590391909,0.55,0.6609392898052692,0.65,0.6963824289405685,0.5706051873198847,0.8036175710594315,0.7975871313672922,0.8239520958083832,0.6899696048632219,0.7927321668909825,0.8239520958083832,0.7880794701986755,0.7992125984251969,0.8285714285714285,0.8018252933507171,0.7012113055181696,0.7989487516425755,0.7880794701986755,0.6938775510204082,0.6935933147632312,0.7115942028985507,0.7992125984251969,0.7195994277539342,0.8018252933507171,0.7066115702479339,0.8118081180811808,0.7804232804232805,0.8103448275862069,0.7134670487106017,0.8050397877984085,0.7983870967741935,0.8372093023255813,0.8372093023255813,0.8372093023255813,0.7240204429301533,0.8372093023255813,0.8372093023255813,0.7729468599033816,0.7731707317073171,0.733433734939759,0.6594761171032357,0.7513661202185793,0.7784810126582279,0.7063197026022305,0.800266311584554,0.6069277108433735,0.800266311584554,0.6609375,0.7771739130434783,0.7843406593406593,0.6069277108433735,0.6145339652448657,0.7782546494992847,0.815068493150685,0.5826771653543308,0.7986725663716814,0.6238030095759234,0.7986725663716814,0.7986725663716814,0.7986725663716814,0.6831683168316831,0.682068206820682,0.7057291666666667,0.7153614457831325,0.7153614457831325,0.7180451127819549,0.731535756154748,0.731535756154748,0.7688734030197445,0.7393310265282584,0.6129568106312293,0.6129568106312293,0.7530487804878049,0.6953748006379585,0.6593886462882096,0.7399049881235155,0.6702898550724637,0.5954323001631321,0.6809116809116809,0.7131011608623549,0.7809187279151943,0.6147403685092128,0.65,0.6379310344827587,0.6095679012345678,0.7493857493857494,0.7536231884057971,0.6836581709145427,0.7017543859649122,0.6379310344827587,0.5644891122278057
Dorea formicigenerans,0.5639464068209501,0.6020942408376964,0.6020942408376964,0.6020942408376964,0.6020942408376964,0.6020942408376964,0.6020942408376964,0.6020942408376964,0.6020942408376964,0.6020942408376964,0.6020942408376964,0.6088362068965517,0.6088362068965517,0.7082379862700229,0.7967313585291114,0.7967313585291114,0.5318230852211434,0.5478260869565217,0.5478260869565217,0.5946547884187082,0.6421404682274248,0.6421404682274248,0.648709315375982,0.638401559454191,0.5071193866374589,0.5928934010152285,0.5527950310559007,0.5925925925925926,0.6852035749751737,0.6852035749751737,0.5500650195058517,0.6735537190082644,0.698284561049445,0.5311059907834101,0.6576032225579054,0.638,0.638,0.5736607142857143,0.6002554278416348,0.0,0.40072202166064985,0.6503667481662592,0.5010683760683761,0.7265160523186682,0.6576673866090712,0.5369928400954653,0.7363834422657952,0.7746478873239436,0.7888446215139442,0.7531285551763367,0.7557755775577557,0.7888446215139442,0.7483660130718954,0.7671673819742489,0.782,0.742639040348964,0.6648106904231625,0.7480916030534351,0.7483660130718954,0.734602463605823,0.7120879120879121,0.7296380090497738,0.7671673819742489,0.7343049327354261,0.742639040348964,0.6670454545454545,0.748696558915537,0.7324561403508771,0.7544052863436124,0.738015607580825,0.7609170305676856,0.759075907590759,0.7444326617179216,0.7444326617179216,0.7444326617179216,0.7879161528976573,0.7444326617179216,0.7444326617179216,0.7360970677451972,0.7359836901121305,0.7529002320185615,0.7251732101616628,0.7101123595505618,0.8356481481481481,0.6631799163179917,0.7444690265486726,0.657010428736964,0.7444690265486726,0.7088757396449704,0.7427937915742794,0.7398648648648649,0.657010428736964,0.7229885057471264,0.8109289617486339,0.744,0.6467780429594272,0.7246376811594203,0.6580086580086579,0.7246376811594203,0.7246376811594203,0.7246376811594203,0.7155457552370452,0.5835806132542037,0.7392197125256674,0.7120853080568721,0.7120853080568721,0.6110497237569061,0.6263048016701461,0.6263048016701461,0.6836215666327569,0.7015655577299413,0.6802469135802469,0.6802469135802469,0.7908045977011494,0.7401197604790419,0.6647398843930636,0.6397058823529411,0.5917721518987342,0.6662606577344702,0.6589595375722543,0.7860576923076923,0.7435643564356436,0.7262905162064826,0.7391304347826086,0.74230330672748,0.7013729977116705,0.6821052631578948,0.6546227417640808,0.7262313860252004,0.7494033412887828,0.74230330672748,0.707345971563981
Coprococcus_A catus,0.5581395348837209,0.5823591923485654,0.5823591923485654,0.5823591923485654,0.5823591923485654,0.5823591923485654,0.5823591923485654,0.5823591923485654,0.5823591923485654,0.5823591923485654,0.5823591923485654,0.5223367697594501,0.5223367697594501,0.703448275862069,0.7584388185654009,0.7584388185654009,0.5152838427947598,0.5944645006016847,0.5944645006016847,0.5216881594372802,0.6626373626373626,0.6626373626373626,0.6852459016393442,0.5755102040816327,0.45578231292517,0.549738219895288,0.6126340882002383,0.5427631578947368,0.6332644628099173,0.6332644628099173,0.6398046398046398,0.6307363927427961,0.6558915537017727,0.4035087719298246,0.6096033402922756,0.6349047141424273,0.6349047141424273,0.4651442307692307,0.6156763590391909,0.40072202166064985,0.0,0.6869047619047619,0.35252643948296125,0.7367178276269185,0.7008368200836821,0.5919540229885057,0.7787144362486829,0.8265835929387331,0.7922465208747516,0.7846836847946725,0.8054968287526427,0.7922465208747516,0.800417972831766,0.8140495867768596,0.7768844221105528,0.7835269271383316,0.7362869198312236,0.7888067581837381,0.800417972831766,0.7820927723840345,0.7582184517497349,0.7643171806167401,0.8140495867768596,0.7658643326039387,0.7835269271383316,0.7451820128479658,0.7913306451612903,0.7842105263157895,0.7978723404255319,0.7639344262295082,0.7974549310710498,0.7881720430107527,0.692817679558011,0.692817679558011,0.692817679558011,0.8111380145278451,0.692817679558011,0.692817679558011,0.7645895153313551,0.757271815446339,0.7809307604994324,0.7394285714285714,0.7706323687031083,0.8448275862068966,0.6807851239669421,0.7832618025751072,0.6885617214043035,0.7832618025751072,0.7310826542491269,0.7933972310969116,0.7887323943661972,0.6885617214043035,0.7357630979498861,0.8146128680479825,0.778642936596218,0.654394299287411,0.7004926108374384,0.6888888888888889,0.7004926108374384,0.7004926108374384,0.7004926108374384,0.7222832052689352,0.4841101694915254,0.7492354740061162,0.7602739726027398,0.7602739726027398,0.6751054852320675,0.5388888888888889,0.5388888888888889,0.6642561983471074,0.6819085487077534,0.6911764705882353,0.6911764705882353,0.7905638665132336,0.742822966507177,0.7192008879023307,0.5733186328555678,0.5078299776286354,0.6945107398568019,0.6844494892167992,0.7828709288299156,0.7420634920634921,0.755868544600939,0.7627520759193357,0.7347876004592422,0.7128263337116912,0.6237623762376238,0.5625,0.7530864197530864,0.7839721254355401,0.7347876004592422,0.6835748792270531
Eubacterium_I ramulus,0.5881481481481481,0.6654632972322503,0.6654632972322503,0.6654632972322503,0.6654632972322503,0.6654632972322503,0.6654632972322503,0.6654632972322503,0.6654632972322503,0.6654632972322503,0.6654632972322503,0.6168831168831168,0.6168831168831168,0.5220949263502455,0.7684346701164295,0.7684346701164295,0.6504161712247325,0.5126182965299684,0.5126182965299684,0.601889338731444,0.6106442577030813,0.6106442577030813,0.6872483221476511,0.6842696629213483,0.7167042889390519,0.6712485681557847,0.6129985228951256,0.6666666666666667,0.7112676056338028,0.7112676056338028,0.6174183514774494,0.620599739243807,0.6235446313065977,0.6287581699346405,0.65,0.6587957497048407,0.6587957497048407,0.6478149100257069,0.55,0.6503667481662592,0.6869047619047619,0.0,0.6609783845278726,0.553082191780822,0.6636005256241787,0.5955056179775281,0.8010269576379975,0.7670299727520435,0.8186157517899761,0.7780898876404494,0.7836021505376344,0.8186157517899761,0.7871222076215506,0.7758620689655172,0.8148148148148149,0.7834645669291338,0.7852684144818977,0.760752688172043,0.7871222076215506,0.7667121418826739,0.7730220492866408,0.7795918367346939,0.7758620689655172,0.7927807486631016,0.7834645669291338,0.7764857881136951,0.7855361596009975,0.7516778523489933,0.7819650067294751,0.7838926174496644,0.7798657718120805,0.7810810810810811,0.8230958230958231,0.8230958230958231,0.8230958230958231,0.7383333333333333,0.8230958230958231,0.8230958230958231,0.8256880733944953,0.8112543962485346,0.7695652173913043,0.7312138728323699,0.8179487179487179,0.7619047619047619,0.7908045977011494,0.7530864197530864,0.6914446002805049,0.7530864197530864,0.7279411764705883,0.7544581618655692,0.7510489510489511,0.6914446002805049,0.6849925705794948,0.7267355982274741,0.7941988950276243,0.6647058823529413,0.7680180180180181,0.6796875,0.7680180180180181,0.7680180180180181,0.7680180180180181,0.7345013477088949,0.745057232049948,0.7475,0.6993957703927492,0.6993957703927492,0.6679586563307494,0.6992840095465394,0.6992840095465394,0.7494145199063231,0.7417142857142858,0.7304216867469879,0.7304216867469879,0.6805111821086263,0.5684575389948007,0.6457725947521866,0.7378984651711924,0.7282110091743119,0.6753048780487805,0.7187928669410151,0.7041322314049587,0.7357575757575758,0.7424698795180723,0.56993006993007,0.6253918495297806,0.7142857142857143,0.7254658385093168,0.7207872078720787,0.659606656580938,0.6345514950166113,0.6253918495297806,0.5934959349593496
Clostridium_Q symbiosum,0.6271929824561404,0.5676500508646999,0.5676500508646999,0.5676500508646999,0.5676500508646999,0.5676500508646999,0.5676500508646999,0.5676500508646999,0.5676500508646999,0.5676500508646999,0.5676500508646999,0.5427350427350428,0.5427350427350428,0.6892039258451472,0.7564612326043738,0.7564612326043738,0.5046923879040668,0.5886363636363636,0.5886363636363636,0.5067114093959731,0.6453305351521511,0.6453305351521511,0.704868154158215,0.5196374622356495,0.488421052631579,0.5202839756592292,0.6425438596491229,0.5683673469387756,0.652844744455159,0.652844744455159,0.6959385290889133,0.6389167502507522,0.6491575817641229,0.4470046082949308,0.5954045954045954,0.6281070745697896,0.6281070745697896,0.47860360360360366,0.6609392898052692,0.5010683760683761,0.35252643948296125,0.6609783845278726,0.0,0.7131608548931383,0.6957383548067393,0.6210191082802548,0.7743538767395626,0.8067393458870169,0.7873941674506115,0.8034800409416581,0.7996011964107677,0.7873941674506115,0.8019607843137255,0.7984267453294002,0.7832233741753063,0.7885375494071146,0.7733847637415622,0.7862823061630219,0.8019607843137255,0.7921686746987951,0.7924345295829291,0.7845528455284553,0.7984267453294002,0.8027888446215139,0.7885375494071146,0.7748279252704031,0.8013182674199624,0.786771964461994,0.8196078431372549,0.7974051896207585,0.8168462291870715,0.808531746031746,0.6947040498442367,0.6947040498442367,0.6947040498442367,0.8395604395604396,0.6947040498442367,0.6947040498442367,0.7917808219178082,0.7876269621421976,0.7966457023060797,0.7840909090909091,0.8017664376840039,0.8397849462365592,0.7071770334928229,0.785929648241206,0.7072402938090241,0.785929648241206,0.7443365695792881,0.797808764940239,0.7983870967741935,0.7072402938090241,0.7323340471092077,0.8213197969543147,0.8361469712015889,0.7308096740273397,0.7077922077922079,0.7012858555885262,0.7077922077922079,0.7077922077922079,0.7077922077922079,0.7237113402061855,0.5472972972972974,0.7344357976653697,0.751345532831001,0.751345532831001,0.631687242798354,0.568041237113402,0.568041237113402,0.6943648519579751,0.7226277372262774,0.7519125683060109,0.7519125683060109,0.7785016286644951,0.7582781456953642,0.7168234064785789,0.6209677419354839,0.5210084033613445,0.7192982456140351,0.7061909758656872,0.7790304396843292,0.749301025163094,0.7806451612903226,0.7547380156075808,0.720348204570185,0.7494824016563146,0.5874200426439232,0.5845665961945032,0.7617554858934169,0.750278706800446,0.720348204570185,0.7081021087680355
Bacteroides_F pectinophilus,0.6743515850144093,0.7051744885679904,0.7051744885679904,0.7051744885679904,0.7051744885679904,0.7051744885679904,0.7051744885679904,0.7051744885679904,0.7051744885679904,0.7051744885679904,0.7051744885679904,0.5257142857142857,0.5257142857142857,0.4036697247706422,0.6324404761904762,0.6324404761904762,0.6927639383155397,0.6336336336336337,0.6336336336336337,0.6409214092140921,0.5291411042944785,0.5291411042944785,0.5371517027863777,0.6782810685249709,0.7854785478547854,0.620563035495716,0.7130681818181819,0.6126943005181347,0.6311053984575836,0.6311053984575836,0.6666666666666667,0.5144927536231885,0.5208034433285509,0.6788036410923277,0.5737051792828685,0.6108312342569269,0.6108312342569269,0.5788005578800558,0.65,0.7265160523186682,0.7367178276269185,0.553082191780822,0.7131608548931383,0.0,0.5313432835820895,0.6879240162822252,0.7589531680440771,0.7578347578347578,0.7855329949238579,0.7851959361393324,0.7525035765379113,0.7855329949238579,0.7393767705382437,0.7656033287101248,0.7767857142857143,0.7786885245901639,0.8055908513341804,0.7443502824858756,0.7393767705382437,0.776685393258427,0.7955145118733509,0.7848101265822784,0.7656033287101248,0.7950138504155124,0.7786885245901639,0.7957839262187089,0.7486702127659575,0.7762619372442019,0.7453237410071942,0.7841225626740947,0.7359307359307359,0.7424023154848046,0.7812911725955204,0.7812911725955204,0.7812911725955204,0.7430555555555556,0.7812911725955204,0.7812911725955204,0.8202380952380952,0.8152173913043479,0.8,0.7536873156342183,0.8099062918340026,0.7487437185929648,0.7897862232779097,0.7933884297520661,0.6937590711175616,0.7933884297520661,0.7450980392156863,0.742816091954023,0.7390029325513197,0.6937590711175616,0.7687861271676301,0.7897810218978102,0.7965616045845272,0.7244897959183674,0.7997737556561086,0.7325581395348837,0.7997737556561086,0.7997737556561086,0.7997737556561086,0.774018944519621,0.7768508863399375,0.7841907151819323,0.7548872180451127,0.7548872180451127,0.5557163531114326,0.6055408970976253,0.6055408970976253,0.7269372693726937,0.7038834951456311,0.7441860465116279,0.7441860465116279,0.5964601769911504,0.5711711711711711,0.6706231454005935,0.7114427860696517,0.7020506634499397,0.6834645669291339,0.675,0.6468468468468469,0.7667887667887667,0.7585139318885449,0.7024793388429752,0.5321739130434783,0.7748251748251749,0.6830238726790451,0.7039897039897041,0.6395534290271132,0.6937086092715232,0.5321739130434783,0.662379421221865
Ruminococcus_B gnavus,0.6843373493975904,0.6849315068493151,0.6849315068493151,0.6849315068493151,0.6849315068493151,0.6849315068493151,0.6849315068493151,0.6849315068493151,0.6849315068493151,0.6849315068493151,0.6849315068493151,0.5406060606060605,0.5406060606060605,0.5446927374301676,0.7134433962264151,0.7134433962264151,0.6330472103004292,0.6458072590738423,0.6458072590738423,0.599523241954708,0.3726618705035971,0.3726618705035971,0.39048991354466855,0.6004273504273504,0.7265469061876247,0.5662251655629139,0.691747572815534,0.5986471251409244,0.5732410611303345,0.5732410611303345,0.7213930348258706,0.49623115577889443,0.5329268292682927,0.67853170189099,0.6109253065774805,0.5157159487776484,0.5157159487776484,0.6118881118881119,0.6963824289405685,0.6576673866090712,0.7008368200836821,0.6636005256241787,0.6957383548067393,0.5313432835820895,0.0,0.6662763466042154,0.6486146095717884,0.6867924528301887,0.7126567844925884,0.8030842230130486,0.6818181818181819,0.7126567844925884,0.6691729323308271,0.6969325153374233,0.7234762979683973,0.6790582403965304,0.7377979568671964,0.637997432605905,0.6691729323308271,0.8107183580387685,0.8155021834061136,0.7981438515081206,0.6969325153374233,0.8091428571428572,0.6790582403965304,0.7283372365339578,0.6492718446601942,0.6834975369458128,0.6615384615384615,0.7974683544303798,0.6717363751584284,0.6721938775510203,0.7715565509518477,0.7715565509518477,0.7715565509518477,0.8194993412384717,0.7715565509518477,0.7715565509518477,0.7454153182308523,0.7371303395399781,0.8210023866348448,0.773220747889023,0.7428909952606635,0.808041504539559,0.7248394004282654,0.6932668329177057,0.7099879663056559,0.6932668329177057,0.7620221948212084,0.6746835443037975,0.6701030927835052,0.7099879663056559,0.7938751472320377,0.8040621266427718,0.7124681933842238,0.7505966587112172,0.7443991853360489,0.7371303395399781,0.7443991853360489,0.7443991853360489,0.7443991853360489,0.7708095781071835,0.7226970560303894,0.7744360902255639,0.664886515353805,0.664886515353805,0.5019206145966709,0.5403800475059383,0.5403800475059383,0.6110471806674338,0.6191536748329621,0.7740324594257179,0.7740324594257179,0.6816939890710383,0.6977058029689609,0.6394904458598727,0.6926406926406927,0.7027027027027026,0.7352572145545797,0.6537013801756587,0.7286501377410468,0.7610062893081762,0.7990135635018496,0.75390625,0.6214382632293081,0.806378132118451,0.6500579374275782,0.6030805687203791,0.6926020408163265,0.7486979166666667,0.6214382632293081,0.6994818652849741
Hungatella effluvii,0.4260614934114202,0.5551643192488263,0.5551643192488263,0.5551643192488263,0.5551643192488263,0.5551643192488263,0.5551643192488263,0.5551643192488263,0.5551643192488263,0.5551643192488263,0.5551643192488263,0.6998904709748084,0.6998904709748084,0.6185983827493262,0.8287895310796074,0.8287895310796074,0.5748299319727892,0.4632034632034632,0.4632034632034632,0.6658986175115207,0.5754475703324808,0.5754475703324808,0.7134502923976609,0.6859756097560976,0.48313253012048196,0.6303418803418803,0.41877794336810725,0.6512651265126512,0.7304890738813736,0.7304890738813736,0.586013986013986,0.6975717439293598,0.6792873051224944,0.7046460176991151,0.7573306370070778,0.6923076923076923,0.6923076923076923,0.7470651013874066,0.5706051873198847,0.5369928400954653,0.5919540229885057,0.5955056179775281,0.6210191082802548,0.6879240162822252,0.6662763466042154,0.0,0.7663551401869159,0.7611580217129071,0.7952329360780065,0.6720214190093707,0.7715311004784688,0.7952329360780065,0.7603795966785291,0.7676886792452831,0.7878128400435256,0.7346200241254524,0.656441717791411,0.7466986794717887,0.7603795966785291,0.6482213438735178,0.6666666666666667,0.6521164021164021,0.7676886792452831,0.6441798941798942,0.7346200241254524,0.6786155747836835,0.7445589919816724,0.7294685990338164,0.7671068427370948,0.6544502617801047,0.7755344418052257,0.7707082833133253,0.814489571899012,0.814489571899012,0.814489571899012,0.7671809256661992,0.814489571899012,0.814489571899012,0.7420417124039518,0.7363737486095662,0.6716826265389877,0.6338797814207651,0.7221542227662179,0.8131578947368421,0.664391353811149,0.7349693251533742,0.5508241758241759,0.7349693251533742,0.6,0.7408312958435208,0.7469135802469136,0.5508241758241759,0.6537433155080214,0.7464968152866243,0.7578027465667915,0.6118598382749326,0.7398963730569947,0.57465495608532,0.7398963730569947,0.7398963730569947,0.7398963730569947,0.6327319587628866,0.6365503080082136,0.6309378806333739,0.7509529860228716,0.7509529860228716,0.7273730684326711,0.7479338842975207,0.7479338842975207,0.7079261672095548,0.7326424870466322,0.5891812865497076,0.5891812865497076,0.7258064516129032,0.7119565217391304,0.6491002570694087,0.7316293929712461,0.6531728665207878,0.5943262411347519,0.6733668341708543,0.7203389830508475,0.7606382978723404,0.7014925373134329,0.662873399715505,0.6820580474934037,0.6469816272965879,0.7575757575757576,0.7342047930283224,0.694300518134715,0.6907073509015257,0.6820580474934037,0.6386206896551725
Bacteroides uniformis,0.7858002406738869,0.7839248434237995,0.7839248434237995,0.7839248434237995,0.7839248434237995,0.7839248434237995,0.7839248434237995,0.7839248434237995,0.7839248434237995,0.7839248434237995,0.7839248434237995,0.734762979683973,0.734762979683973,0.7348284960422163,0.749379652605459,0.749379652605459,0.7658031088082902,0.7712177121771218,0.7712177121771218,0.7076923076923076,0.6494845360824743,0.6494845360824743,0.6008119079837618,0.6988335100742311,0.7308510638297872,0.7050053248136315,0.7292464878671775,0.7111111111111111,0.6945701357466063,0.6945701357466063,0.756578947368421,0.6878680800942285,0.6586826347305389,0.7816979051819184,0.7821989528795812,0.7372881355932204,0.7372881355932204,0.7508455467869222,0.8036175710594315,0.7363834422657952,0.7787144362486829,0.8010269576379975,0.7743538767395626,0.7589531680440771,0.6486146095717884,0.7663551401869159,0.0,0.3656462585034014,0.3681747269890796,0.6220238095238095,0.2777777777777778,0.3681747269890796,0.3003472222222222,0.3236301369863014,0.3701399688958009,0.31965811965811963,0.5257879656160458,0.3166953528399311,0.3003472222222222,0.6266094420600858,0.6273972602739726,0.5776119402985075,0.3236301369863014,0.6061046511627908,0.31965811965811963,0.5096582466567607,0.352,0.3967479674796748,0.3021201413427562,0.6158273381294964,0.34476843910806176,0.3310104529616724,0.5758426966292135,0.5758426966292135,0.5758426966292135,0.6992,0.5758426966292135,0.5758426966292135,0.6118251928020566,0.6369426751592357,0.6592592592592592,0.697350069735007,0.5988538681948424,0.7217125382262997,0.647130647130647,0.4075907590759076,0.6414835164835164,0.4075907590759076,0.6748201438848921,0.4170771756978654,0.43657331136738053,0.6414835164835164,0.7352150537634409,0.6153846153846154,0.5277337559429477,0.7934918648310388,0.7417943107221007,0.7615740740740741,0.7417943107221007,0.7417943107221007,0.7417943107221007,0.7531328320802005,0.7529644268774703,0.7464454976303317,0.6127080181543116,0.6127080181543116,0.6997607655502392,0.7065462753950338,0.7065462753950338,0.7139588100686498,0.7257709251101321,0.786774628879892,0.786774628879892,0.7629733520336606,0.8176943699731903,0.6796246648793566,0.7402015677491601,0.7378114842903576,0.7908496732026143,0.678237650200267,0.7214611872146119,0.7468643101482326,0.7991913746630728,0.7928176795580111,0.7543391188251001,0.7707006369426752,0.7462340672074159,0.7075471698113207,0.7235772357723578,0.7366906474820144,0.7543391188251001,0.7736351531291611
Bacteroides caccae,0.8121212121212121,0.7902023429179978,0.7902023429179978,0.7902023429179978,0.7902023429179978,0.7902023429179978,0.7902023429179978,0.7902023429179978,0.7902023429179978,0.7902023429179978,0.7902023429179978,0.759090909090909,0.759090909090909,0.7466307277628033,0.7654476670870114,0.7654476670870114,0.8008255933952528,0.7995049504950495,0.7995049504950495,0.7345238095238096,0.6644823066841415,0.6644823066841415,0.6811023622047244,0.7268862911795961,0.7388949079089924,0.7222820236813778,0.7567567567567568,0.7220338983050847,0.7513873473917869,0.7513873473917869,0.757123473541384,0.7114014251781473,0.7011904761904761,0.7896512935883014,0.7948990435706695,0.794818652849741,0.794818652849741,0.7696693272519954,0.7975871313672922,0.7746478873239436,0.8265835929387331,0.7670299727520435,0.8067393458870169,0.7578347578347578,0.6867924528301887,0.7611580217129071,0.3656462585034014,0.0,0.35967741935483866,0.602803738317757,0.3237410071942446,0.35967741935483866,0.3035714285714286,0.23091247672253257,0.3952755905511811,0.3233743409490334,0.5119047619047619,0.2490774907749077,0.3035714285714286,0.5565891472868216,0.6040172166427547,0.5806451612903225,0.23091247672253257,0.595166163141994,0.3233743409490334,0.4899224806201551,0.3176470588235294,0.36130136986301364,0.3237410071942446,0.5842185128983308,0.3374777975133215,0.3469750889679716,0.5364041604754829,0.5364041604754829,0.5364041604754829,0.643598615916955,0.5364041604754829,0.5364041604754829,0.6560102301790282,0.6427640156453716,0.6333853354134165,0.6884057971014492,0.5814648729446936,0.7311320754716981,0.6359039190897597,0.43739565943238734,0.651685393258427,0.43739565943238734,0.674591381872214,0.36252189141856395,0.3802816901408451,0.651685393258427,0.7506849315068493,0.6302003081664098,0.5342019543973942,0.8012820512820513,0.7432735426008968,0.7607142857142857,0.7432735426008968,0.7432735426008968,0.7432735426008968,0.7421875,0.7558022199798183,0.7512135922330097,0.6015748031496063,0.6015748031496063,0.6857142857142857,0.7950377562028048,0.7950377562028048,0.7471395881006865,0.802547770700637,0.7659574468085106,0.7659574468085106,0.7547445255474452,0.8119777158774373,0.677731673582296,0.7587768969422424,0.7543859649122807,0.7908232118758435,0.6744827586206896,0.646076794657763,0.727705112960761,0.7960893854748603,0.7841726618705036,0.7461858529819695,0.7503337783711616,0.7553191489361702,0.7593023255813953,0.7406896551724138,0.709726443768997,0.7461858529819695,0.7611111111111111
Bacteroides cellulosilyticus,0.8153503893214683,0.7898909811694748,0.7898909811694748,0.7898909811694748,0.7898909811694748,0.7898909811694748,0.7898909811694748,0.7898909811694748,0.7898909811694748,0.7898909811694748,0.7898909811694748,0.7051705170517052,0.7051705170517052,0.7453646477132262,0.7497062279670975,0.7497062279670975,0.7963320463320464,0.8105975197294251,0.8105975197294251,0.7028248587570621,0.6965761511216056,0.6965761511216056,0.6867469879518072,0.7027300303336703,0.7268093781855249,0.6927029804727647,0.7905638665132336,0.72,0.7369519832985386,0.7369519832985386,0.7851941747572816,0.6219081272084805,0.5983313468414779,0.7701271186440678,0.7978303747534516,0.7704433497536946,0.7704433497536946,0.7361563517915309,0.8239520958083832,0.7888446215139442,0.7922465208747516,0.8186157517899761,0.7873941674506115,0.7855329949238579,0.7126567844925884,0.7952329360780065,0.3681747269890796,0.35967741935483866,0.0,0.5911047345767575,0.3300492610837439,0.0,0.31980519480519476,0.3828125,0.23360000000000003,0.4257575757575758,0.5217983651226158,0.3919129082426127,0.31980519480519476,0.6120218579234973,0.6223958333333333,0.6063535911602209,0.3828125,0.5724331926863573,0.4257575757575758,0.5188811188811189,0.40528634361233484,0.45857988165680474,0.3675762439807384,0.6335570469798657,0.384493670886076,0.4106583072100314,0.5159500693481276,0.5159500693481276,0.5159500693481276,0.7125925925925927,0.5159500693481276,0.5159500693481276,0.581772784019975,0.6012422360248447,0.667128987517337,0.7142857142857143,0.6213333333333333,0.7507002801120448,0.5468164794007491,0.4963181148748159,0.6516129032258065,0.4963181148748159,0.6743554952510176,0.43317972350230416,0.44667697063369394,0.6516129032258065,0.7490589711417817,0.6358543417366946,0.5745296671490594,0.8098016336056009,0.7291886195995785,0.7653508771929824,0.7291886195995785,0.7291886195995785,0.7291886195995785,0.7517814726840855,0.7103718199608611,0.7525195968645016,0.6797829036635007,0.6797829036635007,0.7425742574257426,0.7347368421052631,0.7347368421052631,0.6498855835240275,0.7377731529656608,0.7865311308767471,0.7865311308767471,0.760898282694848,0.7958921694480103,0.7179802955665024,0.7204767063921993,0.7214659685863875,0.8080194410692588,0.7181372549019608,0.6995645863570392,0.7138084632516704,0.8058007566204287,0.8061617458279846,0.7465145754119138,0.775779376498801,0.7126696832579186,0.7114093959731543,0.743073047858942,0.7546666666666667,0.7465145754119138,0.7833125778331258
Bacteroides timonensis,0.6965517241379311,0.753114382785957,0.753114382785957,0.753114382785957,0.753114382785957,0.753114382785957,0.753114382785957,0.753114382785957,0.753114382785957,0.753114382785957,0.753114382785957,0.8096846846846847,0.8096846846846847,0.7464985994397759,0.8214731585518102,0.8214731585518102,0.7723311546840959,0.6793785310734464,0.6793785310734464,0.8046511627906977,0.7544303797468355,0.7544303797468355,0.778337531486146,0.7885416666666667,0.706758304696449,0.7848101265822784,0.6565656565656566,0.8240343347639485,0.7875417130144605,0.7875417130144605,0.6383307573415765,0.810872027180068,0.8013620885357549,0.8250564334085779,0.8358050847457628,0.8151260504201681,0.8151260504201681,0.8295964125560538,0.6899696048632219,0.7531285551763367,0.7846836847946725,0.7780898876404494,0.8034800409416581,0.7851959361393324,0.8030842230130486,0.6720214190093707,0.6220238095238095,0.602803738317757,0.5911047345767575,0.0,0.5532258064516129,0.5911047345767575,0.5,0.5769828926905132,0.6042553191489362,0.5458860759493671,0.34192439862542956,0.5851393188854489,0.5,0.3157894736842105,0.32499999999999996,0.25343811394891946,0.5769828926905132,0.25536062378167645,0.5458860759493671,0.36979166666666663,0.5773195876288659,0.5271565495207668,0.5670926517571885,0.3056603773584906,0.572107765451664,0.565008025682183,0.6731843575418994,0.6731843575418994,0.6731843575418994,0.6307129798903108,0.6731843575418994,0.6731843575418994,0.5770308123249299,0.5949720670391061,0.44259259259259254,0.5304054054054055,0.5399361022364217,0.7154742096505824,0.6042780748663101,0.6180981595092024,0.44798657718120805,0.6180981595092024,0.412962962962963,0.5826771653543308,0.5725806451612903,0.44798657718120805,0.5762987012987013,0.5953947368421053,0.6334913112164298,0.7197724039829303,0.7616875712656784,0.6622340425531915,0.7616875712656784,0.7616875712656784,0.7616875712656784,0.6428571428571428,0.7076591154261057,0.6764314247669774,0.7230538922155689,0.7230538922155689,0.8295194508009154,0.8365591397849462,0.8365591397849462,0.8222222222222222,0.8482613277133825,0.646677471636953,0.646677471636953,0.7530487804878049,0.7549467275494672,0.7537212449255751,0.8171683389074693,0.7488636363636363,0.6993957703927492,0.7570469798657719,0.7236842105263157,0.7866354044548651,0.695583596214511,0.7480680061823802,0.7496402877697842,0.6369137670196672,0.8149010477299186,0.8055555555555556,0.7616361071932299,0.728125,0.7496402877697842,0.7359882005899705
Bacteroides stercoris,0.788627935723115,0.7798066595059077,0.7798066595059077,0.7798066595059077,0.7798066595059077,0.7798066595059077,0.7798066595059077,0.7798066595059077,0.7798066595059077,0.7798066595059077,0.7798066595059077,0.7213114754098361,0.7213114754098361,0.7225274725274725,0.7576142131979695,0.7576142131979695,0.7995867768595042,0.7980173482032218,0.7980173482032218,0.7146311970979444,0.6574440052700923,0.6574440052700923,0.6307901907356948,0.725531914893617,0.737527114967462,0.7111834961997828,0.7647058823529411,0.7377232142857143,0.7302483069977427,0.7302483069977427,0.7588075880758808,0.6864406779661016,0.6662591687041565,0.792368125701459,0.7897545357524013,0.7601279317697228,0.7601279317697228,0.7453488372093023,0.7927321668909825,0.7557755775577557,0.8054968287526427,0.7836021505376344,0.7996011964107677,0.7525035765379113,0.6818181818181819,0.7715311004784688,0.2777777777777778,0.3237410071942446,0.3300492610837439,0.5532258064516129,0.0,0.3300492610837439,0.24723247232472323,0.26007326007326004,0.2699490662139219,0.31150442477876106,0.4520123839009288,0.2870036101083032,0.24723247232472323,0.5786259541984733,0.5816326530612245,0.5629860031104199,0.26007326007326004,0.5603715170278638,0.31150442477876106,0.4110929853181077,0.28301886792452835,0.35567010309278346,0.2448210922787194,0.5777439024390244,0.23062381852551983,0.2828096118299446,0.5143288084464555,0.5143288084464555,0.5143288084464555,0.6459412780656304,0.5143288084464555,0.5143288084464555,0.6171052631578947,0.6284584980237153,0.63125,0.684593023255814,0.5707831325301205,0.7129186602870814,0.6376262626262627,0.40273037542662116,0.61671469740634,0.40273037542662116,0.636085626911315,0.3303571428571429,0.3453237410071942,0.61671469740634,0.711864406779661,0.5843949044585988,0.48484848484848486,0.7872892347600519,0.7217787913340935,0.7320341047503045,0.7217787913340935,0.7217787913340935,0.7217787913340935,0.7239101717305152,0.7236024844720497,0.7217391304347827,0.6125,0.6125,0.7002457002457003,0.7477578475336323,0.7477578475336323,0.716295427901524,0.7725788900979326,0.7535816618911175,0.7535816618911175,0.7287630402384501,0.7814285714285714,0.6868131868131868,0.750285062713797,0.7475192943770672,0.782608695652174,0.6907356948228882,0.6813008130081301,0.7261904761904762,0.7703281027104136,0.770014556040757,0.7177304964539006,0.7402422611036339,0.729794933655006,0.7221556886227545,0.7140845070422535,0.7077625570776256,0.7177304964539006,0.7489481065918653
Bacteroides sp900552405,0.8153503893214683,0.7898909811694748,0.7898909811694748,0.7898909811694748,0.7898909811694748,0.7898909811694748,0.7898909811694748,0.7898909811694748,0.7898909811694748,0.7898909811694748,0.7898909811694748,0.7051705170517052,0.7051705170517052,0.7453646477132262,0.7497062279670975,0.7497062279670975,0.7963320463320464,0.8105975197294251,0.8105975197294251,0.7028248587570621,0.6965761511216056,0.6965761511216056,0.6867469879518072,0.7027300303336703,0.7268093781855249,0.6927029804727647,0.7905638665132336,0.72,0.7369519832985386,0.7369519832985386,0.7851941747572816,0.6219081272084805,0.5983313468414779,0.7701271186440678,0.7978303747534516,0.7704433497536946,0.7704433497536946,0.7361563517915309,0.8239520958083832,0.7888446215139442,0.7922465208747516,0.8186157517899761,0.7873941674506115,0.7855329949238579,0.7126567844925884,0.7952329360780065,0.3681747269890796,0.35967741935483866,0.0,0.5911047345767575,0.3300492610837439,0.0,0.31980519480519476,0.3828125,0.23360000000000003,0.4257575757575758,0.5217983651226158,0.3919129082426127,0.31980519480519476,0.6120218579234973,0.6223958333333333,0.6063535911602209,0.3828125,0.5724331926863573,0.4257575757575758,0.5188811188811189,0.40528634361233484,0.45857988165680474,0.3675762439807384,0.6335570469798657,0.384493670886076,0.4106583072100314,0.5159500693481276,0.5159500693481276,0.5159500693481276,0.7125925925925927,0.5159500693481276,0.5159500693481276,0.581772784019975,0.6012422360248447,0.667128987517337,0.7142857142857143,0.6213333333333333,0.7507002801120448,0.5468164794007491,0.4963181148748159,0.6516129032258065,0.4963181148748159,0.6743554952510176,0.43317972350230416,0.44667697063369394,0.6516129032258065,0.7490589711417817,0.6358543417366946,0.5745296671490594,0.8098016336056009,0.7291886195995785,0.7653508771929824,0.7291886195995785,0.7291886195995785,0.7291886195995785,0.7517814726840855,0.7103718199608611,0.7525195968645016,0.6797829036635007,0.6797829036635007,0.7425742574257426,0.7347368421052631,0.7347368421052631,0.6498855835240275,0.7377731529656608,0.7865311308767471,0.7865311308767471,0.760898282694848,0.7958921694480103,0.7179802955665024,0.7204767063921993,0.7214659685863875,0.8080194410692588,0.7181372549019608,0.6995645863570392,0.7138084632516704,0.8058007566204287,0.8061617458279846,0.7465145754119138,0.775779376498801,0.7126696832579186,0.7114093959731543,0.743073047858942,0.7546666666666667,0.7465145754119138,0.7833125778331258
Bacteroides intestinalis_A,0.7799511002444988,0.7801268498942917,0.7801268498942917,0.7801268498942917,0.7801268498942917,0.7801268498942917,0.7801268498942917,0.7801268498942917,0.7801268498942917,0.7801268498942917,0.7801268498942917,0.7241379310344828,0.7241379310344828,0.7137042062415198,0.7474874371859297,0.7474874371859297,0.7847579814624099,0.7936507936507937,0.7936507936507937,0.7207100591715976,0.6549935149156939,0.6549935149156939,0.628686327077748,0.7186512118018967,0.734475374732334,0.7043010752688172,0.7464968152866243,0.7275747508305648,0.7171717171717171,0.7171717171717171,0.7344173441734417,0.6931279620853081,0.6750298685782556,0.7898230088495575,0.7899159663865546,0.7568421052631579,0.7568421052631579,0.7534090909090909,0.7880794701986755,0.7483660130718954,0.800417972831766,0.7871222076215506,0.8019607843137255,0.7393767705382437,0.6691729323308271,0.7603795966785291,0.3003472222222222,0.3035714285714286,0.31980519480519476,0.5,0.24723247232472323,0.31980519480519476,0.0,0.25270758122743686,0.3487261146496815,0.3212435233160622,0.416796267496112,0.27935943060498225,0.0,0.5332302936630603,0.5340236686390533,0.5071315372424723,0.25270758122743686,0.5210608424336973,0.3212435233160622,0.4025764895330113,0.28739495798319326,0.3160621761658031,0.25688073394495414,0.5436447166921898,0.2717391304347826,0.2430426716141002,0.5206489675516224,0.5206489675516224,0.5206489675516224,0.6360544217687074,0.5206489675516224,0.5206489675516224,0.6044386422976502,0.6228868660598179,0.6182380216383307,0.6505847953216375,0.5259146341463414,0.7028301886792453,0.6007653061224489,0.40201005025125625,0.5988538681948424,0.40201005025125625,0.6336336336336337,0.2641165755919854,0.26296296296296295,0.5988538681948424,0.6974789915966386,0.5959752321981424,0.4776119402985075,0.7859872611464969,0.7216610549943883,0.7286914765906363,0.7216610549943883,0.7216610549943883,0.7216610549943883,0.7154046997389034,0.7208588957055215,0.7216117216117216,0.5996908809891808,0.5996908809891808,0.7036144578313253,0.7513751375137514,0.7513751375137514,0.7192174913693901,0.7650862068965517,0.752808988764045,0.752808988764045,0.7303206997084548,0.7749648382559775,0.6748299319727891,0.7454954954954955,0.7332601536772777,0.7861885790172642,0.6662125340599455,0.6672025723472669,0.7139479905437351,0.7588152327221438,0.7689015691868759,0.7014084507042253,0.7364238410596027,0.7265160523186682,0.7280187573270809,0.7211538461538461,0.7078986587183309,0.7014084507042253,0.7430939226519337
Bacteroides xylanisolvens,0.7946859903381642,0.777542372881356,0.777542372881356,0.777542372881356,0.777542372881356,0.777542372881356,0.777542372881356,0.777542372881356,0.777542372881356,0.777542372881356,0.777542372881356,0.7569988801791714,0.7569988801791714,0.7542706964520368,0.7706535141800247,0.7706535141800247,0.7897435897435897,0.7965895249695494,0.7965895249695494,0.7237308146399055,0.6823379923761118,0.6823379923761118,0.666232073011734,0.72,0.7317596566523605,0.7194473963868225,0.7448979591836735,0.735973597359736,0.7480832420591457,0.7480832420591457,0.749665327978581,0.7099415204678363,0.6813317479191439,0.7830923248053393,0.78609062170706,0.7862281603288798,0.7862281603288798,0.7562358276643991,0.7992125984251969,0.7671673819742489,0.8140495867768596,0.7758620689655172,0.7984267453294002,0.7656033287101248,0.6969325153374233,0.7676886792452831,0.3236301369863014,0.23091247672253257,0.3828125,0.5769828926905132,0.26007326007326004,0.3828125,0.25270758122743686,0.0,0.3460925039872408,0.29173989455184535,0.469172932330827,0.20925925925925926,0.25270758122743686,0.5309597523219814,0.5616835994194485,0.5395348837209302,0.0,0.5744360902255639,0.29173989455184535,0.462015503875969,0.31011608623548925,0.3613445378151261,0.2727272727272727,0.5763473053892216,0.2810810810810811,0.3119429590017825,0.5118694362017804,0.5118694362017804,0.5118694362017804,0.6406779661016949,0.5118694362017804,0.5118694362017804,0.6224226804123711,0.6192959582790092,0.613953488372093,0.670028818443804,0.5588673621460507,0.7068965517241379,0.6060991105463787,0.40734557595993326,0.6244725738396624,0.40734557595993326,0.6558345642540621,0.34835355285961866,0.36300174520069806,0.6244725738396624,0.7154696132596685,0.621580547112462,0.504885993485342,0.8012578616352202,0.7144469525959367,0.7392857142857143,0.7144469525959367,0.7144469525959367,0.7144469525959367,0.7237354085603113,0.7439759036144578,0.7324455205811138,0.6210045662100456,0.6210045662100456,0.6957575757575758,0.7703141928494042,0.7703141928494042,0.7294520547945205,0.7756410256410257,0.7492957746478873,0.7492957746478873,0.7340116279069768,0.8052126200274349,0.6620879120879121,0.732650739476678,0.7290748898678414,0.7780748663101604,0.662568306010929,0.6778309409888357,0.7450980392156863,0.7845303867403315,0.7706552706552706,0.7300275482093663,0.7160161507402423,0.7355371900826446,0.7324766355140186,0.7401894451962111,0.690332326283988,0.7300275482093663,0.7378640776699029
Bacteroides eggerthii,0.810479375696767,0.7794411177644711,0.7794411177644711,0.7794411177644711,0.7794411177644711,0.7794411177644711,0.7794411177644711,0.7794411177644711,0.7794411177644711,0.7794411177644711,0.7794411177644711,0.7029702970297029,0.7029702970297029,0.7552019583843329,0.7264038231780168,0.7264038231780168,0.7944015444015444,0.8203125,0.8203125,0.6842105263157895,0.6972909305064783,0.6972909305064783,0.6779661016949152,0.7033299697275479,0.7089783281733746,0.6986721144024515,0.7826589595375723,0.6931330472103004,0.7282266526757608,0.7282266526757608,0.773838630806846,0.6047619047619048,0.580722891566265,0.752145922746781,0.7886904761904762,0.7623762376237624,0.7623762376237624,0.7228915662650602,0.8285714285714285,0.782,0.7768844221105528,0.8148148148148149,0.7832233741753063,0.7767857142857143,0.7234762979683973,0.7878128400435256,0.3701399688958009,0.3952755905511811,0.23360000000000003,0.6042553191489362,0.2699490662139219,0.23360000000000003,0.3487261146496815,0.3460925039872408,0.0,0.37850467289719625,0.5370121130551817,0.39379844961240307,0.3487261146496815,0.6224627875507442,0.6143790849673203,0.5977808599167822,0.3460925039872408,0.6049382716049383,0.37850467289719625,0.5056338028169014,0.3589743589743589,0.42771084337349397,0.35379644588045234,0.6027397260273972,0.3473344103392568,0.37439999999999996,0.504881450488145,0.504881450488145,0.504881450488145,0.6961077844311377,0.504881450488145,0.504881450488145,0.561314791403287,0.5703422053231939,0.6680497925311204,0.7049608355091384,0.6112600536193029,0.7408450704225352,0.5184243964421855,0.47994056463595836,0.6576923076923077,0.47994056463595836,0.6876675603217158,0.4561933534743202,0.4649390243902439,0.6576923076923077,0.7543640897755611,0.6175637393767706,0.5334323922734027,0.8088578088578089,0.7148936170212765,0.7577092511013216,0.7148936170212765,0.7148936170212765,0.7148936170212765,0.7523696682464455,0.7058823529411764,0.7586206896551724,0.6643835616438356,0.6643835616438356,0.7263626251390434,0.7218683651804672,0.7218683651804672,0.6382488479262673,0.7142857142857143,0.7824427480916031,0.7824427480916031,0.7598944591029024,0.8071065989847716,0.7075588599752168,0.7099236641221374,0.7044491525423728,0.7997557997557998,0.7156862745098039,0.7041847041847042,0.7043673012318029,0.8062893081761007,0.8020565552699228,0.762796504369538,0.7615012106537531,0.7133182844243793,0.691609977324263,0.7405541561712846,0.738544474393531,0.762796504369538,0.7793017456359103
Bacteroides fragilis,0.758364312267658,0.7887029288702929,0.7887029288702929,0.7887029288702929,0.7887029288702929,0.7887029288702929,0.7887029288702929,0.7887029288702929,0.7887029288702929,0.7887029288702929,0.7887029288702929,0.7649667405764966,0.7649667405764966,0.7555555555555555,0.7672413793103449,0.7672413793103449,0.780638516992791,0.7753086419753086,0.7753086419753086,0.7159763313609467,0.6409921671018277,0.6409921671018277,0.6415343915343915,0.7331256490134994,0.7206040992448759,0.7287066246056783,0.7333333333333334,0.7174638487208009,0.7297895902547065,0.7297895902547065,0.7426273458445041,0.7202312138728324,0.6890459363957597,0.798687089715536,0.8204081632653062,0.765625,0.765625,0.779379157427938,0.8018252933507171,0.742639040348964,0.7835269271383316,0.7834645669291338,0.7885375494071146,0.7786885245901639,0.6790582403965304,0.7346200241254524,0.31965811965811963,0.3233743409490334,0.4257575757575758,0.5458860759493671,0.31150442477876106,0.4257575757575758,0.3212435233160622,0.29173989455184535,0.37850467289719625,0.0,0.48816568047337283,0.30541012216404884,0.3212435233160622,0.5712143928035982,0.5744985673352436,0.5287713841368584,0.29173989455184535,0.5553869499241275,0.0,0.45341614906832295,0.32295081967213113,0.26725663716814163,0.3321678321678322,0.5285053929121726,0.3762711864406779,0.34320557491289194,0.6052631578947368,0.6052631578947368,0.6052631578947368,0.6633499170812603,0.6052631578947368,0.6052631578947368,0.6261203585147247,0.6230569948186528,0.6120556414219475,0.6526162790697674,0.5442278860569716,0.7046875,0.6098484848484849,0.35111876075731496,0.5829725829725829,0.35111876075731496,0.60882800608828,0.38344594594594594,0.400679117147708,0.5829725829725829,0.7009735744089012,0.5470494417862839,0.4709784411276948,0.7962264150943397,0.7084745762711864,0.7360285374554103,0.7084745762711864,0.7084745762711864,0.7084745762711864,0.711864406779661,0.7323232323232323,0.7135862913096696,0.5736677115987461,0.5736677115987461,0.7188612099644128,0.7579062159214831,0.7579062159214831,0.7190366972477065,0.7634408602150538,0.7507002801120448,0.7507002801120448,0.742816091954023,0.7847222222222222,0.6397774687065368,0.7324263038548753,0.7218543046357616,0.7527173913043479,0.6478679504814305,0.6923076923076923,0.7272727272727273,0.7739251040221914,0.7578796561604585,0.7435549525101763,0.7344782034346102,0.7714285714285715,0.708185053380783,0.7566489361702128,0.7038690476190477,0.7435549525101763,0.7393103448275862
Bacteroides fluxus,0.701363073110285,0.7405857740585774,0.7405857740585774,0.7405857740585774,0.7405857740585774,0.7405857740585774,0.7405857740585774,0.7405857740585774,0.7405857740585774,0.7405857740585774,0.7405857740585774,0.7685774946921444,0.7685774946921444,0.7694204685573366,0.8034285714285714,0.8034285714285714,0.7525354969574036,0.7121588089330024,0.7121588089330024,0.7475083056478405,0.6997607655502392,0.6997607655502392,0.6978155339805825,0.7502467917077986,0.6416758544652701,0.7512437810945274,0.6448230668414154,0.7677286742034943,0.7764102564102564,0.7764102564102564,0.6408839779005524,0.7371303395399781,0.7305585980284776,0.7790821771611526,0.826171875,0.8083252662149081,0.8083252662149081,0.7964323189926548,0.7012113055181696,0.6648106904231625,0.7362869198312236,0.7852684144818977,0.7733847637415622,0.8055908513341804,0.7377979568671964,0.656441717791411,0.5257879656160458,0.5119047619047619,0.5217983651226158,0.34192439862542956,0.4520123839009288,0.5217983651226158,0.416796267496112,0.469172932330827,0.5370121130551817,0.48816568047337283,0.0,0.47982062780269064,0.416796267496112,0.2893835616438356,0.32096774193548383,0.363036303630363,0.469172932330827,0.30560271646859083,0.48816568047337283,0.13595706618962433,0.4922425952045134,0.4375,0.4709480122324159,0.3802588996763754,0.48108925869894104,0.46850998463901694,0.6342412451361867,0.6342412451361867,0.6342412451361867,0.6582677165354331,0.6342412451361867,0.6342412451361867,0.43057503506311356,0.4336158192090396,0.5157232704402516,0.5235204855842185,0.3805732484076433,0.7535612535612536,0.480794701986755,0.4970059880239521,0.4837758112094396,0.4970059880239521,0.5069984447900466,0.4687022900763359,0.4586583463338534,0.4837758112094396,0.6388888888888888,0.6483050847457628,0.48037676609105184,0.6957087126137842,0.7444561774023231,0.6524908869987849,0.7444561774023231,0.7444561774023231,0.7444561774023231,0.6588845654993515,0.6218220338983051,0.687799043062201,0.6342857142857143,0.6342857142857143,0.7558011049723756,0.7945066124109867,0.7945066124109867,0.7331154684095861,0.7745901639344263,0.6185567010309279,0.6185567010309279,0.763758389261745,0.7913385826771654,0.7054361567635904,0.7669491525423728,0.695557963163597,0.7163781624500666,0.7023959646910467,0.7637130801687764,0.7841880341880342,0.6733238231098431,0.7744966442953021,0.769620253164557,0.599721059972106,0.7721796276013143,0.7609170305676856,0.7903822441430333,0.7386519944979367,0.769620253164557,0.7516254876462939
Bacteroides finegoldii,0.7676143386897404,0.7977059436913452,0.7977059436913452,0.7977059436913452,0.7977059436913452,0.7977059436913452,0.7977059436913452,0.7977059436913452,0.7977059436913452,0.7977059436913452,0.7977059436913452,0.745475113122172,0.745475113122172,0.7456953642384105,0.7642679900744417,0.7642679900744417,0.7757009345794392,0.7631578947368421,0.7631578947368421,0.7294117647058824,0.6223404255319149,0.6223404255319149,0.6038251366120219,0.6750272628135223,0.7149075081610445,0.6783754116355654,0.716710182767624,0.6984126984126984,0.7110609480812642,0.7110609480812642,0.7526737967914439,0.703529411764706,0.6903073286052009,0.7855555555555556,0.7755319148936171,0.7513227513227514,0.7513227513227514,0.7531285551763367,0.7989487516425755,0.7480916030534351,0.7888067581837381,0.760752688172043,0.7862823061630219,0.7443502824858756,0.637997432605905,0.7466986794717887,0.3166953528399311,0.2490774907749077,0.3919129082426127,0.5851393188854489,0.2870036101083032,0.3919129082426127,0.27935943060498225,0.20925925925925926,0.39379844961240307,0.30541012216404884,0.47982062780269064,0.0,0.27935943060498225,0.539291217257319,0.569364161849711,0.5157728706624606,0.20925925925925926,0.5865671641791045,0.30541012216404884,0.4730354391371341,0.26870748299319724,0.3491525423728814,0.2094339622641509,0.545176110260337,0.24493554327808476,0.25138632162661734,0.5044776119402985,0.5044776119402985,0.5044776119402985,0.635434412265758,0.5044776119402985,0.5044776119402985,0.5965834428383705,0.5949535192563081,0.598116169544741,0.6461086637298091,0.5517241379310345,0.6837060702875399,0.6038216560509554,0.4325657894736842,0.6082621082621082,0.4325657894736842,0.6206373292867982,0.3500866551126517,0.35035211267605637,0.6082621082621082,0.7097222222222221,0.6040061633281972,0.4691151919866444,0.8025157232704403,0.7213483146067416,0.7449584816132859,0.7213483146067416,0.7213483146067416,0.7213483146067416,0.7233766233766235,0.7474949899799599,0.7458033573141487,0.5770440251572326,0.5770440251572326,0.6777367773677736,0.7215332581736189,0.7215332581736189,0.6840236686390533,0.7334070796460177,0.7594405594405594,0.7594405594405594,0.7391304347826086,0.7916666666666666,0.6504854368932038,0.7147806004618937,0.711731843575419,0.7611940298507462,0.6435506241331483,0.6752,0.7375145180023228,0.7706293706293706,0.7543352601156069,0.7082748948106592,0.7293333333333334,0.730723606168446,0.6812652068126521,0.7381275440976933,0.6818873668188736,0.7082748948106592,0.7375
Bacteroides intestinalis,0.7799511002444988,0.7801268498942917,0.7801268498942917,0.7801268498942917,0.7801268498942917,0.7801268498942917,0.7801268498942917,0.7801268498942917,0.7801268498942917,0.7801268498942917,0.7801268498942917,0.7241379310344828,0.7241379310344828,0.7137042062415198,0.7474874371859297,0.7474874371859297,0.7847579814624099,0.7936507936507937,0.7936507936507937,0.7207100591715976,0.6549935149156939,0.6549935149156939,0.628686327077748,0.7186512118018967,0.734475374732334,0.7043010752688172,0.7464968152866243,0.7275747508305648,0.7171717171717171,0.7171717171717171,0.7344173441734417,0.6931279620853081,0.6750298685782556,0.7898230088495575,0.7899159663865546,0.7568421052631579,0.7568421052631579,0.7534090909090909,0.7880794701986755,0.7483660130718954,0.800417972831766,0.7871222076215506,0.8019607843137255,0.7393767705382437,0.6691729323308271,0.7603795966785291,0.3003472222222222,0.3035714285714286,0.31980519480519476,0.5,0.24723247232472323,0.31980519480519476,0.0,0.25270758122743686,0.3487261146496815,0.3212435233160622,0.416796267496112,0.27935943060498225,0.0,0.5332302936630603,0.5340236686390533,0.5071315372424723,0.25270758122743686,0.5210608424336973,0.3212435233160622,0.4025764895330113,0.28739495798319326,0.3160621761658031,0.25688073394495414,0.5436447166921898,0.2717391304347826,0.2430426716141002,0.5206489675516224,0.5206489675516224,0.5206489675516224,0.6360544217687074,0.5206489675516224,0.5206489675516224,0.6044386422976502,0.6228868660598179,0.6182380216383307,0.6505847953216375,0.5259146341463414,0.7028301886792453,0.6007653061224489,0.40201005025125625,0.5988538681948424,0.40201005025125625,0.6336336336336337,0.2641165755919854,0.26296296296296295,0.5988538681948424,0.6974789915966386,0.5959752321981424,0.4776119402985075,0.7859872611464969,0.7216610549943883,0.7286914765906363,0.7216610549943883,0.7216610549943883,0.7216610549943883,0.7154046997389034,0.7208588957055215,0.7216117216117216,0.5996908809891808,0.5996908809891808,0.7036144578313253,0.7513751375137514,0.7513751375137514,0.7192174913693901,0.7650862068965517,0.752808988764045,0.752808988764045,0.7303206997084548,0.7749648382559775,0.6748299319727891,0.7454954954954955,0.7332601536772777,0.7861885790172642,0.6662125340599455,0.6672025723472669,0.7139479905437351,0.7588152327221438,0.7689015691868759,0.7014084507042253,0.7364238410596027,0.7265160523186682,0.7280187573270809,0.7211538461538461,0.7078986587183309,0.7014084507042253,0.7430939226519337
Bacteroides faecis,0.6805929919137466,0.7663043478260869,0.7663043478260869,0.7663043478260869,0.7663043478260869,0.7663043478260869,0.7663043478260869,0.7663043478260869,0.7663043478260869,0.7663043478260869,0.7663043478260869,0.8281417830290011,0.8281417830290011,0.7662682602921647,0.8287425149700599,0.8287425149700599,0.7622601279317698,0.6905405405405405,0.6905405405405405,0.8027057497181511,0.7600487210718636,0.7600487210718636,0.7932692307692308,0.7785714285714286,0.6873589164785553,0.777319587628866,0.6312056737588653,0.7927350427350427,0.8004268943436499,0.8004268943436499,0.6199095022624435,0.8127053669222344,0.8139281828073993,0.8002232142857143,0.8246887966804979,0.8286290322580645,0.8286290322580645,0.8295331161780674,0.6938775510204082,0.734602463605823,0.7820927723840345,0.7667121418826739,0.7921686746987951,0.776685393258427,0.8107183580387685,0.6482213438735178,0.6266094420600858,0.5565891472868216,0.6120218579234973,0.3157894736842105,0.5786259541984733,0.6120218579234973,0.5332302936630603,0.5309597523219814,0.6224627875507442,0.5712143928035982,0.2893835616438356,0.539291217257319,0.5332302936630603,0.0,0.21978021978021978,0.24857685009487662,0.5309597523219814,0.24716981132075466,0.5712143928035982,0.33959044368600677,0.5795454545454546,0.5449010654490107,0.5632716049382716,0.31464737793851716,0.5790273556231003,0.5788667687595712,0.6557377049180328,0.6557377049180328,0.6557377049180328,0.5737704918032787,0.6557377049180328,0.6557377049180328,0.4760522496371553,0.47730600292825764,0.4540636042402827,0.4573378839590444,0.46601941747572817,0.7287066246056783,0.5452091767881242,0.6106983655274889,0.4381107491856677,0.6106983655274889,0.4690721649484536,0.5933734939759037,0.5773993808049536,0.4381107491856677,0.6091603053435115,0.6359447004608295,0.5886970172684458,0.6937062937062937,0.7555555555555555,0.6206896551724138,0.7555555555555555,0.7555555555555555,0.7555555555555555,0.6312056737588653,0.6823529411764706,0.6786632390745502,0.7237410071942446,0.7237410071942446,0.813692480359147,0.83991683991684,0.83991683991684,0.8108695652173913,0.8260416666666667,0.6118210862619808,0.6118210862619808,0.7433628318584071,0.7723342939481268,0.7249666221628839,0.7900552486187845,0.7116912599318956,0.6701337295690937,0.7250996015936255,0.7183544303797469,0.7948139797068772,0.6525821596244131,0.7551622418879056,0.7423398328690808,0.543613707165109,0.8139797068771139,0.8089385474860336,0.7791164658634538,0.6993865030674846,0.7423398328690808,0.7289586305278174
Bacteroides nordii,0.6723016905071522,0.7701149425287357,0.7701149425287357,0.7701149425287357,0.7701149425287357,0.7701149425287357,0.7701149425287357,0.7701149425287357,0.7701149425287357,0.7701149425287357,0.7701149425287357,0.8173277661795407,0.8173277661795407,0.7519280205655527,0.8194444444444444,0.8194444444444444,0.7724489795918368,0.7202531645569621,0.7202531645569621,0.8064864864864865,0.7731481481481481,0.7731481481481481,0.7879490150637312,0.7935735150925024,0.6987041036717063,0.7913385826771654,0.6205479452054794,0.8053007135575942,0.8016443987667009,0.8016443987667009,0.5801186943620178,0.7944325481798715,0.7931769722814499,0.80406852248394,0.817907444668008,0.8253658536585367,0.8253658536585367,0.8185654008438819,0.6935933147632312,0.7120879120879121,0.7582184517497349,0.7730220492866408,0.7924345295829291,0.7955145118733509,0.8155021834061136,0.6666666666666667,0.6273972602739726,0.6040172166427547,0.6223958333333333,0.32499999999999996,0.5816326530612245,0.6223958333333333,0.5340236686390533,0.5616835994194485,0.6143790849673203,0.5744985673352436,0.32096774193548383,0.569364161849711,0.5340236686390533,0.21978021978021978,0.0,0.18949343339587243,0.5616835994194485,0.2660714285714286,0.5744985673352436,0.3522727272727273,0.582312925170068,0.5473071324599709,0.5648967551622419,0.31195840554592724,0.5653450807635829,0.5693215339233038,0.6946564885496183,0.6946564885496183,0.6946564885496183,0.6180904522613065,0.6946564885496183,0.6946564885496183,0.5283018867924528,0.5218579234972678,0.47927031509121065,0.4741935483870968,0.5090361445783133,0.7248120300751879,0.5804816223067173,0.6102418207681366,0.42610062893081757,0.6102418207681366,0.49273021001615513,0.5977011494252873,0.5991253644314869,0.42610062893081757,0.6087591240875913,0.6303387334315169,0.587087087087087,0.6864064602960969,0.7464940668824164,0.6163682864450128,0.7464940668824164,0.7464940668824164,0.7464940668824164,0.6167582417582418,0.6701461377870563,0.6838868388683887,0.7445945945945946,0.7445945945945946,0.8296059637912673,0.811088295687885,0.811088295687885,0.8079748163693599,0.8047034764826175,0.6112804878048781,0.6112804878048781,0.7634854771784232,0.7770177838577291,0.7217948717948718,0.7787325456498388,0.7411764705882353,0.7022160664819945,0.7490636704119851,0.7396449704142012,0.7777777777777778,0.6759530791788857,0.7694444444444444,0.7598425196850394,0.5962643678160919,0.8299465240641711,0.8047464940668825,0.7753530166880616,0.7249283667621776,0.7598425196850394,0.7391891891891892
Bacteroides salyersiae,0.6935483870967742,0.7672131147540984,0.7672131147540984,0.7672131147540984,0.7672131147540984,0.7672131147540984,0.7672131147540984,0.7672131147540984,0.7672131147540984,0.7672131147540984,0.7672131147540984,0.8230184581976113,0.8230184581976113,0.760752688172043,0.8144078144078144,0.8144078144078144,0.7537796976241901,0.6821917808219178,0.6821917808219178,0.7970353477765109,0.7472118959107807,0.7472118959107807,0.7630272952853598,0.7769784172661871,0.6981981981981982,0.7807652533609101,0.6255380200860832,0.802771855010661,0.7805676855895196,0.7805676855895196,0.6200607902735562,0.804661487236404,0.8006644518272426,0.8185840707964602,0.8283038501560874,0.8165983606557377,0.8165983606557377,0.8282275711159738,0.7115942028985507,0.7296380090497738,0.7643171806167401,0.7795918367346939,0.7845528455284553,0.7848101265822784,0.7981438515081206,0.6521164021164021,0.5776119402985075,0.5806451612903225,0.6063535911602209,0.25343811394891946,0.5629860031104199,0.6063535911602209,0.5071315372424723,0.5395348837209302,0.5977808599167822,0.5287713841368584,0.363036303630363,0.5157728706624606,0.5071315372424723,0.24857685009487662,0.18949343339587243,0.0,0.5395348837209302,0.31135531135531136,0.5287713841368584,0.3709949409780776,0.5353982300884956,0.47916666666666663,0.5120772946859904,0.21083172147001938,0.5408805031446541,0.5145161290322581,0.6671214188267394,0.6671214188267394,0.6671214188267394,0.624113475177305,0.6671214188267394,0.6671214188267394,0.5184659090909092,0.5263908701854494,0.40441176470588236,0.47707979626485564,0.5157728706624606,0.6815181518151815,0.5585464333781964,0.5766871165644172,0.38095238095238093,0.5766871165644172,0.4381625441696113,0.5672333848531685,0.5637795275590551,0.38095238095238093,0.5808477237048666,0.5813204508856682,0.5930599369085173,0.7248968363136177,0.739524348810872,0.6317880794701987,0.739524348810872,0.739524348810872,0.739524348810872,0.6055312954876273,0.7105263157894737,0.6705729166666667,0.7115666178623719,0.7115666178623719,0.8215488215488216,0.8151709401709402,0.8151709401709402,0.8107221006564551,0.8148148148148149,0.6339144215530903,0.6339144215530903,0.7481481481481482,0.7718023255813954,0.7410358565737052,0.8043956043956044,0.7282976324689966,0.6921944035346097,0.737748344370861,0.7334384858044164,0.7890535917901939,0.700152207001522,0.7507462686567165,0.7468531468531469,0.6251851851851852,0.8205417607223476,0.7855504587155964,0.7653478854024557,0.7101226993865031,0.7468531468531469,0.7335243553008596
Bacteroides sp902362375,0.7946859903381642,0.777542372881356,0.777542372881356,0.777542372881356,0.777542372881356,0.777542372881356,0.777542372881356,0.777542372881356,0.777542372881356,0.777542372881356,0.777542372881356,0.7569988801791714,0.7569988801791714,0.7542706964520368,0.7706535141800247,0.7706535141800247,0.7897435897435897,0.7965895249695494,0.7965895249695494,0.7237308146399055,0.6823379923761118,0.6823379923761118,0.666232073011734,0.72,0.7317596566523605,0.7194473963868225,0.7448979591836735,0.735973597359736,0.7480832420591457,0.7480832420591457,0.749665327978581,0.7099415204678363,0.6813317479191439,0.7830923248053393,0.78609062170706,0.7862281603288798,0.7862281603288798,0.7562358276643991,0.7992125984251969,0.7671673819742489,0.8140495867768596,0.7758620689655172,0.7984267453294002,0.7656033287101248,0.6969325153374233,0.7676886792452831,0.3236301369863014,0.23091247672253257,0.3828125,0.5769828926905132,0.26007326007326004,0.3828125,0.25270758122743686,0.0,0.3460925039872408,0.29173989455184535,0.469172932330827,0.20925925925925926,0.25270758122743686,0.5309597523219814,0.5616835994194485,0.5395348837209302,0.0,0.5744360902255639,0.29173989455184535,0.462015503875969,0.31011608623548925,0.3613445378151261,0.2727272727272727,0.5763473053892216,0.2810810810810811,0.3119429590017825,0.5118694362017804,0.5118694362017804,0.5118694362017804,0.6406779661016949,0.5118694362017804,0.5118694362017804,0.6224226804123711,0.6192959582790092,0.613953488372093,0.670028818443804,0.5588673621460507,0.7068965517241379,0.6060991105463787,0.40734557595993326,0.6244725738396624,0.40734557595993326,0.6558345642540621,0.34835355285961866,0.36300174520069806,0.6244725738396624,0.7154696132596685,0.621580547112462,0.504885993485342,0.8012578616352202,0.7144469525959367,0.7392857142857143,0.7144469525959367,0.7144469525959367,0.7144469525959367,0.7237354085603113,0.7439759036144578,0.7324455205811138,0.6210045662100456,0.6210045662100456,0.6957575757575758,0.7703141928494042,0.7703141928494042,0.7294520547945205,0.7756410256410257,0.7492957746478873,0.7492957746478873,0.7340116279069768,0.8052126200274349,0.6620879120879121,0.732650739476678,0.7290748898678414,0.7780748663101604,0.662568306010929,0.6778309409888357,0.7450980392156863,0.7845303867403315,0.7706552706552706,0.7300275482093663,0.7160161507402423,0.7355371900826446,0.7324766355140186,0.7401894451962111,0.690332326283988,0.7300275482093663,0.7378640776699029
Bacteroides oleiciplenus,0.6977363515312915,0.7524752475247525,0.7524752475247525,0.7524752475247525,0.7524752475247525,0.7524752475247525,0.7524752475247525,0.7524752475247525,0.7524752475247525,0.7524752475247525,0.7524752475247525,0.8152173913043479,0.8152173913043479,0.7543624161073825,0.8228915662650602,0.8228915662650602,0.7685774946921444,0.6847826086956521,0.6847826086956521,0.8011299435028248,0.7627737226277372,0.7627737226277372,0.7827669902912622,0.7979899497487437,0.6855203619909502,0.7920489296636086,0.6384180790960452,0.806553911205074,0.787257019438445,0.787257019438445,0.6439169139465875,0.8150984682713348,0.8032967032967033,0.8079911209766926,0.8437180796731358,0.8260869565217391,0.8260869565217391,0.8369330453563715,0.7195994277539342,0.7343049327354261,0.7658643326039387,0.7927807486631016,0.8027888446215139,0.7950138504155124,0.8091428571428572,0.6441798941798942,0.6061046511627908,0.595166163141994,0.5724331926863573,0.25536062378167645,0.5603715170278638,0.5724331926863573,0.5210608424336973,0.5744360902255639,0.6049382716049383,0.5553869499241275,0.30560271646859083,0.5865671641791045,0.5210608424336973,0.24716981132075466,0.2660714285714286,0.31135531135531136,0.5744360902255639,0.0,0.5553869499241275,0.36363636363636365,0.5809659090909092,0.568215892053973,0.5603715170278638,0.3723776223776224,0.5718654434250765,0.5996978851963746,0.6734143049932524,0.6734143049932524,0.6734143049932524,0.6328671328671329,0.6734143049932524,0.6734143049932524,0.5450762829403606,0.566896551724138,0.44483985765124556,0.4924874791318865,0.5272161741835149,0.7382445141065831,0.592156862745098,0.5997001499250375,0.42434210526315785,0.5997001499250375,0.44677137870855144,0.6053811659192825,0.5963302752293578,0.42434210526315785,0.6336336336336337,0.5965189873417722,0.5723370429252782,0.6652360515021459,0.7497206703910615,0.6201859229747676,0.7497206703910615,0.7497206703910615,0.7497206703910615,0.6208869814020028,0.6487376509330406,0.6557591623036649,0.7396870554765291,0.7396870554765291,0.8305647840531561,0.840956340956341,0.840956340956341,0.8158179848320694,0.834368530020704,0.6330708661417324,0.6330708661417324,0.7503671071953011,0.7666666666666666,0.7447368421052631,0.8082788671023965,0.7497243660418964,0.6910688140556369,0.7480417754569191,0.7179080824088748,0.7710011507479861,0.6910197869101979,0.7675438596491229,0.7660738714090287,0.6142433234421365,0.8230683090705487,0.8166666666666667,0.7655826558265583,0.7320359281437125,0.7660738714090287,0.7429378531073446
Bacteroides fragilis_A,0.758364312267658,0.7887029288702929,0.7887029288702929,0.7887029288702929,0.7887029288702929,0.7887029288702929,0.7887029288702929,0.7887029288702929,0.7887029288702929,0.7887029288702929,0.7887029288702929,0.7649667405764966,0.7649667405764966,0.7555555555555555,0.7672413793103449,0.7672413793103449,0.780638516992791,0.7753086419753086,0.7753086419753086,0.7159763313609467,0.6409921671018277,0.6409921671018277,0.6415343915343915,0.7331256490134994,0.7206040992448759,0.7287066246056783,0.7333333333333334,0.7174638487208009,0.7297895902547065,0.7297895902547065,0.7426273458445041,0.7202312138728324,0.6890459363957597,0.798687089715536,0.8204081632653062,0.765625,0.765625,0.779379157427938,0.8018252933507171,0.742639040348964,0.7835269271383316,0.7834645669291338,0.7885375494071146,0.7786885245901639,0.6790582403965304,0.7346200241254524,0.31965811965811963,0.3233743409490334,0.4257575757575758,0.5458860759493671,0.31150442477876106,0.4257575757575758,0.3212435233160622,0.29173989455184535,0.37850467289719625,0.0,0.48816568047337283,0.30541012216404884,0.3212435233160622,0.5712143928035982,0.5744985673352436,0.5287713841368584,0.29173989455184535,0.5553869499241275,0.0,0.45341614906832295,0.32295081967213113,0.26725663716814163,0.3321678321678322,0.5285053929121726,0.3762711864406779,0.34320557491289194,0.6052631578947368,0.6052631578947368,0.6052631578947368,0.6633499170812603,0.6052631578947368,0.6052631578947368,0.6261203585147247,0.6230569948186528,0.6120556414219475,0.6526162790697674,0.5442278860569716,0.7046875,0.6098484848484849,0.35111876075731496,0.5829725829725829,0.35111876075731496,0.60882800608828,0.38344594594594594,0.400679117147708,0.5829725829725829,0.7009735744089012,0.5470494417862839,0.4709784411276948,0.7962264150943397,0.7084745762711864,0.7360285374554103,0.7084745762711864,0.7084745762711864,0.7084745762711864,0.711864406779661,0.7323232323232323,0.7135862913096696,0.5736677115987461,0.5736677115987461,0.7188612099644128,0.7579062159214831,0.7579062159214831,0.7190366972477065,0.7634408602150538,0.7507002801120448,0.7507002801120448,0.742816091954023,0.7847222222222222,0.6397774687065368,0.7324263038548753,0.7218543046357616,0.7527173913043479,0.6478679504814305,0.6923076923076923,0.7272727272727273,0.7739251040221914,0.7578796561604585,0.7435549525101763,0.7344782034346102,0.7714285714285715,0.708185053380783,0.7566489361702128,0.7038690476190477,0.7435549525101763,0.7393103448275862
Bacteroides clarus,0.7063291139240506,0.7454739084132056,0.7454739084132056,0.7454739084132056,0.7454739084132056,0.7454739084132056,0.7454739084132056,0.7454739084132056,0.7454739084132056,0.7454739084132056,0.7454739084132056,0.7620087336244541,0.7620087336244541,0.7602040816326531,0.800235017626322,0.800235017626322,0.7549120992761117,0.7222222222222222,0.7222222222222222,0.7471655328798186,0.698159509202454,0.698159509202454,0.6928838951310862,0.7462082912032356,0.6585094549499444,0.7420675537359263,0.6684280052840159,0.7626582278481013,0.7728706624605678,0.7728706624605678,0.6468926553672316,0.7251131221719457,0.7226606538895153,0.7808069792802617,0.827517447657029,0.8033763654419066,0.8033763654419066,0.7920258620689655,0.7066115702479339,0.6670454545454545,0.7451820128479658,0.7764857881136951,0.7748279252704031,0.7957839262187089,0.7283372365339578,0.6786155747836835,0.5096582466567607,0.4899224806201551,0.5188811188811189,0.36979166666666663,0.4110929853181077,0.5188811188811189,0.4025764895330113,0.462015503875969,0.5056338028169014,0.45341614906832295,0.13595706618962433,0.4730354391371341,0.4025764895330113,0.33959044368600677,0.3522727272727273,0.3709949409780776,0.462015503875969,0.36363636363636365,0.45341614906832295,0.0,0.4684287812041116,0.4092356687898089,0.4588607594936709,0.3910891089108911,0.4525316455696202,0.4488817891373802,0.6306666666666667,0.6306666666666667,0.6306666666666667,0.6569105691056911,0.6306666666666667,0.6306666666666667,0.45621468926553677,0.45506419400855924,0.5405405405405406,0.5408320493066257,0.40418679549114334,0.7514705882352941,0.4871794871794872,0.48372093023255813,0.49096385542168675,0.48372093023255813,0.5221518987341772,0.4516640253565769,0.4383116883116883,0.49096385542168675,0.6448863636363636,0.648766328011611,0.4879614767255217,0.7295188556566969,0.7399783315276274,0.6646115906288532,0.7399783315276274,0.7399783315276274,0.7399783315276274,0.6754270696452036,0.6464968152866242,0.6986634264884568,0.6160714285714286,0.6160714285714286,0.75,0.7927083333333333,0.7927083333333333,0.7352614015572858,0.7825182101977107,0.6568483063328424,0.6568483063328424,0.7722908093278463,0.7856173677069199,0.6988265971316818,0.7737068965517242,0.711159737417943,0.7255434782608696,0.7058064516129032,0.7529239766081871,0.7793633369923161,0.6917510853835022,0.7680555555555555,0.7519788918205805,0.6397774687065368,0.7613122171945701,0.7608938547486034,0.7911392405063291,0.7271428571428571,0.7519788918205805,0.7429340511440108
Phocaeicola dorei,0.7759626604434072,0.799800796812749,0.799800796812749,0.799800796812749,0.799800796812749,0.799800796812749,0.799800796812749,0.799800796812749,0.799800796812749,0.799800796812749,0.799800796812749,0.732532751091703,0.732532751091703,0.7290076335877862,0.7597633136094675,0.7597633136094675,0.77998017839445,0.7876312718786465,0.7876312718786465,0.7295173961840629,0.6210392902408112,0.6210392902408112,0.5997392438070404,0.7005128205128205,0.7275541795665634,0.7064881565396499,0.7393422655298416,0.7124463519313304,0.7049891540130152,0.7049891540130152,0.7515842839036755,0.6989853438556933,0.6892655367231638,0.7985309548793285,0.7982017982017982,0.749238578680203,0.749238578680203,0.7669172932330828,0.8118081180811808,0.748696558915537,0.7913306451612903,0.7855361596009975,0.8013182674199624,0.7486702127659575,0.6492718446601942,0.7445589919816724,0.352,0.3176470588235294,0.40528634361233484,0.5773195876288659,0.28301886792452835,0.40528634361233484,0.28739495798319326,0.31011608623548925,0.3589743589743589,0.32295081967213113,0.4922425952045134,0.26870748299319724,0.28739495798319326,0.5795454545454546,0.582312925170068,0.5353982300884956,0.31011608623548925,0.5809659090909092,0.32295081967213113,0.4684287812041116,0.0,0.27563025210084036,0.23767605633802813,0.5067064083457526,0.2908163265306123,0.28227194492254737,0.5340751043115438,0.5340751043115438,0.5340751043115438,0.6692667706708268,0.5340751043115438,0.5340751043115438,0.6138613861386139,0.6159600997506234,0.6143695014662757,0.6602475928473177,0.5560283687943263,0.676737160120846,0.6034063260340632,0.3945686900958466,0.5942622950819672,0.3945686900958466,0.6232091690544412,0.3377483443708609,0.3378151260504202,0.5942622950819672,0.7193211488250653,0.5786350148367952,0.478806907378336,0.8033373063170441,0.7259100642398286,0.7400681044267877,0.7259100642398286,0.7259100642398286,0.7259100642398286,0.7222222222222222,0.7334630350194553,0.7306358381502891,0.625,0.625,0.7016129032258065,0.7436440677966102,0.7436440677966102,0.7066666666666667,0.7492163009404389,0.7628458498023716,0.7628458498023716,0.7352537722908093,0.7884362680683311,0.6774193548387097,0.7432578209277239,0.7395397489539749,0.7846347607052897,0.6845466155810984,0.6746987951807228,0.7158962795941375,0.7861799217731421,0.7780748663101604,0.7281045751633988,0.7453183520599251,0.7393258426966292,0.7031963470319635,0.7458492975734354,0.7033898305084746,0.7281045751633988,0.7631917631917632
Phocaeicola vulgatus,0.7668711656441718,0.795643153526971,0.795643153526971,0.795643153526971,0.795643153526971,0.795643153526971,0.795643153526971,0.795643153526971,0.795643153526971,0.795643153526971,0.795643153526971,0.758888888888889,0.758888888888889,0.7629533678756477,0.7815533980582524,0.7815533980582524,0.787538304392237,0.7776412776412777,0.7776412776412777,0.690734055354994,0.6511627906976745,0.6511627906976745,0.6500655307994758,0.7207112970711297,0.7173678532901834,0.729559748427673,0.7245817245817245,0.7352297592997812,0.7306843267108167,0.7306843267108167,0.7197278911564626,0.7108013937282229,0.7008149010477299,0.7901098901098901,0.8221544715447154,0.7827868852459017,0.7827868852459017,0.7881448957189902,0.7804232804232805,0.7324561403508771,0.7842105263157895,0.7516778523489933,0.786771964461994,0.7762619372442019,0.6834975369458128,0.7294685990338164,0.3967479674796748,0.36130136986301364,0.45857988165680474,0.5271565495207668,0.35567010309278346,0.45857988165680474,0.3160621761658031,0.3613445378151261,0.42771084337349397,0.26725663716814163,0.4375,0.3491525423728814,0.3160621761658031,0.5449010654490107,0.5473071324599709,0.47916666666666663,0.3613445378151261,0.568215892053973,0.26725663716814163,0.4092356687898089,0.27563025210084036,0.0,0.341421143847487,0.46474358974358976,0.38758389261744963,0.3263157894736842,0.6088154269972452,0.6088154269972452,0.6088154269972452,0.6471571906354515,0.6088154269972452,0.6088154269972452,0.572944297082228,0.5691275167785235,0.594383775351014,0.6160714285714286,0.5061349693251533,0.6918238993710693,0.571798188874515,0.3051146384479718,0.5868005738880918,0.3051146384479718,0.6189759036144578,0.36734693877551017,0.36787564766839376,0.5868005738880918,0.6690340909090908,0.5281803542673108,0.4427609427609428,0.795483061480552,0.7238307349665924,0.7324613555291319,0.7238307349665924,0.7238307349665924,0.7238307349665924,0.7129870129870131,0.7280080889787665,0.7255139056831923,0.543859649122807,0.543859649122807,0.7228773584905661,0.7733619763694952,0.7733619763694952,0.75,0.777306468716861,0.7394366197183099,0.7394366197183099,0.7457142857142858,0.782246879334258,0.6375,0.7516703786191536,0.7283680175246441,0.7587601078167115,0.6621438263229308,0.7236641221374045,0.7570942111237231,0.7328571428571429,0.7354651162790697,0.7462887989203779,0.7220744680851063,0.7377049180327868,0.7183098591549295,0.7833981841763943,0.7109144542772861,0.7462887989203779,0.7386519944979367
Phocaeicola plebeius,0.7916152897657214,0.8042105263157895,0.8042105263157895,0.8042105263157895,0.8042105263157895,0.8042105263157895,0.8042105263157895,0.8042105263157895,0.8042105263157895,0.8042105263157895,0.8042105263157895,0.7331786542923434,0.7331786542923434,0.7225274725274725,0.74002574002574,0.74002574002574,0.7832460732984293,0.7844611528822055,0.7844611528822055,0.733015494636472,0.646746347941567,0.646746347941567,0.598326359832636,0.7132116004296456,0.7483870967741936,0.7153679653679654,0.751937984496124,0.7133105802047781,0.7128146453089245,0.7128146453089245,0.757123473541384,0.6990407673860911,0.683956574185766,0.7882882882882882,0.7871657754010695,0.7508055853920516,0.7508055853920516,0.7569124423963134,0.8103448275862069,0.7544052863436124,0.7978723404255319,0.7819650067294751,0.8196078431372549,0.7453237410071942,0.6615384615384615,0.7671068427370948,0.3021201413427562,0.3237410071942446,0.3675762439807384,0.5670926517571885,0.2448210922787194,0.3675762439807384,0.25688073394495414,0.2727272727272727,0.35379644588045234,0.3321678321678322,0.4709480122324159,0.2094339622641509,0.25688073394495414,0.5632716049382716,0.5648967551622419,0.5120772946859904,0.2727272727272727,0.5603715170278638,0.3321678321678322,0.4588607594936709,0.23767605633802813,0.341421143847487,0.0,0.539906103286385,0.15748031496062997,0.13827655310621245,0.4775888717156105,0.4775888717156105,0.4775888717156105,0.6293706293706294,0.4775888717156105,0.4775888717156105,0.575880758807588,0.5970350404312669,0.593900481540931,0.6452095808383234,0.5354938271604939,0.6813725490196079,0.5932203389830508,0.41891891891891897,0.5964912280701755,0.41891891891891897,0.6298003072196621,0.36252189141856395,0.3571428571428571,0.5964912280701755,0.7063829787234043,0.5753205128205128,0.4182776801405975,0.7935483870967742,0.7275822928490352,0.7532934131736527,0.7275822928490352,0.7275822928490352,0.7275822928490352,0.7372549019607844,0.7507598784194529,0.7481751824817517,0.5993690851735016,0.5993690851735016,0.6970443349753694,0.7219679633867278,0.7219679633867278,0.6948748510131109,0.7452725250278087,0.7694483734087695,0.7694483734087695,0.7344213649851632,0.7691197691197691,0.677731673582296,0.7387802071346374,0.734966592427617,0.7891891891891891,0.6817558299039781,0.6877022653721683,0.727705112960761,0.7790368271954674,0.7518463810930576,0.7285513361462729,0.7334235453315291,0.734375,0.698780487804878,0.7194950911640954,0.6898148148148149,0.7285513361462729,0.747191011235955
Phocaeicola massiliensis,0.6937416777629827,0.7721382289416847,0.7721382289416847,0.7721382289416847,0.7721382289416847,0.7721382289416847,0.7721382289416847,0.7721382289416847,0.7721382289416847,0.7721382289416847,0.7721382289416847,0.8209277238403452,0.8209277238403452,0.7701453104359313,0.8221153846153846,0.8221153846153846,0.7574786324786325,0.6913746630727763,0.6913746630727763,0.8004509582863585,0.7281795511221945,0.7281795511221945,0.7595561035758323,0.7790224032586558,0.7041156840934372,0.7889908256880733,0.6418539325842696,0.7944621938232161,0.7747551686615887,0.7747551686615887,0.6251874062968517,0.8105147864184009,0.8039430449069003,0.8318872017353579,0.831101956745623,0.8073770491803278,0.8073770491803278,0.8336933045356372,0.7134670487106017,0.738015607580825,0.7639344262295082,0.7838926174496644,0.7974051896207585,0.7841225626740947,0.7974683544303798,0.6544502617801047,0.6158273381294964,0.5842185128983308,0.6335570469798657,0.3056603773584906,0.5777439024390244,0.6335570469798657,0.5436447166921898,0.5763473053892216,0.6027397260273972,0.5285053929121726,0.3802588996763754,0.545176110260337,0.5436447166921898,0.31464737793851716,0.31195840554592724,0.21083172147001938,0.5763473053892216,0.3723776223776224,0.5285053929121726,0.3910891089108911,0.5067064083457526,0.46474358974358976,0.539906103286385,0.0,0.5672782874617737,0.5238095238095238,0.6657645466847091,0.6657645466847091,0.6657645466847091,0.6300174520069808,0.6657645466847091,0.6657645466847091,0.5348189415041782,0.5385694249649369,0.4395017793594306,0.5074135090609555,0.5407066052227343,0.7051282051282051,0.5425101214574899,0.5716463414634146,0.4036544850498339,0.5716463414634146,0.43881118881118886,0.5709923664122137,0.554160125588697,0.4036544850498339,0.5800933125972005,0.5850556438791733,0.6159754224270353,0.7282608695652174,0.7615894039735099,0.6623876765083441,0.7615894039735099,0.7615894039735099,0.7615894039735099,0.634180790960452,0.7145833333333333,0.6845466155810984,0.7078488372093024,0.7078488372093024,0.8101123595505618,0.816931216931217,0.816931216931217,0.8138528138528138,0.8251821019771072,0.6369327073552425,0.6369327073552425,0.7514619883040936,0.7834757834757835,0.7473821989528796,0.8140540540540541,0.7394678492239468,0.6962209302325582,0.7490247074122236,0.7232704402515724,0.791196388261851,0.6844512195121951,0.7466666666666666,0.7517241379310344,0.6179941002949852,0.8157303370786517,0.7822120866590649,0.7797062750333779,0.7101669195751138,0.7517241379310344,0.7545327754532776
Phocaeicola coprocola,0.795593635250918,0.7949260042283298,0.7949260042283298,0.7949260042283298,0.7949260042283298,0.7949260042283298,0.7949260042283298,0.7949260042283298,0.7949260042283298,0.7949260042283298,0.7949260042283298,0.721120186697783,0.721120186697783,0.7205479452054795,0.7217165149544864,0.7217165149544864,0.7917098445595855,0.7990135635018496,0.7990135635018496,0.7221556886227545,0.6592398427260813,0.6592398427260813,0.625340599455041,0.7171824973319103,0.7467811158798283,0.7124324324324325,0.7564102564102564,0.7160633484162896,0.7300337457817773,0.7300337457817773,0.7584345479082322,0.6847826086956521,0.656441717791411,0.7741203178206584,0.7697297297297298,0.7598299681190224,0.7598299681190224,0.7523041474654377,0.8050397877984085,0.7609170305676856,0.7974549310710498,0.7798657718120805,0.8168462291870715,0.7359307359307359,0.6717363751584284,0.7755344418052257,0.34476843910806176,0.3374777975133215,0.384493670886076,0.572107765451664,0.23062381852551983,0.384493670886076,0.2717391304347826,0.2810810810810811,0.3473344103392568,0.3762711864406779,0.48108925869894104,0.24493554327808476,0.2717391304347826,0.5790273556231003,0.5653450807635829,0.5408805031446541,0.2810810810810811,0.5718654434250765,0.3762711864406779,0.4525316455696202,0.2908163265306123,0.38758389261744963,0.15748031496062997,0.5672782874617737,0.0,0.19186046511627908,0.4714064914992272,0.4714064914992272,0.4714064914992272,0.6053097345132743,0.4714064914992272,0.4714064914992272,0.598937583001328,0.6122177954847278,0.6031746031746033,0.6453055141579731,0.5450381679389313,0.6898222940226171,0.5989650711513583,0.45394736842105265,0.6169296987087518,0.45394736842105265,0.6485671191553545,0.36979166666666663,0.3760984182776801,0.6169296987087518,0.7062146892655368,0.6046875,0.42508710801393723,0.7821011673151751,0.7215909090909092,0.7317961165048543,0.7215909090909092,0.7215909090909092,0.7215909090909092,0.7253613666228647,0.7338792221084953,0.7356181150550796,0.5908372827804107,0.5908372827804107,0.6758104738154613,0.7203196347031964,0.7203196347031964,0.6916666666666667,0.7436182019977802,0.754985754985755,0.754985754985755,0.7132132132132132,0.7651296829971181,0.668515950069348,0.7268518518518519,0.7234042553191489,0.7821380243572396,0.6689655172413793,0.6747967479674797,0.7137724550898203,0.7698863636363636,0.7459379615952733,0.7138810198300283,0.7262872628726287,0.7218863361547763,0.6923076923076923,0.7011331444759207,0.683641975308642,0.7138810198300283,0.7308781869688386
Phocaeicola coprophilus,0.7848258706467661,0.8073684210526315,0.8073684210526315,0.8073684210526315,0.8073684210526315,0.8073684210526315,0.8073684210526315,0.8073684210526315,0.8073684210526315,0.8073684210526315,0.8073684210526315,0.7424942263279446,0.7424942263279446,0.7283950617283951,0.7422680412371134,0.7422680412371134,0.7851153039832285,0.7927590511860174,0.7927590511860174,0.7380952380952381,0.6435246995994659,0.6435246995994659,0.6063977746870653,0.7178111587982833,0.7516129032258064,0.7074235807860262,0.7509727626459144,0.7064220183486238,0.7103448275862069,0.7103448275862069,0.7493150684931507,0.7072879330943846,0.690734055354994,0.7820658342792282,0.7890792291220556,0.7553648068669527,0.7553648068669527,0.7603686635944701,0.7983870967741935,0.759075907590759,0.7881720430107527,0.7810810810810811,0.808531746031746,0.7424023154848046,0.6721938775510203,0.7707082833133253,0.3310104529616724,0.3469750889679716,0.4106583072100314,0.565008025682183,0.2828096118299446,0.4106583072100314,0.2430426716141002,0.3119429590017825,0.37439999999999996,0.34320557491289194,0.46850998463901694,0.25138632162661734,0.2430426716141002,0.5788667687595712,0.5693215339233038,0.5145161290322581,0.3119429590017825,0.5996978851963746,0.34320557491289194,0.4488817891373802,0.28227194492254737,0.3263157894736842,0.13827655310621245,0.5238095238095238,0.19186046511627908,0.0,0.5098634294385432,0.5098634294385432,0.5098634294385432,0.6003584229390682,0.5098634294385432,0.5098634294385432,0.5722070844686649,0.5858310626702997,0.6120826709062004,0.6374622356495468,0.5264797507788161,0.6688741721854304,0.5934640522875817,0.45016611295681064,0.625,0.45016611295681064,0.6550680786686838,0.32675044883303406,0.32969034608378867,0.625,0.6787790697674418,0.5824,0.40957446808510634,0.7911802853437094,0.7438202247191011,0.7568862275449102,0.7438202247191011,0.7438202247191011,0.7438202247191011,0.7428198433420365,0.756319514661274,0.7548543689320388,0.5679611650485437,0.5679611650485437,0.6845386533665836,0.7195402298850575,0.7195402298850575,0.6953405017921147,0.7402015677491601,0.7507204610951008,0.7507204610951008,0.7313432835820896,0.7787356321839081,0.6763888888888889,0.7378752886836027,0.7283950617283951,0.7866847826086957,0.6563814866760168,0.6818923327895595,0.7282479141835518,0.7532656023222061,0.7357357357357357,0.7035971223021582,0.713103448275862,0.7334137515078407,0.6928746928746929,0.7183098591549295,0.6635071090047393,0.7035971223021582,0.7263610315186246
Prevotella sp900313215,0.8367117117117118,0.6788888888888889,0.6788888888888889,0.6788888888888889,0.6788888888888889,0.6788888888888889,0.6788888888888889,0.6788888888888889,0.6788888888888889,0.6788888888888889,0.6788888888888889,0.559748427672956,0.559748427672956,0.7894088669950738,0.71,0.71,0.7019230769230769,0.8321917808219178,0.8321917808219178,0.55627425614489,0.7432590855803047,0.7432590855803047,0.7404761904761905,0.5767918088737201,0.5898030127462341,0.5697808535178777,0.8025851938895417,0.5525672371638142,0.627039627039627,0.627039627039627,0.7811320754716982,0.732739420935412,0.7160493827160495,0.6446578631452581,0.6984649122807017,0.6839826839826839,0.6839826839826839,0.6144430844553244,0.8372093023255813,0.7444326617179216,0.692817679558011,0.8230958230958231,0.6947040498442367,0.7812911725955204,0.7715565509518477,0.814489571899012,0.5758426966292135,0.5364041604754829,0.5159500693481276,0.6731843575418994,0.5143288084464555,0.5159500693481276,0.5206489675516224,0.5118694362017804,0.504881450488145,0.6052631578947368,0.6342412451361867,0.5044776119402985,0.5206489675516224,0.6557377049180328,0.6946564885496183,0.6671214188267394,0.5118694362017804,0.6734143049932524,0.6052631578947368,0.6306666666666667,0.5340751043115438,0.6088154269972452,0.4775888717156105,0.6657645466847091,0.4714064914992272,0.5098634294385432,0.0,0.0,0.0,0.6693163751987281,0.0,0.0,0.6698795180722892,0.6850961538461539,0.6709585121602288,0.7311258278145696,0.6693227091633467,0.7554269175108539,0.6344993968636912,0.6452054794520548,0.7160963244613434,0.6452054794520548,0.7332439678284182,0.5743145743145743,0.556379821958457,0.7160963244613434,0.7659846547314578,0.7166212534059946,0.6168359941944848,0.8349056603773585,0.6474654377880185,0.7938257993384785,0.6474654377880185,0.6474654377880185,0.6474654377880185,0.7955082742316785,0.6142241379310345,0.7964404894327031,0.7232021709633649,0.7232021709633649,0.6351351351351351,0.592057761732852,0.592057761732852,0.7342888643880926,0.7985757884028484,0.8105670103092784,0.8105670103092784,0.7838926174496644,0.8218465539661899,0.73875,0.5708955223880596,0.5691937424789411,0.8122653316645807,0.6865284974093264,0.72,0.7077100115074799,0.8054830287206266,0.7994652406417112,0.7715019255455713,0.757537688442211,0.5350993377483444,0.5454545454545454,0.7694267515923567,0.7223796033994334,0.7715019255455713,0.7931034482758621
Prevotella sp900551275,0.8367117117117118,0.6788888888888889,0.6788888888888889,0.6788888888888889,0.6788888888888889,0.6788888888888889,0.6788888888888889,0.6788888888888889,0.6788888888888889,0.6788888888888889,0.6788888888888889,0.559748427672956,0.559748427672956,0.7894088669950738,0.71,0.71,0.7019230769230769,0.8321917808219178,0.8321917808219178,0.55627425614489,0.7432590855803047,0.7432590855803047,0.7404761904761905,0.5767918088737201,0.5898030127462341,0.5697808535178777,0.8025851938895417,0.5525672371638142,0.627039627039627,0.627039627039627,0.7811320754716982,0.732739420935412,0.7160493827160495,0.6446578631452581,0.6984649122807017,0.6839826839826839,0.6839826839826839,0.6144430844553244,0.8372093023255813,0.7444326617179216,0.692817679558011,0.8230958230958231,0.6947040498442367,0.7812911725955204,0.7715565509518477,0.814489571899012,0.5758426966292135,0.5364041604754829,0.5159500693481276,0.6731843575418994,0.5143288084464555,0.5159500693481276,0.5206489675516224,0.5118694362017804,0.504881450488145,0.6052631578947368,0.6342412451361867,0.5044776119402985,0.5206489675516224,0.6557377049180328,0.6946564885496183,0.6671214188267394,0.5118694362017804,0.6734143049932524,0.6052631578947368,0.6306666666666667,0.5340751043115438,0.6088154269972452,0.4775888717156105,0.6657645466847091,0.4714064914992272,0.5098634294385432,0.0,0.0,0.0,0.6693163751987281,0.0,0.0,0.6698795180722892,0.6850961538461539,0.6709585121602288,0.7311258278145696,0.6693227091633467,0.7554269175108539,0.6344993968636912,0.6452054794520548,0.7160963244613434,0.6452054794520548,0.7332439678284182,0.5743145743145743,0.556379821958457,0.7160963244613434,0.7659846547314578,0.7166212534059946,0.6168359941944848,0.8349056603773585,0.6474654377880185,0.7938257993384785,0.6474654377880185,0.6474654377880185,0.6474654377880185,0.7955082742316785,0.6142241379310345,0.7964404894327031,0.7232021709633649,0.7232021709633649,0.6351351351351351,0.592057761732852,0.592057761732852,0.7342888643880926,0.7985757884028484,0.8105670103092784,0.8105670103092784,0.7838926174496644,0.8218465539661899,0.73875,0.5708955223880596,0.5691937424789411,0.8122653316645807,0.6865284974093264,0.72,0.7077100115074799,0.8054830287206266,0.7994652406417112,0.7715019255455713,0.757537688442211,0.5350993377483444,0.5454545454545454,0.7694267515923567,0.7223796033994334,0.7715019255455713,0.7931034482758621
Prevotella copri_A,0.8367117117117118,0.6788888888888889,0.6788888888888889,0.6788888888888889,0.6788888888888889,0.6788888888888889,0.6788888888888889,0.6788888888888889,0.6788888888888889,0.6788888888888889,0.6788888888888889,0.559748427672956,0.559748427672956,0.7894088669950738,0.71,0.71,0.7019230769230769,0.8321917808219178,0.8321917808219178,0.55627425614489,0.7432590855803047,0.7432590855803047,0.7404761904761905,0.5767918088737201,0.5898030127462341,0.5697808535178777,0.8025851938895417,0.5525672371638142,0.627039627039627,0.627039627039627,0.7811320754716982,0.732739420935412,0.7160493827160495,0.6446578631452581,0.6984649122807017,0.6839826839826839,0.6839826839826839,0.6144430844553244,0.8372093023255813,0.7444326617179216,0.692817679558011,0.8230958230958231,0.6947040498442367,0.7812911725955204,0.7715565509518477,0.814489571899012,0.5758426966292135,0.5364041604754829,0.5159500693481276,0.6731843575418994,0.5143288084464555,0.5159500693481276,0.5206489675516224,0.5118694362017804,0.504881450488145,0.6052631578947368,0.6342412451361867,0.5044776119402985,0.5206489675516224,0.6557377049180328,0.6946564885496183,0.6671214188267394,0.5118694362017804,0.6734143049932524,0.6052631578947368,0.6306666666666667,0.5340751043115438,0.6088154269972452,0.4775888717156105,0.6657645466847091,0.4714064914992272,0.5098634294385432,0.0,0.0,0.0,0.6693163751987281,0.0,0.0,0.6698795180722892,0.6850961538461539,0.6709585121602288,0.7311258278145696,0.6693227091633467,0.7554269175108539,0.6344993968636912,0.6452054794520548,0.7160963244613434,0.6452054794520548,0.7332439678284182,0.5743145743145743,0.556379821958457,0.7160963244613434,0.7659846547314578,0.7166212534059946,0.6168359941944848,0.8349056603773585,0.6474654377880185,0.7938257993384785,0.6474654377880185,0.6474654377880185,0.6474654377880185,0.7955082742316785,0.6142241379310345,0.7964404894327031,0.7232021709633649,0.7232021709633649,0.6351351351351351,0.592057761732852,0.592057761732852,0.7342888643880926,0.7985757884028484,0.8105670103092784,0.8105670103092784,0.7838926174496644,0.8218465539661899,0.73875,0.5708955223880596,0.5691937424789411,0.8122653316645807,0.6865284974093264,0.72,0.7077100115074799,0.8054830287206266,0.7994652406417112,0.7715019255455713,0.757537688442211,0.5350993377483444,0.5454545454545454,0.7694267515923567,0.7223796033994334,0.7715019255455713,0.7931034482758621
Prevotella stercorea,0.7507507507507507,0.8403755868544601,0.8403755868544601,0.8403755868544601,0.8403755868544601,0.8403755868544601,0.8403755868544601,0.8403755868544601,0.8403755868544601,0.8403755868544601,0.8403755868544601,0.8110831234256927,0.8110831234256927,0.7742946708463949,0.7886297376093294,0.7886297376093294,0.8195576251455181,0.7713004484304933,0.7713004484304933,0.8193548387096774,0.7801120448179272,0.7801120448179272,0.7704447632711622,0.7986270022883295,0.784688995215311,0.7988439306358381,0.7015873015873015,0.781908302354399,0.7833125778331258,0.7833125778331258,0.7092436974789915,0.8169191919191919,0.818295739348371,0.7837483617300132,0.8106151990349819,0.8211382113821138,0.8211382113821138,0.8185279187817259,0.7240204429301533,0.7879161528976573,0.8111380145278451,0.7383333333333333,0.8395604395604396,0.7430555555555556,0.8194993412384717,0.7671809256661992,0.6992,0.643598615916955,0.7125925925925927,0.6307129798903108,0.6459412780656304,0.7125925925925927,0.6360544217687074,0.6406779661016949,0.6961077844311377,0.6633499170812603,0.6582677165354331,0.635434412265758,0.6360544217687074,0.5737704918032787,0.6180904522613065,0.624113475177305,0.6406779661016949,0.6328671328671329,0.6633499170812603,0.6569105691056911,0.6692667706708268,0.6471571906354515,0.6293706293706294,0.6300174520069808,0.6053097345132743,0.6003584229390682,0.6693163751987281,0.6693163751987281,0.6693163751987281,0.0,0.6693163751987281,0.6693163751987281,0.685589519650655,0.6750741839762611,0.6290018832391714,0.655417406749556,0.6515151515151515,0.5452538631346578,0.7316076294277929,0.7145187601957586,0.7090620031796502,0.7145187601957586,0.7216494845360825,0.6569965870307167,0.6643598615916955,0.7090620031796502,0.7224080267558528,0.6767857142857143,0.6048237476808905,0.7606299212598425,0.8389021479713604,0.7932432432432432,0.8389021479713604,0.8389021479713604,0.8389021479713604,0.7988252569750367,0.8193688792165397,0.8237650200267023,0.7108013937282229,0.7108013937282229,0.797886393659181,0.8325301204819278,0.8325301204819278,0.822139303482587,0.8277511961722488,0.7377622377622377,0.7377622377622377,0.7739130434782608,0.7477797513321491,0.7849624060150375,0.8194271481942714,0.7906976744186046,0.7656765676567656,0.7700453857791225,0.7151162790697674,0.8041504539559015,0.6777777777777778,0.7234432234432234,0.7441860465116279,0.6552901023890785,0.8169934640522876,0.8292993630573249,0.770096463022508,0.6970260223048328,0.7441860465116279,0.7015706806282722
Prevotella sp015074785,0.8367117117117118,0.6788888888888889,0.6788888888888889,0.6788888888888889,0.6788888888888889,0.6788888888888889,0.6788888888888889,0.6788888888888889,0.6788888888888889,0.6788888888888889,0.6788888888888889,0.559748427672956,0.559748427672956,0.7894088669950738,0.71,0.71,0.7019230769230769,0.8321917808219178,0.8321917808219178,0.55627425614489,0.7432590855803047,0.7432590855803047,0.7404761904761905,0.5767918088737201,0.5898030127462341,0.5697808535178777,0.8025851938895417,0.5525672371638142,0.627039627039627,0.627039627039627,0.7811320754716982,0.732739420935412,0.7160493827160495,0.6446578631452581,0.6984649122807017,0.6839826839826839,0.6839826839826839,0.6144430844553244,0.8372093023255813,0.7444326617179216,0.692817679558011,0.8230958230958231,0.6947040498442367,0.7812911725955204,0.7715565509518477,0.814489571899012,0.5758426966292135,0.5364041604754829,0.5159500693481276,0.6731843575418994,0.5143288084464555,0.5159500693481276,0.5206489675516224,0.5118694362017804,0.504881450488145,0.6052631578947368,0.6342412451361867,0.5044776119402985,0.5206489675516224,0.6557377049180328,0.6946564885496183,0.6671214188267394,0.5118694362017804,0.6734143049932524,0.6052631578947368,0.6306666666666667,0.5340751043115438,0.6088154269972452,0.4775888717156105,0.6657645466847091,0.4714064914992272,0.5098634294385432,0.0,0.0,0.0,0.6693163751987281,0.0,0.0,0.6698795180722892,0.6850961538461539,0.6709585121602288,0.7311258278145696,0.6693227091633467,0.7554269175108539,0.6344993968636912,0.6452054794520548,0.7160963244613434,0.6452054794520548,0.7332439678284182,0.5743145743145743,0.556379821958457,0.7160963244613434,0.7659846547314578,0.7166212534059946,0.6168359941944848,0.8349056603773585,0.6474654377880185,0.7938257993384785,0.6474654377880185,0.6474654377880185,0.6474654377880185,0.7955082742316785,0.6142241379310345,0.7964404894327031,0.7232021709633649,0.7232021709633649,0.6351351351351351,0.592057761732852,0.592057761732852,0.7342888643880926,0.7985757884028484,0.8105670103092784,0.8105670103092784,0.7838926174496644,0.8218465539661899,0.73875,0.5708955223880596,0.5691937424789411,0.8122653316645807,0.6865284974093264,0.72,0.7077100115074799,0.8054830287206266,0.7994652406417112,0.7715019255455713,0.757537688442211,0.5350993377483444,0.5454545454545454,0.7694267515923567,0.7223796033994334,0.7715019255455713,0.7931034482758621
Prevotella copri,0.8367117117117118,0.6788888888888889,0.6788888888888889,0.6788888888888889,0.6788888888888889,0.6788888888888889,0.6788888888888889,0.6788888888888889,0.6788888888888889,0.6788888888888889,0.6788888888888889,0.559748427672956,0.559748427672956,0.7894088669950738,0.71,0.71,0.7019230769230769,0.8321917808219178,0.8321917808219178,0.55627425614489,0.7432590855803047,0.7432590855803047,0.7404761904761905,0.5767918088737201,0.5898030127462341,0.5697808535178777,0.8025851938895417,0.5525672371638142,0.627039627039627,0.627039627039627,0.7811320754716982,0.732739420935412,0.7160493827160495,0.6446578631452581,0.6984649122807017,0.6839826839826839,0.6839826839826839,0.6144430844553244,0.8372093023255813,0.7444326617179216,0.692817679558011,0.8230958230958231,0.6947040498442367,0.7812911725955204,0.7715565509518477,0.814489571899012,0.5758426966292135,0.5364041604754829,0.5159500693481276,0.6731843575418994,0.5143288084464555,0.5159500693481276,0.5206489675516224,0.5118694362017804,0.504881450488145,0.6052631578947368,0.6342412451361867,0.5044776119402985,0.5206489675516224,0.6557377049180328,0.6946564885496183,0.6671214188267394,0.5118694362017804,0.6734143049932524,0.6052631578947368,0.6306666666666667,0.5340751043115438,0.6088154269972452,0.4775888717156105,0.6657645466847091,0.4714064914992272,0.5098634294385432,0.0,0.0,0.0,0.6693163751987281,0.0,0.0,0.6698795180722892,0.6850961538461539,0.6709585121602288,0.7311258278145696,0.6693227091633467,0.7554269175108539,0.6344993968636912,0.6452054794520548,0.7160963244613434,0.6452054794520548,0.7332439678284182,0.5743145743145743,0.556379821958457,0.7160963244613434,0.7659846547314578,0.7166212534059946,0.6168359941944848,0.8349056603773585,0.6474654377880185,0.7938257993384785,0.6474654377880185,0.6474654377880185,0.6474654377880185,0.7955082742316785,0.6142241379310345,0.7964404894327031,0.7232021709633649,0.7232021709633649,0.6351351351351351,0.592057761732852,0.592057761732852,0.7342888643880926,0.7985757884028484,0.8105670103092784,0.8105670103092784,0.7838926174496644,0.8218465539661899,0.73875,0.5708955223880596,0.5691937424789411,0.8122653316645807,0.6865284974093264,0.72,0.7077100115074799,0.8054830287206266,0.7994652406417112,0.7715019255455713,0.757537688442211,0.5350993377483444,0.5454545454545454,0.7694267515923567,0.7223796033994334,0.7715019255455713,0.7931034482758621
Paraprevotella clara,0.7637795275590551,0.718079673135853,0.718079673135853,0.718079673135853,0.718079673135853,0.718079673135853,0.718079673135853,0.718079673135853,0.718079673135853,0.718079673135853,0.718079673135853,0.8139079333986288,0.8139079333986288,0.8160270880361173,0.8356309650053022,0.8356309650053022,0.6875,0.7468354430379747,0.7468354430379747,0.7839506172839507,0.7776584317937701,0.7776584317937701,0.7552602436323367,0.7760223048327137,0.704040404040404,0.7725563909774436,0.7098692033293699,0.7781036168132942,0.7175257731958763,0.7175257731958763,0.7094763092269327,0.7218683651804672,0.7072649572649572,0.7830957230142566,0.7618577075098814,0.7601547388781431,0.7601547388781431,0.8115079365079365,0.7729468599033816,0.7360970677451972,0.7645895153313551,0.8256880733944953,0.7917808219178082,0.8202380952380952,0.7454153182308523,0.7420417124039518,0.6118251928020566,0.6560102301790282,0.581772784019975,0.5770308123249299,0.6171052631578947,0.581772784019975,0.6044386422976502,0.6224226804123711,0.561314791403287,0.6261203585147247,0.43057503506311356,0.5965834428383705,0.6044386422976502,0.4760522496371553,0.5283018867924528,0.5184659090909092,0.6224226804123711,0.5450762829403606,0.6261203585147247,0.45621468926553677,0.6138613861386139,0.572944297082228,0.575880758807588,0.5348189415041782,0.598937583001328,0.5722070844686649,0.6698795180722892,0.6698795180722892,0.6698795180722892,0.685589519650655,0.6698795180722892,0.6698795180722892,0.0,0.0826446280991735,0.6064425770308124,0.5777777777777777,0.5083798882681565,0.7570469798657719,0.4581724581724582,0.6351875808538163,0.6289707750952986,0.6351875808538163,0.6429530201342282,0.65044814340589,0.6382699868938402,0.6289707750952986,0.7063989962358845,0.7272727272727273,0.5607344632768362,0.7570754716981132,0.7229660144181256,0.7391304347826086,0.7229660144181256,0.7229660144181256,0.7229660144181256,0.75,0.7172675521821632,0.7838983050847458,0.6888020833333333,0.6888020833333333,0.7915811088295688,0.788235294117647,0.788235294117647,0.7301255230125523,0.6371584699453552,0.7352941176470589,0.7352941176470589,0.8345323741007195,0.8428571428571429,0.7572254335260116,0.7862137862137862,0.7271805273833671,0.7696969696969697,0.7571921749136938,0.8092189500640204,0.8433852140077821,0.7325581395348837,0.8142681426814268,0.8090803259604191,0.6746231155778895,0.8065173116089613,0.7959390862944162,0.825938566552901,0.7808564231738035,0.8090803259604191,0.7892215568862275
Paraprevotella xylaniphila,0.7568493150684932,0.7151702786377709,0.7151702786377709,0.7151702786377709,0.7151702786377709,0.7151702786377709,0.7151702786377709,0.7151702786377709,0.7151702786377709,0.7151702786377709,0.7151702786377709,0.8120672601384767,0.8120672601384767,0.816628701594533,0.8326180257510729,0.8326180257510729,0.6950718685831623,0.754041570438799,0.754041570438799,0.7740585774058577,0.7712418300653595,0.7712418300653595,0.7511210762331839,0.7681432610744581,0.6943589743589744,0.7668886774500476,0.6985472154963681,0.7759131293188549,0.7145833333333333,0.7145833333333333,0.7025316455696202,0.7161290322580645,0.6998916576381364,0.7871033776867963,0.7717391304347826,0.7553816046966733,0.7553816046966733,0.812,0.7731707317073171,0.7359836901121305,0.757271815446339,0.8112543962485346,0.7876269621421976,0.8152173913043479,0.7371303395399781,0.7363737486095662,0.6369426751592357,0.6427640156453716,0.6012422360248447,0.5949720670391061,0.6284584980237153,0.6012422360248447,0.6228868660598179,0.6192959582790092,0.5703422053231939,0.6230569948186528,0.4336158192090396,0.5949535192563081,0.6228868660598179,0.47730600292825764,0.5218579234972678,0.5263908701854494,0.6192959582790092,0.566896551724138,0.6230569948186528,0.45506419400855924,0.6159600997506234,0.5691275167785235,0.5970350404312669,0.5385694249649369,0.6122177954847278,0.5858310626702997,0.6850961538461539,0.6850961538461539,0.6850961538461539,0.6750741839762611,0.6850961538461539,0.6850961538461539,0.0826446280991735,0.0,0.6262203626220363,0.6109589041095891,0.5202797202797202,0.7520435967302452,0.4769230769230769,0.6375488917861799,0.6294871794871795,0.6375488917861799,0.6436314363143631,0.6511627906976745,0.6406869220607662,0.6294871794871795,0.7253433208489388,0.7351077313054499,0.5748587570621468,0.7586206896551724,0.7293388429752066,0.7459105779716466,0.7293388429752066,0.7293388429752066,0.7293388429752066,0.755787037037037,0.7243346007604563,0.7919320594479831,0.6812169312169312,0.6812169312169312,0.8103975535168195,0.8097087378640777,0.8097087378640777,0.7352941176470589,0.6554347826086957,0.7367741935483871,0.7367741935483871,0.84375,0.8533969010727056,0.7687861271676301,0.7937937937937938,0.7373225152129818,0.7818181818181819,0.7701149425287357,0.8098318240620958,0.8407079646017699,0.7373211963589077,0.8207663782447466,0.808235294117647,0.6738578680203046,0.8142857142857143,0.8,0.8266360505166476,0.7811704834605597,0.808235294117647,0.7997601918465228
Alistipes onderdonkii,0.7272727272727273,0.7586206896551724,0.7586206896551724,0.7586206896551724,0.7586206896551724,0.7586206896551724,0.7586206896551724,0.7586206896551724,0.7586206896551724,0.7586206896551724,0.7586206896551724,0.8306997742663657,0.8306997742663657,0.78442280945758,0.8301647655259823,0.8301647655259823,0.761478163493841,0.6810966810966811,0.6810966810966811,0.8096926713947991,0.7637997432605905,0.7637997432605905,0.7956852791878173,0.7863974495217854,0.7010550996483,0.775974025974026,0.6356821589205397,0.7975391498881432,0.7975253093363329,0.7975253093363329,0.6456692913385826,0.8333333333333334,0.8157894736842105,0.8180764774044033,0.8257080610021786,0.838405036726128,0.838405036726128,0.8440677966101695,0.733433734939759,0.7529002320185615,0.7809307604994324,0.7695652173913043,0.7966457023060797,0.8,0.8210023866348448,0.6716826265389877,0.6592592592592592,0.6333853354134165,0.667128987517337,0.44259259259259254,0.63125,0.667128987517337,0.6182380216383307,0.613953488372093,0.6680497925311204,0.6120556414219475,0.5157232704402516,0.598116169544741,0.6182380216383307,0.4540636042402827,0.47927031509121065,0.40441176470588236,0.613953488372093,0.44483985765124556,0.6120556414219475,0.5405405405405406,0.6143695014662757,0.594383775351014,0.593900481540931,0.4395017793594306,0.6031746031746033,0.6120826709062004,0.6709585121602288,0.6709585121602288,0.6709585121602288,0.6290018832391714,0.6709585121602288,0.6709585121602288,0.6064425770308124,0.6262203626220363,0.0,0.33855185909980434,0.41103202846975084,0.6270566727605118,0.5448079658605974,0.6503067484662577,0.5605095541401274,0.6503067484662577,0.5486111111111112,0.6580152671755726,0.64576802507837,0.5605095541401274,0.608130081300813,0.5687285223367697,0.6095551894563427,0.7130307467057101,0.7744533947065593,0.6653116531165312,0.7744533947065593,0.7744533947065593,0.7744533947065593,0.6478454680534917,0.7384780278670954,0.6974564926372155,0.6918238993710693,0.6918238993710693,0.8042959427207637,0.8211111111111111,0.8211111111111111,0.8206583427922816,0.8485499462943071,0.6655737704918032,0.6655737704918032,0.7643410852713178,0.7738461538461539,0.7430167597765363,0.8261851015801355,0.7427240977881258,0.6687797147385103,0.7465373961218836,0.7049742710120068,0.797153024911032,0.7103999999999999,0.7170731707317073,0.7455621301775148,0.6097946287519747,0.8130952380952381,0.7992874109263658,0.7929577464788733,0.6783333333333333,0.7455621301775148,0.729483282674772
Alistipes finegoldii,0.6873278236914601,0.7468926553672317,0.7468926553672317,0.7468926553672317,0.7468926553672317,0.7468926553672317,0.7468926553672317,0.7468926553672317,0.7468926553672317,0.7468926553672317,0.7468926553672317,0.8033707865168539,0.8033707865168539,0.729957805907173,0.8290282902829028,0.8290282902829028,0.7388888888888889,0.671830985915493,0.671830985915493,0.7725118483412322,0.7100130039011703,0.7100130039011703,0.8073170731707318,0.7582184517497349,0.6809744779582367,0.7432286023835319,0.5900900900900901,0.7454545454545455,0.8104008667388949,0.8104008667388949,0.6751117734724292,0.7894736842105263,0.784,0.7629716981132075,0.7901639344262295,0.8067226890756303,0.8067226890756303,0.7990867579908676,0.6594761171032357,0.7251732101616628,0.7394285714285714,0.7312138728323699,0.7840909090909091,0.7536873156342183,0.773220747889023,0.6338797814207651,0.697350069735007,0.6884057971014492,0.7142857142857143,0.5304054054054055,0.684593023255814,0.7142857142857143,0.6505847953216375,0.670028818443804,0.7049608355091384,0.6526162790697674,0.5235204855842185,0.6461086637298091,0.6505847953216375,0.4573378839590444,0.4741935483870968,0.47707979626485564,0.670028818443804,0.4924874791318865,0.6526162790697674,0.5408320493066257,0.6602475928473177,0.6160714285714286,0.6452095808383234,0.5074135090609555,0.6453055141579731,0.6374622356495468,0.7311258278145696,0.7311258278145696,0.7311258278145696,0.655417406749556,0.7311258278145696,0.7311258278145696,0.5777777777777777,0.6109589041095891,0.33855185909980434,0.0,0.38528896672504376,0.6824324324324325,0.558904109589041,0.6883116883116883,0.5376175548589341,0.6883116883116883,0.5437710437710438,0.6954022988505747,0.6906158357771262,0.5376175548589341,0.5467980295566502,0.6382306477093207,0.5964630225080385,0.6508172362555721,0.73963133640553,0.633423180592992,0.73963133640553,0.73963133640553,0.73963133640553,0.6469740634005764,0.6919739696312364,0.683311432325887,0.6333333333333333,0.6333333333333333,0.7682198327359617,0.7780269058295964,0.7780269058295964,0.7667436489607391,0.7914379802414928,0.5903010033444815,0.5903010033444815,0.7193798449612403,0.7522658610271904,0.6747503566333809,0.7655889145496536,0.7044392523364487,0.6527131782945736,0.675177304964539,0.6643952299829643,0.768595041322314,0.6083333333333334,0.6806451612903226,0.6988130563798219,0.6058282208588956,0.7800237812128419,0.7469879518072289,0.7625698324022346,0.7075471698113207,0.6988130563798219,0.6712749615975422
Alistipes shahii,0.7395701643489254,0.7837552742616034,0.7837552742616034,0.7837552742616034,0.7837552742616034,0.7837552742616034,0.7837552742616034,0.7837552742616034,0.7837552742616034,0.7837552742616034,0.7837552742616034,0.7919389978213508,0.7919389978213508,0.8103015075376885,0.8028846153846154,0.8028846153846154,0.7757009345794392,0.7442748091603053,0.7442748091603053,0.7851518560179978,0.7130434782608696,0.7130434782608696,0.6964285714285714,0.766497461928934,0.6964679911699779,0.756198347107438,0.6928191489361701,0.7412280701754386,0.7812166488794023,0.7812166488794023,0.6803394625176804,0.7519818799546999,0.7592385218365062,0.7882483370288248,0.8338399189463019,0.8223552894211577,0.8223552894211577,0.8227712137486574,0.7513661202185793,0.7101123595505618,0.7706323687031083,0.8179487179487179,0.8017664376840039,0.8099062918340026,0.7428909952606635,0.7221542227662179,0.5988538681948424,0.5814648729446936,0.6213333333333333,0.5399361022364217,0.5707831325301205,0.6213333333333333,0.5259146341463414,0.5588673621460507,0.6112600536193029,0.5442278860569716,0.3805732484076433,0.5517241379310345,0.5259146341463414,0.46601941747572817,0.5090361445783133,0.5157728706624606,0.5588673621460507,0.5272161741835149,0.5442278860569716,0.40418679549114334,0.5560283687943263,0.5061349693251533,0.5354938271604939,0.5407066052227343,0.5450381679389313,0.5264797507788161,0.6693227091633467,0.6693227091633467,0.6693227091633467,0.6515151515151515,0.6693227091633467,0.6693227091633467,0.5083798882681565,0.5202797202797202,0.41103202846975084,0.38528896672504376,0.0,0.692063492063492,0.4342857142857143,0.5754857997010463,0.6449375866851594,0.5754857997010463,0.6473214285714286,0.5487804878048781,0.5382215288611545,0.6449375866851594,0.6378299120234604,0.663716814159292,0.4639865996649917,0.7522935779816513,0.7944915254237288,0.7237635705669481,0.7944915254237288,0.7944915254237288,0.7944915254237288,0.7397435897435898,0.7100103199174407,0.7562425683709869,0.6076923076923078,0.6076923076923078,0.736780258519389,0.7806451612903226,0.7806451612903226,0.7291428571428571,0.7754010695187166,0.7013177159590044,0.7013177159590044,0.804945054945055,0.7950138504155124,0.721419185282523,0.7647058823529411,0.711731843575419,0.7337031900138696,0.7215686274509804,0.7320061255742726,0.768969422423556,0.670196671709531,0.7824858757062148,0.7670682730923695,0.6248196248196248,0.7658592848904268,0.7583046964490263,0.8046272493573265,0.7357664233576642,0.7670682730923695,0.7581967213114754
Alistipes putredinis,0.8108484005563282,0.8325635103926097,0.8325635103926097,0.8325635103926097,0.8325635103926097,0.8325635103926097,0.8325635103926097,0.8325635103926097,0.8325635103926097,0.8325635103926097,0.8325635103926097,0.8292978208232445,0.8292978208232445,0.7858220211161387,0.7920792079207921,0.7920792079207921,0.8229284903518729,0.7718023255813954,0.7718023255813954,0.8111533586818758,0.7967698519515478,0.7967698519515478,0.7623066104078762,0.8024553571428572,0.8286358511837655,0.8027057497181511,0.7485119047619048,0.8192488262910798,0.7864077669902912,0.7864077669902912,0.7562893081761006,0.8206388206388207,0.817625458996328,0.8156911581569116,0.8073286052009456,0.8271186440677967,0.8271186440677967,0.8163771712158809,0.7784810126582279,0.8356481481481481,0.8448275862068966,0.7619047619047619,0.8397849462365592,0.7487437185929648,0.808041504539559,0.8131578947368421,0.7217125382262997,0.7311320754716981,0.7507002801120448,0.7154742096505824,0.7129186602870814,0.7507002801120448,0.7028301886792453,0.7068965517241379,0.7408450704225352,0.7046875,0.7535612535612536,0.6837060702875399,0.7028301886792453,0.7287066246056783,0.7248120300751879,0.6815181518151815,0.7068965517241379,0.7382445141065831,0.7046875,0.7514705882352941,0.676737160120846,0.6918238993710693,0.6813725490196079,0.7051282051282051,0.6898222940226171,0.6688741721854304,0.7554269175108539,0.7554269175108539,0.7554269175108539,0.5452538631346578,0.7554269175108539,0.7554269175108539,0.7570469798657719,0.7520435967302452,0.6270566727605118,0.6824324324324325,0.692063492063492,0.0,0.7529411764705882,0.7208201892744479,0.7537313432835822,0.7208201892744479,0.7648953301127215,0.7244094488188977,0.7360890302066773,0.7537313432835822,0.6948590381426203,0.6283662477558348,0.668384879725086,0.8105726872246696,0.8472222222222222,0.8211068211068211,0.8472222222222222,0.8472222222222222,0.8472222222222222,0.8154929577464789,0.8624229979466119,0.8439897698209718,0.7197986577181208,0.7197986577181208,0.8144853875476493,0.8148148148148149,0.8148148148148149,0.8285024154589372,0.831002331002331,0.7886178861788617,0.7886178861788617,0.7886855241264559,0.7681895093062605,0.8145506419400856,0.856301531213192,0.8298611111111112,0.8246951219512195,0.8108108108108107,0.7458866544789762,0.81875,0.7401709401709402,0.7456445993031359,0.747588424437299,0.7445820433436532,0.8253164556962025,0.8225,0.7839506172839507,0.6954954954954955,0.747588424437299,0.750814332247557
Alistipes_A indistinctus,0.7031070195627158,0.7170000000000001,0.7170000000000001,0.7170000000000001,0.7170000000000001,0.7170000000000001,0.7170000000000001,0.7170000000000001,0.7170000000000001,0.7170000000000001,0.7170000000000001,0.7292307692307692,0.7292307692307692,0.7871621621621622,0.8046709129511678,0.8046709129511678,0.6923076923076923,0.6812278630460449,0.6812278630460449,0.7003222341568206,0.6972067039106145,0.6972067039106145,0.6834285714285715,0.7239089184060721,0.6608784473953013,0.6792079207920791,0.7162629757785467,0.6824742268041237,0.7355864811133201,0.7355864811133201,0.6212710765239948,0.6356589147286822,0.6305309734513274,0.7126315789473684,0.7915094339622641,0.7825278810408922,0.7825278810408922,0.7412731006160165,0.7063197026022305,0.6631799163179917,0.6807851239669421,0.7908045977011494,0.7071770334928229,0.7897862232779097,0.7248394004282654,0.664391353811149,0.647130647130647,0.6359039190897597,0.5468164794007491,0.6042780748663101,0.6376262626262627,0.5468164794007491,0.6007653061224489,0.6060991105463787,0.5184243964421855,0.6098484848484849,0.480794701986755,0.6038216560509554,0.6007653061224489,0.5452091767881242,0.5804816223067173,0.5585464333781964,0.6060991105463787,0.592156862745098,0.6098484848484849,0.4871794871794872,0.6034063260340632,0.571798188874515,0.5932203389830508,0.5425101214574899,0.5989650711513583,0.5934640522875817,0.6344993968636912,0.6344993968636912,0.6344993968636912,0.7316076294277929,0.6344993968636912,0.6344993968636912,0.4581724581724582,0.4769230769230769,0.5448079658605974,0.558904109589041,0.4342857142857143,0.7529411764705882,0.0,0.5935064935064935,0.5623376623376624,0.5935064935064935,0.6382699868938402,0.6181353767560664,0.6106770833333333,0.5623376623376624,0.6594936708860759,0.7066167290886392,0.5558620689655173,0.7374562427071178,0.76171875,0.6484641638225256,0.76171875,0.76171875,0.76171875,0.7043073341094296,0.6102719033232629,0.7449306296691569,0.6832061068702291,0.6832061068702291,0.7194473963868225,0.716751269035533,0.716751269035533,0.6276243093922652,0.696319018404908,0.7350746268656716,0.7350746268656716,0.8137603795966786,0.7804878048780488,0.680622009569378,0.7052083333333333,0.5947426067907995,0.69625,0.6778042959427208,0.7858048162230672,0.7744209466263847,0.7619631901840491,0.8076923076923077,0.7606132075471699,0.6967509025270758,0.7513007284079084,0.6875675675675677,0.7981859410430839,0.7749077490774907,0.7606132075471699,0.718865598027127
Parabacteroides distasonis,0.7761194029850746,0.7872340425531915,0.7872340425531915,0.7872340425531915,0.7872340425531915,0.7872340425531915,0.7872340425531915,0.7872340425531915,0.7872340425531915,0.7872340425531915,0.7872340425531915,0.7587768969422424,0.7587768969422424,0.7612732095490716,0.7923832923832924,0.7923832923832924,0.7892004153686396,0.7855361596009975,0.7855361596009975,0.7175480769230769,0.6765847347994826,0.6765847347994826,0.6635761589403973,0.7266949152542372,0.7345612134344528,0.7383474576271186,0.7467700258397933,0.7527472527472527,0.7371364653243848,0.7371364653243848,0.7465940054495912,0.7158018867924528,0.6995249406175772,0.789237668161435,0.8304213771839671,0.780564263322884,0.780564263322884,0.7845117845117845,0.800266311584554,0.7444690265486726,0.7832618025751072,0.7530864197530864,0.785929648241206,0.7933884297520661,0.6932668329177057,0.7349693251533742,0.4075907590759076,0.43739565943238734,0.4963181148748159,0.6180981595092024,0.40273037542662116,0.4963181148748159,0.40201005025125625,0.40734557595993326,0.47994056463595836,0.35111876075731496,0.4970059880239521,0.4325657894736842,0.40201005025125625,0.6106983655274889,0.6102418207681366,0.5766871165644172,0.40734557595993326,0.5997001499250375,0.35111876075731496,0.48372093023255813,0.3945686900958466,0.3051146384479718,0.41891891891891897,0.5716463414634146,0.45394736842105265,0.45016611295681064,0.6452054794520548,0.6452054794520548,0.6452054794520548,0.7145187601957586,0.6452054794520548,0.6452054794520548,0.6351875808538163,0.6375488917861799,0.6503067484662577,0.6883116883116883,0.5754857997010463,0.7208201892744479,0.5935064935064935,0.0,0.5823529411764705,0.0,0.575516693163752,0.3409893992932862,0.36749116607773846,0.5823529411764705,0.6914285714285715,0.5360655737704918,0.4573378839590444,0.8007662835249042,0.7215909090909092,0.7454981992797118,0.7215909090909092,0.7215909090909092,0.7215909090909092,0.7236842105263157,0.7377551020408164,0.7246913580246914,0.5952755905511811,0.5952755905511811,0.7173913043478262,0.7667766776677668,0.7667766776677668,0.7468643101482326,0.7709011943539631,0.767277856135402,0.767277856135402,0.7561683599419449,0.7878359264497878,0.6813186813186813,0.770949720670391,0.7595212187159956,0.8015978695073236,0.7116154873164219,0.740340030911901,0.768348623853211,0.7888111888111888,0.7748917748917749,0.7746288798920378,0.7582562747688243,0.7564705882352941,0.731042654028436,0.787037037037037,0.7583697234352256,0.7746288798920378,0.7709190672153635
Parabacteroides goldsteinii,0.5742574257425743,0.6832579185520362,0.6832579185520362,0.6832579185520362,0.6832579185520362,0.6832579185520362,0.6832579185520362,0.6832579185520362,0.6832579185520362,0.6832579185520362,0.6832579185520362,0.7415730337078652,0.7415730337078652,0.6675938803894297,0.8344907407407407,0.8344907407407407,0.671875,0.5660919540229885,0.5660919540229885,0.7119244391971664,0.6611253196930946,0.6611253196930946,0.7356181150550796,0.7578520770010132,0.6814159292035398,0.717001055966209,0.6175243393602226,0.7374727668845316,0.7628755364806867,0.7628755364806867,0.5825825825825826,0.7337883959044369,0.7240592930444698,0.7581552305961755,0.7664543524416136,0.7423442449841605,0.7423442449841605,0.7533783783783784,0.6069277108433735,0.657010428736964,0.6885617214043035,0.6914446002805049,0.7072402938090241,0.6937590711175616,0.7099879663056559,0.5508241758241759,0.6414835164835164,0.651685393258427,0.6516129032258065,0.44798657718120805,0.61671469740634,0.6516129032258065,0.5988538681948424,0.6244725738396624,0.6576923076923077,0.5829725829725829,0.4837758112094396,0.6082621082621082,0.5988538681948424,0.4381107491856677,0.42610062893081757,0.38095238095238093,0.6244725738396624,0.42434210526315785,0.5829725829725829,0.49096385542168675,0.5942622950819672,0.5868005738880918,0.5964912280701755,0.4036544850498339,0.6169296987087518,0.625,0.7160963244613434,0.7160963244613434,0.7160963244613434,0.7090620031796502,0.7160963244613434,0.7160963244613434,0.6289707750952986,0.6294871794871795,0.5605095541401274,0.5376175548589341,0.6449375866851594,0.7537313432835822,0.5623376623376624,0.5823529411764705,0.0,0.5823529411764705,0.273921200750469,0.5775480059084195,0.5850746268656717,0.0,0.5471406491499227,0.637444279346211,0.6608946608946609,0.6083815028901733,0.7176339285714286,0.5396174863387978,0.7176339285714286,0.7176339285714286,0.7176339285714286,0.5718390804597702,0.6158068057080132,0.6164921465968587,0.7116736990154712,0.7116736990154712,0.7602739726027398,0.7540805223068553,0.7540805223068553,0.743847874720358,0.7623126338329764,0.649624060150376,0.649624060150376,0.7213352685050798,0.6651515151515152,0.6557377049180328,0.7455357142857143,0.6636050516647531,0.608433734939759,0.6580732700135685,0.6931464174454829,0.7662921348314606,0.6873156342182891,0.7292576419213974,0.6512301013024602,0.6937669376693767,0.7975528364849833,0.711764705882353,0.67090395480226,0.7453505007153076,0.6512301013024602,0.6530014641288433
Parabacteroides distasonis_A,0.7761194029850746,0.7872340425531915,0.7872340425531915,0.7872340425531915,0.7872340425531915,0.7872340425531915,0.7872340425531915,0.7872340425531915,0.7872340425531915,0.7872340425531915,0.7872340425531915,0.7587768969422424,0.7587768969422424,0.7612732095490716,0.7923832923832924,0.7923832923832924,0.7892004153686396,0.7855361596009975,0.7855361596009975,0.7175480769230769,0.6765847347994826,0.6765847347994826,0.6635761589403973,0.7266949152542372,0.7345612134344528,0.7383474576271186,0.7467700258397933,0.7527472527472527,0.7371364653243848,0.7371364653243848,0.7465940054495912,0.7158018867924528,0.6995249406175772,0.789237668161435,0.8304213771839671,0.780564263322884,0.780564263322884,0.7845117845117845,0.800266311584554,0.7444690265486726,0.7832618025751072,0.7530864197530864,0.785929648241206,0.7933884297520661,0.6932668329177057,0.7349693251533742,0.4075907590759076,0.43739565943238734,0.4963181148748159,0.6180981595092024,0.40273037542662116,0.4963181148748159,0.40201005025125625,0.40734557595993326,0.47994056463595836,0.35111876075731496,0.4970059880239521,0.4325657894736842,0.40201005025125625,0.6106983655274889,0.6102418207681366,0.5766871165644172,0.40734557595993326,0.5997001499250375,0.35111876075731496,0.48372093023255813,0.3945686900958466,0.3051146384479718,0.41891891891891897,0.5716463414634146,0.45394736842105265,0.45016611295681064,0.6452054794520548,0.6452054794520548,0.6452054794520548,0.7145187601957586,0.6452054794520548,0.6452054794520548,0.6351875808538163,0.6375488917861799,0.6503067484662577,0.6883116883116883,0.5754857997010463,0.7208201892744479,0.5935064935064935,0.0,0.5823529411764705,0.0,0.575516693163752,0.3409893992932862,0.36749116607773846,0.5823529411764705,0.6914285714285715,0.5360655737704918,0.4573378839590444,0.8007662835249042,0.7215909090909092,0.7454981992797118,0.7215909090909092,0.7215909090909092,0.7215909090909092,0.7236842105263157,0.7377551020408164,0.7246913580246914,0.5952755905511811,0.5952755905511811,0.7173913043478262,0.7667766776677668,0.7667766776677668,0.7468643101482326,0.7709011943539631,0.767277856135402,0.767277856135402,0.7561683599419449,0.7878359264497878,0.6813186813186813,0.770949720670391,0.7595212187159956,0.8015978695073236,0.7116154873164219,0.740340030911901,0.768348623853211,0.7888111888111888,0.7748917748917749,0.7746288798920378,0.7582562747688243,0.7564705882352941,0.731042654028436,0.787037037037037,0.7583697234352256,0.7746288798920378,0.7709190672153635
Parabacteroides gordonii,0.6094674556213018,0.7255813953488373,0.7255813953488373,0.7255813953488373,0.7255813953488373,0.7255813953488373,0.7255813953488373,0.7255813953488373,0.7255813953488373,0.7255813953488373,0.7255813953488373,0.7767441860465116,0.7767441860465116,0.717579250720461,0.8407407407407408,0.8407407407407408,0.727891156462585,0.6036036036036037,0.6036036036036037,0.7748502994011977,0.7118421052631578,0.7118421052631578,0.7997512437810945,0.7614973262032085,0.6760895170789163,0.7532608695652174,0.6220238095238095,0.793141592920354,0.8024282560706402,0.8024282560706402,0.6707132018209407,0.7877030162412992,0.7750582750582751,0.8146453089244852,0.8211206896551724,0.7924731182795699,0.7924731182795699,0.8098510882016037,0.6609375,0.7088757396449704,0.7310826542491269,0.7279411764705883,0.7443365695792881,0.7450980392156863,0.7620221948212084,0.6,0.6748201438848921,0.674591381872214,0.6743554952510176,0.412962962962963,0.636085626911315,0.6743554952510176,0.6336336336336337,0.6558345642540621,0.6876675603217158,0.60882800608828,0.5069984447900466,0.6206373292867982,0.6336336336336337,0.4690721649484536,0.49273021001615513,0.4381625441696113,0.6558345642540621,0.44677137870855144,0.60882800608828,0.5221518987341772,0.6232091690544412,0.6189759036144578,0.6298003072196621,0.43881118881118886,0.6485671191553545,0.6550680786686838,0.7332439678284182,0.7332439678284182,0.7332439678284182,0.7216494845360825,0.7332439678284182,0.7332439678284182,0.6429530201342282,0.6436314363143631,0.5486111111111112,0.5437710437710438,0.6473214285714286,0.7648953301127215,0.6382699868938402,0.575516693163752,0.273921200750469,0.575516693163752,0.0,0.5771065182829889,0.5691056910569106,0.273921200750469,0.4939550949913645,0.5897009966777409,0.639240506329114,0.6799410029498525,0.7069377990430622,0.5861581920903955,0.7069377990430622,0.7069377990430622,0.7069377990430622,0.5348101265822784,0.6670391061452514,0.5851216022889842,0.7209653092006033,0.7209653092006033,0.7995283018867925,0.7953020134228188,0.7953020134228188,0.7675233644859814,0.8122270742358079,0.6371100164203612,0.6371100164203612,0.7012779552715656,0.6992,0.7277777777777779,0.7986348122866894,0.7300115874855156,0.6604068857589984,0.731404958677686,0.6843003412969284,0.7694145758661888,0.6848000000000001,0.7181528662420382,0.7142857142857143,0.691970802919708,0.7954815695600476,0.770059880239521,0.7329462989840348,0.7359375,0.7142857142857143,0.7129909365558913
Parabacteroides merdae,0.768170426065163,0.7831196581196581,0.7831196581196581,0.7831196581196581,0.7831196581196581,0.7831196581196581,0.7831196581196581,0.7831196581196581,0.7831196581196581,0.7831196581196581,0.7831196581196581,0.7177985948477752,0.7177985948477752,0.7323369565217391,0.7569620253164557,0.7569620253164557,0.7877211238293444,0.7898009950248757,0.7898009950248757,0.7202881152460985,0.6463576158940397,0.6463576158940397,0.6341463414634146,0.7155080213903744,0.7424568965517242,0.7065217391304348,0.748062015503876,0.7357859531772575,0.7108571428571429,0.7108571428571429,0.7236111111111111,0.6875753920386007,0.7007125890736342,0.7971014492753623,0.7980972515856237,0.7648305084745762,0.7648305084745762,0.7620137299771167,0.7771739130434783,0.7427937915742794,0.7933972310969116,0.7544581618655692,0.797808764940239,0.742816091954023,0.6746835443037975,0.7408312958435208,0.4170771756978654,0.36252189141856395,0.43317972350230416,0.5826771653543308,0.3303571428571429,0.43317972350230416,0.2641165755919854,0.34835355285961866,0.4561933534743202,0.38344594594594594,0.4687022900763359,0.3500866551126517,0.2641165755919854,0.5933734939759037,0.5977011494252873,0.5672333848531685,0.34835355285961866,0.6053811659192825,0.38344594594594594,0.4516640253565769,0.3377483443708609,0.36734693877551017,0.36252189141856395,0.5709923664122137,0.36979166666666663,0.32675044883303406,0.5743145743145743,0.5743145743145743,0.5743145743145743,0.6569965870307167,0.5743145743145743,0.5743145743145743,0.65044814340589,0.6511627906976745,0.6580152671755726,0.6954022988505747,0.5487804878048781,0.7244094488188977,0.6181353767560664,0.3409893992932862,0.5775480059084195,0.3409893992932862,0.5771065182829889,0.0,0.07306889352818369,0.5775480059084195,0.6984352773826459,0.5974842767295597,0.4848993288590604,0.7912371134020618,0.7212741751990899,0.7360774818401937,0.7212741751990899,0.7212741751990899,0.7212741751990899,0.7097203728362184,0.7257731958762886,0.71,0.6012558869701727,0.6012558869701727,0.6933497536945813,0.7541713014460512,0.7541713014460512,0.7097532314923619,0.7544052863436124,0.7492836676217765,0.7492836676217765,0.7299703264094956,0.7665706051873199,0.6808803301237965,0.7468643101482326,0.7386489479512736,0.7651098901098901,0.6794520547945205,0.6699346405228759,0.7346698113207547,0.7607449856733525,0.7584187408491947,0.6797671033478894,0.72936400541272,0.727710843373494,0.7170263788968825,0.7330567081604427,0.699236641221374,0.6797671033478894,0.7304964539007093
Parabacteroides johnsonii,0.7637292464878671,0.7874865156418555,0.7874865156418555,0.7874865156418555,0.7874865156418555,0.7874865156418555,0.7874865156418555,0.7874865156418555,0.7874865156418555,0.7874865156418555,0.7874865156418555,0.7142857142857143,0.7142857142857143,0.7285318559556786,0.7570694087403599,0.7570694087403599,0.7881981032665965,0.7888748419721872,0.7888748419721872,0.7245145631067962,0.6428571428571428,0.6428571428571428,0.6303448275862069,0.7122692725298588,0.7437295528898582,0.7016574585635359,0.7480314960629921,0.7384441939120632,0.7043073341094296,0.7043073341094296,0.7249647390691114,0.6850490196078431,0.7,0.7977401129943502,0.8012820512820513,0.759698275862069,0.759698275862069,0.7636152954808806,0.7843406593406593,0.7398648648648649,0.7887323943661972,0.7510489510489511,0.7983870967741935,0.7390029325513197,0.6701030927835052,0.7469135802469136,0.43657331136738053,0.3802816901408451,0.44667697063369394,0.5725806451612903,0.3453237410071942,0.44667697063369394,0.26296296296296295,0.36300174520069806,0.4649390243902439,0.400679117147708,0.4586583463338534,0.35035211267605637,0.26296296296296295,0.5773993808049536,0.5991253644314869,0.5637795275590551,0.36300174520069806,0.5963302752293578,0.400679117147708,0.4383116883116883,0.3378151260504202,0.36787564766839376,0.3571428571428571,0.554160125588697,0.3760984182776801,0.32969034608378867,0.556379821958457,0.556379821958457,0.556379821958457,0.6643598615916955,0.556379821958457,0.556379821958457,0.6382699868938402,0.6406869220607662,0.64576802507837,0.6906158357771262,0.5382215288611545,0.7360890302066773,0.6106770833333333,0.36749116607773846,0.5850746268656717,0.36749116607773846,0.5691056910569106,0.07306889352818369,0.0,0.5850746268656717,0.6975397973950797,0.6057233704292528,0.46632124352331605,0.7903014416775884,0.7179190751445086,0.7311960542540075,0.7179190751445086,0.7179190751445086,0.7179190751445086,0.7038043478260869,0.7241379310344828,0.7093908629441624,0.5848142164781907,0.5848142164781907,0.6973848069738481,0.7556306306306306,0.7556306306306306,0.7091775923718713,0.7558528428093645,0.7547169811320755,0.7547169811320755,0.733433734939759,0.7614138438880707,0.6870653685674548,0.7511520737327189,0.7413213885778276,0.7739251040221914,0.685595567867036,0.666110183639399,0.732934131736527,0.7627365356622998,0.7548579970104634,0.6785185185185185,0.7307692307692308,0.728937728937729,0.7196601941747574,0.7291960507757405,0.6962616822429907,0.6785185185185185,0.7428571428571429
Parabacteroides timonensis,0.5742574257425743,0.6832579185520362,0.6832579185520362,0.6832579185520362,0.6832579185520362,0.6832579185520362,0.6832579185520362,0.6832579185520362,0.6832579185520362,0.6832579185520362,0.6832579185520362,0.7415730337078652,0.7415730337078652,0.6675938803894297,0.8344907407407407,0.8344907407407407,0.671875,0.5660919540229885,0.5660919540229885,0.7119244391971664,0.6611253196930946,0.6611253196930946,0.7356181150550796,0.7578520770010132,0.6814159292035398,0.717001055966209,0.6175243393602226,0.7374727668845316,0.7628755364806867,0.7628755364806867,0.5825825825825826,0.7337883959044369,0.7240592930444698,0.7581552305961755,0.7664543524416136,0.7423442449841605,0.7423442449841605,0.7533783783783784,0.6069277108433735,0.657010428736964,0.6885617214043035,0.6914446002805049,0.7072402938090241,0.6937590711175616,0.7099879663056559,0.5508241758241759,0.6414835164835164,0.651685393258427,0.6516129032258065,0.44798657718120805,0.61671469740634,0.6516129032258065,0.5988538681948424,0.6244725738396624,0.6576923076923077,0.5829725829725829,0.4837758112094396,0.6082621082621082,0.5988538681948424,0.4381107491856677,0.42610062893081757,0.38095238095238093,0.6244725738396624,0.42434210526315785,0.5829725829725829,0.49096385542168675,0.5942622950819672,0.5868005738880918,0.5964912280701755,0.4036544850498339,0.6169296987087518,0.625,0.7160963244613434,0.7160963244613434,0.7160963244613434,0.7090620031796502,0.7160963244613434,0.7160963244613434,0.6289707750952986,0.6294871794871795,0.5605095541401274,0.5376175548589341,0.6449375866851594,0.7537313432835822,0.5623376623376624,0.5823529411764705,0.0,0.5823529411764705,0.273921200750469,0.5775480059084195,0.5850746268656717,0.0,0.5471406491499227,0.637444279346211,0.6608946608946609,0.6083815028901733,0.7176339285714286,0.5396174863387978,0.7176339285714286,0.7176339285714286,0.7176339285714286,0.5718390804597702,0.6158068057080132,0.6164921465968587,0.7116736990154712,0.7116736990154712,0.7602739726027398,0.7540805223068553,0.7540805223068553,0.743847874720358,0.7623126338329764,0.649624060150376,0.649624060150376,0.7213352685050798,0.6651515151515152,0.6557377049180328,0.7455357142857143,0.6636050516647531,0.608433734939759,0.6580732700135685,0.6931464174454829,0.7662921348314606,0.6873156342182891,0.7292576419213974,0.6512301013024602,0.6937669376693767,0.7975528364849833,0.711764705882353,0.67090395480226,0.7453505007153076,0.6512301013024602,0.6530014641288433
Butyricimonas virosa,0.6206896551724138,0.7361268403171009,0.7361268403171009,0.7361268403171009,0.7361268403171009,0.7361268403171009,0.7361268403171009,0.7361268403171009,0.7361268403171009,0.7361268403171009,0.7361268403171009,0.7776510832383124,0.7776510832383124,0.7018544935805991,0.8528708133971292,0.8528708133971292,0.7367256637168141,0.6505681818181819,0.6505681818181819,0.7786885245901639,0.7290076335877862,0.7290076335877862,0.806060606060606,0.7677824267782427,0.7160493827160495,0.7518716577540107,0.6446991404011462,0.787117903930131,0.8105489773950485,0.8105489773950485,0.691970802919708,0.7786697247706422,0.7647058823529411,0.7917620137299771,0.8021505376344086,0.7955742887249737,0.7955742887249737,0.7924743443557583,0.6145339652448657,0.7229885057471264,0.7357630979498861,0.6849925705794948,0.7323340471092077,0.7687861271676301,0.7938751472320377,0.6537433155080214,0.7352150537634409,0.7506849315068493,0.7490589711417817,0.5762987012987013,0.711864406779661,0.7490589711417817,0.6974789915966386,0.7154696132596685,0.7543640897755611,0.7009735744089012,0.6388888888888888,0.7097222222222221,0.6974789915966386,0.6091603053435115,0.6087591240875913,0.5808477237048666,0.7154696132596685,0.6336336336336337,0.7009735744089012,0.6448863636363636,0.7193211488250653,0.6690340909090908,0.7063829787234043,0.5800933125972005,0.7062146892655368,0.6787790697674418,0.7659846547314578,0.7659846547314578,0.7659846547314578,0.7224080267558528,0.7659846547314578,0.7659846547314578,0.7063989962358845,0.7253433208489388,0.608130081300813,0.5467980295566502,0.6378299120234604,0.6948590381426203,0.6594936708860759,0.6914285714285715,0.5471406491499227,0.6914285714285715,0.4939550949913645,0.6984352773826459,0.6975397973950797,0.5471406491499227,0.0,0.5443886097152428,0.7001477104874446,0.7238493723849373,0.7629213483146067,0.6671018276762402,0.7629213483146067,0.7629213483146067,0.7629213483146067,0.6408045977011494,0.7177589852008457,0.6741130091984231,0.6888217522658611,0.6888217522658611,0.8123569794050343,0.7851605758582503,0.7851605758582503,0.7853107344632768,0.7850877192982456,0.6593059936908517,0.6593059936908517,0.7105263157894737,0.7282442748091603,0.6963788300835654,0.792368125701459,0.7346938775510203,0.7098674521354933,0.7335127860026918,0.6882255389718076,0.75,0.6059602649006622,0.6883942766295708,0.6923076923076923,0.6839080459770115,0.7673031026252983,0.7609467455621302,0.7422535211267606,0.7285276073619632,0.6923076923076923,0.6747720364741641
Odoribacter splanchnicus,0.7506666666666667,0.8170995670995671,0.8170995670995671,0.8170995670995671,0.8170995670995671,0.8170995670995671,0.8170995670995671,0.8170995670995671,0.8170995670995671,0.8170995670995671,0.8170995670995671,0.8079545454545455,0.8079545454545455,0.7489421720733427,0.8136882129277566,0.8136882129277566,0.8171247357293869,0.7656458055925432,0.7656458055925432,0.7784431137724551,0.7373868046571799,0.7373868046571799,0.7634961439588689,0.7893081761006289,0.7867965367965368,0.788135593220339,0.7425068119891007,0.7937915742793792,0.7690557451649602,0.7690557451649602,0.7510729613733905,0.8118586088939567,0.7856315179606026,0.8261363636363637,0.8319057815845825,0.8072417465388712,0.8072417465388712,0.8359550561797753,0.7782546494992847,0.8109289617486339,0.8146128680479825,0.7267355982274741,0.8213197969543147,0.7897810218978102,0.8040621266427718,0.7464968152866243,0.6153846153846154,0.6302003081664098,0.6358543417366946,0.5953947368421053,0.5843949044585988,0.6358543417366946,0.5959752321981424,0.621580547112462,0.6175637393767706,0.5470494417862839,0.6483050847457628,0.6040061633281972,0.5959752321981424,0.6359447004608295,0.6303387334315169,0.5813204508856682,0.621580547112462,0.5965189873417722,0.5470494417862839,0.648766328011611,0.5786350148367952,0.5281803542673108,0.5753205128205128,0.5850556438791733,0.6046875,0.5824,0.7166212534059946,0.7166212534059946,0.7166212534059946,0.6767857142857143,0.7166212534059946,0.7166212534059946,0.7272727272727273,0.7351077313054499,0.5687285223367697,0.6382306477093207,0.663716814159292,0.6283662477558348,0.7066167290886392,0.5360655737704918,0.637444279346211,0.5360655737704918,0.5897009966777409,0.5974842767295597,0.6057233704292528,0.637444279346211,0.5443886097152428,0.0,0.6042345276872965,0.7929634641407307,0.7637614678899083,0.7367088607594936,0.7637614678899083,0.7637614678899083,0.7637614678899083,0.7162726008344924,0.7832310838445808,0.735897435897436,0.711890243902439,0.711890243902439,0.8114754098360656,0.8106312292358804,0.8106312292358804,0.7977142857142857,0.8232104121475055,0.7374045801526717,0.7374045801526717,0.7101910828025477,0.7441860465116279,0.738950276243094,0.8168539325842696,0.8067685589519651,0.7726618705035971,0.7710843373493976,0.700507614213198,0.7581620314389359,0.7419354838709677,0.7310126582278481,0.7393850658857979,0.7315340909090908,0.8145539906103286,0.7677496991576414,0.7694483734087695,0.7186009538950715,0.7393850658857979,0.7328358208955223
Barnesiella intestinihominis,0.7751937984496124,0.8217716115261473,0.8217716115261473,0.8217716115261473,0.8217716115261473,0.8217716115261473,0.8217716115261473,0.8217716115261473,0.8217716115261473,0.8217716115261473,0.8217716115261473,0.7674418604651163,0.7674418604651163,0.7848443843031123,0.7717250324254216,0.7717250324254216,0.80927291886196,0.7896774193548387,0.7896774193548387,0.7682198327359617,0.6944444444444444,0.6944444444444444,0.6597796143250689,0.7726315789473684,0.747787610619469,0.7620578778135048,0.7563249001331558,0.753968253968254,0.7349537037037037,0.7349537037037037,0.7407407407407407,0.7267230955259976,0.7240963855421687,0.7615658362989324,0.8276595744680851,0.8044397463002114,0.8044397463002114,0.8115777525539161,0.815068493150685,0.744,0.778642936596218,0.7941988950276243,0.8361469712015889,0.7965616045845272,0.7124681933842238,0.7578027465667915,0.5277337559429477,0.5342019543973942,0.5745296671490594,0.6334913112164298,0.48484848484848486,0.5745296671490594,0.4776119402985075,0.504885993485342,0.5334323922734027,0.4709784411276948,0.48037676609105184,0.4691151919866444,0.4776119402985075,0.5886970172684458,0.587087087087087,0.5930599369085173,0.504885993485342,0.5723370429252782,0.4709784411276948,0.4879614767255217,0.478806907378336,0.4427609427609428,0.4182776801405975,0.6159754224270353,0.42508710801393723,0.40957446808510634,0.6168359941944848,0.6168359941944848,0.6168359941944848,0.6048237476808905,0.6168359941944848,0.6168359941944848,0.5607344632768362,0.5748587570621468,0.6095551894563427,0.5964630225080385,0.4639865996649917,0.668384879725086,0.5558620689655173,0.4573378839590444,0.6608946608946609,0.4573378839590444,0.639240506329114,0.4848993288590604,0.46632124352331605,0.6608946608946609,0.7001477104874446,0.6042345276872965,0.0,0.7613168724279835,0.7497129735935706,0.7403245942571786,0.7497129735935706,0.7497129735935706,0.7497129735935706,0.7429340511440108,0.7223404255319149,0.7584059775840598,0.5804311774461028,0.5804311774461028,0.7411042944785275,0.7585812356979404,0.7585812356979404,0.7130750605326877,0.7416762342135477,0.7283763277693476,0.7283763277693476,0.7635542168674698,0.7503805175038052,0.6762177650429799,0.7423167848699763,0.7397260273972603,0.7674750356633381,0.6633093525179856,0.7516025641025641,0.7657550535077289,0.7386018237082067,0.7792792792792793,0.7718309859154929,0.7159090909090908,0.7874109263657958,0.7439320388349515,0.7712691771269178,0.7293934681181959,0.7718309859154929,0.7518142235123367
Parasutterella excrementihominis,0.5896700143472022,0.6923076923076923,0.6923076923076923,0.6923076923076923,0.6923076923076923,0.6923076923076923,0.6923076923076923,0.6923076923076923,0.6923076923076923,0.6923076923076923,0.6923076923076923,0.7570942111237231,0.7570942111237231,0.6803394625176804,0.8392434988179669,0.8392434988179669,0.6983240223463687,0.595959595959596,0.595959595959596,0.7354685646500594,0.7240948813982522,0.7240948813982522,0.782608695652174,0.7868686868686868,0.7147577092511013,0.7353878852284803,0.6616022099447514,0.7552140504939626,0.8126315789473684,0.8126315789473684,0.6564327485380117,0.7579908675799087,0.7749160134378499,0.7185273159144894,0.7708108108108108,0.7661375661375661,0.7661375661375661,0.7648401826484018,0.5826771653543308,0.6467780429594272,0.654394299287411,0.6647058823529413,0.7308096740273397,0.7244897959183674,0.7505966587112172,0.6118598382749326,0.7934918648310388,0.8012820512820513,0.8098016336056009,0.7197724039829303,0.7872892347600519,0.8098016336056009,0.7859872611464969,0.8012578616352202,0.8088578088578089,0.7962264150943397,0.6957087126137842,0.8025157232704403,0.7859872611464969,0.6937062937062937,0.6864064602960969,0.7248968363136177,0.8012578616352202,0.6652360515021459,0.7962264150943397,0.7295188556566969,0.8033373063170441,0.795483061480552,0.7935483870967742,0.7282608695652174,0.7821011673151751,0.7911802853437094,0.8349056603773585,0.8349056603773585,0.8349056603773585,0.7606299212598425,0.8349056603773585,0.8349056603773585,0.7570754716981132,0.7586206896551724,0.7130307467057101,0.6508172362555721,0.7522935779816513,0.8105726872246696,0.7374562427071178,0.8007662835249042,0.6083815028901733,0.8007662835249042,0.6799410029498525,0.7912371134020618,0.7903014416775884,0.6083815028901733,0.7238493723849373,0.7929634641407307,0.7613168724279835,0.0,0.775599128540305,0.5815217391304348,0.775599128540305,0.775599128540305,0.775599128540305,0.6726027397260275,0.6417582417582417,0.7083854818523154,0.7415254237288136,0.7415254237288136,0.7748267898383372,0.7786259541984732,0.7786259541984732,0.7690582959641256,0.775974025974026,0.6273584905660378,0.6273584905660378,0.7647907647907648,0.6391096979332274,0.6790633608815426,0.7511363636363636,0.6862745098039216,0.5820189274447949,0.6866485013623977,0.7261345852895149,0.7479579929988331,0.6442006269592476,0.6645669291338583,0.6893063583815029,0.58796992481203,0.8174692049272116,0.7572590011614402,0.5296950240770466,0.7168674698795181,0.6893063583815029,0.6356707317073171
Escherichia coli,0.7616525423728814,0.5212053571428572,0.5212053571428572,0.5212053571428572,0.5212053571428572,0.5212053571428572,0.5212053571428572,0.5212053571428572,0.5212053571428572,0.5212053571428572,0.5212053571428572,0.651578947368421,0.651578947368421,0.7398648648648649,0.8469891411648569,0.8469891411648569,0.5394594594594595,0.7761351636747624,0.7761351636747624,0.6435536294691224,0.7337526205450734,0.7337526205450734,0.8189910979228486,0.6199004975124378,0.6151484135107472,0.6072874493927125,0.7265711135611908,0.6666666666666667,0.5870967741935484,0.5870967741935484,0.806695464362851,0.7607003891050583,0.7584869059165859,0.6863966770508827,0.6318510858324715,0.5857740585774058,0.5857740585774058,0.7074413863404689,0.7986725663716814,0.7246376811594203,0.7004926108374384,0.7680180180180181,0.7077922077922079,0.7997737556561086,0.7443991853360489,0.7398963730569947,0.7417943107221007,0.7432735426008968,0.7291886195995785,0.7616875712656784,0.7217787913340935,0.7291886195995785,0.7216610549943883,0.7144469525959367,0.7148936170212765,0.7084745762711864,0.7444561774023231,0.7213483146067416,0.7216610549943883,0.7555555555555555,0.7464940668824164,0.739524348810872,0.7144469525959367,0.7497206703910615,0.7084745762711864,0.7399783315276274,0.7259100642398286,0.7238307349665924,0.7275822928490352,0.7615894039735099,0.7215909090909092,0.7438202247191011,0.6474654377880185,0.6474654377880185,0.6474654377880185,0.8389021479713604,0.6474654377880185,0.6474654377880185,0.7229660144181256,0.7293388429752066,0.7744533947065593,0.73963133640553,0.7944915254237288,0.8472222222222222,0.76171875,0.7215909090909092,0.7176339285714286,0.7215909090909092,0.7069377990430622,0.7212741751990899,0.7179190751445086,0.7176339285714286,0.7629213483146067,0.7637614678899083,0.7497129735935706,0.775599128540305,0.0,0.556338028169014,0.0,0.0,0.0,0.5305343511450382,0.5015806111696522,0.5254237288135593,0.760644418872267,0.760644418872267,0.721025641025641,0.6767983789260386,0.6767983789260386,0.7724665391969407,0.7275362318840579,0.7541176470588236,0.7541176470588236,0.7460890493381468,0.7911832946635731,0.7206703910614525,0.6628511966701353,0.6520854526958291,0.7808988764044944,0.6916951080773606,0.7593052109181142,0.7608267716535433,0.8043230944254836,0.758703481392557,0.7828507795100222,0.7824675324675325,0.6529284164859002,0.6480086114101185,0.7420091324200913,0.7730496453900709,0.7828507795100222,0.7502890173410405
Escherichia fergusonii,0.6074168797953965,0.6684491978609626,0.6684491978609626,0.6684491978609626,0.6684491978609626,0.6684491978609626,0.6684491978609626,0.6684491978609626,0.6684491978609626,0.6684491978609626,0.6684491978609626,0.7463465553235908,0.7463465553235908,0.6593548387096775,0.8511087645195354,0.8511087645195354,0.6950718685831623,0.6077419354838709,0.6077419354838709,0.7397849462365591,0.676056338028169,0.676056338028169,0.7838427947598253,0.7681432610744581,0.6767151767151767,0.7014028056112225,0.62002567394095,0.7562688064192578,0.794921875,0.794921875,0.6315086782376502,0.749738219895288,0.7408184679958028,0.7366737739872069,0.7753694581280788,0.7816091954022988,0.7816091954022988,0.7727272727272727,0.6238030095759234,0.6580086580086579,0.6888888888888889,0.6796875,0.7012858555885262,0.7325581395348837,0.7371303395399781,0.57465495608532,0.7615740740740741,0.7607142857142857,0.7653508771929824,0.6622340425531915,0.7320341047503045,0.7653508771929824,0.7286914765906363,0.7392857142857143,0.7577092511013216,0.7360285374554103,0.6524908869987849,0.7449584816132859,0.7286914765906363,0.6206896551724138,0.6163682864450128,0.6317880794701987,0.7392857142857143,0.6201859229747676,0.7360285374554103,0.6646115906288532,0.7400681044267877,0.7324613555291319,0.7532934131736527,0.6623876765083441,0.7317961165048543,0.7568862275449102,0.7938257993384785,0.7938257993384785,0.7938257993384785,0.7932432432432432,0.7938257993384785,0.7938257993384785,0.7391304347826086,0.7459105779716466,0.6653116531165312,0.633423180592992,0.7237635705669481,0.8211068211068211,0.6484641638225256,0.7454981992797118,0.5396174863387978,0.7454981992797118,0.5861581920903955,0.7360774818401937,0.7311960542540075,0.5396174863387978,0.6671018276762402,0.7367088607594936,0.7403245942571786,0.5815217391304348,0.556338028169014,0.0,0.556338028169014,0.556338028169014,0.556338028169014,0.27170418006430863,0.42672919109026963,0.3672883787661406,0.7459119496855346,0.7459119496855346,0.7585106382978724,0.7690763052208835,0.7690763052208835,0.7445255474452555,0.7691542288557214,0.6269284712482468,0.6269284712482468,0.7241379310344828,0.710455764075067,0.6670838548185232,0.7628336755646817,0.6741214057507987,0.6099585062240664,0.6838868388683887,0.7204450625869263,0.7550158394931362,0.7323759791122715,0.717741935483871,0.6979434447300772,0.6772151898734178,0.8020618556701031,0.7449306296691569,0.6552631578947368,0.744429882044561,0.6979434447300772,0.6436314363143631
Escherichia ruysiae,0.7616525423728814,0.5212053571428572,0.5212053571428572,0.5212053571428572,0.5212053571428572,0.5212053571428572,0.5212053571428572,0.5212053571428572,0.5212053571428572,0.5212053571428572,0.5212053571428572,0.651578947368421,0.651578947368421,0.7398648648648649,0.8469891411648569,0.8469891411648569,0.5394594594594595,0.7761351636747624,0.7761351636747624,0.6435536294691224,0.7337526205450734,0.7337526205450734,0.8189910979228486,0.6199004975124378,0.6151484135107472,0.6072874493927125,0.7265711135611908,0.6666666666666667,0.5870967741935484,0.5870967741935484,0.806695464362851,0.7607003891050583,0.7584869059165859,0.6863966770508827,0.6318510858324715,0.5857740585774058,0.5857740585774058,0.7074413863404689,0.7986725663716814,0.7246376811594203,0.7004926108374384,0.7680180180180181,0.7077922077922079,0.7997737556561086,0.7443991853360489,0.7398963730569947,0.7417943107221007,0.7432735426008968,0.7291886195995785,0.7616875712656784,0.7217787913340935,0.7291886195995785,0.7216610549943883,0.7144469525959367,0.7148936170212765,0.7084745762711864,0.7444561774023231,0.7213483146067416,0.7216610549943883,0.7555555555555555,0.7464940668824164,0.739524348810872,0.7144469525959367,0.7497206703910615,0.7084745762711864,0.7399783315276274,0.7259100642398286,0.7238307349665924,0.7275822928490352,0.7615894039735099,0.7215909090909092,0.7438202247191011,0.6474654377880185,0.6474654377880185,0.6474654377880185,0.8389021479713604,0.6474654377880185,0.6474654377880185,0.7229660144181256,0.7293388429752066,0.7744533947065593,0.73963133640553,0.7944915254237288,0.8472222222222222,0.76171875,0.7215909090909092,0.7176339285714286,0.7215909090909092,0.7069377990430622,0.7212741751990899,0.7179190751445086,0.7176339285714286,0.7629213483146067,0.7637614678899083,0.7497129735935706,0.775599128540305,0.0,0.556338028169014,0.0,0.0,0.0,0.5305343511450382,0.5015806111696522,0.5254237288135593,0.760644418872267,0.760644418872267,0.721025641025641,0.6767983789260386,0.6767983789260386,0.7724665391969407,0.7275362318840579,0.7541176470588236,0.7541176470588236,0.7460890493381468,0.7911832946635731,0.7206703910614525,0.6628511966701353,0.6520854526958291,0.7808988764044944,0.6916951080773606,0.7593052109181142,0.7608267716535433,0.8043230944254836,0.758703481392557,0.7828507795100222,0.7824675324675325,0.6529284164859002,0.6480086114101185,0.7420091324200913,0.7730496453900709,0.7828507795100222,0.7502890173410405
Escherichia sp005843885,0.7616525423728814,0.5212053571428572,0.5212053571428572,0.5212053571428572,0.5212053571428572,0.5212053571428572,0.5212053571428572,0.5212053571428572,0.5212053571428572,0.5212053571428572,0.5212053571428572,0.651578947368421,0.651578947368421,0.7398648648648649,0.8469891411648569,0.8469891411648569,0.5394594594594595,0.7761351636747624,0.7761351636747624,0.6435536294691224,0.7337526205450734,0.7337526205450734,0.8189910979228486,0.6199004975124378,0.6151484135107472,0.6072874493927125,0.7265711135611908,0.6666666666666667,0.5870967741935484,0.5870967741935484,0.806695464362851,0.7607003891050583,0.7584869059165859,0.6863966770508827,0.6318510858324715,0.5857740585774058,0.5857740585774058,0.7074413863404689,0.7986725663716814,0.7246376811594203,0.7004926108374384,0.7680180180180181,0.7077922077922079,0.7997737556561086,0.7443991853360489,0.7398963730569947,0.7417943107221007,0.7432735426008968,0.7291886195995785,0.7616875712656784,0.7217787913340935,0.7291886195995785,0.7216610549943883,0.7144469525959367,0.7148936170212765,0.7084745762711864,0.7444561774023231,0.7213483146067416,0.7216610549943883,0.7555555555555555,0.7464940668824164,0.739524348810872,0.7144469525959367,0.7497206703910615,0.7084745762711864,0.7399783315276274,0.7259100642398286,0.7238307349665924,0.7275822928490352,0.7615894039735099,0.7215909090909092,0.7438202247191011,0.6474654377880185,0.6474654377880185,0.6474654377880185,0.8389021479713604,0.6474654377880185,0.6474654377880185,0.7229660144181256,0.7293388429752066,0.7744533947065593,0.73963133640553,0.7944915254237288,0.8472222222222222,0.76171875,0.7215909090909092,0.7176339285714286,0.7215909090909092,0.7069377990430622,0.7212741751990899,0.7179190751445086,0.7176339285714286,0.7629213483146067,0.7637614678899083,0.7497129735935706,0.775599128540305,0.0,0.556338028169014,0.0,0.0,0.0,0.5305343511450382,0.5015806111696522,0.5254237288135593,0.760644418872267,0.760644418872267,0.721025641025641,0.6767983789260386,0.6767983789260386,0.7724665391969407,0.7275362318840579,0.7541176470588236,0.7541176470588236,0.7460890493381468,0.7911832946635731,0.7206703910614525,0.6628511966701353,0.6520854526958291,0.7808988764044944,0.6916951080773606,0.7593052109181142,0.7608267716535433,0.8043230944254836,0.758703481392557,0.7828507795100222,0.7824675324675325,0.6529284164859002,0.6480086114101185,0.7420091324200913,0.7730496453900709,0.7828507795100222,0.7502890173410405
Escherichia coli_E,0.7616525423728814,0.5212053571428572,0.5212053571428572,0.5212053571428572,0.5212053571428572,0.5212053571428572,0.5212053571428572,0.5212053571428572,0.5212053571428572,0.5212053571428572,0.5212053571428572,0.651578947368421,0.651578947368421,0.7398648648648649,0.8469891411648569,0.8469891411648569,0.5394594594594595,0.7761351636747624,0.7761351636747624,0.6435536294691224,0.7337526205450734,0.7337526205450734,0.8189910979228486,0.6199004975124378,0.6151484135107472,0.6072874493927125,0.7265711135611908,0.6666666666666667,0.5870967741935484,0.5870967741935484,0.806695464362851,0.7607003891050583,0.7584869059165859,0.6863966770508827,0.6318510858324715,0.5857740585774058,0.5857740585774058,0.7074413863404689,0.7986725663716814,0.7246376811594203,0.7004926108374384,0.7680180180180181,0.7077922077922079,0.7997737556561086,0.7443991853360489,0.7398963730569947,0.7417943107221007,0.7432735426008968,0.7291886195995785,0.7616875712656784,0.7217787913340935,0.7291886195995785,0.7216610549943883,0.7144469525959367,0.7148936170212765,0.7084745762711864,0.7444561774023231,0.7213483146067416,0.7216610549943883,0.7555555555555555,0.7464940668824164,0.739524348810872,0.7144469525959367,0.7497206703910615,0.7084745762711864,0.7399783315276274,0.7259100642398286,0.7238307349665924,0.7275822928490352,0.7615894039735099,0.7215909090909092,0.7438202247191011,0.6474654377880185,0.6474654377880185,0.6474654377880185,0.8389021479713604,0.6474654377880185,0.6474654377880185,0.7229660144181256,0.7293388429752066,0.7744533947065593,0.73963133640553,0.7944915254237288,0.8472222222222222,0.76171875,0.7215909090909092,0.7176339285714286,0.7215909090909092,0.7069377990430622,0.7212741751990899,0.7179190751445086,0.7176339285714286,0.7629213483146067,0.7637614678899083,0.7497129735935706,0.775599128540305,0.0,0.556338028169014,0.0,0.0,0.0,0.5305343511450382,0.5015806111696522,0.5254237288135593,0.760644418872267,0.760644418872267,0.721025641025641,0.6767983789260386,0.6767983789260386,0.7724665391969407,0.7275362318840579,0.7541176470588236,0.7541176470588236,0.7460890493381468,0.7911832946635731,0.7206703910614525,0.6628511966701353,0.6520854526958291,0.7808988764044944,0.6916951080773606,0.7593052109181142,0.7608267716535433,0.8043230944254836,0.758703481392557,0.7828507795100222,0.7824675324675325,0.6529284164859002,0.6480086114101185,0.7420091324200913,0.7730496453900709,0.7828507795100222,0.7502890173410405
Escherichia albertii,0.6640316205533596,0.7156970362239298,0.7156970362239298,0.7156970362239298,0.7156970362239298,0.7156970362239298,0.7156970362239298,0.7156970362239298,0.7156970362239298,0.7156970362239298,0.7156970362239298,0.785329018338727,0.785329018338727,0.7095046854082998,0.8501702610669694,0.8501702610669694,0.7423764458464774,0.6613333333333333,0.6613333333333333,0.7878453038674034,0.7205346294046173,0.7205346294046173,0.8219954648526078,0.768,0.6892778993435449,0.7425334706488156,0.6263736263736264,0.8112244897959184,0.8233502538071066,0.8233502538071066,0.6986301369863014,0.7823721436343852,0.7771739130434783,0.7921653971708379,0.8178137651821862,0.8299120234604106,0.8299120234604106,0.8121664887940234,0.6831683168316831,0.7155457552370452,0.7222832052689352,0.7345013477088949,0.7237113402061855,0.774018944519621,0.7708095781071835,0.6327319587628866,0.7531328320802005,0.7421875,0.7517814726840855,0.6428571428571428,0.7239101717305152,0.7517814726840855,0.7154046997389034,0.7237354085603113,0.7523696682464455,0.711864406779661,0.6588845654993515,0.7233766233766235,0.7154046997389034,0.6312056737588653,0.6167582417582418,0.6055312954876273,0.7237354085603113,0.6208869814020028,0.711864406779661,0.6754270696452036,0.7222222222222222,0.7129870129870131,0.7372549019607844,0.634180790960452,0.7253613666228647,0.7428198433420365,0.7955082742316785,0.7955082742316785,0.7955082742316785,0.7988252569750367,0.7955082742316785,0.7955082742316785,0.75,0.755787037037037,0.6478454680534917,0.6469740634005764,0.7397435897435898,0.8154929577464789,0.7043073341094296,0.7236842105263157,0.5718390804597702,0.7236842105263157,0.5348101265822784,0.7097203728362184,0.7038043478260869,0.5718390804597702,0.6408045977011494,0.7162726008344924,0.7429340511440108,0.6726027397260275,0.5305343511450382,0.27170418006430863,0.5305343511450382,0.5305343511450382,0.5305343511450382,0.0,0.4988151658767772,0.3696319018404908,0.7387140902872777,0.7387140902872777,0.7973568281938326,0.8060165975103735,0.8060165975103735,0.7768147345612134,0.8094262295081968,0.6070878274268106,0.6070878274268106,0.6994134897360704,0.7489421720733427,0.7159533073929961,0.8016967126193001,0.7128712871287128,0.6521739130434783,0.7259923175416133,0.7177541729893778,0.7651006711409396,0.7272727272727273,0.7242380261248186,0.7493333333333334,0.6997319034852547,0.79490022172949,0.7780244173140954,0.7237196765498652,0.7421652421652422,0.7493333333333334,0.6976090014064698
Hafnia alvei,0.6444444444444444,0.5586760280842528,0.5586760280842528,0.5586760280842528,0.5586760280842528,0.5586760280842528,0.5586760280842528,0.5586760280842528,0.5586760280842528,0.5586760280842528,0.5586760280842528,0.5352260778128286,0.5352260778128286,0.7109947643979058,0.7981220657276995,0.7981220657276995,0.5851063829787234,0.6883384932920537,0.6883384932920537,0.5427350427350428,0.6839481555333998,0.6839481555333998,0.7585551330798479,0.5818353831598865,0.4818652849740933,0.522343594836147,0.6705141657922351,0.5765407554671969,0.6759517177344476,0.6759517177344476,0.6956055734190782,0.6673076923076924,0.6742857142857143,0.5581151832460733,0.7025316455696202,0.6715063520871143,0.6715063520871143,0.6088709677419355,0.682068206820682,0.5835806132542037,0.4841101694915254,0.745057232049948,0.5472972972972974,0.7768508863399375,0.7226970560303894,0.6365503080082136,0.7529644268774703,0.7558022199798183,0.7103718199608611,0.7076591154261057,0.7236024844720497,0.7103718199608611,0.7208588957055215,0.7439759036144578,0.7058823529411764,0.7323232323232323,0.6218220338983051,0.7474949899799599,0.7208588957055215,0.6823529411764706,0.6701461377870563,0.7105263157894737,0.7439759036144578,0.6487376509330406,0.7323232323232323,0.6464968152866242,0.7334630350194553,0.7280080889787665,0.7507598784194529,0.7145833333333333,0.7338792221084953,0.756319514661274,0.6142241379310345,0.6142241379310345,0.6142241379310345,0.8193688792165397,0.6142241379310345,0.6142241379310345,0.7172675521821632,0.7243346007604563,0.7384780278670954,0.6919739696312364,0.7100103199174407,0.8624229979466119,0.6102719033232629,0.7377551020408164,0.6158068057080132,0.7377551020408164,0.6670391061452514,0.7257731958762886,0.7241379310344828,0.6158068057080132,0.7177589852008457,0.7832310838445808,0.7223404255319149,0.6417582417582417,0.5015806111696522,0.42672919109026963,0.5015806111696522,0.5015806111696522,0.5015806111696522,0.4988151658767772,0.0,0.5172798216276477,0.7497371188222923,0.7497371188222923,0.6584402764067128,0.5848303393213573,0.5848303393213573,0.6830188679245284,0.7409691629955948,0.6768361581920904,0.6768361581920904,0.7762460233297985,0.7456521739130435,0.690625,0.5686475409836065,0.48895899053627756,0.6875,0.6488222698072805,0.7739801543550165,0.7053824362606232,0.744060475161987,0.7690655209452202,0.7395397489539749,0.716804979253112,0.6069958847736625,0.5554382259767687,0.7194092827004219,0.792016806722689,0.7395397489539749,0.6918859649122807
Klebsiella pneumoniae,0.6769041769041769,0.7034700315457414,0.7034700315457414,0.7034700315457414,0.7034700315457414,0.7034700315457414,0.7034700315457414,0.7034700315457414,0.7034700315457414,0.7034700315457414,0.7034700315457414,0.7691511387163561,0.7691511387163561,0.7049180327868853,0.8479657387580299,0.8479657387580299,0.7269969666329625,0.6859605911330049,0.6859605911330049,0.7815126050420168,0.7172413793103448,0.7172413793103448,0.8201284796573876,0.7414965986394557,0.6837160751565762,0.7287128712871287,0.645859872611465,0.7901477832512316,0.8089668615984406,0.8089668615984406,0.7289836888331243,0.7751295336787565,0.7727272727272727,0.791967044284243,0.8220095693779904,0.8011417697431018,0.8011417697431018,0.8109201213346815,0.7057291666666667,0.7392197125256674,0.7492354740061162,0.7475,0.7344357976653697,0.7841907151819323,0.7744360902255639,0.6309378806333739,0.7464454976303317,0.7512135922330097,0.7525195968645016,0.6764314247669774,0.7217391304347827,0.7525195968645016,0.7216117216117216,0.7324455205811138,0.7586206896551724,0.7135862913096696,0.687799043062201,0.7458033573141487,0.7216117216117216,0.6786632390745502,0.6838868388683887,0.6705729166666667,0.7324455205811138,0.6557591623036649,0.7135862913096696,0.6986634264884568,0.7306358381502891,0.7255139056831923,0.7481751824817517,0.6845466155810984,0.7356181150550796,0.7548543689320388,0.7964404894327031,0.7964404894327031,0.7964404894327031,0.8237650200267023,0.7964404894327031,0.7964404894327031,0.7838983050847458,0.7919320594479831,0.6974564926372155,0.683311432325887,0.7562425683709869,0.8439897698209718,0.7449306296691569,0.7246913580246914,0.6164921465968587,0.7246913580246914,0.5851216022889842,0.71,0.7093908629441624,0.6164921465968587,0.6741130091984231,0.735897435897436,0.7584059775840598,0.7083854818523154,0.5254237288135593,0.3672883787661406,0.5254237288135593,0.5254237288135593,0.5254237288135593,0.3696319018404908,0.5172798216276477,0.0,0.7702871410736579,0.7702871410736579,0.8031088082901554,0.8086359175662414,0.8086359175662414,0.7995971802618328,0.8083657587548638,0.6662068965517242,0.6662068965517242,0.7144790257104194,0.7549148099606815,0.6983930778739185,0.7925101214574899,0.7236024844720497,0.6882430647291942,0.7175757575757575,0.73006993006993,0.7451612903225806,0.7513020833333334,0.7372654155495979,0.7377049180327868,0.7151741293532339,0.7856388595564942,0.7912772585669782,0.706786171574904,0.7386666666666667,0.7377049180327868,0.7139141742522757
Akkermansia muciniphila,0.7716535433070866,0.7893569844789357,0.7893569844789357,0.7893569844789357,0.7893569844789357,0.7893569844789357,0.7893569844789357,0.7893569844789357,0.7893569844789357,0.7893569844789357,0.7893569844789357,0.7612293144208038,0.7612293144208038,0.7642956764295676,0.7951030927835052,0.7951030927835052,0.7605321507760532,0.7227586206896552,0.7227586206896552,0.7230576441102756,0.6588720770288858,0.6588720770288858,0.7083333333333333,0.7134894091415831,0.7358916478555304,0.7084745762711864,0.7068723702664796,0.7389791183294663,0.79082774049217,0.79082774049217,0.759601706970128,0.7068322981366459,0.7105911330049262,0.7383863080684596,0.7955801104972375,0.7770491803278688,0.7770491803278688,0.7693222354340071,0.7153614457831325,0.7120853080568721,0.7602739726027398,0.6993957703927492,0.751345532831001,0.7548872180451127,0.664886515353805,0.7509529860228716,0.6127080181543116,0.6015748031496063,0.6797829036635007,0.7230538922155689,0.6125,0.6797829036635007,0.5996908809891808,0.6210045662100456,0.6643835616438356,0.5736677115987461,0.6342857142857143,0.5770440251572326,0.5996908809891808,0.7237410071942446,0.7445945945945946,0.7115666178623719,0.6210045662100456,0.7396870554765291,0.5736677115987461,0.6160714285714286,0.625,0.543859649122807,0.5993690851735016,0.7078488372093024,0.5908372827804107,0.5679611650485437,0.7232021709633649,0.7232021709633649,0.7232021709633649,0.7108013937282229,0.7232021709633649,0.7232021709633649,0.6888020833333333,0.6812169312169312,0.6918238993710693,0.6333333333333333,0.6076923076923078,0.7197986577181208,0.6832061068702291,0.5952755905511811,0.7116736990154712,0.5952755905511811,0.7209653092006033,0.6012558869701727,0.5848142164781907,0.7116736990154712,0.6888217522658611,0.711890243902439,0.5804311774461028,0.7415254237288136,0.760644418872267,0.7459119496855346,0.760644418872267,0.760644418872267,0.760644418872267,0.7387140902872777,0.7497371188222923,0.7702871410736579,0.0,0.0,0.7033248081841432,0.7450292397660818,0.7450292397660818,0.715158924205379,0.7497116493656286,0.7408536585365854,0.7408536585365854,0.7359375,0.779788838612368,0.6244343891402715,0.7594339622641509,0.7228070175438597,0.718796992481203,0.6534508076358296,0.6866438356164384,0.7533414337788579,0.7097791798107256,0.6560402684563759,0.7315634218289085,0.7418899858956276,0.7276166456494325,0.7034220532319392,0.7478386167146974,0.7382445141065831,0.7315634218289085,0.7112462006079028
Akkermansia muciniphila_B,0.7716535433070866,0.7893569844789357,0.7893569844789357,0.7893569844789357,0.7893569844789357,0.7893569844789357,0.7893569844789357,0.7893569844789357,0.7893569844789357,0.7893569844789357,0.7893569844789357,0.7612293144208038,0.7612293144208038,0.7642956764295676,0.7951030927835052,0.7951030927835052,0.7605321507760532,0.7227586206896552,0.7227586206896552,0.7230576441102756,0.6588720770288858,0.6588720770288858,0.7083333333333333,0.7134894091415831,0.7358916478555304,0.7084745762711864,0.7068723702664796,0.7389791183294663,0.79082774049217,0.79082774049217,0.759601706970128,0.7068322981366459,0.7105911330049262,0.7383863080684596,0.7955801104972375,0.7770491803278688,0.7770491803278688,0.7693222354340071,0.7153614457831325,0.7120853080568721,0.7602739726027398,0.6993957703927492,0.751345532831001,0.7548872180451127,0.664886515353805,0.7509529860228716,0.6127080181543116,0.6015748031496063,0.6797829036635007,0.7230538922155689,0.6125,0.6797829036635007,0.5996908809891808,0.6210045662100456,0.6643835616438356,0.5736677115987461,0.6342857142857143,0.5770440251572326,0.5996908809891808,0.7237410071942446,0.7445945945945946,0.7115666178623719,0.6210045662100456,0.7396870554765291,0.5736677115987461,0.6160714285714286,0.625,0.543859649122807,0.5993690851735016,0.7078488372093024,0.5908372827804107,0.5679611650485437,0.7232021709633649,0.7232021709633649,0.7232021709633649,0.7108013937282229,0.7232021709633649,0.7232021709633649,0.6888020833333333,0.6812169312169312,0.6918238993710693,0.6333333333333333,0.6076923076923078,0.7197986577181208,0.6832061068702291,0.5952755905511811,0.7116736990154712,0.5952755905511811,0.7209653092006033,0.6012558869701727,0.5848142164781907,0.7116736990154712,0.6888217522658611,0.711890243902439,0.5804311774461028,0.7415254237288136,0.760644418872267,0.7459119496855346,0.760644418872267,0.760644418872267,0.760644418872267,0.7387140902872777,0.7497371188222923,0.7702871410736579,0.0,0.0,0.7033248081841432,0.7450292397660818,0.7450292397660818,0.715158924205379,0.7497116493656286,0.7408536585365854,0.7408536585365854,0.7359375,0.779788838612368,0.6244343891402715,0.7594339622641509,0.7228070175438597,0.718796992481203,0.6534508076358296,0.6866438356164384,0.7533414337788579,0.7097791798107256,0.6560402684563759,0.7315634218289085,0.7418899858956276,0.7276166456494325,0.7034220532319392,0.7478386167146974,0.7382445141065831,0.7315634218289085,0.7112462006079028
Erysipelatoclostridium ramosum,0.7559055118110236,0.6356756756756756,0.6356756756756756,0.6356756756756756,0.6356756756756756,0.6356756756756756,0.6356756756756756,0.6356756756756756,0.6356756756756756,0.6356756756756756,0.6356756756756756,0.440460947503201,0.440460947503201,0.6050198150594452,0.6702767749699158,0.6702767749699158,0.6268656716417911,0.7014218009478673,0.7014218009478673,0.5320987654320988,0.5071707953063885,0.5071707953063885,0.5254237288135593,0.5577342047930283,0.659043659043659,0.518058690744921,0.759090909090909,0.4891826923076923,0.5800227014755959,0.5800227014755959,0.763938315539739,0.5668639053254438,0.5732708089097304,0.5724465558194775,0.5517241379310345,0.5368898978433598,0.5368898978433598,0.5141800246609125,0.7180451127819549,0.6110497237569061,0.6751054852320675,0.6679586563307494,0.631687242798354,0.5557163531114326,0.5019206145966709,0.7273730684326711,0.6997607655502392,0.6857142857142857,0.7425742574257426,0.8295194508009154,0.7002457002457003,0.7425742574257426,0.7036144578313253,0.6957575757575758,0.7263626251390434,0.7188612099644128,0.7558011049723756,0.6777367773677736,0.7036144578313253,0.813692480359147,0.8296059637912673,0.8215488215488216,0.6957575757575758,0.8305647840531561,0.7188612099644128,0.75,0.7016129032258065,0.7228773584905661,0.6970443349753694,0.8101123595505618,0.6758104738154613,0.6845386533665836,0.6351351351351351,0.6351351351351351,0.6351351351351351,0.797886393659181,0.6351351351351351,0.6351351351351351,0.7915811088295688,0.8103975535168195,0.8042959427207637,0.7682198327359617,0.736780258519389,0.8144853875476493,0.7194473963868225,0.7173913043478262,0.7602739726027398,0.7173913043478262,0.7995283018867925,0.6933497536945813,0.6973848069738481,0.7602739726027398,0.8123569794050343,0.8114754098360656,0.7411042944785275,0.7748267898383372,0.721025641025641,0.7585106382978724,0.721025641025641,0.721025641025641,0.721025641025641,0.7973568281938326,0.6584402764067128,0.8031088082901554,0.7033248081841432,0.7033248081841432,0.0,0.37516339869281046,0.37516339869281046,0.6463414634146342,0.6841552990556139,0.7703703703703704,0.7703703703703704,0.6496551724137931,0.7015915119363395,0.6658446362515413,0.5657276995305165,0.5740112994350283,0.7320099255583127,0.5974193548387097,0.7129120879120879,0.7303609341825903,0.7980535279805353,0.7519280205655527,0.6375661375661376,0.8,0.5151133501259446,0.5031367628607277,0.715698393077874,0.7337662337662338,0.6375661375661376,0.7081218274111676
Catenibacterium sp000437715,0.7364425162689805,0.639546858908342,0.639546858908342,0.639546858908342,0.639546858908342,0.639546858908342,0.639546858908342,0.639546858908342,0.639546858908342,0.639546858908342,0.639546858908342,0.3108465608465608,0.3108465608465608,0.6079900124843944,0.6465116279069767,0.6465116279069767,0.5685441020191286,0.6934389140271493,0.6934389140271493,0.4554455445544554,0.5352798053527981,0.5352798053527981,0.5290482076637825,0.4495515695067265,0.5859538784067087,0.4211737629459148,0.7309812568908489,0.4087061668681983,0.48554913294797686,0.48554913294797686,0.767077267637178,0.5180863477246207,0.5265588914549654,0.49342891278375145,0.4977220956719818,0.4380069524913094,0.4380069524913094,0.43370508054522927,0.731535756154748,0.6263048016701461,0.5388888888888889,0.6992840095465394,0.568041237113402,0.6055408970976253,0.5403800475059383,0.7479338842975207,0.7065462753950338,0.7950377562028048,0.7347368421052631,0.8365591397849462,0.7477578475336323,0.7347368421052631,0.7513751375137514,0.7703141928494042,0.7218683651804672,0.7579062159214831,0.7945066124109867,0.7215332581736189,0.7513751375137514,0.83991683991684,0.811088295687885,0.8151709401709402,0.7703141928494042,0.840956340956341,0.7579062159214831,0.7927083333333333,0.7436440677966102,0.7733619763694952,0.7219679633867278,0.816931216931217,0.7203196347031964,0.7195402298850575,0.592057761732852,0.592057761732852,0.592057761732852,0.8325301204819278,0.592057761732852,0.592057761732852,0.788235294117647,0.8097087378640777,0.8211111111111111,0.7780269058295964,0.7806451612903226,0.8148148148148149,0.716751269035533,0.7667766776677668,0.7540805223068553,0.7667766776677668,0.7953020134228188,0.7541713014460512,0.7556306306306306,0.7540805223068553,0.7851605758582503,0.8106312292358804,0.7585812356979404,0.7786259541984732,0.6767983789260386,0.7690763052208835,0.6767983789260386,0.6767983789260386,0.6767983789260386,0.8060165975103735,0.5848303393213573,0.8086359175662414,0.7450292397660818,0.7450292397660818,0.37516339869281046,0.0,0.0,0.5964912280701755,0.6149789029535865,0.7845622119815668,0.7845622119815668,0.6640926640926641,0.7057356608478803,0.6670560747663552,0.44349939246658565,0.48335246842709534,0.7459396751740139,0.6357142857142857,0.7703703703703704,0.718079673135853,0.8129251700680272,0.7796208530805687,0.671951219512195,0.8212407991587802,0.4486215538847118,0.34172185430463575,0.7247386759581882,0.7616766467065869,0.671951219512195,0.7329411764705882
Catenibacterium mitsuokai,0.7364425162689805,0.639546858908342,0.639546858908342,0.639546858908342,0.639546858908342,0.639546858908342,0.639546858908342,0.639546858908342,0.639546858908342,0.639546858908342,0.639546858908342,0.3108465608465608,0.3108465608465608,0.6079900124843944,0.6465116279069767,0.6465116279069767,0.5685441020191286,0.6934389140271493,0.6934389140271493,0.4554455445544554,0.5352798053527981,0.5352798053527981,0.5290482076637825,0.4495515695067265,0.5859538784067087,0.4211737629459148,0.7309812568908489,0.4087061668681983,0.48554913294797686,0.48554913294797686,0.767077267637178,0.5180863477246207,0.5265588914549654,0.49342891278375145,0.4977220956719818,0.4380069524913094,0.4380069524913094,0.43370508054522927,0.731535756154748,0.6263048016701461,0.5388888888888889,0.6992840095465394,0.568041237113402,0.6055408970976253,0.5403800475059383,0.7479338842975207,0.7065462753950338,0.7950377562028048,0.7347368421052631,0.8365591397849462,0.7477578475336323,0.7347368421052631,0.7513751375137514,0.7703141928494042,0.7218683651804672,0.7579062159214831,0.7945066124109867,0.7215332581736189,0.7513751375137514,0.83991683991684,0.811088295687885,0.8151709401709402,0.7703141928494042,0.840956340956341,0.7579062159214831,0.7927083333333333,0.7436440677966102,0.7733619763694952,0.7219679633867278,0.816931216931217,0.7203196347031964,0.7195402298850575,0.592057761732852,0.592057761732852,0.592057761732852,0.8325301204819278,0.592057761732852,0.592057761732852,0.788235294117647,0.8097087378640777,0.8211111111111111,0.7780269058295964,0.7806451612903226,0.8148148148148149,0.716751269035533,0.7667766776677668,0.7540805223068553,0.7667766776677668,0.7953020134228188,0.7541713014460512,0.7556306306306306,0.7540805223068553,0.7851605758582503,0.8106312292358804,0.7585812356979404,0.7786259541984732,0.6767983789260386,0.7690763052208835,0.6767983789260386,0.6767983789260386,0.6767983789260386,0.8060165975103735,0.5848303393213573,0.8086359175662414,0.7450292397660818,0.7450292397660818,0.37516339869281046,0.0,0.0,0.5964912280701755,0.6149789029535865,0.7845622119815668,0.7845622119815668,0.6640926640926641,0.7057356608478803,0.6670560747663552,0.44349939246658565,0.48335246842709534,0.7459396751740139,0.6357142857142857,0.7703703703703704,0.718079673135853,0.8129251700680272,0.7796208530805687,0.671951219512195,0.8212407991587802,0.4486215538847118,0.34172185430463575,0.7247386759581882,0.7616766467065869,0.671951219512195,0.7329411764705882
Holdemania filiformis,0.6922196796338673,0.7521613832853026,0.7521613832853026,0.7521613832853026,0.7521613832853026,0.7521613832853026,0.7521613832853026,0.7521613832853026,0.7521613832853026,0.7521613832853026,0.7521613832853026,0.6269146608315099,0.6269146608315099,0.6972586412395709,0.760043431053203,0.760043431053203,0.75,0.7452934662236987,0.7452934662236987,0.6630316248636859,0.627177700348432,0.627177700348432,0.6144721233689205,0.6888246628131021,0.7078870496592016,0.6336032388663968,0.7483370288248337,0.6115879828326181,0.718407960199005,0.718407960199005,0.7835400225479143,0.5769669327251996,0.5830508474576271,0.6590909090909092,0.7346341463414634,0.7076023391812866,0.7076023391812866,0.6967471143756558,0.7688734030197445,0.6836215666327569,0.6642561983471074,0.7494145199063231,0.6943648519579751,0.7269372693726937,0.6110471806674338,0.7079261672095548,0.7139588100686498,0.7471395881006865,0.6498855835240275,0.8222222222222222,0.716295427901524,0.6498855835240275,0.7192174913693901,0.7294520547945205,0.6382488479262673,0.7190366972477065,0.7331154684095861,0.6840236686390533,0.7192174913693901,0.8108695652173913,0.8079748163693599,0.8107221006564551,0.7294520547945205,0.8158179848320694,0.7190366972477065,0.7352614015572858,0.7066666666666667,0.75,0.6948748510131109,0.8138528138528138,0.6916666666666667,0.6953405017921147,0.7342888643880926,0.7342888643880926,0.7342888643880926,0.822139303482587,0.7342888643880926,0.7342888643880926,0.7301255230125523,0.7352941176470589,0.8206583427922816,0.7667436489607391,0.7291428571428571,0.8285024154589372,0.6276243093922652,0.7468643101482326,0.743847874720358,0.7468643101482326,0.7675233644859814,0.7097532314923619,0.7091775923718713,0.743847874720358,0.7853107344632768,0.7977142857142857,0.7130750605326877,0.7690582959641256,0.7724665391969407,0.7445255474452555,0.7724665391969407,0.7724665391969407,0.7724665391969407,0.7768147345612134,0.6830188679245284,0.7995971802618328,0.715158924205379,0.715158924205379,0.6463414634146342,0.5964912280701755,0.5964912280701755,0.0,0.437046004842615,0.7760663507109005,0.7760663507109005,0.7503075030750308,0.7220125786163523,0.6630824372759856,0.5869809203142536,0.656670113753878,0.7179176755447942,0.6760895170789163,0.7748427672955975,0.7570564516129032,0.7955346650998825,0.8028503562945368,0.7175480769230769,0.8157327586206897,0.6924731182795698,0.574739281575898,0.7326266195524146,0.7643467643467643,0.7175480769230769,0.7071078431372548
Holdemanella biformis,0.7105263157894737,0.7042801556420233,0.7042801556420233,0.7042801556420233,0.7042801556420233,0.7042801556420233,0.7042801556420233,0.7042801556420233,0.7042801556420233,0.7042801556420233,0.7042801556420233,0.6652849740932643,0.6652849740932643,0.673733804475854,0.7948717948717949,0.7948717948717949,0.6686274509803922,0.7622080679405521,0.7622080679405521,0.7100409836065573,0.6332958380202475,0.6332958380202475,0.61795166858458,0.7257769652650823,0.7522935779816513,0.6977401129943503,0.7369565217391305,0.6445352400408579,0.6296680497925311,0.6296680497925311,0.7712707182320442,0.5558060879368658,0.5794701986754967,0.690010298661174,0.6203319502074689,0.6286579212916246,0.6286579212916246,0.7003058103975535,0.7393310265282584,0.7015655577299413,0.6819085487077534,0.7417142857142858,0.7226277372262774,0.7038834951456311,0.6191536748329621,0.7326424870466322,0.7257709251101321,0.802547770700637,0.7377731529656608,0.8482613277133825,0.7725788900979326,0.7377731529656608,0.7650862068965517,0.7756410256410257,0.7142857142857143,0.7634408602150538,0.7745901639344263,0.7334070796460177,0.7650862068965517,0.8260416666666667,0.8047034764826175,0.8148148148148149,0.7756410256410257,0.834368530020704,0.7634408602150538,0.7825182101977107,0.7492163009404389,0.777306468716861,0.7452725250278087,0.8251821019771072,0.7436182019977802,0.7402015677491601,0.7985757884028484,0.7985757884028484,0.7985757884028484,0.8277511961722488,0.7985757884028484,0.7985757884028484,0.6371584699453552,0.6554347826086957,0.8485499462943071,0.7914379802414928,0.7754010695187166,0.831002331002331,0.696319018404908,0.7709011943539631,0.7623126338329764,0.7709011943539631,0.8122270742358079,0.7544052863436124,0.7558528428093645,0.7623126338329764,0.7850877192982456,0.8232104121475055,0.7416762342135477,0.775974025974026,0.7275362318840579,0.7691542288557214,0.7275362318840579,0.7275362318840579,0.7275362318840579,0.8094262295081968,0.7409691629955948,0.8083657587548638,0.7497116493656286,0.7497116493656286,0.6841552990556139,0.6149789029535865,0.6149789029535865,0.437046004842615,0.0,0.7886363636363636,0.7886363636363636,0.7526753864447087,0.7467144563918757,0.6743383199079402,0.6181818181818182,0.69921875,0.7491408934707904,0.6792237442922374,0.7896634615384616,0.7850287907869482,0.8165548098434005,0.8143507972665148,0.7385321100917431,0.8096740273396424,0.7670286278381047,0.6433941997851773,0.720876585928489,0.791907514450867,0.7385321100917431,0.7363530778164924
Streptococcus salivarius,0.6111951588502269,0.7044632086851628,0.7044632086851628,0.7044632086851628,0.7044632086851628,0.7044632086851628,0.7044632086851628,0.7044632086851628,0.7044632086851628,0.7044632086851628,0.7044632086851628,0.7738095238095238,0.7738095238095238,0.7102526002971767,0.8167741935483871,0.8167741935483871,0.7414187643020596,0.6647058823529413,0.6647058823529413,0.7580645161290323,0.725699067909454,0.725699067909454,0.7925736235595391,0.7811158798283262,0.6786570743405276,0.7582781456953642,0.5962732919254659,0.7852272727272727,0.8201997780244173,0.8201997780244173,0.6357827476038338,0.7674698795180723,0.7793594306049823,0.7634146341463415,0.8008948545861297,0.8071505958829903,0.8071505958829903,0.7992916174734357,0.6129568106312293,0.6802469135802469,0.6911764705882353,0.7304216867469879,0.7519125683060109,0.7441860465116279,0.7740324594257179,0.5891812865497076,0.786774628879892,0.7659574468085106,0.7865311308767471,0.646677471636953,0.7535816618911175,0.7865311308767471,0.752808988764045,0.7492957746478873,0.7824427480916031,0.7507002801120448,0.6185567010309279,0.7594405594405594,0.752808988764045,0.6118210862619808,0.6112804878048781,0.6339144215530903,0.7492957746478873,0.6330708661417324,0.7507002801120448,0.6568483063328424,0.7628458498023716,0.7394366197183099,0.7694483734087695,0.6369327073552425,0.754985754985755,0.7507204610951008,0.8105670103092784,0.8105670103092784,0.8105670103092784,0.7377622377622377,0.8105670103092784,0.8105670103092784,0.7352941176470589,0.7367741935483871,0.6655737704918032,0.5903010033444815,0.7013177159590044,0.7886178861788617,0.7350746268656716,0.767277856135402,0.649624060150376,0.767277856135402,0.6371100164203612,0.7492836676217765,0.7547169811320755,0.649624060150376,0.6593059936908517,0.7374045801526717,0.7283763277693476,0.6273584905660378,0.7541176470588236,0.6269284712482468,0.7541176470588236,0.7541176470588236,0.7541176470588236,0.6070878274268106,0.6768361581920904,0.6662068965517242,0.7408536585365854,0.7408536585365854,0.7703703703703704,0.7845622119815668,0.7845622119815668,0.7760663507109005,0.7886363636363636,0.0,0.0,0.5670289855072463,0.7117263843648208,0.7155172413793103,0.7777777777777778,0.687041564792176,0.6146179401993355,0.6952104499274311,0.7218430034129693,0.7971360381861575,0.5865724381625441,0.6928213689482471,0.7280966767371602,0.6038338658146964,0.7795566502463054,0.7453183520599251,0.7540263543191801,0.7182410423452769,0.7280966767371602,0.6949685534591195
Streptococcus sp001556435,0.6111951588502269,0.7044632086851628,0.7044632086851628,0.7044632086851628,0.7044632086851628,0.7044632086851628,0.7044632086851628,0.7044632086851628,0.7044632086851628,0.7044632086851628,0.7044632086851628,0.7738095238095238,0.7738095238095238,0.7102526002971767,0.8167741935483871,0.8167741935483871,0.7414187643020596,0.6647058823529413,0.6647058823529413,0.7580645161290323,0.725699067909454,0.725699067909454,0.7925736235595391,0.7811158798283262,0.6786570743405276,0.7582781456953642,0.5962732919254659,0.7852272727272727,0.8201997780244173,0.8201997780244173,0.6357827476038338,0.7674698795180723,0.7793594306049823,0.7634146341463415,0.8008948545861297,0.8071505958829903,0.8071505958829903,0.7992916174734357,0.6129568106312293,0.6802469135802469,0.6911764705882353,0.7304216867469879,0.7519125683060109,0.7441860465116279,0.7740324594257179,0.5891812865497076,0.786774628879892,0.7659574468085106,0.7865311308767471,0.646677471636953,0.7535816618911175,0.7865311308767471,0.752808988764045,0.7492957746478873,0.7824427480916031,0.7507002801120448,0.6185567010309279,0.7594405594405594,0.752808988764045,0.6118210862619808,0.6112804878048781,0.6339144215530903,0.7492957746478873,0.6330708661417324,0.7507002801120448,0.6568483063328424,0.7628458498023716,0.7394366197183099,0.7694483734087695,0.6369327073552425,0.754985754985755,0.7507204610951008,0.8105670103092784,0.8105670103092784,0.8105670103092784,0.7377622377622377,0.8105670103092784,0.8105670103092784,0.7352941176470589,0.7367741935483871,0.6655737704918032,0.5903010033444815,0.7013177159590044,0.7886178861788617,0.7350746268656716,0.767277856135402,0.649624060150376,0.767277856135402,0.6371100164203612,0.7492836676217765,0.7547169811320755,0.649624060150376,0.6593059936908517,0.7374045801526717,0.7283763277693476,0.6273584905660378,0.7541176470588236,0.6269284712482468,0.7541176470588236,0.7541176470588236,0.7541176470588236,0.6070878274268106,0.6768361581920904,0.6662068965517242,0.7408536585365854,0.7408536585365854,0.7703703703703704,0.7845622119815668,0.7845622119815668,0.7760663507109005,0.7886363636363636,0.0,0.0,0.5670289855072463,0.7117263843648208,0.7155172413793103,0.7777777777777778,0.687041564792176,0.6146179401993355,0.6952104499274311,0.7218430034129693,0.7971360381861575,0.5865724381625441,0.6928213689482471,0.7280966767371602,0.6038338658146964,0.7795566502463054,0.7453183520599251,0.7540263543191801,0.7182410423452769,0.7280966767371602,0.6949685534591195
Streptococcus thermophilus,0.7274011299435028,0.7794457274826789,0.7794457274826789,0.7794457274826789,0.7794457274826789,0.7794457274826789,0.7794457274826789,0.7794457274826789,0.7794457274826789,0.7794457274826789,0.7794457274826789,0.6653491436100132,0.6653491436100132,0.5721476510067114,0.6918604651162791,0.6918604651162791,0.7845117845117845,0.7468354430379747,0.7468354430379747,0.7464968152866243,0.6237188872620791,0.6237188872620791,0.692090395480226,0.6958041958041958,0.7767756482525366,0.7116279069767442,0.7346647646219686,0.7401197604790419,0.7397590361445783,0.7397590361445783,0.7991391678622668,0.6693121693121693,0.677124183006536,0.7826617826617827,0.7134146341463414,0.7291910902696366,0.7291910902696366,0.717948717948718,0.7530487804878049,0.7908045977011494,0.7905638665132336,0.6805111821086263,0.7785016286644951,0.5964601769911504,0.6816939890710383,0.7258064516129032,0.7629733520336606,0.7547445255474452,0.760898282694848,0.7530487804878049,0.7287630402384501,0.760898282694848,0.7303206997084548,0.7340116279069768,0.7598944591029024,0.742816091954023,0.763758389261745,0.7391304347826086,0.7303206997084548,0.7433628318584071,0.7634854771784232,0.7481481481481482,0.7340116279069768,0.7503671071953011,0.742816091954023,0.7722908093278463,0.7352537722908093,0.7457142857142858,0.7344213649851632,0.7514619883040936,0.7132132132132132,0.7313432835820896,0.7838926174496644,0.7838926174496644,0.7838926174496644,0.7739130434782608,0.7838926174496644,0.7838926174496644,0.8345323741007195,0.84375,0.7643410852713178,0.7193798449612403,0.804945054945055,0.7886855241264559,0.8137603795966786,0.7561683599419449,0.7213352685050798,0.7561683599419449,0.7012779552715656,0.7299703264094956,0.733433734939759,0.7213352685050798,0.7105263157894737,0.7101910828025477,0.7635542168674698,0.7647907647907648,0.7460890493381468,0.7241379310344828,0.7460890493381468,0.7460890493381468,0.7460890493381468,0.6994134897360704,0.7762460233297985,0.7144790257104194,0.7359375,0.7359375,0.6496551724137931,0.6640926640926641,0.6640926640926641,0.7503075030750308,0.7526753864447087,0.5670289855072463,0.5670289855072463,0.0,0.6276595744680851,0.6772247360482655,0.7475369458128078,0.7356459330143541,0.7333333333333334,0.6855439642324888,0.6834532374100719,0.7658779576587795,0.7142857142857143,0.699490662139219,0.6408566721581548,0.7597684515195369,0.667578659370725,0.6666666666666667,0.7149460708782742,0.6882453151618398,0.6408566721581548,0.7375776397515528
Adlercreutzia celatus_A,0.6451127819548872,0.7651869158878505,0.7651869158878505,0.7651869158878505,0.7651869158878505,0.7651869158878505,0.7651869158878505,0.7651869158878505,0.7651869158878505,0.7651869158878505,0.7651869158878505,0.6688567674113008,0.6688567674113008,0.5933884297520662,0.7620357634112792,0.7620357634112792,0.7450753186558516,0.6438356164383562,0.6438356164383562,0.7303225806451613,0.6552217453505007,0.6552217453505007,0.699438202247191,0.7635359116022099,0.8011049723756907,0.7337142857142858,0.7731673582295989,0.737094837935174,0.7412755716004813,0.7412755716004813,0.7298937784522004,0.6866840731070496,0.7058823529411764,0.7102199223803364,0.7118437118437119,0.7171597633136095,0.7171597633136095,0.7309644670050761,0.6953748006379585,0.7401197604790419,0.742822966507177,0.5684575389948007,0.7582781456953642,0.5711711711711711,0.6977058029689609,0.7119565217391304,0.8176943699731903,0.8119777158774373,0.7958921694480103,0.7549467275494672,0.7814285714285714,0.7958921694480103,0.7749648382559775,0.8052126200274349,0.8071065989847716,0.7847222222222222,0.7913385826771654,0.7916666666666666,0.7749648382559775,0.7723342939481268,0.7770177838577291,0.7718023255813954,0.8052126200274349,0.7666666666666666,0.7847222222222222,0.7856173677069199,0.7884362680683311,0.782246879334258,0.7691197691197691,0.7834757834757835,0.7651296829971181,0.7787356321839081,0.8218465539661899,0.8218465539661899,0.8218465539661899,0.7477797513321491,0.8218465539661899,0.8218465539661899,0.8428571428571429,0.8533969010727056,0.7738461538461539,0.7522658610271904,0.7950138504155124,0.7681895093062605,0.7804878048780488,0.7878359264497878,0.6651515151515152,0.7878359264497878,0.6992,0.7665706051873199,0.7614138438880707,0.6651515151515152,0.7282442748091603,0.7441860465116279,0.7503805175038052,0.6391096979332274,0.7911832946635731,0.710455764075067,0.7911832946635731,0.7911832946635731,0.7911832946635731,0.7489421720733427,0.7456521739130435,0.7549148099606815,0.779788838612368,0.779788838612368,0.7015915119363395,0.7057356608478803,0.7057356608478803,0.7220125786163523,0.7467144563918757,0.7117263843648208,0.7117263843648208,0.6276595744680851,0.0,0.687125748502994,0.7382133995037221,0.7234299516908212,0.660655737704918,0.6952662721893491,0.7135325131810193,0.7471554993678888,0.6993355481727574,0.6928327645051194,0.5849056603773585,0.7378497790868925,0.7480719794344473,0.7135416666666667,0.5983193277310924,0.7058823529411764,0.5849056603773585,0.5982758620689654
Bifidobacterium longum,0.6772068511198945,0.7053571428571428,0.7053571428571428,0.7053571428571428,0.7053571428571428,0.7053571428571428,0.7053571428571428,0.7053571428571428,0.7053571428571428,0.7053571428571428,0.7053571428571428,0.6808510638297872,0.6808510638297872,0.6619915848527349,0.8116113744075829,0.8116113744075829,0.6923925027563396,0.6799468791500665,0.6799468791500665,0.6563658838071693,0.6203703703703703,0.6203703703703703,0.685823754789272,0.7123287671232876,0.723952738990333,0.6765027322404371,0.6799999999999999,0.6739380022962113,0.7345814977973568,0.7345814977973568,0.6571428571428571,0.6475609756097561,0.6402439024390244,0.6904761904761905,0.7288693743139407,0.7304812834224599,0.7304812834224599,0.7174418604651163,0.6593886462882096,0.6647398843930636,0.7192008879023307,0.6457725947521866,0.7168234064785789,0.6706231454005935,0.6394904458598727,0.6491002570694087,0.6796246648793566,0.677731673582296,0.7179802955665024,0.7537212449255751,0.6868131868131868,0.7179802955665024,0.6748299319727891,0.6620879120879121,0.7075588599752168,0.6397774687065368,0.7054361567635904,0.6504854368932038,0.6748299319727891,0.7249666221628839,0.7217948717948718,0.7410358565737052,0.6620879120879121,0.7447368421052631,0.6397774687065368,0.6988265971316818,0.6774193548387097,0.6375,0.677731673582296,0.7473821989528796,0.668515950069348,0.6763888888888889,0.73875,0.73875,0.73875,0.7849624060150375,0.73875,0.73875,0.7572254335260116,0.7687861271676301,0.7430167597765363,0.6747503566333809,0.721419185282523,0.8145506419400856,0.680622009569378,0.6813186813186813,0.6557377049180328,0.6813186813186813,0.7277777777777779,0.6808803301237965,0.6870653685674548,0.6557377049180328,0.6963788300835654,0.738950276243094,0.6762177650429799,0.6790633608815426,0.7206703910614525,0.6670838548185232,0.7206703910614525,0.7206703910614525,0.7206703910614525,0.7159533073929961,0.690625,0.6983930778739185,0.6244343891402715,0.6244343891402715,0.6658446362515413,0.6670560747663552,0.6670560747663552,0.6630824372759856,0.6743383199079402,0.7155172413793103,0.7155172413793103,0.6772247360482655,0.687125748502994,0.0,0.5106382978723405,0.5335018963337548,0.5161290322580645,0.3075601374570447,0.717357910906298,0.7482837528604118,0.7324749642346209,0.7010463378176383,0.6929577464788732,0.7516254876462939,0.7224199288256228,0.6328320802005012,0.6765536723163842,0.7066666666666667,0.6929577464788732,0.6307922272047832
Bifidobacterium pseudocatenulatum,0.7428571428571429,0.6500519210799585,0.6500519210799585,0.6500519210799585,0.6500519210799585,0.6500519210799585,0.6500519210799585,0.6500519210799585,0.6500519210799585,0.6500519210799585,0.6500519210799585,0.48674698795180726,0.48674698795180726,0.7219626168224299,0.7480832420591457,0.7480832420591457,0.6201873048907388,0.766050054406964,0.766050054406964,0.5,0.6677927927927928,0.6677927927927928,0.7125550660792952,0.5797705943691345,0.5811965811965811,0.541036717062635,0.7416481069042316,0.4303030303030303,0.6124865446716901,0.6124865446716901,0.7643020594965675,0.6334792122538293,0.6269146608315099,0.5342789598108747,0.630801687763713,0.61337513061651,0.61337513061651,0.5495915985997666,0.7399049881235155,0.6397058823529411,0.5733186328555678,0.7378984651711924,0.6209677419354839,0.7114427860696517,0.6926406926406927,0.7316293929712461,0.7402015677491601,0.7587768969422424,0.7204767063921993,0.8171683389074693,0.750285062713797,0.7204767063921993,0.7454954954954955,0.732650739476678,0.7099236641221374,0.7324263038548753,0.7669491525423728,0.7147806004618937,0.7454954954954955,0.7900552486187845,0.7787325456498388,0.8043956043956044,0.732650739476678,0.8082788671023965,0.7324263038548753,0.7737068965517242,0.7432578209277239,0.7516703786191536,0.7387802071346374,0.8140540540540541,0.7268518518518519,0.7378752886836027,0.5708955223880596,0.5708955223880596,0.5708955223880596,0.8194271481942714,0.5708955223880596,0.5708955223880596,0.7862137862137862,0.7937937937937938,0.8261851015801355,0.7655889145496536,0.7647058823529411,0.856301531213192,0.7052083333333333,0.770949720670391,0.7455357142857143,0.770949720670391,0.7986348122866894,0.7468643101482326,0.7511520737327189,0.7455357142857143,0.792368125701459,0.8168539325842696,0.7423167848699763,0.7511363636363636,0.6628511966701353,0.7628336755646817,0.6628511966701353,0.6628511966701353,0.6628511966701353,0.8016967126193001,0.5686475409836065,0.7925101214574899,0.7594339622641509,0.7594339622641509,0.5657276995305165,0.44349939246658565,0.44349939246658565,0.5869809203142536,0.6181818181818182,0.7777777777777778,0.7777777777777778,0.7475369458128078,0.7382133995037221,0.5106382978723405,0.0,0.33546734955185664,0.6357786357786358,0.5119047619047619,0.7766624843161857,0.729145211122554,0.7943595769682726,0.8030842230130486,0.7479484173505275,0.806941431670282,0.5511904761904762,0.4338422391857506,0.7432905484247374,0.7853717026378897,0.7479484173505275,0.7398568019093079
Bifidobacterium catenulatum,0.685904550499445,0.5729499467518637,0.5729499467518637,0.5729499467518637,0.5729499467518637,0.5729499467518637,0.5729499467518637,0.5729499467518637,0.5729499467518637,0.5729499467518637,0.5729499467518637,0.5,0.5,0.7315436241610738,0.7481481481481482,0.7481481481481482,0.5200433369447455,0.6490218642117376,0.6490218642117376,0.49703440094899165,0.6545654565456546,0.6545654565456546,0.7083333333333333,0.5590955806783144,0.5130434782608695,0.5154749199573105,0.6809470124013528,0.4915254237288136,0.6141814389989573,0.6141814389989573,0.6823529411764706,0.6417281348788197,0.6397058823529411,0.5421412300683371,0.6346938775510205,0.6219758064516129,0.6219758064516129,0.5680803571428572,0.6702898550724637,0.5917721518987342,0.5078299776286354,0.7282110091743119,0.5210084033613445,0.7020506634499397,0.7027027027027026,0.6531728665207878,0.7378114842903576,0.7543859649122807,0.7214659685863875,0.7488636363636363,0.7475192943770672,0.7214659685863875,0.7332601536772777,0.7290748898678414,0.7044491525423728,0.7218543046357616,0.695557963163597,0.711731843575419,0.7332601536772777,0.7116912599318956,0.7411764705882353,0.7282976324689966,0.7290748898678414,0.7497243660418964,0.7218543046357616,0.711159737417943,0.7395397489539749,0.7283680175246441,0.734966592427617,0.7394678492239468,0.7234042553191489,0.7283950617283951,0.5691937424789411,0.5691937424789411,0.5691937424789411,0.7906976744186046,0.5691937424789411,0.5691937424789411,0.7271805273833671,0.7373225152129818,0.7427240977881258,0.7044392523364487,0.711731843575419,0.8298611111111112,0.5947426067907995,0.7595212187159956,0.6636050516647531,0.7595212187159956,0.7300115874855156,0.7386489479512736,0.7413213885778276,0.6636050516647531,0.7346938775510203,0.8067685589519651,0.7397260273972603,0.6862745098039216,0.6520854526958291,0.6741214057507987,0.6520854526958291,0.6520854526958291,0.6520854526958291,0.7128712871287128,0.48895899053627756,0.7236024844720497,0.7228070175438597,0.7228070175438597,0.5740112994350283,0.48335246842709534,0.48335246842709534,0.656670113753878,0.69921875,0.687041564792176,0.687041564792176,0.7356459330143541,0.7234299516908212,0.5335018963337548,0.33546734955185664,0.0,0.5074626865671642,0.47911227154047,0.7815126050420168,0.7411067193675889,0.7488262910798122,0.7773892773892774,0.7337142857142858,0.7389380530973451,0.5400696864111498,0.45939393939393935,0.7575083426028921,0.7626321974148061,0.7337142857142858,0.6998813760379596
Bifidobacterium ruminantium,0.6198830409356726,0.6966824644549763,0.6966824644549763,0.6966824644549763,0.6966824644549763,0.6966824644549763,0.6966824644549763,0.6966824644549763,0.6966824644549763,0.6966824644549763,0.6966824644549763,0.7458432304038005,0.7458432304038005,0.7043478260869565,0.8285714285714285,0.8285714285714285,0.6891734575087312,0.5762195121951219,0.5762195121951219,0.7367773677736777,0.6805369127516778,0.6805369127516778,0.7544987146529563,0.7958549222797927,0.7254237288135593,0.7420765027322405,0.6560693641618497,0.7311703360370799,0.7832402234636872,0.7832402234636872,0.6335403726708074,0.736144578313253,0.7410501193317423,0.7223587223587223,0.764904386951631,0.7736670293797606,0.7736670293797606,0.7743830787309048,0.5954323001631321,0.6662606577344702,0.6945107398568019,0.6753048780487805,0.7192982456140351,0.6834645669291339,0.7352572145545797,0.5943262411347519,0.7908496732026143,0.7908232118758435,0.8080194410692588,0.6993957703927492,0.782608695652174,0.8080194410692588,0.7861885790172642,0.7780748663101604,0.7997557997557998,0.7527173913043479,0.7163781624500666,0.7611940298507462,0.7861885790172642,0.6701337295690937,0.7022160664819945,0.6921944035346097,0.7780748663101604,0.6910688140556369,0.7527173913043479,0.7255434782608696,0.7846347607052897,0.7587601078167115,0.7891891891891891,0.6962209302325582,0.7821380243572396,0.7866847826086957,0.8122653316645807,0.8122653316645807,0.8122653316645807,0.7656765676567656,0.8122653316645807,0.8122653316645807,0.7696969696969697,0.7818181818181819,0.6687797147385103,0.6527131782945736,0.7337031900138696,0.8246951219512195,0.69625,0.8015978695073236,0.608433734939759,0.8015978695073236,0.6604068857589984,0.7651098901098901,0.7739251040221914,0.608433734939759,0.7098674521354933,0.7726618705035971,0.7674750356633381,0.5820189274447949,0.7808988764044944,0.6099585062240664,0.7808988764044944,0.7808988764044944,0.7808988764044944,0.6521739130434783,0.6875,0.6882430647291942,0.718796992481203,0.718796992481203,0.7320099255583127,0.7459396751740139,0.7459396751740139,0.7179176755447942,0.7491408934707904,0.6146179401993355,0.6146179401993355,0.7333333333333334,0.660655737704918,0.5161290322580645,0.6357786357786358,0.5074626865671642,0.0,0.5524256651017214,0.7357259380097879,0.7962747380675204,0.6868044515103339,0.6930533117932149,0.706408345752608,0.6822840409956077,0.7746987951807229,0.7047738693467337,0.7159590043923865,0.7237048665620094,0.706408345752608,0.6126418152350082
Bifidobacterium bifidum,0.7014157014157014,0.673120728929385,0.673120728929385,0.673120728929385,0.673120728929385,0.673120728929385,0.673120728929385,0.673120728929385,0.673120728929385,0.673120728929385,0.673120728929385,0.6477683956574185,0.6477683956574185,0.6916780354706684,0.7956989247311828,0.7956989247311828,0.6722408026755853,0.7042801556420233,0.7042801556420233,0.6417910447761195,0.6246719160104988,0.6246719160104988,0.6861499364675985,0.696068012752391,0.6947483588621444,0.6275395033860045,0.7161290322580645,0.6255924170616114,0.6841505131128849,0.6841505131128849,0.7107776261937244,0.6738095238095239,0.6869871043376319,0.6606060606060606,0.709211986681465,0.7071583514099783,0.7071583514099783,0.6825208085612366,0.6809116809116809,0.6589595375722543,0.6844494892167992,0.7187928669410151,0.7061909758656872,0.675,0.6537013801756587,0.6733668341708543,0.678237650200267,0.6744827586206896,0.7181372549019608,0.7570469798657719,0.6907356948228882,0.7181372549019608,0.6662125340599455,0.662568306010929,0.7156862745098039,0.6478679504814305,0.7023959646910467,0.6435506241331483,0.6662125340599455,0.7250996015936255,0.7490636704119851,0.737748344370861,0.662568306010929,0.7480417754569191,0.6478679504814305,0.7058064516129032,0.6845466155810984,0.6621438263229308,0.6817558299039781,0.7490247074122236,0.6689655172413793,0.6563814866760168,0.6865284974093264,0.6865284974093264,0.6865284974093264,0.7700453857791225,0.6865284974093264,0.6865284974093264,0.7571921749136938,0.7701149425287357,0.7465373961218836,0.675177304964539,0.7215686274509804,0.8108108108108107,0.6778042959427208,0.7116154873164219,0.6580732700135685,0.7116154873164219,0.731404958677686,0.6794520547945205,0.685595567867036,0.6580732700135685,0.7335127860026918,0.7710843373493976,0.6633093525179856,0.6866485013623977,0.6916951080773606,0.6838868388683887,0.6916951080773606,0.6916951080773606,0.6916951080773606,0.7259923175416133,0.6488222698072805,0.7175757575757575,0.6534508076358296,0.6534508076358296,0.5974193548387097,0.6357142857142857,0.6357142857142857,0.6760895170789163,0.6792237442922374,0.6952104499274311,0.6952104499274311,0.6855439642324888,0.6952662721893491,0.3075601374570447,0.5119047619047619,0.47911227154047,0.5524256651017214,0.0,0.7291981845688351,0.7581920903954802,0.7397454031117398,0.7424460431654676,0.6747159090909092,0.748378728923476,0.6916565900846433,0.6002554278416348,0.7024793388429752,0.7182481751824817,0.6747159090909092,0.6294642857142857
Desulfovibrio sp900556755,0.745985401459854,0.7741545893719807,0.7741545893719807,0.7741545893719807,0.7741545893719807,0.7741545893719807,0.7741545893719807,0.7741545893719807,0.7741545893719807,0.7741545893719807,0.7741545893719807,0.7323759791122715,0.7323759791122715,0.6605960264900662,0.752906976744186,0.752906976744186,0.7577565632458234,0.7038167938931298,0.7038167938931298,0.7456724367509986,0.637329286798179,0.637329286798179,0.7425320056899004,0.7269503546099291,0.7523923444976077,0.717208182912154,0.689922480620155,0.7327478042659975,0.7889022919179735,0.7889022919179735,0.7636080870917574,0.726552179656539,0.7320261437908497,0.7772087067861716,0.7631257631257631,0.7654028436018957,0.7654028436018957,0.7277556440903055,0.7131011608623549,0.7860576923076923,0.7828709288299156,0.7041322314049587,0.7790304396843292,0.6468468468468469,0.7286501377410468,0.7203389830508475,0.7214611872146119,0.646076794657763,0.6995645863570392,0.7236842105263157,0.6813008130081301,0.6995645863570392,0.6672025723472669,0.6778309409888357,0.7041847041847042,0.6923076923076923,0.7637130801687764,0.6752,0.6672025723472669,0.7183544303797469,0.7396449704142012,0.7334384858044164,0.6778309409888357,0.7179080824088748,0.6923076923076923,0.7529239766081871,0.6746987951807228,0.7236641221374045,0.6877022653721683,0.7232704402515724,0.6747967479674797,0.6818923327895595,0.72,0.72,0.72,0.7151162790697674,0.72,0.72,0.8092189500640204,0.8098318240620958,0.7049742710120068,0.6643952299829643,0.7320061255742726,0.7458866544789762,0.7858048162230672,0.740340030911901,0.6931464174454829,0.740340030911901,0.6843003412969284,0.6699346405228759,0.666110183639399,0.6931464174454829,0.6882255389718076,0.700507614213198,0.7516025641025641,0.7261345852895149,0.7593052109181142,0.7204450625869263,0.7593052109181142,0.7593052109181142,0.7593052109181142,0.7177541729893778,0.7739801543550165,0.73006993006993,0.6866438356164384,0.6866438356164384,0.7129120879120879,0.7703703703703704,0.7703703703703704,0.7748427672955975,0.7896634615384616,0.7218430034129693,0.7218430034129693,0.6834532374100719,0.7135325131810193,0.717357910906298,0.7766624843161857,0.7815126050420168,0.7357259380097879,0.7291981845688351,0.0,0.5707831325301205,0.6908127208480566,0.6390977443609023,0.5967741935483871,0.7325038880248833,0.7127071823204421,0.7470198675496689,0.6080843585237259,0.6593001841620626,0.5967741935483871,0.686541737649063
Bilophila wadsworthia,0.7727771679473107,0.800376647834275,0.800376647834275,0.800376647834275,0.800376647834275,0.800376647834275,0.800376647834275,0.800376647834275,0.800376647834275,0.800376647834275,0.800376647834275,0.683083511777302,0.683083511777302,0.7178871548619448,0.5605670103092784,0.5605670103092784,0.7906976744186046,0.7729789590254706,0.7729789590254706,0.7127545551982851,0.7072625698324022,0.7072625698324022,0.761646803900325,0.6759167492566898,0.6966966966966968,0.6670020120724346,0.7397260273972603,0.6795005202913631,0.8107344632768362,0.8107344632768362,0.8236607142857143,0.6989361702127659,0.7197916666666666,0.7301255230125523,0.7908745247148289,0.7621313035204567,0.7621313035204567,0.6913978494623656,0.7809187279151943,0.7435643564356436,0.7420634920634921,0.7357575757575758,0.749301025163094,0.7667887667887667,0.7610062893081762,0.7606382978723404,0.7468643101482326,0.727705112960761,0.7138084632516704,0.7866354044548651,0.7261904761904762,0.7138084632516704,0.7139479905437351,0.7450980392156863,0.7043673012318029,0.7272727272727273,0.7841880341880342,0.7375145180023228,0.7139479905437351,0.7948139797068772,0.7777777777777778,0.7890535917901939,0.7450980392156863,0.7710011507479861,0.7272727272727273,0.7793633369923161,0.7158962795941375,0.7570942111237231,0.727705112960761,0.791196388261851,0.7137724550898203,0.7282479141835518,0.7077100115074799,0.7077100115074799,0.7077100115074799,0.8041504539559015,0.7077100115074799,0.7077100115074799,0.8433852140077821,0.8407079646017699,0.797153024911032,0.768595041322314,0.768969422423556,0.81875,0.7744209466263847,0.768348623853211,0.7662921348314606,0.768348623853211,0.7694145758661888,0.7346698113207547,0.732934131736527,0.7662921348314606,0.75,0.7581620314389359,0.7657550535077289,0.7479579929988331,0.7608267716535433,0.7550158394931362,0.7608267716535433,0.7608267716535433,0.7608267716535433,0.7651006711409396,0.7053824362606232,0.7451612903225806,0.7533414337788579,0.7533414337788579,0.7303609341825903,0.718079673135853,0.718079673135853,0.7570564516129032,0.7850287907869482,0.7971360381861575,0.7971360381861575,0.7658779576587795,0.7471554993678888,0.7482837528604118,0.729145211122554,0.7411067193675889,0.7962747380675204,0.7581920903954802,0.5707831325301205,0.0,0.7864077669902912,0.7150326797385621,0.7214723926380369,0.773972602739726,0.6737193763919822,0.7153518123667377,0.6779874213836479,0.7280927835051547,0.7214723926380369,0.7575392038600723
Dialister invisus,0.6754002911208151,0.7886363636363636,0.7886363636363636,0.7886363636363636,0.7886363636363636,0.7886363636363636,0.7886363636363636,0.7886363636363636,0.7886363636363636,0.7886363636363636,0.7886363636363636,0.8060747663551402,0.8060747663551402,0.762589928057554,0.8270967741935484,0.8270967741935484,0.7785234899328859,0.7161198288159771,0.7161198288159771,0.7934386391251519,0.7480211081794195,0.7480211081794195,0.8089171974522293,0.7645125958378971,0.7249417249417249,0.7911255411255411,0.6586826347305389,0.7846506300114547,0.8342541436464088,0.8342541436464088,0.6984615384615385,0.8072855464159812,0.8169177288528389,0.7761557177615572,0.8151447661469933,0.8183783783783783,0.8183783783783783,0.7988095238095239,0.6147403685092128,0.7262905162064826,0.755868544600939,0.7424698795180723,0.7806451612903226,0.7585139318885449,0.7990135635018496,0.7014925373134329,0.7991913746630728,0.7960893854748603,0.8058007566204287,0.695583596214511,0.7703281027104136,0.8058007566204287,0.7588152327221438,0.7845303867403315,0.8062893081761007,0.7739251040221914,0.6733238231098431,0.7706293706293706,0.7588152327221438,0.6525821596244131,0.6759530791788857,0.700152207001522,0.7845303867403315,0.6910197869101979,0.7739251040221914,0.6917510853835022,0.7861799217731421,0.7328571428571429,0.7790368271954674,0.6844512195121951,0.7698863636363636,0.7532656023222061,0.8054830287206266,0.8054830287206266,0.8054830287206266,0.6777777777777778,0.8054830287206266,0.8054830287206266,0.7325581395348837,0.7373211963589077,0.7103999999999999,0.6083333333333334,0.670196671709531,0.7401709401709402,0.7619631901840491,0.7888111888111888,0.6873156342182891,0.7888111888111888,0.6848000000000001,0.7607449856733525,0.7627365356622998,0.6873156342182891,0.6059602649006622,0.7419354838709677,0.7386018237082067,0.6442006269592476,0.8043230944254836,0.7323759791122715,0.8043230944254836,0.8043230944254836,0.8043230944254836,0.7272727272727273,0.744060475161987,0.7513020833333334,0.7097791798107256,0.7097791798107256,0.7980535279805353,0.8129251700680272,0.8129251700680272,0.7955346650998825,0.8165548098434005,0.5865724381625441,0.5865724381625441,0.7142857142857143,0.6993355481727574,0.7324749642346209,0.7943595769682726,0.7488262910798122,0.6868044515103339,0.7397454031117398,0.6908127208480566,0.7864077669902912,0.0,0.5883424408014573,0.6169154228855722,0.5371621621621622,0.7217165149544864,0.7871046228710462,0.7361319340329835,0.6907563025210084,0.6169154228855722,0.63
Veillonella parvula_A,0.6770370370370371,0.7346200241254524,0.7346200241254524,0.7346200241254524,0.7346200241254524,0.7346200241254524,0.7346200241254524,0.7346200241254524,0.7346200241254524,0.7346200241254524,0.7346200241254524,0.7546468401486989,0.7546468401486989,0.695046439628483,0.7929634641407307,0.7929634641407307,0.709483793517407,0.6436251920122888,0.6436251920122888,0.7107001321003963,0.6873239436619718,0.6873239436619718,0.7824933687002653,0.6944770857814336,0.7132616487455197,0.7312572087658593,0.6350931677018634,0.7482014388489209,0.8231292517006803,0.8231292517006803,0.7401215805471124,0.760248447204969,0.7650676506765067,0.7433290978398983,0.7797202797202797,0.7473806752037253,0.7473806752037253,0.7584480600750938,0.65,0.7391304347826086,0.7627520759193357,0.56993006993007,0.7547380156075808,0.7024793388429752,0.75390625,0.662873399715505,0.7928176795580111,0.7841726618705036,0.8061617458279846,0.7480680061823802,0.770014556040757,0.8061617458279846,0.7689015691868759,0.7706552706552706,0.8020565552699228,0.7578796561604585,0.7744966442953021,0.7543352601156069,0.7689015691868759,0.7551622418879056,0.7694444444444444,0.7507462686567165,0.7706552706552706,0.7675438596491229,0.7578796561604585,0.7680555555555555,0.7780748663101604,0.7354651162790697,0.7518463810930576,0.7466666666666666,0.7459379615952733,0.7357357357357357,0.7994652406417112,0.7994652406417112,0.7994652406417112,0.7234432234432234,0.7994652406417112,0.7994652406417112,0.8142681426814268,0.8207663782447466,0.7170731707317073,0.6806451612903226,0.7824858757062148,0.7456445993031359,0.8076923076923077,0.7748917748917749,0.7292576419213974,0.7748917748917749,0.7181528662420382,0.7584187408491947,0.7548579970104634,0.7292576419213974,0.6883942766295708,0.7310126582278481,0.7792792792792793,0.6645669291338583,0.758703481392557,0.717741935483871,0.758703481392557,0.758703481392557,0.758703481392557,0.7242380261248186,0.7690655209452202,0.7372654155495979,0.6560402684563759,0.6560402684563759,0.7519280205655527,0.7796208530805687,0.7796208530805687,0.8028503562945368,0.8143507972665148,0.6928213689482471,0.6928213689482471,0.699490662139219,0.6928327645051194,0.7010463378176383,0.8030842230130486,0.7773892773892774,0.6930533117932149,0.7424460431654676,0.6390977443609023,0.7150326797385621,0.5883424408014573,0.0,0.60580204778157,0.6104746317512275,0.6620498614958449,0.7657430730478589,0.6762820512820513,0.5402298850574713,0.60580204778157,0.557347670250896
Phascolarctobacterium_A succinatutens,0.6534653465346535,0.7220299884659747,0.7220299884659747,0.7220299884659747,0.7220299884659747,0.7220299884659747,0.7220299884659747,0.7220299884659747,0.7220299884659747,0.7220299884659747,0.7220299884659747,0.649746192893401,0.649746192893401,0.5659777424483307,0.7437252311756934,0.7437252311756934,0.7113636363636364,0.6638297872340426,0.6638297872340426,0.688212927756654,0.5296735905044511,0.5296735905044511,0.6373779637377963,0.6674259681093394,0.7692307692307692,0.6267772511848342,0.7185792349726776,0.6678743961352658,0.7017751479289941,0.7017751479289941,0.7204610951008645,0.6448717948717948,0.6561314791403288,0.7203907203907204,0.6722689075630253,0.6504161712247325,0.6504161712247325,0.6368352788586251,0.6379310344827587,0.74230330672748,0.7347876004592422,0.6253918495297806,0.720348204570185,0.5321739130434783,0.6214382632293081,0.6820580474934037,0.7543391188251001,0.7461858529819695,0.7465145754119138,0.7496402877697842,0.7177304964539006,0.7465145754119138,0.7014084507042253,0.7300275482093663,0.762796504369538,0.7435549525101763,0.769620253164557,0.7082748948106592,0.7014084507042253,0.7423398328690808,0.7598425196850394,0.7468531468531469,0.7300275482093663,0.7660738714090287,0.7435549525101763,0.7519788918205805,0.7281045751633988,0.7462887989203779,0.7285513361462729,0.7517241379310344,0.7138810198300283,0.7035971223021582,0.7715019255455713,0.7715019255455713,0.7715019255455713,0.7441860465116279,0.7715019255455713,0.7715019255455713,0.8090803259604191,0.808235294117647,0.7455621301775148,0.6988130563798219,0.7670682730923695,0.747588424437299,0.7606132075471699,0.7746288798920378,0.6512301013024602,0.7746288798920378,0.7142857142857143,0.6797671033478894,0.6785185185185185,0.6512301013024602,0.6923076923076923,0.7393850658857979,0.7718309859154929,0.6893063583815029,0.7828507795100222,0.6979434447300772,0.7828507795100222,0.7828507795100222,0.7828507795100222,0.7493333333333334,0.7395397489539749,0.7377049180327868,0.7315634218289085,0.7315634218289085,0.6375661375661376,0.671951219512195,0.671951219512195,0.7175480769230769,0.7385321100917431,0.7280966767371602,0.7280966767371602,0.6408566721581548,0.5849056603773585,0.6929577464788732,0.7479484173505275,0.7337142857142858,0.706408345752608,0.6747159090909092,0.5967741935483871,0.7214723926380369,0.6169154228855722,0.60580204778157,0.0,0.6647058823529413,0.6296791443850267,0.7061021170610211,0.6106750392464678,0.6037414965986394,0.0,0.5
Acidaminococcus fermentans,0.6427586206896552,0.731924360400445,0.731924360400445,0.731924360400445,0.731924360400445,0.731924360400445,0.731924360400445,0.731924360400445,0.731924360400445,0.731924360400445,0.731924360400445,0.8151351351351351,0.8151351351351351,0.7710526315789474,0.8055893074119076,0.8055893074119076,0.7158590308370044,0.667578659370725,0.667578659370725,0.7861205915813424,0.7323420074349443,0.7323420074349443,0.7725060827250608,0.7492195629552549,0.6772366930917327,0.7846938775510204,0.5942028985507246,0.7513751375137514,0.806553911205074,0.806553911205074,0.6102719033232629,0.8111353711790393,0.814935064935065,0.7586206896551724,0.8145833333333333,0.803076923076923,0.803076923076923,0.7980022197558269,0.6095679012345678,0.7013729977116705,0.7128263337116912,0.7142857142857143,0.7494824016563146,0.7748251748251749,0.806378132118451,0.6469816272965879,0.7707006369426752,0.7503337783711616,0.775779376498801,0.6369137670196672,0.7402422611036339,0.775779376498801,0.7364238410596027,0.7160161507402423,0.7615012106537531,0.7344782034346102,0.599721059972106,0.7293333333333334,0.7364238410596027,0.543613707165109,0.5962643678160919,0.6251851851851852,0.7160161507402423,0.6142433234421365,0.7344782034346102,0.6397774687065368,0.7453183520599251,0.7220744680851063,0.7334235453315291,0.6179941002949852,0.7262872628726287,0.713103448275862,0.757537688442211,0.757537688442211,0.757537688442211,0.6552901023890785,0.757537688442211,0.757537688442211,0.6746231155778895,0.6738578680203046,0.6097946287519747,0.6058282208588956,0.6248196248196248,0.7445820433436532,0.6967509025270758,0.7582562747688243,0.6937669376693767,0.7582562747688243,0.691970802919708,0.72936400541272,0.7307692307692308,0.6937669376693767,0.6839080459770115,0.7315340909090908,0.7159090909090908,0.58796992481203,0.7824675324675325,0.6772151898734178,0.7824675324675325,0.7824675324675325,0.7824675324675325,0.6997319034852547,0.716804979253112,0.7151741293532339,0.7418899858956276,0.7418899858956276,0.8,0.8212407991587802,0.8212407991587802,0.8157327586206897,0.8096740273396424,0.6038338658146964,0.6038338658146964,0.7597684515195369,0.7378497790868925,0.7516254876462939,0.806941431670282,0.7389380530973451,0.6822840409956077,0.748378728923476,0.7325038880248833,0.773972602739726,0.5371621621621622,0.6104746317512275,0.6647058823529413,0.0,0.7593896713615024,0.8073496659242761,0.7369146005509641,0.5061295971978984,0.6647058823529413,0.604361370716511
Mitsuokella multacida,0.7739420935412027,0.6351791530944626,0.6351791530944626,0.6351791530944626,0.6351791530944626,0.6351791530944626,0.6351791530944626,0.6351791530944626,0.6351791530944626,0.6351791530944626,0.6351791530944626,0.4102228047182176,0.4102228047182176,0.6763224181360201,0.6650485436893203,0.6650485436893203,0.6069489685124865,0.7531428571428571,0.7531428571428571,0.47814910025706936,0.5943279901356351,0.5943279901356351,0.6642941874258601,0.38555691554467564,0.5463800904977376,0.48259860788863107,0.7316219369894983,0.4879227053140096,0.5984251968503937,0.5984251968503937,0.8148571428571428,0.5960419091967404,0.6242905788876276,0.575,0.6101882613510521,0.5605381165919283,0.5605381165919283,0.46350832266325226,0.7493857493857494,0.6821052631578948,0.6237623762376238,0.7254658385093168,0.5874200426439232,0.6830238726790451,0.6500579374275782,0.7575757575757576,0.7462340672074159,0.7553191489361702,0.7126696832579186,0.8149010477299186,0.729794933655006,0.7126696832579186,0.7265160523186682,0.7355371900826446,0.7133182844243793,0.7714285714285715,0.7721796276013143,0.730723606168446,0.7265160523186682,0.8139797068771139,0.8299465240641711,0.8205417607223476,0.7355371900826446,0.8230683090705487,0.7714285714285715,0.7613122171945701,0.7393258426966292,0.7377049180327868,0.734375,0.8157303370786517,0.7218863361547763,0.7334137515078407,0.5350993377483444,0.5350993377483444,0.5350993377483444,0.8169934640522876,0.5350993377483444,0.5350993377483444,0.8065173116089613,0.8142857142857143,0.8130952380952381,0.7800237812128419,0.7658592848904268,0.8253164556962025,0.7513007284079084,0.7564705882352941,0.7975528364849833,0.7564705882352941,0.7954815695600476,0.727710843373494,0.728937728937729,0.7975528364849833,0.7673031026252983,0.8145539906103286,0.7874109263657958,0.8174692049272116,0.6529284164859002,0.8020618556701031,0.6529284164859002,0.6529284164859002,0.6529284164859002,0.79490022172949,0.6069958847736625,0.7856388595564942,0.7276166456494325,0.7276166456494325,0.5151133501259446,0.4486215538847118,0.4486215538847118,0.6924731182795698,0.7670286278381047,0.7795566502463054,0.7795566502463054,0.667578659370725,0.7480719794344473,0.7224199288256228,0.5511904761904762,0.5400696864111498,0.7746987951807229,0.6916565900846433,0.7127071823204421,0.6737193763919822,0.7217165149544864,0.6620498614958449,0.6296791443850267,0.7593896713615024,0.0,0.5,0.7631578947368421,0.6891891891891893,0.6296791443850267,0.7012820512820512
Ligilactobacillus ruminis,0.7443693693693694,0.6391862955032119,0.6391862955032119,0.6391862955032119,0.6391862955032119,0.6391862955032119,0.6391862955032119,0.6391862955032119,0.6391862955032119,0.6391862955032119,0.6391862955032119,0.4527112232030265,0.4527112232030265,0.7028014616321558,0.7195402298850575,0.7195402298850575,0.599352051835853,0.734249713631157,0.734249713631157,0.41534391534391535,0.590964590964591,0.590964590964591,0.6231884057971014,0.5122767857142857,0.5787746170678336,0.47520184544405997,0.7502837684449489,0.41551939924906134,0.576271186440678,0.576271186440678,0.7835648148148149,0.6276715410573679,0.6270996640537514,0.5444711538461539,0.6085526315789473,0.525,0.525,0.5231143552311436,0.7536231884057971,0.6546227417640808,0.5625,0.7207872078720787,0.5845665961945032,0.7039897039897041,0.6030805687203791,0.7342047930283224,0.7075471698113207,0.7593023255813953,0.7114093959731543,0.8055555555555556,0.7221556886227545,0.7114093959731543,0.7280187573270809,0.7324766355140186,0.691609977324263,0.708185053380783,0.7609170305676856,0.6812652068126521,0.7280187573270809,0.8089385474860336,0.8047464940668825,0.7855504587155964,0.7324766355140186,0.8166666666666667,0.708185053380783,0.7608938547486034,0.7031963470319635,0.7183098591549295,0.698780487804878,0.7822120866590649,0.6923076923076923,0.6928746928746929,0.5454545454545454,0.5454545454545454,0.5454545454545454,0.8292993630573249,0.5454545454545454,0.5454545454545454,0.7959390862944162,0.8,0.7992874109263658,0.7469879518072289,0.7583046964490263,0.8225,0.6875675675675677,0.731042654028436,0.711764705882353,0.731042654028436,0.770059880239521,0.7170263788968825,0.7196601941747574,0.711764705882353,0.7609467455621302,0.7677496991576414,0.7439320388349515,0.7572590011614402,0.6480086114101185,0.7449306296691569,0.6480086114101185,0.6480086114101185,0.6480086114101185,0.7780244173140954,0.5554382259767687,0.7912772585669782,0.7034220532319392,0.7034220532319392,0.5031367628607277,0.34172185430463575,0.34172185430463575,0.574739281575898,0.6433941997851773,0.7453183520599251,0.7453183520599251,0.6666666666666667,0.7135416666666667,0.6328320802005012,0.4338422391857506,0.45939393939393935,0.7047738693467337,0.6002554278416348,0.7470198675496689,0.7153518123667377,0.7871046228710462,0.7657430730478589,0.7061021170610211,0.8073496659242761,0.5,0.0,0.7125307125307125,0.7669172932330828,0.7061021170610211,0.7258064516129032
Sutterella wadsworthensis,0.6652777777777779,0.7349943374858436,0.7349943374858436,0.7349943374858436,0.7349943374858436,0.7349943374858436,0.7349943374858436,0.7349943374858436,0.7349943374858436,0.7349943374858436,0.7349943374858436,0.7041062801932367,0.7041062801932367,0.602760736196319,0.7832699619771863,0.7832699619771863,0.7328159645232816,0.682825484764543,0.682825484764543,0.7252747252747253,0.6559139784946236,0.6559139784946236,0.7026315789473685,0.7226435536294691,0.779317697228145,0.6697038724373576,0.7322623828647925,0.7084785133565621,0.7559055118110236,0.7559055118110236,0.7472067039106145,0.6968215158924205,0.7177033492822966,0.7265060240963855,0.7415349887133182,0.7029478458049887,0.7029478458049887,0.7244283995186522,0.6836581709145427,0.7262313860252004,0.7530864197530864,0.659606656580938,0.7617554858934169,0.6395534290271132,0.6926020408163265,0.694300518134715,0.7235772357723578,0.7406896551724138,0.743073047858942,0.7616361071932299,0.7140845070422535,0.743073047858942,0.7211538461538461,0.7401894451962111,0.7405541561712846,0.7566489361702128,0.7903822441430333,0.7381275440976933,0.7211538461538461,0.7791164658634538,0.7753530166880616,0.7653478854024557,0.7401894451962111,0.7655826558265583,0.7566489361702128,0.7911392405063291,0.7458492975734354,0.7833981841763943,0.7194950911640954,0.7797062750333779,0.7011331444759207,0.7183098591549295,0.7694267515923567,0.7694267515923567,0.7694267515923567,0.770096463022508,0.7694267515923567,0.7694267515923567,0.825938566552901,0.8266360505166476,0.7929577464788733,0.7625698324022346,0.8046272493573265,0.7839506172839507,0.7981859410430839,0.787037037037037,0.67090395480226,0.787037037037037,0.7329462989840348,0.7330567081604427,0.7291960507757405,0.67090395480226,0.7422535211267606,0.7694483734087695,0.7712691771269178,0.5296950240770466,0.7420091324200913,0.6552631578947368,0.7420091324200913,0.7420091324200913,0.7420091324200913,0.7237196765498652,0.7194092827004219,0.706786171574904,0.7478386167146974,0.7478386167146974,0.715698393077874,0.7247386759581882,0.7247386759581882,0.7326266195524146,0.720876585928489,0.7540263543191801,0.7540263543191801,0.7149460708782742,0.5983193277310924,0.6765536723163842,0.7432905484247374,0.7575083426028921,0.7159590043923865,0.7024793388429752,0.6080843585237259,0.6779874213836479,0.7361319340329835,0.6762820512820513,0.6106750392464678,0.7369146005509641,0.7631578947368421,0.7125307125307125,0.0,0.6804451510333863,0.6106750392464678,0.6316614420062696
Acidaminococcus intestini,0.6924198250728864,0.7389221556886227,0.7389221556886227,0.7389221556886227,0.7389221556886227,0.7389221556886227,0.7389221556886227,0.7389221556886227,0.7389221556886227,0.7389221556886227,0.7389221556886227,0.746583850931677,0.746583850931677,0.7048929663608563,0.7362482369534555,0.7362482369534555,0.729093050647821,0.6898079763663221,0.6898079763663221,0.7289234760051881,0.6853932584269663,0.6853932584269663,0.7158774373259054,0.7271689497716896,0.7297297297297297,0.7102803738317758,0.6560121765601218,0.7172582619339045,0.760998810939358,0.760998810939358,0.7065217391304348,0.7720588235294118,0.7707317073170732,0.7556390977443609,0.7664319248826291,0.7470997679814385,0.7470997679814385,0.7611940298507462,0.7017543859649122,0.7494033412887828,0.7839721254355401,0.6345514950166113,0.750278706800446,0.6937086092715232,0.7486979166666667,0.6907073509015257,0.7366906474820144,0.709726443768997,0.7546666666666667,0.728125,0.7077625570776256,0.7546666666666667,0.7078986587183309,0.690332326283988,0.738544474393531,0.7038690476190477,0.7386519944979367,0.6818873668188736,0.7078986587183309,0.6993865030674846,0.7249283667621776,0.7101226993865031,0.690332326283988,0.7320359281437125,0.7038690476190477,0.7271428571428571,0.7033898305084746,0.7109144542772861,0.6898148148148149,0.7101669195751138,0.683641975308642,0.6635071090047393,0.7223796033994334,0.7223796033994334,0.7223796033994334,0.6970260223048328,0.7223796033994334,0.7223796033994334,0.7808564231738035,0.7811704834605597,0.6783333333333333,0.7075471698113207,0.7357664233576642,0.6954954954954955,0.7749077490774907,0.7583697234352256,0.7453505007153076,0.7583697234352256,0.7359375,0.699236641221374,0.6962616822429907,0.7453505007153076,0.7285276073619632,0.7186009538950715,0.7293934681181959,0.7168674698795181,0.7730496453900709,0.744429882044561,0.7730496453900709,0.7730496453900709,0.7730496453900709,0.7421652421652422,0.792016806722689,0.7386666666666667,0.7382445141065831,0.7382445141065831,0.7337662337662338,0.7616766467065869,0.7616766467065869,0.7643467643467643,0.791907514450867,0.7182410423452769,0.7182410423452769,0.6882453151618398,0.7058823529411764,0.7066666666666667,0.7853717026378897,0.7626321974148061,0.7237048665620094,0.7182481751824817,0.6593001841620626,0.7280927835051547,0.6907563025210084,0.5402298850574713,0.6037414965986394,0.5061295971978984,0.6891891891891893,0.7669172932330828,0.6804451510333863,0.0,0.6037414965986394,0.6170940170940171
Phascolarctobacterium_A succinatutens_A,0.6534653465346535,0.7220299884659747,0.7220299884659747,0.7220299884659747,0.7220299884659747,0.7220299884659747,0.7220299884659747,0.7220299884659747,0.7220299884659747,0.7220299884659747,0.7220299884659747,0.649746192893401,0.649746192893401,0.5659777424483307,0.7437252311756934,0.7437252311756934,0.7113636363636364,0.6638297872340426,0.6638297872340426,0.688212927756654,0.5296735905044511,0.5296735905044511,0.6373779637377963,0.6674259681093394,0.7692307692307692,0.6267772511848342,0.7185792349726776,0.6678743961352658,0.7017751479289941,0.7017751479289941,0.7204610951008645,0.6448717948717948,0.6561314791403288,0.7203907203907204,0.6722689075630253,0.6504161712247325,0.6504161712247325,0.6368352788586251,0.6379310344827587,0.74230330672748,0.7347876004592422,0.6253918495297806,0.720348204570185,0.5321739130434783,0.6214382632293081,0.6820580474934037,0.7543391188251001,0.7461858529819695,0.7465145754119138,0.7496402877697842,0.7177304964539006,0.7465145754119138,0.7014084507042253,0.7300275482093663,0.762796504369538,0.7435549525101763,0.769620253164557,0.7082748948106592,0.7014084507042253,0.7423398328690808,0.7598425196850394,0.7468531468531469,0.7300275482093663,0.7660738714090287,0.7435549525101763,0.7519788918205805,0.7281045751633988,0.7462887989203779,0.7285513361462729,0.7517241379310344,0.7138810198300283,0.7035971223021582,0.7715019255455713,0.7715019255455713,0.7715019255455713,0.7441860465116279,0.7715019255455713,0.7715019255455713,0.8090803259604191,0.808235294117647,0.7455621301775148,0.6988130563798219,0.7670682730923695,0.747588424437299,0.7606132075471699,0.7746288798920378,0.6512301013024602,0.7746288798920378,0.7142857142857143,0.6797671033478894,0.6785185185185185,0.6512301013024602,0.6923076923076923,0.7393850658857979,0.7718309859154929,0.6893063583815029,0.7828507795100222,0.6979434447300772,0.7828507795100222,0.7828507795100222,0.7828507795100222,0.7493333333333334,0.7395397489539749,0.7377049180327868,0.7315634218289085,0.7315634218289085,0.6375661375661376,0.671951219512195,0.671951219512195,0.7175480769230769,0.7385321100917431,0.7280966767371602,0.7280966767371602,0.6408566721581548,0.5849056603773585,0.6929577464788732,0.7479484173505275,0.7337142857142858,0.706408345752608,0.6747159090909092,0.5967741935483871,0.7214723926380369,0.6169154228855722,0.60580204778157,0.0,0.6647058823529413,0.6296791443850267,0.7061021170610211,0.6106750392464678,0.6037414965986394,0.0,0.5
Megasphaera elsdenii,0.5991058122205664,0.719626168224299,0.719626168224299,0.719626168224299,0.719626168224299,0.719626168224299,0.719626168224299,0.719626168224299,0.719626168224299,0.719626168224299,0.719626168224299,0.7217496962332928,0.7217496962332928,0.6349693251533742,0.8233082706766918,0.8233082706766918,0.6953488372093024,0.6303387334315169,0.6303387334315169,0.6901408450704225,0.6421636615811372,0.6421636615811372,0.741851368970013,0.724669603524229,0.7342342342342343,0.6995464852607709,0.6771428571428572,0.7027348394768134,0.7656427758816837,0.7656427758816837,0.6666666666666667,0.7271619975639464,0.7306763285024155,0.6278145695364239,0.7468499427262314,0.7310734463276836,0.7310734463276836,0.7141089108910892,0.5644891122278057,0.707345971563981,0.6835748792270531,0.5934959349593496,0.7081021087680355,0.662379421221865,0.6994818652849741,0.6386206896551725,0.7736351531291611,0.7611111111111111,0.7833125778331258,0.7359882005899705,0.7489481065918653,0.7833125778331258,0.7430939226519337,0.7378640776699029,0.7793017456359103,0.7393103448275862,0.7516254876462939,0.7375,0.7430939226519337,0.7289586305278174,0.7391891891891892,0.7335243553008596,0.7378640776699029,0.7429378531073446,0.7393103448275862,0.7429340511440108,0.7631917631917632,0.7386519944979367,0.747191011235955,0.7545327754532776,0.7308781869688386,0.7263610315186246,0.7931034482758621,0.7931034482758621,0.7931034482758621,0.7015706806282722,0.7931034482758621,0.7931034482758621,0.7892215568862275,0.7997601918465228,0.729483282674772,0.6712749615975422,0.7581967213114754,0.750814332247557,0.718865598027127,0.7709190672153635,0.6530014641288433,0.7709190672153635,0.7129909365558913,0.7304964539007093,0.7428571428571429,0.6530014641288433,0.6747720364741641,0.7328358208955223,0.7518142235123367,0.6356707317073171,0.7502890173410405,0.6436314363143631,0.7502890173410405,0.7502890173410405,0.7502890173410405,0.6976090014064698,0.6918859649122807,0.7139141742522757,0.7112462006079028,0.7112462006079028,0.7081218274111676,0.7329411764705882,0.7329411764705882,0.7071078431372548,0.7363530778164924,0.6949685534591195,0.6949685534591195,0.7375776397515528,0.5982758620689654,0.6307922272047832,0.7398568019093079,0.6998813760379596,0.6126418152350082,0.6294642857142857,0.686541737649063,0.7575392038600723,0.63,0.557347670250896,0.5,0.604361370716511,0.7012820512820512,0.7258064516129032,0.6316614420062696,0.6170940170940171,0.5,0.0
