,Flavonifractor plautii,Faecalibacterium prausnitzii_C,Faecalibacterium prausnitzii,Faecalibacterium sp900539885,Faecalibacterium prausnitzii_G,Faecalibacterium prausnitzii_J,Faecalibacterium prausnitzii_A,Faecalibacterium sp900758465,Faecalibacterium prausnitzii_H,Faecalibacterium prausnitzii_E,Faecalibacterium prausnitzii_F,Gemmiger formicilis,Gemmiger sp900540775,Anaerotruncus colihominis,Ruminococcus_E bromii_B,Ruminococcus_E bromii,Blautia_A obeum,Blautia_A wexlerae,Blautia_A wexlerae_B,Agathobacter sp900317585,Mediterraneibacter faecis,Mediterraneibacter torques,Mediterraneibacter lactaris,Enterocloster bolteae,Enterocloster citroniae,Enterocloster clostridioformis,Coprococcus eutactus,Dorea_A longicatena_B,Dorea_A longicatena,Lachnospira eligens_A,Roseburia inulinivorans,Roseburia intestinalis,Anaerostipes hadrus,Eubacterium_G ventriosum,Bariatricus comes,Bariatricus comes_A,Anaerobutyricum hallii,Anaerobutyricum soehngenii,Dorea formicigenerans,Coprococcus_A catus,Eubacterium_I ramulus,Clostridium_Q symbiosum,Ruminococcus_B gnavus,Hungatella effluvii,Bacteroides uniformis,Bacteroides cellulosilyticus,Bacteroides timonensis,Bacteroides stercoris,Bacteroides sp900552405,Bacteroides xylanisolvens,Bacteroides eggerthii,Bacteroides fragilis,Bacteroides fluxus,Bacteroides finegoldii,Bacteroides intestinalis,Bacteroides faecis,Bacteroides nordii,Bacteroides salyersiae,Bacteroides sp902362375,Bacteroides fragilis_A,Bacteroides clarus,Phocaeicola dorei,Phocaeicola vulgatus,Phocaeicola plebeius,Phocaeicola massiliensis,Phocaeicola coprocola,Phocaeicola coprophilus,Prevotella sp900313215,Prevotella sp900551275,Prevotella copri_A,Prevotella stercorea,Prevotella sp015074785,Prevotella copri,Paraprevotella clara,Alistipes onderdonkii,Alistipes finegoldii,Alistipes shahii,Alistipes putredinis,Alistipes_A indistinctus,Parabacteroides distasonis,Parabacteroides distasonis_A,Parabacteroides gordonii,Parabacteroides merdae,Parabacteroides johnsonii,Butyricimonas virosa,Odoribacter splanchnicus,Barnesiella intestinihominis,Parasutterella excrementihominis,Escherichia coli,Escherichia fergusonii,Escherichia sp005843885,Escherichia coli_E,Escherichia albertii,Hafnia alvei,Klebsiella pneumoniae,Akkermansia muciniphila,Akkermansia muciniphila_B,Erysipelatoclostridium ramosum,Catenibacterium sp000437715,Catenibacterium mitsuokai,Holdemania filiformis,Holdemanella biformis,Streptococcus salivarius,Streptococcus sp001556435,Streptococcus thermophilus,Adlercreutzia celatus_A,Bifidobacterium longum,Bifidobacterium pseudocatenulatum,Bifidobacterium catenulatum,Bifidobacterium bifidum,Desulfovibrio sp900556755,Dialister invisus,Veillonella parvula_A,Phascolarctobacterium_A succinatutens,Acidaminococcus fermentans,Sutterella wadsworthensis,Acidaminococcus intestini
Flavonifractor plautii,0.0,0.5069278547539418,0.5069278547539418,0.5069278547539418,0.5069278547539418,0.5069278547539418,0.5069278547539418,0.5069278547539418,0.5069278547539418,0.5069278547539418,0.5069278547539418,0.6042755344418052,0.6042755344418052,0.44165535956580737,0.6487285629804849,0.6487285629804849,0.5045651129264777,0.3269754768392371,0.3269754768392371,0.6057395143487858,0.6938990182328191,0.6938990182328191,0.7013972055888223,0.6104471004869412,0.5310376076121432,0.3500321130378934,0.630558183538316,0.6229919678714859,0.6229919678714859,0.4018506278916061,0.6454018227009113,0.6483831354891527,0.5800000000000001,0.575192096597146,0.5906579608237067,0.5906579608237067,0.6185866408518876,0.36326250856751197,0.5656167979002624,0.4883720930232558,0.3709902370990237,0.5231545162769372,0.672340425531915,0.2964401294498382,0.7391304347826086,0.7373188405797102,0.4928348909657321,0.7412015641663704,0.7373188405797102,0.7443002455278849,0.7320163995527394,0.7312564190345772,0.7047483041770797,0.7490111470693994,0.7406755805770584,0.49194547707558856,0.49544072948328266,0.5183845690174804,0.7443002455278849,0.7312564190345772,0.7088833392793435,0.7381882770870338,0.7289364640883977,0.7552422270426609,0.5083076923076923,0.7470097861544038,0.7518959913326111,0.7033318119580101,0.7033318119580101,0.7033318119580101,0.5699588477366255,0.7033318119580101,0.7033318119580101,0.6846057571964956,0.5061488673139158,0.48422408242112036,0.7189249720044792,0.6028416779431665,0.6760343481654957,0.720467032967033,0.720467032967033,0.44561186650185414,0.7284974093264249,0.7245111731843575,0.45251752708731674,0.5669724770642202,0.7414990859232176,0.48241539482415396,0.6294760648322654,0.4863498483316482,0.6294760648322654,0.6294760648322654,0.49925779317169716,0.5921155347384855,0.508891928864569,0.7464890169247389,0.7464890169247389,0.676556623485165,0.6412322274881517,0.6412322274881517,0.7163984341017834,0.6842601319509896,0.4435064935064935,0.4435064935064935,0.5198630136986302,0.4801980198019802,0.7255291005291005,0.688293370944993,0.6249449096518289,0.7170837867247007,0.5312290127602417,0.5037904893177119,0.48194353250164146,0.46588559614059266,0.471872931833223,0.5441465009810333,0.519053876478318
Faecalibacterium prausnitzii_C,0.5069278547539418,0.0,0.0,0.0,0.0,0.0,0.0,0.0,0.0,0.0,0.0,0.31532779316712833,0.31532779316712833,0.5552353506243997,0.6103896103896104,0.6103896103896104,0.2009411764705883,0.4722624216111915,0.4722624216111915,0.291077738515901,0.4661134163208852,0.4661134163208852,0.5258460394198587,0.34976425203600514,0.29978494623655916,0.4835876098012021,0.35642661804922515,0.3281703775411423,0.3281703775411423,0.5,0.4005624748895139,0.4043737574552684,0.38807298620382735,0.3596230158730159,0.30750721847930707,0.30750721847930707,0.410610789121712,0.5043436293436294,0.40463814474210313,0.35218165627782727,0.5143832276938078,0.34650967199327165,0.4494760479041916,0.45802583025830257,0.5165925419089976,0.49874776386404296,0.5945217781769196,0.5158813263525306,0.49874776386404296,0.5177892918825562,0.49230205278592376,0.5052453468697123,0.5032769920662297,0.5339398180545836,0.5165975103734439,0.6034635879218473,0.6050788091068301,0.6058073031236252,0.5177892918825562,0.5052453468697123,0.4965277777777778,0.5254237288135593,0.515212981744422,0.5337098482174374,0.6097560975609756,0.527208480565371,0.5368679775280899,0.4234354194407457,0.4234354194407457,0.4234354194407457,0.6755092373282805,0.4234354194407457,0.4234354194407457,0.46848989298454224,0.5945065176908753,0.5882081989866421,0.5287642045454546,0.6799809795530195,0.46960089518836257,0.5060606060606061,0.5060606060606061,0.565584704313028,0.5066303978238694,0.5070133424563804,0.5992860330209728,0.6486725663716815,0.5350970017636685,0.5924882629107981,0.38880652335063015,0.5555555555555556,0.38880652335063015,0.38880652335063015,0.5622119815668203,0.3754702784048156,0.5507826720058245,0.5182043124779074,0.5182043124779074,0.41065573770491803,0.38319023949389963,0.38319023949389963,0.5328525641025641,0.501710863986313,0.5537459283387622,0.5537459283387622,0.62320230105465,0.6190246257846451,0.5101174934725848,0.434257602862254,0.3656143344709898,0.4774193548387097,0.6027000964320155,0.643126177024482,0.5760715967969854,0.5933908045977012,0.5881252921926134,0.6390176088971269,0.6033914272256241
Faecalibacterium prausnitzii,0.5069278547539418,0.0,0.0,0.0,0.0,0.0,0.0,0.0,0.0,0.0,0.0,0.31532779316712833,0.31532779316712833,0.5552353506243997,0.6103896103896104,0.6103896103896104,0.2009411764705883,0.4722624216111915,0.4722624216111915,0.291077738515901,0.4661134163208852,0.4661134163208852,0.5258460394198587,0.34976425203600514,0.29978494623655916,0.4835876098012021,0.35642661804922515,0.3281703775411423,0.3281703775411423,0.5,0.4005624748895139,0.4043737574552684,0.38807298620382735,0.3596230158730159,0.30750721847930707,0.30750721847930707,0.410610789121712,0.5043436293436294,0.40463814474210313,0.35218165627782727,0.5143832276938078,0.34650967199327165,0.4494760479041916,0.45802583025830257,0.5165925419089976,0.49874776386404296,0.5945217781769196,0.5158813263525306,0.49874776386404296,0.5177892918825562,0.49230205278592376,0.5052453468697123,0.5032769920662297,0.5339398180545836,0.5165975103734439,0.6034635879218473,0.6050788091068301,0.6058073031236252,0.5177892918825562,0.5052453468697123,0.4965277777777778,0.5254237288135593,0.515212981744422,0.5337098482174374,0.6097560975609756,0.527208480565371,0.5368679775280899,0.4234354194407457,0.4234354194407457,0.4234354194407457,0.6755092373282805,0.4234354194407457,0.4234354194407457,0.46848989298454224,0.5945065176908753,0.5882081989866421,0.5287642045454546,0.6799809795530195,0.46960089518836257,0.5060606060606061,0.5060606060606061,0.565584704313028,0.5066303978238694,0.5070133424563804,0.5992860330209728,0.6486725663716815,0.5350970017636685,0.5924882629107981,0.38880652335063015,0.5555555555555556,0.38880652335063015,0.38880652335063015,0.5622119815668203,0.3754702784048156,0.5507826720058245,0.5182043124779074,0.5182043124779074,0.41065573770491803,0.38319023949389963,0.38319023949389963,0.5328525641025641,0.501710863986313,0.5537459283387622,0.5537459283387622,0.62320230105465,0.6190246257846451,0.5101174934725848,0.434257602862254,0.3656143344709898,0.4774193548387097,0.6027000964320155,0.643126177024482,0.5760715967969854,0.5933908045977012,0.5881252921926134,0.6390176088971269,0.6033914272256241
Faecalibacterium sp900539885,0.5069278547539418,0.0,0.0,0.0,0.0,0.0,0.0,0.0,0.0,0.0,0.0,0.31532779316712833,0.31532779316712833,0.5552353506243997,0.6103896103896104,0.6103896103896104,0.2009411764705883,0.4722624216111915,0.4722624216111915,0.291077738515901,0.4661134163208852,0.4661134163208852,0.5258460394198587,0.34976425203600514,0.29978494623655916,0.4835876098012021,0.35642661804922515,0.3281703775411423,0.3281703775411423,0.5,0.4005624748895139,0.4043737574552684,0.38807298620382735,0.3596230158730159,0.30750721847930707,0.30750721847930707,0.410610789121712,0.5043436293436294,0.40463814474210313,0.35218165627782727,0.5143832276938078,0.34650967199327165,0.4494760479041916,0.45802583025830257,0.5165925419089976,0.49874776386404296,0.5945217781769196,0.5158813263525306,0.49874776386404296,0.5177892918825562,0.49230205278592376,0.5052453468697123,0.5032769920662297,0.5339398180545836,0.5165975103734439,0.6034635879218473,0.6050788091068301,0.6058073031236252,0.5177892918825562,0.5052453468697123,0.4965277777777778,0.5254237288135593,0.515212981744422,0.5337098482174374,0.6097560975609756,0.527208480565371,0.5368679775280899,0.4234354194407457,0.4234354194407457,0.4234354194407457,0.6755092373282805,0.4234354194407457,0.4234354194407457,0.46848989298454224,0.5945065176908753,0.5882081989866421,0.5287642045454546,0.6799809795530195,0.46960089518836257,0.5060606060606061,0.5060606060606061,0.565584704313028,0.5066303978238694,0.5070133424563804,0.5992860330209728,0.6486725663716815,0.5350970017636685,0.5924882629107981,0.38880652335063015,0.5555555555555556,0.38880652335063015,0.38880652335063015,0.5622119815668203,0.3754702784048156,0.5507826720058245,0.5182043124779074,0.5182043124779074,0.41065573770491803,0.38319023949389963,0.38319023949389963,0.5328525641025641,0.501710863986313,0.5537459283387622,0.5537459283387622,0.62320230105465,0.6190246257846451,0.5101174934725848,0.434257602862254,0.3656143344709898,0.4774193548387097,0.6027000964320155,0.643126177024482,0.5760715967969854,0.5933908045977012,0.5881252921926134,0.6390176088971269,0.6033914272256241
Faecalibacterium prausnitzii_G,0.5069278547539418,0.0,0.0,0.0,0.0,0.0,0.0,0.0,0.0,0.0,0.0,0.31532779316712833,0.31532779316712833,0.5552353506243997,0.6103896103896104,0.6103896103896104,0.2009411764705883,0.4722624216111915,0.4722624216111915,0.291077738515901,0.4661134163208852,0.4661134163208852,0.5258460394198587,0.34976425203600514,0.29978494623655916,0.4835876098012021,0.35642661804922515,0.3281703775411423,0.3281703775411423,0.5,0.4005624748895139,0.4043737574552684,0.38807298620382735,0.3596230158730159,0.30750721847930707,0.30750721847930707,0.410610789121712,0.5043436293436294,0.40463814474210313,0.35218165627782727,0.5143832276938078,0.34650967199327165,0.4494760479041916,0.45802583025830257,0.5165925419089976,0.49874776386404296,0.5945217781769196,0.5158813263525306,0.49874776386404296,0.5177892918825562,0.49230205278592376,0.5052453468697123,0.5032769920662297,0.5339398180545836,0.5165975103734439,0.6034635879218473,0.6050788091068301,0.6058073031236252,0.5177892918825562,0.5052453468697123,0.4965277777777778,0.5254237288135593,0.515212981744422,0.5337098482174374,0.6097560975609756,0.527208480565371,0.5368679775280899,0.4234354194407457,0.4234354194407457,0.4234354194407457,0.6755092373282805,0.4234354194407457,0.4234354194407457,0.46848989298454224,0.5945065176908753,0.5882081989866421,0.5287642045454546,0.6799809795530195,0.46960089518836257,0.5060606060606061,0.5060606060606061,0.565584704313028,0.5066303978238694,0.5070133424563804,0.5992860330209728,0.6486725663716815,0.5350970017636685,0.5924882629107981,0.38880652335063015,0.5555555555555556,0.38880652335063015,0.38880652335063015,0.5622119815668203,0.3754702784048156,0.5507826720058245,0.5182043124779074,0.5182043124779074,0.41065573770491803,0.38319023949389963,0.38319023949389963,0.5328525641025641,0.501710863986313,0.5537459283387622,0.5537459283387622,0.62320230105465,0.6190246257846451,0.5101174934725848,0.434257602862254,0.3656143344709898,0.4774193548387097,0.6027000964320155,0.643126177024482,0.5760715967969854,0.5933908045977012,0.5881252921926134,0.6390176088971269,0.6033914272256241
Faecalibacterium prausnitzii_J,0.5069278547539418,0.0,0.0,0.0,0.0,0.0,0.0,0.0,0.0,0.0,0.0,0.31532779316712833,0.31532779316712833,0.5552353506243997,0.6103896103896104,0.6103896103896104,0.2009411764705883,0.4722624216111915,0.4722624216111915,0.291077738515901,0.4661134163208852,0.4661134163208852,0.5258460394198587,0.34976425203600514,0.29978494623655916,0.4835876098012021,0.35642661804922515,0.3281703775411423,0.3281703775411423,0.5,0.4005624748895139,0.4043737574552684,0.38807298620382735,0.3596230158730159,0.30750721847930707,0.30750721847930707,0.410610789121712,0.5043436293436294,0.40463814474210313,0.35218165627782727,0.5143832276938078,0.34650967199327165,0.4494760479041916,0.45802583025830257,0.5165925419089976,0.49874776386404296,0.5945217781769196,0.5158813263525306,0.49874776386404296,0.5177892918825562,0.49230205278592376,0.5052453468697123,0.5032769920662297,0.5339398180545836,0.5165975103734439,0.6034635879218473,0.6050788091068301,0.6058073031236252,0.5177892918825562,0.5052453468697123,0.4965277777777778,0.5254237288135593,0.515212981744422,0.5337098482174374,0.6097560975609756,0.527208480565371,0.5368679775280899,0.4234354194407457,0.4234354194407457,0.4234354194407457,0.6755092373282805,0.4234354194407457,0.4234354194407457,0.46848989298454224,0.5945065176908753,0.5882081989866421,0.5287642045454546,0.6799809795530195,0.46960089518836257,0.5060606060606061,0.5060606060606061,0.565584704313028,0.5066303978238694,0.5070133424563804,0.5992860330209728,0.6486725663716815,0.5350970017636685,0.5924882629107981,0.38880652335063015,0.5555555555555556,0.38880652335063015,0.38880652335063015,0.5622119815668203,0.3754702784048156,0.5507826720058245,0.5182043124779074,0.5182043124779074,0.41065573770491803,0.38319023949389963,0.38319023949389963,0.5328525641025641,0.501710863986313,0.5537459283387622,0.5537459283387622,0.62320230105465,0.6190246257846451,0.5101174934725848,0.434257602862254,0.3656143344709898,0.4774193548387097,0.6027000964320155,0.643126177024482,0.5760715967969854,0.5933908045977012,0.5881252921926134,0.6390176088971269,0.6033914272256241
Faecalibacterium prausnitzii_A,0.5069278547539418,0.0,0.0,0.0,0.0,0.0,0.0,0.0,0.0,0.0,0.0,0.31532779316712833,0.31532779316712833,0.5552353506243997,0.6103896103896104,0.6103896103896104,0.2009411764705883,0.4722624216111915,0.4722624216111915,0.291077738515901,0.4661134163208852,0.4661134163208852,0.5258460394198587,0.34976425203600514,0.29978494623655916,0.4835876098012021,0.35642661804922515,0.3281703775411423,0.3281703775411423,0.5,0.4005624748895139,0.4043737574552684,0.38807298620382735,0.3596230158730159,0.30750721847930707,0.30750721847930707,0.410610789121712,0.5043436293436294,0.40463814474210313,0.35218165627782727,0.5143832276938078,0.34650967199327165,0.4494760479041916,0.45802583025830257,0.5165925419089976,0.49874776386404296,0.5945217781769196,0.5158813263525306,0.49874776386404296,0.5177892918825562,0.49230205278592376,0.5052453468697123,0.5032769920662297,0.5339398180545836,0.5165975103734439,0.6034635879218473,0.6050788091068301,0.6058073031236252,0.5177892918825562,0.5052453468697123,0.4965277777777778,0.5254237288135593,0.515212981744422,0.5337098482174374,0.6097560975609756,0.527208480565371,0.5368679775280899,0.4234354194407457,0.4234354194407457,0.4234354194407457,0.6755092373282805,0.4234354194407457,0.4234354194407457,0.46848989298454224,0.5945065176908753,0.5882081989866421,0.5287642045454546,0.6799809795530195,0.46960089518836257,0.5060606060606061,0.5060606060606061,0.565584704313028,0.5066303978238694,0.5070133424563804,0.5992860330209728,0.6486725663716815,0.5350970017636685,0.5924882629107981,0.38880652335063015,0.5555555555555556,0.38880652335063015,0.38880652335063015,0.5622119815668203,0.3754702784048156,0.5507826720058245,0.5182043124779074,0.5182043124779074,0.41065573770491803,0.38319023949389963,0.38319023949389963,0.5328525641025641,0.501710863986313,0.5537459283387622,0.5537459283387622,0.62320230105465,0.6190246257846451,0.5101174934725848,0.434257602862254,0.3656143344709898,0.4774193548387097,0.6027000964320155,0.643126177024482,0.5760715967969854,0.5933908045977012,0.5881252921926134,0.6390176088971269,0.6033914272256241
Faecalibacterium sp900758465,0.5069278547539418,0.0,0.0,0.0,0.0,0.0,0.0,0.0,0.0,0.0,0.0,0.31532779316712833,0.31532779316712833,0.5552353506243997,0.6103896103896104,0.6103896103896104,0.2009411764705883,0.4722624216111915,0.4722624216111915,0.291077738515901,0.4661134163208852,0.4661134163208852,0.5258460394198587,0.34976425203600514,0.29978494623655916,0.4835876098012021,0.35642661804922515,0.3281703775411423,0.3281703775411423,0.5,0.4005624748895139,0.4043737574552684,0.38807298620382735,0.3596230158730159,0.30750721847930707,0.30750721847930707,0.410610789121712,0.5043436293436294,0.40463814474210313,0.35218165627782727,0.5143832276938078,0.34650967199327165,0.4494760479041916,0.45802583025830257,0.5165925419089976,0.49874776386404296,0.5945217781769196,0.5158813263525306,0.49874776386404296,0.5177892918825562,0.49230205278592376,0.5052453468697123,0.5032769920662297,0.5339398180545836,0.5165975103734439,0.6034635879218473,0.6050788091068301,0.6058073031236252,0.5177892918825562,0.5052453468697123,0.4965277777777778,0.5254237288135593,0.515212981744422,0.5337098482174374,0.6097560975609756,0.527208480565371,0.5368679775280899,0.4234354194407457,0.4234354194407457,0.4234354194407457,0.6755092373282805,0.4234354194407457,0.4234354194407457,0.46848989298454224,0.5945065176908753,0.5882081989866421,0.5287642045454546,0.6799809795530195,0.46960089518836257,0.5060606060606061,0.5060606060606061,0.565584704313028,0.5066303978238694,0.5070133424563804,0.5992860330209728,0.6486725663716815,0.5350970017636685,0.5924882629107981,0.38880652335063015,0.5555555555555556,0.38880652335063015,0.38880652335063015,0.5622119815668203,0.3754702784048156,0.5507826720058245,0.5182043124779074,0.5182043124779074,0.41065573770491803,0.38319023949389963,0.38319023949389963,0.5328525641025641,0.501710863986313,0.5537459283387622,0.5537459283387622,0.62320230105465,0.6190246257846451,0.5101174934725848,0.434257602862254,0.3656143344709898,0.4774193548387097,0.6027000964320155,0.643126177024482,0.5760715967969854,0.5933908045977012,0.5881252921926134,0.6390176088971269,0.6033914272256241
Faecalibacterium prausnitzii_H,0.5069278547539418,0.0,0.0,0.0,0.0,0.0,0.0,0.0,0.0,0.0,0.0,0.31532779316712833,0.31532779316712833,0.5552353506243997,0.6103896103896104,0.6103896103896104,0.2009411764705883,0.4722624216111915,0.4722624216111915,0.291077738515901,0.4661134163208852,0.4661134163208852,0.5258460394198587,0.34976425203600514,0.29978494623655916,0.4835876098012021,0.35642661804922515,0.3281703775411423,0.3281703775411423,0.5,0.4005624748895139,0.4043737574552684,0.38807298620382735,0.3596230158730159,0.30750721847930707,0.30750721847930707,0.410610789121712,0.5043436293436294,0.40463814474210313,0.35218165627782727,0.5143832276938078,0.34650967199327165,0.4494760479041916,0.45802583025830257,0.5165925419089976,0.49874776386404296,0.5945217781769196,0.5158813263525306,0.49874776386404296,0.5177892918825562,0.49230205278592376,0.5052453468697123,0.5032769920662297,0.5339398180545836,0.5165975103734439,0.6034635879218473,0.6050788091068301,0.6058073031236252,0.5177892918825562,0.5052453468697123,0.4965277777777778,0.5254237288135593,0.515212981744422,0.5337098482174374,0.6097560975609756,0.527208480565371,0.5368679775280899,0.4234354194407457,0.4234354194407457,0.4234354194407457,0.6755092373282805,0.4234354194407457,0.4234354194407457,0.46848989298454224,0.5945065176908753,0.5882081989866421,0.5287642045454546,0.6799809795530195,0.46960089518836257,0.5060606060606061,0.5060606060606061,0.565584704313028,0.5066303978238694,0.5070133424563804,0.5992860330209728,0.6486725663716815,0.5350970017636685,0.5924882629107981,0.38880652335063015,0.5555555555555556,0.38880652335063015,0.38880652335063015,0.5622119815668203,0.3754702784048156,0.5507826720058245,0.5182043124779074,0.5182043124779074,0.41065573770491803,0.38319023949389963,0.38319023949389963,0.5328525641025641,0.501710863986313,0.5537459283387622,0.5537459283387622,0.62320230105465,0.6190246257846451,0.5101174934725848,0.434257602862254,0.3656143344709898,0.4774193548387097,0.6027000964320155,0.643126177024482,0.5760715967969854,0.5933908045977012,0.5881252921926134,0.6390176088971269,0.6033914272256241
Faecalibacterium prausnitzii_E,0.5069278547539418,0.0,0.0,0.0,0.0,0.0,0.0,0.0,0.0,0.0,0.0,0.31532779316712833,0.31532779316712833,0.5552353506243997,0.6103896103896104,0.6103896103896104,0.2009411764705883,0.4722624216111915,0.4722624216111915,0.291077738515901,0.4661134163208852,0.4661134163208852,0.5258460394198587,0.34976425203600514,0.29978494623655916,0.4835876098012021,0.35642661804922515,0.3281703775411423,0.3281703775411423,0.5,0.4005624748895139,0.4043737574552684,0.38807298620382735,0.3596230158730159,0.30750721847930707,0.30750721847930707,0.410610789121712,0.5043436293436294,0.40463814474210313,0.35218165627782727,0.5143832276938078,0.34650967199327165,0.4494760479041916,0.45802583025830257,0.5165925419089976,0.49874776386404296,0.5945217781769196,0.5158813263525306,0.49874776386404296,0.5177892918825562,0.49230205278592376,0.5052453468697123,0.5032769920662297,0.5339398180545836,0.5165975103734439,0.6034635879218473,0.6050788091068301,0.6058073031236252,0.5177892918825562,0.5052453468697123,0.4965277777777778,0.5254237288135593,0.515212981744422,0.5337098482174374,0.6097560975609756,0.527208480565371,0.5368679775280899,0.4234354194407457,0.4234354194407457,0.4234354194407457,0.6755092373282805,0.4234354194407457,0.4234354194407457,0.46848989298454224,0.5945065176908753,0.5882081989866421,0.5287642045454546,0.6799809795530195,0.46960089518836257,0.5060606060606061,0.5060606060606061,0.565584704313028,0.5066303978238694,0.5070133424563804,0.5992860330209728,0.6486725663716815,0.5350970017636685,0.5924882629107981,0.38880652335063015,0.5555555555555556,0.38880652335063015,0.38880652335063015,0.5622119815668203,0.3754702784048156,0.5507826720058245,0.5182043124779074,0.5182043124779074,0.41065573770491803,0.38319023949389963,0.38319023949389963,0.5328525641025641,0.501710863986313,0.5537459283387622,0.5537459283387622,0.62320230105465,0.6190246257846451,0.5101174934725848,0.434257602862254,0.3656143344709898,0.4774193548387097,0.6027000964320155,0.643126177024482,0.5760715967969854,0.5933908045977012,0.5881252921926134,0.6390176088971269,0.6033914272256241
Faecalibacterium prausnitzii_F,0.5069278547539418,0.0,0.0,0.0,0.0,0.0,0.0,0.0,0.0,0.0,0.0,0.31532779316712833,0.31532779316712833,0.5552353506243997,0.6103896103896104,0.6103896103896104,0.2009411764705883,0.4722624216111915,0.4722624216111915,0.291077738515901,0.4661134163208852,0.4661134163208852,0.5258460394198587,0.34976425203600514,0.29978494623655916,0.4835876098012021,0.35642661804922515,0.3281703775411423,0.3281703775411423,0.5,0.4005624748895139,0.4043737574552684,0.38807298620382735,0.3596230158730159,0.30750721847930707,0.30750721847930707,0.410610789121712,0.5043436293436294,0.40463814474210313,0.35218165627782727,0.5143832276938078,0.34650967199327165,0.4494760479041916,0.45802583025830257,0.5165925419089976,0.49874776386404296,0.5945217781769196,0.5158813263525306,0.49874776386404296,0.5177892918825562,0.49230205278592376,0.5052453468697123,0.5032769920662297,0.5339398180545836,0.5165975103734439,0.6034635879218473,0.6050788091068301,0.6058073031236252,0.5177892918825562,0.5052453468697123,0.4965277777777778,0.5254237288135593,0.515212981744422,0.5337098482174374,0.6097560975609756,0.527208480565371,0.5368679775280899,0.4234354194407457,0.4234354194407457,0.4234354194407457,0.6755092373282805,0.4234354194407457,0.4234354194407457,0.46848989298454224,0.5945065176908753,0.5882081989866421,0.5287642045454546,0.6799809795530195,0.46960089518836257,0.5060606060606061,0.5060606060606061,0.565584704313028,0.5066303978238694,0.5070133424563804,0.5992860330209728,0.6486725663716815,0.5350970017636685,0.5924882629107981,0.38880652335063015,0.5555555555555556,0.38880652335063015,0.38880652335063015,0.5622119815668203,0.3754702784048156,0.5507826720058245,0.5182043124779074,0.5182043124779074,0.41065573770491803,0.38319023949389963,0.38319023949389963,0.5328525641025641,0.501710863986313,0.5537459283387622,0.5537459283387622,0.62320230105465,0.6190246257846451,0.5101174934725848,0.434257602862254,0.3656143344709898,0.4774193548387097,0.6027000964320155,0.643126177024482,0.5760715967969854,0.5933908045977012,0.5881252921926134,0.6390176088971269,0.6033914272256241
Gemmiger formicilis,0.6042755344418052,0.31532779316712833,0.31532779316712833,0.31532779316712833,0.31532779316712833,0.31532779316712833,0.31532779316712833,0.31532779316712833,0.31532779316712833,0.31532779316712833,0.31532779316712833,0.0,0.0,0.5238095238095238,0.4750271444082519,0.4750271444082519,0.3366880146386093,0.5930122757318225,0.5930122757318225,0.2160852713178295,0.3862514242309153,0.3862514242309153,0.40968421052631576,0.24400767018216685,0.3104531179901301,0.5979147778785132,0.22481827622014539,0.295774647887324,0.295774647887324,0.6129184347006129,0.26837060702875404,0.2812219227313567,0.29528535980148884,0.32707774798927614,0.29405737704918034,0.29405737704918034,0.27300613496932513,0.6086956521739131,0.40210084033613447,0.3178554332216371,0.5707146426786607,0.3465783664459161,0.3990287333063537,0.5898123324396782,0.45532390171258375,0.4315336463223787,0.6640944167044939,0.4514285714285714,0.4315336463223787,0.46808510638297873,0.43273453093812375,0.4784172661870504,0.47352941176470587,0.46569566883863545,0.45169811320754716,0.6687668766876688,0.6724214254094731,0.6764314247669774,0.46808510638297873,0.4784172661870504,0.4768382352941176,0.45430413348502086,0.47479143997098294,0.4606131160263873,0.6809843400447427,0.4473478939157566,0.4680523479599692,0.31665832916458225,0.31665832916458225,0.31665832916458225,0.7045680238331677,0.31665832916458225,0.31665832916458225,0.5131419328750506,0.6741573033707865,0.666975451597962,0.49065242273941245,0.7176820208023774,0.43485211830535575,0.47560975609756095,0.47560975609756095,0.6396598030438675,0.44776670358065707,0.4437406855439643,0.6726618705035972,0.6842588343276732,0.4704974932510605,0.6734308636149127,0.4407796101949025,0.6406491499227203,0.4407796101949025,0.4407796101949025,0.6439191765154404,0.3561480302427378,0.63328530259366,0.47312237895539455,0.47312237895539455,0.29120370370370374,0.19050160085378864,0.19050160085378864,0.3986175115207373,0.4633920296570899,0.645804357904497,0.645804357904497,0.6209553158705701,0.6334355828220859,0.47986111111111107,0.2864529472595657,0.3090487238979118,0.4374759522893421,0.6238578680203046,0.7055715658021133,0.6546489563567363,0.6118122160524988,0.6847725162488394,0.6637512147716229,0.654721549636804
Gemmiger sp900540775,0.6042755344418052,0.31532779316712833,0.31532779316712833,0.31532779316712833,0.31532779316712833,0.31532779316712833,0.31532779316712833,0.31532779316712833,0.31532779316712833,0.31532779316712833,0.31532779316712833,0.0,0.0,0.5238095238095238,0.4750271444082519,0.4750271444082519,0.3366880146386093,0.5930122757318225,0.5930122757318225,0.2160852713178295,0.3862514242309153,0.3862514242309153,0.40968421052631576,0.24400767018216685,0.3104531179901301,0.5979147778785132,0.22481827622014539,0.295774647887324,0.295774647887324,0.6129184347006129,0.26837060702875404,0.2812219227313567,0.29528535980148884,0.32707774798927614,0.29405737704918034,0.29405737704918034,0.27300613496932513,0.6086956521739131,0.40210084033613447,0.3178554332216371,0.5707146426786607,0.3465783664459161,0.3990287333063537,0.5898123324396782,0.45532390171258375,0.4315336463223787,0.6640944167044939,0.4514285714285714,0.4315336463223787,0.46808510638297873,0.43273453093812375,0.4784172661870504,0.47352941176470587,0.46569566883863545,0.45169811320754716,0.6687668766876688,0.6724214254094731,0.6764314247669774,0.46808510638297873,0.4784172661870504,0.4768382352941176,0.45430413348502086,0.47479143997098294,0.4606131160263873,0.6809843400447427,0.4473478939157566,0.4680523479599692,0.31665832916458225,0.31665832916458225,0.31665832916458225,0.7045680238331677,0.31665832916458225,0.31665832916458225,0.5131419328750506,0.6741573033707865,0.666975451597962,0.49065242273941245,0.7176820208023774,0.43485211830535575,0.47560975609756095,0.47560975609756095,0.6396598030438675,0.44776670358065707,0.4437406855439643,0.6726618705035972,0.6842588343276732,0.4704974932510605,0.6734308636149127,0.4407796101949025,0.6406491499227203,0.4407796101949025,0.4407796101949025,0.6439191765154404,0.3561480302427378,0.63328530259366,0.47312237895539455,0.47312237895539455,0.29120370370370374,0.19050160085378864,0.19050160085378864,0.3986175115207373,0.4633920296570899,0.645804357904497,0.645804357904497,0.6209553158705701,0.6334355828220859,0.47986111111111107,0.2864529472595657,0.3090487238979118,0.4374759522893421,0.6238578680203046,0.7055715658021133,0.6546489563567363,0.6118122160524988,0.6847725162488394,0.6637512147716229,0.654721549636804
Anaerotruncus colihominis,0.44165535956580737,0.5552353506243997,0.5552353506243997,0.5552353506243997,0.5552353506243997,0.5552353506243997,0.5552353506243997,0.5552353506243997,0.5552353506243997,0.5552353506243997,0.5552353506243997,0.5238095238095238,0.5238095238095238,0.0,0.5546666666666666,0.5546666666666666,0.5662996649114409,0.44584717607973423,0.44584717607973423,0.5849232201023732,0.6587360594795539,0.6587360594795539,0.6728734659331359,0.5858680393074404,0.6129604971149578,0.4675,0.6172224987555999,0.5728260869565218,0.5728260869565218,0.4841897233201581,0.601153504880213,0.6109899694723071,0.576668364747835,0.500302480338778,0.5612627073301231,0.5612627073301231,0.525323275862069,0.44345442083618913,0.6305760069294066,0.5642178910544728,0.3850072780203785,0.5722171113155474,0.6301652892561984,0.44465058750773034,0.7088700772911299,0.6925465838509317,0.5234124438742784,0.7054820415879017,0.6925465838509317,0.7259013980868285,0.6907134316460741,0.7103844771828962,0.7214129643117262,0.7226443768996961,0.70093808630394,0.5307545973367153,0.5344934742075824,0.5423412204234122,0.7259013980868285,0.7103844771828962,0.716275659824047,0.7115528882220555,0.7189072609633358,0.7187981510015409,0.551789077212806,0.7089292616930808,0.717249327698809,0.6718673817649927,0.6718673817649927,0.6718673817649927,0.5486725663716814,0.6718673817649927,0.6718673817649927,0.7075351213282248,0.5373831775700935,0.5116433799068529,0.7443181818181819,0.5634218289085546,0.7024564183835182,0.7119914346895075,0.7119914346895075,0.4889729048519219,0.6925898752751284,0.6913397483345669,0.49151436031331597,0.5364891518737673,0.7250766871165644,0.48463687150837986,0.6057844690966719,0.507005708354956,0.6057844690966719,0.6057844690966719,0.505381855458739,0.6227308602999211,0.5204129516658846,0.7174990468928708,0.7174990468928708,0.6408199643493762,0.5976542580316165,0.5976542580316165,0.6897827092001849,0.6441966548403446,0.5107772697583279,0.5107772697583279,0.4596834966088922,0.43330763299922903,0.715807560137457,0.6588058203712995,0.6268861454046639,0.6971428571428571,0.4377358490566038,0.5191059841384282,0.48725017229496903,0.3998482549317147,0.518918918918919,0.4605839416058394,0.4992977528089888
Ruminococcus_E bromii_B,0.6487285629804849,0.6103896103896104,0.6103896103896104,0.6103896103896104,0.6103896103896104,0.6103896103896104,0.6103896103896104,0.6103896103896104,0.6103896103896104,0.6103896103896104,0.6103896103896104,0.4750271444082519,0.4750271444082519,0.5546666666666666,0.0,0.0,0.6119125174499767,0.6099163679808841,0.6099163679808841,0.48018063221274465,0.6206367472190257,0.6206367472190257,0.5656565656565656,0.5281173594132029,0.5791875855773619,0.6261261261261262,0.48355263157894735,0.5660998354360943,0.5660998354360943,0.5817843866171004,0.5498614958448753,0.5478260869565217,0.4797814207650273,0.522754491017964,0.579840848806366,0.579840848806366,0.44196683819325333,0.6072749691738595,0.5798016230838594,0.5191511387163561,0.5761290322580646,0.5428840716305372,0.6512862392813393,0.6404128191200434,0.6306306306306306,0.6137959520859149,0.6328358208955224,0.6286173633440515,0.6137959520859149,0.6256471525288729,0.5898319689788885,0.6284509202453987,0.6557817902420284,0.6259228876127974,0.6238532110091743,0.6336692353289863,0.6288720046756282,0.6291936433195997,0.6256471525288729,0.6284509202453987,0.651468315301391,0.6340782122905029,0.645825390773923,0.625466611364579,0.631484794275492,0.6104384133611691,0.6212184003315375,0.5090709180868609,0.5090709180868609,0.5090709180868609,0.6397774687065368,0.5090709180868609,0.5090709180868609,0.6852173913043478,0.6389756402248594,0.6374770361298224,0.6616693679092382,0.6318021201413427,0.6324392288348701,0.6608339538346985,0.6608339538346985,0.6557746478873239,0.6396016851780927,0.6388567014291232,0.6989247311827957,0.6466992665036675,0.6516076516076517,0.6461731493099121,0.6790960451977401,0.6797235023041475,0.6790960451977401,0.6790960451977401,0.6817975487970949,0.6187450357426529,0.6917950853810912,0.6279164961113386,0.6279164961113386,0.5429256594724221,0.4897959183673469,0.4897959183673469,0.6077947705969413,0.664493480441324,0.6025878003696858,0.6025878003696858,0.5598866052445075,0.5844428871758935,0.6691675598428011,0.5403181568842568,0.5606352261790183,0.6307754118119726,0.539389638041164,0.6688396349413299,0.6174794173527549,0.5991983967935872,0.6211258697027198,0.6149273447820344,0.5747820254862508
Ruminococcus_E bromii,0.6487285629804849,0.6103896103896104,0.6103896103896104,0.6103896103896104,0.6103896103896104,0.6103896103896104,0.6103896103896104,0.6103896103896104,0.6103896103896104,0.6103896103896104,0.6103896103896104,0.4750271444082519,0.4750271444082519,0.5546666666666666,0.0,0.0,0.6119125174499767,0.6099163679808841,0.6099163679808841,0.48018063221274465,0.6206367472190257,0.6206367472190257,0.5656565656565656,0.5281173594132029,0.5791875855773619,0.6261261261261262,0.48355263157894735,0.5660998354360943,0.5660998354360943,0.5817843866171004,0.5498614958448753,0.5478260869565217,0.4797814207650273,0.522754491017964,0.579840848806366,0.579840848806366,0.44196683819325333,0.6072749691738595,0.5798016230838594,0.5191511387163561,0.5761290322580646,0.5428840716305372,0.6512862392813393,0.6404128191200434,0.6306306306306306,0.6137959520859149,0.6328358208955224,0.6286173633440515,0.6137959520859149,0.6256471525288729,0.5898319689788885,0.6284509202453987,0.6557817902420284,0.6259228876127974,0.6238532110091743,0.6336692353289863,0.6288720046756282,0.6291936433195997,0.6256471525288729,0.6284509202453987,0.651468315301391,0.6340782122905029,0.645825390773923,0.625466611364579,0.631484794275492,0.6104384133611691,0.6212184003315375,0.5090709180868609,0.5090709180868609,0.5090709180868609,0.6397774687065368,0.5090709180868609,0.5090709180868609,0.6852173913043478,0.6389756402248594,0.6374770361298224,0.6616693679092382,0.6318021201413427,0.6324392288348701,0.6608339538346985,0.6608339538346985,0.6557746478873239,0.6396016851780927,0.6388567014291232,0.6989247311827957,0.6466992665036675,0.6516076516076517,0.6461731493099121,0.6790960451977401,0.6797235023041475,0.6790960451977401,0.6790960451977401,0.6817975487970949,0.6187450357426529,0.6917950853810912,0.6279164961113386,0.6279164961113386,0.5429256594724221,0.4897959183673469,0.4897959183673469,0.6077947705969413,0.664493480441324,0.6025878003696858,0.6025878003696858,0.5598866052445075,0.5844428871758935,0.6691675598428011,0.5403181568842568,0.5606352261790183,0.6307754118119726,0.539389638041164,0.6688396349413299,0.6174794173527549,0.5991983967935872,0.6211258697027198,0.6149273447820344,0.5747820254862508
Blautia_A obeum,0.5045651129264777,0.2009411764705883,0.2009411764705883,0.2009411764705883,0.2009411764705883,0.2009411764705883,0.2009411764705883,0.2009411764705883,0.2009411764705883,0.2009411764705883,0.2009411764705883,0.3366880146386093,0.3366880146386093,0.5662996649114409,0.6119125174499767,0.6119125174499767,0.0,0.3940936863543788,0.3940936863543788,0.28240534521158134,0.43044712562100784,0.43044712562100784,0.4821359969266231,0.29314946619217086,0.2794759825327511,0.4368421052631579,0.31235321747299205,0.2990608007909046,0.2990608007909046,0.4814814814814815,0.39417239983812224,0.40700915969733176,0.3640072529465095,0.3405541561712846,0.2506240639041438,0.2506240639041438,0.38177676537585425,0.48204623708804717,0.35457178320231697,0.3159817351598173,0.5032067094227923,0.321627408993576,0.4182305630026809,0.45044206607724524,0.49843695727683224,0.4920692141312184,0.5786593707250343,0.5100175746924429,0.4920692141312184,0.503149055283415,0.4797923618835743,0.49487354750512647,0.4884696016771488,0.5103423680456491,0.5008762705923588,0.5718194254445965,0.5860071301247771,0.5764546684709067,0.503149055283415,0.49487354750512647,0.47724867724867726,0.5045742434904996,0.5003424657534247,0.5039739884393064,0.5744292237442923,0.5053956834532374,0.5062927004674578,0.40657361548851867,0.40657361548851867,0.40657361548851867,0.65620473201352,0.40657361548851867,0.40657361548851867,0.42494887525562375,0.5773781353525793,0.5691514299109236,0.5117117117117117,0.6735477676428229,0.42933947772657455,0.4880382775119617,0.4880382775119617,0.5355515041020966,0.49673875729488504,0.49133148404993066,0.5719506624029237,0.6183552930486143,0.5193133047210301,0.5819477434679334,0.3779940119760479,0.5487421383647799,0.3779940119760479,0.3779940119760479,0.5561145510835913,0.3618721461187214,0.5341706686368675,0.5037593984962406,0.5037593984962406,0.4028925619834711,0.3556273062730627,0.3556273062730627,0.5462151394422311,0.49374190763918857,0.5550887021475257,0.5550887021475257,0.6221686746987951,0.6259652509652509,0.5016458196181699,0.40585009140767825,0.3254385964912281,0.4727731698521457,0.5857843137254901,0.6298949379178606,0.5528846153846154,0.5743539736713799,0.5789224952741021,0.6233521657250471,0.5982905982905983
Blautia_A wexlerae,0.3269754768392371,0.4722624216111915,0.4722624216111915,0.4722624216111915,0.4722624216111915,0.4722624216111915,0.4722624216111915,0.4722624216111915,0.4722624216111915,0.4722624216111915,0.4722624216111915,0.5930122757318225,0.5930122757318225,0.44584717607973423,0.6099163679808841,0.6099163679808841,0.3940936863543788,0.0,0.0,0.555956678700361,0.6478822684852836,0.6478822684852836,0.658933658933659,0.5619349005424954,0.5072727272727273,0.2788398154251813,0.5920421860019176,0.5855764347384459,0.5855764347384459,0.3022774327122153,0.630272952853598,0.638990638990639,0.5279162512462612,0.5246085011185682,0.5550481988838154,0.5550481988838154,0.5776031434184676,0.27292110874200426,0.5087561742254154,0.48020050125313285,0.312278211497516,0.4942316566682049,0.6440281030444965,0.2770618556701031,0.7019469026548673,0.6951535331113577,0.4224358974358975,0.7097587324450847,0.6951535331113577,0.707351891506067,0.6919863273832131,0.6954403063000347,0.676046176046176,0.709783803591059,0.7053986414015017,0.44374607165304836,0.468978102189781,0.45488257107540175,0.707351891506067,0.6954403063000347,0.6759493670886076,0.7132116004296456,0.6987067458930444,0.711645101663586,0.4510050251256281,0.7140757074604924,0.7168011738811446,0.6571960875640428,0.6571960875640428,0.6571960875640428,0.530062197650311,0.6571960875640428,0.6571960875640428,0.6427357689039932,0.4312416555407209,0.4319371727748691,0.7022786701531565,0.5666666666666667,0.64,0.6834381551362683,0.6834381551362683,0.3598460551635664,0.6927668539325842,0.6897163120567376,0.42875318066157764,0.5130922693266833,0.7081942899517983,0.4316498316498316,0.6057619408642911,0.44626407369498466,0.6057619408642911,0.6057619408642911,0.45554997488699145,0.574609375,0.46808510638297873,0.7,0.7,0.6292182827851345,0.6034565530484878,0.6034565530484878,0.715450643776824,0.6885701064322073,0.40692357935989554,0.40692357935989554,0.5114864864864865,0.46245614035087723,0.6978609625668449,0.6679209783631233,0.5711703569814731,0.683707245310776,0.46063535911602205,0.5047297297297297,0.4158815612382234,0.4508196721311475,0.4440767703507611,0.5176470588235293,0.4754316069057105
Blautia_A wexlerae_B,0.3269754768392371,0.4722624216111915,0.4722624216111915,0.4722624216111915,0.4722624216111915,0.4722624216111915,0.4722624216111915,0.4722624216111915,0.4722624216111915,0.4722624216111915,0.4722624216111915,0.5930122757318225,0.5930122757318225,0.44584717607973423,0.6099163679808841,0.6099163679808841,0.3940936863543788,0.0,0.0,0.555956678700361,0.6478822684852836,0.6478822684852836,0.658933658933659,0.5619349005424954,0.5072727272727273,0.2788398154251813,0.5920421860019176,0.5855764347384459,0.5855764347384459,0.3022774327122153,0.630272952853598,0.638990638990639,0.5279162512462612,0.5246085011185682,0.5550481988838154,0.5550481988838154,0.5776031434184676,0.27292110874200426,0.5087561742254154,0.48020050125313285,0.312278211497516,0.4942316566682049,0.6440281030444965,0.2770618556701031,0.7019469026548673,0.6951535331113577,0.4224358974358975,0.7097587324450847,0.6951535331113577,0.707351891506067,0.6919863273832131,0.6954403063000347,0.676046176046176,0.709783803591059,0.7053986414015017,0.44374607165304836,0.468978102189781,0.45488257107540175,0.707351891506067,0.6954403063000347,0.6759493670886076,0.7132116004296456,0.6987067458930444,0.711645101663586,0.4510050251256281,0.7140757074604924,0.7168011738811446,0.6571960875640428,0.6571960875640428,0.6571960875640428,0.530062197650311,0.6571960875640428,0.6571960875640428,0.6427357689039932,0.4312416555407209,0.4319371727748691,0.7022786701531565,0.5666666666666667,0.64,0.6834381551362683,0.6834381551362683,0.3598460551635664,0.6927668539325842,0.6897163120567376,0.42875318066157764,0.5130922693266833,0.7081942899517983,0.4316498316498316,0.6057619408642911,0.44626407369498466,0.6057619408642911,0.6057619408642911,0.45554997488699145,0.574609375,0.46808510638297873,0.7,0.7,0.6292182827851345,0.6034565530484878,0.6034565530484878,0.715450643776824,0.6885701064322073,0.40692357935989554,0.40692357935989554,0.5114864864864865,0.46245614035087723,0.6978609625668449,0.6679209783631233,0.5711703569814731,0.683707245310776,0.46063535911602205,0.5047297297297297,0.4158815612382234,0.4508196721311475,0.4440767703507611,0.5176470588235293,0.4754316069057105
Agathobacter sp900317585,0.6057395143487858,0.291077738515901,0.291077738515901,0.291077738515901,0.291077738515901,0.291077738515901,0.291077738515901,0.291077738515901,0.291077738515901,0.291077738515901,0.291077738515901,0.2160852713178295,0.2160852713178295,0.5849232201023732,0.48018063221274465,0.48018063221274465,0.28240534521158134,0.555956678700361,0.555956678700361,0.0,0.38722482858173946,0.38722482858173946,0.4082039028275587,0.2703786191536748,0.29512403763900774,0.5738269479121825,0.22660818713450293,0.32355769230769227,0.32355769230769227,0.5672859084730404,0.30561418319966227,0.2834111158252015,0.2611798287345385,0.35629921259842523,0.29572731637061933,0.29572731637061933,0.2874821513564969,0.5711678832116789,0.3646341463414634,0.31269769543605963,0.5206532180595581,0.3163481953290871,0.4024483550114767,0.5603411513859275,0.43517191977077363,0.4202465446395218,0.655187074829932,0.4418181818181818,0.4202465446395218,0.45184389545291803,0.4084452975047984,0.42756183745583043,0.4713286713286713,0.45763330898466037,0.4449640287769784,0.6568047337278107,0.6570713391739675,0.6557514693534845,0.45184389545291803,0.42756183745583043,0.46264975334742775,0.4546762589928057,0.4314073023750443,0.4549815498154982,0.6570580754557016,0.44637573964497046,0.4564498346196252,0.3247663551401869,0.3247663551401869,0.3247663551401869,0.6908838500694123,0.3247663551401869,0.3247663551401869,0.4959475106136627,0.6625766871165644,0.6489315307457479,0.5010768126346016,0.7049331489165513,0.43095599393019723,0.4293745607870696,0.4293745607870696,0.6225697379543533,0.43860268172194783,0.43690010664770706,0.6587737843551797,0.6501967643200699,0.46328928046989726,0.6462706565430996,0.4284176533907428,0.6262403528114664,0.4284176533907428,0.4284176533907428,0.6250455041863852,0.3618222891566265,0.6206185567010309,0.4478324761204996,0.4478324761204996,0.32505353319057817,0.2580800771828268,0.2580800771828268,0.465531561461794,0.5004240882103477,0.615689731159101,0.615689731159101,0.6444237050863275,0.6379472693032016,0.453414059872183,0.3322321849929212,0.31487134757959,0.4202952029520295,0.6194065002355158,0.6922386720502467,0.6020128087831655,0.6134453781512605,0.662724485326325,0.6639676113360324,0.6372727272727272
Mediterraneibacter faecis,0.6938990182328191,0.4661134163208852,0.4661134163208852,0.4661134163208852,0.4661134163208852,0.4661134163208852,0.4661134163208852,0.4661134163208852,0.4661134163208852,0.4661134163208852,0.4661134163208852,0.3862514242309153,0.3862514242309153,0.6587360594795539,0.6206367472190257,0.6206367472190257,0.43044712562100784,0.6478822684852836,0.6478822684852836,0.38722482858173946,0.0,0.0,0.22412451361867702,0.3723482077542063,0.42565698478561553,0.6532454009024644,0.389739663093415,0.4526717557251908,0.4526717557251908,0.6915789473684211,0.27975966954562526,0.29084846239347906,0.46193078324225867,0.5082092401680031,0.4399393709738537,0.4399393709738537,0.44299065420560746,0.6746685775707632,0.37349397590361444,0.4677591734948343,0.6660570592538405,0.45902754165249915,0.22226386806596699,0.6491949297704693,0.29734391169368746,0.37092391304347827,0.7204116638078902,0.29873772791023845,0.37092391304347827,0.3005559416261293,0.375947622329428,0.29295678802313707,0.32006802721088434,0.29233511586452765,0.2908074099965047,0.720532968910147,0.7256815886906766,0.7210722768917543,0.3005559416261293,0.29295678802313707,0.319127173542448,0.28586535072259434,0.2997275204359673,0.2893127024109392,0.7173763736263736,0.29835831548893643,0.2913978494623656,0.4684618222058281,0.4684618222058281,0.4684618222058281,0.7555881275192378,0.4684618222058281,0.4684618222058281,0.4478442280945758,0.7288373726729891,0.7176347095871238,0.3346207865168539,0.7719170607493634,0.3788348845225784,0.30689075630252105,0.30689075630252105,0.6946434663937222,0.289825282631038,0.2865032792544011,0.7243261685431593,0.7228241873470814,0.3085409252669039,0.7281724991162954,0.5219599641469973,0.6882998171846435,0.5219599641469973,0.5219599641469973,0.686819830713422,0.46743533811156124,0.677540415704388,0.2910128388017118,0.2910128388017118,0.2940952380952381,0.4077743902439024,0.4077743902439024,0.3947269303201506,0.4327731092436975,0.7039496679482699,0.7039496679482699,0.7097733184689706,0.7330648114243867,0.32901973471368484,0.4646199925121677,0.4452631578947368,0.39894319682959045,0.6942889137737962,0.7420520231213873,0.6972312117943186,0.6757768625982778,0.7253521126760563,0.725864553314121,0.717164447643037
Mediterraneibacter torques,0.6938990182328191,0.4661134163208852,0.4661134163208852,0.4661134163208852,0.4661134163208852,0.4661134163208852,0.4661134163208852,0.4661134163208852,0.4661134163208852,0.4661134163208852,0.4661134163208852,0.3862514242309153,0.3862514242309153,0.6587360594795539,0.6206367472190257,0.6206367472190257,0.43044712562100784,0.6478822684852836,0.6478822684852836,0.38722482858173946,0.0,0.0,0.22412451361867702,0.3723482077542063,0.42565698478561553,0.6532454009024644,0.389739663093415,0.4526717557251908,0.4526717557251908,0.6915789473684211,0.27975966954562526,0.29084846239347906,0.46193078324225867,0.5082092401680031,0.4399393709738537,0.4399393709738537,0.44299065420560746,0.6746685775707632,0.37349397590361444,0.4677591734948343,0.6660570592538405,0.45902754165249915,0.22226386806596699,0.6491949297704693,0.29734391169368746,0.37092391304347827,0.7204116638078902,0.29873772791023845,0.37092391304347827,0.3005559416261293,0.375947622329428,0.29295678802313707,0.32006802721088434,0.29233511586452765,0.2908074099965047,0.720532968910147,0.7256815886906766,0.7210722768917543,0.3005559416261293,0.29295678802313707,0.319127173542448,0.28586535072259434,0.2997275204359673,0.2893127024109392,0.7173763736263736,0.29835831548893643,0.2913978494623656,0.4684618222058281,0.4684618222058281,0.4684618222058281,0.7555881275192378,0.4684618222058281,0.4684618222058281,0.4478442280945758,0.7288373726729891,0.7176347095871238,0.3346207865168539,0.7719170607493634,0.3788348845225784,0.30689075630252105,0.30689075630252105,0.6946434663937222,0.289825282631038,0.2865032792544011,0.7243261685431593,0.7228241873470814,0.3085409252669039,0.7281724991162954,0.5219599641469973,0.6882998171846435,0.5219599641469973,0.5219599641469973,0.686819830713422,0.46743533811156124,0.677540415704388,0.2910128388017118,0.2910128388017118,0.2940952380952381,0.4077743902439024,0.4077743902439024,0.3947269303201506,0.4327731092436975,0.7039496679482699,0.7039496679482699,0.7097733184689706,0.7330648114243867,0.32901973471368484,0.4646199925121677,0.4452631578947368,0.39894319682959045,0.6942889137737962,0.7420520231213873,0.6972312117943186,0.6757768625982778,0.7253521126760563,0.725864553314121,0.717164447643037
Mediterraneibacter lactaris,0.7013972055888223,0.5258460394198587,0.5258460394198587,0.5258460394198587,0.5258460394198587,0.5258460394198587,0.5258460394198587,0.5258460394198587,0.5258460394198587,0.5258460394198587,0.5258460394198587,0.40968421052631576,0.40968421052631576,0.6728734659331359,0.5656565656565656,0.5656565656565656,0.4821359969266231,0.658933658933659,0.658933658933659,0.4082039028275587,0.22412451361867702,0.22412451361867702,0.0,0.4307692307692308,0.4946514201401697,0.6877165960723912,0.4137638062871708,0.4493506493506494,0.4493506493506494,0.6689824274621986,0.2749790092359362,0.2972861842105263,0.4243697478991597,0.4651474530831099,0.4555084745762712,0.4555084745762712,0.3985255854293148,0.6860749185667753,0.33951612903225803,0.4453917986195697,0.674321503131524,0.4679245283018868,0.23073736536868272,0.6842304776345716,0.2948815889992361,0.38475905864773996,0.7208480565371025,0.29372808726139465,0.38475905864773996,0.2990762124711316,0.38191529950400616,0.30220395965633173,0.3213077790304397,0.28854538248117323,0.28493788819875776,0.7274494556765163,0.7263643351268255,0.7220930232558139,0.2990762124711316,0.30220395965633173,0.32090395480225986,0.2854353768059352,0.3083832335329342,0.27547321788159485,0.7178781925343811,0.28844621513944224,0.2751004016064257,0.47112588284171164,0.47112588284171164,0.47112588284171164,0.7525597269624573,0.47112588284171164,0.47112588284171164,0.4472967716841696,0.7305365066559096,0.7349445324881141,0.32180746561886053,0.7531129240017175,0.3783058643158298,0.2979120059656972,0.2979120059656972,0.7109915449654112,0.28723001136794235,0.2815608263198164,0.7415254237288136,0.7205468435866507,0.2903354632587859,0.7384987893462469,0.5847564832384566,0.7214809873248833,0.5847564832384566,0.5847564832384566,0.7191531591134634,0.5214499501163951,0.7179407176287051,0.31381733021077285,0.31381733021077285,0.3097046413502109,0.4073914911903739,0.4073914911903739,0.3493031358885017,0.39832377591530654,0.7128082736674621,0.7128082736674621,0.7124463519313304,0.7236223835967535,0.3539109084531743,0.48095437421515275,0.47672181608310893,0.4287253141831239,0.6968130921619293,0.7572254335260116,0.7128267973856209,0.6805854498493328,0.7260218535006071,0.7266306605733278,0.7047738693467337
Enterocloster bolteae,0.6104471004869412,0.34976425203600514,0.34976425203600514,0.34976425203600514,0.34976425203600514,0.34976425203600514,0.34976425203600514,0.34976425203600514,0.34976425203600514,0.34976425203600514,0.34976425203600514,0.24400767018216685,0.24400767018216685,0.5858680393074404,0.5281173594132029,0.5281173594132029,0.29314946619217086,0.5619349005424954,0.5619349005424954,0.2703786191536748,0.3723482077542063,0.3723482077542063,0.4307692307692308,0.0,0.2210762331838565,0.4889908256880734,0.2545805207328833,0.31732168850072784,0.31732168850072784,0.6214912280701754,0.3270519262981575,0.35094185094185093,0.3305785123966942,0.39332365747460085,0.29255319148936165,0.29255319148936165,0.32208157524613223,0.6139804096170971,0.3880837359098228,0.3459483526268923,0.5828703703703704,0.31151048352588784,0.4054468738013042,0.5492653414001729,0.4296028880866426,0.4053030303030303,0.627673505019642,0.43679003297911323,0.4053030303030303,0.42595978062157225,0.40594824256469675,0.4353813559322034,0.45033819864720537,0.418359668924003,0.42112986060161406,0.6217277486910995,0.6348122866894198,0.6280172413793104,0.42595978062157225,0.4353813559322034,0.44746247319513943,0.4246777163904236,0.4337006754354782,0.4271698113207547,0.635023840485479,0.43253373313343324,0.4352544910179641,0.3083491461100569,0.3083491461100569,0.3083491461100569,0.6732766761095372,0.3083491461100569,0.3083491461100569,0.47622789783889985,0.6417375727720556,0.6260597947344935,0.4705665930831494,0.6876763875823142,0.4177555726364335,0.4469644103279833,0.4469644103279833,0.6159760785988894,0.44145737530951534,0.4375446109921485,0.659438775510204,0.6484581497797357,0.4753018660812294,0.6725429704715733,0.39432989690721654,0.6091997008227374,0.39432989690721654,0.39432989690721654,0.6086634579785264,0.3344867358708189,0.592814371257485,0.44106745737583397,0.44106745737583397,0.33746262281076467,0.2714148219441771,0.2714148219441771,0.45286195286195285,0.5110076206604572,0.6313020604997808,0.6313020604997808,0.6302800189843379,0.6743542435424354,0.46753681392235613,0.3341232227488151,0.31211589113257243,0.43768328445747806,0.5979778526721233,0.6573945294390358,0.5978762696214219,0.5987654320987654,0.6327174402884181,0.6481905634448007,0.6233826247689465
Enterocloster citroniae,0.5310376076121432,0.29978494623655916,0.29978494623655916,0.29978494623655916,0.29978494623655916,0.29978494623655916,0.29978494623655916,0.29978494623655916,0.29978494623655916,0.29978494623655916,0.29978494623655916,0.3104531179901301,0.3104531179901301,0.6129604971149578,0.5791875855773619,0.5791875855773619,0.2794759825327511,0.5072727272727273,0.5072727272727273,0.29512403763900774,0.42565698478561553,0.42565698478561553,0.4946514201401697,0.2210762331838565,0.0,0.4192647743136343,0.3092643051771117,0.41218319253001334,0.41218319253001334,0.562444641275465,0.39231071008238527,0.39549339549339546,0.3248207885304659,0.44575578756241485,0.38488888888888884,0.38488888888888884,0.3857957036387549,0.5617173524150268,0.3188702415063447,0.2653339391185825,0.5798922800718133,0.2740835464620631,0.46927775781530723,0.44564240790655885,0.47081043956043955,0.4502335609054977,0.6052405498281788,0.47291156938133516,0.4502335609054977,0.4651810584958217,0.43853820598006643,0.4599184782608695,0.42265486725663715,0.4694385216773277,0.4628531566096965,0.5909287257019438,0.597452229299363,0.6046709129511677,0.4651810584958217,0.4599184782608695,0.4258407079646017,0.4690667598741699,0.45529290853031856,0.47627541919372096,0.6084724005134788,0.4750889679715302,0.48031216743526073,0.36715620827770357,0.36715620827770357,0.36715620827770357,0.6824966078697422,0.36715620827770357,0.36715620827770357,0.4533799533799534,0.6018724921979492,0.5907883082373782,0.45147219193020716,0.7107843137254901,0.40574234982999624,0.47283702213279677,0.47283702213279677,0.593013468013468,0.4761743832375802,0.4753317454916638,0.6290526315789473,0.6625896246309574,0.49116607773851595,0.6241166077738516,0.42317202401978105,0.5706806282722513,0.42317202401978105,0.42317202401978105,0.5825991189427313,0.2975047984644914,0.5770833333333334,0.47035853745118916,0.47035853745118916,0.3884630899556273,0.3370837083708371,0.3370837083708371,0.5009916699722332,0.5409109230149134,0.5824175824175823,0.5824175824175823,0.6578356533453076,0.6751223854027593,0.48576972833117726,0.3753929052537045,0.31137724550898205,0.45759717314487636,0.6418918918918919,0.6355777979981801,0.5975882090218847,0.6486725663716815,0.5894784172661871,0.6853207059836419,0.6314387211367674
Enterocloster clostridioformis,0.3500321130378934,0.4835876098012021,0.4835876098012021,0.4835876098012021,0.4835876098012021,0.4835876098012021,0.4835876098012021,0.4835876098012021,0.4835876098012021,0.4835876098012021,0.4835876098012021,0.5979147778785132,0.5979147778785132,0.4675,0.6261261261261262,0.6261261261261262,0.4368421052631579,0.2788398154251813,0.2788398154251813,0.5738269479121825,0.6532454009024644,0.6532454009024644,0.6877165960723912,0.4889908256880734,0.4192647743136343,0.0,0.6066697121973503,0.5932038834951456,0.5932038834951456,0.35800893426930436,0.6451740506329113,0.638976377952756,0.5544554455445545,0.5604395604395604,0.5695652173913044,0.5695652173913044,0.597856477166822,0.34762833008447047,0.5249140893470791,0.49737219302436697,0.39497422680412375,0.4854194706146254,0.6443688586545729,0.22597071928707835,0.6843021232161504,0.6825913861744481,0.42182709993868794,0.6967559943582511,0.6825913861744481,0.687170474516696,0.6796585003711952,0.6799999999999999,0.6484458735262594,0.6932758000719166,0.6856740584301302,0.40382244143033297,0.406060606060606,0.4163636363636364,0.687170474516696,0.6799999999999999,0.6583718450053324,0.6910310734463276,0.6726643598615917,0.702020202020202,0.42166462668298654,0.6988472622478386,0.7038765254845657,0.6540880503144655,0.6540880503144655,0.6540880503144655,0.5292186474064347,0.6540880503144655,0.6540880503144655,0.6210921217173823,0.4119922630560928,0.3854568854568855,0.6822189566495225,0.5471204188481675,0.6441131498470948,0.6888513513513513,0.6888513513513513,0.4219858156028369,0.6961250849762066,0.6954436450839329,0.4770047169811321,0.5068738792588166,0.7212939921791681,0.48698884758364314,0.5726656626506024,0.41917670682730923,0.5726656626506024,0.5726656626506024,0.4295566502463054,0.5441176470588236,0.4417652411282984,0.7000357525920629,0.7000357525920629,0.6484947111472742,0.6175663311985362,0.6175663311985362,0.7101328903654485,0.6884735202492211,0.3929471032745592,0.3929471032745592,0.51252408477842,0.5608994378513429,0.6987990912041545,0.6668175645088275,0.5797918473547268,0.6879886282871357,0.4811932555123216,0.480731548007838,0.4286624203821656,0.49303797468354427,0.4082687338501292,0.5543412264723739,0.47820593809223
Coprococcus eutactus,0.630558183538316,0.35642661804922515,0.35642661804922515,0.35642661804922515,0.35642661804922515,0.35642661804922515,0.35642661804922515,0.35642661804922515,0.35642661804922515,0.35642661804922515,0.35642661804922515,0.22481827622014539,0.22481827622014539,0.6172224987555999,0.48355263157894735,0.48355263157894735,0.31235321747299205,0.5920421860019176,0.5920421860019176,0.22660818713450293,0.389739663093415,0.389739663093415,0.4137638062871708,0.2545805207328833,0.3092643051771117,0.6066697121973503,0.0,0.3120418848167539,0.3120418848167539,0.6273674242424243,0.3171825930910722,0.3179190751445087,0.2772981208735399,0.32224645583424205,0.2626849894291755,0.2626849894291755,0.2684319833852544,0.6099806201550387,0.39795483596080106,0.3471428571428572,0.5886773547094188,0.3698811096433289,0.42661841576196224,0.6077817531305904,0.46274803444402846,0.4489636292530309,0.6931050022532672,0.47188449848024316,0.4489636292530309,0.45648042569365266,0.42793522267206474,0.46348623853211013,0.4948717948717949,0.4543325526932084,0.4656084656084656,0.6707706338349293,0.6779964221824687,0.6796945193171609,0.45648042569365266,0.46348623853211013,0.48708487084870844,0.46828712495252567,0.4782449725776965,0.45450964946829464,0.6777423759672281,0.44593528018942385,0.4518285489579237,0.3059663437021928,0.3059663437021928,0.3059663437021928,0.6914839367669556,0.3059663437021928,0.3059663437021928,0.4939908827186076,0.6794507575757576,0.6506425511661114,0.4803883495145631,0.7212456052235058,0.4191836734693878,0.47461928934010156,0.47461928934010156,0.6558995065051593,0.46590490232215265,0.46490902339398443,0.682518115942029,0.6871222687122269,0.46817649355720425,0.667308618199326,0.45862972669412205,0.6608863198458574,0.45862972669412205,0.45862972669412205,0.6684350132625995,0.39560439560439564,0.6613133476088509,0.46314972847168345,0.46314972847168345,0.2873239436619718,0.216302610548748,0.216302610548748,0.4491640307275192,0.47127510509107895,0.6632605666511844,0.6632605666511844,0.6485933503836316,0.6636178861788617,0.4752022511431586,0.2545357524012807,0.3038153556288271,0.43291731669266775,0.6380806533945891,0.7025440313111546,0.6585014409221902,0.6181725370086779,0.659942363112392,0.6592372461614661,0.6467095497278574
Dorea_A longicatena_B,0.6229919678714859,0.3281703775411423,0.3281703775411423,0.3281703775411423,0.3281703775411423,0.3281703775411423,0.3281703775411423,0.3281703775411423,0.3281703775411423,0.3281703775411423,0.3281703775411423,0.295774647887324,0.295774647887324,0.5728260869565218,0.5660998354360943,0.5660998354360943,0.2990608007909046,0.5855764347384459,0.5855764347384459,0.32355769230769227,0.4526717557251908,0.4526717557251908,0.4493506493506494,0.31732168850072784,0.41218319253001334,0.5932038834951456,0.3120418848167539,0.0,0.0,0.5729870129870129,0.3911488600804649,0.4046572934973638,0.4164222873900293,0.33047945205479456,0.19620253164556967,0.19620253164556967,0.38262195121951215,0.6030848329048843,0.4757076468103084,0.4195238095238095,0.577148958889482,0.44229925405879766,0.43160967472894074,0.5973472288015158,0.49141549027088893,0.4774451097804391,0.6348733233979136,0.5,0.4774451097804391,0.5040183696900115,0.4746524938675388,0.4960864703689899,0.5289962825278811,0.506080816006277,0.49344641480339246,0.6409247417609445,0.6434446057087566,0.6351616062683644,0.5040183696900115,0.4960864703689899,0.5213483146067416,0.4916439953361834,0.5020545386626821,0.49361022364217255,0.6323894684550422,0.49821499404998015,0.498015873015873,0.37101747173689614,0.37101747173689614,0.37101747173689614,0.663344407530454,0.37101747173689614,0.37101747173689614,0.466079295154185,0.6379132231404958,0.6469994957135653,0.5377138413685847,0.6744186046511628,0.4743747437474375,0.4998150203477617,0.4998150203477617,0.6227602905569007,0.4862212155530389,0.4824695121951219,0.6648910411622275,0.6374298827129016,0.5023828435266084,0.6767830045523521,0.4358974358974359,0.6530198621807863,0.4358974358974359,0.4358974358974359,0.6508828250401284,0.45586504511573167,0.6398337112622827,0.5385500575373994,0.5385500575373994,0.40801457194899815,0.33019853709508884,0.33019853709508884,0.5205232295895355,0.4715964740450539,0.6451292246520874,0.6451292246520874,0.6326194398682043,0.6354625550660793,0.5430163706025775,0.38561076604554867,0.396559739655974,0.5027110766847405,0.6221248630887185,0.6931521170935704,0.6607505070993915,0.5953820780648709,0.6609137055837564,0.6609014675052411,0.6326098464796188
Dorea_A longicatena,0.6229919678714859,0.3281703775411423,0.3281703775411423,0.3281703775411423,0.3281703775411423,0.3281703775411423,0.3281703775411423,0.3281703775411423,0.3281703775411423,0.3281703775411423,0.3281703775411423,0.295774647887324,0.295774647887324,0.5728260869565218,0.5660998354360943,0.5660998354360943,0.2990608007909046,0.5855764347384459,0.5855764347384459,0.32355769230769227,0.4526717557251908,0.4526717557251908,0.4493506493506494,0.31732168850072784,0.41218319253001334,0.5932038834951456,0.3120418848167539,0.0,0.0,0.5729870129870129,0.3911488600804649,0.4046572934973638,0.4164222873900293,0.33047945205479456,0.19620253164556967,0.19620253164556967,0.38262195121951215,0.6030848329048843,0.4757076468103084,0.4195238095238095,0.577148958889482,0.44229925405879766,0.43160967472894074,0.5973472288015158,0.49141549027088893,0.4774451097804391,0.6348733233979136,0.5,0.4774451097804391,0.5040183696900115,0.4746524938675388,0.4960864703689899,0.5289962825278811,0.506080816006277,0.49344641480339246,0.6409247417609445,0.6434446057087566,0.6351616062683644,0.5040183696900115,0.4960864703689899,0.5213483146067416,0.4916439953361834,0.5020545386626821,0.49361022364217255,0.6323894684550422,0.49821499404998015,0.498015873015873,0.37101747173689614,0.37101747173689614,0.37101747173689614,0.663344407530454,0.37101747173689614,0.37101747173689614,0.466079295154185,0.6379132231404958,0.6469994957135653,0.5377138413685847,0.6744186046511628,0.4743747437474375,0.4998150203477617,0.4998150203477617,0.6227602905569007,0.4862212155530389,0.4824695121951219,0.6648910411622275,0.6374298827129016,0.5023828435266084,0.6767830045523521,0.4358974358974359,0.6530198621807863,0.4358974358974359,0.4358974358974359,0.6508828250401284,0.45586504511573167,0.6398337112622827,0.5385500575373994,0.5385500575373994,0.40801457194899815,0.33019853709508884,0.33019853709508884,0.5205232295895355,0.4715964740450539,0.6451292246520874,0.6451292246520874,0.6326194398682043,0.6354625550660793,0.5430163706025775,0.38561076604554867,0.396559739655974,0.5027110766847405,0.6221248630887185,0.6931521170935704,0.6607505070993915,0.5953820780648709,0.6609137055837564,0.6609014675052411,0.6326098464796188
Lachnospira eligens_A,0.4018506278916061,0.5,0.5,0.5,0.5,0.5,0.5,0.5,0.5,0.5,0.5,0.6129184347006129,0.6129184347006129,0.4841897233201581,0.5817843866171004,0.5817843866171004,0.4814814814814815,0.3022774327122153,0.3022774327122153,0.5672859084730404,0.6915789473684211,0.6915789473684211,0.6689824274621986,0.6214912280701754,0.562444641275465,0.35800893426930436,0.6273674242424243,0.5729870129870129,0.5729870129870129,0.0,0.6504534212695796,0.6533604887983706,0.5511928429423459,0.5515320334261838,0.5992023928215353,0.5992023928215353,0.5976447497546614,0.29871977240398295,0.5317531305903399,0.4969879518072289,0.40273037542662116,0.5327570518653322,0.6748939452371769,0.37684729064039413,0.7016100178890876,0.6986199179410668,0.42457737321196354,0.7080903790087463,0.6986199179410668,0.7042660882140275,0.6823984526112186,0.688582537999293,0.6587887740029542,0.7114317425083241,0.6956680014561339,0.4199611147116008,0.4149616368286445,0.4338422391857506,0.7042660882140275,0.688582537999293,0.6566555431961438,0.7106598984771574,0.6848679514632405,0.7166790766939688,0.4223521767381416,0.7119464086341645,0.7127976190476191,0.6490978157644824,0.6490978157644824,0.6490978157644824,0.5236749116607774,0.6490978157644824,0.6490978157644824,0.6351059230436662,0.446236559139785,0.44766293614219876,0.6895499618611747,0.5621959694232106,0.6278787878787879,0.6833745146487822,0.6833745146487822,0.43150684931506844,0.6801575931232091,0.6802598339949477,0.46851385390428213,0.5322076297686054,0.7093632958801498,0.4726666666666667,0.6269332327423613,0.4727457972491085,0.6269332327423613,0.6269332327423613,0.4807403701850925,0.591104174795162,0.5022872827081427,0.7083024462564863,0.7083024462564863,0.663716814159292,0.6438356164383562,0.6438356164383562,0.7404092071611252,0.6946778711484594,0.40146471371504655,0.40146471371504655,0.5420875420875421,0.5006963788300836,0.7044996642041639,0.688878460816518,0.5838621940163191,0.6890040725657164,0.49931506849315066,0.5010337698139214,0.4672402382528127,0.48299319727891155,0.4004149377593361,0.5585003232062056,0.49767132401862946
Roseburia inulinivorans,0.6454018227009113,0.4005624748895139,0.4005624748895139,0.4005624748895139,0.4005624748895139,0.4005624748895139,0.4005624748895139,0.4005624748895139,0.4005624748895139,0.4005624748895139,0.4005624748895139,0.26837060702875404,0.26837060702875404,0.601153504880213,0.5498614958448753,0.5498614958448753,0.39417239983812224,0.630272952853598,0.630272952853598,0.30561418319966227,0.27975966954562526,0.27975966954562526,0.2749790092359362,0.3270519262981575,0.39231071008238527,0.6451740506329113,0.3171825930910722,0.3911488600804649,0.3911488600804649,0.6504534212695796,0.0,0.11171662125340598,0.3664353859496965,0.4143316490583372,0.379646017699115,0.379646017699115,0.34152883325882877,0.6352545225073623,0.4337121212121212,0.39281236941078146,0.6211663066954644,0.41114575214341387,0.2827392871445735,0.636967565455256,0.34832288978990045,0.3245851022771131,0.7085962145110409,0.3457486832204665,0.3245851022771131,0.346626910175177,0.3103174603174603,0.3595828838547285,0.3794723527285869,0.35108406238113354,0.34453154162000743,0.7087912087912087,0.7069099378881988,0.7110073901205757,0.346626910175177,0.3595828838547285,0.37390988372093026,0.3619472315124489,0.36681065514758815,0.3465384615384616,0.7172467735627689,0.3424289008455035,0.3541984732824427,0.4071520896165446,0.4071520896165446,0.4071520896165446,0.735597592433362,0.4071520896165446,0.4071520896165446,0.3886655948553055,0.7216161616161616,0.7040775131207105,0.38371654730493776,0.7495719178082192,0.32293722858270824,0.3612303290414879,0.3612303290414879,0.6883268482490272,0.35377358490566035,0.34714076246334313,0.7009493670886076,0.7270194986072424,0.3557765876052028,0.7124129455141335,0.5006675567423231,0.6837606837606838,0.5006675567423231,0.5006675567423231,0.6839255499153976,0.4312829525483304,0.6720308979723206,0.3496955859969558,0.3496955859969558,0.3633034987794955,0.3207036535859269,0.3207036535859269,0.31920529801324504,0.32506887052341593,0.6840614886731391,0.6840614886731391,0.6825327510917031,0.6940460669274229,0.37136929460580914,0.38386524822695034,0.3922361504245855,0.45098730606488013,0.6606514084507042,0.7329426538300544,0.6854771784232365,0.64943032427695,0.7139374238114587,0.69957805907173,0.7003760969494359
Roseburia intestinalis,0.6483831354891527,0.4043737574552684,0.4043737574552684,0.4043737574552684,0.4043737574552684,0.4043737574552684,0.4043737574552684,0.4043737574552684,0.4043737574552684,0.4043737574552684,0.4043737574552684,0.2812219227313567,0.2812219227313567,0.6109899694723071,0.5478260869565217,0.5478260869565217,0.40700915969733176,0.638990638990639,0.638990638990639,0.2834111158252015,0.29084846239347906,0.29084846239347906,0.2972861842105263,0.35094185094185093,0.39549339549339546,0.638976377952756,0.3179190751445087,0.4046572934973638,0.4046572934973638,0.6533604887983706,0.11171662125340598,0.0,0.38133787814230935,0.42992338891392523,0.3946110386788353,0.3946110386788353,0.36593886462882097,0.6462809917355372,0.4497767857142857,0.41130684145841867,0.6186803770351328,0.4177897574123989,0.29854273335959036,0.6255368996485748,0.3322246858832225,0.31678214010777517,0.7061815336463224,0.33621337340345603,0.31678214010777517,0.33779761904761907,0.3023347843292442,0.34985632183908044,0.3796196627197703,0.3470855412566237,0.34983376431473956,0.703862660944206,0.7030466640956421,0.7076091154886057,0.33779761904761907,0.34985632183908044,0.3787769784172662,0.3543365455893255,0.36001435750179467,0.3500952380952381,0.7147846332945285,0.330130668716372,0.35765595463138,0.4064102564102564,0.4064102564102564,0.4064102564102564,0.7445101351351351,0.4064102564102564,0.4064102564102564,0.38165798958750496,0.7174959871589085,0.7037185125949621,0.3928571428571429,0.745006374840629,0.324853228962818,0.3568376068376068,0.3568376068376068,0.6866074874565804,0.35706580366774543,0.3570911722141823,0.7102294826915597,0.715818759936407,0.36850037678975134,0.7228479485116653,0.5044628099173554,0.6858496953283684,0.5044628099173554,0.5044628099173554,0.6837865055387714,0.4419410745233969,0.6783216783216783,0.36121530382595646,0.36121530382595646,0.3642597821702299,0.3244087460954931,0.3244087460954931,0.3221153846153846,0.3400992331980154,0.6870503597122302,0.6870503597122302,0.6772234273318872,0.7043515358361775,0.3665173957974509,0.3704031900753212,0.3851732473811442,0.46354166666666663,0.6739974126778784,0.7483633387888706,0.6944104447164423,0.6583369237397674,0.715548413017276,0.7110927152317881,0.7112387202625102
Anaerostipes hadrus,0.5800000000000001,0.38807298620382735,0.38807298620382735,0.38807298620382735,0.38807298620382735,0.38807298620382735,0.38807298620382735,0.38807298620382735,0.38807298620382735,0.38807298620382735,0.38807298620382735,0.29528535980148884,0.29528535980148884,0.576668364747835,0.4797814207650273,0.4797814207650273,0.3640072529465095,0.5279162512462612,0.5279162512462612,0.2611798287345385,0.46193078324225867,0.46193078324225867,0.4243697478991597,0.3305785123966942,0.3248207885304659,0.5544554455445545,0.2772981208735399,0.4164222873900293,0.4164222873900293,0.5511928429423459,0.3664353859496965,0.38133787814230935,0.0,0.2739955357142857,0.3824681684622919,0.3824681684622919,0.2288583509513742,0.528061224489796,0.33215547703180215,0.22634791454730419,0.501058201058201,0.2779064381658175,0.4789005032907472,0.5620404411764706,0.5209903121636168,0.5119581464872944,0.6636113657195234,0.5300327630141973,0.5119581464872944,0.5179934569247546,0.49109907120743035,0.5221518987341772,0.5315058739765042,0.5235796509468993,0.5231884057971015,0.6493087557603687,0.6478616924476797,0.6628959276018099,0.5179934569247546,0.5221518987341772,0.5278969957081545,0.5393217893217893,0.5293910594860964,0.5265519820493643,0.6662100456621005,0.5129748025573524,0.5222429906542057,0.40592168099331427,0.40592168099331427,0.40592168099331427,0.6635610766045549,0.40592168099331427,0.40592168099331427,0.5394157663065227,0.6494944631680308,0.6187015503875969,0.5334079880552445,0.6800618238021638,0.4707038930397168,0.5145972564192753,0.5145972564192753,0.6389516493447809,0.5158081705150976,0.5152057245080501,0.6395348837209303,0.6629001883239172,0.50057099352874,0.6156141223272005,0.47265336289726534,0.6119284294234593,0.47265336289726534,0.47265336289726534,0.61514319340918,0.396875,0.6241782322863404,0.48974943052391795,0.48974943052391795,0.3635551585529254,0.2880407124681934,0.2880407124681934,0.45381165919282507,0.4702325581395349,0.6059730250481696,0.6059730250481696,0.6348228043143298,0.5992588671254633,0.5017217630853994,0.3695436507936508,0.35590909090909095,0.45971744940817105,0.6193415637860082,0.6633266533066132,0.5905669844455594,0.59349173553719,0.6108910891089109,0.6445993031358885,0.6007121057985758
Eubacterium_G ventriosum,0.575192096597146,0.3596230158730159,0.3596230158730159,0.3596230158730159,0.3596230158730159,0.3596230158730159,0.3596230158730159,0.3596230158730159,0.3596230158730159,0.3596230158730159,0.3596230158730159,0.32707774798927614,0.32707774798927614,0.500302480338778,0.522754491017964,0.522754491017964,0.3405541561712846,0.5246085011185682,0.5246085011185682,0.35629921259842523,0.5082092401680031,0.5082092401680031,0.4651474530831099,0.39332365747460085,0.44575578756241485,0.5604395604395604,0.32224645583424205,0.33047945205479456,0.33047945205479456,0.5515320334261838,0.4143316490583372,0.42992338891392523,0.2739955357142857,0.0,0.3003412969283277,0.3003412969283277,0.2710706150341685,0.5161662817551963,0.45214669051878353,0.37166324435318276,0.5011904761904762,0.3985882352941177,0.46474086661002545,0.5787878787878789,0.5650207312476442,0.5551615445232467,0.6375065479308539,0.5708253358925144,0.5551615445232467,0.5552995391705069,0.540122199592668,0.5815395840933966,0.5940959409594095,0.5552486187845305,0.5677837014470678,0.6224328593996841,0.6289989680082559,0.6363636363636364,0.5552995391705069,0.5815395840933966,0.5911786508524833,0.5850701023114816,0.592201166180758,0.5666271253459866,0.6391644908616188,0.5484642999601117,0.5671524222134698,0.4344899016053858,0.4344899016053858,0.4344899016053858,0.6400719856028794,0.4344899016053858,0.4344899016053858,0.5334212840809147,0.622787610619469,0.6004415011037527,0.5948678071539658,0.648014440433213,0.5394360441356764,0.5804576825281511,0.5804576825281511,0.6076406814661848,0.5628720238095238,0.5620547431571054,0.6168521462639109,0.6482869379014989,0.5704142011834319,0.607445008460237,0.47218887555022004,0.6185297955632885,0.47218887555022004,0.47218887555022004,0.6172043010752688,0.5,0.6339533043134151,0.5618374558303887,0.5618374558303887,0.40447832301095765,0.3173289183222958,0.3173289183222958,0.5038204393505252,0.4206054168879447,0.6006511123168747,0.6006511123168747,0.5713414634146341,0.566420664206642,0.5783726664318423,0.41998936735778836,0.42761904761904757,0.5392772977219167,0.5633717404487568,0.6500286861732645,0.5941375422773394,0.5441354292623942,0.6145717463848721,0.6032482598607889,0.5910931174089069
Bariatricus comes,0.5906579608237067,0.30750721847930707,0.30750721847930707,0.30750721847930707,0.30750721847930707,0.30750721847930707,0.30750721847930707,0.30750721847930707,0.30750721847930707,0.30750721847930707,0.30750721847930707,0.29405737704918034,0.29405737704918034,0.5612627073301231,0.579840848806366,0.579840848806366,0.2506240639041438,0.5550481988838154,0.5550481988838154,0.29572731637061933,0.4399393709738537,0.4399393709738537,0.4555084745762712,0.29255319148936165,0.38488888888888884,0.5695652173913044,0.2626849894291755,0.19620253164556967,0.19620253164556967,0.5992023928215353,0.379646017699115,0.3946110386788353,0.3824681684622919,0.3003412969283277,0.0,0.0,0.3379416282642089,0.568486096807415,0.4458086367485182,0.40772128060263657,0.5403959336543607,0.42020113686051597,0.40267335004177107,0.5742574257425743,0.5061361100780959,0.4955374466433837,0.6400580551523948,0.5147280966767371,0.4955374466433837,0.5223214285714286,0.4896496815286624,0.5168295331161781,0.5450597176981542,0.5219549446353571,0.5060195635816404,0.6536445926631729,0.6489161168708766,0.6441484300666032,0.5223214285714286,0.5168295331161781,0.5350620891161432,0.5172932330827067,0.5301335258029591,0.5118354675979822,0.6402704007725737,0.5110251450676982,0.5154320987654322,0.4073891625615763,0.4073891625615763,0.4073891625615763,0.6831472620946305,0.4073891625615763,0.4073891625615763,0.4921310080816673,0.6573843858776728,0.6365441906653426,0.553159288687098,0.6860962566844919,0.4984126984126984,0.5165706051873199,0.5165706051873199,0.6117478510028653,0.5058694057226706,0.5007412898443291,0.6389961389961389,0.6440257808626673,0.5265180630284396,0.6373346897253307,0.4222483352918136,0.6341266639774102,0.4222483352918136,0.4222483352918136,0.6430269413629159,0.44999999999999996,0.6269216347956506,0.5228832951945079,0.5228832951945079,0.3815370623010459,0.29103303618248555,0.29103303618248555,0.5221043324491601,0.4684944684944685,0.642161635832522,0.642161635832522,0.6376734258271077,0.6227642276422765,0.5318118948824343,0.3732106339468303,0.391941391941392,0.5043776170536733,0.5968443960826986,0.670643153526971,0.6119096509240247,0.5639056500274273,0.6420311714429361,0.6074468085106384,0.6132075471698113
Bariatricus comes_A,0.5906579608237067,0.30750721847930707,0.30750721847930707,0.30750721847930707,0.30750721847930707,0.30750721847930707,0.30750721847930707,0.30750721847930707,0.30750721847930707,0.30750721847930707,0.30750721847930707,0.29405737704918034,0.29405737704918034,0.5612627073301231,0.579840848806366,0.579840848806366,0.2506240639041438,0.5550481988838154,0.5550481988838154,0.29572731637061933,0.4399393709738537,0.4399393709738537,0.4555084745762712,0.29255319148936165,0.38488888888888884,0.5695652173913044,0.2626849894291755,0.19620253164556967,0.19620253164556967,0.5992023928215353,0.379646017699115,0.3946110386788353,0.3824681684622919,0.3003412969283277,0.0,0.0,0.3379416282642089,0.568486096807415,0.4458086367485182,0.40772128060263657,0.5403959336543607,0.42020113686051597,0.40267335004177107,0.5742574257425743,0.5061361100780959,0.4955374466433837,0.6400580551523948,0.5147280966767371,0.4955374466433837,0.5223214285714286,0.4896496815286624,0.5168295331161781,0.5450597176981542,0.5219549446353571,0.5060195635816404,0.6536445926631729,0.6489161168708766,0.6441484300666032,0.5223214285714286,0.5168295331161781,0.5350620891161432,0.5172932330827067,0.5301335258029591,0.5118354675979822,0.6402704007725737,0.5110251450676982,0.5154320987654322,0.4073891625615763,0.4073891625615763,0.4073891625615763,0.6831472620946305,0.4073891625615763,0.4073891625615763,0.4921310080816673,0.6573843858776728,0.6365441906653426,0.553159288687098,0.6860962566844919,0.4984126984126984,0.5165706051873199,0.5165706051873199,0.6117478510028653,0.5058694057226706,0.5007412898443291,0.6389961389961389,0.6440257808626673,0.5265180630284396,0.6373346897253307,0.4222483352918136,0.6341266639774102,0.4222483352918136,0.4222483352918136,0.6430269413629159,0.44999999999999996,0.6269216347956506,0.5228832951945079,0.5228832951945079,0.3815370623010459,0.29103303618248555,0.29103303618248555,0.5221043324491601,0.4684944684944685,0.642161635832522,0.642161635832522,0.6376734258271077,0.6227642276422765,0.5318118948824343,0.3732106339468303,0.391941391941392,0.5043776170536733,0.5968443960826986,0.670643153526971,0.6119096509240247,0.5639056500274273,0.6420311714429361,0.6074468085106384,0.6132075471698113
Anaerobutyricum hallii,0.6185866408518876,0.410610789121712,0.410610789121712,0.410610789121712,0.410610789121712,0.410610789121712,0.410610789121712,0.410610789121712,0.410610789121712,0.410610789121712,0.410610789121712,0.27300613496932513,0.27300613496932513,0.525323275862069,0.44196683819325333,0.44196683819325333,0.38177676537585425,0.5776031434184676,0.5776031434184676,0.2874821513564969,0.44299065420560746,0.44299065420560746,0.3985255854293148,0.32208157524613223,0.3857957036387549,0.597856477166822,0.2684319833852544,0.38262195121951215,0.38262195121951215,0.5976447497546614,0.34152883325882877,0.36593886462882097,0.2288583509513742,0.2710706150341685,0.3379416282642089,0.3379416282642089,0.0,0.5060750132065505,0.37669140113487565,0.28671328671328666,0.5465968586387435,0.3237179487179487,0.45181927229108354,0.6143437077131259,0.48490495713753257,0.466796875,0.6482269503546099,0.4811140785959558,0.466796875,0.4966342557965595,0.4582664526484751,0.48906705539358597,0.5158701203940168,0.4903697996918336,0.4822507552870091,0.644978783592645,0.6448163644816365,0.652093023255814,0.4966342557965595,0.48906705539358597,0.5082690187431091,0.4981188863807374,0.5019992729916394,0.4873393065835606,0.6496935407826496,0.48306734137796803,0.4899224806201551,0.3660358565737052,0.3660358565737052,0.3660358565737052,0.6661384046487058,0.3660358565737052,0.3660358565737052,0.533469387755102,0.6562347188264059,0.6317335945151812,0.5322213798332069,0.6724960254372019,0.46719999999999995,0.49494219653179194,0.49494219653179194,0.6217350746268657,0.48045722713864303,0.4750372578241431,0.6290630975143403,0.6477162293488824,0.5063485956136975,0.6115071283095723,0.48193668528864064,0.6264000000000001,0.48193668528864064,0.48193668528864064,0.6218253968253968,0.40982318271119844,0.6249073387694588,0.47134502923976607,0.47134502923976607,0.37082204155374887,0.3032324268855824,0.3032324268855824,0.47183415953132046,0.48689138576779023,0.6509747979077508,0.6509747979077508,0.6367924528301887,0.6035598705501618,0.5006983240223464,0.3520408163265306,0.36020267157991714,0.46091331269349844,0.5691721132897604,0.6436363636363636,0.5980641874681609,0.5534454693434617,0.6192867905575088,0.6179367547952307,0.6012461059190031
Anaerobutyricum soehngenii,0.36326250856751197,0.5043436293436294,0.5043436293436294,0.5043436293436294,0.5043436293436294,0.5043436293436294,0.5043436293436294,0.5043436293436294,0.5043436293436294,0.5043436293436294,0.5043436293436294,0.6086956521739131,0.6086956521739131,0.44345442083618913,0.6072749691738595,0.6072749691738595,0.48204623708804717,0.27292110874200426,0.27292110874200426,0.5711678832116789,0.6746685775707632,0.6746685775707632,0.6860749185667753,0.6139804096170971,0.5617173524150268,0.34762833008447047,0.6099806201550387,0.6030848329048843,0.6030848329048843,0.29871977240398295,0.6352545225073623,0.6462809917355372,0.528061224489796,0.5161662817551963,0.568486096807415,0.568486096807415,0.5060750132065505,0.0,0.5542222222222222,0.4923702950152594,0.3417085427135679,0.5249307479224377,0.6705698672911788,0.3773349937733499,0.723758865248227,0.7146042363433668,0.44811932555123213,0.7232110424990918,0.7146042363433668,0.7261648745519713,0.7143945163747144,0.7155322862129145,0.6829981718464351,0.7337733773377337,0.7201008645533141,0.46916719643992366,0.4769900497512438,0.4894409937888199,0.7261648745519713,0.7155322862129145,0.6800146950771492,0.7393636038612799,0.711667254141699,0.7367837338262477,0.4726114649681529,0.7292592592592593,0.7296296296296296,0.6721698113207547,0.6721698113207547,0.6721698113207547,0.5250716332378224,0.6721698113207547,0.6721698113207547,0.6613869863013699,0.4817032601463739,0.4344317417619368,0.7108251324753974,0.5830437804030577,0.6557507987220448,0.7130434782608696,0.7130434782608696,0.42866161616161613,0.7052780729720156,0.7041800643086817,0.3965287049399199,0.5445979899497487,0.7343460540941089,0.42767732962447846,0.6336109008327024,0.4795081967213115,0.6336109008327024,0.6336109008327024,0.48131313131313136,0.5934799685781618,0.5064456721915285,0.6962264150943396,0.6962264150943396,0.6530874785591767,0.6301832208293153,0.6301832208293153,0.7430167597765363,0.6866096866096867,0.39797297297297296,0.39797297297297296,0.5204435204435205,0.4781362007168459,0.7058823529411764,0.6730676908305329,0.5859232175502742,0.68796711509716,0.4738700564971752,0.45238095238095233,0.4256198347107438,0.41726618705035967,0.3967696629213483,0.5195154777927322,0.4996632996632997
Dorea formicigenerans,0.5656167979002624,0.40463814474210313,0.40463814474210313,0.40463814474210313,0.40463814474210313,0.40463814474210313,0.40463814474210313,0.40463814474210313,0.40463814474210313,0.40463814474210313,0.40463814474210313,0.40210084033613447,0.40210084033613447,0.6305760069294066,0.5798016230838594,0.5798016230838594,0.35457178320231697,0.5087561742254154,0.5087561742254154,0.3646341463414634,0.37349397590361444,0.37349397590361444,0.33951612903225803,0.3880837359098228,0.3188702415063447,0.5249140893470791,0.39795483596080106,0.4757076468103084,0.4757076468103084,0.5317531305903399,0.4337121212121212,0.4497767857142857,0.33215547703180215,0.45214669051878353,0.4458086367485182,0.4458086367485182,0.37669140113487565,0.5542222222222222,0.0,0.26663669064748197,0.5823737821080602,0.3281505728314239,0.41087278106508873,0.5312893742125158,0.42952081147254284,0.515358361774744,0.6463314097279472,0.4325862682319459,0.515358361774744,0.4392556179775281,0.49964838255977495,0.4210708117443869,0.3896057347670251,0.43965517241379315,0.4285714285714286,0.6379025598678778,0.6356209150326797,0.6425653594771241,0.4392556179775281,0.4210708117443869,0.3818116203536629,0.4347980155917789,0.4198818213416754,0.42888402625820565,0.6403472509301364,0.42893493275172667,0.4304395205230658,0.467328370554177,0.467328370554177,0.467328370554177,0.6992945326278659,0.467328370554177,0.467328370554177,0.5167958656330749,0.6463310580204777,0.6296296296296297,0.4061572700296736,0.7277464177160226,0.44804958075100254,0.4141623488773748,0.4141623488773748,0.6061855670103093,0.4165795889933821,0.41195079086115993,0.6381306865177834,0.6814632141389232,0.4188693098384728,0.6145054945054945,0.5140310333443381,0.5977470930232558,0.5140310333443381,0.5140310333443381,0.6063639613872005,0.3977069150841992,0.6100840336134454,0.4132895217232566,0.4132895217232566,0.31226454583507746,0.4166313109885448,0.4166313109885448,0.48811410459587956,0.5242130750605327,0.5921450151057401,0.5921450151057401,0.6762904636920385,0.6592526690391459,0.41962491627595444,0.45258255715495344,0.3937928254735994,0.38458715596330273,0.6619903551074091,0.6572313135780627,0.6228868660598179,0.6466725043782837,0.6229934924078091,0.675096442348907,0.6584946236559139
Coprococcus_A catus,0.4883720930232558,0.35218165627782727,0.35218165627782727,0.35218165627782727,0.35218165627782727,0.35218165627782727,0.35218165627782727,0.35218165627782727,0.35218165627782727,0.35218165627782727,0.35218165627782727,0.3178554332216371,0.3178554332216371,0.5642178910544728,0.5191511387163561,0.5191511387163561,0.3159817351598173,0.48020050125313285,0.48020050125313285,0.31269769543605963,0.4677591734948343,0.4677591734948343,0.4453917986195697,0.3459483526268923,0.2653339391185825,0.49737219302436697,0.3471428571428572,0.4195238095238095,0.4195238095238095,0.4969879518072289,0.39281236941078146,0.41130684145841867,0.22634791454730419,0.37166324435318276,0.40772128060263657,0.40772128060263657,0.28671328671328666,0.4923702950152594,0.26663669064748197,0.0,0.5315179021684316,0.22154566744730675,0.5094830792116029,0.4967197750702905,0.5223355610270841,0.5173420956553487,0.6172668513388735,0.5327868852459017,0.5173420956553487,0.5361042620641071,0.5016949152542373,0.5208981001727115,0.48994252873563215,0.5334538878842676,0.5218783351120597,0.6230558096980787,0.6093892433910666,0.6177676537585421,0.5361042620641071,0.5208981001727115,0.4926338483650736,0.52518756698821,0.5187891440501045,0.5267595307917888,0.6130374479889042,0.5264888564121301,0.5246981339187706,0.4304088194763436,0.4304088194763436,0.4304088194763436,0.6820208023774146,0.4304088194763436,0.4304088194763436,0.5155254777070064,0.6127946127946128,0.5886319845857417,0.5072625698324023,0.6912784935579782,0.4408644400785855,0.5139896373056995,0.5139896373056995,0.58276020174232,0.519304347826087,0.5156195156195156,0.5890089243776421,0.6542185338865837,0.5085374907201188,0.5749128919860627,0.4903225806451613,0.5748502994011976,0.4903225806451613,0.4903225806451613,0.5763313609467455,0.34467748318163827,0.5953250547845143,0.5117388114453412,0.5117388114453412,0.429290809903483,0.34311838306063525,0.34311838306063525,0.4671881790525858,0.4704813805631244,0.5630739487675205,0.5630739487675205,0.639662027833002,0.6132315521628499,0.5193850267379679,0.39714285714285713,0.33887640449438206,0.4822878228782288,0.6226321036889332,0.6202913108990458,0.5932781295664881,0.5919597989949749,0.5823095823095823,0.6509388541165142,0.6315280464216635
Eubacterium_I ramulus,0.3709902370990237,0.5143832276938078,0.5143832276938078,0.5143832276938078,0.5143832276938078,0.5143832276938078,0.5143832276938078,0.5143832276938078,0.5143832276938078,0.5143832276938078,0.5143832276938078,0.5707146426786607,0.5707146426786607,0.3850072780203785,0.5761290322580646,0.5761290322580646,0.5032067094227923,0.312278211497516,0.312278211497516,0.5206532180595581,0.6660570592538405,0.6660570592538405,0.674321503131524,0.5828703703703704,0.5798922800718133,0.39497422680412375,0.5886773547094188,0.577148958889482,0.577148958889482,0.40273037542662116,0.6211663066954644,0.6186803770351328,0.501058201058201,0.5011904761904762,0.5403959336543607,0.5403959336543607,0.5465968586387435,0.3417085427135679,0.5823737821080602,0.5315179021684316,0.0,0.5455807496529385,0.6594724220623501,0.3845667299177735,0.7236415976970133,0.7138542846357117,0.5248897290485193,0.7226115824419034,0.7138542846357117,0.7223641006931777,0.7106283941039566,0.7125621007806955,0.7298747763864043,0.7233483483483483,0.7213294375456538,0.5339141257000622,0.5499092558983666,0.5540704738760631,0.7223641006931777,0.7125621007806955,0.7216606498194946,0.7279384840717686,0.7127545551982851,0.7325800376647834,0.5455672659640421,0.7253866465484723,0.7310293012772351,0.6671490593342981,0.6671490593342981,0.6671490593342981,0.524264705882353,0.6671490593342981,0.6671490593342981,0.7019839594765724,0.5212201591511936,0.5114453891432309,0.7499068207230712,0.5538573508005822,0.70141065830721,0.6994652406417112,0.6994652406417112,0.481619937694704,0.7025567158804465,0.6990538573508005,0.48484848484848486,0.5088874259381172,0.7286470143613001,0.4972789115646259,0.6139462407479548,0.5220476431829701,0.6139462407479548,0.6139462407479548,0.5283864541832669,0.6358716660224197,0.5377920293174531,0.7055914796500571,0.7055914796500571,0.6374062637847375,0.6138170974155069,0.6138170974155069,0.7219750889679715,0.6812439261418853,0.4783464566929134,0.4783464566929134,0.49167270094134685,0.3982985305491106,0.709501025290499,0.6640394088669951,0.6253953908721193,0.7025506376594148,0.44812362030905073,0.5485436893203883,0.40996441281138785,0.43211678832116784,0.5006720430107527,0.5175983436853002,0.4545454545454546
Clostridium_Q symbiosum,0.5231545162769372,0.34650967199327165,0.34650967199327165,0.34650967199327165,0.34650967199327165,0.34650967199327165,0.34650967199327165,0.34650967199327165,0.34650967199327165,0.34650967199327165,0.34650967199327165,0.3465783664459161,0.3465783664459161,0.5722171113155474,0.5428840716305372,0.5428840716305372,0.321627408993576,0.4942316566682049,0.4942316566682049,0.3163481953290871,0.45902754165249915,0.45902754165249915,0.4679245283018868,0.31151048352588784,0.2740835464620631,0.4854194706146254,0.3698811096433289,0.44229925405879766,0.44229925405879766,0.5327570518653322,0.41114575214341387,0.4177897574123989,0.2779064381658175,0.3985882352941177,0.42020113686051597,0.42020113686051597,0.3237179487179487,0.5249307479224377,0.3281505728314239,0.22154566744730675,0.5455807496529385,0.0,0.4930678990401707,0.49759720401922236,0.5122524337025848,0.4950911640953717,0.6166380789022299,0.5205852330724736,0.4950911640953717,0.5204047217537943,0.49517340007150523,0.504143188597945,0.5027008777852802,0.5256277949776402,0.5147307822553335,0.6161400512382579,0.6151898734177215,0.617696867061812,0.5204047217537943,0.504143188597945,0.49966101694915255,0.521370420624152,0.5099601593625498,0.5370051635111877,0.6215870307167235,0.5357142857142857,0.5325301204819277,0.44434968017057574,0.44434968017057574,0.44434968017057574,0.693176683235427,0.44434968017057574,0.44434968017057574,0.5338763420955202,0.616785079928952,0.6093268807743071,0.5271021542738012,0.6927628584433319,0.4652777777777778,0.5054401582591493,0.5054401582591493,0.5748605748605748,0.5079787234042553,0.5068630733177101,0.5867190913062472,0.6469072164948453,0.5348275862068965,0.6156599552572707,0.4663444943044529,0.5618615209988649,0.4663444943044529,0.4663444943044529,0.5509433962264151,0.3554396423248882,0.5598728364535499,0.5090403337969402,0.5090403337969402,0.4142059058260176,0.37577365163572063,0.37577365163572063,0.4735987002437043,0.5097308488612837,0.5866784296426997,0.5866784296426997,0.6422689844464775,0.6477584629460201,0.5151322077094616,0.43062827225130895,0.34930643127364436,0.48482734565748165,0.6158113730929264,0.6451319381255687,0.5931438881371223,0.5893023255813954,0.5925925925925926,0.6471900089206066,0.6010054844606947
Ruminococcus_B gnavus,0.672340425531915,0.4494760479041916,0.4494760479041916,0.4494760479041916,0.4494760479041916,0.4494760479041916,0.4494760479041916,0.4494760479041916,0.4494760479041916,0.4494760479041916,0.4494760479041916,0.3990287333063537,0.3990287333063537,0.6301652892561984,0.6512862392813393,0.6512862392813393,0.4182305630026809,0.6440281030444965,0.6440281030444965,0.4024483550114767,0.22226386806596699,0.22226386806596699,0.23073736536868272,0.4054468738013042,0.46927775781530723,0.6443688586545729,0.42661841576196224,0.43160967472894074,0.43160967472894074,0.6748939452371769,0.2827392871445735,0.29854273335959036,0.4789005032907472,0.46474086661002545,0.40267335004177107,0.40267335004177107,0.45181927229108354,0.6705698672911788,0.41087278106508873,0.5094830792116029,0.6594724220623501,0.4930678990401707,0.0,0.6365334329473291,0.30299707602339176,0.3946524064171123,0.7030188679245283,0.30960326288468665,0.3946524064171123,0.325564457392571,0.3950617283950617,0.31945926716471007,0.3430813124108416,0.29981096408317576,0.3011825572801182,0.7032306536438768,0.707732149463559,0.7039522744220731,0.325564457392571,0.31945926716471007,0.3433369060378707,0.2954121596419247,0.31637405947689,0.30380228136882126,0.7069872276483846,0.30170777988614805,0.3097846618813751,0.49080954243253816,0.49080954243253816,0.49080954243253816,0.7452486858067124,0.49080954243253816,0.49080954243253816,0.3963860053825452,0.7128482972136223,0.6980694980694981,0.3407904548844146,0.740089906007356,0.38756855575868376,0.31354425879843584,0.31354425879843584,0.6802390735898394,0.30849532037437,0.302071973827699,0.710811821922933,0.7181540808543097,0.3220466516177577,0.7125048694974678,0.49385113268608416,0.6750330250990753,0.49385113268608416,0.49385113268608416,0.6713676615283699,0.48360655737704916,0.669562519391871,0.3080105302745393,0.3080105302745393,0.3036076205918119,0.4168704156479217,0.4168704156479217,0.39636363636363636,0.40519045625784844,0.7039848197343453,0.7039848197343453,0.7035073409461664,0.707874337005304,0.3366336633663366,0.48467966573816157,0.46570263255469035,0.4101221640488656,0.6960943856794142,0.7345238095238096,0.695141065830721,0.6633704161516275,0.7203846153846154,0.708084428514536,0.6995230524642289
Hungatella effluvii,0.2964401294498382,0.45802583025830257,0.45802583025830257,0.45802583025830257,0.45802583025830257,0.45802583025830257,0.45802583025830257,0.45802583025830257,0.45802583025830257,0.45802583025830257,0.45802583025830257,0.5898123324396782,0.5898123324396782,0.44465058750773034,0.6404128191200434,0.6404128191200434,0.45044206607724524,0.2770618556701031,0.2770618556701031,0.5603411513859275,0.6491949297704693,0.6491949297704693,0.6842304776345716,0.5492653414001729,0.44564240790655885,0.22597071928707835,0.6077817531305904,0.5973472288015158,0.5973472288015158,0.37684729064039413,0.636967565455256,0.6255368996485748,0.5620404411764706,0.5787878787878789,0.5742574257425743,0.5742574257425743,0.6143437077131259,0.3773349937733499,0.5312893742125158,0.4967197750702905,0.3845667299177735,0.49759720401922236,0.6365334329473291,0.0,0.7021276595744681,0.6933662667607622,0.4551845342706503,0.7078033688552767,0.6933662667607622,0.7037542662116041,0.6903039073806079,0.6902536715620828,0.6636553161917998,0.7127437325905293,0.7014363885088919,0.4372421921037124,0.4620217018846373,0.4585253456221198,0.7037542662116041,0.6902536715620828,0.672318339100346,0.6964038727524204,0.684991568296796,0.7172389628591451,0.4630599185573008,0.715034965034965,0.7216423103688239,0.672885032537961,0.672885032537961,0.672885032537961,0.5695652173913044,0.672885032537961,0.672885032537961,0.6456408196062675,0.45693341478313987,0.43647416413373863,0.6987522281639929,0.6002452483139178,0.6351606805293006,0.674731182795699,0.674731182795699,0.41565217391304343,0.6885301042717793,0.6891296986115815,0.4766839378238342,0.5399087799315849,0.7157894736842105,0.47442143727162,0.5799557848194548,0.4231713303878253,0.5799557848194548,0.5799557848194548,0.43852065321805955,0.5467325227963526,0.4400715563506261,0.7160708087469629,0.7160708087469629,0.6356307940346635,0.6313220940550133,0.6313220940550133,0.6921172100701609,0.6884531590413943,0.4064594759293114,0.4064594759293114,0.514053716427233,0.5270690728064718,0.685603615235636,0.6559428060768544,0.5698371893744645,0.6773511799929552,0.5172626387176326,0.5179900744416873,0.46107055961070564,0.5006134969325153,0.4647630619684082,0.5547013601419278,0.5188735769922109
Bacteroides uniformis,0.7391304347826086,0.5165925419089976,0.5165925419089976,0.5165925419089976,0.5165925419089976,0.5165925419089976,0.5165925419089976,0.5165925419089976,0.5165925419089976,0.5165925419089976,0.5165925419089976,0.45532390171258375,0.45532390171258375,0.7088700772911299,0.6306306306306306,0.6306306306306306,0.49843695727683224,0.7019469026548673,0.7019469026548673,0.43517191977077363,0.29734391169368746,0.29734391169368746,0.2948815889992361,0.4296028880866426,0.47081043956043955,0.6843021232161504,0.46274803444402846,0.49141549027088893,0.49141549027088893,0.7016100178890876,0.34832288978990045,0.3322246858832225,0.5209903121636168,0.5650207312476442,0.5061361100780959,0.5061361100780959,0.48490495713753257,0.723758865248227,0.42952081147254284,0.5223355610270841,0.7236415976970133,0.5122524337025848,0.30299707602339176,0.7021276595744681,0.0,0.17701863354037262,0.6218678815489749,0.0815502624142107,0.17701863354037262,0.11229314420803782,0.1759588770264927,0.10884615384615381,0.18696140876732859,0.11646586345381527,0.10071371927042028,0.6193181818181819,0.6148064637354378,0.604412324077596,0.11229314420803782,0.10884615384615381,0.17941952506596304,0.11067036890122972,0.1292543021032505,0.1134981759221727,0.619969627942293,0.11698265429608712,0.13020833333333337,0.3661290322580645,0.3661290322580645,0.3661290322580645,0.7049115913555992,0.3661290322580645,0.3661290322580645,0.3202463433410315,0.6568702290076336,0.666292555181444,0.2372817008352316,0.711757766417617,0.3008490217792543,0.16126629422718808,0.16126629422718808,0.6509775524981898,0.1615933859451334,0.16798493408662896,0.7045211819152724,0.6372699386503067,0.2165580682253737,0.7376398412125587,0.5035504785427601,0.6830566865017225,0.5035504785427601,0.5035504785427601,0.6787048567870486,0.4587332053742802,0.6671624033313504,0.2354268522000752,0.2354268522000752,0.36824450242266116,0.47208692394155116,0.47208692394155116,0.4568038561364479,0.5029917726252805,0.7196593328601846,0.7196593328601846,0.7347091932457785,0.7476705180767798,0.32506613756613756,0.500936680404646,0.46254881079162224,0.40080835298080164,0.7050304878048781,0.7455489614243324,0.7142335766423358,0.7103189493433396,0.7223230490018149,0.7317343173431734,0.7138084632516704
Bacteroides cellulosilyticus,0.7373188405797102,0.49874776386404296,0.49874776386404296,0.49874776386404296,0.49874776386404296,0.49874776386404296,0.49874776386404296,0.49874776386404296,0.49874776386404296,0.49874776386404296,0.49874776386404296,0.4315336463223787,0.4315336463223787,0.6925465838509317,0.6137959520859149,0.6137959520859149,0.4920692141312184,0.6951535331113577,0.6951535331113577,0.4202465446395218,0.37092391304347827,0.37092391304347827,0.38475905864773996,0.4053030303030303,0.4502335609054977,0.6825913861744481,0.4489636292530309,0.4774451097804391,0.4774451097804391,0.6986199179410668,0.3245851022771131,0.31678214010777517,0.5119581464872944,0.5551615445232467,0.4955374466433837,0.4955374466433837,0.466796875,0.7146042363433668,0.515358361774744,0.5173420956553487,0.7138542846357117,0.4950911640953717,0.3946524064171123,0.6933662667607622,0.17701863354037262,0.0,0.5950080515297906,0.17418844022169433,0.0,0.20077369439071568,0.11026615969581754,0.208848893888264,0.26027397260273977,0.2022915843540103,0.17503924646781788,0.5940633774568793,0.5984189723320158,0.594583831142971,0.20077369439071568,0.208848893888264,0.2623193775472398,0.21229698375870065,0.22818791946308725,0.20445505171042166,0.6130952380952381,0.20744259699129053,0.2254018032144257,0.3181427343078246,0.3181427343078246,0.3181427343078246,0.6871880199667222,0.3181427343078246,0.3181427343078246,0.3104,0.6446048937023666,0.662109375,0.3210290827740492,0.7068041237113403,0.2768339768339768,0.2600652883569097,0.2600652883569097,0.6297286969812763,0.2275270421484521,0.23137401722201423,0.6944029850746269,0.6283648051426276,0.3084707646176912,0.7261001517450683,0.4966464388374321,0.6763269293389775,0.4966464388374321,0.4966464388374321,0.6696920583468395,0.43910577243910576,0.6614246068455134,0.31532198371576614,0.31532198371576614,0.4594692838967648,0.4641185647425897,0.4641185647425897,0.43074522044479124,0.49513050253213864,0.7093412727949386,0.7093412727949386,0.7220245156188216,0.7307843910130074,0.4082094376212023,0.47992125984251965,0.4420074349442379,0.47518199867637323,0.6836363636363636,0.7360623781676413,0.7087786259541985,0.6963226571767497,0.7054768288012256,0.7151208106001559,0.7047136735488897
Bacteroides timonensis,0.4928348909657321,0.5945217781769196,0.5945217781769196,0.5945217781769196,0.5945217781769196,0.5945217781769196,0.5945217781769196,0.5945217781769196,0.5945217781769196,0.5945217781769196,0.5945217781769196,0.6640944167044939,0.6640944167044939,0.5234124438742784,0.6328358208955224,0.6328358208955224,0.5786593707250343,0.4224358974358975,0.4224358974358975,0.655187074829932,0.7204116638078902,0.7204116638078902,0.7208480565371025,0.627673505019642,0.6052405498281788,0.42182709993868794,0.6931050022532672,0.6348733233979136,0.6348733233979136,0.42457737321196354,0.7085962145110409,0.7061815336463224,0.6636113657195234,0.6375065479308539,0.6400580551523948,0.6400580551523948,0.6482269503546099,0.44811932555123213,0.6463314097279472,0.6172668513388735,0.5248897290485193,0.6166380789022299,0.7030188679245283,0.4551845342706503,0.6218678815489749,0.5950080515297906,0.0,0.61484375,0.5950080515297906,0.633765243902439,0.5985191279308926,0.620958751393534,0.5497005988023952,0.6331894860729698,0.5889763779527559,0.17576664173522816,0.16432272390821612,0.1439336850037679,0.633765243902439,0.620958751393534,0.5601907032181168,0.6271709764569664,0.6074801662259162,0.6371541501976284,0.18188622754491013,0.6283676703645008,0.6352523659305993,0.5812562313060817,0.5812562313060817,0.5812562313060817,0.41666666666666663,0.5812562313060817,0.5812562313060817,0.5467096180395766,0.2904656319290465,0.33050247699929225,0.6207865168539326,0.47569955817378495,0.591041061800083,0.6457350272232305,0.6457350272232305,0.2572614107883817,0.6256524981357197,0.6201433421350434,0.37148594377510036,0.3717059639389736,0.6726992683866,0.5078125,0.6171667299658185,0.4722363728986245,0.6171667299658185,0.6171667299658185,0.46332827516439046,0.5818610129564193,0.49286700414173956,0.6820415879017013,0.6820415879017013,0.7010647010647011,0.690975387420237,0.690975387420237,0.767819924968737,0.7607443509082853,0.45728965960179835,0.45728965960179835,0.5364864864864864,0.5236463331048664,0.7401240613777342,0.7341485507246377,0.6293859649122807,0.7194504699927693,0.48827586206896556,0.4909847434119279,0.5156950672645739,0.5056932350971199,0.437542201215395,0.542782495101241,0.5177165354330708
Bacteroides stercoris,0.7412015641663704,0.5158813263525306,0.5158813263525306,0.5158813263525306,0.5158813263525306,0.5158813263525306,0.5158813263525306,0.5158813263525306,0.5158813263525306,0.5158813263525306,0.5158813263525306,0.4514285714285714,0.4514285714285714,0.7054820415879017,0.6286173633440515,0.6286173633440515,0.5100175746924429,0.7097587324450847,0.7097587324450847,0.4418181818181818,0.29873772791023845,0.29873772791023845,0.29372808726139465,0.43679003297911323,0.47291156938133516,0.6967559943582511,0.47188449848024316,0.5,0.5,0.7080903790087463,0.3457486832204665,0.33621337340345603,0.5300327630141973,0.5708253358925144,0.5147280966767371,0.5147280966767371,0.4811140785959558,0.7232110424990918,0.4325862682319459,0.5327868852459017,0.7226115824419034,0.5205852330724736,0.30960326288468665,0.7078033688552767,0.0815502624142107,0.17418844022169433,0.61484375,0.0,0.17418844022169433,0.10811897106109325,0.14764826175869117,0.11063330727130571,0.1626738794435858,0.10919540229885061,0.09319286871961097,0.6111544461778471,0.6114109483423285,0.6110034870205348,0.10811897106109325,0.11063330727130571,0.14826375341396802,0.10490076954232486,0.13136416634279047,0.10137100124636478,0.6161340607950117,0.08281053952321205,0.11709120788824978,0.3432150313152401,0.3432150313152401,0.3432150313152401,0.6879084967320261,0.3432150313152401,0.3432150313152401,0.32156862745098036,0.6545240893066979,0.6693425076452599,0.22053083528493367,0.7076923076923076,0.29792843691148774,0.16729607250755285,0.16729607250755285,0.6481069042316259,0.14075792730085068,0.14296814296814297,0.6987554904831625,0.6333202048050414,0.20682888540031397,0.7364914877868245,0.5110972178805877,0.6859056122448979,0.5110972178805877,0.5110972178805877,0.6814580031695721,0.4554649265905384,0.6728041050407485,0.22290782876976478,0.22290782876976478,0.3654358583936048,0.47557251908396947,0.47557251908396947,0.4523719165085389,0.5110182370820668,0.7171459774299236,0.7171459774299236,0.7295208655332304,0.7380585516178737,0.340219926691103,0.5072408536585367,0.47175242893127023,0.4109028960817718,0.6973270440251572,0.743140243902439,0.7182258665672754,0.7078998073217726,0.7150336574420344,0.7275142314990513,0.7149372862029646
Bacteroides sp900552405,0.7373188405797102,0.49874776386404296,0.49874776386404296,0.49874776386404296,0.49874776386404296,0.49874776386404296,0.49874776386404296,0.49874776386404296,0.49874776386404296,0.49874776386404296,0.49874776386404296,0.4315336463223787,0.4315336463223787,0.6925465838509317,0.6137959520859149,0.6137959520859149,0.4920692141312184,0.6951535331113577,0.6951535331113577,0.4202465446395218,0.37092391304347827,0.37092391304347827,0.38475905864773996,0.4053030303030303,0.4502335609054977,0.6825913861744481,0.4489636292530309,0.4774451097804391,0.4774451097804391,0.6986199179410668,0.3245851022771131,0.31678214010777517,0.5119581464872944,0.5551615445232467,0.4955374466433837,0.4955374466433837,0.466796875,0.7146042363433668,0.515358361774744,0.5173420956553487,0.7138542846357117,0.4950911640953717,0.3946524064171123,0.6933662667607622,0.17701863354037262,0.0,0.5950080515297906,0.17418844022169433,0.0,0.20077369439071568,0.11026615969581754,0.208848893888264,0.26027397260273977,0.2022915843540103,0.17503924646781788,0.5940633774568793,0.5984189723320158,0.594583831142971,0.20077369439071568,0.208848893888264,0.2623193775472398,0.21229698375870065,0.22818791946308725,0.20445505171042166,0.6130952380952381,0.20744259699129053,0.2254018032144257,0.3181427343078246,0.3181427343078246,0.3181427343078246,0.6871880199667222,0.3181427343078246,0.3181427343078246,0.3104,0.6446048937023666,0.662109375,0.3210290827740492,0.7068041237113403,0.2768339768339768,0.2600652883569097,0.2600652883569097,0.6297286969812763,0.2275270421484521,0.23137401722201423,0.6944029850746269,0.6283648051426276,0.3084707646176912,0.7261001517450683,0.4966464388374321,0.6763269293389775,0.4966464388374321,0.4966464388374321,0.6696920583468395,0.43910577243910576,0.6614246068455134,0.31532198371576614,0.31532198371576614,0.4594692838967648,0.4641185647425897,0.4641185647425897,0.43074522044479124,0.49513050253213864,0.7093412727949386,0.7093412727949386,0.7220245156188216,0.7307843910130074,0.4082094376212023,0.47992125984251965,0.4420074349442379,0.47518199867637323,0.6836363636363636,0.7360623781676413,0.7087786259541985,0.6963226571767497,0.7054768288012256,0.7151208106001559,0.7047136735488897
Bacteroides xylanisolvens,0.7443002455278849,0.5177892918825562,0.5177892918825562,0.5177892918825562,0.5177892918825562,0.5177892918825562,0.5177892918825562,0.5177892918825562,0.5177892918825562,0.5177892918825562,0.5177892918825562,0.46808510638297873,0.46808510638297873,0.7259013980868285,0.6256471525288729,0.6256471525288729,0.503149055283415,0.707351891506067,0.707351891506067,0.45184389545291803,0.3005559416261293,0.3005559416261293,0.2990762124711316,0.42595978062157225,0.4651810584958217,0.687170474516696,0.45648042569365266,0.5040183696900115,0.5040183696900115,0.7042660882140275,0.346626910175177,0.33779761904761907,0.5179934569247546,0.5552995391705069,0.5223214285714286,0.5223214285714286,0.4966342557965595,0.7261648745519713,0.4392556179775281,0.5361042620641071,0.7223641006931777,0.5204047217537943,0.325564457392571,0.7037542662116041,0.11229314420803782,0.20077369439071568,0.633765243902439,0.10811897106109325,0.20077369439071568,0.0,0.18297533810660305,0.10869565217391308,0.1806451612903226,0.07341352136043133,0.10048038430744599,0.6073500967117988,0.6081804281345566,0.6082949308755761,0.0,0.10869565217391308,0.18268135206988223,0.12031872509960162,0.14717125382262997,0.10407239819004521,0.6282002292701567,0.10377358490566035,0.12570965125709654,0.3304166666666667,0.3304166666666667,0.3304166666666667,0.6975160256410257,0.3304166666666667,0.3304166666666667,0.3324324324324325,0.6623026569118213,0.6726998491704375,0.22949557181363112,0.7193816884661117,0.29416167664670656,0.17938221064384074,0.17938221064384074,0.6570594673476833,0.15422696115765422,0.1557596632223498,0.7122895019706199,0.6596638655462185,0.21809744779582363,0.7461873638344226,0.5040498442367601,0.6901763224181361,0.5040498442367601,0.5040498442367601,0.679559748427673,0.46773675762439804,0.6793688597796963,0.2324077596044123,0.2324077596044123,0.3599545798637396,0.4786872878159185,0.4786872878159185,0.44817188088955895,0.5041572184429327,0.7178841309823678,0.7178841309823678,0.725775564917656,0.7495284798189363,0.3216315613507188,0.4831288343558282,0.4599353215954006,0.3965223320831913,0.7018970189701896,0.7580945292147376,0.7246057939127246,0.7190332326283988,0.7134394668641244,0.731488406881077,0.7113790504898267
Bacteroides eggerthii,0.7320163995527394,0.49230205278592376,0.49230205278592376,0.49230205278592376,0.49230205278592376,0.49230205278592376,0.49230205278592376,0.49230205278592376,0.49230205278592376,0.49230205278592376,0.49230205278592376,0.43273453093812375,0.43273453093812375,0.6907134316460741,0.5898319689788885,0.5898319689788885,0.4797923618835743,0.6919863273832131,0.6919863273832131,0.4084452975047984,0.375947622329428,0.375947622329428,0.38191529950400616,0.40594824256469675,0.43853820598006643,0.6796585003711952,0.42793522267206474,0.4746524938675388,0.4746524938675388,0.6823984526112186,0.3103174603174603,0.3023347843292442,0.49109907120743035,0.540122199592668,0.4896496815286624,0.4896496815286624,0.4582664526484751,0.7143945163747144,0.49964838255977495,0.5016949152542373,0.7106283941039566,0.49517340007150523,0.3950617283950617,0.6903039073806079,0.1759588770264927,0.11026615969581754,0.5985191279308926,0.14764826175869117,0.11026615969581754,0.18297533810660305,0.0,0.18904320987654322,0.2613935969868173,0.1892987434130523,0.17466027178257393,0.5888659793814432,0.5842191332788226,0.5830592105263157,0.18297533810660305,0.18904320987654322,0.24160305343511446,0.19769749900754263,0.22268747620860296,0.184016393442623,0.5935696619950536,0.17678424938474158,0.20080971659919034,0.29897823189693473,0.29897823189693473,0.29897823189693473,0.6719965427830596,0.29897823189693473,0.29897823189693473,0.2788861180382377,0.6323651452282157,0.6403580146460537,0.3013066871637202,0.688573883161512,0.24589507408890665,0.24888558692421991,0.24888558692421991,0.6300351974970668,0.23544973544973546,0.23603192702394526,0.6876680752977333,0.6143926788685524,0.27357755261106786,0.7161897295178361,0.4784468575189207,0.665996649916248,0.4784468575189207,0.4784468575189207,0.6610056610056609,0.4301332422275367,0.6652037617554859,0.30140630938806534,0.30140630938806534,0.44730941704035876,0.44806763285024154,0.44806763285024154,0.41870734644720997,0.46901579586877273,0.7010744435917114,0.7010744435917114,0.7167889160554197,0.721678891605542,0.3993388429752066,0.46734279918864097,0.42906309751434035,0.4707671510645488,0.6770833333333333,0.734375,0.7033398821218075,0.6977309562398704,0.6937400950871633,0.7019386106623586,0.6932688432083838
Bacteroides fragilis,0.7312564190345772,0.5052453468697123,0.5052453468697123,0.5052453468697123,0.5052453468697123,0.5052453468697123,0.5052453468697123,0.5052453468697123,0.5052453468697123,0.5052453468697123,0.5052453468697123,0.4784172661870504,0.4784172661870504,0.7103844771828962,0.6284509202453987,0.6284509202453987,0.49487354750512647,0.6954403063000347,0.6954403063000347,0.42756183745583043,0.29295678802313707,0.29295678802313707,0.30220395965633173,0.4353813559322034,0.4599184782608695,0.6799999999999999,0.46348623853211013,0.4960864703689899,0.4960864703689899,0.688582537999293,0.3595828838547285,0.34985632183908044,0.5221518987341772,0.5815395840933966,0.5168295331161781,0.5168295331161781,0.48906705539358597,0.7155322862129145,0.4210708117443869,0.5208981001727115,0.7125621007806955,0.504143188597945,0.31945926716471007,0.6902536715620828,0.10884615384615381,0.208848893888264,0.620958751393534,0.11063330727130571,0.208848893888264,0.10869565217391308,0.18904320987654322,0.0,0.1898454746136865,0.12165354330708666,0.11420828493999224,0.612807148175726,0.6073937153419593,0.6028315946348733,0.10869565217391308,0.0,0.17094972067039105,0.11956521739130432,0.09536576024511678,0.13214990138067062,0.6082397003745319,0.14564623194064819,0.1373087485288348,0.38554687499999996,0.38554687499999996,0.38554687499999996,0.690577743311361,0.38554687499999996,0.38554687499999996,0.33082989110026284,0.6577181208053691,0.6600514516721794,0.23071161048689137,0.7083493651404387,0.29981851179673324,0.14491682070240297,0.14491682070240297,0.6384120171673819,0.15678280207561157,0.1617100371747212,0.6942786942786943,0.6272658610271904,0.2108843537414966,0.7272403982930299,0.48602150537634403,0.6726540724682564,0.48602150537634403,0.48602150537634403,0.6605760297305667,0.44771863117870725,0.6550707547169812,0.21436588103254772,0.21436588103254772,0.375,0.48818611414031265,0.48818611414031265,0.4649059334298119,0.5138282387190685,0.7028832630098453,0.7028832630098453,0.729112992270887,0.7316623663840767,0.3044481054365733,0.5036656891495601,0.45788185948968896,0.38278633623576697,0.6970037453183521,0.7342836257309941,0.6932559825960841,0.7094644167278064,0.7097814403439627,0.727206946454414,0.6924778761061947
Bacteroides fluxus,0.7047483041770797,0.5032769920662297,0.5032769920662297,0.5032769920662297,0.5032769920662297,0.5032769920662297,0.5032769920662297,0.5032769920662297,0.5032769920662297,0.5032769920662297,0.5032769920662297,0.47352941176470587,0.47352941176470587,0.7214129643117262,0.6557817902420284,0.6557817902420284,0.4884696016771488,0.676046176046176,0.676046176046176,0.4713286713286713,0.32006802721088434,0.32006802721088434,0.3213077790304397,0.45033819864720537,0.42265486725663715,0.6484458735262594,0.4948717948717949,0.5289962825278811,0.5289962825278811,0.6587887740029542,0.3794723527285869,0.3796196627197703,0.5315058739765042,0.5940959409594095,0.5450597176981542,0.5450597176981542,0.5158701203940168,0.6829981718464351,0.3896057347670251,0.48994252873563215,0.7298747763864043,0.5027008777852802,0.3430813124108416,0.6636553161917998,0.18696140876732859,0.26027397260273977,0.5497005988023952,0.1626738794435858,0.26027397260273977,0.1806451612903226,0.2613935969868173,0.1898454746136865,0.0,0.1739299610894942,0.14655839133797366,0.5319919517102616,0.5332007952286282,0.5463182897862233,0.1806451612903226,0.1898454746136865,0.06137184115523464,0.18161007249141548,0.167353051291651,0.1737254901960784,0.55577610162763,0.17181996086105678,0.17149569303054035,0.39278636543797063,0.39278636543797063,0.39278636543797063,0.6856573705179283,0.39278636543797063,0.39278636543797063,0.23982265215638854,0.6166535742340926,0.6197292069632495,0.14900398406374504,0.724124513618677,0.22777991535205844,0.22046109510086453,0.22046109510086453,0.6054599850411369,0.18569310600444777,0.177836016473231,0.6625045905251561,0.6587481146304676,0.22425629290617854,0.7057301293900184,0.5226926591532135,0.646074646074646,0.5226926591532135,0.5226926591532135,0.6444302585381423,0.400464499004645,0.6534534534534535,0.2369508073601202,0.2369508073601202,0.395825704870011,0.5018355359765052,0.5018355359765052,0.46025878003696863,0.5129918337045285,0.6748623853211009,0.6748623853211009,0.735481453727988,0.7423335826477188,0.3545454545454545,0.5241430151124217,0.44100719424460433,0.41896838602329456,0.7214285714285714,0.7040581929555896,0.7206095791001451,0.7263976305072195,0.6640121350018962,0.7472687545520758,0.7221812822402358
Bacteroides finegoldii,0.7490111470693994,0.5339398180545836,0.5339398180545836,0.5339398180545836,0.5339398180545836,0.5339398180545836,0.5339398180545836,0.5339398180545836,0.5339398180545836,0.5339398180545836,0.5339398180545836,0.46569566883863545,0.46569566883863545,0.7226443768996961,0.6259228876127974,0.6259228876127974,0.5103423680456491,0.709783803591059,0.709783803591059,0.45763330898466037,0.29233511586452765,0.29233511586452765,0.28854538248117323,0.418359668924003,0.4694385216773277,0.6932758000719166,0.4543325526932084,0.506080816006277,0.506080816006277,0.7114317425083241,0.35108406238113354,0.3470855412566237,0.5235796509468993,0.5552486187845305,0.5219549446353571,0.5219549446353571,0.4903697996918336,0.7337733773377337,0.43965517241379315,0.5334538878842676,0.7233483483483483,0.5256277949776402,0.29981096408317576,0.7127437325905293,0.11646586345381527,0.2022915843540103,0.6331894860729698,0.10919540229885061,0.2022915843540103,0.07341352136043133,0.1892987434130523,0.12165354330708666,0.1739299610894942,0.0,0.09515996718621822,0.6043079377742322,0.616106333072713,0.6047524752475247,0.07341352136043133,0.12165354330708666,0.17955693742712786,0.09921778509674761,0.14101057579318443,0.06855184233076261,0.6171224732461356,0.07656316461080392,0.09079391891891897,0.32576082297471065,0.32576082297471065,0.32576082297471065,0.6929460580912863,0.32576082297471065,0.32576082297471065,0.3067041348855881,0.6583134447096262,0.6696498054474709,0.21759809750297265,0.7098103874690849,0.28180416345412496,0.17346549752192142,0.17346549752192142,0.6449659348978047,0.14536928487690504,0.14178810555336752,0.7072538860103628,0.6540284360189573,0.18777643747486927,0.7464472700074795,0.5104562737642586,0.6961130742049471,0.5104562737642586,0.5104562737642586,0.6886399999999999,0.4722040549378679,0.6911231884057971,0.21023622047244095,0.21023622047244095,0.3565048543689321,0.4664586583463338,0.4664586583463338,0.44099378881987583,0.49335937500000004,0.7304730473047305,0.7304730473047305,0.7408274785323965,0.7410889150019585,0.32344921608725286,0.4846698113207547,0.44999999999999996,0.3897830650804759,0.7054140127388535,0.7476780185758514,0.720348616900341,0.7139507620164127,0.717597871531737,0.7322804314329738,0.7075545171339563
Bacteroides intestinalis,0.7406755805770584,0.5165975103734439,0.5165975103734439,0.5165975103734439,0.5165975103734439,0.5165975103734439,0.5165975103734439,0.5165975103734439,0.5165975103734439,0.5165975103734439,0.5165975103734439,0.45169811320754716,0.45169811320754716,0.70093808630394,0.6238532110091743,0.6238532110091743,0.5008762705923588,0.7053986414015017,0.7053986414015017,0.4449640287769784,0.2908074099965047,0.2908074099965047,0.28493788819875776,0.42112986060161406,0.4628531566096965,0.6856740584301302,0.4656084656084656,0.49344641480339246,0.49344641480339246,0.6956680014561339,0.34453154162000743,0.34983376431473956,0.5231884057971015,0.5677837014470678,0.5060195635816404,0.5060195635816404,0.4822507552870091,0.7201008645533141,0.4285714285714286,0.5218783351120597,0.7213294375456538,0.5147307822553335,0.3011825572801182,0.7014363885088919,0.10071371927042028,0.17503924646781788,0.5889763779527559,0.09319286871961097,0.17503924646781788,0.10048038430744599,0.17466027178257393,0.11420828493999224,0.14655839133797366,0.09515996718621822,0.0,0.5979742890533697,0.5896939170864006,0.584765625,0.10048038430744599,0.11420828493999224,0.1421359223300971,0.10104669887278583,0.11366290385363953,0.09508061182306737,0.6051301982122037,0.10106820049301557,0.09128459314332915,0.34531185460553493,0.34531185460553493,0.34531185460553493,0.6847430190206394,0.34531185460553493,0.34531185460553493,0.3139398672393596,0.6559597523219814,0.6563573883161512,0.20639875146312914,0.7069655724579664,0.2842620481927711,0.16472795497185744,0.16472795497185744,0.6395563770794824,0.10481032459913964,0.10015772870662465,0.690597667638484,0.6397828615742536,0.20179547228727557,0.7341400806747341,0.5057578586990352,0.6834441278885723,0.5057578586990352,0.5057578586990352,0.6757097791798108,0.45064935064935063,0.6709619418639496,0.21032357473035435,0.21032357473035435,0.3750937734433608,0.4790645039607695,0.4790645039607695,0.44796380090497734,0.5022710068130205,0.7182439726520331,0.7182439726520331,0.7339170156071564,0.7370426829268293,0.33144946808510634,0.5001896094046265,0.45418470418470414,0.39082819986310746,0.6916471506635441,0.7354056103108415,0.7150776053215078,0.6977726574500769,0.7095096582466567,0.7227871939736347,0.7132103876552502
Bacteroides faecis,0.49194547707558856,0.6034635879218473,0.6034635879218473,0.6034635879218473,0.6034635879218473,0.6034635879218473,0.6034635879218473,0.6034635879218473,0.6034635879218473,0.6034635879218473,0.6034635879218473,0.6687668766876688,0.6687668766876688,0.5307545973367153,0.6336692353289863,0.6336692353289863,0.5718194254445965,0.44374607165304836,0.44374607165304836,0.6568047337278107,0.720532968910147,0.720532968910147,0.7274494556765163,0.6217277486910995,0.5909287257019438,0.40382244143033297,0.6707706338349293,0.6409247417609445,0.6409247417609445,0.4199611147116008,0.7087912087912087,0.703862660944206,0.6493087557603687,0.6224328593996841,0.6536445926631729,0.6536445926631729,0.644978783592645,0.46916719643992366,0.6379025598678778,0.6230558096980787,0.5339141257000622,0.6161400512382579,0.7032306536438768,0.4372421921037124,0.6193181818181819,0.5940633774568793,0.17576664173522816,0.6111544461778471,0.5940633774568793,0.6073500967117988,0.5888659793814432,0.612807148175726,0.5319919517102616,0.6043079377742322,0.5979742890533697,0.0,0.1226486079759217,0.13262999246420493,0.6073500967117988,0.612807148175726,0.5438175270108043,0.6219135802469136,0.6055011303692539,0.6219657779546359,0.16791604197901044,0.6147410358565737,0.6260869565217391,0.5615887380593263,0.5615887380593263,0.5615887380593263,0.3894414690130069,0.5615887380593263,0.5615887380593263,0.5004725897920606,0.27555555555555555,0.28715728715728717,0.6052525252525253,0.48363636363636364,0.5585128855090833,0.6328467153284671,0.6328467153284671,0.2986577181208053,0.6195449459157031,0.6129154078549849,0.40832249674902465,0.39032697547683926,0.6617703904136065,0.48919449901768175,0.5965451055662188,0.4383419689119171,0.5965451055662188,0.5965451055662188,0.439161554192229,0.5675355450236967,0.48036951501154734,0.6703380174705659,0.6703380174705659,0.69063270336894,0.6901088929219601,0.6901088929219601,0.7631140716069942,0.7546501328609388,0.44165054803352677,0.44165054803352677,0.5283400809716599,0.5393939393939393,0.718915343915344,0.7074517019319227,0.5994647636039251,0.6980234260614935,0.4996600951733514,0.47317073170731705,0.5259165613147914,0.5155320555188367,0.39046302695231516,0.558408215661104,0.5
Bacteroides nordii,0.49544072948328266,0.6050788091068301,0.6050788091068301,0.6050788091068301,0.6050788091068301,0.6050788091068301,0.6050788091068301,0.6050788091068301,0.6050788091068301,0.6050788091068301,0.6050788091068301,0.6724214254094731,0.6724214254094731,0.5344934742075824,0.6288720046756282,0.6288720046756282,0.5860071301247771,0.468978102189781,0.468978102189781,0.6570713391739675,0.7256815886906766,0.7256815886906766,0.7263643351268255,0.6348122866894198,0.597452229299363,0.406060606060606,0.6779964221824687,0.6434446057087566,0.6434446057087566,0.4149616368286445,0.7069099378881988,0.7030466640956421,0.6478616924476797,0.6289989680082559,0.6489161168708766,0.6489161168708766,0.6448163644816365,0.4769900497512438,0.6356209150326797,0.6093892433910666,0.5499092558983666,0.6151898734177215,0.707732149463559,0.4620217018846373,0.6148064637354378,0.5984189723320158,0.16432272390821612,0.6114109483423285,0.5984189723320158,0.6081804281345566,0.5842191332788226,0.6073937153419593,0.5332007952286282,0.616106333072713,0.5896939170864006,0.1226486079759217,0.0,0.08003048780487809,0.6081804281345566,0.6073937153419593,0.5454545454545454,0.6204658266513936,0.601644245142003,0.6226415094339622,0.15515961395694133,0.6094861660079052,0.6197017268445839,0.5823155837811431,0.5823155837811431,0.5823155837811431,0.41506646971935013,0.5823155837811431,0.5823155837811431,0.5188940092165899,0.30057388809182206,0.29689703808180534,0.6094745222929936,0.4748923959827833,0.5701863354037267,0.631864161849711,0.631864161849711,0.31413612565445026,0.6212232866617539,0.6203566121842496,0.41363926067558954,0.39519359145527366,0.6588820826952526,0.48906048906048905,0.5878533231474408,0.42849794238683125,0.5878533231474408,0.5878533231474408,0.4262461851475077,0.557609123082973,0.48384160218479744,0.675392670157068,0.675392670157068,0.7020506634499397,0.6816749212066637,0.6816749212066637,0.7615131578947368,0.7420634920634921,0.44921135646687693,0.44921135646687693,0.5381578947368422,0.5431773236651285,0.7214239059438275,0.711121157323689,0.6145470383275261,0.7034234234234233,0.5132275132275133,0.49494268374915706,0.5351851851851852,0.5283140283140283,0.4147157190635451,0.5534471853257432,0.5141206675224648
Bacteroides salyersiae,0.5183845690174804,0.6058073031236252,0.6058073031236252,0.6058073031236252,0.6058073031236252,0.6058073031236252,0.6058073031236252,0.6058073031236252,0.6058073031236252,0.6058073031236252,0.6058073031236252,0.6764314247669774,0.6764314247669774,0.5423412204234122,0.6291936433195997,0.6291936433195997,0.5764546684709067,0.45488257107540175,0.45488257107540175,0.6557514693534845,0.7210722768917543,0.7210722768917543,0.7220930232558139,0.6280172413793104,0.6046709129511677,0.4163636363636364,0.6796945193171609,0.6351616062683644,0.6351616062683644,0.4338422391857506,0.7110073901205757,0.7076091154886057,0.6628959276018099,0.6363636363636364,0.6441484300666032,0.6441484300666032,0.652093023255814,0.4894409937888199,0.6425653594771241,0.6177676537585421,0.5540704738760631,0.617696867061812,0.7039522744220731,0.4585253456221198,0.604412324077596,0.594583831142971,0.1439336850037679,0.6110034870205348,0.594583831142971,0.6082949308755761,0.5830592105263157,0.6028315946348733,0.5463182897862233,0.6047524752475247,0.584765625,0.13262999246420493,0.08003048780487809,0.0,0.6082949308755761,0.6028315946348733,0.5538886695617844,0.6029526029526029,0.5836501901140685,0.6068717538953257,0.11026033690658499,0.6090584028605484,0.607242339832869,0.5767143561914159,0.5767143561914159,0.5767143561914159,0.4357090374724467,0.5767143561914159,0.5767143561914159,0.507469654528478,0.2705882352941177,0.28836545324768026,0.6090436174469788,0.45381231671554256,0.5623430962343097,0.6220760233918128,0.6220760233918128,0.28370221327967804,0.6183234421364985,0.615874204417821,0.39688715953307396,0.3650684931506849,0.6556112610875433,0.5105431309904154,0.5986290936785986,0.4460358056265985,0.5986290936785986,0.5986290936785986,0.4412360688956434,0.5771628994544038,0.4915794264906691,0.6738148984198646,0.6738148984198646,0.7026262626262626,0.6834011759384894,0.6834011759384894,0.7654575432811213,0.7506607929515419,0.4657448145820239,0.4657448145820239,0.5445544554455446,0.5476821192052981,0.7257273618829683,0.719385449615906,0.6147110332749562,0.7058185760751716,0.5116744496330887,0.49524456521739135,0.5210295040803515,0.5095206828627709,0.42713903743315507,0.5587301587301587,0.5
Bacteroides sp902362375,0.7443002455278849,0.5177892918825562,0.5177892918825562,0.5177892918825562,0.5177892918825562,0.5177892918825562,0.5177892918825562,0.5177892918825562,0.5177892918825562,0.5177892918825562,0.5177892918825562,0.46808510638297873,0.46808510638297873,0.7259013980868285,0.6256471525288729,0.6256471525288729,0.503149055283415,0.707351891506067,0.707351891506067,0.45184389545291803,0.3005559416261293,0.3005559416261293,0.2990762124711316,0.42595978062157225,0.4651810584958217,0.687170474516696,0.45648042569365266,0.5040183696900115,0.5040183696900115,0.7042660882140275,0.346626910175177,0.33779761904761907,0.5179934569247546,0.5552995391705069,0.5223214285714286,0.5223214285714286,0.4966342557965595,0.7261648745519713,0.4392556179775281,0.5361042620641071,0.7223641006931777,0.5204047217537943,0.325564457392571,0.7037542662116041,0.11229314420803782,0.20077369439071568,0.633765243902439,0.10811897106109325,0.20077369439071568,0.0,0.18297533810660305,0.10869565217391308,0.1806451612903226,0.07341352136043133,0.10048038430744599,0.6073500967117988,0.6081804281345566,0.6082949308755761,0.0,0.10869565217391308,0.18268135206988223,0.12031872509960162,0.14717125382262997,0.10407239819004521,0.6282002292701567,0.10377358490566035,0.12570965125709654,0.3304166666666667,0.3304166666666667,0.3304166666666667,0.6975160256410257,0.3304166666666667,0.3304166666666667,0.3324324324324325,0.6623026569118213,0.6726998491704375,0.22949557181363112,0.7193816884661117,0.29416167664670656,0.17938221064384074,0.17938221064384074,0.6570594673476833,0.15422696115765422,0.1557596632223498,0.7122895019706199,0.6596638655462185,0.21809744779582363,0.7461873638344226,0.5040498442367601,0.6901763224181361,0.5040498442367601,0.5040498442367601,0.679559748427673,0.46773675762439804,0.6793688597796963,0.2324077596044123,0.2324077596044123,0.3599545798637396,0.4786872878159185,0.4786872878159185,0.44817188088955895,0.5041572184429327,0.7178841309823678,0.7178841309823678,0.725775564917656,0.7495284798189363,0.3216315613507188,0.4831288343558282,0.4599353215954006,0.3965223320831913,0.7018970189701896,0.7580945292147376,0.7246057939127246,0.7190332326283988,0.7134394668641244,0.731488406881077,0.7113790504898267
Bacteroides fragilis_A,0.7312564190345772,0.5052453468697123,0.5052453468697123,0.5052453468697123,0.5052453468697123,0.5052453468697123,0.5052453468697123,0.5052453468697123,0.5052453468697123,0.5052453468697123,0.5052453468697123,0.4784172661870504,0.4784172661870504,0.7103844771828962,0.6284509202453987,0.6284509202453987,0.49487354750512647,0.6954403063000347,0.6954403063000347,0.42756183745583043,0.29295678802313707,0.29295678802313707,0.30220395965633173,0.4353813559322034,0.4599184782608695,0.6799999999999999,0.46348623853211013,0.4960864703689899,0.4960864703689899,0.688582537999293,0.3595828838547285,0.34985632183908044,0.5221518987341772,0.5815395840933966,0.5168295331161781,0.5168295331161781,0.48906705539358597,0.7155322862129145,0.4210708117443869,0.5208981001727115,0.7125621007806955,0.504143188597945,0.31945926716471007,0.6902536715620828,0.10884615384615381,0.208848893888264,0.620958751393534,0.11063330727130571,0.208848893888264,0.10869565217391308,0.18904320987654322,0.0,0.1898454746136865,0.12165354330708666,0.11420828493999224,0.612807148175726,0.6073937153419593,0.6028315946348733,0.10869565217391308,0.0,0.17094972067039105,0.11956521739130432,0.09536576024511678,0.13214990138067062,0.6082397003745319,0.14564623194064819,0.1373087485288348,0.38554687499999996,0.38554687499999996,0.38554687499999996,0.690577743311361,0.38554687499999996,0.38554687499999996,0.33082989110026284,0.6577181208053691,0.6600514516721794,0.23071161048689137,0.7083493651404387,0.29981851179673324,0.14491682070240297,0.14491682070240297,0.6384120171673819,0.15678280207561157,0.1617100371747212,0.6942786942786943,0.6272658610271904,0.2108843537414966,0.7272403982930299,0.48602150537634403,0.6726540724682564,0.48602150537634403,0.48602150537634403,0.6605760297305667,0.44771863117870725,0.6550707547169812,0.21436588103254772,0.21436588103254772,0.375,0.48818611414031265,0.48818611414031265,0.4649059334298119,0.5138282387190685,0.7028832630098453,0.7028832630098453,0.729112992270887,0.7316623663840767,0.3044481054365733,0.5036656891495601,0.45788185948968896,0.38278633623576697,0.6970037453183521,0.7342836257309941,0.6932559825960841,0.7094644167278064,0.7097814403439627,0.727206946454414,0.6924778761061947
Bacteroides clarus,0.7088833392793435,0.4965277777777778,0.4965277777777778,0.4965277777777778,0.4965277777777778,0.4965277777777778,0.4965277777777778,0.4965277777777778,0.4965277777777778,0.4965277777777778,0.4965277777777778,0.4768382352941176,0.4768382352941176,0.716275659824047,0.651468315301391,0.651468315301391,0.47724867724867726,0.6759493670886076,0.6759493670886076,0.46264975334742775,0.319127173542448,0.319127173542448,0.32090395480225986,0.44746247319513943,0.4258407079646017,0.6583718450053324,0.48708487084870844,0.5213483146067416,0.5213483146067416,0.6566555431961438,0.37390988372093026,0.3787769784172662,0.5278969957081545,0.5911786508524833,0.5350620891161432,0.5350620891161432,0.5082690187431091,0.6800146950771492,0.3818116203536629,0.4926338483650736,0.7216606498194946,0.49966101694915255,0.3433369060378707,0.672318339100346,0.17941952506596304,0.2623193775472398,0.5601907032181168,0.14826375341396802,0.2623193775472398,0.18268135206988223,0.24160305343511446,0.17094972067039105,0.06137184115523464,0.17955693742712786,0.1421359223300971,0.5438175270108043,0.5454545454545454,0.5538886695617844,0.18268135206988223,0.17094972067039105,0.0,0.17948717948717952,0.16177577125658393,0.17796942375539004,0.5627722772277228,0.16817288801571706,0.17358934169278994,0.3912524850894632,0.3912524850894632,0.3912524850894632,0.6839999999999999,0.3912524850894632,0.3912524850894632,0.24979919678714857,0.6255868544600939,0.624275222265172,0.1635643564356436,0.7236533957845434,0.23667050249328725,0.20495085547870406,0.20495085547870406,0.6051743532058493,0.17958271236959766,0.17231000752445447,0.6623711340206185,0.6580937972768532,0.22226472838561595,0.7047477744807122,0.5145750230131942,0.646793425717048,0.5145750230131942,0.5145750230131942,0.6451406649616369,0.40714995034756707,0.6529199277543649,0.22969399319984884,0.22969399319984884,0.3932377802278574,0.5029411764705882,0.5029411764705882,0.47205882352941175,0.5168831168831169,0.6786500366837858,0.6786500366837858,0.739797828528641,0.7381489841986456,0.3413114754098361,0.5241965275212412,0.44480402732829916,0.4129852744310576,0.7127134724857684,0.7010388611004232,0.7107771260997067,0.713053263315829,0.6699470098410295,0.7423020527859238,0.7112518628912072
Phocaeicola dorei,0.7381882770870338,0.5254237288135593,0.5254237288135593,0.5254237288135593,0.5254237288135593,0.5254237288135593,0.5254237288135593,0.5254237288135593,0.5254237288135593,0.5254237288135593,0.5254237288135593,0.45430413348502086,0.45430413348502086,0.7115528882220555,0.6340782122905029,0.6340782122905029,0.5045742434904996,0.7132116004296456,0.7132116004296456,0.4546762589928057,0.28586535072259434,0.28586535072259434,0.2854353768059352,0.4246777163904236,0.4690667598741699,0.6910310734463276,0.46828712495252567,0.4916439953361834,0.4916439953361834,0.7106598984771574,0.3619472315124489,0.3543365455893255,0.5393217893217893,0.5850701023114816,0.5172932330827067,0.5172932330827067,0.4981188863807374,0.7393636038612799,0.4347980155917789,0.52518756698821,0.7279384840717686,0.521370420624152,0.2954121596419247,0.6964038727524204,0.11067036890122972,0.21229698375870065,0.6271709764569664,0.10490076954232486,0.21229698375870065,0.12031872509960162,0.19769749900754263,0.11956521739130432,0.18161007249141548,0.09921778509674761,0.10104669887278583,0.6219135802469136,0.6204658266513936,0.6029526029526029,0.12031872509960162,0.11956521739130432,0.17948717948717952,0.0,0.08997225525168451,0.08566652737150016,0.5998427672955975,0.11138512124948619,0.1079077429983526,0.3557851239669422,0.3557851239669422,0.3557851239669422,0.7097678142514011,0.3557851239669422,0.3557851239669422,0.3198903680501175,0.6601866251944013,0.6722433460076045,0.22662010089251072,0.7121029352633695,0.2924990576705616,0.15687760515346727,0.15687760515346727,0.642512077294686,0.1436825885978429,0.140139751552795,0.7089065894279507,0.6327572663000786,0.20603211907559738,0.7509117432531,0.5104524180967238,0.6890862944162437,0.5104524180967238,0.5104524180967238,0.6829807388695927,0.4589152322182527,0.6746843054720385,0.23836765827612505,0.23836765827612505,0.3724007561436673,0.4829545454545454,0.4829545454545454,0.4470186099506267,0.50399695470118,0.7242872609166366,0.7242872609166366,0.7335892514395393,0.7487628473543966,0.33266533066132264,0.5001909125620465,0.47109515260323165,0.402801503245644,0.7042088854247857,0.7480136208853576,0.7174721189591078,0.7130833970925784,0.726634650905061,0.7414889637111859,0.7136897990140312
Phocaeicola vulgatus,0.7289364640883977,0.515212981744422,0.515212981744422,0.515212981744422,0.515212981744422,0.515212981744422,0.515212981744422,0.515212981744422,0.515212981744422,0.515212981744422,0.515212981744422,0.47479143997098294,0.47479143997098294,0.7189072609633358,0.645825390773923,0.645825390773923,0.5003424657534247,0.6987067458930444,0.6987067458930444,0.4314073023750443,0.2997275204359673,0.2997275204359673,0.3083832335329342,0.4337006754354782,0.45529290853031856,0.6726643598615917,0.4782449725776965,0.5020545386626821,0.5020545386626821,0.6848679514632405,0.36681065514758815,0.36001435750179467,0.5293910594860964,0.592201166180758,0.5301335258029591,0.5301335258029591,0.5019992729916394,0.711667254141699,0.4198818213416754,0.5187891440501045,0.7127545551982851,0.5099601593625498,0.31637405947689,0.684991568296796,0.1292543021032505,0.22818791946308725,0.6074801662259162,0.13136416634279047,0.22818791946308725,0.14717125382262997,0.22268747620860296,0.09536576024511678,0.167353051291651,0.14101057579318443,0.11366290385363953,0.6055011303692539,0.601644245142003,0.5836501901140685,0.14717125382262997,0.09536576024511678,0.16177577125658393,0.08997225525168451,0.0,0.13612979817965964,0.5820207452938917,0.15684744440109244,0.13172468354430378,0.39217221135029356,0.39217221135029356,0.39217221135029356,0.690625,0.39217221135029356,0.39217221135029356,0.30326295585412666,0.6524689031285338,0.6513966480446927,0.21602126044039482,0.711523588553751,0.28017718715393136,0.13624486748786857,0.13624486748786857,0.6400575332614167,0.15235250186706495,0.15107102593010147,0.689251507626818,0.6252856054836253,0.20746098210886943,0.7361308677098151,0.5001529519730805,0.6754740441405036,0.5001529519730805,0.5001529519730805,0.6666666666666667,0.44826488379496976,0.66086186540732,0.20830188679245287,0.20830188679245287,0.3870498363041106,0.49891067538126366,0.49891067538126366,0.4733984799131379,0.5261437908496732,0.7053003533568905,0.7053003533568905,0.7387785136129508,0.7441176470588236,0.31767411300919846,0.5166361974405851,0.45907973305233574,0.39115874079035495,0.7135940409683427,0.7261948869951834,0.6937956204379563,0.7115455551457026,0.7076255872786411,0.7457809694793537,0.705514705882353
Phocaeicola plebeius,0.7552422270426609,0.5337098482174374,0.5337098482174374,0.5337098482174374,0.5337098482174374,0.5337098482174374,0.5337098482174374,0.5337098482174374,0.5337098482174374,0.5337098482174374,0.5337098482174374,0.4606131160263873,0.4606131160263873,0.7187981510015409,0.625466611364579,0.625466611364579,0.5039739884393064,0.711645101663586,0.711645101663586,0.4549815498154982,0.2893127024109392,0.2893127024109392,0.27547321788159485,0.4271698113207547,0.47627541919372096,0.702020202020202,0.45450964946829464,0.49361022364217255,0.49361022364217255,0.7166790766939688,0.3465384615384616,0.3500952380952381,0.5265519820493643,0.5666271253459866,0.5118354675979822,0.5118354675979822,0.4873393065835606,0.7367837338262477,0.42888402625820565,0.5267595307917888,0.7325800376647834,0.5370051635111877,0.30380228136882126,0.7172389628591451,0.1134981759221727,0.20445505171042166,0.6371541501976284,0.10137100124636478,0.20445505171042166,0.10407239819004521,0.184016393442623,0.13214990138067062,0.1737254901960784,0.06855184233076261,0.09508061182306737,0.6219657779546359,0.6226415094339622,0.6068717538953257,0.10407239819004521,0.13214990138067062,0.17796942375539004,0.08566652737150016,0.13612979817965964,0.0,0.6138097149739061,0.058848983124188625,0.04660278745644597,0.31739130434782614,0.31739130434782614,0.31739130434782614,0.6937919463087248,0.31739130434782614,0.31739130434782614,0.29861676159479256,0.6571428571428571,0.671249018067557,0.2098715890850722,0.7081419624217119,0.27842679127725856,0.17466410748560457,0.17466410748560457,0.6483600305110603,0.1514913657770801,0.14353687549563843,0.7071802543006731,0.6441495778045838,0.17062193126022918,0.7425104285172545,0.5181067344345616,0.7010009686793671,0.5181067344345616,0.5181067344345616,0.6964056482670089,0.47399605003291634,0.6937101185050136,0.2117367168913561,0.2117367168913561,0.36795021392454297,0.46432794639337804,0.46432794639337804,0.4416601409553641,0.49091627172195895,0.7315808959644576,0.7315808959644576,0.7391304347826086,0.7398889770023791,0.3254458161865569,0.4917061611374408,0.4581939799331104,0.3956430077301476,0.708433734939759,0.7460815047021944,0.7204136346227499,0.7139470564994074,0.7161538461538461,0.728515625,0.7095125786163522
Phocaeicola massiliensis,0.5083076923076923,0.6097560975609756,0.6097560975609756,0.6097560975609756,0.6097560975609756,0.6097560975609756,0.6097560975609756,0.6097560975609756,0.6097560975609756,0.6097560975609756,0.6097560975609756,0.6809843400447427,0.6809843400447427,0.551789077212806,0.631484794275492,0.631484794275492,0.5744292237442923,0.4510050251256281,0.4510050251256281,0.6570580754557016,0.7173763736263736,0.7173763736263736,0.7178781925343811,0.635023840485479,0.6084724005134788,0.42166462668298654,0.6777423759672281,0.6323894684550422,0.6323894684550422,0.4223521767381416,0.7172467735627689,0.7147846332945285,0.6662100456621005,0.6391644908616188,0.6402704007725737,0.6402704007725737,0.6496935407826496,0.4726114649681529,0.6403472509301364,0.6130374479889042,0.5455672659640421,0.6215870307167235,0.7069872276483846,0.4630599185573008,0.619969627942293,0.6130952380952381,0.18188622754491013,0.6161340607950117,0.6130952380952381,0.6282002292701567,0.5935696619950536,0.6082397003745319,0.55577610162763,0.6171224732461356,0.6051301982122037,0.16791604197901044,0.15515961395694133,0.11026033690658499,0.6282002292701567,0.6082397003745319,0.5627722772277228,0.5998427672955975,0.5820207452938917,0.6138097149739061,0.0,0.6176236044657097,0.6057924376508448,0.5794718485301444,0.5794718485301444,0.5794718485301444,0.43071161048689144,0.5794718485301444,0.5794718485301444,0.5094250706880301,0.28423390081421174,0.3090128755364807,0.6193341355796229,0.4652366863905325,0.5621301775147929,0.6244477172312224,0.6244477172312224,0.2927653820148749,0.6253258845437617,0.6192989068978515,0.3971071663379355,0.3648366921473245,0.6640866873065016,0.5123056994818653,0.6121050628092881,0.46734693877551026,0.6121050628092881,0.6121050628092881,0.46079919069296915,0.5893135725429017,0.49954254345837146,0.6726235741444867,0.6726235741444867,0.6979508196721311,0.6826923076923077,0.6826923076923077,0.7728968089515127,0.7541129390840373,0.45606157793457347,0.45606157793457347,0.5380471380471381,0.5490591397849462,0.7335299901671584,0.7255348202093764,0.6253842775581906,0.7125226860254084,0.5003412969283276,0.48331015299026425,0.5067524115755627,0.5083388925950634,0.41814461118690316,0.5611325611325612,0.4956810631229236
Phocaeicola coprocola,0.7470097861544038,0.527208480565371,0.527208480565371,0.527208480565371,0.527208480565371,0.527208480565371,0.527208480565371,0.527208480565371,0.527208480565371,0.527208480565371,0.527208480565371,0.4473478939157566,0.4473478939157566,0.7089292616930808,0.6104384133611691,0.6104384133611691,0.5053956834532374,0.7140757074604924,0.7140757074604924,0.44637573964497046,0.29835831548893643,0.29835831548893643,0.28844621513944224,0.43253373313343324,0.4750889679715302,0.6988472622478386,0.44593528018942385,0.49821499404998015,0.49821499404998015,0.7119464086341645,0.3424289008455035,0.330130668716372,0.5129748025573524,0.5484642999601117,0.5110251450676982,0.5110251450676982,0.48306734137796803,0.7292592592592593,0.42893493275172667,0.5264888564121301,0.7253866465484723,0.5357142857142857,0.30170777988614805,0.715034965034965,0.11698265429608712,0.20744259699129053,0.6283676703645008,0.08281053952321205,0.20744259699129053,0.10377358490566035,0.17678424938474158,0.14564623194064819,0.17181996086105678,0.07656316461080392,0.10106820049301557,0.6147410358565737,0.6094861660079052,0.6090584028605484,0.10377358490566035,0.14564623194064819,0.16817288801571706,0.11138512124948619,0.15684744440109244,0.058848983124188625,0.6176236044657097,0.0,0.0757057313943541,0.3090988245537658,0.3090988245537658,0.3090988245537658,0.6790540540540541,0.3090988245537658,0.3090988245537658,0.30396119644300723,0.6515090543259557,0.6615445232466509,0.21071571371451414,0.699581589958159,0.27499027615713734,0.18944570994684895,0.18944570994684895,0.654820415879017,0.15612802498048395,0.15336217066456936,0.7053338306602015,0.646141543382647,0.18347509113001215,0.7309451219512195,0.5074960127591707,0.6901362751460091,0.5074960127591707,0.5074960127591707,0.6872785829307568,0.466358839050132,0.685461749466626,0.2068965517241379,0.2068965517241379,0.34577603143418467,0.44532803180914515,0.44532803180914515,0.4306483300589391,0.47938144329896903,0.7144992526158446,0.7144992526158446,0.7189124350259897,0.7272727272727273,0.32409308692676253,0.4843811783313563,0.45299145299145294,0.394109396914446,0.6991542488924688,0.7460007803355443,0.7189767086674304,0.7145104207628785,0.711760184473482,0.7145104207628785,0.7065515888583758
Phocaeicola coprophilus,0.7518959913326111,0.5368679775280899,0.5368679775280899,0.5368679775280899,0.5368679775280899,0.5368679775280899,0.5368679775280899,0.5368679775280899,0.5368679775280899,0.5368679775280899,0.5368679775280899,0.4680523479599692,0.4680523479599692,0.717249327698809,0.6212184003315375,0.6212184003315375,0.5062927004674578,0.7168011738811446,0.7168011738811446,0.4564498346196252,0.2913978494623656,0.2913978494623656,0.2751004016064257,0.4352544910179641,0.48031216743526073,0.7038765254845657,0.4518285489579237,0.498015873015873,0.498015873015873,0.7127976190476191,0.3541984732824427,0.35765595463138,0.5222429906542057,0.5671524222134698,0.5154320987654322,0.5154320987654322,0.4899224806201551,0.7296296296296296,0.4304395205230658,0.5246981339187706,0.7310293012772351,0.5325301204819277,0.3097846618813751,0.7216423103688239,0.13020833333333337,0.2254018032144257,0.6352523659305993,0.11709120788824978,0.2254018032144257,0.12570965125709654,0.20080971659919034,0.1373087485288348,0.17149569303054035,0.09079391891891897,0.09128459314332915,0.6260869565217391,0.6197017268445839,0.607242339832869,0.12570965125709654,0.1373087485288348,0.17358934169278994,0.1079077429983526,0.13172468354430378,0.04660278745644597,0.6057924376508448,0.0757057313943541,0.0,0.3413071337035455,0.3413071337035455,0.3413071337035455,0.6772419627749577,0.3413071337035455,0.3413071337035455,0.2967925294356476,0.6658701712465154,0.6677128285602196,0.20753205128205132,0.703796412181894,0.28272656855151046,0.18982536066818523,0.18982536066818523,0.6587481146304676,0.14128295946477765,0.13542494042891184,0.6940158073014678,0.6470823341326939,0.17501017501017502,0.7404464623533863,0.5256854711629373,0.7051652229708052,0.5256854711629373,0.5256854711629373,0.7001594896331739,0.47972531066056245,0.6984606097192876,0.19369009584664532,0.19369009584664532,0.36353032659409024,0.45737963693764794,0.45737963693764794,0.4420600858369099,0.48637978681405447,0.7225111441307578,0.7225111441307578,0.7344922955353614,0.7387351778656126,0.330150068212824,0.4937106918238994,0.45451169699220195,0.3865398167723749,0.7047733654231849,0.7340425531914894,0.71,0.7011128775834659,0.7071759259259259,0.7259259259259259,0.7013396375098503
Prevotella sp900313215,0.7033318119580101,0.4234354194407457,0.4234354194407457,0.4234354194407457,0.4234354194407457,0.4234354194407457,0.4234354194407457,0.4234354194407457,0.4234354194407457,0.4234354194407457,0.4234354194407457,0.31665832916458225,0.31665832916458225,0.6718673817649927,0.5090709180868609,0.5090709180868609,0.40657361548851867,0.6571960875640428,0.6571960875640428,0.3247663551401869,0.4684618222058281,0.4684618222058281,0.47112588284171164,0.3083491461100569,0.36715620827770357,0.6540880503144655,0.3059663437021928,0.37101747173689614,0.37101747173689614,0.6490978157644824,0.4071520896165446,0.4064102564102564,0.40592168099331427,0.4344899016053858,0.4073891625615763,0.4073891625615763,0.3660358565737052,0.6721698113207547,0.467328370554177,0.4304088194763436,0.6671490593342981,0.44434968017057574,0.49080954243253816,0.672885032537961,0.3661290322580645,0.3181427343078246,0.5812562313060817,0.3432150313152401,0.3181427343078246,0.3304166666666667,0.29897823189693473,0.38554687499999996,0.39278636543797063,0.32576082297471065,0.34531185460553493,0.5615887380593263,0.5823155837811431,0.5767143561914159,0.3304166666666667,0.38554687499999996,0.3912524850894632,0.3557851239669422,0.39217221135029356,0.31739130434782614,0.5794718485301444,0.3090988245537658,0.3413071337035455,0.0,0.0,0.0,0.6083102493074792,0.0,0.0,0.3982102908277405,0.5916580844490216,0.6198511166253102,0.4158456486042693,0.6602150537634408,0.36164736164736166,0.4142802596410844,0.4142802596410844,0.6116092496460594,0.3814026792750197,0.37060702875399365,0.6646398503274088,0.6024217961654894,0.3932724252491694,0.6882551957467375,0.45981804397270665,0.663671875,0.45981804397270665,0.45981804397270665,0.6635766705291619,0.39410828025477707,0.6667868734222864,0.42482869810560253,0.42482869810560253,0.370806890299184,0.3287671232876712,0.3287671232876712,0.5138583369995601,0.5635876840696118,0.6691800188501413,0.6691800188501413,0.6666666666666667,0.6830265848670757,0.49525483304042184,0.3519467213114754,0.34174848059841045,0.4448803452334249,0.6205804749340369,0.6977443609022556,0.6645538761579717,0.6532994923857869,0.6528803545051698,0.6573886639676113,0.6507297433316558
Prevotella sp900551275,0.7033318119580101,0.4234354194407457,0.4234354194407457,0.4234354194407457,0.4234354194407457,0.4234354194407457,0.4234354194407457,0.4234354194407457,0.4234354194407457,0.4234354194407457,0.4234354194407457,0.31665832916458225,0.31665832916458225,0.6718673817649927,0.5090709180868609,0.5090709180868609,0.40657361548851867,0.6571960875640428,0.6571960875640428,0.3247663551401869,0.4684618222058281,0.4684618222058281,0.47112588284171164,0.3083491461100569,0.36715620827770357,0.6540880503144655,0.3059663437021928,0.37101747173689614,0.37101747173689614,0.6490978157644824,0.4071520896165446,0.4064102564102564,0.40592168099331427,0.4344899016053858,0.4073891625615763,0.4073891625615763,0.3660358565737052,0.6721698113207547,0.467328370554177,0.4304088194763436,0.6671490593342981,0.44434968017057574,0.49080954243253816,0.672885032537961,0.3661290322580645,0.3181427343078246,0.5812562313060817,0.3432150313152401,0.3181427343078246,0.3304166666666667,0.29897823189693473,0.38554687499999996,0.39278636543797063,0.32576082297471065,0.34531185460553493,0.5615887380593263,0.5823155837811431,0.5767143561914159,0.3304166666666667,0.38554687499999996,0.3912524850894632,0.3557851239669422,0.39217221135029356,0.31739130434782614,0.5794718485301444,0.3090988245537658,0.3413071337035455,0.0,0.0,0.0,0.6083102493074792,0.0,0.0,0.3982102908277405,0.5916580844490216,0.6198511166253102,0.4158456486042693,0.6602150537634408,0.36164736164736166,0.4142802596410844,0.4142802596410844,0.6116092496460594,0.3814026792750197,0.37060702875399365,0.6646398503274088,0.6024217961654894,0.3932724252491694,0.6882551957467375,0.45981804397270665,0.663671875,0.45981804397270665,0.45981804397270665,0.6635766705291619,0.39410828025477707,0.6667868734222864,0.42482869810560253,0.42482869810560253,0.370806890299184,0.3287671232876712,0.3287671232876712,0.5138583369995601,0.5635876840696118,0.6691800188501413,0.6691800188501413,0.6666666666666667,0.6830265848670757,0.49525483304042184,0.3519467213114754,0.34174848059841045,0.4448803452334249,0.6205804749340369,0.6977443609022556,0.6645538761579717,0.6532994923857869,0.6528803545051698,0.6573886639676113,0.6507297433316558
Prevotella copri_A,0.7033318119580101,0.4234354194407457,0.4234354194407457,0.4234354194407457,0.4234354194407457,0.4234354194407457,0.4234354194407457,0.4234354194407457,0.4234354194407457,0.4234354194407457,0.4234354194407457,0.31665832916458225,0.31665832916458225,0.6718673817649927,0.5090709180868609,0.5090709180868609,0.40657361548851867,0.6571960875640428,0.6571960875640428,0.3247663551401869,0.4684618222058281,0.4684618222058281,0.47112588284171164,0.3083491461100569,0.36715620827770357,0.6540880503144655,0.3059663437021928,0.37101747173689614,0.37101747173689614,0.6490978157644824,0.4071520896165446,0.4064102564102564,0.40592168099331427,0.4344899016053858,0.4073891625615763,0.4073891625615763,0.3660358565737052,0.6721698113207547,0.467328370554177,0.4304088194763436,0.6671490593342981,0.44434968017057574,0.49080954243253816,0.672885032537961,0.3661290322580645,0.3181427343078246,0.5812562313060817,0.3432150313152401,0.3181427343078246,0.3304166666666667,0.29897823189693473,0.38554687499999996,0.39278636543797063,0.32576082297471065,0.34531185460553493,0.5615887380593263,0.5823155837811431,0.5767143561914159,0.3304166666666667,0.38554687499999996,0.3912524850894632,0.3557851239669422,0.39217221135029356,0.31739130434782614,0.5794718485301444,0.3090988245537658,0.3413071337035455,0.0,0.0,0.0,0.6083102493074792,0.0,0.0,0.3982102908277405,0.5916580844490216,0.6198511166253102,0.4158456486042693,0.6602150537634408,0.36164736164736166,0.4142802596410844,0.4142802596410844,0.6116092496460594,0.3814026792750197,0.37060702875399365,0.6646398503274088,0.6024217961654894,0.3932724252491694,0.6882551957467375,0.45981804397270665,0.663671875,0.45981804397270665,0.45981804397270665,0.6635766705291619,0.39410828025477707,0.6667868734222864,0.42482869810560253,0.42482869810560253,0.370806890299184,0.3287671232876712,0.3287671232876712,0.5138583369995601,0.5635876840696118,0.6691800188501413,0.6691800188501413,0.6666666666666667,0.6830265848670757,0.49525483304042184,0.3519467213114754,0.34174848059841045,0.4448803452334249,0.6205804749340369,0.6977443609022556,0.6645538761579717,0.6532994923857869,0.6528803545051698,0.6573886639676113,0.6507297433316558
Prevotella stercorea,0.5699588477366255,0.6755092373282805,0.6755092373282805,0.6755092373282805,0.6755092373282805,0.6755092373282805,0.6755092373282805,0.6755092373282805,0.6755092373282805,0.6755092373282805,0.6755092373282805,0.7045680238331677,0.7045680238331677,0.5486725663716814,0.6397774687065368,0.6397774687065368,0.65620473201352,0.530062197650311,0.530062197650311,0.6908838500694123,0.7555881275192378,0.7555881275192378,0.7525597269624573,0.6732766761095372,0.6824966078697422,0.5292186474064347,0.6914839367669556,0.663344407530454,0.663344407530454,0.5236749116607774,0.735597592433362,0.7445101351351351,0.6635610766045549,0.6400719856028794,0.6831472620946305,0.6831472620946305,0.6661384046487058,0.5250716332378224,0.6992945326278659,0.6820208023774146,0.524264705882353,0.693176683235427,0.7452486858067124,0.5695652173913044,0.7049115913555992,0.6871880199667222,0.41666666666666663,0.6879084967320261,0.6871880199667222,0.6975160256410257,0.6719965427830596,0.690577743311361,0.6856573705179283,0.6929460580912863,0.6847430190206394,0.3894414690130069,0.41506646971935013,0.4357090374724467,0.6975160256410257,0.690577743311361,0.6839999999999999,0.7097678142514011,0.690625,0.6937919463087248,0.43071161048689144,0.6790540540540541,0.6772419627749577,0.6083102493074792,0.6083102493074792,0.6083102493074792,0.0,0.6083102493074792,0.6083102493074792,0.6364075325929502,0.43309580364212197,0.42779503105590067,0.6973131821998321,0.3668861712135466,0.6865351629502573,0.7156899810964084,0.7156899810964084,0.47983310152990266,0.6957198443579766,0.6964705882352942,0.4745639534883721,0.4531490015360983,0.687051876845213,0.5442379182156134,0.6829948227797691,0.6025170424750917,0.6829948227797691,0.6829948227797691,0.5989637305699482,0.6898481215027978,0.6198967620835288,0.7076670766707667,0.7076670766707667,0.7273542600896861,0.7194752774974773,0.7194752774974773,0.7849860982391103,0.7598187311178248,0.5446868402533427,0.5446868402533427,0.559748427672956,0.4833333333333333,0.7631578947368421,0.7558139534883721,0.6722169362511894,0.734017363851618,0.5136000000000001,0.4700996677740864,0.5397643593519883,0.526029526029526,0.471042471042471,0.5650529500756429,0.5123647604327666
Prevotella sp015074785,0.7033318119580101,0.4234354194407457,0.4234354194407457,0.4234354194407457,0.4234354194407457,0.4234354194407457,0.4234354194407457,0.4234354194407457,0.4234354194407457,0.4234354194407457,0.4234354194407457,0.31665832916458225,0.31665832916458225,0.6718673817649927,0.5090709180868609,0.5090709180868609,0.40657361548851867,0.6571960875640428,0.6571960875640428,0.3247663551401869,0.4684618222058281,0.4684618222058281,0.47112588284171164,0.3083491461100569,0.36715620827770357,0.6540880503144655,0.3059663437021928,0.37101747173689614,0.37101747173689614,0.6490978157644824,0.4071520896165446,0.4064102564102564,0.40592168099331427,0.4344899016053858,0.4073891625615763,0.4073891625615763,0.3660358565737052,0.6721698113207547,0.467328370554177,0.4304088194763436,0.6671490593342981,0.44434968017057574,0.49080954243253816,0.672885032537961,0.3661290322580645,0.3181427343078246,0.5812562313060817,0.3432150313152401,0.3181427343078246,0.3304166666666667,0.29897823189693473,0.38554687499999996,0.39278636543797063,0.32576082297471065,0.34531185460553493,0.5615887380593263,0.5823155837811431,0.5767143561914159,0.3304166666666667,0.38554687499999996,0.3912524850894632,0.3557851239669422,0.39217221135029356,0.31739130434782614,0.5794718485301444,0.3090988245537658,0.3413071337035455,0.0,0.0,0.0,0.6083102493074792,0.0,0.0,0.3982102908277405,0.5916580844490216,0.6198511166253102,0.4158456486042693,0.6602150537634408,0.36164736164736166,0.4142802596410844,0.4142802596410844,0.6116092496460594,0.3814026792750197,0.37060702875399365,0.6646398503274088,0.6024217961654894,0.3932724252491694,0.6882551957467375,0.45981804397270665,0.663671875,0.45981804397270665,0.45981804397270665,0.6635766705291619,0.39410828025477707,0.6667868734222864,0.42482869810560253,0.42482869810560253,0.370806890299184,0.3287671232876712,0.3287671232876712,0.5138583369995601,0.5635876840696118,0.6691800188501413,0.6691800188501413,0.6666666666666667,0.6830265848670757,0.49525483304042184,0.3519467213114754,0.34174848059841045,0.4448803452334249,0.6205804749340369,0.6977443609022556,0.6645538761579717,0.6532994923857869,0.6528803545051698,0.6573886639676113,0.6507297433316558
Prevotella copri,0.7033318119580101,0.4234354194407457,0.4234354194407457,0.4234354194407457,0.4234354194407457,0.4234354194407457,0.4234354194407457,0.4234354194407457,0.4234354194407457,0.4234354194407457,0.4234354194407457,0.31665832916458225,0.31665832916458225,0.6718673817649927,0.5090709180868609,0.5090709180868609,0.40657361548851867,0.6571960875640428,0.6571960875640428,0.3247663551401869,0.4684618222058281,0.4684618222058281,0.47112588284171164,0.3083491461100569,0.36715620827770357,0.6540880503144655,0.3059663437021928,0.37101747173689614,0.37101747173689614,0.6490978157644824,0.4071520896165446,0.4064102564102564,0.40592168099331427,0.4344899016053858,0.4073891625615763,0.4073891625615763,0.3660358565737052,0.6721698113207547,0.467328370554177,0.4304088194763436,0.6671490593342981,0.44434968017057574,0.49080954243253816,0.672885032537961,0.3661290322580645,0.3181427343078246,0.5812562313060817,0.3432150313152401,0.3181427343078246,0.3304166666666667,0.29897823189693473,0.38554687499999996,0.39278636543797063,0.32576082297471065,0.34531185460553493,0.5615887380593263,0.5823155837811431,0.5767143561914159,0.3304166666666667,0.38554687499999996,0.3912524850894632,0.3557851239669422,0.39217221135029356,0.31739130434782614,0.5794718485301444,0.3090988245537658,0.3413071337035455,0.0,0.0,0.0,0.6083102493074792,0.0,0.0,0.3982102908277405,0.5916580844490216,0.6198511166253102,0.4158456486042693,0.6602150537634408,0.36164736164736166,0.4142802596410844,0.4142802596410844,0.6116092496460594,0.3814026792750197,0.37060702875399365,0.6646398503274088,0.6024217961654894,0.3932724252491694,0.6882551957467375,0.45981804397270665,0.663671875,0.45981804397270665,0.45981804397270665,0.6635766705291619,0.39410828025477707,0.6667868734222864,0.42482869810560253,0.42482869810560253,0.370806890299184,0.3287671232876712,0.3287671232876712,0.5138583369995601,0.5635876840696118,0.6691800188501413,0.6691800188501413,0.6666666666666667,0.6830265848670757,0.49525483304042184,0.3519467213114754,0.34174848059841045,0.4448803452334249,0.6205804749340369,0.6977443609022556,0.6645538761579717,0.6532994923857869,0.6528803545051698,0.6573886639676113,0.6507297433316558
Paraprevotella clara,0.6846057571964956,0.46848989298454224,0.46848989298454224,0.46848989298454224,0.46848989298454224,0.46848989298454224,0.46848989298454224,0.46848989298454224,0.46848989298454224,0.46848989298454224,0.46848989298454224,0.5131419328750506,0.5131419328750506,0.7075351213282248,0.6852173913043478,0.6852173913043478,0.42494887525562375,0.6427357689039932,0.6427357689039932,0.4959475106136627,0.4478442280945758,0.4478442280945758,0.4472967716841696,0.47622789783889985,0.4533799533799534,0.6210921217173823,0.4939908827186076,0.466079295154185,0.466079295154185,0.6351059230436662,0.3886655948553055,0.38165798958750496,0.5394157663065227,0.5334212840809147,0.4921310080816673,0.4921310080816673,0.533469387755102,0.6613869863013699,0.5167958656330749,0.5155254777070064,0.7019839594765724,0.5338763420955202,0.3963860053825452,0.6456408196062675,0.3202463433410315,0.3104,0.5467096180395766,0.32156862745098036,0.3104,0.3324324324324325,0.2788861180382377,0.33082989110026284,0.23982265215638854,0.3067041348855881,0.3139398672393596,0.5004725897920606,0.5188940092165899,0.507469654528478,0.3324324324324325,0.33082989110026284,0.24979919678714857,0.3198903680501175,0.30326295585412666,0.29861676159479256,0.5094250706880301,0.30396119644300723,0.2967925294356476,0.3982102908277405,0.3982102908277405,0.3982102908277405,0.6364075325929502,0.3982102908277405,0.3982102908277405,0.0,0.5694835680751174,0.5553479682391406,0.2764462809917355,0.6729768102224325,0.20780911062906726,0.35057258958256377,0.35057258958256377,0.5815170008718396,0.3519761372110365,0.3420158550396376,0.6260303687635576,0.6204118173679498,0.3255907088506207,0.6768692610406646,0.4887737478411054,0.6365960555149744,0.4887737478411054,0.4887737478411054,0.6372832369942196,0.45117605131860294,0.6551492787655149,0.3586153247763516,0.3586153247763516,0.5097291110263258,0.5043550394027374,0.5043550394027374,0.48210612916495266,0.42996887505558024,0.6552315608919382,0.6552315608919382,0.7185152452496686,0.7147307521139297,0.45197168857431747,0.5308076602830973,0.44770716009654066,0.5239903348291336,0.6925826630920464,0.6614535418583256,0.6854803963808703,0.6839769196626719,0.6276452048626744,0.7241824440619622,0.6849736379613357
Alistipes onderdonkii,0.5061488673139158,0.5945065176908753,0.5945065176908753,0.5945065176908753,0.5945065176908753,0.5945065176908753,0.5945065176908753,0.5945065176908753,0.5945065176908753,0.5945065176908753,0.5945065176908753,0.6741573033707865,0.6741573033707865,0.5373831775700935,0.6389756402248594,0.6389756402248594,0.5773781353525793,0.4312416555407209,0.4312416555407209,0.6625766871165644,0.7288373726729891,0.7288373726729891,0.7305365066559096,0.6417375727720556,0.6018724921979492,0.4119922630560928,0.6794507575757576,0.6379132231404958,0.6379132231404958,0.446236559139785,0.7216161616161616,0.7174959871589085,0.6494944631680308,0.622787610619469,0.6573843858776728,0.6573843858776728,0.6562347188264059,0.4817032601463739,0.6463310580204777,0.6127946127946128,0.5212201591511936,0.616785079928952,0.7128482972136223,0.45693341478313987,0.6568702290076336,0.6446048937023666,0.2904656319290465,0.6545240893066979,0.6446048937023666,0.6623026569118213,0.6323651452282157,0.6577181208053691,0.6166535742340926,0.6583134447096262,0.6559597523219814,0.27555555555555555,0.30057388809182206,0.2705882352941177,0.6623026569118213,0.6577181208053691,0.6255868544600939,0.6601866251944013,0.6524689031285338,0.6571428571428571,0.28423390081421174,0.6515090543259557,0.6658701712465154,0.5916580844490216,0.5916580844490216,0.5916580844490216,0.43309580364212197,0.5916580844490216,0.5916580844490216,0.5694835680751174,0.0,0.1768045417680454,0.5786324786324786,0.38499587798845836,0.5663176265270506,0.671071953010279,0.671071953010279,0.3589918256130791,0.6764161421695668,0.6720329464619992,0.42576271186440673,0.37190684133915575,0.6629258517034068,0.4564755838641189,0.6269933877868534,0.47437929212889596,0.6269933877868534,0.6269933877868534,0.4747264200104221,0.6035101715197447,0.520112254443405,0.6811254396248534,0.6811254396248534,0.6946695095948827,0.6827290076335878,0.6827290076335878,0.7683982683982684,0.7587800369685767,0.46241610738255035,0.46241610738255035,0.5342368045649073,0.5312724658519051,0.7363452461227242,0.7333647947144879,0.6306224443434802,0.713053263315829,0.4865454545454545,0.4782608695652174,0.49007529089664614,0.5101897399859452,0.40362318840579714,0.5627118644067797,0.46571428571428575
Alistipes finegoldii,0.48422408242112036,0.5882081989866421,0.5882081989866421,0.5882081989866421,0.5882081989866421,0.5882081989866421,0.5882081989866421,0.5882081989866421,0.5882081989866421,0.5882081989866421,0.5882081989866421,0.666975451597962,0.666975451597962,0.5116433799068529,0.6374770361298224,0.6374770361298224,0.5691514299109236,0.4319371727748691,0.4319371727748691,0.6489315307457479,0.7176347095871238,0.7176347095871238,0.7349445324881141,0.6260597947344935,0.5907883082373782,0.3854568854568855,0.6506425511661114,0.6469994957135653,0.6469994957135653,0.44766293614219876,0.7040775131207105,0.7037185125949621,0.6187015503875969,0.6004415011037527,0.6365441906653426,0.6365441906653426,0.6317335945151812,0.4344317417619368,0.6296296296296297,0.5886319845857417,0.5114453891432309,0.6093268807743071,0.6980694980694981,0.43647416413373863,0.666292555181444,0.662109375,0.33050247699929225,0.6693425076452599,0.662109375,0.6726998491704375,0.6403580146460537,0.6600514516721794,0.6197292069632495,0.6696498054474709,0.6563573883161512,0.28715728715728717,0.29689703808180534,0.28836545324768026,0.6726998491704375,0.6600514516721794,0.624275222265172,0.6722433460076045,0.6513966480446927,0.671249018067557,0.3090128755364807,0.6615445232466509,0.6677128285602196,0.6198511166253102,0.6198511166253102,0.6198511166253102,0.42779503105590067,0.6198511166253102,0.6198511166253102,0.5553479682391406,0.1768045417680454,0.0,0.5711864406779661,0.41752170481452244,0.5736301369863014,0.6793948126801153,0.6793948126801153,0.3741721854304636,0.6832727272727273,0.681951577402788,0.3923964697895451,0.4145833333333333,0.6669294442254632,0.4294781382228491,0.6101826661484648,0.4606505771248688,0.6101826661484648,0.6101826661484648,0.4738193018480493,0.5891010342084328,0.5159500693481276,0.6552672955974843,0.6552672955974843,0.6829164900381517,0.6607824427480916,0.6607824427480916,0.7452256944444444,0.7269338303821062,0.41987829614604466,0.41987829614604466,0.5099290780141844,0.5194897236002836,0.7152048763968846,0.7030878859857482,0.5943959577400092,0.6874292185730464,0.468682505399568,0.412781954887218,0.469068660774983,0.4692579505300354,0.3889684813753582,0.5394470667565745,0.47744621790423314
Alistipes shahii,0.7189249720044792,0.5287642045454546,0.5287642045454546,0.5287642045454546,0.5287642045454546,0.5287642045454546,0.5287642045454546,0.5287642045454546,0.5287642045454546,0.5287642045454546,0.5287642045454546,0.49065242273941245,0.49065242273941245,0.7443181818181819,0.6616693679092382,0.6616693679092382,0.5117117117117117,0.7022786701531565,0.7022786701531565,0.5010768126346016,0.3346207865168539,0.3346207865168539,0.32180746561886053,0.4705665930831494,0.45147219193020716,0.6822189566495225,0.4803883495145631,0.5377138413685847,0.5377138413685847,0.6895499618611747,0.38371654730493776,0.3928571428571429,0.5334079880552445,0.5948678071539658,0.553159288687098,0.553159288687098,0.5322213798332069,0.7108251324753974,0.4061572700296736,0.5072625698324023,0.7499068207230712,0.5271021542738012,0.3407904548844146,0.6987522281639929,0.2372817008352316,0.3210290827740492,0.6207865168539326,0.22053083528493367,0.3210290827740492,0.22949557181363112,0.3013066871637202,0.23071161048689137,0.14900398406374504,0.21759809750297265,0.20639875146312914,0.6052525252525253,0.6094745222929936,0.6090436174469788,0.22949557181363112,0.23071161048689137,0.1635643564356436,0.22662010089251072,0.21602126044039482,0.2098715890850722,0.6193341355796229,0.21071571371451414,0.20753205128205132,0.4158456486042693,0.4158456486042693,0.4158456486042693,0.6973131821998321,0.4158456486042693,0.4158456486042693,0.2764462809917355,0.5786324786324786,0.5711864406779661,0.0,0.7002529510961214,0.2095006090133983,0.26608187134502925,0.26608187134502925,0.6627554882664648,0.24990689013035383,0.2406779661016949,0.676142912024587,0.6762504923198109,0.2016129032258065,0.7199845081332301,0.5604701515620167,0.6940104166666667,0.5604701515620167,0.5604701515620167,0.6974276527331189,0.4593604263824117,0.7064856711915535,0.23775949862906387,0.23775949862906387,0.3872832369942196,0.49126213592233015,0.49126213592233015,0.45383716400467466,0.5076380728554641,0.7034927866362946,0.7034927866362946,0.7538220305762446,0.7492101105845181,0.36069986541049803,0.524602867105773,0.45366218236173395,0.42442061570390865,0.7291831879460746,0.7031313542090281,0.7333586915176873,0.7298355520751763,0.6713258785942492,0.7599388379204893,0.7243664717348928
Alistipes putredinis,0.6028416779431665,0.6799809795530195,0.6799809795530195,0.6799809795530195,0.6799809795530195,0.6799809795530195,0.6799809795530195,0.6799809795530195,0.6799809795530195,0.6799809795530195,0.6799809795530195,0.7176820208023774,0.7176820208023774,0.5634218289085546,0.6318021201413427,0.6318021201413427,0.6735477676428229,0.5666666666666667,0.5666666666666667,0.7049331489165513,0.7719170607493634,0.7719170607493634,0.7531129240017175,0.6876763875823142,0.7107843137254901,0.5471204188481675,0.7212456052235058,0.6744186046511628,0.6744186046511628,0.5621959694232106,0.7495719178082192,0.745006374840629,0.6800618238021638,0.648014440433213,0.6860962566844919,0.6860962566844919,0.6724960254372019,0.5830437804030577,0.7277464177160226,0.6912784935579782,0.5538573508005822,0.6927628584433319,0.740089906007356,0.6002452483139178,0.711757766417617,0.7068041237113403,0.47569955817378495,0.7076923076923076,0.7068041237113403,0.7193816884661117,0.688573883161512,0.7083493651404387,0.724124513618677,0.7098103874690849,0.7069655724579664,0.48363636363636364,0.4748923959827833,0.45381231671554256,0.7193816884661117,0.7083493651404387,0.7236533957845434,0.7121029352633695,0.711523588553751,0.7081419624217119,0.4652366863905325,0.699581589958159,0.703796412181894,0.6602150537634408,0.6602150537634408,0.6602150537634408,0.3668861712135466,0.6602150537634408,0.6602150537634408,0.6729768102224325,0.38499587798845836,0.41752170481452244,0.7002529510961214,0.0,0.6872303710094909,0.722768532526475,0.722768532526475,0.5225102319236017,0.7292143401983219,0.7306953515174799,0.49347826086956526,0.39193548387096777,0.7042312526183494,0.5655070318282753,0.692521877486078,0.6108193277310925,0.692521877486078,0.692521877486078,0.607883817427386,0.7086801426872771,0.6426579925650557,0.7148132950348789,0.7148132950348789,0.7380206000895656,0.7146503318019397,0.7146503318019397,0.7714825306893296,0.7535714285714286,0.5836791147994467,0.5836791147994467,0.5698500394632992,0.5136251032204789,0.7783199721157198,0.7745983935742972,0.7081585081585082,0.7561451424112369,0.505691056910569,0.5004115226337449,0.5295880149812734,0.516205533596838,0.5240963855421688,0.5649847094801224,0.4904912836767037
Alistipes_A indistinctus,0.6760343481654957,0.46960089518836257,0.46960089518836257,0.46960089518836257,0.46960089518836257,0.46960089518836257,0.46960089518836257,0.46960089518836257,0.46960089518836257,0.46960089518836257,0.46960089518836257,0.43485211830535575,0.43485211830535575,0.7024564183835182,0.6324392288348701,0.6324392288348701,0.42933947772657455,0.64,0.64,0.43095599393019723,0.3788348845225784,0.3788348845225784,0.3783058643158298,0.4177555726364335,0.40574234982999624,0.6441131498470948,0.4191836734693878,0.4743747437474375,0.4743747437474375,0.6278787878787879,0.32293722858270824,0.324853228962818,0.4707038930397168,0.5394360441356764,0.4984126984126984,0.4984126984126984,0.46719999999999995,0.6557507987220448,0.44804958075100254,0.4408644400785855,0.70141065830721,0.4652777777777778,0.38756855575868376,0.6351606805293006,0.3008490217792543,0.2768339768339768,0.591041061800083,0.29792843691148774,0.2768339768339768,0.29416167664670656,0.24589507408890665,0.29981851179673324,0.22777991535205844,0.28180416345412496,0.2842620481927711,0.5585128855090833,0.5701863354037267,0.5623430962343097,0.29416167664670656,0.29981851179673324,0.23667050249328725,0.2924990576705616,0.28017718715393136,0.27842679127725856,0.5621301775147929,0.27499027615713734,0.28272656855151046,0.36164736164736166,0.36164736164736166,0.36164736164736166,0.6865351629502573,0.36164736164736166,0.36164736164736166,0.20780911062906726,0.5663176265270506,0.5736301369863014,0.2095006090133983,0.6872303710094909,0.0,0.2888323026555111,0.2888323026555111,0.5926672038678484,0.2921554252199413,0.2854498333950388,0.6216106839336302,0.6483516483516483,0.2727627979679562,0.677066450567261,0.487708947885939,0.6246537396121883,0.487708947885939,0.487708947885939,0.6268401232454639,0.3792859667727112,0.6436781609195402,0.31672329180822956,0.31672329180822956,0.4393825301204819,0.43508343508343506,0.43508343508343506,0.40414297319252646,0.4504726674886971,0.6759513534719498,0.6759513534719498,0.7322294022617124,0.705175983436853,0.3893333333333333,0.4632952691680261,0.36992840095465396,0.4606205250596659,0.7049918166939444,0.688463140358184,0.704724409448819,0.6868852459016394,0.6534207292093404,0.7168602322787345,0.6988727858293076
Parabacteroides distasonis,0.720467032967033,0.5060606060606061,0.5060606060606061,0.5060606060606061,0.5060606060606061,0.5060606060606061,0.5060606060606061,0.5060606060606061,0.5060606060606061,0.5060606060606061,0.5060606060606061,0.47560975609756095,0.47560975609756095,0.7119914346895075,0.6608339538346985,0.6608339538346985,0.4880382775119617,0.6834381551362683,0.6834381551362683,0.4293745607870696,0.30689075630252105,0.30689075630252105,0.2979120059656972,0.4469644103279833,0.47283702213279677,0.6888513513513513,0.47461928934010156,0.4998150203477617,0.4998150203477617,0.6833745146487822,0.3612303290414879,0.3568376068376068,0.5145972564192753,0.5804576825281511,0.5165706051873199,0.5165706051873199,0.49494219653179194,0.7130434782608696,0.4141623488773748,0.5139896373056995,0.6994652406417112,0.5054401582591493,0.31354425879843584,0.674731182795699,0.16126629422718808,0.2600652883569097,0.6457350272232305,0.16729607250755285,0.2600652883569097,0.17938221064384074,0.24888558692421991,0.14491682070240297,0.22046109510086453,0.17346549752192142,0.16472795497185744,0.6328467153284671,0.631864161849711,0.6220760233918128,0.17938221064384074,0.14491682070240297,0.20495085547870406,0.15687760515346727,0.13624486748786857,0.17466410748560457,0.6244477172312224,0.18944570994684895,0.18982536066818523,0.4142802596410844,0.4142802596410844,0.4142802596410844,0.7156899810964084,0.4142802596410844,0.4142802596410844,0.35057258958256377,0.671071953010279,0.6793948126801153,0.26608187134502925,0.722768532526475,0.2888323026555111,0.0,0.0,0.5971407624633431,0.11228733459357276,0.12145289443813845,0.6704585851404194,0.6165783497350492,0.18202676864244738,0.7264685067232838,0.48313917841814835,0.6762988011066708,0.48313917841814835,0.48313917841814835,0.6514587212911236,0.45654220269846246,0.646381093057607,0.2526430915056508,0.2526430915056508,0.3718647764449291,0.4836719883889695,0.4836719883889695,0.4692998204667863,0.5141202027516292,0.7267421901819431,0.7267421901819431,0.7565341926244182,0.7289753947851634,0.32163742690058483,0.5099891027969488,0.4664359861591696,0.4075533661740558,0.7159633027522936,0.7466714645555955,0.7024704618689581,0.7049780380673499,0.7223006351446719,0.7323539949838768,0.7191091954022988
Parabacteroides distasonis_A,0.720467032967033,0.5060606060606061,0.5060606060606061,0.5060606060606061,0.5060606060606061,0.5060606060606061,0.5060606060606061,0.5060606060606061,0.5060606060606061,0.5060606060606061,0.5060606060606061,0.47560975609756095,0.47560975609756095,0.7119914346895075,0.6608339538346985,0.6608339538346985,0.4880382775119617,0.6834381551362683,0.6834381551362683,0.4293745607870696,0.30689075630252105,0.30689075630252105,0.2979120059656972,0.4469644103279833,0.47283702213279677,0.6888513513513513,0.47461928934010156,0.4998150203477617,0.4998150203477617,0.6833745146487822,0.3612303290414879,0.3568376068376068,0.5145972564192753,0.5804576825281511,0.5165706051873199,0.5165706051873199,0.49494219653179194,0.7130434782608696,0.4141623488773748,0.5139896373056995,0.6994652406417112,0.5054401582591493,0.31354425879843584,0.674731182795699,0.16126629422718808,0.2600652883569097,0.6457350272232305,0.16729607250755285,0.2600652883569097,0.17938221064384074,0.24888558692421991,0.14491682070240297,0.22046109510086453,0.17346549752192142,0.16472795497185744,0.6328467153284671,0.631864161849711,0.6220760233918128,0.17938221064384074,0.14491682070240297,0.20495085547870406,0.15687760515346727,0.13624486748786857,0.17466410748560457,0.6244477172312224,0.18944570994684895,0.18982536066818523,0.4142802596410844,0.4142802596410844,0.4142802596410844,0.7156899810964084,0.4142802596410844,0.4142802596410844,0.35057258958256377,0.671071953010279,0.6793948126801153,0.26608187134502925,0.722768532526475,0.2888323026555111,0.0,0.0,0.5971407624633431,0.11228733459357276,0.12145289443813845,0.6704585851404194,0.6165783497350492,0.18202676864244738,0.7264685067232838,0.48313917841814835,0.6762988011066708,0.48313917841814835,0.48313917841814835,0.6514587212911236,0.45654220269846246,0.646381093057607,0.2526430915056508,0.2526430915056508,0.3718647764449291,0.4836719883889695,0.4836719883889695,0.4692998204667863,0.5141202027516292,0.7267421901819431,0.7267421901819431,0.7565341926244182,0.7289753947851634,0.32163742690058483,0.5099891027969488,0.4664359861591696,0.4075533661740558,0.7159633027522936,0.7466714645555955,0.7024704618689581,0.7049780380673499,0.7223006351446719,0.7323539949838768,0.7191091954022988
Parabacteroides gordonii,0.44561186650185414,0.565584704313028,0.565584704313028,0.565584704313028,0.565584704313028,0.565584704313028,0.565584704313028,0.565584704313028,0.565584704313028,0.565584704313028,0.565584704313028,0.6396598030438675,0.6396598030438675,0.4889729048519219,0.6557746478873239,0.6557746478873239,0.5355515041020966,0.3598460551635664,0.3598460551635664,0.6225697379543533,0.6946434663937222,0.6946434663937222,0.7109915449654112,0.6159760785988894,0.593013468013468,0.4219858156028369,0.6558995065051593,0.6227602905569007,0.6227602905569007,0.43150684931506844,0.6883268482490272,0.6866074874565804,0.6389516493447809,0.6076406814661848,0.6117478510028653,0.6117478510028653,0.6217350746268657,0.42866161616161613,0.6061855670103093,0.58276020174232,0.481619937694704,0.5748605748605748,0.6802390735898394,0.41565217391304343,0.6509775524981898,0.6297286969812763,0.2572614107883817,0.6481069042316259,0.6297286969812763,0.6570594673476833,0.6300351974970668,0.6384120171673819,0.6054599850411369,0.6449659348978047,0.6395563770794824,0.2986577181208053,0.31413612565445026,0.28370221327967804,0.6570594673476833,0.6384120171673819,0.6051743532058493,0.642512077294686,0.6400575332614167,0.6483600305110603,0.2927653820148749,0.654820415879017,0.6587481146304676,0.6116092496460594,0.6116092496460594,0.6116092496460594,0.47983310152990266,0.6116092496460594,0.6116092496460594,0.5815170008718396,0.3589918256130791,0.3741721854304636,0.6627554882664648,0.5225102319236017,0.5926672038678484,0.5971407624633431,0.5971407624633431,0.0,0.5950965824665676,0.5897821187077386,0.2830957230142567,0.36412315930388217,0.6357335386984982,0.45736434108527135,0.5692955589586524,0.4337044534412956,0.5692955589586524,0.5692955589586524,0.39117043121149897,0.5566368236667965,0.4240299205236092,0.6874312935141078,0.6874312935141078,0.6785281035179944,0.6606498194945849,0.6606498194945849,0.7398843930635839,0.7300263388937664,0.4888082274652148,0.4888082274652148,0.5537084398976981,0.4693877551020408,0.7092036553524804,0.6965734896302975,0.5995652173913044,0.6913669064748201,0.48677248677248675,0.4943671305500331,0.4975093399750934,0.46402640264026407,0.4880803011292346,0.501609787508049,0.5235109717868338
Parabacteroides merdae,0.7284974093264249,0.5066303978238694,0.5066303978238694,0.5066303978238694,0.5066303978238694,0.5066303978238694,0.5066303978238694,0.5066303978238694,0.5066303978238694,0.5066303978238694,0.5066303978238694,0.44776670358065707,0.44776670358065707,0.6925898752751284,0.6396016851780927,0.6396016851780927,0.49673875729488504,0.6927668539325842,0.6927668539325842,0.43860268172194783,0.289825282631038,0.289825282631038,0.28723001136794235,0.44145737530951534,0.4761743832375802,0.6961250849762066,0.46590490232215265,0.4862212155530389,0.4862212155530389,0.6801575931232091,0.35377358490566035,0.35706580366774543,0.5158081705150976,0.5628720238095238,0.5058694057226706,0.5058694057226706,0.48045722713864303,0.7052780729720156,0.4165795889933821,0.519304347826087,0.7025567158804465,0.5079787234042553,0.30849532037437,0.6885301042717793,0.1615933859451334,0.2275270421484521,0.6256524981357197,0.14075792730085068,0.2275270421484521,0.15422696115765422,0.23544973544973546,0.15678280207561157,0.18569310600444777,0.14536928487690504,0.10481032459913964,0.6195449459157031,0.6212232866617539,0.6183234421364985,0.15422696115765422,0.15678280207561157,0.17958271236959766,0.1436825885978429,0.15235250186706495,0.1514913657770801,0.6253258845437617,0.15612802498048395,0.14128295946477765,0.3814026792750197,0.3814026792750197,0.3814026792750197,0.6957198443579766,0.3814026792750197,0.3814026792750197,0.3519761372110365,0.6764161421695668,0.6832727272727273,0.24990689013035383,0.7292143401983219,0.2921554252199413,0.11228733459357276,0.11228733459357276,0.5950965824665676,0.0,0.026474127557160054,0.6622013034033309,0.6351606805293006,0.18745188606620478,0.7225017972681524,0.4871953100894786,0.6767080745341615,0.4871953100894786,0.4871953100894786,0.6537257357545397,0.44826488379496976,0.6420233463035019,0.23952539859102706,0.23952539859102706,0.3650442477876106,0.4751014385835485,0.4751014385835485,0.4521100917431192,0.5044215180545321,0.7233449477351916,0.7233449477351916,0.7447821310875138,0.7210782478472482,0.32647058823529407,0.49573600296625886,0.4525573192239859,0.38900067069081157,0.7024793388429752,0.7420417124039518,0.7167443528146289,0.6803928976199471,0.7141316073354909,0.7120206489675516,0.7163689391177543
Parabacteroides johnsonii,0.7245111731843575,0.5070133424563804,0.5070133424563804,0.5070133424563804,0.5070133424563804,0.5070133424563804,0.5070133424563804,0.5070133424563804,0.5070133424563804,0.5070133424563804,0.5070133424563804,0.4437406855439643,0.4437406855439643,0.6913397483345669,0.6388567014291232,0.6388567014291232,0.49133148404993066,0.6897163120567376,0.6897163120567376,0.43690010664770706,0.2865032792544011,0.2865032792544011,0.2815608263198164,0.4375446109921485,0.4753317454916638,0.6954436450839329,0.46490902339398443,0.4824695121951219,0.4824695121951219,0.6802598339949477,0.34714076246334313,0.3570911722141823,0.5152057245080501,0.5620547431571054,0.5007412898443291,0.5007412898443291,0.4750372578241431,0.7041800643086817,0.41195079086115993,0.5156195156195156,0.6990538573508005,0.5068630733177101,0.302071973827699,0.6891296986115815,0.16798493408662896,0.23137401722201423,0.6201433421350434,0.14296814296814297,0.23137401722201423,0.1557596632223498,0.23603192702394526,0.1617100371747212,0.177836016473231,0.14178810555336752,0.10015772870662465,0.6129154078549849,0.6203566121842496,0.615874204417821,0.1557596632223498,0.1617100371747212,0.17231000752445447,0.140139751552795,0.15107102593010147,0.14353687549563843,0.6192989068978515,0.15336217066456936,0.13542494042891184,0.37060702875399365,0.37060702875399365,0.37060702875399365,0.6964705882352942,0.37060702875399365,0.37060702875399365,0.3420158550396376,0.6720329464619992,0.681951577402788,0.2406779661016949,0.7306953515174799,0.2854498333950388,0.12145289443813845,0.12145289443813845,0.5897821187077386,0.026474127557160054,0.0,0.6616788321167884,0.6364674533688619,0.17647058823529416,0.7210736307580703,0.48319850653391416,0.6726246472248354,0.48319850653391416,0.48319850653391416,0.6502369668246446,0.44180064308681677,0.6406391317455532,0.2328715836765256,0.2328715836765256,0.36390642406238394,0.47587230883444687,0.47587230883444687,0.4498705142434333,0.5031563312291125,0.7237627237627238,0.7237627237627238,0.7439970446989287,0.7186081694402421,0.3290682414698163,0.49608062709966405,0.45205965909090906,0.38975050573162506,0.697338403041825,0.7398373983739837,0.7148027506333695,0.6799999999999999,0.7135605511240029,0.709016393442623,0.7167523879500368
Butyricimonas virosa,0.45251752708731674,0.5992860330209728,0.5992860330209728,0.5992860330209728,0.5992860330209728,0.5992860330209728,0.5992860330209728,0.5992860330209728,0.5992860330209728,0.5992860330209728,0.5992860330209728,0.6726618705035972,0.6726618705035972,0.49151436031331597,0.6989247311827957,0.6989247311827957,0.5719506624029237,0.42875318066157764,0.42875318066157764,0.6587737843551797,0.7243261685431593,0.7243261685431593,0.7415254237288136,0.659438775510204,0.6290526315789473,0.4770047169811321,0.682518115942029,0.6648910411622275,0.6648910411622275,0.46851385390428213,0.7009493670886076,0.7102294826915597,0.6395348837209303,0.6168521462639109,0.6389961389961389,0.6389961389961389,0.6290630975143403,0.3965287049399199,0.6381306865177834,0.5890089243776421,0.48484848484848486,0.5867190913062472,0.710811821922933,0.4766839378238342,0.7045211819152724,0.6944029850746269,0.37148594377510036,0.6987554904831625,0.6944029850746269,0.7122895019706199,0.6876680752977333,0.6942786942786943,0.6625045905251561,0.7072538860103628,0.690597667638484,0.40832249674902465,0.41363926067558954,0.39688715953307396,0.7122895019706199,0.6942786942786943,0.6623711340206185,0.7089065894279507,0.689251507626818,0.7071802543006731,0.3971071663379355,0.7053338306602015,0.6940158073014678,0.6646398503274088,0.6646398503274088,0.6646398503274088,0.4745639534883721,0.6646398503274088,0.6646398503274088,0.6260303687635576,0.42576271186440673,0.3923964697895451,0.676142912024587,0.49347826086956526,0.6216106839336302,0.6704585851404194,0.6704585851404194,0.2830957230142567,0.6622013034033309,0.6616788321167884,0.0,0.3494397759103641,0.6738296239447429,0.48518762343647137,0.6169003410382721,0.49374061091637456,0.6169003410382721,0.6169003410382721,0.4540842212075089,0.6008500772797527,0.4880294659300184,0.7026726057906458,0.7026726057906458,0.7168212989108511,0.6832723948811701,0.6832723948811701,0.7609694943585458,0.7175502742230347,0.5208588957055215,0.5208588957055215,0.593143596377749,0.4926829268292683,0.7322189446083252,0.7306473517428701,0.6272448532632502,0.7110707803992741,0.5158462575859744,0.43705293276108725,0.513738019169329,0.44660194174757284,0.48269105160026127,0.509647371922821,0.5433526011560694
Odoribacter splanchnicus,0.5669724770642202,0.6486725663716815,0.6486725663716815,0.6486725663716815,0.6486725663716815,0.6486725663716815,0.6486725663716815,0.6486725663716815,0.6486725663716815,0.6486725663716815,0.6486725663716815,0.6842588343276732,0.6842588343276732,0.5364891518737673,0.6466992665036675,0.6466992665036675,0.6183552930486143,0.5130922693266833,0.5130922693266833,0.6501967643200699,0.7228241873470814,0.7228241873470814,0.7205468435866507,0.6484581497797357,0.6625896246309574,0.5068738792588166,0.6871222687122269,0.6374298827129016,0.6374298827129016,0.5322076297686054,0.7270194986072424,0.715818759936407,0.6629001883239172,0.6482869379014989,0.6440257808626673,0.6440257808626673,0.6477162293488824,0.5445979899497487,0.6814632141389232,0.6542185338865837,0.5088874259381172,0.6469072164948453,0.7181540808543097,0.5399087799315849,0.6372699386503067,0.6283648051426276,0.3717059639389736,0.6333202048050414,0.6283648051426276,0.6596638655462185,0.6143926788685524,0.6272658610271904,0.6587481146304676,0.6540284360189573,0.6397828615742536,0.39032697547683926,0.39519359145527366,0.3650684931506849,0.6596638655462185,0.6272658610271904,0.6580937972768532,0.6327572663000786,0.6252856054836253,0.6441495778045838,0.3648366921473245,0.646141543382647,0.6470823341326939,0.6024217961654894,0.6024217961654894,0.6024217961654894,0.4531490015360983,0.6024217961654894,0.6024217961654894,0.6204118173679498,0.37190684133915575,0.4145833333333333,0.6762504923198109,0.39193548387096777,0.6483516483516483,0.6165783497350492,0.6165783497350492,0.36412315930388217,0.6351606805293006,0.6364674533688619,0.3494397759103641,0.0,0.645096463022508,0.5440210249671484,0.6068776865963267,0.5341023069207622,0.6068776865963267,0.6068776865963267,0.49949341438703143,0.64,0.5271639042357275,0.6929858183211959,0.6929858183211959,0.7094622759483118,0.6952869808679422,0.6952869808679422,0.7734241908006814,0.7581013235965313,0.5444305381727159,0.5444305381727159,0.5476025017373176,0.5304101838755304,0.7410981697171382,0.7412037037037037,0.6749239461103869,0.7252666421478484,0.4699927693420102,0.5252808988764045,0.4919246298788694,0.5055478502080444,0.5089940039973351,0.5409614082599865,0.49965635738831615
Barnesiella intestinihominis,0.7414990859232176,0.5350970017636685,0.5350970017636685,0.5350970017636685,0.5350970017636685,0.5350970017636685,0.5350970017636685,0.5350970017636685,0.5350970017636685,0.5350970017636685,0.5350970017636685,0.4704974932510605,0.4704974932510605,0.7250766871165644,0.6516076516076517,0.6516076516076517,0.5193133047210301,0.7081942899517983,0.7081942899517983,0.46328928046989726,0.3085409252669039,0.3085409252669039,0.2903354632587859,0.4753018660812294,0.49116607773851595,0.7212939921791681,0.46817649355720425,0.5023828435266084,0.5023828435266084,0.7093632958801498,0.3557765876052028,0.36850037678975134,0.50057099352874,0.5704142011834319,0.5265180630284396,0.5265180630284396,0.5063485956136975,0.7343460540941089,0.4188693098384728,0.5085374907201188,0.7286470143613001,0.5348275862068965,0.3220466516177577,0.7157894736842105,0.2165580682253737,0.3084707646176912,0.6726992683866,0.20682888540031397,0.3084707646176912,0.21809744779582363,0.27357755261106786,0.2108843537414966,0.22425629290617854,0.18777643747486927,0.20179547228727557,0.6617703904136065,0.6588820826952526,0.6556112610875433,0.21809744779582363,0.2108843537414966,0.22226472838561595,0.20603211907559738,0.20746098210886943,0.17062193126022918,0.6640866873065016,0.18347509113001215,0.17501017501017502,0.3932724252491694,0.3932724252491694,0.3932724252491694,0.687051876845213,0.3932724252491694,0.3932724252491694,0.3255907088506207,0.6629258517034068,0.6669294442254632,0.2016129032258065,0.7042312526183494,0.2727627979679562,0.18202676864244738,0.18202676864244738,0.6357335386984982,0.18745188606620478,0.17647058823529416,0.6738296239447429,0.645096463022508,0.0,0.7195828505214368,0.5141764893278113,0.7034171502256609,0.5141764893278113,0.5141764893278113,0.6883074935400517,0.475328947368421,0.695995145631068,0.23384253819036427,0.23384253819036427,0.37905718701700153,0.4647221127315727,0.4647221127315727,0.4377699254024342,0.472,0.7398822663723326,0.7398822663723326,0.7696759259259259,0.7122010539116336,0.32118294360385147,0.49685039370078743,0.45799256505576214,0.38292596528515765,0.7367387033398821,0.7484350547730829,0.7338893100833965,0.7199055861526358,0.73262438283327,0.7279124315871774,0.7323290845886443
Parasutterella excrementihominis,0.48241539482415396,0.5924882629107981,0.5924882629107981,0.5924882629107981,0.5924882629107981,0.5924882629107981,0.5924882629107981,0.5924882629107981,0.5924882629107981,0.5924882629107981,0.5924882629107981,0.6734308636149127,0.6734308636149127,0.48463687150837986,0.6461731493099121,0.6461731493099121,0.5819477434679334,0.4316498316498316,0.4316498316498316,0.6462706565430996,0.7281724991162954,0.7281724991162954,0.7384987893462469,0.6725429704715733,0.6241166077738516,0.48698884758364314,0.667308618199326,0.6767830045523521,0.6767830045523521,0.4726666666666667,0.7124129455141335,0.7228479485116653,0.6156141223272005,0.607445008460237,0.6373346897253307,0.6373346897253307,0.6115071283095723,0.42767732962447846,0.6145054945054945,0.5749128919860627,0.4972789115646259,0.6156599552572707,0.7125048694974678,0.47442143727162,0.7376398412125587,0.7261001517450683,0.5078125,0.7364914877868245,0.7261001517450683,0.7461873638344226,0.7161897295178361,0.7272403982930299,0.7057301293900184,0.7464472700074795,0.7341400806747341,0.48919449901768175,0.48906048906048905,0.5105431309904154,0.7461873638344226,0.7272403982930299,0.7047477744807122,0.7509117432531,0.7361308677098151,0.7425104285172545,0.5123056994818653,0.7309451219512195,0.7404464623533863,0.6882551957467375,0.6882551957467375,0.6882551957467375,0.5442379182156134,0.6882551957467375,0.6882551957467375,0.6768692610406646,0.4564755838641189,0.4294781382228491,0.7199845081332301,0.5655070318282753,0.677066450567261,0.7264685067232838,0.7264685067232838,0.45736434108527135,0.7225017972681524,0.7210736307580703,0.48518762343647137,0.5440210249671484,0.7195828505214368,0.0,0.6080920269734232,0.434188967777171,0.6080920269734232,0.6080920269734232,0.4575371549893843,0.586515028432169,0.5139479905437352,0.705019305019305,0.705019305019305,0.7014096539940197,0.6776061776061776,0.6776061776061776,0.7548500881834215,0.7267080745341614,0.47138047138047134,0.47138047138047134,0.5450643776824035,0.44819646968534155,0.7143842704380821,0.6965247185511503,0.6175519630484989,0.687956906502501,0.47520355292376015,0.455026455026455,0.4415121255349501,0.48556998556998554,0.41998551774076753,0.3433307024467246,0.46978417266187056
Escherichia coli,0.6294760648322654,0.38880652335063015,0.38880652335063015,0.38880652335063015,0.38880652335063015,0.38880652335063015,0.38880652335063015,0.38880652335063015,0.38880652335063015,0.38880652335063015,0.38880652335063015,0.4407796101949025,0.4407796101949025,0.6057844690966719,0.6790960451977401,0.6790960451977401,0.3779940119760479,0.6057619408642911,0.6057619408642911,0.4284176533907428,0.5219599641469973,0.5219599641469973,0.5847564832384566,0.39432989690721654,0.42317202401978105,0.5726656626506024,0.45862972669412205,0.4358974358974359,0.4358974358974359,0.6269332327423613,0.5006675567423231,0.5044628099173554,0.47265336289726534,0.47218887555022004,0.4222483352918136,0.4222483352918136,0.48193668528864064,0.6336109008327024,0.5140310333443381,0.4903225806451613,0.6139462407479548,0.4663444943044529,0.49385113268608416,0.5799557848194548,0.5035504785427601,0.4966464388374321,0.6171667299658185,0.5110972178805877,0.4966464388374321,0.5040498442367601,0.4784468575189207,0.48602150537634403,0.5226926591532135,0.5104562737642586,0.5057578586990352,0.5965451055662188,0.5878533231474408,0.5986290936785986,0.5040498442367601,0.48602150537634403,0.5145750230131942,0.5104524180967238,0.5001529519730805,0.5181067344345616,0.6121050628092881,0.5074960127591707,0.5256854711629373,0.45981804397270665,0.45981804397270665,0.45981804397270665,0.6829948227797691,0.45981804397270665,0.45981804397270665,0.4887737478411054,0.6269933877868534,0.6101826661484648,0.5604701515620167,0.692521877486078,0.487708947885939,0.48313917841814835,0.48313917841814835,0.5692955589586524,0.4871953100894786,0.48319850653391416,0.6169003410382721,0.6068776865963267,0.5141764893278113,0.6080920269734232,0.0,0.3852929911911145,0.0,0.0,0.367855772919064,0.2747409789210432,0.35457875457875454,0.51452937460518,0.51452937460518,0.49485596707818935,0.46509009009009006,0.46509009009009006,0.5878172588832487,0.5674518201284797,0.6291666666666667,0.6291666666666667,0.6500399042298484,0.6532161406312424,0.5227008149010477,0.5046589638464405,0.4448424068767909,0.5020459553037457,0.6385782747603834,0.6853932584269663,0.6184519155590305,0.6355362089434111,0.6329849012775842,0.6046135167948199,0.6298778084351596
Escherichia fergusonii,0.4863498483316482,0.5555555555555556,0.5555555555555556,0.5555555555555556,0.5555555555555556,0.5555555555555556,0.5555555555555556,0.5555555555555556,0.5555555555555556,0.5555555555555556,0.5555555555555556,0.6406491499227203,0.6406491499227203,0.507005708354956,0.6797235023041475,0.6797235023041475,0.5487421383647799,0.44626407369498466,0.44626407369498466,0.6262403528114664,0.6882998171846435,0.6882998171846435,0.7214809873248833,0.6091997008227374,0.5706806282722513,0.41917670682730923,0.6608863198458574,0.6530198621807863,0.6530198621807863,0.4727457972491085,0.6837606837606838,0.6858496953283684,0.6119284294234593,0.6185297955632885,0.6341266639774102,0.6341266639774102,0.6264000000000001,0.4795081967213115,0.5977470930232558,0.5748502994011976,0.5220476431829701,0.5618615209988649,0.6750330250990753,0.4231713303878253,0.6830566865017225,0.6763269293389775,0.4722363728986245,0.6859056122448979,0.6763269293389775,0.6901763224181361,0.665996649916248,0.6726540724682564,0.646074646074646,0.6961130742049471,0.6834441278885723,0.4383419689119171,0.42849794238683125,0.4460358056265985,0.6901763224181361,0.6726540724682564,0.646793425717048,0.6890862944162437,0.6754740441405036,0.7010009686793671,0.46734693877551026,0.6901362751460091,0.7051652229708052,0.663671875,0.663671875,0.663671875,0.6025170424750917,0.663671875,0.663671875,0.6365960555149744,0.47437929212889596,0.4606505771248688,0.6940104166666667,0.6108193277310925,0.6246537396121883,0.6762988011066708,0.6762988011066708,0.4337044534412956,0.6767080745341615,0.6726246472248354,0.49374061091637456,0.5341023069207622,0.7034171502256609,0.434188967777171,0.3852929911911145,0.0,0.3852929911911145,0.3852929911911145,0.13378099173553715,0.37145079735511477,0.2142857142857143,0.6870352408664726,0.6870352408664726,0.6778405081157375,0.6691119691119691,0.6691119691119691,0.7298561151079137,0.7149390243902439,0.47723785166240407,0.47723785166240407,0.5634171907756813,0.5621707060063225,0.694730644686488,0.7053399923165578,0.6016628873771731,0.6855044699872286,0.5482686253934943,0.5604395604395604,0.514637904468413,0.5331939362258233,0.4810725552050473,0.5034666666666667,0.541430777148739
Escherichia sp005843885,0.6294760648322654,0.38880652335063015,0.38880652335063015,0.38880652335063015,0.38880652335063015,0.38880652335063015,0.38880652335063015,0.38880652335063015,0.38880652335063015,0.38880652335063015,0.38880652335063015,0.4407796101949025,0.4407796101949025,0.6057844690966719,0.6790960451977401,0.6790960451977401,0.3779940119760479,0.6057619408642911,0.6057619408642911,0.4284176533907428,0.5219599641469973,0.5219599641469973,0.5847564832384566,0.39432989690721654,0.42317202401978105,0.5726656626506024,0.45862972669412205,0.4358974358974359,0.4358974358974359,0.6269332327423613,0.5006675567423231,0.5044628099173554,0.47265336289726534,0.47218887555022004,0.4222483352918136,0.4222483352918136,0.48193668528864064,0.6336109008327024,0.5140310333443381,0.4903225806451613,0.6139462407479548,0.4663444943044529,0.49385113268608416,0.5799557848194548,0.5035504785427601,0.4966464388374321,0.6171667299658185,0.5110972178805877,0.4966464388374321,0.5040498442367601,0.4784468575189207,0.48602150537634403,0.5226926591532135,0.5104562737642586,0.5057578586990352,0.5965451055662188,0.5878533231474408,0.5986290936785986,0.5040498442367601,0.48602150537634403,0.5145750230131942,0.5104524180967238,0.5001529519730805,0.5181067344345616,0.6121050628092881,0.5074960127591707,0.5256854711629373,0.45981804397270665,0.45981804397270665,0.45981804397270665,0.6829948227797691,0.45981804397270665,0.45981804397270665,0.4887737478411054,0.6269933877868534,0.6101826661484648,0.5604701515620167,0.692521877486078,0.487708947885939,0.48313917841814835,0.48313917841814835,0.5692955589586524,0.4871953100894786,0.48319850653391416,0.6169003410382721,0.6068776865963267,0.5141764893278113,0.6080920269734232,0.0,0.3852929911911145,0.0,0.0,0.367855772919064,0.2747409789210432,0.35457875457875454,0.51452937460518,0.51452937460518,0.49485596707818935,0.46509009009009006,0.46509009009009006,0.5878172588832487,0.5674518201284797,0.6291666666666667,0.6291666666666667,0.6500399042298484,0.6532161406312424,0.5227008149010477,0.5046589638464405,0.4448424068767909,0.5020459553037457,0.6385782747603834,0.6853932584269663,0.6184519155590305,0.6355362089434111,0.6329849012775842,0.6046135167948199,0.6298778084351596
Escherichia coli_E,0.6294760648322654,0.38880652335063015,0.38880652335063015,0.38880652335063015,0.38880652335063015,0.38880652335063015,0.38880652335063015,0.38880652335063015,0.38880652335063015,0.38880652335063015,0.38880652335063015,0.4407796101949025,0.4407796101949025,0.6057844690966719,0.6790960451977401,0.6790960451977401,0.3779940119760479,0.6057619408642911,0.6057619408642911,0.4284176533907428,0.5219599641469973,0.5219599641469973,0.5847564832384566,0.39432989690721654,0.42317202401978105,0.5726656626506024,0.45862972669412205,0.4358974358974359,0.4358974358974359,0.6269332327423613,0.5006675567423231,0.5044628099173554,0.47265336289726534,0.47218887555022004,0.4222483352918136,0.4222483352918136,0.48193668528864064,0.6336109008327024,0.5140310333443381,0.4903225806451613,0.6139462407479548,0.4663444943044529,0.49385113268608416,0.5799557848194548,0.5035504785427601,0.4966464388374321,0.6171667299658185,0.5110972178805877,0.4966464388374321,0.5040498442367601,0.4784468575189207,0.48602150537634403,0.5226926591532135,0.5104562737642586,0.5057578586990352,0.5965451055662188,0.5878533231474408,0.5986290936785986,0.5040498442367601,0.48602150537634403,0.5145750230131942,0.5104524180967238,0.5001529519730805,0.5181067344345616,0.6121050628092881,0.5074960127591707,0.5256854711629373,0.45981804397270665,0.45981804397270665,0.45981804397270665,0.6829948227797691,0.45981804397270665,0.45981804397270665,0.4887737478411054,0.6269933877868534,0.6101826661484648,0.5604701515620167,0.692521877486078,0.487708947885939,0.48313917841814835,0.48313917841814835,0.5692955589586524,0.4871953100894786,0.48319850653391416,0.6169003410382721,0.6068776865963267,0.5141764893278113,0.6080920269734232,0.0,0.3852929911911145,0.0,0.0,0.367855772919064,0.2747409789210432,0.35457875457875454,0.51452937460518,0.51452937460518,0.49485596707818935,0.46509009009009006,0.46509009009009006,0.5878172588832487,0.5674518201284797,0.6291666666666667,0.6291666666666667,0.6500399042298484,0.6532161406312424,0.5227008149010477,0.5046589638464405,0.4448424068767909,0.5020459553037457,0.6385782747603834,0.6853932584269663,0.6184519155590305,0.6355362089434111,0.6329849012775842,0.6046135167948199,0.6298778084351596
Escherichia albertii,0.49925779317169716,0.5622119815668203,0.5622119815668203,0.5622119815668203,0.5622119815668203,0.5622119815668203,0.5622119815668203,0.5622119815668203,0.5622119815668203,0.5622119815668203,0.5622119815668203,0.6439191765154404,0.6439191765154404,0.505381855458739,0.6817975487970949,0.6817975487970949,0.5561145510835913,0.45554997488699145,0.45554997488699145,0.6250455041863852,0.686819830713422,0.686819830713422,0.7191531591134634,0.6086634579785264,0.5825991189427313,0.4295566502463054,0.6684350132625995,0.6508828250401284,0.6508828250401284,0.4807403701850925,0.6839255499153976,0.6837865055387714,0.61514319340918,0.6172043010752688,0.6430269413629159,0.6430269413629159,0.6218253968253968,0.48131313131313136,0.6063639613872005,0.5763313609467455,0.5283864541832669,0.5509433962264151,0.6713676615283699,0.43852065321805955,0.6787048567870486,0.6696920583468395,0.46332827516439046,0.6814580031695721,0.6696920583468395,0.679559748427673,0.6610056610056609,0.6605760297305667,0.6444302585381423,0.6886399999999999,0.6757097791798108,0.439161554192229,0.4262461851475077,0.4412360688956434,0.679559748427673,0.6605760297305667,0.6451406649616369,0.6829807388695927,0.6666666666666667,0.6964056482670089,0.46079919069296915,0.6872785829307568,0.7001594896331739,0.6635766705291619,0.6635766705291619,0.6635766705291619,0.5989637305699482,0.6635766705291619,0.6635766705291619,0.6372832369942196,0.4747264200104221,0.4738193018480493,0.6974276527331189,0.607883817427386,0.6268401232454639,0.6514587212911236,0.6514587212911236,0.39117043121149897,0.6537257357545397,0.6502369668246446,0.4540842212075089,0.49949341438703143,0.6883074935400517,0.4575371549893843,0.367855772919064,0.13378099173553715,0.367855772919064,0.367855772919064,0.0,0.38640702558228335,0.2176901924839597,0.6833654463712266,0.6833654463712266,0.675297410776767,0.6679403897592664,0.6679403897592664,0.7263646093471281,0.719113781449493,0.4752275025278059,0.4752275025278059,0.5573430202387131,0.5583333333333333,0.6913399648917495,0.7042949448878753,0.6006736526946108,0.6810536337670581,0.5483704086911536,0.5633367662203914,0.5271356783919598,0.535015447991761,0.4969199178644764,0.5182291666666667,0.5460526315789473
Hafnia alvei,0.5921155347384855,0.3754702784048156,0.3754702784048156,0.3754702784048156,0.3754702784048156,0.3754702784048156,0.3754702784048156,0.3754702784048156,0.3754702784048156,0.3754702784048156,0.3754702784048156,0.3561480302427378,0.3561480302427378,0.6227308602999211,0.6187450357426529,0.6187450357426529,0.3618721461187214,0.574609375,0.574609375,0.3618222891566265,0.46743533811156124,0.46743533811156124,0.5214499501163951,0.3344867358708189,0.2975047984644914,0.5441176470588236,0.39560439560439564,0.45586504511573167,0.45586504511573167,0.591104174795162,0.4312829525483304,0.4419410745233969,0.396875,0.5,0.44999999999999996,0.44999999999999996,0.40982318271119844,0.5934799685781618,0.3977069150841992,0.34467748318163827,0.6358716660224197,0.3554396423248882,0.48360655737704916,0.5467325227963526,0.4587332053742802,0.43910577243910576,0.5818610129564193,0.4554649265905384,0.43910577243910576,0.46773675762439804,0.4301332422275367,0.44771863117870725,0.400464499004645,0.4722040549378679,0.45064935064935063,0.5675355450236967,0.557609123082973,0.5771628994544038,0.46773675762439804,0.44771863117870725,0.40714995034756707,0.4589152322182527,0.44826488379496976,0.47399605003291634,0.5893135725429017,0.466358839050132,0.47972531066056245,0.39410828025477707,0.39410828025477707,0.39410828025477707,0.6898481215027978,0.39410828025477707,0.39410828025477707,0.45117605131860294,0.6035101715197447,0.5891010342084328,0.4593604263824117,0.7086801426872771,0.3792859667727112,0.45654220269846246,0.45654220269846246,0.5566368236667965,0.44826488379496976,0.44180064308681677,0.6008500772797527,0.64,0.475328947368421,0.586515028432169,0.2747409789210432,0.37145079735511477,0.2747409789210432,0.2747409789210432,0.38640702558228335,0.0,0.40947968638631504,0.4625,0.4625,0.43503230437903806,0.39779005524861877,0.39779005524861877,0.5184125849124062,0.5665467625899281,0.59765625,0.59765625,0.673259493670886,0.6632,0.4830177336940187,0.42941640378548895,0.33152804642166345,0.45374305328538733,0.6587301587301587,0.6533226581265013,0.6324619586422162,0.6410969793322734,0.6158102766798419,0.6351297405189621,0.6623981373690337
Klebsiella pneumoniae,0.508891928864569,0.5507826720058245,0.5507826720058245,0.5507826720058245,0.5507826720058245,0.5507826720058245,0.5507826720058245,0.5507826720058245,0.5507826720058245,0.5507826720058245,0.5507826720058245,0.63328530259366,0.63328530259366,0.5204129516658846,0.6917950853810912,0.6917950853810912,0.5341706686368675,0.46808510638297873,0.46808510638297873,0.6206185567010309,0.677540415704388,0.677540415704388,0.7179407176287051,0.592814371257485,0.5770833333333334,0.4417652411282984,0.6613133476088509,0.6398337112622827,0.6398337112622827,0.5022872827081427,0.6720308979723206,0.6783216783216783,0.6241782322863404,0.6339533043134151,0.6269216347956506,0.6269216347956506,0.6249073387694588,0.5064456721915285,0.6100840336134454,0.5953250547845143,0.5377920293174531,0.5598728364535499,0.669562519391871,0.4400715563506261,0.6671624033313504,0.6614246068455134,0.49286700414173956,0.6728041050407485,0.6614246068455134,0.6793688597796963,0.6652037617554859,0.6550707547169812,0.6534534534534535,0.6911231884057971,0.6709619418639496,0.48036951501154734,0.48384160218479744,0.4915794264906691,0.6793688597796963,0.6550707547169812,0.6529199277543649,0.6746843054720385,0.66086186540732,0.6937101185050136,0.49954254345837146,0.685461749466626,0.6984606097192876,0.6667868734222864,0.6667868734222864,0.6667868734222864,0.6198967620835288,0.6667868734222864,0.6667868734222864,0.6551492787655149,0.520112254443405,0.5159500693481276,0.7064856711915535,0.6426579925650557,0.6436781609195402,0.646381093057607,0.646381093057607,0.4240299205236092,0.6420233463035019,0.6406391317455532,0.4880294659300184,0.5271639042357275,0.695995145631068,0.5139479905437352,0.35457875457875454,0.2142857142857143,0.35457875457875454,0.35457875457875454,0.2176901924839597,0.40947968638631504,0.0,0.6917043740573152,0.6917043740573152,0.6766447368421052,0.6727272727272727,0.6727272727272727,0.736475273813475,0.7262569832402235,0.5050551470588236,0.5050551470588236,0.5762151958470977,0.587875939849624,0.679932735426009,0.7034139402560455,0.6024604569420036,0.6740114699667974,0.5680000000000001,0.5894687791239515,0.5427782888684453,0.5550867323019222,0.5320037105751392,0.5400284225485552,0.5608514576584914
Akkermansia muciniphila,0.7464890169247389,0.5182043124779074,0.5182043124779074,0.5182043124779074,0.5182043124779074,0.5182043124779074,0.5182043124779074,0.5182043124779074,0.5182043124779074,0.5182043124779074,0.5182043124779074,0.47312237895539455,0.47312237895539455,0.7174990468928708,0.6279164961113386,0.6279164961113386,0.5037593984962406,0.7,0.7,0.4478324761204996,0.2910128388017118,0.2910128388017118,0.31381733021077285,0.44106745737583397,0.47035853745118916,0.7000357525920629,0.46314972847168345,0.5385500575373994,0.5385500575373994,0.7083024462564863,0.3496955859969558,0.36121530382595646,0.48974943052391795,0.5618374558303887,0.5228832951945079,0.5228832951945079,0.47134502923976607,0.6962264150943396,0.4132895217232566,0.5117388114453412,0.7055914796500571,0.5090403337969402,0.3080105302745393,0.7160708087469629,0.2354268522000752,0.31532198371576614,0.6820415879017013,0.22290782876976478,0.31532198371576614,0.2324077596044123,0.30140630938806534,0.21436588103254772,0.2369508073601202,0.21023622047244095,0.21032357473035435,0.6703380174705659,0.675392670157068,0.6738148984198646,0.2324077596044123,0.21436588103254772,0.22969399319984884,0.23836765827612505,0.20830188679245287,0.2117367168913561,0.6726235741444867,0.2068965517241379,0.19369009584664532,0.42482869810560253,0.42482869810560253,0.42482869810560253,0.7076670766707667,0.42482869810560253,0.42482869810560253,0.3586153247763516,0.6811254396248534,0.6552672955974843,0.23775949862906387,0.7148132950348789,0.31672329180822956,0.2526430915056508,0.2526430915056508,0.6874312935141078,0.23952539859102706,0.2328715836765256,0.7026726057906458,0.6929858183211959,0.23384253819036427,0.705019305019305,0.51452937460518,0.6870352408664726,0.51452937460518,0.51452937460518,0.6833654463712266,0.4625,0.6917043740573152,0.0,0.0,0.3608207510646535,0.473418703919286,0.473418703919286,0.4438419829589465,0.4890368050117463,0.7079447967176427,0.7079447967176427,0.7331240188383046,0.7248215701823949,0.29605263157894735,0.5073529411764706,0.44925925925925925,0.3633131887664415,0.6841892438334007,0.7140587768069897,0.6733411857086768,0.6968737633557578,0.7035330261136713,0.7211650485436893,0.6996867658574785
Akkermansia muciniphila_B,0.7464890169247389,0.5182043124779074,0.5182043124779074,0.5182043124779074,0.5182043124779074,0.5182043124779074,0.5182043124779074,0.5182043124779074,0.5182043124779074,0.5182043124779074,0.5182043124779074,0.47312237895539455,0.47312237895539455,0.7174990468928708,0.6279164961113386,0.6279164961113386,0.5037593984962406,0.7,0.7,0.4478324761204996,0.2910128388017118,0.2910128388017118,0.31381733021077285,0.44106745737583397,0.47035853745118916,0.7000357525920629,0.46314972847168345,0.5385500575373994,0.5385500575373994,0.7083024462564863,0.3496955859969558,0.36121530382595646,0.48974943052391795,0.5618374558303887,0.5228832951945079,0.5228832951945079,0.47134502923976607,0.6962264150943396,0.4132895217232566,0.5117388114453412,0.7055914796500571,0.5090403337969402,0.3080105302745393,0.7160708087469629,0.2354268522000752,0.31532198371576614,0.6820415879017013,0.22290782876976478,0.31532198371576614,0.2324077596044123,0.30140630938806534,0.21436588103254772,0.2369508073601202,0.21023622047244095,0.21032357473035435,0.6703380174705659,0.675392670157068,0.6738148984198646,0.2324077596044123,0.21436588103254772,0.22969399319984884,0.23836765827612505,0.20830188679245287,0.2117367168913561,0.6726235741444867,0.2068965517241379,0.19369009584664532,0.42482869810560253,0.42482869810560253,0.42482869810560253,0.7076670766707667,0.42482869810560253,0.42482869810560253,0.3586153247763516,0.6811254396248534,0.6552672955974843,0.23775949862906387,0.7148132950348789,0.31672329180822956,0.2526430915056508,0.2526430915056508,0.6874312935141078,0.23952539859102706,0.2328715836765256,0.7026726057906458,0.6929858183211959,0.23384253819036427,0.705019305019305,0.51452937460518,0.6870352408664726,0.51452937460518,0.51452937460518,0.6833654463712266,0.4625,0.6917043740573152,0.0,0.0,0.3608207510646535,0.473418703919286,0.473418703919286,0.4438419829589465,0.4890368050117463,0.7079447967176427,0.7079447967176427,0.7331240188383046,0.7248215701823949,0.29605263157894735,0.5073529411764706,0.44925925925925925,0.3633131887664415,0.6841892438334007,0.7140587768069897,0.6733411857086768,0.6968737633557578,0.7035330261136713,0.7211650485436893,0.6996867658574785
Erysipelatoclostridium ramosum,0.676556623485165,0.41065573770491803,0.41065573770491803,0.41065573770491803,0.41065573770491803,0.41065573770491803,0.41065573770491803,0.41065573770491803,0.41065573770491803,0.41065573770491803,0.41065573770491803,0.29120370370370374,0.29120370370370374,0.6408199643493762,0.5429256594724221,0.5429256594724221,0.4028925619834711,0.6292182827851345,0.6292182827851345,0.32505353319057817,0.2940952380952381,0.2940952380952381,0.3097046413502109,0.33746262281076467,0.3884630899556273,0.6484947111472742,0.2873239436619718,0.40801457194899815,0.40801457194899815,0.663716814159292,0.3633034987794955,0.3642597821702299,0.3635551585529254,0.40447832301095765,0.3815370623010459,0.3815370623010459,0.37082204155374887,0.6530874785591767,0.31226454583507746,0.429290809903483,0.6374062637847375,0.4142059058260176,0.3036076205918119,0.6356307940346635,0.36824450242266116,0.4594692838967648,0.7010647010647011,0.3654358583936048,0.4594692838967648,0.3599545798637396,0.44730941704035876,0.375,0.395825704870011,0.3565048543689321,0.3750937734433608,0.69063270336894,0.7020506634499397,0.7026262626262626,0.3599545798637396,0.375,0.3932377802278574,0.3724007561436673,0.3870498363041106,0.36795021392454297,0.6979508196721311,0.34577603143418467,0.36353032659409024,0.370806890299184,0.370806890299184,0.370806890299184,0.7273542600896861,0.370806890299184,0.370806890299184,0.5097291110263258,0.6946695095948827,0.6829164900381517,0.3872832369942196,0.7380206000895656,0.4393825301204819,0.3718647764449291,0.3718647764449291,0.6785281035179944,0.3650442477876106,0.36390642406238394,0.7168212989108511,0.7094622759483118,0.37905718701700153,0.7014096539940197,0.49485596707818935,0.6778405081157375,0.49485596707818935,0.49485596707818935,0.675297410776767,0.43503230437903806,0.6766447368421052,0.3608207510646535,0.3608207510646535,0.0,0.232421875,0.232421875,0.4238297872340425,0.4927721088435374,0.6532706284737066,0.6532706284737066,0.6376811594202898,0.6880650994575046,0.3835087719298246,0.3497904052165812,0.35889830508474574,0.3215962441314554,0.6666666666666667,0.7303517151541468,0.6805854498493328,0.6623259991019308,0.700890963088672,0.691699604743083,0.679982440737489
Catenibacterium sp000437715,0.6412322274881517,0.38319023949389963,0.38319023949389963,0.38319023949389963,0.38319023949389963,0.38319023949389963,0.38319023949389963,0.38319023949389963,0.38319023949389963,0.38319023949389963,0.38319023949389963,0.19050160085378864,0.19050160085378864,0.5976542580316165,0.4897959183673469,0.4897959183673469,0.3556273062730627,0.6034565530484878,0.6034565530484878,0.2580800771828268,0.4077743902439024,0.4077743902439024,0.4073914911903739,0.2714148219441771,0.3370837083708371,0.6175663311985362,0.216302610548748,0.33019853709508884,0.33019853709508884,0.6438356164383562,0.3207036535859269,0.3244087460954931,0.2880407124681934,0.3173289183222958,0.29103303618248555,0.29103303618248555,0.3032324268855824,0.6301832208293153,0.4166313109885448,0.34311838306063525,0.6138170974155069,0.37577365163572063,0.4168704156479217,0.6313220940550133,0.47208692394155116,0.4641185647425897,0.690975387420237,0.47557251908396947,0.4641185647425897,0.4786872878159185,0.44806763285024154,0.48818611414031265,0.5018355359765052,0.4664586583463338,0.4790645039607695,0.6901088929219601,0.6816749212066637,0.6834011759384894,0.4786872878159185,0.48818611414031265,0.5029411764705882,0.4829545454545454,0.49891067538126366,0.46432794639337804,0.6826923076923077,0.44532803180914515,0.45737963693764794,0.3287671232876712,0.3287671232876712,0.3287671232876712,0.7194752774974773,0.3287671232876712,0.3287671232876712,0.5043550394027374,0.6827290076335878,0.6607824427480916,0.49126213592233015,0.7146503318019397,0.43508343508343506,0.4836719883889695,0.4836719883889695,0.6606498194945849,0.4751014385835485,0.47587230883444687,0.6832723948811701,0.6952869808679422,0.4647221127315727,0.6776061776061776,0.46509009009009006,0.6691119691119691,0.46509009009009006,0.46509009009009006,0.6679403897592664,0.39779005524861877,0.6727272727272727,0.473418703919286,0.473418703919286,0.232421875,0.0,0.0,0.3851992409867173,0.43236714975845414,0.6370157819225251,0.6370157819225251,0.6103136629452419,0.6539058458354889,0.48023994354269584,0.26205787781350487,0.2945107398568019,0.4334511189634864,0.6509964230965763,0.7092966060009838,0.6642512077294687,0.6366412213740458,0.6878859857482185,0.6631736526946108,0.6599009900990098
Catenibacterium mitsuokai,0.6412322274881517,0.38319023949389963,0.38319023949389963,0.38319023949389963,0.38319023949389963,0.38319023949389963,0.38319023949389963,0.38319023949389963,0.38319023949389963,0.38319023949389963,0.38319023949389963,0.19050160085378864,0.19050160085378864,0.5976542580316165,0.4897959183673469,0.4897959183673469,0.3556273062730627,0.6034565530484878,0.6034565530484878,0.2580800771828268,0.4077743902439024,0.4077743902439024,0.4073914911903739,0.2714148219441771,0.3370837083708371,0.6175663311985362,0.216302610548748,0.33019853709508884,0.33019853709508884,0.6438356164383562,0.3207036535859269,0.3244087460954931,0.2880407124681934,0.3173289183222958,0.29103303618248555,0.29103303618248555,0.3032324268855824,0.6301832208293153,0.4166313109885448,0.34311838306063525,0.6138170974155069,0.37577365163572063,0.4168704156479217,0.6313220940550133,0.47208692394155116,0.4641185647425897,0.690975387420237,0.47557251908396947,0.4641185647425897,0.4786872878159185,0.44806763285024154,0.48818611414031265,0.5018355359765052,0.4664586583463338,0.4790645039607695,0.6901088929219601,0.6816749212066637,0.6834011759384894,0.4786872878159185,0.48818611414031265,0.5029411764705882,0.4829545454545454,0.49891067538126366,0.46432794639337804,0.6826923076923077,0.44532803180914515,0.45737963693764794,0.3287671232876712,0.3287671232876712,0.3287671232876712,0.7194752774974773,0.3287671232876712,0.3287671232876712,0.5043550394027374,0.6827290076335878,0.6607824427480916,0.49126213592233015,0.7146503318019397,0.43508343508343506,0.4836719883889695,0.4836719883889695,0.6606498194945849,0.4751014385835485,0.47587230883444687,0.6832723948811701,0.6952869808679422,0.4647221127315727,0.6776061776061776,0.46509009009009006,0.6691119691119691,0.46509009009009006,0.46509009009009006,0.6679403897592664,0.39779005524861877,0.6727272727272727,0.473418703919286,0.473418703919286,0.232421875,0.0,0.0,0.3851992409867173,0.43236714975845414,0.6370157819225251,0.6370157819225251,0.6103136629452419,0.6539058458354889,0.48023994354269584,0.26205787781350487,0.2945107398568019,0.4334511189634864,0.6509964230965763,0.7092966060009838,0.6642512077294687,0.6366412213740458,0.6878859857482185,0.6631736526946108,0.6599009900990098
Holdemania filiformis,0.7163984341017834,0.5328525641025641,0.5328525641025641,0.5328525641025641,0.5328525641025641,0.5328525641025641,0.5328525641025641,0.5328525641025641,0.5328525641025641,0.5328525641025641,0.5328525641025641,0.3986175115207373,0.3986175115207373,0.6897827092001849,0.6077947705969413,0.6077947705969413,0.5462151394422311,0.715450643776824,0.715450643776824,0.465531561461794,0.3947269303201506,0.3947269303201506,0.3493031358885017,0.45286195286195285,0.5009916699722332,0.7101328903654485,0.4491640307275192,0.5205232295895355,0.5205232295895355,0.7404092071611252,0.31920529801324504,0.3221153846153846,0.45381165919282507,0.5038204393505252,0.5221043324491601,0.5221043324491601,0.47183415953132046,0.7430167597765363,0.48811410459587956,0.4671881790525858,0.7219750889679715,0.4735987002437043,0.39636363636363636,0.6921172100701609,0.4568038561364479,0.43074522044479124,0.767819924968737,0.4523719165085389,0.43074522044479124,0.44817188088955895,0.41870734644720997,0.4649059334298119,0.46025878003696863,0.44099378881987583,0.44796380090497734,0.7631140716069942,0.7615131578947368,0.7654575432811213,0.44817188088955895,0.4649059334298119,0.47205882352941175,0.4470186099506267,0.4733984799131379,0.4416601409553641,0.7728968089515127,0.4306483300589391,0.4420600858369099,0.5138583369995601,0.5138583369995601,0.5138583369995601,0.7849860982391103,0.5138583369995601,0.5138583369995601,0.48210612916495266,0.7683982683982684,0.7452256944444444,0.45383716400467466,0.7714825306893296,0.40414297319252646,0.4692998204667863,0.4692998204667863,0.7398843930635839,0.4521100917431192,0.4498705142434333,0.7609694943585458,0.7734241908006814,0.4377699254024342,0.7548500881834215,0.5878172588832487,0.7298561151079137,0.5878172588832487,0.5878172588832487,0.7263646093471281,0.5184125849124062,0.736475273813475,0.4438419829589465,0.4438419829589465,0.4238297872340425,0.3851992409867173,0.3851992409867173,0.0,0.25798011512297225,0.72932005197055,0.72932005197055,0.7090909090909091,0.7365945437441204,0.4533286368439592,0.4328780028261894,0.47243107769423553,0.532420749279539,0.7470101195952161,0.7713248638838476,0.7634548611111112,0.728485964104924,0.7774914089347079,0.7452316076294279,0.7529043789097408
Holdemanella biformis,0.6842601319509896,0.501710863986313,0.501710863986313,0.501710863986313,0.501710863986313,0.501710863986313,0.501710863986313,0.501710863986313,0.501710863986313,0.501710863986313,0.501710863986313,0.4633920296570899,0.4633920296570899,0.6441966548403446,0.664493480441324,0.664493480441324,0.49374190763918857,0.6885701064322073,0.6885701064322073,0.5004240882103477,0.4327731092436975,0.4327731092436975,0.39832377591530654,0.5110076206604572,0.5409109230149134,0.6884735202492211,0.47127510509107895,0.4715964740450539,0.4715964740450539,0.6946778711484594,0.32506887052341593,0.3400992331980154,0.4702325581395349,0.4206054168879447,0.4684944684944685,0.4684944684944685,0.48689138576779023,0.6866096866096867,0.5242130750605327,0.4704813805631244,0.6812439261418853,0.5097308488612837,0.40519045625784844,0.6884531590413943,0.5029917726252805,0.49513050253213864,0.7607443509082853,0.5110182370820668,0.49513050253213864,0.5041572184429327,0.46901579586877273,0.5138282387190685,0.5129918337045285,0.49335937500000004,0.5022710068130205,0.7546501328609388,0.7420634920634921,0.7506607929515419,0.5041572184429327,0.5138282387190685,0.5168831168831169,0.50399695470118,0.5261437908496732,0.49091627172195895,0.7541129390840373,0.47938144329896903,0.48637978681405447,0.5635876840696118,0.5635876840696118,0.5635876840696118,0.7598187311178248,0.5635876840696118,0.5635876840696118,0.42996887505558024,0.7587800369685767,0.7269338303821062,0.5076380728554641,0.7535714285714286,0.4504726674886971,0.5141202027516292,0.5141202027516292,0.7300263388937664,0.5044215180545321,0.5031563312291125,0.7175502742230347,0.7581013235965313,0.472,0.7267080745341614,0.5674518201284797,0.7149390243902439,0.5674518201284797,0.5674518201284797,0.719113781449493,0.5665467625899281,0.7262569832402235,0.4890368050117463,0.4890368050117463,0.4927721088435374,0.43236714975845414,0.43236714975845414,0.25798011512297225,0.0,0.708100558659218,0.708100558659218,0.6885330578512396,0.7047667862634546,0.49072753209700426,0.4842105263157894,0.5171682916490038,0.5664591724642988,0.7155733600400601,0.7504901960784314,0.7281323877068557,0.6927710843373494,0.7325471698113207,0.7076923076923076,0.7272727272727273
Streptococcus salivarius,0.4435064935064935,0.5537459283387622,0.5537459283387622,0.5537459283387622,0.5537459283387622,0.5537459283387622,0.5537459283387622,0.5537459283387622,0.5537459283387622,0.5537459283387622,0.5537459283387622,0.645804357904497,0.645804357904497,0.5107772697583279,0.6025878003696858,0.6025878003696858,0.5550887021475257,0.40692357935989554,0.40692357935989554,0.615689731159101,0.7039496679482699,0.7039496679482699,0.7128082736674621,0.6313020604997808,0.5824175824175823,0.3929471032745592,0.6632605666511844,0.6451292246520874,0.6451292246520874,0.40146471371504655,0.6840614886731391,0.6870503597122302,0.6059730250481696,0.6006511123168747,0.642161635832522,0.642161635832522,0.6509747979077508,0.39797297297297296,0.5921450151057401,0.5630739487675205,0.4783464566929134,0.5866784296426997,0.7039848197343453,0.4064594759293114,0.7196593328601846,0.7093412727949386,0.45728965960179835,0.7171459774299236,0.7093412727949386,0.7178841309823678,0.7010744435917114,0.7028832630098453,0.6748623853211009,0.7304730473047305,0.7182439726520331,0.44165054803352677,0.44921135646687693,0.4657448145820239,0.7178841309823678,0.7028832630098453,0.6786500366837858,0.7242872609166366,0.7053003533568905,0.7315808959644576,0.45606157793457347,0.7144992526158446,0.7225111441307578,0.6691800188501413,0.6691800188501413,0.6691800188501413,0.5446868402533427,0.6691800188501413,0.6691800188501413,0.6552315608919382,0.46241610738255035,0.41987829614604466,0.7034927866362946,0.5836791147994467,0.6759513534719498,0.7267421901819431,0.7267421901819431,0.4888082274652148,0.7233449477351916,0.7237627237627238,0.5208588957055215,0.5444305381727159,0.7398822663723326,0.47138047138047134,0.6291666666666667,0.47723785166240407,0.6291666666666667,0.6291666666666667,0.4752275025278059,0.59765625,0.5050551470588236,0.7079447967176427,0.7079447967176427,0.6532706284737066,0.6370157819225251,0.6370157819225251,0.72932005197055,0.708100558659218,0.0,0.0,0.3302180685358256,0.5194444444444444,0.7201467645096731,0.6913638508730533,0.5908265213442325,0.6875466070096943,0.503448275862069,0.4723404255319149,0.4710193204530313,0.5044008124576844,0.4386920980926431,0.5580939947780679,0.5136212624584717
Streptococcus sp001556435,0.4435064935064935,0.5537459283387622,0.5537459283387622,0.5537459283387622,0.5537459283387622,0.5537459283387622,0.5537459283387622,0.5537459283387622,0.5537459283387622,0.5537459283387622,0.5537459283387622,0.645804357904497,0.645804357904497,0.5107772697583279,0.6025878003696858,0.6025878003696858,0.5550887021475257,0.40692357935989554,0.40692357935989554,0.615689731159101,0.7039496679482699,0.7039496679482699,0.7128082736674621,0.6313020604997808,0.5824175824175823,0.3929471032745592,0.6632605666511844,0.6451292246520874,0.6451292246520874,0.40146471371504655,0.6840614886731391,0.6870503597122302,0.6059730250481696,0.6006511123168747,0.642161635832522,0.642161635832522,0.6509747979077508,0.39797297297297296,0.5921450151057401,0.5630739487675205,0.4783464566929134,0.5866784296426997,0.7039848197343453,0.4064594759293114,0.7196593328601846,0.7093412727949386,0.45728965960179835,0.7171459774299236,0.7093412727949386,0.7178841309823678,0.7010744435917114,0.7028832630098453,0.6748623853211009,0.7304730473047305,0.7182439726520331,0.44165054803352677,0.44921135646687693,0.4657448145820239,0.7178841309823678,0.7028832630098453,0.6786500366837858,0.7242872609166366,0.7053003533568905,0.7315808959644576,0.45606157793457347,0.7144992526158446,0.7225111441307578,0.6691800188501413,0.6691800188501413,0.6691800188501413,0.5446868402533427,0.6691800188501413,0.6691800188501413,0.6552315608919382,0.46241610738255035,0.41987829614604466,0.7034927866362946,0.5836791147994467,0.6759513534719498,0.7267421901819431,0.7267421901819431,0.4888082274652148,0.7233449477351916,0.7237627237627238,0.5208588957055215,0.5444305381727159,0.7398822663723326,0.47138047138047134,0.6291666666666667,0.47723785166240407,0.6291666666666667,0.6291666666666667,0.4752275025278059,0.59765625,0.5050551470588236,0.7079447967176427,0.7079447967176427,0.6532706284737066,0.6370157819225251,0.6370157819225251,0.72932005197055,0.708100558659218,0.0,0.0,0.3302180685358256,0.5194444444444444,0.7201467645096731,0.6913638508730533,0.5908265213442325,0.6875466070096943,0.503448275862069,0.4723404255319149,0.4710193204530313,0.5044008124576844,0.4386920980926431,0.5580939947780679,0.5136212624584717
Streptococcus thermophilus,0.5198630136986302,0.62320230105465,0.62320230105465,0.62320230105465,0.62320230105465,0.62320230105465,0.62320230105465,0.62320230105465,0.62320230105465,0.62320230105465,0.62320230105465,0.6209553158705701,0.6209553158705701,0.4596834966088922,0.5598866052445075,0.5598866052445075,0.6221686746987951,0.5114864864864865,0.5114864864864865,0.6444237050863275,0.7097733184689706,0.7097733184689706,0.7124463519313304,0.6302800189843379,0.6578356533453076,0.51252408477842,0.6485933503836316,0.6326194398682043,0.6326194398682043,0.5420875420875421,0.6825327510917031,0.6772234273318872,0.6348228043143298,0.5713414634146341,0.6376734258271077,0.6376734258271077,0.6367924528301887,0.5204435204435205,0.6762904636920385,0.639662027833002,0.49167270094134685,0.6422689844464775,0.7035073409461664,0.514053716427233,0.7347091932457785,0.7220245156188216,0.5364864864864864,0.7295208655332304,0.7220245156188216,0.725775564917656,0.7167889160554197,0.729112992270887,0.735481453727988,0.7408274785323965,0.7339170156071564,0.5283400809716599,0.5381578947368422,0.5445544554455446,0.725775564917656,0.729112992270887,0.739797828528641,0.7335892514395393,0.7387785136129508,0.7391304347826086,0.5380471380471381,0.7189124350259897,0.7344922955353614,0.6666666666666667,0.6666666666666667,0.6666666666666667,0.559748427672956,0.6666666666666667,0.6666666666666667,0.7185152452496686,0.5342368045649073,0.5099290780141844,0.7538220305762446,0.5698500394632992,0.7322294022617124,0.7565341926244182,0.7565341926244182,0.5537084398976981,0.7447821310875138,0.7439970446989287,0.593143596377749,0.5476025017373176,0.7696759259259259,0.5450643776824035,0.6500399042298484,0.5634171907756813,0.6500399042298484,0.6500399042298484,0.5573430202387131,0.673259493670886,0.5762151958470977,0.7331240188383046,0.7331240188383046,0.6376811594202898,0.6103136629452419,0.6103136629452419,0.7090909090909091,0.6885330578512396,0.3302180685358256,0.3302180685358256,0.0,0.49523809523809526,0.7364912280701754,0.6654392425039453,0.6482791136256483,0.7111459968602826,0.4831372549019608,0.5392231530845393,0.5218951902368988,0.5007598784194529,0.5324768022840828,0.5309009679821295,0.5011235955056179
Adlercreutzia celatus_A,0.4801980198019802,0.6190246257846451,0.6190246257846451,0.6190246257846451,0.6190246257846451,0.6190246257846451,0.6190246257846451,0.6190246257846451,0.6190246257846451,0.6190246257846451,0.6190246257846451,0.6334355828220859,0.6334355828220859,0.43330763299922903,0.5844428871758935,0.5844428871758935,0.6259652509652509,0.46245614035087723,0.46245614035087723,0.6379472693032016,0.7330648114243867,0.7330648114243867,0.7236223835967535,0.6743542435424354,0.6751223854027593,0.5608994378513429,0.6636178861788617,0.6354625550660793,0.6354625550660793,0.5006963788300836,0.6940460669274229,0.7043515358361775,0.5992588671254633,0.566420664206642,0.6227642276422765,0.6227642276422765,0.6035598705501618,0.4781362007168459,0.6592526690391459,0.6132315521628499,0.3982985305491106,0.6477584629460201,0.707874337005304,0.5270690728064718,0.7476705180767798,0.7307843910130074,0.5236463331048664,0.7380585516178737,0.7307843910130074,0.7495284798189363,0.721678891605542,0.7316623663840767,0.7423335826477188,0.7410889150019585,0.7370426829268293,0.5393939393939393,0.5431773236651285,0.5476821192052981,0.7495284798189363,0.7316623663840767,0.7381489841986456,0.7487628473543966,0.7441176470588236,0.7398889770023791,0.5490591397849462,0.7272727272727273,0.7387351778656126,0.6830265848670757,0.6830265848670757,0.6830265848670757,0.4833333333333333,0.6830265848670757,0.6830265848670757,0.7147307521139297,0.5312724658519051,0.5194897236002836,0.7492101105845181,0.5136251032204789,0.705175983436853,0.7289753947851634,0.7289753947851634,0.4693877551020408,0.7210782478472482,0.7186081694402421,0.4926829268292683,0.5304101838755304,0.7122010539116336,0.44819646968534155,0.6532161406312424,0.5621707060063225,0.6532161406312424,0.6532161406312424,0.5583333333333333,0.6632,0.587875939849624,0.7248215701823949,0.7248215701823949,0.6880650994575046,0.6539058458354889,0.6539058458354889,0.7365945437441204,0.7047667862634546,0.5194444444444444,0.5194444444444444,0.49523809523809526,0.0,0.727756114852889,0.6971104231166151,0.648840511121628,0.707740916271722,0.4611689351481185,0.4956590370955012,0.4758004467609829,0.4349561053471668,0.5199131064446054,0.4374501992031873,0.482837528604119
Bifidobacterium longum,0.7255291005291005,0.5101174934725848,0.5101174934725848,0.5101174934725848,0.5101174934725848,0.5101174934725848,0.5101174934725848,0.5101174934725848,0.5101174934725848,0.5101174934725848,0.5101174934725848,0.47986111111111107,0.47986111111111107,0.715807560137457,0.6691675598428011,0.6691675598428011,0.5016458196181699,0.6978609625668449,0.6978609625668449,0.453414059872183,0.32901973471368484,0.32901973471368484,0.3539109084531743,0.46753681392235613,0.48576972833117726,0.6987990912041545,0.4752022511431586,0.5430163706025775,0.5430163706025775,0.7044996642041639,0.37136929460580914,0.3665173957974509,0.5017217630853994,0.5783726664318423,0.5318118948824343,0.5318118948824343,0.5006983240223464,0.7058823529411764,0.41962491627595444,0.5193850267379679,0.709501025290499,0.5151322077094616,0.3366336633663366,0.685603615235636,0.32506613756613756,0.4082094376212023,0.7401240613777342,0.340219926691103,0.4082094376212023,0.3216315613507188,0.3993388429752066,0.3044481054365733,0.3545454545454545,0.32344921608725286,0.33144946808510634,0.718915343915344,0.7214239059438275,0.7257273618829683,0.3216315613507188,0.3044481054365733,0.3413114754098361,0.33266533066132264,0.31767411300919846,0.3254458161865569,0.7335299901671584,0.32409308692676253,0.330150068212824,0.49525483304042184,0.49525483304042184,0.49525483304042184,0.7631578947368421,0.49525483304042184,0.49525483304042184,0.45197168857431747,0.7363452461227242,0.7152048763968846,0.36069986541049803,0.7783199721157198,0.3893333333333333,0.32163742690058483,0.32163742690058483,0.7092036553524804,0.32647058823529407,0.3290682414698163,0.7322189446083252,0.7410981697171382,0.32118294360385147,0.7143842704380821,0.5227008149010477,0.694730644686488,0.5227008149010477,0.5227008149010477,0.6913399648917495,0.4830177336940187,0.679932735426009,0.29605263157894735,0.29605263157894735,0.3835087719298246,0.48023994354269584,0.48023994354269584,0.4533286368439592,0.49072753209700426,0.7201467645096731,0.7201467645096731,0.7364912280701754,0.727756114852889,0.0,0.42105263157894735,0.38869257950530034,0.17022058823529407,0.7432432432432432,0.7505190311418686,0.7168262653898769,0.7328033183546492,0.7385598923283984,0.7349896480331263,0.7244475138121547
Bifidobacterium pseudocatenulatum,0.688293370944993,0.434257602862254,0.434257602862254,0.434257602862254,0.434257602862254,0.434257602862254,0.434257602862254,0.434257602862254,0.434257602862254,0.434257602862254,0.434257602862254,0.2864529472595657,0.2864529472595657,0.6588058203712995,0.5403181568842568,0.5403181568842568,0.40585009140767825,0.6679209783631233,0.6679209783631233,0.3322321849929212,0.4646199925121677,0.4646199925121677,0.48095437421515275,0.3341232227488151,0.3753929052537045,0.6668175645088275,0.2545357524012807,0.38561076604554867,0.38561076604554867,0.688878460816518,0.38386524822695034,0.3704031900753212,0.3695436507936508,0.41998936735778836,0.3732106339468303,0.3732106339468303,0.3520408163265306,0.6730676908305329,0.45258255715495344,0.39714285714285713,0.6640394088669951,0.43062827225130895,0.48467966573816157,0.6559428060768544,0.500936680404646,0.47992125984251965,0.7341485507246377,0.5072408536585367,0.47992125984251965,0.4831288343558282,0.46734279918864097,0.5036656891495601,0.5241430151124217,0.4846698113207547,0.5001896094046265,0.7074517019319227,0.711121157323689,0.719385449615906,0.4831288343558282,0.5036656891495601,0.5241965275212412,0.5001909125620465,0.5166361974405851,0.4917061611374408,0.7255348202093764,0.4843811783313563,0.4937106918238994,0.3519467213114754,0.3519467213114754,0.3519467213114754,0.7558139534883721,0.3519467213114754,0.3519467213114754,0.5308076602830973,0.7333647947144879,0.7030878859857482,0.524602867105773,0.7745983935742972,0.4632952691680261,0.5099891027969488,0.5099891027969488,0.6965734896302975,0.49573600296625886,0.49608062709966405,0.7306473517428701,0.7412037037037037,0.49685039370078743,0.6965247185511503,0.5046589638464405,0.7053399923165578,0.5046589638464405,0.5046589638464405,0.7042949448878753,0.42941640378548895,0.7034139402560455,0.5073529411764706,0.5073529411764706,0.3497904052165812,0.26205787781350487,0.26205787781350487,0.4328780028261894,0.4842105263157894,0.6913638508730533,0.6913638508730533,0.6654392425039453,0.6971104231166151,0.42105263157894735,0.0,0.21814475025484203,0.38838550247116965,0.708816120906801,0.7359801488833747,0.7181688125894135,0.6871846619576185,0.7280909521553767,0.6996501749125437,0.716447047340166
Bifidobacterium catenulatum,0.6249449096518289,0.3656143344709898,0.3656143344709898,0.3656143344709898,0.3656143344709898,0.3656143344709898,0.3656143344709898,0.3656143344709898,0.3656143344709898,0.3656143344709898,0.3656143344709898,0.3090487238979118,0.3090487238979118,0.6268861454046639,0.5606352261790183,0.5606352261790183,0.3254385964912281,0.5711703569814731,0.5711703569814731,0.31487134757959,0.4452631578947368,0.4452631578947368,0.47672181608310893,0.31211589113257243,0.31137724550898205,0.5797918473547268,0.3038153556288271,0.396559739655974,0.396559739655974,0.5838621940163191,0.3922361504245855,0.3851732473811442,0.35590909090909095,0.42761904761904757,0.391941391941392,0.391941391941392,0.36020267157991714,0.5859232175502742,0.3937928254735994,0.33887640449438206,0.6253953908721193,0.34930643127364436,0.46570263255469035,0.5698371893744645,0.46254881079162224,0.4420074349442379,0.6293859649122807,0.47175242893127023,0.4420074349442379,0.4599353215954006,0.42906309751434035,0.45788185948968896,0.44100719424460433,0.44999999999999996,0.45418470418470414,0.5994647636039251,0.6145470383275261,0.6147110332749562,0.4599353215954006,0.45788185948968896,0.44480402732829916,0.47109515260323165,0.45907973305233574,0.4581939799331104,0.6253842775581906,0.45299145299145294,0.45451169699220195,0.34174848059841045,0.34174848059841045,0.34174848059841045,0.6722169362511894,0.34174848059841045,0.34174848059841045,0.44770716009654066,0.6306224443434802,0.5943959577400092,0.45366218236173395,0.7081585081585082,0.36992840095465396,0.4664359861591696,0.4664359861591696,0.5995652173913044,0.4525573192239859,0.45205965909090906,0.6272448532632502,0.6749239461103869,0.45799256505576214,0.6175519630484989,0.4448424068767909,0.6016628873771731,0.4448424068767909,0.4448424068767909,0.6006736526946108,0.33152804642166345,0.6024604569420036,0.44925925925925925,0.44925925925925925,0.35889830508474574,0.2945107398568019,0.2945107398568019,0.47243107769423553,0.5171682916490038,0.5908265213442325,0.5908265213442325,0.6482791136256483,0.648840511121628,0.38869257950530034,0.21814475025484203,0.0,0.33673069384555077,0.6777879341864717,0.6480263157894737,0.657473309608541,0.6356444858073522,0.6232876712328768,0.6733031674208145,0.6545454545454545
Bifidobacterium bifidum,0.7170837867247007,0.4774193548387097,0.4774193548387097,0.4774193548387097,0.4774193548387097,0.4774193548387097,0.4774193548387097,0.4774193548387097,0.4774193548387097,0.4774193548387097,0.4774193548387097,0.4374759522893421,0.4374759522893421,0.6971428571428571,0.6307754118119726,0.6307754118119726,0.4727731698521457,0.683707245310776,0.683707245310776,0.4202952029520295,0.39894319682959045,0.39894319682959045,0.4287253141831239,0.43768328445747806,0.45759717314487636,0.6879886282871357,0.43291731669266775,0.5027110766847405,0.5027110766847405,0.6890040725657164,0.45098730606488013,0.46354166666666663,0.45971744940817105,0.5392772977219167,0.5043776170536733,0.5043776170536733,0.46091331269349844,0.68796711509716,0.38458715596330273,0.4822878228782288,0.7025506376594148,0.48482734565748165,0.4101221640488656,0.6773511799929552,0.40080835298080164,0.47518199867637323,0.7194504699927693,0.4109028960817718,0.47518199867637323,0.3965223320831913,0.4707671510645488,0.38278633623576697,0.41896838602329456,0.3897830650804759,0.39082819986310746,0.6980234260614935,0.7034234234234233,0.7058185760751716,0.3965223320831913,0.38278633623576697,0.4129852744310576,0.402801503245644,0.39115874079035495,0.3956430077301476,0.7125226860254084,0.394109396914446,0.3865398167723749,0.4448803452334249,0.4448803452334249,0.4448803452334249,0.734017363851618,0.4448803452334249,0.4448803452334249,0.5239903348291336,0.713053263315829,0.6874292185730464,0.42442061570390865,0.7561451424112369,0.4606205250596659,0.4075533661740558,0.4075533661740558,0.6913669064748201,0.38900067069081157,0.38975050573162506,0.7110707803992741,0.7252666421478484,0.38292596528515765,0.687956906502501,0.5020459553037457,0.6855044699872286,0.5020459553037457,0.5020459553037457,0.6810536337670581,0.45374305328538733,0.6740114699667974,0.3633131887664415,0.3633131887664415,0.3215962441314554,0.4334511189634864,0.4334511189634864,0.532420749279539,0.5664591724642988,0.6875466070096943,0.6875466070096943,0.7111459968602826,0.707740916271722,0.17022058823529407,0.38838550247116965,0.33673069384555077,0.0,0.7215140981073773,0.7242447714949651,0.7071885585246518,0.6989121989121989,0.7136431784107946,0.7104351174432038,0.7026507875528236
Desulfovibrio sp900556755,0.5312290127602417,0.6027000964320155,0.6027000964320155,0.6027000964320155,0.6027000964320155,0.6027000964320155,0.6027000964320155,0.6027000964320155,0.6027000964320155,0.6027000964320155,0.6027000964320155,0.6238578680203046,0.6238578680203046,0.4377358490566038,0.539389638041164,0.539389638041164,0.5857843137254901,0.46063535911602205,0.46063535911602205,0.6194065002355158,0.6942889137737962,0.6942889137737962,0.6968130921619293,0.5979778526721233,0.6418918918918919,0.4811932555123216,0.6380806533945891,0.6221248630887185,0.6221248630887185,0.49931506849315066,0.6606514084507042,0.6739974126778784,0.6193415637860082,0.5633717404487568,0.5968443960826986,0.5968443960826986,0.5691721132897604,0.4738700564971752,0.6619903551074091,0.6226321036889332,0.44812362030905073,0.6158113730929264,0.6960943856794142,0.5172626387176326,0.7050304878048781,0.6836363636363636,0.48827586206896556,0.6973270440251572,0.6836363636363636,0.7018970189701896,0.6770833333333333,0.6970037453183521,0.7214285714285714,0.7054140127388535,0.6916471506635441,0.4996600951733514,0.5132275132275133,0.5116744496330887,0.7018970189701896,0.6970037453183521,0.7127134724857684,0.7042088854247857,0.7135940409683427,0.708433734939759,0.5003412969283276,0.6991542488924688,0.7047733654231849,0.6205804749340369,0.6205804749340369,0.6205804749340369,0.5136000000000001,0.6205804749340369,0.6205804749340369,0.6925826630920464,0.4865454545454545,0.468682505399568,0.7291831879460746,0.505691056910569,0.7049918166939444,0.7159633027522936,0.7159633027522936,0.48677248677248675,0.7024793388429752,0.697338403041825,0.5158462575859744,0.4699927693420102,0.7367387033398821,0.47520355292376015,0.6385782747603834,0.5482686253934943,0.6385782747603834,0.6385782747603834,0.5483704086911536,0.6587301587301587,0.5680000000000001,0.6841892438334007,0.6841892438334007,0.6666666666666667,0.6509964230965763,0.6509964230965763,0.7470101195952161,0.7155733600400601,0.503448275862069,0.503448275862069,0.4831372549019608,0.4611689351481185,0.7432432432432432,0.708816120906801,0.6777879341864717,0.7215140981073773,0.0,0.49535603715170273,0.404743687834736,0.3866020984665053,0.509663564781675,0.40717131474103585,0.44912012241775057
Dialister invisus,0.5037904893177119,0.643126177024482,0.643126177024482,0.643126177024482,0.643126177024482,0.643126177024482,0.643126177024482,0.643126177024482,0.643126177024482,0.643126177024482,0.643126177024482,0.7055715658021133,0.7055715658021133,0.5191059841384282,0.6688396349413299,0.6688396349413299,0.6298949379178606,0.5047297297297297,0.5047297297297297,0.6922386720502467,0.7420520231213873,0.7420520231213873,0.7572254335260116,0.6573945294390358,0.6355777979981801,0.480731548007838,0.7025440313111546,0.6931521170935704,0.6931521170935704,0.5010337698139214,0.7329426538300544,0.7483633387888706,0.6633266533066132,0.6500286861732645,0.670643153526971,0.670643153526971,0.6436363636363636,0.45238095238095233,0.6572313135780627,0.6202913108990458,0.5485436893203883,0.6451319381255687,0.7345238095238096,0.5179900744416873,0.7455489614243324,0.7360623781676413,0.4909847434119279,0.743140243902439,0.7360623781676413,0.7580945292147376,0.734375,0.7342836257309941,0.7040581929555896,0.7476780185758514,0.7354056103108415,0.47317073170731705,0.49494268374915706,0.49524456521739135,0.7580945292147376,0.7342836257309941,0.7010388611004232,0.7480136208853576,0.7261948869951834,0.7460815047021944,0.48331015299026425,0.7460007803355443,0.7340425531914894,0.6977443609022556,0.6977443609022556,0.6977443609022556,0.4700996677740864,0.6977443609022556,0.6977443609022556,0.6614535418583256,0.4782608695652174,0.412781954887218,0.7031313542090281,0.5004115226337449,0.688463140358184,0.7466714645555955,0.7466714645555955,0.4943671305500331,0.7420417124039518,0.7398373983739837,0.43705293276108725,0.5252808988764045,0.7484350547730829,0.455026455026455,0.6853932584269663,0.5604395604395604,0.6853932584269663,0.6853932584269663,0.5633367662203914,0.6533226581265013,0.5894687791239515,0.7140587768069897,0.7140587768069897,0.7303517151541468,0.7092966060009838,0.7092966060009838,0.7713248638838476,0.7504901960784314,0.4723404255319149,0.4723404255319149,0.5392231530845393,0.4956590370955012,0.7505190311418686,0.7359801488833747,0.6480263157894737,0.7242447714949651,0.49535603715170273,0.0,0.4230182926829268,0.4110576923076923,0.36937647987371747,0.5278396436525612,0.4672256097560976
Veillonella parvula_A,0.48194353250164146,0.5760715967969854,0.5760715967969854,0.5760715967969854,0.5760715967969854,0.5760715967969854,0.5760715967969854,0.5760715967969854,0.5760715967969854,0.5760715967969854,0.5760715967969854,0.6546489563567363,0.6546489563567363,0.48725017229496903,0.6174794173527549,0.6174794173527549,0.5528846153846154,0.4158815612382234,0.4158815612382234,0.6020128087831655,0.6972312117943186,0.6972312117943186,0.7128267973856209,0.5978762696214219,0.5975882090218847,0.4286624203821656,0.6585014409221902,0.6607505070993915,0.6607505070993915,0.4672402382528127,0.6854771784232365,0.6944104447164423,0.5905669844455594,0.5941375422773394,0.6119096509240247,0.6119096509240247,0.5980641874681609,0.4256198347107438,0.6228868660598179,0.5932781295664881,0.40996441281138785,0.5931438881371223,0.695141065830721,0.46107055961070564,0.7142335766423358,0.7087786259541985,0.5156950672645739,0.7182258665672754,0.7087786259541985,0.7246057939127246,0.7033398821218075,0.6932559825960841,0.7206095791001451,0.720348616900341,0.7150776053215078,0.5259165613147914,0.5351851851851852,0.5210295040803515,0.7246057939127246,0.6932559825960841,0.7107771260997067,0.7174721189591078,0.6937956204379563,0.7204136346227499,0.5067524115755627,0.7189767086674304,0.71,0.6645538761579717,0.6645538761579717,0.6645538761579717,0.5397643593519883,0.6645538761579717,0.6645538761579717,0.6854803963808703,0.49007529089664614,0.469068660774983,0.7333586915176873,0.5295880149812734,0.704724409448819,0.7024704618689581,0.7024704618689581,0.4975093399750934,0.7167443528146289,0.7148027506333695,0.513738019169329,0.4919246298788694,0.7338893100833965,0.4415121255349501,0.6184519155590305,0.514637904468413,0.6184519155590305,0.6184519155590305,0.5271356783919598,0.6324619586422162,0.5427782888684453,0.6733411857086768,0.6733411857086768,0.6805854498493328,0.6642512077294687,0.6642512077294687,0.7634548611111112,0.7281323877068557,0.4710193204530313,0.4710193204530313,0.5218951902368988,0.4758004467609829,0.7168262653898769,0.7181688125894135,0.657473309608541,0.7071885585246518,0.404743687834736,0.4230182926829268,0.0,0.3981900452488688,0.4291814946619217,0.4597534445250181,0.37951807228915657
Phascolarctobacterium_A succinatutens,0.46588559614059266,0.5933908045977012,0.5933908045977012,0.5933908045977012,0.5933908045977012,0.5933908045977012,0.5933908045977012,0.5933908045977012,0.5933908045977012,0.5933908045977012,0.5933908045977012,0.6118122160524988,0.6118122160524988,0.3998482549317147,0.5991983967935872,0.5991983967935872,0.5743539736713799,0.4508196721311475,0.4508196721311475,0.6134453781512605,0.6757768625982778,0.6757768625982778,0.6805854498493328,0.5987654320987654,0.6486725663716815,0.49303797468354427,0.6181725370086779,0.5953820780648709,0.5953820780648709,0.48299319727891155,0.64943032427695,0.6583369237397674,0.59349173553719,0.5441354292623942,0.5639056500274273,0.5639056500274273,0.5534454693434617,0.41726618705035967,0.6466725043782837,0.5919597989949749,0.43211678832116784,0.5893023255813954,0.6633704161516275,0.5006134969325153,0.7103189493433396,0.6963226571767497,0.5056932350971199,0.7078998073217726,0.6963226571767497,0.7190332326283988,0.6977309562398704,0.7094644167278064,0.7263976305072195,0.7139507620164127,0.6977726574500769,0.5155320555188367,0.5283140283140283,0.5095206828627709,0.7190332326283988,0.7094644167278064,0.713053263315829,0.7130833970925784,0.7115455551457026,0.7139470564994074,0.5083388925950634,0.7145104207628785,0.7011128775834659,0.6532994923857869,0.6532994923857869,0.6532994923857869,0.526029526029526,0.6532994923857869,0.6532994923857869,0.6839769196626719,0.5101897399859452,0.4692579505300354,0.7298355520751763,0.516205533596838,0.6868852459016394,0.7049780380673499,0.7049780380673499,0.46402640264026407,0.6803928976199471,0.6799999999999999,0.44660194174757284,0.5055478502080444,0.7199055861526358,0.48556998556998554,0.6355362089434111,0.5331939362258233,0.6355362089434111,0.6355362089434111,0.535015447991761,0.6410969793322734,0.5550867323019222,0.6968737633557578,0.6968737633557578,0.6623259991019308,0.6366412213740458,0.6366412213740458,0.728485964104924,0.6927710843373494,0.5044008124576844,0.5044008124576844,0.5007598784194529,0.4349561053471668,0.7328033183546492,0.6871846619576185,0.6356444858073522,0.6989121989121989,0.3866020984665053,0.4110576923076923,0.3981900452488688,0.0,0.4450146627565983,0.42989214175654855,0.4192807957153787
Acidaminococcus fermentans,0.471872931833223,0.5881252921926134,0.5881252921926134,0.5881252921926134,0.5881252921926134,0.5881252921926134,0.5881252921926134,0.5881252921926134,0.5881252921926134,0.5881252921926134,0.5881252921926134,0.6847725162488394,0.6847725162488394,0.518918918918919,0.6211258697027198,0.6211258697027198,0.5789224952741021,0.4440767703507611,0.4440767703507611,0.662724485326325,0.7253521126760563,0.7253521126760563,0.7260218535006071,0.6327174402884181,0.5894784172661871,0.4082687338501292,0.659942363112392,0.6609137055837564,0.6609137055837564,0.4004149377593361,0.7139374238114587,0.715548413017276,0.6108910891089109,0.6145717463848721,0.6420311714429361,0.6420311714429361,0.6192867905575088,0.3967696629213483,0.6229934924078091,0.5823095823095823,0.5006720430107527,0.5925925925925926,0.7203846153846154,0.4647630619684082,0.7223230490018149,0.7054768288012256,0.437542201215395,0.7150336574420344,0.7054768288012256,0.7134394668641244,0.6937400950871633,0.7097814403439627,0.6640121350018962,0.717597871531737,0.7095096582466567,0.39046302695231516,0.4147157190635451,0.42713903743315507,0.7134394668641244,0.7097814403439627,0.6699470098410295,0.726634650905061,0.7076255872786411,0.7161538461538461,0.41814461118690316,0.711760184473482,0.7071759259259259,0.6528803545051698,0.6528803545051698,0.6528803545051698,0.471042471042471,0.6528803545051698,0.6528803545051698,0.6276452048626744,0.40362318840579714,0.3889684813753582,0.6713258785942492,0.5240963855421688,0.6534207292093404,0.7223006351446719,0.7223006351446719,0.4880803011292346,0.7141316073354909,0.7135605511240029,0.48269105160026127,0.5089940039973351,0.73262438283327,0.41998551774076753,0.6329849012775842,0.4810725552050473,0.6329849012775842,0.6329849012775842,0.4969199178644764,0.6158102766798419,0.5320037105751392,0.7035330261136713,0.7035330261136713,0.700890963088672,0.6878859857482185,0.6878859857482185,0.7774914089347079,0.7325471698113207,0.4386920980926431,0.4386920980926431,0.5324768022840828,0.5199131064446054,0.7385598923283984,0.7280909521553767,0.6232876712328768,0.7136431784107946,0.509663564781675,0.36937647987371747,0.4291814946619217,0.4450146627565983,0.0,0.5260597637248089,0.31714956930305405
Sutterella wadsworthensis,0.5441465009810333,0.6390176088971269,0.6390176088971269,0.6390176088971269,0.6390176088971269,0.6390176088971269,0.6390176088971269,0.6390176088971269,0.6390176088971269,0.6390176088971269,0.6390176088971269,0.6637512147716229,0.6637512147716229,0.4605839416058394,0.6149273447820344,0.6149273447820344,0.6233521657250471,0.5176470588235293,0.5176470588235293,0.6639676113360324,0.725864553314121,0.725864553314121,0.7266306605733278,0.6481905634448007,0.6853207059836419,0.5543412264723739,0.6592372461614661,0.6609014675052411,0.6609014675052411,0.5585003232062056,0.69957805907173,0.7110927152317881,0.6445993031358885,0.6032482598607889,0.6074468085106384,0.6074468085106384,0.6179367547952307,0.5195154777927322,0.675096442348907,0.6509388541165142,0.5175983436853002,0.6471900089206066,0.708084428514536,0.5547013601419278,0.7317343173431734,0.7151208106001559,0.542782495101241,0.7275142314990513,0.7151208106001559,0.731488406881077,0.7019386106623586,0.727206946454414,0.7472687545520758,0.7322804314329738,0.7227871939736347,0.558408215661104,0.5534471853257432,0.5587301587301587,0.731488406881077,0.727206946454414,0.7423020527859238,0.7414889637111859,0.7457809694793537,0.728515625,0.5611325611325612,0.7145104207628785,0.7259259259259259,0.6573886639676113,0.6573886639676113,0.6573886639676113,0.5650529500756429,0.6573886639676113,0.6573886639676113,0.7241824440619622,0.5627118644067797,0.5394470667565745,0.7599388379204893,0.5649847094801224,0.7168602322787345,0.7323539949838768,0.7323539949838768,0.501609787508049,0.7120206489675516,0.709016393442623,0.509647371922821,0.5409614082599865,0.7279124315871774,0.3433307024467246,0.6046135167948199,0.5034666666666667,0.6046135167948199,0.6046135167948199,0.5182291666666667,0.6351297405189621,0.5400284225485552,0.7211650485436893,0.7211650485436893,0.691699604743083,0.6631736526946108,0.6631736526946108,0.7452316076294279,0.7076923076923076,0.5580939947780679,0.5580939947780679,0.5309009679821295,0.4374501992031873,0.7349896480331263,0.6996501749125437,0.6733031674208145,0.7104351174432038,0.40717131474103585,0.5278396436525612,0.4597534445250181,0.42989214175654855,0.5260597637248089,0.0,0.4831130690161527
Acidaminococcus intestini,0.519053876478318,0.6033914272256241,0.6033914272256241,0.6033914272256241,0.6033914272256241,0.6033914272256241,0.6033914272256241,0.6033914272256241,0.6033914272256241,0.6033914272256241,0.6033914272256241,0.654721549636804,0.654721549636804,0.4992977528089888,0.5747820254862508,0.5747820254862508,0.5982905982905983,0.4754316069057105,0.4754316069057105,0.6372727272727272,0.717164447643037,0.717164447643037,0.7047738693467337,0.6233826247689465,0.6314387211367674,0.47820593809223,0.6467095497278574,0.6326098464796188,0.6326098464796188,0.49767132401862946,0.7003760969494359,0.7112387202625102,0.6007121057985758,0.5910931174089069,0.6132075471698113,0.6132075471698113,0.6012461059190031,0.4996632996632997,0.6584946236559139,0.6315280464216635,0.4545454545454546,0.6010054844606947,0.6995230524642289,0.5188735769922109,0.7138084632516704,0.7047136735488897,0.5177165354330708,0.7149372862029646,0.7047136735488897,0.7113790504898267,0.6932688432083838,0.6924778761061947,0.7221812822402358,0.7075545171339563,0.7132103876552502,0.5,0.5141206675224648,0.5,0.7113790504898267,0.6924778761061947,0.7112518628912072,0.7136897990140312,0.705514705882353,0.7095125786163522,0.4956810631229236,0.7065515888583758,0.7013396375098503,0.6507297433316558,0.6507297433316558,0.6507297433316558,0.5123647604327666,0.6507297433316558,0.6507297433316558,0.6849736379613357,0.46571428571428575,0.47744621790423314,0.7243664717348928,0.4904912836767037,0.6988727858293076,0.7191091954022988,0.7191091954022988,0.5235109717868338,0.7163689391177543,0.7167523879500368,0.5433526011560694,0.49965635738831615,0.7323290845886443,0.46978417266187056,0.6298778084351596,0.541430777148739,0.6298778084351596,0.6298778084351596,0.5460526315789473,0.6623981373690337,0.5608514576584914,0.6996867658574785,0.6996867658574785,0.679982440737489,0.6599009900990098,0.6599009900990098,0.7529043789097408,0.7272727272727273,0.5136212624584717,0.5136212624584717,0.5011235955056179,0.482837528604119,0.7244475138121547,0.716447047340166,0.6545454545454545,0.7026507875528236,0.44912012241775057,0.4672256097560976,0.37951807228915657,0.4192807957153787,0.31714956930305405,0.4831130690161527,0.0
