,Flavonifractor plautii,Faecalibacterium prausnitzii_C,Faecalibacterium prausnitzii,Faecalibacterium sp900539885,Faecalibacterium prausnitzii_G,Faecalibacterium prausnitzii_J,Faecalibacterium prausnitzii_A,Faecalibacterium sp900758465,Faecalibacterium prausnitzii_H,Faecalibacterium prausnitzii_E,Faecalibacterium prausnitzii_F,Gemmiger formicilis,Gemmiger sp900540775,Anaerotruncus colihominis,Ruminococcus_E bromii_B,Ruminococcus_E bromii,Blautia_A obeum,Blautia_A wexlerae,Blautia_A wexlerae_B,Agathobacter sp900317585,Mediterraneibacter faecis,Mediterraneibacter torques,Mediterraneibacter lactaris,Enterocloster bolteae,Enterocloster citroniae,Enterocloster asparagiformis,Enterocloster clostridioformis,Coprococcus eutactus,Dorea_A longicatena_B,Dorea_A longicatena,Lachnospira eligens_A,Roseburia inulinivorans,Roseburia intestinalis,Anaerostipes hadrus,Eubacterium_G ventriosum,Bariatricus comes,Bariatricus comes_A,Anaerobutyricum hallii,Anaerobutyricum soehngenii,Dorea formicigenerans,Coprococcus_A catus,Eubacterium_I ramulus,Clostridium_Q symbiosum,Bacteroides_F pectinophilus,Ruminococcus_B gnavus,Hungatella effluvii,Bacteroides uniformis,Bacteroides caccae,Bacteroides cellulosilyticus,Bacteroides timonensis,Bacteroides stercoris,Bacteroides sp900552405,Bacteroides intestinalis_A,Bacteroides xylanisolvens,Bacteroides eggerthii,Bacteroides fragilis,Bacteroides fluxus,Bacteroides finegoldii,Bacteroides intestinalis,Bacteroides faecis,Bacteroides nordii,Bacteroides salyersiae,Bacteroides sp902362375,Bacteroides oleiciplenus,Bacteroides fragilis_A,Bacteroides clarus,Phocaeicola dorei,Phocaeicola vulgatus,Phocaeicola plebeius,Phocaeicola massiliensis,Phocaeicola coprocola,Phocaeicola coprophilus,Prevotella sp900313215,Prevotella sp900551275,Prevotella copri_A,Prevotella stercorea,Prevotella sp015074785,Prevotella copri,Paraprevotella clara,Paraprevotella xylaniphila,Alistipes onderdonkii,Alistipes finegoldii,Alistipes shahii,Alistipes putredinis,Alistipes_A indistinctus,Parabacteroides distasonis,Parabacteroides goldsteinii,Parabacteroides distasonis_A,Parabacteroides gordonii,Parabacteroides merdae,Parabacteroides johnsonii,Parabacteroides timonensis,Butyricimonas virosa,Odoribacter splanchnicus,Barnesiella intestinihominis,Parasutterella excrementihominis,Escherichia coli,Escherichia fergusonii,Escherichia ruysiae,Escherichia sp005843885,Escherichia coli_E,Escherichia albertii,Hafnia alvei,Klebsiella pneumoniae,Akkermansia muciniphila,Akkermansia muciniphila_B,Erysipelatoclostridium ramosum,Catenibacterium sp000437715,Catenibacterium mitsuokai,Holdemania filiformis,Holdemanella biformis,Streptococcus salivarius,Streptococcus sp001556435,Streptococcus thermophilus,Adlercreutzia celatus_A,Bifidobacterium longum,Bifidobacterium pseudocatenulatum,Bifidobacterium catenulatum,Bifidobacterium ruminantium,Bifidobacterium bifidum,Desulfovibrio sp900556755,Bilophila wadsworthia,Dialister invisus,Veillonella parvula_A,Phascolarctobacterium_A succinatutens,Acidaminococcus fermentans,Mitsuokella multacida,Ligilactobacillus ruminis,Sutterella wadsworthensis,Acidaminococcus intestini,Phascolarctobacterium_A succinatutens_A,Megasphaera elsdenii
Flavonifractor plautii,0.0,0.4805592260791842,0.4805592260791842,0.4805592260791842,0.4805592260791842,0.4805592260791842,0.4805592260791842,0.4805592260791842,0.4805592260791842,0.4805592260791842,0.4805592260791842,0.5262356741056791,0.5262356741056791,0.2264417405956662,0.31712298895634966,0.31712298895634966,0.480028724136925,0.22955905624534678,0.22955905624534678,0.5321301394543003,0.9304317633377955,0.9304317633377955,0.841247295172371,0.5307877379427784,0.5294672614147931,0.530732151989691,0.23385349707160105,0.5260674556718452,0.47387111880880955,0.47387111880880955,0.23022405731859255,0.7507472554464135,0.7516755412115463,0.49012498888942396,0.4290782959740555,0.4748379787180611,0.4748379787180611,0.49008668184208304,0.22784686773547305,0.6523077774800322,0.4892925042309325,0.2266903370870036,0.49585916704746164,0.22070750005957235,0.8356107874940052,0.23704307348582934,0.8684554547699572,0.8686777856941003,0.7571823953532995,0.23428891480805814,0.8673429452795091,0.7571823953532995,0.8680878663285314,0.8680785973815249,0.755313362404895,0.8700013296287143,0.8674913623116225,0.8663992846872566,0.8680878663285314,0.23496335917730246,0.23700912693958,0.2364539768084659,0.8680785973815249,0.23743875791871502,0.8700013296287143,0.8673089294659259,0.8673645910117661,0.8695264430875497,0.8660989541867171,0.23487202259108078,0.8659193253614118,0.8660772768225998,0.5270759609615171,0.5270759609615171,0.5270759609615171,0.2195133580771323,0.5270759609615171,0.5270759609615171,0.7161353289041436,0.7156857633813828,0.22706862744123604,0.22790571704495854,0.8643723559255522,0.2191832166471291,0.7530800703634526,0.8701153871298156,0.23928410632352556,0.8701153871298156,0.23725795548783687,0.8693012438992547,0.8689031464680625,0.23928410632352556,0.23333682000152128,0.23680534546961554,0.8659874648191908,0.2268677392300434,0.4980234288493151,0.26258469033827797,0.4980234288493151,0.4980234288493151,0.4980234288493151,0.26606506972715016,0.5420724102691772,0.2775895218988253,0.8665292924049586,0.8665292924049586,0.6802800012065809,0.5253583079808822,0.5253583079808822,0.721716405659372,0.6839132620479704,0.2304103792973493,0.2304103792973493,0.2226794921285527,0.22069534756664907,0.9894710778213066,0.5248730875090044,0.5308079495734216,0.22823499276245043,0.832852298899211,0.22499208029656845,0.3282768232614076,0.22105963174453028,0.22744628862101574,0.22453863517634845,0.22722212799992497,0.5280723823871122,0.526485353837675,0.22678496883276061,0.2256586544211759,0.22453863517634845,0.23312982854783804
Faecalibacterium prausnitzii_C,0.4805592260791842,0.0,0.0,0.0,0.0,0.0,0.0,0.0,0.0,0.0,0.0,0.3496640624617382,0.3496640624617382,0.47894355812558387,0.524382303356008,0.524382303356008,0.2782072032620174,0.4805480636521807,0.4805480636521807,0.35764983048144844,0.8437622213459772,0.8437622213459772,0.790177898813102,0.3577098187124106,0.35698178152393284,0.3575373254202659,0.48221397826018203,0.3520110070534078,0.26315605962821287,0.26315605962821287,0.4801404574665274,0.6405242109489269,0.6414614823103083,0.3964933757211016,0.3194823167557166,0.26554036565057965,0.26554036565057965,0.39712197430267054,0.4799113761434497,0.5871846241772168,0.398988384084168,0.47945288513405215,0.404529320283768,0.4755491439386678,0.7378576386806014,0.48312528458628357,0.7750854257896183,0.7748223940057706,0.6477318888056837,0.48330290010096677,0.7738525580870315,0.6477318888056837,0.7746666094060325,0.7746008242791758,0.6455377348228701,0.7765546850601514,0.7747739310425228,0.7733290346065793,0.7746666094060325,0.4837411091685218,0.4848155369066891,0.4844115215830721,0.7746008242791758,0.48431738744105735,0.7765546850601514,0.7743965085277915,0.7745211821760525,0.7765685001780586,0.7729786653733405,0.4837189309089146,0.7727912740794353,0.7732527300798474,0.35380458914849083,0.35380458914849083,0.35380458914849083,0.476349343327205,0.35380458914849083,0.35380458914849083,0.60104831096194,0.6006376368259375,0.4795535670527794,0.4801963143819279,0.7718154109327849,0.4761860315924631,0.644539814351709,0.7769448675883311,0.48557837352342254,0.7769448675883311,0.4849593514879944,0.776074456953943,0.7758636155230175,0.48557837352342254,0.4840514981059246,0.48436168813974967,0.7730966291814643,0.47993931874437024,0.30605342618179404,0.49598355706574687,0.30605342618179404,0.30605342618179404,0.30605342618179404,0.4978133526016819,0.3748802934088627,0.5028842960180832,0.7731833557936275,0.7731833557936275,0.5546618854392177,0.35107258402494873,0.35107258402494873,0.6615713729639064,0.6204151444648242,0.4801404574665274,0.4801404574665274,0.47636623444909043,0.47759205702074436,0.9086760197156722,0.3499630812407913,0.3582642336766843,0.4797828192185618,0.7343451907628716,0.4778783781710505,0.5326842791595086,0.47780541064184917,0.47971014136928947,0.47873071173748016,0.47993931874437024,0.35480382528965354,0.3522851945599052,0.48004548579428424,0.4788651520420389,0.47873071173748016,0.48223066396119785
Faecalibacterium prausnitzii,0.4805592260791842,0.0,0.0,0.0,0.0,0.0,0.0,0.0,0.0,0.0,0.0,0.3496640624617382,0.3496640624617382,0.47894355812558387,0.524382303356008,0.524382303356008,0.2782072032620174,0.4805480636521807,0.4805480636521807,0.35764983048144844,0.8437622213459772,0.8437622213459772,0.790177898813102,0.3577098187124106,0.35698178152393284,0.3575373254202659,0.48221397826018203,0.3520110070534078,0.26315605962821287,0.26315605962821287,0.4801404574665274,0.6405242109489269,0.6414614823103083,0.3964933757211016,0.3194823167557166,0.26554036565057965,0.26554036565057965,0.39712197430267054,0.4799113761434497,0.5871846241772168,0.398988384084168,0.47945288513405215,0.404529320283768,0.4755491439386678,0.7378576386806014,0.48312528458628357,0.7750854257896183,0.7748223940057706,0.6477318888056837,0.48330290010096677,0.7738525580870315,0.6477318888056837,0.7746666094060325,0.7746008242791758,0.6455377348228701,0.7765546850601514,0.7747739310425228,0.7733290346065793,0.7746666094060325,0.4837411091685218,0.4848155369066891,0.4844115215830721,0.7746008242791758,0.48431738744105735,0.7765546850601514,0.7743965085277915,0.7745211821760525,0.7765685001780586,0.7729786653733405,0.4837189309089146,0.7727912740794353,0.7732527300798474,0.35380458914849083,0.35380458914849083,0.35380458914849083,0.476349343327205,0.35380458914849083,0.35380458914849083,0.60104831096194,0.6006376368259375,0.4795535670527794,0.4801963143819279,0.7718154109327849,0.4761860315924631,0.644539814351709,0.7769448675883311,0.48557837352342254,0.7769448675883311,0.4849593514879944,0.776074456953943,0.7758636155230175,0.48557837352342254,0.4840514981059246,0.48436168813974967,0.7730966291814643,0.47993931874437024,0.30605342618179404,0.49598355706574687,0.30605342618179404,0.30605342618179404,0.30605342618179404,0.4978133526016819,0.3748802934088627,0.5028842960180832,0.7731833557936275,0.7731833557936275,0.5546618854392177,0.35107258402494873,0.35107258402494873,0.6615713729639064,0.6204151444648242,0.4801404574665274,0.4801404574665274,0.47636623444909043,0.47759205702074436,0.9086760197156722,0.3499630812407913,0.3582642336766843,0.4797828192185618,0.7343451907628716,0.4778783781710505,0.5326842791595086,0.47780541064184917,0.47971014136928947,0.47873071173748016,0.47993931874437024,0.35480382528965354,0.3522851945599052,0.48004548579428424,0.4788651520420389,0.47873071173748016,0.48223066396119785
Faecalibacterium sp900539885,0.4805592260791842,0.0,0.0,0.0,0.0,0.0,0.0,0.0,0.0,0.0,0.0,0.3496640624617382,0.3496640624617382,0.47894355812558387,0.524382303356008,0.524382303356008,0.2782072032620174,0.4805480636521807,0.4805480636521807,0.35764983048144844,0.8437622213459772,0.8437622213459772,0.790177898813102,0.3577098187124106,0.35698178152393284,0.3575373254202659,0.48221397826018203,0.3520110070534078,0.26315605962821287,0.26315605962821287,0.4801404574665274,0.6405242109489269,0.6414614823103083,0.3964933757211016,0.3194823167557166,0.26554036565057965,0.26554036565057965,0.39712197430267054,0.4799113761434497,0.5871846241772168,0.398988384084168,0.47945288513405215,0.404529320283768,0.4755491439386678,0.7378576386806014,0.48312528458628357,0.7750854257896183,0.7748223940057706,0.6477318888056837,0.48330290010096677,0.7738525580870315,0.6477318888056837,0.7746666094060325,0.7746008242791758,0.6455377348228701,0.7765546850601514,0.7747739310425228,0.7733290346065793,0.7746666094060325,0.4837411091685218,0.4848155369066891,0.4844115215830721,0.7746008242791758,0.48431738744105735,0.7765546850601514,0.7743965085277915,0.7745211821760525,0.7765685001780586,0.7729786653733405,0.4837189309089146,0.7727912740794353,0.7732527300798474,0.35380458914849083,0.35380458914849083,0.35380458914849083,0.476349343327205,0.35380458914849083,0.35380458914849083,0.60104831096194,0.6006376368259375,0.4795535670527794,0.4801963143819279,0.7718154109327849,0.4761860315924631,0.644539814351709,0.7769448675883311,0.48557837352342254,0.7769448675883311,0.4849593514879944,0.776074456953943,0.7758636155230175,0.48557837352342254,0.4840514981059246,0.48436168813974967,0.7730966291814643,0.47993931874437024,0.30605342618179404,0.49598355706574687,0.30605342618179404,0.30605342618179404,0.30605342618179404,0.4978133526016819,0.3748802934088627,0.5028842960180832,0.7731833557936275,0.7731833557936275,0.5546618854392177,0.35107258402494873,0.35107258402494873,0.6615713729639064,0.6204151444648242,0.4801404574665274,0.4801404574665274,0.47636623444909043,0.47759205702074436,0.9086760197156722,0.3499630812407913,0.3582642336766843,0.4797828192185618,0.7343451907628716,0.4778783781710505,0.5326842791595086,0.47780541064184917,0.47971014136928947,0.47873071173748016,0.47993931874437024,0.35480382528965354,0.3522851945599052,0.48004548579428424,0.4788651520420389,0.47873071173748016,0.48223066396119785
Faecalibacterium prausnitzii_G,0.4805592260791842,0.0,0.0,0.0,0.0,0.0,0.0,0.0,0.0,0.0,0.0,0.3496640624617382,0.3496640624617382,0.47894355812558387,0.524382303356008,0.524382303356008,0.2782072032620174,0.4805480636521807,0.4805480636521807,0.35764983048144844,0.8437622213459772,0.8437622213459772,0.790177898813102,0.3577098187124106,0.35698178152393284,0.3575373254202659,0.48221397826018203,0.3520110070534078,0.26315605962821287,0.26315605962821287,0.4801404574665274,0.6405242109489269,0.6414614823103083,0.3964933757211016,0.3194823167557166,0.26554036565057965,0.26554036565057965,0.39712197430267054,0.4799113761434497,0.5871846241772168,0.398988384084168,0.47945288513405215,0.404529320283768,0.4755491439386678,0.7378576386806014,0.48312528458628357,0.7750854257896183,0.7748223940057706,0.6477318888056837,0.48330290010096677,0.7738525580870315,0.6477318888056837,0.7746666094060325,0.7746008242791758,0.6455377348228701,0.7765546850601514,0.7747739310425228,0.7733290346065793,0.7746666094060325,0.4837411091685218,0.4848155369066891,0.4844115215830721,0.7746008242791758,0.48431738744105735,0.7765546850601514,0.7743965085277915,0.7745211821760525,0.7765685001780586,0.7729786653733405,0.4837189309089146,0.7727912740794353,0.7732527300798474,0.35380458914849083,0.35380458914849083,0.35380458914849083,0.476349343327205,0.35380458914849083,0.35380458914849083,0.60104831096194,0.6006376368259375,0.4795535670527794,0.4801963143819279,0.7718154109327849,0.4761860315924631,0.644539814351709,0.7769448675883311,0.48557837352342254,0.7769448675883311,0.4849593514879944,0.776074456953943,0.7758636155230175,0.48557837352342254,0.4840514981059246,0.48436168813974967,0.7730966291814643,0.47993931874437024,0.30605342618179404,0.49598355706574687,0.30605342618179404,0.30605342618179404,0.30605342618179404,0.4978133526016819,0.3748802934088627,0.5028842960180832,0.7731833557936275,0.7731833557936275,0.5546618854392177,0.35107258402494873,0.35107258402494873,0.6615713729639064,0.6204151444648242,0.4801404574665274,0.4801404574665274,0.47636623444909043,0.47759205702074436,0.9086760197156722,0.3499630812407913,0.3582642336766843,0.4797828192185618,0.7343451907628716,0.4778783781710505,0.5326842791595086,0.47780541064184917,0.47971014136928947,0.47873071173748016,0.47993931874437024,0.35480382528965354,0.3522851945599052,0.48004548579428424,0.4788651520420389,0.47873071173748016,0.48223066396119785
Faecalibacterium prausnitzii_J,0.4805592260791842,0.0,0.0,0.0,0.0,0.0,0.0,0.0,0.0,0.0,0.0,0.3496640624617382,0.3496640624617382,0.47894355812558387,0.524382303356008,0.524382303356008,0.2782072032620174,0.4805480636521807,0.4805480636521807,0.35764983048144844,0.8437622213459772,0.8437622213459772,0.790177898813102,0.3577098187124106,0.35698178152393284,0.3575373254202659,0.48221397826018203,0.3520110070534078,0.26315605962821287,0.26315605962821287,0.4801404574665274,0.6405242109489269,0.6414614823103083,0.3964933757211016,0.3194823167557166,0.26554036565057965,0.26554036565057965,0.39712197430267054,0.4799113761434497,0.5871846241772168,0.398988384084168,0.47945288513405215,0.404529320283768,0.4755491439386678,0.7378576386806014,0.48312528458628357,0.7750854257896183,0.7748223940057706,0.6477318888056837,0.48330290010096677,0.7738525580870315,0.6477318888056837,0.7746666094060325,0.7746008242791758,0.6455377348228701,0.7765546850601514,0.7747739310425228,0.7733290346065793,0.7746666094060325,0.4837411091685218,0.4848155369066891,0.4844115215830721,0.7746008242791758,0.48431738744105735,0.7765546850601514,0.7743965085277915,0.7745211821760525,0.7765685001780586,0.7729786653733405,0.4837189309089146,0.7727912740794353,0.7732527300798474,0.35380458914849083,0.35380458914849083,0.35380458914849083,0.476349343327205,0.35380458914849083,0.35380458914849083,0.60104831096194,0.6006376368259375,0.4795535670527794,0.4801963143819279,0.7718154109327849,0.4761860315924631,0.644539814351709,0.7769448675883311,0.48557837352342254,0.7769448675883311,0.4849593514879944,0.776074456953943,0.7758636155230175,0.48557837352342254,0.4840514981059246,0.48436168813974967,0.7730966291814643,0.47993931874437024,0.30605342618179404,0.49598355706574687,0.30605342618179404,0.30605342618179404,0.30605342618179404,0.4978133526016819,0.3748802934088627,0.5028842960180832,0.7731833557936275,0.7731833557936275,0.5546618854392177,0.35107258402494873,0.35107258402494873,0.6615713729639064,0.6204151444648242,0.4801404574665274,0.4801404574665274,0.47636623444909043,0.47759205702074436,0.9086760197156722,0.3499630812407913,0.3582642336766843,0.4797828192185618,0.7343451907628716,0.4778783781710505,0.5326842791595086,0.47780541064184917,0.47971014136928947,0.47873071173748016,0.47993931874437024,0.35480382528965354,0.3522851945599052,0.48004548579428424,0.4788651520420389,0.47873071173748016,0.48223066396119785
Faecalibacterium prausnitzii_A,0.4805592260791842,0.0,0.0,0.0,0.0,0.0,0.0,0.0,0.0,0.0,0.0,0.3496640624617382,0.3496640624617382,0.47894355812558387,0.524382303356008,0.524382303356008,0.2782072032620174,0.4805480636521807,0.4805480636521807,0.35764983048144844,0.8437622213459772,0.8437622213459772,0.790177898813102,0.3577098187124106,0.35698178152393284,0.3575373254202659,0.48221397826018203,0.3520110070534078,0.26315605962821287,0.26315605962821287,0.4801404574665274,0.6405242109489269,0.6414614823103083,0.3964933757211016,0.3194823167557166,0.26554036565057965,0.26554036565057965,0.39712197430267054,0.4799113761434497,0.5871846241772168,0.398988384084168,0.47945288513405215,0.404529320283768,0.4755491439386678,0.7378576386806014,0.48312528458628357,0.7750854257896183,0.7748223940057706,0.6477318888056837,0.48330290010096677,0.7738525580870315,0.6477318888056837,0.7746666094060325,0.7746008242791758,0.6455377348228701,0.7765546850601514,0.7747739310425228,0.7733290346065793,0.7746666094060325,0.4837411091685218,0.4848155369066891,0.4844115215830721,0.7746008242791758,0.48431738744105735,0.7765546850601514,0.7743965085277915,0.7745211821760525,0.7765685001780586,0.7729786653733405,0.4837189309089146,0.7727912740794353,0.7732527300798474,0.35380458914849083,0.35380458914849083,0.35380458914849083,0.476349343327205,0.35380458914849083,0.35380458914849083,0.60104831096194,0.6006376368259375,0.4795535670527794,0.4801963143819279,0.7718154109327849,0.4761860315924631,0.644539814351709,0.7769448675883311,0.48557837352342254,0.7769448675883311,0.4849593514879944,0.776074456953943,0.7758636155230175,0.48557837352342254,0.4840514981059246,0.48436168813974967,0.7730966291814643,0.47993931874437024,0.30605342618179404,0.49598355706574687,0.30605342618179404,0.30605342618179404,0.30605342618179404,0.4978133526016819,0.3748802934088627,0.5028842960180832,0.7731833557936275,0.7731833557936275,0.5546618854392177,0.35107258402494873,0.35107258402494873,0.6615713729639064,0.6204151444648242,0.4801404574665274,0.4801404574665274,0.47636623444909043,0.47759205702074436,0.9086760197156722,0.3499630812407913,0.3582642336766843,0.4797828192185618,0.7343451907628716,0.4778783781710505,0.5326842791595086,0.47780541064184917,0.47971014136928947,0.47873071173748016,0.47993931874437024,0.35480382528965354,0.3522851945599052,0.48004548579428424,0.4788651520420389,0.47873071173748016,0.48223066396119785
Faecalibacterium sp900758465,0.4805592260791842,0.0,0.0,0.0,0.0,0.0,0.0,0.0,0.0,0.0,0.0,0.3496640624617382,0.3496640624617382,0.47894355812558387,0.524382303356008,0.524382303356008,0.2782072032620174,0.4805480636521807,0.4805480636521807,0.35764983048144844,0.8437622213459772,0.8437622213459772,0.790177898813102,0.3577098187124106,0.35698178152393284,0.3575373254202659,0.48221397826018203,0.3520110070534078,0.26315605962821287,0.26315605962821287,0.4801404574665274,0.6405242109489269,0.6414614823103083,0.3964933757211016,0.3194823167557166,0.26554036565057965,0.26554036565057965,0.39712197430267054,0.4799113761434497,0.5871846241772168,0.398988384084168,0.47945288513405215,0.404529320283768,0.4755491439386678,0.7378576386806014,0.48312528458628357,0.7750854257896183,0.7748223940057706,0.6477318888056837,0.48330290010096677,0.7738525580870315,0.6477318888056837,0.7746666094060325,0.7746008242791758,0.6455377348228701,0.7765546850601514,0.7747739310425228,0.7733290346065793,0.7746666094060325,0.4837411091685218,0.4848155369066891,0.4844115215830721,0.7746008242791758,0.48431738744105735,0.7765546850601514,0.7743965085277915,0.7745211821760525,0.7765685001780586,0.7729786653733405,0.4837189309089146,0.7727912740794353,0.7732527300798474,0.35380458914849083,0.35380458914849083,0.35380458914849083,0.476349343327205,0.35380458914849083,0.35380458914849083,0.60104831096194,0.6006376368259375,0.4795535670527794,0.4801963143819279,0.7718154109327849,0.4761860315924631,0.644539814351709,0.7769448675883311,0.48557837352342254,0.7769448675883311,0.4849593514879944,0.776074456953943,0.7758636155230175,0.48557837352342254,0.4840514981059246,0.48436168813974967,0.7730966291814643,0.47993931874437024,0.30605342618179404,0.49598355706574687,0.30605342618179404,0.30605342618179404,0.30605342618179404,0.4978133526016819,0.3748802934088627,0.5028842960180832,0.7731833557936275,0.7731833557936275,0.5546618854392177,0.35107258402494873,0.35107258402494873,0.6615713729639064,0.6204151444648242,0.4801404574665274,0.4801404574665274,0.47636623444909043,0.47759205702074436,0.9086760197156722,0.3499630812407913,0.3582642336766843,0.4797828192185618,0.7343451907628716,0.4778783781710505,0.5326842791595086,0.47780541064184917,0.47971014136928947,0.47873071173748016,0.47993931874437024,0.35480382528965354,0.3522851945599052,0.48004548579428424,0.4788651520420389,0.47873071173748016,0.48223066396119785
Faecalibacterium prausnitzii_H,0.4805592260791842,0.0,0.0,0.0,0.0,0.0,0.0,0.0,0.0,0.0,0.0,0.3496640624617382,0.3496640624617382,0.47894355812558387,0.524382303356008,0.524382303356008,0.2782072032620174,0.4805480636521807,0.4805480636521807,0.35764983048144844,0.8437622213459772,0.8437622213459772,0.790177898813102,0.3577098187124106,0.35698178152393284,0.3575373254202659,0.48221397826018203,0.3520110070534078,0.26315605962821287,0.26315605962821287,0.4801404574665274,0.6405242109489269,0.6414614823103083,0.3964933757211016,0.3194823167557166,0.26554036565057965,0.26554036565057965,0.39712197430267054,0.4799113761434497,0.5871846241772168,0.398988384084168,0.47945288513405215,0.404529320283768,0.4755491439386678,0.7378576386806014,0.48312528458628357,0.7750854257896183,0.7748223940057706,0.6477318888056837,0.48330290010096677,0.7738525580870315,0.6477318888056837,0.7746666094060325,0.7746008242791758,0.6455377348228701,0.7765546850601514,0.7747739310425228,0.7733290346065793,0.7746666094060325,0.4837411091685218,0.4848155369066891,0.4844115215830721,0.7746008242791758,0.48431738744105735,0.7765546850601514,0.7743965085277915,0.7745211821760525,0.7765685001780586,0.7729786653733405,0.4837189309089146,0.7727912740794353,0.7732527300798474,0.35380458914849083,0.35380458914849083,0.35380458914849083,0.476349343327205,0.35380458914849083,0.35380458914849083,0.60104831096194,0.6006376368259375,0.4795535670527794,0.4801963143819279,0.7718154109327849,0.4761860315924631,0.644539814351709,0.7769448675883311,0.48557837352342254,0.7769448675883311,0.4849593514879944,0.776074456953943,0.7758636155230175,0.48557837352342254,0.4840514981059246,0.48436168813974967,0.7730966291814643,0.47993931874437024,0.30605342618179404,0.49598355706574687,0.30605342618179404,0.30605342618179404,0.30605342618179404,0.4978133526016819,0.3748802934088627,0.5028842960180832,0.7731833557936275,0.7731833557936275,0.5546618854392177,0.35107258402494873,0.35107258402494873,0.6615713729639064,0.6204151444648242,0.4801404574665274,0.4801404574665274,0.47636623444909043,0.47759205702074436,0.9086760197156722,0.3499630812407913,0.3582642336766843,0.4797828192185618,0.7343451907628716,0.4778783781710505,0.5326842791595086,0.47780541064184917,0.47971014136928947,0.47873071173748016,0.47993931874437024,0.35480382528965354,0.3522851945599052,0.48004548579428424,0.4788651520420389,0.47873071173748016,0.48223066396119785
Faecalibacterium prausnitzii_E,0.4805592260791842,0.0,0.0,0.0,0.0,0.0,0.0,0.0,0.0,0.0,0.0,0.3496640624617382,0.3496640624617382,0.47894355812558387,0.524382303356008,0.524382303356008,0.2782072032620174,0.4805480636521807,0.4805480636521807,0.35764983048144844,0.8437622213459772,0.8437622213459772,0.790177898813102,0.3577098187124106,0.35698178152393284,0.3575373254202659,0.48221397826018203,0.3520110070534078,0.26315605962821287,0.26315605962821287,0.4801404574665274,0.6405242109489269,0.6414614823103083,0.3964933757211016,0.3194823167557166,0.26554036565057965,0.26554036565057965,0.39712197430267054,0.4799113761434497,0.5871846241772168,0.398988384084168,0.47945288513405215,0.404529320283768,0.4755491439386678,0.7378576386806014,0.48312528458628357,0.7750854257896183,0.7748223940057706,0.6477318888056837,0.48330290010096677,0.7738525580870315,0.6477318888056837,0.7746666094060325,0.7746008242791758,0.6455377348228701,0.7765546850601514,0.7747739310425228,0.7733290346065793,0.7746666094060325,0.4837411091685218,0.4848155369066891,0.4844115215830721,0.7746008242791758,0.48431738744105735,0.7765546850601514,0.7743965085277915,0.7745211821760525,0.7765685001780586,0.7729786653733405,0.4837189309089146,0.7727912740794353,0.7732527300798474,0.35380458914849083,0.35380458914849083,0.35380458914849083,0.476349343327205,0.35380458914849083,0.35380458914849083,0.60104831096194,0.6006376368259375,0.4795535670527794,0.4801963143819279,0.7718154109327849,0.4761860315924631,0.644539814351709,0.7769448675883311,0.48557837352342254,0.7769448675883311,0.4849593514879944,0.776074456953943,0.7758636155230175,0.48557837352342254,0.4840514981059246,0.48436168813974967,0.7730966291814643,0.47993931874437024,0.30605342618179404,0.49598355706574687,0.30605342618179404,0.30605342618179404,0.30605342618179404,0.4978133526016819,0.3748802934088627,0.5028842960180832,0.7731833557936275,0.7731833557936275,0.5546618854392177,0.35107258402494873,0.35107258402494873,0.6615713729639064,0.6204151444648242,0.4801404574665274,0.4801404574665274,0.47636623444909043,0.47759205702074436,0.9086760197156722,0.3499630812407913,0.3582642336766843,0.4797828192185618,0.7343451907628716,0.4778783781710505,0.5326842791595086,0.47780541064184917,0.47971014136928947,0.47873071173748016,0.47993931874437024,0.35480382528965354,0.3522851945599052,0.48004548579428424,0.4788651520420389,0.47873071173748016,0.48223066396119785
Faecalibacterium prausnitzii_F,0.4805592260791842,0.0,0.0,0.0,0.0,0.0,0.0,0.0,0.0,0.0,0.0,0.3496640624617382,0.3496640624617382,0.47894355812558387,0.524382303356008,0.524382303356008,0.2782072032620174,0.4805480636521807,0.4805480636521807,0.35764983048144844,0.8437622213459772,0.8437622213459772,0.790177898813102,0.3577098187124106,0.35698178152393284,0.3575373254202659,0.48221397826018203,0.3520110070534078,0.26315605962821287,0.26315605962821287,0.4801404574665274,0.6405242109489269,0.6414614823103083,0.3964933757211016,0.3194823167557166,0.26554036565057965,0.26554036565057965,0.39712197430267054,0.4799113761434497,0.5871846241772168,0.398988384084168,0.47945288513405215,0.404529320283768,0.4755491439386678,0.7378576386806014,0.48312528458628357,0.7750854257896183,0.7748223940057706,0.6477318888056837,0.48330290010096677,0.7738525580870315,0.6477318888056837,0.7746666094060325,0.7746008242791758,0.6455377348228701,0.7765546850601514,0.7747739310425228,0.7733290346065793,0.7746666094060325,0.4837411091685218,0.4848155369066891,0.4844115215830721,0.7746008242791758,0.48431738744105735,0.7765546850601514,0.7743965085277915,0.7745211821760525,0.7765685001780586,0.7729786653733405,0.4837189309089146,0.7727912740794353,0.7732527300798474,0.35380458914849083,0.35380458914849083,0.35380458914849083,0.476349343327205,0.35380458914849083,0.35380458914849083,0.60104831096194,0.6006376368259375,0.4795535670527794,0.4801963143819279,0.7718154109327849,0.4761860315924631,0.644539814351709,0.7769448675883311,0.48557837352342254,0.7769448675883311,0.4849593514879944,0.776074456953943,0.7758636155230175,0.48557837352342254,0.4840514981059246,0.48436168813974967,0.7730966291814643,0.47993931874437024,0.30605342618179404,0.49598355706574687,0.30605342618179404,0.30605342618179404,0.30605342618179404,0.4978133526016819,0.3748802934088627,0.5028842960180832,0.7731833557936275,0.7731833557936275,0.5546618854392177,0.35107258402494873,0.35107258402494873,0.6615713729639064,0.6204151444648242,0.4801404574665274,0.4801404574665274,0.47636623444909043,0.47759205702074436,0.9086760197156722,0.3499630812407913,0.3582642336766843,0.4797828192185618,0.7343451907628716,0.4778783781710505,0.5326842791595086,0.47780541064184917,0.47971014136928947,0.47873071173748016,0.47993931874437024,0.35480382528965354,0.3522851945599052,0.48004548579428424,0.4788651520420389,0.47873071173748016,0.48223066396119785
Gemmiger formicilis,0.5262356741056791,0.3496640624617382,0.3496640624617382,0.3496640624617382,0.3496640624617382,0.3496640624617382,0.3496640624617382,0.3496640624617382,0.3496640624617382,0.3496640624617382,0.3496640624617382,0.0,0.0,0.5212529823740722,0.46720782501690367,0.46720782501690367,0.352924137010502,0.5271014032882262,0.5271014032882262,0.264609494258028,0.8104894783458086,0.8104894783458086,0.7524102159872538,0.2637363607526043,0.26890272285503275,0.2568219747218521,0.5290770659804281,0.26169455284091364,0.33831163368009287,0.33831163368009287,0.5269131009797339,0.5899325065584639,0.5958585337317214,0.3140293638358057,0.3805608366240586,0.3413501974532986,0.3413501974532986,0.31244531446227575,0.5260113709058442,0.5410522009092288,0.3211068277787464,0.5232712304453918,0.33521352759883116,0.5185807984616588,0.7649600302031986,0.5303732297749186,0.7391033734790937,0.7390017595572271,0.6042215715136673,0.5285495914938529,0.7377231334281004,0.6042215715136673,0.7383590907998927,0.7385370607294989,0.6019846697021811,0.7417006732101233,0.7396910085807984,0.7366571299561394,0.7383590907998927,0.5287778902266185,0.5301354997052352,0.5296141436126512,0.7385370607294989,0.5296192077894684,0.7417006732101233,0.7396366175363055,0.7381193083763796,0.7410060544987368,0.7362747394092063,0.5291429633201463,0.7359176622991515,0.7365624612656292,0.2636956795305896,0.2636956795305896,0.2636956795305896,0.520253810661042,0.2636956795305896,0.2636956795305896,0.6370392644700902,0.6365085562730854,0.5252766180259899,0.5256084044882263,0.7363148086836893,0.5204445223764715,0.6016370494308337,0.7416825924311825,0.5311261813017817,0.7416825924311825,0.5302467908788565,0.7399520299411245,0.7395278234462066,0.5311261813017817,0.5292848681860505,0.527203160316836,0.7365296884992774,0.5255471673683282,0.3739490547369262,0.5417061484295328,0.3739490547369262,0.3739490547369262,0.3739490547369262,0.5433819985933418,0.29596703795839446,0.5479629362635958,0.7373703950740835,0.7373703950740835,0.4972796835537297,0.24951205714829763,0.24951205714829763,0.6131050674773295,0.6532281416449631,0.5265872299108896,0.5265872299108896,0.5202383444848997,0.5214124664105283,0.8786061348696302,0.26009081561907654,0.274968404590143,0.5257614660833582,0.6970924572317485,0.5214999046912724,0.47773243196778953,0.5232199720595662,0.5247657676969895,0.5223529445308378,0.5260674556718452,0.2573957161144057,0.25431377479269035,0.523875700638733,0.5234505952677944,0.5223529445308378,0.5270301616783121
Gemmiger sp900540775,0.5262356741056791,0.3496640624617382,0.3496640624617382,0.3496640624617382,0.3496640624617382,0.3496640624617382,0.3496640624617382,0.3496640624617382,0.3496640624617382,0.3496640624617382,0.3496640624617382,0.0,0.0,0.5212529823740722,0.46720782501690367,0.46720782501690367,0.352924137010502,0.5271014032882262,0.5271014032882262,0.264609494258028,0.8104894783458086,0.8104894783458086,0.7524102159872538,0.2637363607526043,0.26890272285503275,0.2568219747218521,0.5290770659804281,0.26169455284091364,0.33831163368009287,0.33831163368009287,0.5269131009797339,0.5899325065584639,0.5958585337317214,0.3140293638358057,0.3805608366240586,0.3413501974532986,0.3413501974532986,0.31244531446227575,0.5260113709058442,0.5410522009092288,0.3211068277787464,0.5232712304453918,0.33521352759883116,0.5185807984616588,0.7649600302031986,0.5303732297749186,0.7391033734790937,0.7390017595572271,0.6042215715136673,0.5285495914938529,0.7377231334281004,0.6042215715136673,0.7383590907998927,0.7385370607294989,0.6019846697021811,0.7417006732101233,0.7396910085807984,0.7366571299561394,0.7383590907998927,0.5287778902266185,0.5301354997052352,0.5296141436126512,0.7385370607294989,0.5296192077894684,0.7417006732101233,0.7396366175363055,0.7381193083763796,0.7410060544987368,0.7362747394092063,0.5291429633201463,0.7359176622991515,0.7365624612656292,0.2636956795305896,0.2636956795305896,0.2636956795305896,0.520253810661042,0.2636956795305896,0.2636956795305896,0.6370392644700902,0.6365085562730854,0.5252766180259899,0.5256084044882263,0.7363148086836893,0.5204445223764715,0.6016370494308337,0.7416825924311825,0.5311261813017817,0.7416825924311825,0.5302467908788565,0.7399520299411245,0.7395278234462066,0.5311261813017817,0.5292848681860505,0.527203160316836,0.7365296884992774,0.5255471673683282,0.3739490547369262,0.5417061484295328,0.3739490547369262,0.3739490547369262,0.3739490547369262,0.5433819985933418,0.29596703795839446,0.5479629362635958,0.7373703950740835,0.7373703950740835,0.4972796835537297,0.24951205714829763,0.24951205714829763,0.6131050674773295,0.6532281416449631,0.5265872299108896,0.5265872299108896,0.5202383444848997,0.5214124664105283,0.8786061348696302,0.26009081561907654,0.274968404590143,0.5257614660833582,0.6970924572317485,0.5214999046912724,0.47773243196778953,0.5232199720595662,0.5247657676969895,0.5223529445308378,0.5260674556718452,0.2573957161144057,0.25431377479269035,0.523875700638733,0.5234505952677944,0.5223529445308378,0.5270301616783121
Anaerotruncus colihominis,0.2264417405956662,0.47894355812558387,0.47894355812558387,0.47894355812558387,0.47894355812558387,0.47894355812558387,0.47894355812558387,0.47894355812558387,0.47894355812558387,0.47894355812558387,0.47894355812558387,0.5212529823740722,0.5212529823740722,0.0,0.30913143298005125,0.30913143298005125,0.47949763526343225,0.22957073953192816,0.22957073953192816,0.528574962889115,0.9282008307239915,0.9282008307239915,0.8388751110344865,0.527304897708813,0.5303530015772043,0.5262917349686025,0.23411713612464566,0.5231276943083163,0.4696583926742595,0.4696583926742595,0.2287397432793579,0.7474927650295914,0.7483677472654864,0.4864172148176227,0.423231489125772,0.4713855552930621,0.4713855552930621,0.4843118495687971,0.2258962399306768,0.6525832010362669,0.4889141322285657,0.21897509446301522,0.4946515027916035,0.20767215907812253,0.8328297561727882,0.23687329210545588,0.8661639830239707,0.8660029503118796,0.7541548674928911,0.23155991285448635,0.8649244981471534,0.7541548674928911,0.8655909418808972,0.866033920466572,0.752420909835002,0.8680044422422648,0.866665470048883,0.8642202997987065,0.8655909418808972,0.23208054585719218,0.23499760124483904,0.23397962237643805,0.866033920466572,0.23447200669088686,0.8680044422422648,0.8663776148376151,0.8652686331932525,0.8675841100635362,0.8637763911173564,0.23279595519308993,0.8635093151687842,0.8638043361529064,0.5233019830668779,0.5233019830668779,0.5233019830668779,0.21143505925203024,0.5233019830668779,0.5233019830668779,0.7152021652680451,0.7147294977376786,0.22422785490951483,0.22464611279008656,0.8636614964714974,0.21167593872608584,0.7520786312870813,0.8682485123545516,0.23702044299520678,0.8682485123545516,0.23527135837241014,0.8669130109610883,0.8665447682149775,0.23702044299520678,0.23108453712204713,0.2297342431571444,0.8639254208615842,0.22323285350460234,0.4942229676577214,0.25965734782622235,0.4942229676577214,0.4942229676577214,0.4942229676577214,0.26227808762949684,0.5409480909145499,0.27355040212078385,0.8644313092680931,0.8644313092680931,0.6770512340962399,0.5216130383556499,0.5216130383556499,0.7189200910506801,0.680969606820668,0.22812920596985561,0.22812920596985561,0.2127123948530097,0.21389434904274846,0.9877700617760566,0.5211860874477536,0.5283618053038852,0.2260030719252659,0.8307532084791167,0.21410741000048777,0.32243215394604346,0.21658589028040812,0.22218511712165517,0.21480776321193604,0.2231367153203398,0.5238552215448415,0.5227686815443208,0.21828811208146046,0.21884032169662704,0.21480776321193604,0.22696229700813275
Ruminococcus_E bromii_B,0.31712298895634966,0.524382303356008,0.524382303356008,0.524382303356008,0.524382303356008,0.524382303356008,0.524382303356008,0.524382303356008,0.524382303356008,0.524382303356008,0.524382303356008,0.46720782501690367,0.46720782501690367,0.30913143298005125,0.0,0.0,0.5242953457816085,0.31786637897556075,0.31786637897556075,0.4737126145476958,0.8990708378649731,0.8990708378649731,0.8050940683630275,0.47473064708147267,0.4784280829253654,0.4748040871382229,0.32158257277114655,0.4624823423836602,0.5149164574722404,0.5149164574722404,0.31586030539191623,0.7105141888494491,0.711253671324714,0.42709220329651315,0.47353140185439263,0.5159727508378035,0.5159727508378035,0.42486963522707183,0.31496745434910095,0.6101758557320429,0.43121698227790506,0.3110774428936865,0.4340810071710097,0.3008118377046078,0.8581972210330002,0.32485200358480376,0.8340043858909233,0.8338435755201276,0.717504764003765,0.3190706937584156,0.8328587395661193,0.717504764003765,0.8326107379250176,0.8332579636879845,0.7147895363364437,0.8359605732206523,0.8343001959868225,0.8317534360270482,0.8326107379250176,0.31907909953561475,0.3204211836904614,0.3197089029634881,0.8332579636879845,0.3211402363860031,0.8359605732206523,0.8348047602798164,0.8334221052045201,0.8358835687461686,0.8305110369674135,0.31889412125477057,0.8310727668210381,0.8313212272733075,0.463571328139817,0.463571328139817,0.463571328139817,0.3030680691341128,0.463571328139817,0.463571328139817,0.7450560673356823,0.7446455740456344,0.31313985736884614,0.3131998072921759,0.8308371447930585,0.3019953525898106,0.713317135938203,0.8355658502754897,0.3239011385594664,0.8355658502754897,0.3232214220493214,0.8344094905698534,0.8341941022563278,0.3239011385594664,0.32104000013436423,0.3165473554870196,0.8316857166611535,0.3123766338405827,0.5397170824687066,0.3417742253746468,0.5397170824687066,0.5397170824687066,0.5397170824687066,0.3443931034435024,0.49031100911895675,0.3532052092607719,0.8320564932569899,0.8320564932569899,0.6356441555520784,0.4661273350709963,0.4661273350709963,0.6805086336341282,0.7128695555080253,0.3151292053330079,0.3151292053330079,0.3047008719225625,0.3054393712815477,0.9600742100775277,0.4658453062941232,0.47112375345525875,0.31304562715070483,0.7972672625570154,0.30483287802515907,0.20839414045305407,0.30832349468206866,0.3115598940753976,0.30719928819948683,0.3123766338405827,0.470531316695958,0.46740870427432085,0.3089665420424027,0.3080362975179288,0.30719928819948683,0.31641176012612393
Ruminococcus_E bromii,0.31712298895634966,0.524382303356008,0.524382303356008,0.524382303356008,0.524382303356008,0.524382303356008,0.524382303356008,0.524382303356008,0.524382303356008,0.524382303356008,0.524382303356008,0.46720782501690367,0.46720782501690367,0.30913143298005125,0.0,0.0,0.5242953457816085,0.31786637897556075,0.31786637897556075,0.4737126145476958,0.8990708378649731,0.8990708378649731,0.8050940683630275,0.47473064708147267,0.4784280829253654,0.4748040871382229,0.32158257277114655,0.4624823423836602,0.5149164574722404,0.5149164574722404,0.31586030539191623,0.7105141888494491,0.711253671324714,0.42709220329651315,0.47353140185439263,0.5159727508378035,0.5159727508378035,0.42486963522707183,0.31496745434910095,0.6101758557320429,0.43121698227790506,0.3110774428936865,0.4340810071710097,0.3008118377046078,0.8581972210330002,0.32485200358480376,0.8340043858909233,0.8338435755201276,0.717504764003765,0.3190706937584156,0.8328587395661193,0.717504764003765,0.8326107379250176,0.8332579636879845,0.7147895363364437,0.8359605732206523,0.8343001959868225,0.8317534360270482,0.8326107379250176,0.31907909953561475,0.3204211836904614,0.3197089029634881,0.8332579636879845,0.3211402363860031,0.8359605732206523,0.8348047602798164,0.8334221052045201,0.8358835687461686,0.8305110369674135,0.31889412125477057,0.8310727668210381,0.8313212272733075,0.463571328139817,0.463571328139817,0.463571328139817,0.3030680691341128,0.463571328139817,0.463571328139817,0.7450560673356823,0.7446455740456344,0.31313985736884614,0.3131998072921759,0.8308371447930585,0.3019953525898106,0.713317135938203,0.8355658502754897,0.3239011385594664,0.8355658502754897,0.3232214220493214,0.8344094905698534,0.8341941022563278,0.3239011385594664,0.32104000013436423,0.3165473554870196,0.8316857166611535,0.3123766338405827,0.5397170824687066,0.3417742253746468,0.5397170824687066,0.5397170824687066,0.5397170824687066,0.3443931034435024,0.49031100911895675,0.3532052092607719,0.8320564932569899,0.8320564932569899,0.6356441555520784,0.4661273350709963,0.4661273350709963,0.6805086336341282,0.7128695555080253,0.3151292053330079,0.3151292053330079,0.3047008719225625,0.3054393712815477,0.9600742100775277,0.4658453062941232,0.47112375345525875,0.31304562715070483,0.7972672625570154,0.30483287802515907,0.20839414045305407,0.30832349468206866,0.3115598940753976,0.30719928819948683,0.3123766338405827,0.470531316695958,0.46740870427432085,0.3089665420424027,0.3080362975179288,0.30719928819948683,0.31641176012612393
Blautia_A obeum,0.480028724136925,0.2782072032620174,0.2782072032620174,0.2782072032620174,0.2782072032620174,0.2782072032620174,0.2782072032620174,0.2782072032620174,0.2782072032620174,0.2782072032620174,0.2782072032620174,0.352924137010502,0.352924137010502,0.47949763526343225,0.5242953457816085,0.5242953457816085,0.0,0.47727184776113246,0.47727184776113246,0.35819685066608675,0.8430594345179059,0.8430594345179059,0.788999210052771,0.3568314860551949,0.3590419644137456,0.35890747777164433,0.48090513280554137,0.3500320492989002,0.2662867486724033,0.2662867486724033,0.479206684723986,0.6404781488988848,0.6412147446322437,0.39700038773831564,0.3199772418056393,0.26647805026527005,0.26647805026527005,0.396060212230236,0.4789323580423757,0.5851026379219966,0.3965407242712776,0.4791227238499778,0.4039653681267343,0.4756111793215157,0.7378830828621752,0.48359693230008904,0.7745765862450941,0.7749643038212147,0.6476532104615237,0.4825753726138006,0.7732388557205393,0.6476532104615237,0.7742198531592601,0.7740985957561042,0.6452925557654432,0.7763647022597401,0.7739253379380125,0.7719995649204704,0.7742198531592601,0.4826031609700242,0.48386861443389806,0.4829420501697567,0.7740985957561042,0.4836690261065146,0.7763647022597401,0.7737069778466482,0.7735613702088189,0.7759292935874433,0.7714052498171468,0.48215835508646976,0.7714747839982178,0.7720759932979409,0.34800330639393423,0.34800330639393423,0.34800330639393423,0.4757126743164207,0.34800330639393423,0.34800330639393423,0.5997573127610625,0.5993368039608885,0.4788763536970783,0.47915071244268503,0.7708731058113207,0.475278349329799,0.6425017551635821,0.7763197904408257,0.48407920172581315,0.7763197904408257,0.4839905445603114,0.7758428739265162,0.7748500857667181,0.48407920172581315,0.4829142813142487,0.48252534953980347,0.7724337164832716,0.47941931979580665,0.3070071521653281,0.49617278638994794,0.3070071521653281,0.3070071521653281,0.3070071521653281,0.4979803435106369,0.37513061653334673,0.5033480861144172,0.7725482917880079,0.7725482917880079,0.5562312057752368,0.3510496643197489,0.3510496643197489,0.661891568898513,0.6202119288333218,0.4809943586763042,0.4809943586763042,0.47724936886851627,0.47733927808751603,0.9081947771123948,0.3493110446408319,0.3569216709309538,0.47887075290231196,0.7344511007555502,0.4775021953976674,0.5318225949240445,0.4768783141605181,0.478786733118719,0.47721002825854614,0.47901635228326184,0.3541909918343774,0.35171372937724793,0.4796039000861894,0.47837762617706253,0.47721002825854614,0.48130094644873206
Blautia_A wexlerae,0.22955905624534678,0.4805480636521807,0.4805480636521807,0.4805480636521807,0.4805480636521807,0.4805480636521807,0.4805480636521807,0.4805480636521807,0.4805480636521807,0.4805480636521807,0.4805480636521807,0.5271014032882262,0.5271014032882262,0.22957073953192816,0.31786637897556075,0.31786637897556075,0.47727184776113246,0.0,0.0,0.5320898158730312,0.9302703231367113,0.9302703231367113,0.8410559808573409,0.5306159079984504,0.5307725787147122,0.5313987996723808,0.23274986611024015,0.525639020372871,0.4741879683839639,0.4741879683839639,0.22954737236412048,0.7513186439570497,0.7518681952873821,0.4900155322377197,0.4292157910254533,0.4753009214398673,0.4753009214398673,0.4901632929430076,0.22713948674314538,0.6519787611282829,0.48996079474218607,0.22810569113126614,0.4963673470055427,0.2218952157906812,0.8358546902392736,0.23787888812646754,0.8683998631448622,0.8685110428367456,0.7570477807401856,0.23454062929808975,0.8674666279030092,0.7570477807401856,0.8680816870415238,0.8680477001766981,0.7552281350345852,0.8700506536262382,0.867670665687297,0.8663435611216325,0.8680816870415238,0.23580654546589294,0.23899250149222967,0.23697517553050915,0.8680477001766981,0.23766456753505427,0.8700506536262382,0.8673336683717444,0.8675439205884453,0.8695079357651619,0.8660246295364552,0.23573829136282798,0.8660803736221208,0.8662630651986594,0.5271268443869348,0.5271268443869348,0.5271268443869348,0.2205616259523873,0.5271268443869348,0.5271268443869348,0.7161128573309888,0.7157906872587068,0.22718671399945017,0.22856379411616115,0.8648500725649125,0.2207682524899282,0.7530871932708635,0.8699119227549703,0.23975441107161496,0.8699119227549703,0.23694121925652634,0.8693691182888877,0.8689525328013107,0.23975441107161496,0.23578379629354093,0.2366467274509293,0.8659812705445799,0.22809393280289258,0.4986154747206117,0.2621758070470365,0.4986154747206117,0.4986154747206117,0.4986154747206117,0.2654999608472948,0.5420526186590254,0.27816863835979977,0.8662568728947625,0.8662568728947625,0.6803194260723757,0.5258481812109063,0.5258481812109063,0.7226151764829978,0.684775482841756,0.23145564572146066,0.23145564572146066,0.22466998972194865,0.22284805191964258,0.9894548140137402,0.5254348807790239,0.5304945827635277,0.22743449620163667,0.8326526135146697,0.22575371862946705,0.3294186591377255,0.22390466498669795,0.22876319294298805,0.2255397678134714,0.22811744885355592,0.5280419075888843,0.5262305773674467,0.22948894403513567,0.22712767839468048,0.2255397678134714,0.23400254694636288
Blautia_A wexlerae_B,0.22955905624534678,0.4805480636521807,0.4805480636521807,0.4805480636521807,0.4805480636521807,0.4805480636521807,0.4805480636521807,0.4805480636521807,0.4805480636521807,0.4805480636521807,0.4805480636521807,0.5271014032882262,0.5271014032882262,0.22957073953192816,0.31786637897556075,0.31786637897556075,0.47727184776113246,0.0,0.0,0.5320898158730312,0.9302703231367113,0.9302703231367113,0.8410559808573409,0.5306159079984504,0.5307725787147122,0.5313987996723808,0.23274986611024015,0.525639020372871,0.4741879683839639,0.4741879683839639,0.22954737236412048,0.7513186439570497,0.7518681952873821,0.4900155322377197,0.4292157910254533,0.4753009214398673,0.4753009214398673,0.4901632929430076,0.22713948674314538,0.6519787611282829,0.48996079474218607,0.22810569113126614,0.4963673470055427,0.2218952157906812,0.8358546902392736,0.23787888812646754,0.8683998631448622,0.8685110428367456,0.7570477807401856,0.23454062929808975,0.8674666279030092,0.7570477807401856,0.8680816870415238,0.8680477001766981,0.7552281350345852,0.8700506536262382,0.867670665687297,0.8663435611216325,0.8680816870415238,0.23580654546589294,0.23899250149222967,0.23697517553050915,0.8680477001766981,0.23766456753505427,0.8700506536262382,0.8673336683717444,0.8675439205884453,0.8695079357651619,0.8660246295364552,0.23573829136282798,0.8660803736221208,0.8662630651986594,0.5271268443869348,0.5271268443869348,0.5271268443869348,0.2205616259523873,0.5271268443869348,0.5271268443869348,0.7161128573309888,0.7157906872587068,0.22718671399945017,0.22856379411616115,0.8648500725649125,0.2207682524899282,0.7530871932708635,0.8699119227549703,0.23975441107161496,0.8699119227549703,0.23694121925652634,0.8693691182888877,0.8689525328013107,0.23975441107161496,0.23578379629354093,0.2366467274509293,0.8659812705445799,0.22809393280289258,0.4986154747206117,0.2621758070470365,0.4986154747206117,0.4986154747206117,0.4986154747206117,0.2654999608472948,0.5420526186590254,0.27816863835979977,0.8662568728947625,0.8662568728947625,0.6803194260723757,0.5258481812109063,0.5258481812109063,0.7226151764829978,0.684775482841756,0.23145564572146066,0.23145564572146066,0.22466998972194865,0.22284805191964258,0.9894548140137402,0.5254348807790239,0.5304945827635277,0.22743449620163667,0.8326526135146697,0.22575371862946705,0.3294186591377255,0.22390466498669795,0.22876319294298805,0.2255397678134714,0.22811744885355592,0.5280419075888843,0.5262305773674467,0.22948894403513567,0.22712767839468048,0.2255397678134714,0.23400254694636288
Agathobacter sp900317585,0.5321301394543003,0.35764983048144844,0.35764983048144844,0.35764983048144844,0.35764983048144844,0.35764983048144844,0.35764983048144844,0.35764983048144844,0.35764983048144844,0.35764983048144844,0.35764983048144844,0.264609494258028,0.264609494258028,0.528574962889115,0.4737126145476958,0.4737126145476958,0.35819685066608675,0.5320898158730312,0.5320898158730312,0.0,0.8129510947904145,0.8129510947904145,0.7550825160229516,0.27309901470211395,0.28487567364440036,0.27600040378766166,0.5339666639726898,0.2721742864470247,0.34671384317488396,0.34671384317488396,0.5314088939632186,0.5974632976003885,0.6004902613593639,0.31969212430736044,0.38815989522041283,0.3485269905185164,0.3485269905185164,0.3214574449835905,0.5309595122792353,0.5453429435668665,0.3316824527135944,0.5265057306293165,0.33987771652426885,0.5249701674818247,0.7685733599175805,0.5351507604870813,0.7422284377519756,0.7428136006393798,0.6071839263974943,0.5341775850064958,0.7414330326547867,0.6071839263974943,0.7421886877425005,0.7420911105103052,0.6059414127912902,0.7440726657347364,0.7436796622811106,0.7405100167730587,0.7421886877425005,0.5342729743099797,0.5353261450034692,0.5346092112859949,0.7420911105103052,0.5351156766859169,0.7440726657347364,0.7433081010976466,0.7419429131369553,0.7428894213403933,0.7399556545894982,0.534142437284754,0.7398831582481998,0.7400970020296496,0.2746658606896808,0.2746658606896808,0.2746658606896808,0.5261847045017912,0.2746658606896808,0.2746658606896808,0.6411143495931305,0.6406958675971086,0.531040328034997,0.5309342548328304,0.740611423757921,0.5258124767138407,0.6062423258023876,0.7439392841685796,0.5358569593579793,0.7439392841685796,0.5356166557653317,0.7427558272912616,0.743423557466951,0.5358569593579793,0.5337807835336388,0.5318276380715151,0.7402310759334637,0.5307624723221313,0.37983423152586715,0.5466005371508473,0.37983423152586715,0.37983423152586715,0.37983423152586715,0.548153793358145,0.30513188042958284,0.5529280633639355,0.7400245195354225,0.7400245195354225,0.507365700009869,0.26359394900732885,0.26359394900732885,0.6208904955218277,0.6581815741953493,0.5318730242469206,0.5318730242469206,0.5257512633633493,0.5274523820708206,0.8805241549351718,0.2717798307521414,0.28422530399418217,0.5304693031802488,0.7003054214265542,0.527376102205486,0.4840182516689812,0.5278082090124505,0.5280114310317676,0.5280165105801117,0.5312170696371598,0.2672218142327755,0.2634005527682472,0.5297862984675555,0.5286561431714788,0.5280165105801117,0.5311615286135545
Mediterraneibacter faecis,0.9304317633377955,0.8437622213459772,0.8437622213459772,0.8437622213459772,0.8437622213459772,0.8437622213459772,0.8437622213459772,0.8437622213459772,0.8437622213459772,0.8437622213459772,0.8437622213459772,0.8104894783458086,0.8104894783458086,0.9282008307239915,0.8990708378649731,0.8990708378649731,0.8430594345179059,0.9302703231367113,0.9302703231367113,0.8129510947904145,0.0,0.0,0.49595111050354385,0.8125154862421362,0.8151881604659054,0.8134095516241783,0.9313220640720113,0.8097644390550742,0.8376945042285544,0.8376945042285544,0.9304692365213623,0.62474038851618,0.6257955997839445,0.8315147813563657,0.8567083151092205,0.8386448792393656,0.8386448792393656,0.830691865040032,0.9298319870124928,0.7242094142068726,0.8330937898312284,0.9288507494628419,0.836178714054708,0.9267491469516919,0.511477615128495,0.9321971288852553,0.4760282981339231,0.47480973590285963,0.6289463471241107,0.9314545279811188,0.4744819963909915,0.6289463471241107,0.4754250488890897,0.47531784981897457,0.6302881985489869,0.4776089041928052,0.4773673712456911,0.47232343331767557,0.4754250488890897,0.9314286126116642,0.9322633010241804,0.9317942405941442,0.47531784981897457,0.9319928287321654,0.4776089041928052,0.47767628693921743,0.4729589938874121,0.47715944270828736,0.4718405168460179,0.9314343716449667,0.47274912642399985,0.470970019380485,0.8110220846878221,0.8110220846878221,0.8110220846878221,0.9269748565545309,0.8110220846878221,0.8110220846878221,0.6636640298231472,0.6632031603913983,0.9295723484609525,0.929615626588722,0.4722212098702458,0.927081904714266,0.6295984607216136,0.4803582627065642,0.9325451992502823,0.4803582627065642,0.9322978237539156,0.47473064708147267,0.47746287561936934,0.9325451992502823,0.9317050060560866,0.9305874112929496,0.46998378916016803,0.9297137162198554,0.8525595213889346,0.938571244710355,0.8525595213889346,0.8525595213889346,0.8525595213889346,0.9393853111035144,0.8224141540576272,0.9422076555883718,0.47133434463670215,0.47133434463670215,0.6963533428460237,0.8091315684526194,0.8091315684526194,0.6452967121187584,0.6794791818814299,0.9302847385794265,0.9302847385794265,0.9270066829743443,0.9279840899945697,0.6723086706473326,0.8099035379892024,0.814236758605233,0.9297656418350874,0.8451692152449548,0.927807770197653,0.9036354186848712,0.928157486627122,0.9285041827476221,0.9276632207811385,0.9296329372756943,0.811041926611241,0.8102942119719951,0.92893159642526,0.9283279617333094,0.9276632207811385,0.9301665253542106
Mediterraneibacter torques,0.9304317633377955,0.8437622213459772,0.8437622213459772,0.8437622213459772,0.8437622213459772,0.8437622213459772,0.8437622213459772,0.8437622213459772,0.8437622213459772,0.8437622213459772,0.8437622213459772,0.8104894783458086,0.8104894783458086,0.9282008307239915,0.8990708378649731,0.8990708378649731,0.8430594345179059,0.9302703231367113,0.9302703231367113,0.8129510947904145,0.0,0.0,0.49595111050354385,0.8125154862421362,0.8151881604659054,0.8134095516241783,0.9313220640720113,0.8097644390550742,0.8376945042285544,0.8376945042285544,0.9304692365213623,0.62474038851618,0.6257955997839445,0.8315147813563657,0.8567083151092205,0.8386448792393656,0.8386448792393656,0.830691865040032,0.9298319870124928,0.7242094142068726,0.8330937898312284,0.9288507494628419,0.836178714054708,0.9267491469516919,0.511477615128495,0.9321971288852553,0.4760282981339231,0.47480973590285963,0.6289463471241107,0.9314545279811188,0.4744819963909915,0.6289463471241107,0.4754250488890897,0.47531784981897457,0.6302881985489869,0.4776089041928052,0.4773673712456911,0.47232343331767557,0.4754250488890897,0.9314286126116642,0.9322633010241804,0.9317942405941442,0.47531784981897457,0.9319928287321654,0.4776089041928052,0.47767628693921743,0.4729589938874121,0.47715944270828736,0.4718405168460179,0.9314343716449667,0.47274912642399985,0.470970019380485,0.8110220846878221,0.8110220846878221,0.8110220846878221,0.9269748565545309,0.8110220846878221,0.8110220846878221,0.6636640298231472,0.6632031603913983,0.9295723484609525,0.929615626588722,0.4722212098702458,0.927081904714266,0.6295984607216136,0.4803582627065642,0.9325451992502823,0.4803582627065642,0.9322978237539156,0.47473064708147267,0.47746287561936934,0.9325451992502823,0.9317050060560866,0.9305874112929496,0.46998378916016803,0.9297137162198554,0.8525595213889346,0.938571244710355,0.8525595213889346,0.8525595213889346,0.8525595213889346,0.9393853111035144,0.8224141540576272,0.9422076555883718,0.47133434463670215,0.47133434463670215,0.6963533428460237,0.8091315684526194,0.8091315684526194,0.6452967121187584,0.6794791818814299,0.9302847385794265,0.9302847385794265,0.9270066829743443,0.9279840899945697,0.6723086706473326,0.8099035379892024,0.814236758605233,0.9297656418350874,0.8451692152449548,0.927807770197653,0.9036354186848712,0.928157486627122,0.9285041827476221,0.9276632207811385,0.9296329372756943,0.811041926611241,0.8102942119719951,0.92893159642526,0.9283279617333094,0.9276632207811385,0.9301665253542106
Mediterraneibacter lactaris,0.841247295172371,0.790177898813102,0.790177898813102,0.790177898813102,0.790177898813102,0.790177898813102,0.790177898813102,0.790177898813102,0.790177898813102,0.790177898813102,0.790177898813102,0.7524102159872538,0.7524102159872538,0.8388751110344865,0.8050940683630275,0.8050940683630275,0.788999210052771,0.8410559808573409,0.8410559808573409,0.7550825160229516,0.49595111050354385,0.49595111050354385,0.0,0.7557925872883202,0.7593011936492954,0.7564913559066283,0.8426712196591466,0.7524351680622463,0.782503537092926,0.782503537092926,0.8407784977759958,0.5464876685516392,0.54729196198745,0.729894117693309,0.7587676302959595,0.7829044581082976,0.7829044581082976,0.7278960724705196,0.8405009230863559,0.6065563550800684,0.7327547039284976,0.8392171443829113,0.737563149307069,0.8358835687461686,0.4202105716436891,0.8439815235977998,0.37067129585628866,0.3706857670072382,0.5550727515222371,0.8423656133316169,0.36508666712916754,0.5550727515222371,0.36227687654237534,0.36929395070211923,0.5521416953720216,0.3744937523608117,0.37266300270732916,0.35818187494224024,0.36227687654237534,0.8425025132056176,0.8430117128219036,0.8425502637424748,0.36929395070211923,0.8431262403544771,0.3744937523608117,0.36880702855474146,0.3640788192863386,0.37348974585627587,0.3637324179101655,0.842018488348386,0.3516298363871427,0.3637987756213787,0.7534824090591639,0.7534824090591639,0.7534824090591639,0.8366789398899642,0.7534824090591639,0.7534824090591639,0.5921334077812834,0.5916349521982652,0.8401179109572436,0.8403062470701427,0.3519119423975078,0.8362653130153744,0.5513931205964083,0.3716107485251936,0.8436223466643619,0.3716107485251936,0.8434061310736964,0.36435128655910154,0.3682247855764316,0.8436223466643619,0.842731691107255,0.840979442945149,0.3605923936612645,0.8400636367838257,0.7999607066730275,0.850966203882376,0.7999607066730275,0.7999607066730275,0.7999607066730275,0.8519143664650789,0.766760078726901,0.8555899353187052,0.36680900832215063,0.36680900832215063,0.623558668589626,0.7509901486831274,0.7509901486831274,0.5085115269171608,0.5489018995733088,0.8411165684318458,0.8411165684318458,0.83736145799564,0.8375600207301414,0.6029106772256759,0.752342484754999,0.7575294489597135,0.8401211034464884,0.791585265110629,0.8376144571282008,0.8107508630663601,0.8383410044254723,0.8394791690773162,0.837723319312267,0.8399231461671088,0.7534325734475857,0.7518931653496924,0.8387056409903717,0.8384145842217311,0.837723319312267,0.8410496029640223
Enterocloster bolteae,0.5307877379427784,0.3577098187124106,0.3577098187124106,0.3577098187124106,0.3577098187124106,0.3577098187124106,0.3577098187124106,0.3577098187124106,0.3577098187124106,0.3577098187124106,0.3577098187124106,0.2637363607526043,0.2637363607526043,0.527304897708813,0.47473064708147267,0.47473064708147267,0.3568314860551949,0.5306159079984504,0.5306159079984504,0.27309901470211395,0.8125154862421362,0.8125154862421362,0.7557925872883202,0.0,0.2791888083986333,0.2682136244769921,0.5300545459931513,0.2711870714188565,0.34235444769874995,0.34235444769874995,0.5311362807737552,0.5975800028021898,0.6016415073719745,0.3217993456793296,0.38868467846850135,0.3444865446417788,0.3444865446417788,0.3211402363860031,0.5304136838560403,0.5443879884527625,0.33075933382165523,0.5275642392560259,0.3372476331357872,0.5252766180259899,0.7667495848674044,0.5330215183062375,0.7418236108198106,0.7408685006763783,0.6073782535246801,0.5323367498679005,0.740854019840978,0.6073782535246801,0.7402274526337369,0.7411870074771214,0.6039729425756154,0.74357506674583,0.7423874165063354,0.7391832031896987,0.7402274526337369,0.5322712479320597,0.5334691630084109,0.5327396614280642,0.7411870074771214,0.5333786584324653,0.74357506674583,0.7421525495227473,0.7402999152588586,0.7423693524533732,0.7389545769151918,0.5322914032323655,0.7391287747767987,0.7392194865718871,0.2731186557546549,0.2731186557546549,0.2731186557546549,0.5248373166766633,0.2731186557546549,0.2731186557546549,0.6398413156241641,0.6393045429386147,0.5290365096915348,0.5289908801498967,0.739110631081803,0.5246277528229837,0.6046564261551287,0.7435209598332341,0.5345138819873376,0.7435209598332341,0.5336903318031041,0.7433405750140566,0.7428460961731436,0.5345138819873376,0.5322208563419242,0.5304136838560403,0.7398251560602794,0.5298926014661632,0.3767287458327034,0.5444274011578605,0.3767287458327034,0.3767287458327034,0.3767287458327034,0.5458296221820537,0.3009544617096365,0.551003849208403,0.7392412557463882,0.7392412557463882,0.5058091487129942,0.2603999936998075,0.2603999936998075,0.6188222249789449,0.6569742747593419,0.5310756810609877,0.5310756810609877,0.5240446226268647,0.5266076027604923,0.8797623265284612,0.2624825292285722,0.27556276302642435,0.5298926014661632,0.6983801847836206,0.5262764462345958,0.4819636234253747,0.5253532027308422,0.5267705571921993,0.5262662534985035,0.5291226880897258,0.26137664488657036,0.25347924687382295,0.5281130127158933,0.5269385511698587,0.5262662534985035,0.5301203218258785
Enterocloster citroniae,0.5294672614147931,0.35698178152393284,0.35698178152393284,0.35698178152393284,0.35698178152393284,0.35698178152393284,0.35698178152393284,0.35698178152393284,0.35698178152393284,0.35698178152393284,0.35698178152393284,0.26890272285503275,0.26890272285503275,0.5303530015772043,0.4784280829253654,0.4784280829253654,0.3590419644137456,0.5307725787147122,0.5307725787147122,0.28487567364440036,0.8151881604659054,0.8151881604659054,0.7593011936492954,0.2791888083986333,0.0,0.2743727586312822,0.5293406061181477,0.2772608189748899,0.35102674311804516,0.35102674311804516,0.531302894344259,0.6010840084963647,0.6045100304430713,0.32984176286087047,0.3932603005379897,0.35312167060963906,0.35312167060963906,0.33148832552374324,0.5308433180753195,0.5436534046332374,0.32209092497929603,0.5307826849148619,0.3396172042246117,0.5285495914938529,0.7704519996212329,0.5318679815297996,0.7440942929249554,0.7440005705602345,0.6102549709162628,0.5334188845842199,0.7429471842999193,0.6102549709162628,0.7435137452807242,0.743387479277796,0.6081284794364176,0.7457612995390728,0.742968844251945,0.7415777152200289,0.7435137452807242,0.5331623908688475,0.5344787563807365,0.5338511242842285,0.743387479277796,0.5339465719097698,0.7457612995390728,0.7428713694944461,0.7428641486332408,0.7452360369190546,0.7412412847566048,0.5334741905902071,0.7413715340144764,0.7415777152200289,0.27863106489780776,0.27863106489780776,0.27863106489780776,0.5272692918545768,0.27863106489780776,0.27863106489780776,0.640783771486635,0.6402980563633714,0.5299027244490656,0.5303226578339432,0.7400208952243517,0.527376102205486,0.6061582622052001,0.7461603956142546,0.5353712345925156,0.7461603956142546,0.5349602779090998,0.7453044139661851,0.7448832556277337,0.5353712345925156,0.5340269356258248,0.5341675430362723,0.7416608949146145,0.5303732297749186,0.38068767379793295,0.544402768551549,0.38068767379793295,0.38068767379793295,0.38068767379793295,0.5462765907896617,0.29627498795419344,0.5515438894009168,0.7419103780439471,0.7419103780439471,0.5083216145200462,0.2733934823303744,0.2733934823303744,0.6226805983784276,0.659585941806749,0.5310605300523149,0.5310605300523149,0.5275693231100265,0.5287677457093516,0.8824683994726763,0.2745779629241286,0.284856843246545,0.5314341288514709,0.7019847170178066,0.5294014044421429,0.4850865365378064,0.5274879755663229,0.5300950243945537,0.5297154179502463,0.5300292454224531,0.2772221224193665,0.27621410912652294,0.5308635275898537,0.5294925888385893,0.5297154179502463,0.5328202071789341
Enterocloster asparagiformis,0.530732151989691,0.3575373254202659,0.3575373254202659,0.3575373254202659,0.3575373254202659,0.3575373254202659,0.3575373254202659,0.3575373254202659,0.3575373254202659,0.3575373254202659,0.3575373254202659,0.2568219747218521,0.2568219747218521,0.5262917349686025,0.4748040871382229,0.4748040871382229,0.35890747777164433,0.5313987996723808,0.5313987996723808,0.27600040378766166,0.8134095516241783,0.8134095516241783,0.7564913559066283,0.2682136244769921,0.2743727586312822,0.0,0.5321805396343182,0.2727943975539454,0.3464739536453679,0.3464739536453679,0.5316864118606262,0.595912545564114,0.6019846697021811,0.32305542058901193,0.3892569887743539,0.3485192949822318,0.3485192949822318,0.32164928768764073,0.5307220448272751,0.544895209104285,0.3288645483011409,0.529082135297952,0.34040602213173704,0.5246584259325169,0.7675571922568406,0.5333283714761435,0.7424488309989093,0.7422681856327547,0.6081240690489625,0.5324929142762043,0.7410892983563947,0.6081240690489625,0.7415849486073207,0.741957372720347,0.6061582622052001,0.7442780986684864,0.7426655474374543,0.7397308928049997,0.7415849486073207,0.5324375063418821,0.5339465719097698,0.533237843004149,0.741957372720347,0.5338561482689106,0.7442780986684864,0.7423657395900342,0.7411508204158377,0.7436940880970314,0.7394153860697236,0.5329611329522081,0.7394226406099575,0.7393246983106175,0.27377581674616747,0.27377581674616747,0.27377581674616747,0.5246277528229837,0.27377581674616747,0.27377581674616747,0.6402058964060741,0.6397281276176187,0.5294469986034035,0.5290973429591068,0.7391360321300916,0.5249599493827418,0.6048826043826854,0.7445483188022356,0.5349903586145025,0.7445483188022356,0.5338661960964388,0.7431998444617208,0.7426908269027216,0.5349903586145025,0.5328604754887147,0.5319234487888145,0.7396547483288791,0.5295736284547269,0.3768639896452588,0.5441070902935053,0.3768639896452588,0.3768639896452588,0.3768639896452588,0.5458050528590707,0.30060669714534766,0.5504145531321288,0.7399484052749953,0.7399484052749953,0.5029002959002404,0.2619301706966845,0.2619301706966845,0.6174554562545602,0.6571742849501087,0.5310100235679402,0.5310100235679402,0.5250927691612842,0.5262968311145753,0.8806673050809015,0.2695104584292775,0.28144684924657953,0.5299988831433539,0.6994508409805602,0.52651591872941,0.4824030490771209,0.5263783627401087,0.528818466349626,0.5264140288554555,0.5295634991809206,0.2661053887256733,0.2644472690949475,0.5276303255372617,0.52719807293187,0.5264140288554555,0.5300950243945537
Enterocloster clostridioformis,0.23385349707160105,0.48221397826018203,0.48221397826018203,0.48221397826018203,0.48221397826018203,0.48221397826018203,0.48221397826018203,0.48221397826018203,0.48221397826018203,0.48221397826018203,0.48221397826018203,0.5290770659804281,0.5290770659804281,0.23411713612464566,0.32158257277114655,0.32158257277114655,0.48090513280554137,0.23274986611024015,0.23274986611024015,0.5339666639726898,0.9313220640720113,0.9313220640720113,0.8426712196591466,0.5300545459931513,0.5293406061181477,0.5321805396343182,0.0,0.5283110408217488,0.4761466031264987,0.4761466031264987,0.23462066363902975,0.7525919907334077,0.7533400128509814,0.49198747765848433,0.43202479633990626,0.47746849292879995,0.47746849292879995,0.4922981154105081,0.23376172683474178,0.6543316896170626,0.49220548957934435,0.2343118091174701,0.49692358578203777,0.22881008506051304,0.8368199751646749,0.23779995038142815,0.8692487918772712,0.8695387810836352,0.7582761374541814,0.23964251746815676,0.8685203071686451,0.7582761374541814,0.868961792426318,0.8688352356761855,0.7563956237624143,0.8709226101700321,0.8686129450530776,0.8672563569479524,0.868961792426318,0.23938496369631757,0.24159317364185848,0.2401121202016351,0.8688352356761855,0.24134881470754882,0.8709226101700321,0.8685419235587838,0.8683813318123107,0.8703742729990163,0.8670367549146372,0.2391383483556764,0.8670553149844578,0.8672316158367254,0.5292037843506139,0.5292037843506139,0.5292037843506139,0.22555165929413312,0.5292037843506139,0.5292037843506139,0.7174860734837908,0.7170747587909894,0.23164097706591572,0.23186086563004157,0.8659874648191908,0.2247774045283456,0.754649044467515,0.8711597052601804,0.24382538595628536,0.8711597052601804,0.24347313239309173,0.8706916113249992,0.8702818226006462,0.24382538595628536,0.24134881470754882,0.24074797305835155,0.8674078808558047,0.23475780188569675,0.49831953971005877,0.26296234134261015,0.49831953971005877,0.49831953971005877,0.49831953971005877,0.26631696332277827,0.5422653406122666,0.2783710444920042,0.8676150237775734,0.8676150237775734,0.6819063512823718,0.527584574378097,0.527584574378097,0.7237833922886866,0.6860550541394694,0.23443768785480068,0.23443768785480068,0.2279763161639151,0.23096844340101894,0.9903787166603819,0.5269589104369696,0.5320746937421943,0.23464352557951165,0.8337374236843282,0.23102649755385254,0.3323448650523111,0.22696229700813275,0.23327934079877666,0.23188399966508344,0.23248467656976052,0.5294773925296953,0.5282805797909543,0.23522575430949433,0.23181459063394552,0.23188399966508344,0.23907104547474622
Coprococcus eutactus,0.5260674556718452,0.3520110070534078,0.3520110070534078,0.3520110070534078,0.3520110070534078,0.3520110070534078,0.3520110070534078,0.3520110070534078,0.3520110070534078,0.3520110070534078,0.3520110070534078,0.26169455284091364,0.26169455284091364,0.5231276943083163,0.4624823423836602,0.4624823423836602,0.3500320492989002,0.525639020372871,0.525639020372871,0.2721742864470247,0.8097644390550742,0.8097644390550742,0.7524351680622463,0.2711870714188565,0.2772608189748899,0.2727943975539454,0.5283110408217488,0.0,0.33720786665020136,0.33720786665020136,0.5261031428645182,0.5956469402311723,0.5945562667410772,0.31672523630182975,0.37919819407594246,0.3377721119697567,0.3377721119697567,0.31379012937251827,0.524944621861187,0.5380447717379507,0.32486851574602543,0.5234096030131195,0.3240584304022637,0.5182548633628619,0.7648443181615908,0.5303782867038023,0.7382791719784851,0.7381701778233624,0.6036042505896827,0.5283922616521493,0.7374431384394001,0.6036042505896827,0.7367044597394424,0.7376685972848805,0.6010884705391045,0.7403433894295665,0.738286437683371,0.7357937379146796,0.7367044597394424,0.5278285347353429,0.5289351053645043,0.5282602714612736,0.7376685972848805,0.5291885797483395,0.7403433894295665,0.738805750383444,0.7374031304765046,0.7400680098838337,0.7341698578921754,0.5276964035421543,0.7352431154809662,0.7352394676003018,0.25350040805822127,0.25350040805822127,0.25350040805822127,0.5191132356878304,0.25350040805822127,0.25350040805822127,0.6356947870065479,0.6352220698222818,0.5242697672795428,0.5240395045787588,0.7341588981974343,0.5191494009253634,0.5973106486997688,0.7395133163582351,0.5298369216030295,0.7395133163582351,0.5296951646317679,0.738656893865736,0.7383772529620307,0.5298369216030295,0.5284582443851555,0.5267501906451023,0.7357755119800778,0.5242441875294712,0.3738558032903504,0.5412752263247557,0.3738558032903504,0.3738558032903504,0.3738558032903504,0.5429227669862061,0.2980890162831594,0.5487113026910276,0.7355385337327396,0.7355385337327396,0.5024681202554033,0.2496732441354239,0.2496732441354239,0.6179547856692023,0.6528872651564104,0.5263375985060356,0.5263375985060356,0.5202331889906746,0.520707280788123,0.8776195766967194,0.25665482730764655,0.2647817495904603,0.5243669589495566,0.6960412935661798,0.521227254572278,0.47291929637531005,0.5219522922178156,0.5240036768423254,0.5213198687165418,0.5238142609551004,0.2650854565336404,0.2601423708170336,0.522671192671767,0.5219882607552652,0.5213198687165418,0.5262407707945486
Dorea_A longicatena_B,0.47387111880880955,0.26315605962821287,0.26315605962821287,0.26315605962821287,0.26315605962821287,0.26315605962821287,0.26315605962821287,0.26315605962821287,0.26315605962821287,0.26315605962821287,0.26315605962821287,0.33831163368009287,0.33831163368009287,0.4696583926742595,0.5149164574722404,0.5149164574722404,0.2662867486724033,0.4741879683839639,0.4741879683839639,0.34671384317488396,0.8376945042285544,0.8376945042285544,0.782503537092926,0.34235444769874995,0.35102674311804516,0.3464739536453679,0.4761466031264987,0.33720786665020136,0.0,0.0,0.47320844485089864,0.6330777649573343,0.6337298594911074,0.38632448257554497,0.3033599698593884,0.23992215363119052,0.23992215363119052,0.38386594360346366,0.47281720175395514,0.5814469895377403,0.38971147901812786,0.470508515769591,0.39766865380314037,0.4651711990583236,0.7310947260461151,0.4780579431019017,0.7686850214583515,0.7686989780104788,0.6407377280961633,0.47550402221321203,0.7679519462623836,0.6407377280961633,0.7681509929904168,0.7684128180254554,0.6378975701889326,0.7710505279534405,0.7700515612914589,0.7666831204217796,0.7681509929904168,0.4756901217445581,0.4768839383556129,0.4758423308616726,0.7684128180254554,0.47662515669274413,0.7710505279534405,0.7697206072817027,0.7679763933761621,0.7705773114618106,0.7661126885175529,0.4752049825674085,0.7661406950863854,0.7662352096986712,0.3387790519457156,0.3387790519457156,0.3387790519457156,0.46606979203823945,0.3387790519457156,0.3387790519457156,0.593928899927065,0.5934319524768964,0.4715334659475225,0.47182346370498685,0.766606154390943,0.4655803891135111,0.6378050633722954,0.7710053065786978,0.47788399059643716,0.7710053065786978,0.4773111832758587,0.7701003214368652,0.7697902936344126,0.47788399059643716,0.4762986663674595,0.4738371580735519,0.7662877127794092,0.47255051736325626,0.29511397447350285,0.490786681030255,0.29511397447350285,0.29511397447350285,0.29511397447350285,0.4924615302601831,0.36797705333813585,0.49758701745451306,0.7676759891481537,0.7676759891481537,0.5469880388703043,0.3357491724473104,0.3357491724473104,0.6542169089664533,0.6122163852225879,0.473854138745423,0.473854138745423,0.467098740099313,0.4681082380381882,0.9039707507905115,0.33335210731207726,0.3451010676494916,0.472822874255701,0.7281171203981778,0.46827436693000635,0.5238501016462752,0.46943562301455855,0.4717950404335133,0.4682285441574887,0.4722325691238195,0.34111439862888027,0.3362520601170002,0.47080484168153286,0.4697497547940635,0.4682285441574887,0.4729873472133305
Dorea_A longicatena,0.47387111880880955,0.26315605962821287,0.26315605962821287,0.26315605962821287,0.26315605962821287,0.26315605962821287,0.26315605962821287,0.26315605962821287,0.26315605962821287,0.26315605962821287,0.26315605962821287,0.33831163368009287,0.33831163368009287,0.4696583926742595,0.5149164574722404,0.5149164574722404,0.2662867486724033,0.4741879683839639,0.4741879683839639,0.34671384317488396,0.8376945042285544,0.8376945042285544,0.782503537092926,0.34235444769874995,0.35102674311804516,0.3464739536453679,0.4761466031264987,0.33720786665020136,0.0,0.0,0.47320844485089864,0.6330777649573343,0.6337298594911074,0.38632448257554497,0.3033599698593884,0.23992215363119052,0.23992215363119052,0.38386594360346366,0.47281720175395514,0.5814469895377403,0.38971147901812786,0.470508515769591,0.39766865380314037,0.4651711990583236,0.7310947260461151,0.4780579431019017,0.7686850214583515,0.7686989780104788,0.6407377280961633,0.47550402221321203,0.7679519462623836,0.6407377280961633,0.7681509929904168,0.7684128180254554,0.6378975701889326,0.7710505279534405,0.7700515612914589,0.7666831204217796,0.7681509929904168,0.4756901217445581,0.4768839383556129,0.4758423308616726,0.7684128180254554,0.47662515669274413,0.7710505279534405,0.7697206072817027,0.7679763933761621,0.7705773114618106,0.7661126885175529,0.4752049825674085,0.7661406950863854,0.7662352096986712,0.3387790519457156,0.3387790519457156,0.3387790519457156,0.46606979203823945,0.3387790519457156,0.3387790519457156,0.593928899927065,0.5934319524768964,0.4715334659475225,0.47182346370498685,0.766606154390943,0.4655803891135111,0.6378050633722954,0.7710053065786978,0.47788399059643716,0.7710053065786978,0.4773111832758587,0.7701003214368652,0.7697902936344126,0.47788399059643716,0.4762986663674595,0.4738371580735519,0.7662877127794092,0.47255051736325626,0.29511397447350285,0.490786681030255,0.29511397447350285,0.29511397447350285,0.29511397447350285,0.4924615302601831,0.36797705333813585,0.49758701745451306,0.7676759891481537,0.7676759891481537,0.5469880388703043,0.3357491724473104,0.3357491724473104,0.6542169089664533,0.6122163852225879,0.473854138745423,0.473854138745423,0.467098740099313,0.4681082380381882,0.9039707507905115,0.33335210731207726,0.3451010676494916,0.472822874255701,0.7281171203981778,0.46827436693000635,0.5238501016462752,0.46943562301455855,0.4717950404335133,0.4682285441574887,0.4722325691238195,0.34111439862888027,0.3362520601170002,0.47080484168153286,0.4697497547940635,0.4682285441574887,0.4729873472133305
Lachnospira eligens_A,0.23022405731859255,0.4801404574665274,0.4801404574665274,0.4801404574665274,0.4801404574665274,0.4801404574665274,0.4801404574665274,0.4801404574665274,0.4801404574665274,0.4801404574665274,0.4801404574665274,0.5269131009797339,0.5269131009797339,0.2287397432793579,0.31586030539191623,0.31586030539191623,0.479206684723986,0.22954737236412048,0.22954737236412048,0.5314088939632186,0.9304692365213623,0.9304692365213623,0.8407784977759958,0.5311362807737552,0.531302894344259,0.5316864118606262,0.23462066363902975,0.5261031428645182,0.47320844485089864,0.47320844485089864,0.0,0.7508651399184357,0.7516006068458478,0.48962676350510687,0.4287718985333294,0.47527270613477934,0.47527270613477934,0.4896322412642656,0.22494439227562235,0.6519417363979173,0.48901286619320095,0.22891555720448145,0.4964267808731959,0.22020869791695244,0.8358771513864144,0.23988861450281934,0.867865384278063,0.8679951724044085,0.7564771741311964,0.23273834241343344,0.8668140030792031,0.7564771741311964,0.8673429452795091,0.867358406571957,0.7542579958924541,0.869332096551492,0.8666778487736834,0.8659688818624354,0.8673429452795091,0.23272681814601962,0.23410567973080823,0.23414004723064802,0.867358406571957,0.2355447973315685,0.869332096551492,0.8663961890276339,0.867114085918028,0.8688136265837559,0.8656745985535073,0.23258848239881777,0.8653895130185146,0.8657086785839558,0.5262560605649943,0.5262560605649943,0.5262560605649943,0.21884032169662704,0.5262560605649943,0.5262560605649943,0.7154196374248212,0.715037142269468,0.2260149390297885,0.227092249665221,0.864164435726493,0.21912202475988524,0.7525634799511711,0.8694955973313864,0.23855442589734338,0.8694955973313864,0.23819437750665642,0.8686746981542763,0.8683998631448622,0.23855442589734338,0.23556756958446956,0.23674870837677955,0.8656807950224725,0.22855205935583428,0.4981042038143831,0.2616740543054307,0.4981042038143831,0.4981042038143831,0.4981042038143831,0.2649640155301531,0.5419091078683081,0.2771156790293451,0.8659874648191908,0.8659874648191908,0.6799369084173782,0.5256696344743952,0.5256696344743952,0.7225817711364679,0.6842230027254876,0.2284816381372913,0.2284816381372913,0.22269153634481098,0.22329291885036973,0.9892298039088038,0.5251949153648652,0.5299634582858781,0.2276584477175235,0.8324174386743203,0.22519464172327322,0.32955704127327157,0.22240229513213577,0.22825849428058537,0.22597933584664923,0.22531371043656995,0.528544517068654,0.5265719497564201,0.22889212315034782,0.22628771066769746,0.22597933584664923,0.23369287550729434
Roseburia inulinivorans,0.7507472554464135,0.6405242109489269,0.6405242109489269,0.6405242109489269,0.6405242109489269,0.6405242109489269,0.6405242109489269,0.6405242109489269,0.6405242109489269,0.6405242109489269,0.6405242109489269,0.5899325065584639,0.5899325065584639,0.7474927650295914,0.7105141888494491,0.7105141888494491,0.6404781488988848,0.7513186439570497,0.7513186439570497,0.5974632976003885,0.62474038851618,0.62474038851618,0.5464876685516392,0.5975800028021898,0.6010840084963647,0.595912545564114,0.7525919907334077,0.5956469402311723,0.6330777649573343,0.6330777649573343,0.7508651399184357,0.0,0.2945499634029114,0.6207003987836063,0.6566190045087941,0.6341825433766721,0.6341825433766721,0.619519631222459,0.7499823428149164,0.7595342890522218,0.6240445188896747,0.7483139868881826,0.6311046894665673,0.7451712528762369,0.5644591389130146,0.7539165513831214,0.5282805797909543,0.5282196524595442,0.31366189299449504,0.7524351680622463,0.5265923231971829,0.31366189299449504,0.5274930601553349,0.5273659307231431,0.3084278637100561,0.5314745021804703,0.529801485916093,0.5252204488117522,0.5274930601553349,0.7525456601637578,0.75324388019273,0.7529197871316888,0.5273659307231431,0.7533222114324031,0.5314745021804703,0.5294723269964757,0.5275337351031654,0.5309292031993632,0.5245306094761616,0.7525812993166434,0.5242646514293747,0.5245561752589937,0.596591776554958,0.596591776554958,0.596591776554958,0.7463221305223474,0.596591776554958,0.596591776554958,0.3725550313874598,0.37170456320069856,0.7502612330666935,0.750114649835936,0.5249344032648463,0.7463113492855844,0.308619115257554,0.531721721929904,0.7540339403725991,0.531721721929904,0.7537564460256534,0.5300747855802369,0.5295128499053822,0.7540339403725991,0.7525812993166434,0.7515256650084696,0.5248270959910473,0.7502076083778567,0.6531049538071724,0.7616571088917208,0.6531049538071724,0.6531049538071724,0.6531049538071724,0.7628288220854907,0.6119359419548398,0.7663017129934051,0.5256288152761294,0.5256288152761294,0.7312781315625058,0.5924096432829098,0.5924096432829098,0.3315854033251772,0.39916312254970454,0.7509722915622089,0.7509722915622089,0.7468789493483151,0.7475107052721682,0.7102952147856749,0.5949260577665262,0.6016236754092156,0.7502791071112576,0.8765768351732947,0.747047709181818,0.7173215759085844,0.7482566382283377,0.749316877941154,0.7474066458709162,0.7501933078134564,0.5950432605946856,0.5937798593621747,0.7488514169845736,0.7487260511331432,0.7474066458709162,0.7510758569536612
Roseburia intestinalis,0.7516755412115463,0.6414614823103083,0.6414614823103083,0.6414614823103083,0.6414614823103083,0.6414614823103083,0.6414614823103083,0.6414614823103083,0.6414614823103083,0.6414614823103083,0.6414614823103083,0.5958585337317214,0.5958585337317214,0.7483677472654864,0.711253671324714,0.711253671324714,0.6412147446322437,0.7518681952873821,0.7518681952873821,0.6004902613593639,0.6257955997839445,0.6257955997839445,0.54729196198745,0.6016415073719745,0.6045100304430713,0.6019846697021811,0.7533400128509814,0.5945562667410772,0.6337298594911074,0.6337298594911074,0.7516006068458478,0.2945499634029114,0.0,0.6235113532073526,0.6575659652977557,0.6349940268697573,0.6349940268697573,0.62200829655215,0.7509615770858381,0.7594283454655881,0.627490505204551,0.749252446747957,0.6308156364643388,0.7456605929179223,0.565778536008082,0.7544926493588394,0.5283415000963414,0.5290213002816192,0.3141745244538722,0.7531691018643658,0.5237835384107116,0.3141745244538722,0.5284379428832797,0.5277929642065952,0.3013730293790343,0.5318578959521227,0.5309443579555744,0.5259654789217698,0.5284379428832797,0.753215394085877,0.7539485683746987,0.7535963066529909,0.5277929642065952,0.7540197123775345,0.5318578959521227,0.5272184221771901,0.5249344032648463,0.5312827015428401,0.525388938439351,0.7533578138489222,0.5216695959871687,0.5258022749836473,0.5974722757329369,0.5974722757329369,0.5974722757329369,0.7473707599593338,0.5974722757329369,0.5974722757329369,0.37387732491931025,0.37295796483130556,0.7510544308029771,0.7509508624565943,0.5230507837462856,0.747036938416606,0.3025809421537703,0.5292037843506139,0.7547805334533156,0.5292037843506139,0.7544322152929478,0.5276506581124345,0.5272998113054086,0.7547805334533156,0.7536923943596259,0.7520180032246262,0.5226763241183874,0.7511579848695381,0.6539421734861726,0.7624595573413817,0.6539421734861726,0.6539421734861726,0.6539421734861726,0.7635527654790153,0.6139487794172476,0.7670853171666236,0.5234710901913655,0.5234710901913655,0.7347395367438901,0.5943171330502219,0.5943171330502219,0.34265984520135767,0.3978844189674049,0.7519288354288597,0.7519288354288597,0.7477259546086528,0.7484716730456138,0.7107330954481809,0.5953677018598396,0.6020514967435724,0.7508294193056843,0.8772619428873124,0.747908867837191,0.7183976037117766,0.7494027775816212,0.7504042135023229,0.7481096622210589,0.7510080053794477,0.5989607803550707,0.5970232037126225,0.7498750497147425,0.7496496842197791,0.7481096622210589,0.7513757589097307
Anaerostipes hadrus,0.49012498888942396,0.3964933757211016,0.3964933757211016,0.3964933757211016,0.3964933757211016,0.3964933757211016,0.3964933757211016,0.3964933757211016,0.3964933757211016,0.3964933757211016,0.3964933757211016,0.3140293638358057,0.3140293638358057,0.4864172148176227,0.42709220329651315,0.42709220329651315,0.39700038773831564,0.4900155322377197,0.4900155322377197,0.31969212430736044,0.8315147813563657,0.8315147813563657,0.729894117693309,0.3217993456793296,0.32984176286087047,0.32305542058901193,0.49198747765848433,0.31672523630182975,0.38632448257554497,0.38632448257554497,0.48962676350510687,0.6207003987836063,0.6235113532073526,0.0,0.3292150503296351,0.38813225539446394,0.38813225539446394,0.242568147762172,0.4884366367087627,0.504428604686942,0.2611713376167417,0.48535185885024273,0.2710089908011504,0.48298647701775743,0.7873113345765891,0.49410899072550857,0.7621077102896969,0.7620795555079193,0.6327811362032105,0.4931635970840645,0.7612485209886255,0.6327811362032105,0.7617310539619078,0.7614669314528771,0.629896588252209,0.7642409293456782,0.762776080923888,0.7596931767300921,0.7617310539619078,0.49283173664546476,0.49401670442514883,0.4935224078577515,0.7614669314528771,0.4942338212327939,0.7642409293456782,0.7625685969640117,0.7615197632832599,0.7637845633681473,0.7593294514485143,0.49301673559259274,0.7591457569518728,0.7592199466180115,0.3226816050656566,0.3226816050656566,0.3226816050656566,0.48303089977959135,0.3226816050656566,0.3226816050656566,0.662741970472052,0.6623614495099029,0.48880989140784725,0.4884311455408897,0.7590574264661923,0.48289206508010546,0.628848258506115,0.764054905358963,0.49515550557105603,0.764054905358963,0.49483040124713584,0.7633244108809929,0.7629061691937901,0.49515550557105603,0.4927664263169716,0.49132740268574704,0.7586792557862598,0.48825539556154235,0.41482093351363686,0.5057136940128139,0.41482093351363686,0.41482093351363686,0.41482093351363686,0.5073286947646759,0.3479185187171089,0.5131319719057464,0.7585060118787919,0.7585060118787919,0.5340219132478804,0.30743492739893485,0.30743492739893485,0.5878693771727321,0.6270843167777058,0.4899115257672099,0.4899115257672099,0.48407920172581315,0.4843782998571824,0.8970399951570663,0.31915474156793866,0.33040235249000927,0.4888373253578965,0.7199862795784387,0.4852910686326122,0.4376622592435708,0.4862241888229743,0.4874692385807708,0.48560046685889924,0.48812354155007476,0.31822899477776306,0.3146692743576645,0.48754626097660303,0.48578821964202945,0.48560046685889924,0.4885244870004795
Eubacterium_G ventriosum,0.4290782959740555,0.3194823167557166,0.3194823167557166,0.3194823167557166,0.3194823167557166,0.3194823167557166,0.3194823167557166,0.3194823167557166,0.3194823167557166,0.3194823167557166,0.3194823167557166,0.3805608366240586,0.3805608366240586,0.423231489125772,0.47353140185439263,0.47353140185439263,0.3199772418056393,0.4292157910254533,0.4292157910254533,0.38815989522041283,0.8567083151092205,0.8567083151092205,0.7587676302959595,0.38868467846850135,0.3932603005379897,0.3892569887743539,0.43202479633990626,0.37919819407594246,0.3033599698593884,0.3033599698593884,0.4287718985333294,0.6566190045087941,0.6575659652977557,0.3292150503296351,0.0,0.30514945968239476,0.30514945968239476,0.3264580103237979,0.42742490545208284,0.5476691800893081,0.3377085821602006,0.42423789604392254,0.3461641731250768,0.4176946439004772,0.7524565548965292,0.43458736828758754,0.7894511921243246,0.7893492638857997,0.6653309975934617,0.43167700023691247,0.7883496697356532,0.6653309975934617,0.7890467993051147,0.7887170147970571,0.662669121670461,0.7919240155712389,0.790483323556594,0.7869842308677392,0.7890467993051147,0.4313848835081963,0.4326265672792209,0.43222341131868947,0.7887170147970571,0.43324607466659554,0.7919240155712389,0.7902220230147071,0.7889584169803319,0.7915174976212608,0.78675585915879,0.4313973180368004,0.7862784504380049,0.7867592681790713,0.3822836197022056,0.3822836197022056,0.3822836197022056,0.42039562881361786,0.3822836197022056,0.3822836197022056,0.6201038082793853,0.6196971061851735,0.42692261383317837,0.4267026753229692,0.786841080234909,0.4200062760027383,0.6623209556906973,0.7920154533549157,0.4341242561772758,0.7920154533549157,0.4336420949272203,0.7906461685104281,0.7903102640273574,0.4341242561772758,0.4317453394402104,0.4303889572494192,0.7868376715690831,0.4269665879398854,0.34329326421730055,0.4472459797280501,0.34329326421730055,0.34329326421730055,0.34329326421730055,0.44911907525989586,0.40804129215035356,0.455876155377653,0.7874135266187856,0.7874135266187856,0.5742106752886006,0.3776744354855148,0.3776744354855148,0.6258555989513047,0.5811378527756558,0.42904704095365653,0.42904704095365653,0.4206953761806235,0.421993939667511,0.9213038833030333,0.38015890639050287,0.3905021300216421,0.4275942957000701,0.7499644616975127,0.4221782151184356,0.4841512237186517,0.42408613860889555,0.42631908271137775,0.4229525635439577,0.4271675547796853,0.3851911865621779,0.3816516642754628,0.4242631836722372,0.4242442180923107,0.4229525635439577,0.4286905726594747
Bariatricus comes,0.4748379787180611,0.26554036565057965,0.26554036565057965,0.26554036565057965,0.26554036565057965,0.26554036565057965,0.26554036565057965,0.26554036565057965,0.26554036565057965,0.26554036565057965,0.26554036565057965,0.3413501974532986,0.3413501974532986,0.4713855552930621,0.5159727508378035,0.5159727508378035,0.26647805026527005,0.4753009214398673,0.4753009214398673,0.3485269905185164,0.8386448792393656,0.8386448792393656,0.7829044581082976,0.3444865446417788,0.35312167060963906,0.3485192949822318,0.47746849292879995,0.3377721119697567,0.23992215363119052,0.23992215363119052,0.47527270613477934,0.6341825433766721,0.6349940268697573,0.38813225539446394,0.30514945968239476,0.0,0.0,0.3837751018159074,0.47342377399907387,0.5819403450144929,0.39146250631310137,0.47149364841279523,0.3986050355553919,0.466708122003016,0.7313184746034745,0.4796094923193928,0.7696578841696063,0.7697972619227218,0.6419296048054914,0.47715382176055265,0.768800155436272,0.6419296048054914,0.7690547845131256,0.7693999687651143,0.6390359875179926,0.772082940957101,0.7713009367918539,0.7676934577287388,0.7690547845131256,0.47746287561936934,0.4784617178014695,0.4777717295620718,0.7693999687651143,0.4783383783598454,0.772082940957101,0.7706782422932371,0.769124531192558,0.7718397356758839,0.7671587390216212,0.4770132765407568,0.7672845887130798,0.7673859526216786,0.3417820727823828,0.3417820727823828,0.3417820727823828,0.467867532994082,0.3417820727823828,0.3417820727823828,0.595782008587219,0.5952956190819424,0.4736956288025756,0.4734860878445421,0.7678401781157037,0.46724226759457277,0.639371664168553,0.7720586238765107,0.47934658683327086,0.7720586238765107,0.47890995709016315,0.7712661626482586,0.7708661472481636,0.47934658683327086,0.47757520925437447,0.47517676156560984,0.7675641808182354,0.4731234195254705,0.2976748409917852,0.49206924344800224,0.2976748409917852,0.2976748409917852,0.2976748409917852,0.4939244008817432,0.3697729784529943,0.49947537960143606,0.7682522425848457,0.7682522425848457,0.5484423996436348,0.3380340462274761,0.3380340462274761,0.6558588156878331,0.6139618849593795,0.4758141476616253,0.4758141476616253,0.46941848250800733,0.4691784496658726,0.904477963842515,0.3352535306453355,0.34706177486622314,0.4735767115283892,0.7293500734118984,0.4693099114289621,0.5240599764712808,0.4701948909098092,0.47230071890805786,0.4689668903734395,0.4730553882619762,0.34336357197846185,0.33734305357525274,0.47066240058689673,0.4705427167448203,0.4689668903734395,0.47471369776260663
Bariatricus comes_A,0.4748379787180611,0.26554036565057965,0.26554036565057965,0.26554036565057965,0.26554036565057965,0.26554036565057965,0.26554036565057965,0.26554036565057965,0.26554036565057965,0.26554036565057965,0.26554036565057965,0.3413501974532986,0.3413501974532986,0.4713855552930621,0.5159727508378035,0.5159727508378035,0.26647805026527005,0.4753009214398673,0.4753009214398673,0.3485269905185164,0.8386448792393656,0.8386448792393656,0.7829044581082976,0.3444865446417788,0.35312167060963906,0.3485192949822318,0.47746849292879995,0.3377721119697567,0.23992215363119052,0.23992215363119052,0.47527270613477934,0.6341825433766721,0.6349940268697573,0.38813225539446394,0.30514945968239476,0.0,0.0,0.3837751018159074,0.47342377399907387,0.5819403450144929,0.39146250631310137,0.47149364841279523,0.3986050355553919,0.466708122003016,0.7313184746034745,0.4796094923193928,0.7696578841696063,0.7697972619227218,0.6419296048054914,0.47715382176055265,0.768800155436272,0.6419296048054914,0.7690547845131256,0.7693999687651143,0.6390359875179926,0.772082940957101,0.7713009367918539,0.7676934577287388,0.7690547845131256,0.47746287561936934,0.4784617178014695,0.4777717295620718,0.7693999687651143,0.4783383783598454,0.772082940957101,0.7706782422932371,0.769124531192558,0.7718397356758839,0.7671587390216212,0.4770132765407568,0.7672845887130798,0.7673859526216786,0.3417820727823828,0.3417820727823828,0.3417820727823828,0.467867532994082,0.3417820727823828,0.3417820727823828,0.595782008587219,0.5952956190819424,0.4736956288025756,0.4734860878445421,0.7678401781157037,0.46724226759457277,0.639371664168553,0.7720586238765107,0.47934658683327086,0.7720586238765107,0.47890995709016315,0.7712661626482586,0.7708661472481636,0.47934658683327086,0.47757520925437447,0.47517676156560984,0.7675641808182354,0.4731234195254705,0.2976748409917852,0.49206924344800224,0.2976748409917852,0.2976748409917852,0.2976748409917852,0.4939244008817432,0.3697729784529943,0.49947537960143606,0.7682522425848457,0.7682522425848457,0.5484423996436348,0.3380340462274761,0.3380340462274761,0.6558588156878331,0.6139618849593795,0.4758141476616253,0.4758141476616253,0.46941848250800733,0.4691784496658726,0.904477963842515,0.3352535306453355,0.34706177486622314,0.4735767115283892,0.7293500734118984,0.4693099114289621,0.5240599764712808,0.4701948909098092,0.47230071890805786,0.4689668903734395,0.4730553882619762,0.34336357197846185,0.33734305357525274,0.47066240058689673,0.4705427167448203,0.4689668903734395,0.47471369776260663
Anaerobutyricum hallii,0.49008668184208304,0.39712197430267054,0.39712197430267054,0.39712197430267054,0.39712197430267054,0.39712197430267054,0.39712197430267054,0.39712197430267054,0.39712197430267054,0.39712197430267054,0.39712197430267054,0.31244531446227575,0.31244531446227575,0.4843118495687971,0.42486963522707183,0.42486963522707183,0.396060212230236,0.4901632929430076,0.4901632929430076,0.3214574449835905,0.830691865040032,0.830691865040032,0.7278960724705196,0.3211402363860031,0.33148832552374324,0.32164928768764073,0.4922981154105081,0.31379012937251827,0.38386594360346366,0.38386594360346366,0.4896322412642656,0.619519631222459,0.62200829655215,0.242568147762172,0.3264580103237979,0.3837751018159074,0.3837751018159074,0.0,0.48643927005419874,0.5043062976920143,0.26173554509568275,0.48592070734075876,0.271592263603002,0.48015162936944245,0.7863125606735603,0.49493879308258276,0.7605329639640884,0.7605047508833488,0.6306030129636262,0.4917639151345807,0.7592764672122863,0.6306030129636262,0.760063785476838,0.7601237718017221,0.6280843496492935,0.7626916874793084,0.7617803466877237,0.7582832115525154,0.760063785476838,0.49182390529873016,0.4928045250604688,0.49241795826954193,0.7601237718017221,0.4930656942834449,0.7626916874793084,0.7612837527211459,0.7599014457968899,0.7623399475639618,0.757805561704196,0.49158390071693914,0.7576781375560838,0.7578657267712453,0.32011970532636763,0.32011970532636763,0.32011970532636763,0.4819246676509116,0.32011970532636763,0.32011970532636763,0.6619766582165563,0.661563264726348,0.48805760118617375,0.4878322376917455,0.7584883317041596,0.4815516458041029,0.6279647714759777,0.7627514671337781,0.49391354050726805,0.7627514671337781,0.49358761815659247,0.7615761131959864,0.76118509976069,0.49391354050726805,0.4916930082314814,0.4898020214126453,0.7581381793434033,0.4872711250865994,0.41543471286644507,0.5056129167232832,0.41543471286644507,0.41543471286644507,0.41543471286644507,0.5070378452912697,0.3476794603824934,0.5125305297432895,0.7576816774051212,0.7576816774051212,0.5331925730042368,0.30657003152878365,0.30657003152878365,0.5880107933634394,0.6270030475156416,0.4900374255239534,0.4900374255239534,0.483574747428077,0.48350818670457185,0.8964507885823482,0.3166490139027925,0.328929786260184,0.48805210575369934,0.71963975522331,0.4829476037492576,0.4355182735172314,0.4845499209235101,0.4867258971843716,0.48362466195901077,0.4873591854709155,0.31537592846996787,0.3129342275837059,0.48509206556614254,0.4850201832815407,0.48362466195901077,0.4886946520001289
Anaerobutyricum soehngenii,0.22784686773547305,0.4799113761434497,0.4799113761434497,0.4799113761434497,0.4799113761434497,0.4799113761434497,0.4799113761434497,0.4799113761434497,0.4799113761434497,0.4799113761434497,0.4799113761434497,0.5260113709058442,0.5260113709058442,0.2258962399306768,0.31496745434910095,0.31496745434910095,0.4789323580423757,0.22713948674314538,0.22713948674314538,0.5309595122792353,0.9298319870124928,0.9298319870124928,0.8405009230863559,0.5304136838560403,0.5308433180753195,0.5307220448272751,0.23376172683474178,0.524944621861187,0.47281720175395514,0.47281720175395514,0.22494439227562235,0.7499823428149164,0.7509615770858381,0.4884366367087627,0.42742490545208284,0.47342377399907387,0.47342377399907387,0.48643927005419874,0.0,0.6522419874871791,0.48887573030161424,0.22519464172327322,0.49551287396610333,0.21997716218648583,0.8355080703002957,0.23857691088027633,0.8677943016023565,0.8675531952479438,0.7560764290721819,0.23203431467229982,0.8664704818060326,0.7560764290721819,0.8673089294659259,0.8671821314966446,0.7543539993147901,0.8693536927565716,0.8667985320761002,0.8658233015690425,0.8673089294659259,0.23352065837551958,0.23592025842300895,0.23545368629544283,0.8671821314966446,0.23628377213386212,0.8693536927565716,0.8664240495660578,0.8670986202690826,0.868785842675155,0.8654979805388315,0.2335436279972124,0.8652314360033009,0.8655320675235544,0.5258328795804535,0.5258328795804535,0.5258328795804535,0.21656112203854314,0.5258328795804535,0.5258328795804535,0.7156257999730576,0.7152884121378514,0.22583686698567917,0.2260149390297885,0.8642296101263324,0.21780839795973417,0.7524672480857222,0.8694986819562447,0.23921684445112895,0.8694986819562447,0.23687329210545588,0.8685789789759926,0.8682423342108628,0.23921684445112895,0.2321383218908133,0.2347806504722403,0.8655289687622342,0.22506359338211537,0.4978402904079149,0.2613150696425057,0.4978402904079149,0.4978402904079149,0.4978402904079149,0.26438640899615645,0.54151797175813,0.2761752659103097,0.8653895130185146,0.8653895130185146,0.6790329964201142,0.5248270959910473,0.5248270959910473,0.7219319154926215,0.6836308445106789,0.227623101600444,0.227623101600444,0.22110815762191088,0.22025741126738063,0.988657559699123,0.5239320140194972,0.5294723269964757,0.22556355014788806,0.8317502114203632,0.22247464068952733,0.3273441005465669,0.21920768861914158,0.2260030719252659,0.22240229513213577,0.22367695511193222,0.5269741793711191,0.5253327812345475,0.22540892012196714,0.22439525161436008,0.22240229513213577,0.23079419332461124
Dorea formicigenerans,0.6523077774800322,0.5871846241772168,0.5871846241772168,0.5871846241772168,0.5871846241772168,0.5871846241772168,0.5871846241772168,0.5871846241772168,0.5871846241772168,0.5871846241772168,0.5871846241772168,0.5410522009092288,0.5410522009092288,0.6525832010362669,0.6101758557320429,0.6101758557320429,0.5851026379219966,0.6519787611282829,0.6519787611282829,0.5453429435668665,0.7242094142068726,0.7242094142068726,0.6065563550800684,0.5443879884527625,0.5436534046332374,0.544895209104285,0.6543316896170626,0.5380447717379507,0.5814469895377403,0.5814469895377403,0.6519417363979173,0.7595342890522218,0.7594283454655881,0.504428604686942,0.5476691800893081,0.5819403450144929,0.5819403450144929,0.5043062976920143,0.6522419874871791,0.0,0.5052998486082113,0.6525133284539442,0.5108427245588386,0.6500878113113502,0.6736159055290453,0.655911975801795,0.6413653077249732,0.6430108327828552,0.7652860336448162,0.6551591541934724,0.6416161676984738,0.7652860336448162,0.6423806855625427,0.6424015612595544,0.763373600720227,0.6448476711698754,0.641866929628722,0.6403064338835551,0.6423806855625427,0.6549667186272499,0.6558915301140151,0.6554865741737774,0.6424015612595544,0.6556788571673134,0.6448476711698754,0.6412105618194475,0.6416537882354589,0.6442151573627642,0.6395813726108432,0.6550649906604059,0.6397407050517347,0.6397952044090812,0.5407794893805647,0.5407794893805647,0.5407794893805647,0.6496007953410252,0.5407794893805647,0.5407794893805647,0.7895802823372918,0.7892201358858842,0.6521021617138175,0.6523776720777891,0.6378218837914439,0.6498113300811093,0.7612907988719915,0.6449682776832462,0.6564147391954375,0.6449682776832462,0.6561041341238246,0.6440860815772108,0.643540346434339,0.6564147391954375,0.6552533041947174,0.6553924576827891,0.6395729855933614,0.6518265348986895,0.6014274889242097,0.6648188399451259,0.6014274889242097,0.6014274889242097,0.6014274889242097,0.6662172680550807,0.555261164801546,0.6710388591752883,0.638721130439128,0.638721130439128,0.34937246466761823,0.5381195392933388,0.5381195392933388,0.7322237739290729,0.7622519872242193,0.6530351370506589,0.6530351370506589,0.6507517112983273,0.6504301549352527,0.7974522656053922,0.5385430260366897,0.5438753633816351,0.6519252802872451,0.5933686747636683,0.6513325834012752,0.6162380058577499,0.6501909458306341,0.6521926406372892,0.6511431359777987,0.6517524660393349,0.5419684962526982,0.5403825723838025,0.6523653382811574,0.6516207672787345,0.6511431359777987,0.6541308102612171
Coprococcus_A catus,0.4892925042309325,0.398988384084168,0.398988384084168,0.398988384084168,0.398988384084168,0.398988384084168,0.398988384084168,0.398988384084168,0.398988384084168,0.398988384084168,0.398988384084168,0.3211068277787464,0.3211068277787464,0.4889141322285657,0.43121698227790506,0.43121698227790506,0.3965407242712776,0.48996079474218607,0.48996079474218607,0.3316824527135944,0.8330937898312284,0.8330937898312284,0.7327547039284976,0.33075933382165523,0.32209092497929603,0.3288645483011409,0.49220548957934435,0.32486851574602543,0.38971147901812786,0.38971147901812786,0.48901286619320095,0.6240445188896747,0.627490505204551,0.2611713376167417,0.3377085821602006,0.39146250631310137,0.39146250631310137,0.26173554509568275,0.48887573030161424,0.5052998486082113,0.0,0.48911706375585545,0.27523163960083796,0.4865495312406579,0.7893458660511701,0.4943694708160305,0.7633946811096192,0.7639215017878301,0.6342628927174951,0.4928698303404861,0.7626565207878406,0.6342628927174951,0.7630327202769878,0.7631276198171685,0.63175882059053,0.7652720148495477,0.7624454865767698,0.7612661370587032,0.7630327202769878,0.4930928914556831,0.49376690207212937,0.49312008712790906,0.7631276198171685,0.49377776567183745,0.7652720148495477,0.7623786468983947,0.7623505021227246,0.7645777632166845,0.7606422797678595,0.4924833148098824,0.7607551054116392,0.7607656819578683,0.3270079971780114,0.3270079971780114,0.3270079971780114,0.4860862661832842,0.3270079971780114,0.3270079971780114,0.6628471823842302,0.6623938427829147,0.4890731938036399,0.48887024406579976,0.7592340771610456,0.4854402673955877,0.6291382154065649,0.7653736452977511,0.4947328282909105,0.7653736452977511,0.4944725396112328,0.7647987298232793,0.7643321698428509,0.4947328282909105,0.4923961708283442,0.4935387112402219,0.7605012241746638,0.4887166044585098,0.41913050953031233,0.5058621713190116,0.41913050953031233,0.41913050953031233,0.41913050953031233,0.5076035264561304,0.34357440893687835,0.5142075791528111,0.7611322447005908,0.7611322447005908,0.5380248319683908,0.3219410028939162,0.3219410028939162,0.5910997780026266,0.6289037017786914,0.49061177486610097,0.49061177486610097,0.48723809833926957,0.48690770765550745,0.8986590674397569,0.32273147215237785,0.3316662797875925,0.4899443723010279,0.7223813066169977,0.48795867393245945,0.44004575865381285,0.48657709263323784,0.4892925042309325,0.4875737660264101,0.4884201630199367,0.32654837022924516,0.32377690681298904,0.4895884174749348,0.488672698555586,0.4875737660264101,0.4915893566678021
Eubacterium_I ramulus,0.2266903370870036,0.47945288513405215,0.47945288513405215,0.47945288513405215,0.47945288513405215,0.47945288513405215,0.47945288513405215,0.47945288513405215,0.47945288513405215,0.47945288513405215,0.47945288513405215,0.5232712304453918,0.5232712304453918,0.21897509446301522,0.3110774428936865,0.3110774428936865,0.4791227238499778,0.22810569113126614,0.22810569113126614,0.5265057306293165,0.9288507494628419,0.9288507494628419,0.8392171443829113,0.5275642392560259,0.5307826849148619,0.529082135297952,0.2343118091174701,0.5234096030131195,0.470508515769591,0.470508515769591,0.22891555720448145,0.7483139868881826,0.749252446747957,0.48535185885024273,0.42423789604392254,0.47149364841279523,0.47149364841279523,0.48592070734075876,0.22519464172327322,0.6525133284539442,0.48911706375585545,0.0,0.49397326961205906,0.2135680799719055,0.8342680477962879,0.2381268078270292,0.8669470423090578,0.8667614005419811,0.755423433527074,0.23357807819452292,0.8657830303575773,0.755423433527074,0.8664611955570959,0.8664395272558595,0.753400534527958,0.8685882425832876,0.8674109729048509,0.8646577768265568,0.8664611955570959,0.23439192159026412,0.23766456753505427,0.2363178228757899,0.8664395272558595,0.2369864932073086,0.8685882425832876,0.8670800611262227,0.866188754630194,0.8675253709719837,0.8644499252778279,0.23462066363902975,0.8643258109726666,0.864453027907141,0.5240958003590127,0.5240958003590127,0.5240958003590127,0.21306515196906742,0.5240958003590127,0.5240958003590127,0.7157906872587068,0.7153783977855772,0.22576559884095426,0.2267021682154836,0.8643599441831864,0.2128258448331445,0.7528022244055992,0.868010622079171,0.23937375942008593,0.868010622079171,0.2369638573131639,0.8677139402614128,0.8673151142585344,0.23937375942008593,0.2307244564463537,0.22772912349334032,0.8643382232051793,0.22587249262549366,0.49553993682755576,0.26240077170307896,0.49553993682755576,0.49553993682755576,0.49553993682755576,0.26545954989411596,0.5422900703076242,0.27652465843028584,0.8639316298763634,0.8639316298763634,0.6779340513075384,0.5230046319802193,0.5230046319802193,0.7203326372340338,0.6824214056665382,0.22954737236412048,0.22954737236412048,0.2147827899207731,0.21475781372557026,0.9876858845030789,0.5227327667065771,0.5297356704943822,0.22639435793337817,0.83139542833106,0.2158416066694055,0.3237354856367717,0.2172412197365151,0.21935446311742068,0.21722887332863172,0.22415607519634564,0.5243618440476232,0.5227532897731407,0.222992430329294,0.21833725393532064,0.21722887332863172,0.22756417920511018
Clostridium_Q symbiosum,0.49585916704746164,0.404529320283768,0.404529320283768,0.404529320283768,0.404529320283768,0.404529320283768,0.404529320283768,0.404529320283768,0.404529320283768,0.404529320283768,0.404529320283768,0.33521352759883116,0.33521352759883116,0.4946515027916035,0.4340810071710097,0.4340810071710097,0.4039653681267343,0.4963673470055427,0.4963673470055427,0.33987771652426885,0.836178714054708,0.836178714054708,0.737563149307069,0.3372476331357872,0.3396172042246117,0.34040602213173704,0.49692358578203777,0.3240584304022637,0.39766865380314037,0.39766865380314037,0.4964267808731959,0.6311046894665673,0.6308156364643388,0.2710089908011504,0.3461641731250768,0.3986050355553919,0.3986050355553919,0.271592263603002,0.49551287396610333,0.5108427245588386,0.27523163960083796,0.49397326961205906,0.0,0.4928807137125815,0.7925266331457206,0.4991423422623128,0.7669139721693016,0.7672775976050882,0.6376452472605888,0.4991530888706109,0.7659761418303384,0.6376452472605888,0.7655593488426742,0.7665991570958751,0.6362008799311374,0.7686012768235918,0.765541831564748,0.7650196326063629,0.7655593488426742,0.4994055675933451,0.5005106740215897,0.49981892731953814,0.7665991570958751,0.5002426686723559,0.7686012768235918,0.7665256816411841,0.7661687006314645,0.7675886402820482,0.7637459352721088,0.49941630853747204,0.764995091002746,0.7649635363554662,0.33004498504252333,0.33004498504252333,0.33004498504252333,0.4925758883977428,0.33004498504252333,0.33004498504252333,0.6681508826538888,0.6677493448090829,0.4954803965811914,0.4959727417808632,0.7625545282114143,0.4920474405660097,0.6321068479952344,0.7672845887130798,0.5012817288581042,0.7672845887130798,0.5004249279260898,0.7671797154038528,0.7668265365021892,0.5012817288581042,0.49772714182452693,0.4981365101329686,0.7649389929521084,0.4957672065398301,0.42466126519094655,0.5109057241551348,0.42466126519094655,0.42466126519094655,0.42466126519094655,0.5121379043239025,0.3568089362746012,0.5181151141249806,0.7633981944512571,0.7633981944512571,0.5447524471724026,0.32977670531332226,0.32977670531332226,0.5974992093211399,0.6345672821041728,0.4966212419817341,0.4966212419817341,0.49206924344800224,0.493669118916942,0.9010673385697868,0.3322480091540859,0.33345668584415894,0.4956806398888228,0.7258186265817925,0.49344631828392765,0.44229515411384573,0.4918947933329461,0.4942772331498045,0.49322885482165263,0.49445626701927425,0.33462893852976655,0.33300595972920954,0.4956860507474211,0.4938809579509339,0.49322885482165263,0.49753311295777763
Bacteroides_F pectinophilus,0.22070750005957235,0.4755491439386678,0.4755491439386678,0.4755491439386678,0.4755491439386678,0.4755491439386678,0.4755491439386678,0.4755491439386678,0.4755491439386678,0.4755491439386678,0.4755491439386678,0.5185807984616588,0.5185807984616588,0.20767215907812253,0.3008118377046078,0.3008118377046078,0.4756111793215157,0.2218952157906812,0.2218952157906812,0.5249701674818247,0.9267491469516919,0.9267491469516919,0.8358835687461686,0.5252766180259899,0.5285495914938529,0.5246584259325169,0.22881008506051304,0.5182548633628619,0.4651711990583236,0.4651711990583236,0.22020869791695244,0.7451712528762369,0.7456605929179223,0.48298647701775743,0.4176946439004772,0.466708122003016,0.466708122003016,0.48015162936944245,0.21997716218648583,0.6500878113113502,0.4865495312406579,0.2135680799719055,0.4928807137125815,0.0,0.8309856267331335,0.23262307404797894,0.8637515503267518,0.8639005843562144,0.7519823373751092,0.2247177359746866,0.8626329743861566,0.7519823373751092,0.8632701189197042,0.8636273356561746,0.7496783058156821,0.8658573757465604,0.8648934882662049,0.861833547291996,0.8632701189197042,0.2251350837518729,0.22767022853709812,0.22654831535201048,0.8636273356561746,0.22790571704495854,0.8658573757465604,0.8644437199857941,0.8631458349666965,0.8655723504111983,0.8614942666291256,0.2248728412822598,0.8611704246876547,0.86149737990306,0.5193818316088451,0.5193818316088451,0.5193818316088451,0.20225471473756862,0.5193818316088451,0.5193818316088451,0.7126249600921738,0.7121731786219692,0.21762361095950566,0.2169941581079238,0.861858443363968,0.2010977101314971,0.7498428587909926,0.8660091444314222,0.22964082676895473,0.8660091444314222,0.22854032399296775,0.8647136090268972,0.8644188983722076,0.22964082676895473,0.2262758578687648,0.22191938869949418,0.8617557424313181,0.21555561657039188,0.4922981154105081,0.2556601388699798,0.4922981154105081,0.4922981154105081,0.4922981154105081,0.2586742053372298,0.5389313446083455,0.27001751535196183,0.8621509183583117,0.8621509183583117,0.674161164740498,0.5179390799653468,0.5179390799653468,0.7172093968392437,0.6790211467931853,0.22105963174453028,0.22105963174453028,0.2052167202119509,0.2050336660765753,0.9860797111604122,0.5179960387398277,0.5252970417056907,0.21738932193738075,0.828451339651934,0.20559538530577806,0.31758781163423944,0.20858710398751615,0.21427019601868202,0.20663638125364125,0.21647441087509164,0.5215256190427434,0.5193715035650247,0.2108125735737461,0.20995843270272502,0.20663638125364125,0.21907305894368512
Ruminococcus_B gnavus,0.8356107874940052,0.7378576386806014,0.7378576386806014,0.7378576386806014,0.7378576386806014,0.7378576386806014,0.7378576386806014,0.7378576386806014,0.7378576386806014,0.7378576386806014,0.7378576386806014,0.7649600302031986,0.7649600302031986,0.8328297561727882,0.8581972210330002,0.8581972210330002,0.7378830828621752,0.8358546902392736,0.8358546902392736,0.7685733599175805,0.511477615128495,0.511477615128495,0.4202105716436891,0.7667495848674044,0.7704519996212329,0.7675571922568406,0.8368199751646749,0.7648443181615908,0.7310947260461151,0.7310947260461151,0.8358771513864144,0.5644591389130146,0.565778536008082,0.7873113345765891,0.7524565548965292,0.7313184746034745,0.7313184746034745,0.7863125606735603,0.8355080703002957,0.6736159055290453,0.7893458660511701,0.8342680477962879,0.7925266331457206,0.8309856267331335,0.0,0.8377809465064483,0.39460157189335393,0.39202391985370993,0.5725220024390756,0.8368135649860385,0.3930624680311627,0.5725220024390756,0.3909483124087846,0.39438401070692286,0.5689363766323072,0.39803268967088096,0.39656777804748317,0.38991789036662583,0.3909483124087846,0.8368488203609098,0.8376304671602396,0.8371916815476202,0.39438401070692286,0.8375856382993512,0.39803268967088096,0.3962091655949746,0.3917570064251126,0.397020654751512,0.38937410516670634,0.836803949626014,0.3896495342915961,0.38967018362790357,0.7658115532160189,0.7658115532160189,0.7658115532160189,0.831792130332204,0.7658115532160189,0.7658115532160189,0.5222296996346204,0.5215719016806367,0.8347501406535647,0.8346955174531908,0.3897665327325496,0.8315180068760428,0.5697842984430849,0.3990085501202222,0.8379249971527495,0.3990085501202222,0.8375151880985354,0.39755398092951605,0.39657454120316393,0.8379249971527495,0.8371564406117465,0.8363615235663137,0.38705276263112265,0.8347983346269191,0.7481813614412947,0.8449121295461569,0.7481813614412947,0.7481813614412947,0.7481813614412947,0.8458100021187731,0.7777349911587833,0.849316214565775,0.38822207763387295,0.38822207763387295,0.6434986682495993,0.7638442574924337,0.7638442574924337,0.5869653345053676,0.54282889768075,0.8360696507521328,0.8360696507521328,0.8320661634786416,0.8325946313681898,0.6168252908531888,0.7639811852123516,0.7686919997660899,0.8351580950537891,0.8017858761764639,0.8331324218845071,0.8632576913296005,0.8331935856388983,0.8340944261561728,0.8329006026870387,0.835119556706756,0.7656854614133505,0.7642479482321886,0.8335218617036866,0.8333834865797072,0.8329006026870387,0.8354759685874291
Hungatella effluvii,0.23704307348582934,0.48312528458628357,0.48312528458628357,0.48312528458628357,0.48312528458628357,0.48312528458628357,0.48312528458628357,0.48312528458628357,0.48312528458628357,0.48312528458628357,0.48312528458628357,0.5303732297749186,0.5303732297749186,0.23687329210545588,0.32485200358480376,0.32485200358480376,0.48359693230008904,0.23787888812646754,0.23787888812646754,0.5351507604870813,0.9321971288852553,0.9321971288852553,0.8439815235977998,0.5330215183062375,0.5318679815297996,0.5333283714761435,0.23779995038142815,0.5303782867038023,0.4780579431019017,0.4780579431019017,0.23988861450281934,0.7539165513831214,0.7544926493588394,0.49410899072550857,0.43458736828758754,0.4796094923193928,0.4796094923193928,0.49493879308258276,0.23857691088027633,0.655911975801795,0.4943694708160305,0.2381268078270292,0.4991423422623128,0.23262307404797894,0.8377809465064483,0.0,0.8706115174187559,0.8705930331631972,0.759477787645136,0.24374837398812887,0.869649815171469,0.759477787645136,0.8702386757202607,0.8701677869151241,0.7577701682568342,0.8720982148178885,0.8699273383887645,0.8686469098020116,0.8702386757202607,0.24347313239309173,0.24682097674596018,0.24491196212100474,0.8701677869151241,0.24538241058435956,0.8720982148178885,0.8698687575269616,0.8695665409347654,0.8716429331046032,0.8683411792350718,0.24437476564865906,0.8683844203951985,0.8686530850682269,0.5313079424247007,0.5313079424247007,0.5313079424247007,0.2308406728726254,0.5313079424247007,0.5313079424247007,0.7193005214126384,0.7189499360012317,0.23634052064493177,0.23700912693958,0.8672810973533848,0.2307128315839482,0.7559345215025289,0.8720397797886791,0.24786196255196644,0.8720397797886791,0.24682097674596018,0.8715660039300769,0.8712982374555794,0.24786196255196644,0.24536054926215625,0.24540426995909306,0.8685326594574588,0.23770970371769176,0.5001997744907364,0.2670913029604082,0.5001997744907364,0.5001997744907364,0.5001997744907364,0.2706524780520253,0.5442795887979253,0.2807121119353498,0.8690790724704397,0.8690790724704397,0.6827711064590399,0.5294723269964757,0.5294723269964757,0.7244797155266361,0.6875390260948918,0.23798034103917798,0.23798034103917798,0.23092198957042015,0.23385349707160105,0.9912016457252414,0.5283719576150355,0.5336551519897775,0.2375516895578797,0.834624823298974,0.23580654546589294,0.335717217638782,0.2318030204414982,0.2376758523843061,0.23607936454533437,0.23847571176188223,0.5313584205914028,0.5306310717023327,0.23866682962873623,0.23671471961651872,0.23607936454533437,0.2428554592310121
Bacteroides uniformis,0.8684554547699572,0.7750854257896183,0.7750854257896183,0.7750854257896183,0.7750854257896183,0.7750854257896183,0.7750854257896183,0.7750854257896183,0.7750854257896183,0.7750854257896183,0.7750854257896183,0.7391033734790937,0.7391033734790937,0.8661639830239707,0.8340043858909233,0.8340043858909233,0.7745765862450941,0.8683998631448622,0.8683998631448622,0.7422284377519756,0.4760282981339231,0.4760282981339231,0.37067129585628866,0.7418236108198106,0.7440942929249554,0.7424488309989093,0.8692487918772712,0.7382791719784851,0.7686850214583515,0.7686850214583515,0.867865384278063,0.5282805797909543,0.5283415000963414,0.7621077102896969,0.7894511921243246,0.7696578841696063,0.7696578841696063,0.7605329639640884,0.8677943016023565,0.6413653077249732,0.7633946811096192,0.8669470423090578,0.7669139721693016,0.8637515503267518,0.39460157189335393,0.8706115174187559,0.0,0.32023698063776146,0.5247708786619096,0.8669315736801335,0.32144075759836976,0.5247708786619096,0.3263511890890019,0.3157329098265541,0.5247657676969895,0.32475291298659054,0.33551743113372295,0.3223988792138655,0.3263511890890019,0.8668913539531613,0.8674233409908153,0.8668387561098371,0.3157329098265541,0.8673986046425319,0.32475291298659054,0.3341797934982905,0.32544591358899144,0.32556127027262144,0.32320482573999626,0.8668232855485246,0.32315503169798965,0.322831183217214,0.7363512334047654,0.7363512334047654,0.7363512334047654,0.8627573322189688,0.7363512334047654,0.7363512334047654,0.5694594109754555,0.569157900296269,0.865448397073495,0.8655940404203584,0.32954076403812105,0.8622877874615257,0.5301354997052352,0.3353575162344365,0.8686222082981342,0.3353575162344365,0.8686530850682269,0.33368985830955566,0.333440598974099,0.8686222082981342,0.868591330430431,0.8660803736221208,0.3269669853264451,0.8667211729182166,0.7833873466991439,0.8762952964749242,0.7833873466991439,0.7833873466991439,0.7833873466991439,0.8772038518404728,0.7507043837760221,0.880219502695826,0.32590709533664886,0.32590709533664886,0.6131050674773295,0.7385152707974798,0.7385152707974798,0.5538440815401129,0.5929210182120068,0.8680446103957288,0.8680446103957288,0.8648779829087878,0.8647725391055047,0.5813685674146868,0.7372321629055462,0.742098338893426,0.8670738746569925,0.7767618860293014,0.8644157956203942,0.8383793946900742,0.8650578279683594,0.8662909300184413,0.8647260156929767,0.8667397397458028,0.7385043755903743,0.7384244724929708,0.8658263992769563,0.8653957115287699,0.8647260156929767,0.8677263040290499
Bacteroides caccae,0.8686777856941003,0.7748223940057706,0.7748223940057706,0.7748223940057706,0.7748223940057706,0.7748223940057706,0.7748223940057706,0.7748223940057706,0.7748223940057706,0.7748223940057706,0.7748223940057706,0.7390017595572271,0.7390017595572271,0.8660029503118796,0.8338435755201276,0.8338435755201276,0.7749643038212147,0.8685110428367456,0.8685110428367456,0.7428136006393798,0.47480973590285963,0.47480973590285963,0.3706857670072382,0.7408685006763783,0.7440005705602345,0.7422681856327547,0.8695387810836352,0.7381701778233624,0.7686989780104788,0.7686989780104788,0.8679951724044085,0.5282196524595442,0.5290213002816192,0.7620795555079193,0.7893492638857997,0.7697972619227218,0.7697972619227218,0.7605047508833488,0.8675531952479438,0.6430108327828552,0.7639215017878301,0.8667614005419811,0.7672775976050882,0.8639005843562144,0.39202391985370993,0.8705930331631972,0.32023698063776146,0.0,0.5238705809403132,0.8669439486053532,0.3220742704160864,0.5238705809403132,0.32131557458467874,0.3182879861574111,0.5233019830668779,0.32463726906121926,0.3341236079173175,0.31974245763433645,0.32131557458467874,0.866458100118667,0.8674171569698769,0.8671852243506262,0.3182879861574111,0.8672872823444695,0.32463726906121926,0.33382646989618303,0.32346197284389827,0.32556127027262144,0.3213739993925411,0.8669470423090578,0.32205761499161933,0.32104835435064094,0.7351774508596407,0.7351774508596407,0.7351774508596407,0.8623095600885844,0.7351774508596407,0.7351774508596407,0.5698925531070457,0.5694123104558696,0.865429802541598,0.8658666684713454,0.3284483517011857,0.8624743921440334,0.5300849050839859,0.3345086909585857,0.8688877126632581,0.3345086909585857,0.8686777856941003,0.3302643245435941,0.33048351847066965,0.8688877126632581,0.8687704067864355,0.8663466569693069,0.3255365544245017,0.8666840380697823,0.783435276840451,0.8761238807983018,0.783435276840451,0.783435276840451,0.783435276840451,0.876861342200559,0.7505686073312798,0.8801768429675584,0.32374377029598356,0.32374377029598356,0.6121857179975188,0.7388202713648104,0.7388202713648104,0.5534274570244502,0.5934274328640017,0.8677479401985291,0.8677479401985291,0.8645243853081375,0.8645864304348381,0.5823273592525807,0.7361472317530787,0.7412449031005907,0.8670367549146372,0.7754832647739193,0.8640682169134811,0.8382258230821535,0.865138436031408,0.8664457182543644,0.8648624772733888,0.8666221431196538,0.7394770473931791,0.7376758690035938,0.8653740165486314,0.8653089283446038,0.8648624772733888,0.8677695758285517
Bacteroides cellulosilyticus,0.7571823953532995,0.6477318888056837,0.6477318888056837,0.6477318888056837,0.6477318888056837,0.6477318888056837,0.6477318888056837,0.6477318888056837,0.6477318888056837,0.6477318888056837,0.6477318888056837,0.6042215715136673,0.6042215715136673,0.7541548674928911,0.717504764003765,0.717504764003765,0.6476532104615237,0.7570477807401856,0.7570477807401856,0.6071839263974943,0.6289463471241107,0.6289463471241107,0.5550727515222371,0.6073782535246801,0.6102549709162628,0.6081240690489625,0.7582761374541814,0.6036042505896827,0.6407377280961633,0.6407377280961633,0.7564771741311964,0.31366189299449504,0.3141745244538722,0.6327811362032105,0.6653309975934617,0.6419296048054914,0.6419296048054914,0.6306030129636262,0.7560764290721819,0.7652860336448162,0.6342628927174951,0.755423433527074,0.6376452472605888,0.7519823373751092,0.5725220024390756,0.759477787645136,0.5247708786619096,0.5238705809403132,0.0,0.7547663195321735,0.5263019272112025,0.0,0.5264191238175285,0.523604287640649,0.3025543490345445,0.530752365737108,0.5321805396343182,0.5245919652617822,0.5264191238175285,0.754734337230859,0.755657725091627,0.7553346677448883,0.523604287640649,0.7551677598276568,0.530752365737108,0.5321553401409814,0.5277218159563187,0.5312372649333059,0.525720654015291,0.7553311168966222,0.5256288152761294,0.5267654656292475,0.600423260552675,0.600423260552675,0.600423260552675,0.7504113618089774,0.600423260552675,0.600423260552675,0.37916990098177317,0.3786744296381523,0.7535535970727254,0.7540695091857578,0.5291632377737083,0.7504149359367697,0.31642023653852147,0.5338611722063135,0.7572815697562297,0.5338611722063135,0.7570265236131081,0.5281231698096776,0.5310049726552873,0.7572815697562297,0.757239068031143,0.7545992859034415,0.5293507396570748,0.7550647556856567,0.6581000696783322,0.765965637230773,0.6581000696783322,0.6581000696783322,0.6581000696783322,0.7668230388681351,0.618106675425726,0.7704519996212329,0.5274879755663229,0.5274879755663229,0.7397997786730827,0.6036975553822931,0.6036975553822931,0.3535770961941244,0.41333765577336623,0.7563140646003771,0.7563140646003771,0.7525991182602049,0.7526632629640667,0.7152584144061724,0.6022163050727819,0.607969685331673,0.7554837883015951,0.8802377848036177,0.7522105695900502,0.7222959066858212,0.7531050002446522,0.754400218827504,0.7528806015960463,0.7550221291716257,0.6046697330986883,0.6035509270891289,0.7536247783618089,0.7533435730842196,0.7528806015960463,0.7564736286457965
Bacteroides timonensis,0.23428891480805814,0.48330290010096677,0.48330290010096677,0.48330290010096677,0.48330290010096677,0.48330290010096677,0.48330290010096677,0.48330290010096677,0.48330290010096677,0.48330290010096677,0.48330290010096677,0.5285495914938529,0.5285495914938529,0.23155991285448635,0.3190706937584156,0.3190706937584156,0.4825753726138006,0.23454062929808975,0.23454062929808975,0.5341775850064958,0.9314545279811188,0.9314545279811188,0.8423656133316169,0.5323367498679005,0.5334188845842199,0.5324929142762043,0.23964251746815676,0.5283922616521493,0.47550402221321203,0.47550402221321203,0.23273834241343344,0.7524351680622463,0.7531691018643658,0.4931635970840645,0.43167700023691247,0.47715382176055265,0.47715382176055265,0.4917639151345807,0.23203431467229982,0.6551591541934724,0.4928698303404861,0.23357807819452292,0.4991530888706109,0.2247177359746866,0.8368135649860385,0.24374837398812887,0.8669315736801335,0.8669439486053532,0.7547663195321735,0.0,0.8655506598585039,0.7547663195321735,0.8657582471425225,0.8663930933569505,0.7531762239297918,0.8685480995714381,0.8649244981471534,0.8648531737587118,0.8657582471425225,0.2243474367296037,0.22610985344406356,0.22349702027860166,0.8663930933569505,0.22591998473969083,0.8685480995714381,0.8648903872169594,0.8660060473771888,0.8678252078289399,0.8647136090268972,0.22534941878256712,0.8643599441831864,0.8649151952996078,0.5253583079808822,0.5253583079808822,0.5253583079808822,0.21729059835284473,0.5253583079808822,0.5253583079808822,0.7142189658772632,0.7139560498168214,0.2224264129324704,0.22435939140612243,0.8632141933552543,0.21855825554230313,0.7515506464512537,0.8691870795636883,0.23565863659070674,0.8691870795636883,0.23157149519351347,0.8679024685803673,0.8674357089004331,0.23565863659070674,0.23337130072776446,0.23321034705522636,0.8653585198012443,0.23074770441421424,0.4985885787961357,0.26330889444486905,0.4985885787961357,0.4985885787961357,0.4985885787961357,0.26613562396602986,0.5422455560439469,0.27819756253765304,0.865739659265648,0.865739659265648,0.6813318624223068,0.527879345618561,0.527879345618561,0.7236129132925571,0.6861410558332133,0.2338420277615536,0.2338420277615536,0.22544461338762942,0.2253018063969137,0.9902053812896646,0.5270708723487996,0.5321250991737478,0.23190713139237573,0.8335250794564982,0.2252422767617168,0.3298498941520958,0.22389268603021253,0.2318492977468987,0.22817622837702714,0.22923168246286377,0.5294875234507507,0.5281180912872039,0.22989763049830572,0.22930187333436217,0.22817622837702714,0.23763070977186015
Bacteroides stercoris,0.8673429452795091,0.7738525580870315,0.7738525580870315,0.7738525580870315,0.7738525580870315,0.7738525580870315,0.7738525580870315,0.7738525580870315,0.7738525580870315,0.7738525580870315,0.7738525580870315,0.7377231334281004,0.7377231334281004,0.8649244981471534,0.8328587395661193,0.8328587395661193,0.7732388557205393,0.8674666279030092,0.8674666279030092,0.7414330326547867,0.4744819963909915,0.4744819963909915,0.36508666712916754,0.740854019840978,0.7429471842999193,0.7410892983563947,0.8685203071686451,0.7374431384394001,0.7679519462623836,0.7679519462623836,0.8668140030792031,0.5265923231971829,0.5237835384107116,0.7612485209886255,0.7883496697356532,0.768800155436272,0.768800155436272,0.7592764672122863,0.8664704818060326,0.6416161676984738,0.7626565207878406,0.8657830303575773,0.7659761418303384,0.8626329743861566,0.3930624680311627,0.869649815171469,0.32144075759836976,0.3220742704160864,0.5263019272112025,0.8655506598585039,0.0,0.5263019272112025,0.32410808565148663,0.3183722405957552,0.5199908231048388,0.32749973880493544,0.32109012217158794,0.3120845725763799,0.32410808565148663,0.8655103759613307,0.8661918510311607,0.8660525020277889,0.3183722405957552,0.8661113410083334,0.32749973880493544,0.3195914338720102,0.3109998362900466,0.3282523118816608,0.31313985736884614,0.8657148748089889,0.2966187890147515,0.3145328693555975,0.732897440153561,0.732897440153561,0.732897440153561,0.8612202544508747,0.732897440153561,0.732897440153561,0.5682524083830112,0.5679219219966286,0.8643692530066692,0.8647508284911364,0.3061322867363942,0.8613230192331092,0.5171254391278373,0.3218743484412569,0.8676459363901731,0.3218743484412569,0.8674604441906579,0.3231384319788726,0.30292644026061116,0.8676459363901731,0.8673429452795091,0.8649772123933677,0.3187426955416771,0.8656312220287727,0.7826611886583602,0.8752601702466083,0.7826611886583602,0.7826611886583602,0.7826611886583602,0.8760350987834882,0.7493455122487457,0.8792988122029336,0.3282523118816608,0.3282523118816608,0.6112386587937657,0.7374976912547483,0.7374976912547483,0.5521076912644992,0.5903006505484328,0.8666530911472726,0.8666530911472726,0.8633633201434396,0.8634813605854059,0.5818850362535556,0.736416793362561,0.7413245022000896,0.8659224227258148,0.7762437799045355,0.8630308563753776,0.837175663124306,0.8638353851321351,0.8652810319012244,0.863546586538936,0.8655258699898198,0.7384390009719494,0.7374358644257736,0.8644188983722076,0.8643165016813062,0.863546586538936,0.8666685647466587
Bacteroides sp900552405,0.7571823953532995,0.6477318888056837,0.6477318888056837,0.6477318888056837,0.6477318888056837,0.6477318888056837,0.6477318888056837,0.6477318888056837,0.6477318888056837,0.6477318888056837,0.6477318888056837,0.6042215715136673,0.6042215715136673,0.7541548674928911,0.717504764003765,0.717504764003765,0.6476532104615237,0.7570477807401856,0.7570477807401856,0.6071839263974943,0.6289463471241107,0.6289463471241107,0.5550727515222371,0.6073782535246801,0.6102549709162628,0.6081240690489625,0.7582761374541814,0.6036042505896827,0.6407377280961633,0.6407377280961633,0.7564771741311964,0.31366189299449504,0.3141745244538722,0.6327811362032105,0.6653309975934617,0.6419296048054914,0.6419296048054914,0.6306030129636262,0.7560764290721819,0.7652860336448162,0.6342628927174951,0.755423433527074,0.6376452472605888,0.7519823373751092,0.5725220024390756,0.759477787645136,0.5247708786619096,0.5238705809403132,0.0,0.7547663195321735,0.5263019272112025,0.0,0.5264191238175285,0.523604287640649,0.3025543490345445,0.530752365737108,0.5321805396343182,0.5245919652617822,0.5264191238175285,0.754734337230859,0.755657725091627,0.7553346677448883,0.523604287640649,0.7551677598276568,0.530752365737108,0.5321553401409814,0.5277218159563187,0.5312372649333059,0.525720654015291,0.7553311168966222,0.5256288152761294,0.5267654656292475,0.600423260552675,0.600423260552675,0.600423260552675,0.7504113618089774,0.600423260552675,0.600423260552675,0.37916990098177317,0.3786744296381523,0.7535535970727254,0.7540695091857578,0.5291632377737083,0.7504149359367697,0.31642023653852147,0.5338611722063135,0.7572815697562297,0.5338611722063135,0.7570265236131081,0.5281231698096776,0.5310049726552873,0.7572815697562297,0.757239068031143,0.7545992859034415,0.5293507396570748,0.7550647556856567,0.6581000696783322,0.765965637230773,0.6581000696783322,0.6581000696783322,0.6581000696783322,0.7668230388681351,0.618106675425726,0.7704519996212329,0.5274879755663229,0.5274879755663229,0.7397997786730827,0.6036975553822931,0.6036975553822931,0.3535770961941244,0.41333765577336623,0.7563140646003771,0.7563140646003771,0.7525991182602049,0.7526632629640667,0.7152584144061724,0.6022163050727819,0.607969685331673,0.7554837883015951,0.8802377848036177,0.7522105695900502,0.7222959066858212,0.7531050002446522,0.754400218827504,0.7528806015960463,0.7550221291716257,0.6046697330986883,0.6035509270891289,0.7536247783618089,0.7533435730842196,0.7528806015960463,0.7564736286457965
Bacteroides intestinalis_A,0.8680878663285314,0.7746666094060325,0.7746666094060325,0.7746666094060325,0.7746666094060325,0.7746666094060325,0.7746666094060325,0.7746666094060325,0.7746666094060325,0.7746666094060325,0.7746666094060325,0.7383590907998927,0.7383590907998927,0.8655909418808972,0.8326107379250176,0.8326107379250176,0.7742198531592601,0.8680816870415238,0.8680816870415238,0.7421886877425005,0.4754250488890897,0.4754250488890897,0.36227687654237534,0.7402274526337369,0.7435137452807242,0.7415849486073207,0.868961792426318,0.7367044597394424,0.7681509929904168,0.7681509929904168,0.8673429452795091,0.5274930601553349,0.5284379428832797,0.7617310539619078,0.7890467993051147,0.7690547845131256,0.7690547845131256,0.760063785476838,0.8673089294659259,0.6423806855625427,0.7630327202769878,0.8664611955570959,0.7655593488426742,0.8632701189197042,0.3909483124087846,0.8702386757202607,0.3263511890890019,0.32131557458467874,0.5264191238175285,0.8657582471425225,0.32410808565148663,0.5264191238175285,0.0,0.3239425385543387,0.5217158658525297,0.3259976079445595,0.3216993147954458,0.3046304452783946,0.0,0.8658914485832064,0.8663992846872566,0.8661237276528002,0.3239425385543387,0.8664611955570959,0.3259976079445595,0.3314478680480908,0.3252563102188561,0.3257012913180093,0.31060287748708754,0.8661392107092788,0.31299421689271745,0.3158348303897597,0.734085829384295,0.734085829384295,0.734085829384295,0.8618833387168005,0.734085829384295,0.734085829384295,0.5662997507994161,0.5659681241967016,0.865054727508239,0.8651136343504325,0.31229935008695503,0.8619362389540857,0.5274422120595001,0.331504507131501,0.8680322511618702,0.331504507131501,0.8680507899466694,0.3247859465451122,0.32490979247775237,0.8680322511618702,0.8679148296623488,0.8658171061199663,0.32702440047852477,0.8663590402493774,0.7831099790098283,0.8758268849731734,0.7831099790098283,0.7831099790098283,0.7831099790098283,0.8766074317573691,0.7498857797155737,0.8799726570652843,0.32858714247505433,0.32858714247505433,0.6090539532322999,0.7382646403541953,0.7382646403541953,0.5509551709464713,0.5925997633680198,0.8676212063882045,0.8676212063882045,0.8642606438273893,0.8642296101263324,0.5824701209749129,0.7361071533567092,0.7393500920044309,0.8669903530017926,0.7754659716709084,0.8636863398521728,0.8368584352053772,0.8645026684617799,0.8659162279859296,0.8640775288797811,0.8662599690522441,0.7390453100916499,0.7370902660923474,0.8650981329387454,0.8650578279683594,0.8640775288797811,0.8673955125493961
Bacteroides xylanisolvens,0.8680785973815249,0.7746008242791758,0.7746008242791758,0.7746008242791758,0.7746008242791758,0.7746008242791758,0.7746008242791758,0.7746008242791758,0.7746008242791758,0.7746008242791758,0.7746008242791758,0.7385370607294989,0.7385370607294989,0.866033920466572,0.8332579636879845,0.8332579636879845,0.7740985957561042,0.8680477001766981,0.8680477001766981,0.7420911105103052,0.47531784981897457,0.47531784981897457,0.36929395070211923,0.7411870074771214,0.743387479277796,0.741957372720347,0.8688352356761855,0.7376685972848805,0.7684128180254554,0.7684128180254554,0.867358406571957,0.5273659307231431,0.5277929642065952,0.7614669314528771,0.7887170147970571,0.7693999687651143,0.7693999687651143,0.7601237718017221,0.8671821314966446,0.6424015612595544,0.7631276198171685,0.8664395272558595,0.7665991570958751,0.8636273356561746,0.39438401070692286,0.8701677869151241,0.3157329098265541,0.3182879861574111,0.523604287640649,0.8663930933569505,0.3183722405957552,0.523604287640649,0.3239425385543387,0.0,0.5240702121176547,0.3236609141611595,0.3282277986714544,0.31635241888001586,0.3239425385543387,0.8659688818624354,0.8666190482561064,0.8664240495660578,0.0,0.8667366453021585,0.3236609141611595,0.3281542480539751,0.32061364645346113,0.32584125219332594,0.3201699714341323,0.866389997675206,0.3196166094546931,0.31746955770416097,0.7345496928837125,0.7345496928837125,0.7345496928837125,0.862010916115269,0.7345496928837125,0.7345496928837125,0.5689599470792378,0.5685449644680562,0.865014420515396,0.8651973371743182,0.3269751881082812,0.8619704667893895,0.5290111604320752,0.3295163466777973,0.868121851620857,0.3295163466777973,0.8681589249678947,0.3296790949203854,0.3253634909173926,0.868121851620857,0.8682330669129006,0.8659874648191908,0.3268193000478793,0.866380710563605,0.7829147354347046,0.8758176979296924,0.7829147354347046,0.7829147354347046,0.7829147354347046,0.8765064589766814,0.7501325273732632,0.8799269373123002,0.32376033897842205,0.32376033897842205,0.6118000560327791,0.7379266994180201,0.7379266994180201,0.5525447274219577,0.5924232253123866,0.8672285231481927,0.8672285231481927,0.8639161072557445,0.8643196047895673,0.58196799742381,0.7362783821606315,0.7415198455815222,0.8667830607968591,0.7760295283374146,0.8637329192649628,0.8380082151285692,0.8648407689167921,0.8661051476196694,0.8643847674896972,0.8661082443195374,0.7380538996498472,0.737755853178959,0.8651322356778219,0.8649306999899294,0.8643847674896972,0.8675531952479438
Bacteroides eggerthii,0.755313362404895,0.6455377348228701,0.6455377348228701,0.6455377348228701,0.6455377348228701,0.6455377348228701,0.6455377348228701,0.6455377348228701,0.6455377348228701,0.6455377348228701,0.6455377348228701,0.6019846697021811,0.6019846697021811,0.752420909835002,0.7147895363364437,0.7147895363364437,0.6452925557654432,0.7552281350345852,0.7552281350345852,0.6059414127912902,0.6302881985489869,0.6302881985489869,0.5521416953720216,0.6039729425756154,0.6081284794364176,0.6061582622052001,0.7563956237624143,0.6010884705391045,0.6378975701889326,0.6378975701889326,0.7542579958924541,0.3084278637100561,0.3013730293790343,0.629896588252209,0.662669121670461,0.6390359875179926,0.6390359875179926,0.6280843496492935,0.7543539993147901,0.763373600720227,0.63175882059053,0.753400534527958,0.6362008799311374,0.7496783058156821,0.5689363766323072,0.7577701682568342,0.5247657676969895,0.5233019830668779,0.3025543490345445,0.7531762239297918,0.5199908231048388,0.3025543490345445,0.5217158658525297,0.5240702121176547,0.0,0.5291378945853752,0.530711937472373,0.5223015960249552,0.5217158658525297,0.7529945902189816,0.7536212194570318,0.7533044095931576,0.5240702121176547,0.7537564460256534,0.5291378945853752,0.5264242187302903,0.5227327667065771,0.5297964234816218,0.5230046319802193,0.7531797849372498,0.5189375401114253,0.5239217756732033,0.5978582078870843,0.5978582078870843,0.5978582078870843,0.7481813614412947,0.5978582078870843,0.5978582078870843,0.3746942308293258,0.37416416168321615,0.7516184490391101,0.7517219254088833,0.5237988999081534,0.7479770005449158,0.30394293030420755,0.528148561689542,0.7553985801594804,0.528148561689542,0.7553275660316632,0.5262356741056791,0.5259552801592949,0.7553985801594804,0.7553630739301053,0.7524743767940965,0.5231276943083163,0.7530551396569496,0.6557361220536686,0.7640478846990741,0.6557361220536686,0.6557361220536686,0.6557361220536686,0.7649565240348607,0.6160159969265802,0.7690757091811069,0.5280825402623767,0.5280825402623767,0.7382210437650257,0.6013873519860901,0.6013873519860901,0.35021589772018963,0.4057342053068627,0.7543504438503608,0.7543504438503608,0.7506186330893782,0.7506900926751389,0.7135652527918522,0.5980196869312181,0.6039462976900801,0.7533969745638952,0.8787953784695511,0.7502505084355552,0.7202246511055123,0.7513186439570497,0.7528521017436078,0.7509794344615301,0.7529482844221671,0.602870639032856,0.5995247273226528,0.751582764229021,0.7515649211885994,0.7509794344615301,0.7545175325672662
Bacteroides fragilis,0.8700013296287143,0.7765546850601514,0.7765546850601514,0.7765546850601514,0.7765546850601514,0.7765546850601514,0.7765546850601514,0.7765546850601514,0.7765546850601514,0.7765546850601514,0.7765546850601514,0.7417006732101233,0.7417006732101233,0.8680044422422648,0.8359605732206523,0.8359605732206523,0.7763647022597401,0.8700506536262382,0.8700506536262382,0.7440726657347364,0.4776089041928052,0.4776089041928052,0.3744937523608117,0.74357506674583,0.7457612995390728,0.7442780986684864,0.8709226101700321,0.7403433894295665,0.7710505279534405,0.7710505279534405,0.869332096551492,0.5314745021804703,0.5318578959521227,0.7642409293456782,0.7919240155712389,0.772082940957101,0.772082940957101,0.7626916874793084,0.8693536927565716,0.6448476711698754,0.7652720148495477,0.8685882425832876,0.7686012768235918,0.8658573757465604,0.39803268967088096,0.8720982148178885,0.32475291298659054,0.32463726906121926,0.530752365737108,0.8685480995714381,0.32749973880493544,0.530752365737108,0.3259976079445595,0.3236609141611595,0.5291378945853752,0.0,0.33308649126764817,0.32075582731554675,0.3259976079445595,0.8684400130088334,0.8689587058956124,0.8685048665605778,0.3236609141611595,0.8689895707093374,0.0,0.3375894315435856,0.32794985423280343,0.30990264884267726,0.32148247443729255,0.8682917581295134,0.3281705940602144,0.3203877001035901,0.7385951640720926,0.7385951640720926,0.7385951640720926,0.8643878703528874,0.7385951640720926,0.7385951640720926,0.5696618988336358,0.5692568510912117,0.8671914100254973,0.8673058370530825,0.3324336248357589,0.8641489172877425,0.532845375229168,0.3377244657329658,0.8700629841887154,0.3377244657329658,0.8701431285856986,0.33603662898322517,0.3361403723196265,0.8700629841887154,0.8700999748276966,0.8678344794822853,0.3302399606820624,0.8682701355112743,0.7846018139393854,0.877772367217398,0.7846018139393854,0.7846018139393854,0.7846018139393854,0.8783679962987873,0.7522497900284126,0.8815926510089676,0.3334325552480198,0.3334325552480198,0.6152841068258255,0.7406005593879796,0.7406005593879796,0.5543620028195448,0.5955163450336829,0.8694184781531342,0.8694184781531342,0.8664859586664337,0.8661825617950536,0.5838682573176001,0.7392775362793855,0.7438635704782393,0.8683380904983802,0.7775383978999187,0.866222814432066,0.8401211034464884,0.8666407120688447,0.867179038631632,0.8667118893552707,0.8682392451225327,0.7406259093365983,0.7404230854461962,0.867457352317952,0.866389997675206,0.8667118893552707,0.869051297048247
Bacteroides fluxus,0.8674913623116225,0.7747739310425228,0.7747739310425228,0.7747739310425228,0.7747739310425228,0.7747739310425228,0.7747739310425228,0.7747739310425228,0.7747739310425228,0.7747739310425228,0.7747739310425228,0.7396910085807984,0.7396910085807984,0.866665470048883,0.8343001959868225,0.8343001959868225,0.7739253379380125,0.867670665687297,0.867670665687297,0.7436796622811106,0.4773673712456911,0.4773673712456911,0.37266300270732916,0.7423874165063354,0.742968844251945,0.7426655474374543,0.8686129450530776,0.738286437683371,0.7700515612914589,0.7700515612914589,0.8666778487736834,0.529801485916093,0.5309443579555744,0.762776080923888,0.790483323556594,0.7713009367918539,0.7713009367918539,0.7617803466877237,0.8667985320761002,0.641866929628722,0.7624454865767698,0.8674109729048509,0.765541831564748,0.8648934882662049,0.39656777804748317,0.8699273383887645,0.33551743113372295,0.3341236079173175,0.5321805396343182,0.8649244981471534,0.32109012217158794,0.5321805396343182,0.3216993147954458,0.3282277986714544,0.530711937472373,0.33308649126764817,0.0,0.3087146966005321,0.3216993147954458,0.8647849449261418,0.8649524060894589,0.8649865145739252,0.3282277986714544,0.8654545951620143,0.33308649126764817,0.3220492869563725,0.3279416758302228,0.33126170001833305,0.2965464429675743,0.865126035279798,0.3223073559873454,0.318549102379187,0.7337167207169503,0.7337167207169503,0.7337167207169503,0.8628941051350419,0.7337167207169503,0.7337167207169503,0.5648153949531477,0.5643783562803645,0.8643754588332963,0.8646825915828886,0.3104646858880168,0.8633322541868121,0.5216284637724047,0.33262720033246335,0.8674357089004331,0.33262720033246335,0.8673862362038511,0.3324497604321686,0.31706378082293524,0.8674357089004331,0.8672563569479524,0.8672316158367254,0.32976043892096213,0.8662382957174775,0.7843317148907005,0.8753214543924787,0.7843317148907005,0.7843317148907005,0.7843317148907005,0.8762310195259302,0.7491450491115436,0.8799513214761722,0.3316824527135944,0.3316824527135944,0.6135336257896772,0.7391614323054814,0.7391614323054814,0.5517092013596315,0.5935991539624021,0.8669191985782667,0.8669191985782667,0.8649089933456552,0.8651818372623297,0.5842769470092921,0.7384825846939358,0.7408395387225278,0.8668635084336556,0.7775418473328329,0.865327525473898,0.8386672656597998,0.8644623357282668,0.8667057002580627,0.8658356923342012,0.8656745985535073,0.7402890463172659,0.7392811642347588,0.866309506067034,0.8660215325375994,0.8658356923342012,0.8682886692170176
Bacteroides finegoldii,0.8663992846872566,0.7733290346065793,0.7733290346065793,0.7733290346065793,0.7733290346065793,0.7733290346065793,0.7733290346065793,0.7733290346065793,0.7733290346065793,0.7733290346065793,0.7733290346065793,0.7366571299561394,0.7366571299561394,0.8642202997987065,0.8317534360270482,0.8317534360270482,0.7719995649204704,0.8663435611216325,0.8663435611216325,0.7405100167730587,0.47232343331767557,0.47232343331767557,0.35818187494224024,0.7391832031896987,0.7415777152200289,0.7397308928049997,0.8672563569479524,0.7357937379146796,0.7666831204217796,0.7666831204217796,0.8659688818624354,0.5252204488117522,0.5259654789217698,0.7596931767300921,0.7869842308677392,0.7676934577287388,0.7676934577287388,0.7582832115525154,0.8658233015690425,0.6403064338835551,0.7612661370587032,0.8646577768265568,0.7650196326063629,0.861833547291996,0.38991789036662583,0.8686469098020116,0.3223988792138655,0.31974245763433645,0.5245919652617822,0.8648531737587118,0.3120845725763799,0.5245919652617822,0.3046304452783946,0.31635241888001586,0.5223015960249552,0.32075582731554675,0.3087146966005321,0.0,0.3046304452783946,0.8644282065608269,0.865240735450707,0.8646732861327185,0.31635241888001586,0.865352321024585,0.32075582731554675,0.3287666670900931,0.31966695467189987,0.32130722731631817,0.2932449628010934,0.8645461016089816,0.298304879457632,0.3101275858888445,0.731538488389558,0.731538488389558,0.731538488389558,0.8603259946477054,0.731538488389558,0.731538488389558,0.563546097196899,0.5631461759502229,0.8632110862732129,0.8634689360356257,0.3064037621781092,0.860004831459339,0.5226917181559851,0.32976857221743816,0.866547863343815,0.32976857221743816,0.8663497528059184,0.3264662258941268,0.31889412125477057,0.866547863343815,0.8664797679554466,0.8641737466559803,0.3215492101221543,0.8646546749319415,0.7811553472805334,0.8744232122033391,0.7811553472805334,0.7811553472805334,0.7811553472805334,0.8751498479693439,0.7485182557803568,0.8786366607878208,0.3239839332589499,0.3239839332589499,0.6065209796273836,0.7358702819105284,0.7358702819105284,0.5478797213384756,0.5897506222930736,0.8659936590494951,0.8659936590494951,0.8626827196704598,0.862353103693561,0.5797470105908994,0.7346409700936296,0.7395241967008933,0.8650950326230762,0.7741436364372827,0.8622006914551822,0.8361594686232361,0.8628692389446665,0.8642916764141342,0.8625987728390901,0.8644809510698679,0.7371266524946094,0.7356989581241239,0.8636024905781167,0.8631271908302177,0.8625987728390901,0.8656993841632513
Bacteroides intestinalis,0.8680878663285314,0.7746666094060325,0.7746666094060325,0.7746666094060325,0.7746666094060325,0.7746666094060325,0.7746666094060325,0.7746666094060325,0.7746666094060325,0.7746666094060325,0.7746666094060325,0.7383590907998927,0.7383590907998927,0.8655909418808972,0.8326107379250176,0.8326107379250176,0.7742198531592601,0.8680816870415238,0.8680816870415238,0.7421886877425005,0.4754250488890897,0.4754250488890897,0.36227687654237534,0.7402274526337369,0.7435137452807242,0.7415849486073207,0.868961792426318,0.7367044597394424,0.7681509929904168,0.7681509929904168,0.8673429452795091,0.5274930601553349,0.5284379428832797,0.7617310539619078,0.7890467993051147,0.7690547845131256,0.7690547845131256,0.760063785476838,0.8673089294659259,0.6423806855625427,0.7630327202769878,0.8664611955570959,0.7655593488426742,0.8632701189197042,0.3909483124087846,0.8702386757202607,0.3263511890890019,0.32131557458467874,0.5264191238175285,0.8657582471425225,0.32410808565148663,0.5264191238175285,0.0,0.3239425385543387,0.5217158658525297,0.3259976079445595,0.3216993147954458,0.3046304452783946,0.0,0.8658914485832064,0.8663992846872566,0.8661237276528002,0.3239425385543387,0.8664611955570959,0.3259976079445595,0.3314478680480908,0.3252563102188561,0.3257012913180093,0.31060287748708754,0.8661392107092788,0.31299421689271745,0.3158348303897597,0.734085829384295,0.734085829384295,0.734085829384295,0.8618833387168005,0.734085829384295,0.734085829384295,0.5662997507994161,0.5659681241967016,0.865054727508239,0.8651136343504325,0.31229935008695503,0.8619362389540857,0.5274422120595001,0.331504507131501,0.8680322511618702,0.331504507131501,0.8680507899466694,0.3247859465451122,0.32490979247775237,0.8680322511618702,0.8679148296623488,0.8658171061199663,0.32702440047852477,0.8663590402493774,0.7831099790098283,0.8758268849731734,0.7831099790098283,0.7831099790098283,0.7831099790098283,0.8766074317573691,0.7498857797155737,0.8799726570652843,0.32858714247505433,0.32858714247505433,0.6090539532322999,0.7382646403541953,0.7382646403541953,0.5509551709464713,0.5925997633680198,0.8676212063882045,0.8676212063882045,0.8642606438273893,0.8642296101263324,0.5824701209749129,0.7361071533567092,0.7393500920044309,0.8669903530017926,0.7754659716709084,0.8636863398521728,0.8368584352053772,0.8645026684617799,0.8659162279859296,0.8640775288797811,0.8662599690522441,0.7390453100916499,0.7370902660923474,0.8650981329387454,0.8650578279683594,0.8640775288797811,0.8673955125493961
Bacteroides faecis,0.23496335917730246,0.4837411091685218,0.4837411091685218,0.4837411091685218,0.4837411091685218,0.4837411091685218,0.4837411091685218,0.4837411091685218,0.4837411091685218,0.4837411091685218,0.4837411091685218,0.5287778902266185,0.5287778902266185,0.23208054585719218,0.31907909953561475,0.31907909953561475,0.4826031609700242,0.23580654546589294,0.23580654546589294,0.5342729743099797,0.9314286126116642,0.9314286126116642,0.8425025132056176,0.5322712479320597,0.5331623908688475,0.5324375063418821,0.23938496369631757,0.5278285347353429,0.4756901217445581,0.4756901217445581,0.23272681814601962,0.7525456601637578,0.753215394085877,0.49283173664546476,0.4313848835081963,0.47746287561936934,0.47746287561936934,0.49182390529873016,0.23352065837551958,0.6549667186272499,0.4930928914556831,0.23439192159026412,0.4994055675933451,0.2251350837518729,0.8368488203609098,0.24347313239309173,0.8668913539531613,0.866458100118667,0.754734337230859,0.2243474367296037,0.8655103759613307,0.754734337230859,0.8658914485832064,0.8659688818624354,0.7529945902189816,0.8684400130088334,0.8647849449261418,0.8644282065608269,0.8658914485832064,0.0,0.22380881538256833,0.2248251279693352,0.8659688818624354,0.2260030719252659,0.8684400130088334,0.8644344119642229,0.8659286174213836,0.8678159360765371,0.8644126928574435,0.22645358471213722,0.8641396060907237,0.864732218959265,0.524944621861187,0.524944621861187,0.524944621861187,0.21656112203854314,0.524944621861187,0.524944621861187,0.7124706336419108,0.7121091530684206,0.22272766508576927,0.2237009354877837,0.8630992238703636,0.2189628458211674,0.7515113895254643,0.8690111754266876,0.23491769532317824,0.8690111754266876,0.23475780188569675,0.8678066642250738,0.8673212990070397,0.23491769532317824,0.23457493307361357,0.23404838934996583,0.8653182269592112,0.23064307010528318,0.4979372544438858,0.2622371801836223,0.4979372544438858,0.4979372544438858,0.4979372544438858,0.2651967286005839,0.5420724102691772,0.27784062056789555,0.8658852536217252,0.8658852536217252,0.6811389459190582,0.5278945879298503,0.5278945879298503,0.7236240327122144,0.6860980563338694,0.23341726710613575,0.23341726710613575,0.22502783968016898,0.2260030719252659,0.9898504908027038,0.526485353837675,0.5313634681443318,0.23157149519351347,0.8331807094321592,0.22674948655626517,0.33036176202160833,0.22376087518379997,0.2324616023126872,0.22903269150944222,0.22651279600474594,0.529553369713362,0.52813332670812,0.23021240718791092,0.22870456427574906,0.22903269150944222,0.2379127105709798
Bacteroides nordii,0.23700912693958,0.4848155369066891,0.4848155369066891,0.4848155369066891,0.4848155369066891,0.4848155369066891,0.4848155369066891,0.4848155369066891,0.4848155369066891,0.4848155369066891,0.4848155369066891,0.5301354997052352,0.5301354997052352,0.23499760124483904,0.3204211836904614,0.3204211836904614,0.48386861443389806,0.23899250149222967,0.23899250149222967,0.5353261450034692,0.9322633010241804,0.9322633010241804,0.8430117128219036,0.5334691630084109,0.5344787563807365,0.5339465719097698,0.24159317364185848,0.5289351053645043,0.4768839383556129,0.4768839383556129,0.23410567973080823,0.75324388019273,0.7539485683746987,0.49401670442514883,0.4326265672792209,0.4784617178014695,0.4784617178014695,0.4928045250604688,0.23592025842300895,0.6558915301140151,0.49376690207212937,0.23766456753505427,0.5005106740215897,0.22767022853709812,0.8376304671602396,0.24682097674596018,0.8674233409908153,0.8674171569698769,0.755657725091627,0.22610985344406356,0.8661918510311607,0.755657725091627,0.8663992846872566,0.8666190482561064,0.7536212194570318,0.8689587058956124,0.8649524060894589,0.865240735450707,0.8663992846872566,0.22380881538256833,0.0,0.2228841552899758,0.8666190482561064,0.22815271838485957,0.8689587058956124,0.8652779322408873,0.8664054759733193,0.8683350017507016,0.8648965893043319,0.22657199182334567,0.8644995660106232,0.8650981329387454,0.5266177888897381,0.5266177888897381,0.5266177888897381,0.2198064008482691,0.5266177888897381,0.5266177888897381,0.7138546134581766,0.7135088701741336,0.2252184605018816,0.225206551427474,0.8633477873048572,0.22037914753449145,0.7520536673827041,0.8695480344658141,0.23601118934117554,0.8695480344658141,0.23761942277872808,0.8685110428367456,0.8681620143420195,0.23601118934117554,0.23691857903677596,0.23671471961651872,0.8654050092109082,0.23263460345467438,0.4988198363539497,0.2639904763577288,0.4988198363539497,0.4988198363539497,0.4988198363539497,0.26693058610315673,0.5429721653655731,0.2802052642316923,0.8664797679554466,0.8664797679554466,0.6822484536682227,0.5286561431714788,0.5286561431714788,0.7241205259805102,0.686566996223214,0.235726913757601,0.235726913757601,0.22803513206648646,0.2284346785975625,0.9905222370537257,0.5275947416452158,0.5326439975291455,0.23449488312459085,0.8339143359037529,0.22947725658413193,0.33177138971422626,0.22666667297742535,0.23503183832360822,0.23173358715539916,0.22950063089094927,0.5309999216945896,0.5289148221661317,0.23260001352013562,0.23154832993609606,0.23173358715539916,0.2407145489926989
Bacteroides salyersiae,0.2364539768084659,0.4844115215830721,0.4844115215830721,0.4844115215830721,0.4844115215830721,0.4844115215830721,0.4844115215830721,0.4844115215830721,0.4844115215830721,0.4844115215830721,0.4844115215830721,0.5296141436126512,0.5296141436126512,0.23397962237643805,0.3197089029634881,0.3197089029634881,0.4829420501697567,0.23697517553050915,0.23697517553050915,0.5346092112859949,0.9317942405941442,0.9317942405941442,0.8425502637424748,0.5327396614280642,0.5338511242842285,0.533237843004149,0.2401121202016351,0.5282602714612736,0.4758423308616726,0.4758423308616726,0.23414004723064802,0.7529197871316888,0.7535963066529909,0.4935224078577515,0.43222341131868947,0.4777717295620718,0.4777717295620718,0.49241795826954193,0.23545368629544283,0.6554865741737774,0.49312008712790906,0.2363178228757899,0.49981892731953814,0.22654831535201048,0.8371916815476202,0.24491196212100474,0.8668387561098371,0.8671852243506262,0.7553346677448883,0.22349702027860166,0.8660525020277889,0.7553346677448883,0.8661237276528002,0.8664240495660578,0.7533044095931576,0.8685048665605778,0.8649865145739252,0.8646732861327185,0.8661237276528002,0.2248251279693352,0.2228841552899758,0.0,0.8664240495660578,0.22830549005919343,0.8685048665605778,0.8653182269592112,0.8657644430127961,0.867664483429092,0.8643102954313614,0.22317277199267993,0.8643040891368519,0.8645678173643537,0.5260419633376583,0.5260419633376583,0.5260419633376583,0.21947670021975677,0.5260419633376583,0.5260419633376583,0.7136404226860628,0.713339695581967,0.22290822095492635,0.22344901318530194,0.8629904548552377,0.2184355044764325,0.751036575210471,0.8690636417899262,0.23447200669088686,0.8690636417899262,0.233968159249156,0.8682299777915983,0.8678252078289399,0.23447200669088686,0.23522575430949433,0.23424311947634466,0.8649058923520018,0.23209210221451826,0.49835183206920947,0.26375669901064513,0.49835183206920947,0.49835183206920947,0.49835183206920947,0.26659880159701604,0.5430067415572796,0.27931366708382926,0.8660741800120058,0.8660741800120058,0.6820322019953786,0.5280622243164494,0.5280622243164494,0.7238278584668486,0.6861723265038993,0.23551063482361756,0.23551063482361756,0.22743449620163667,0.22741090952838663,0.99013495512757,0.5269181911160985,0.5317923350348815,0.23326784325862338,0.8334285414680124,0.22857552827404118,0.3311159302862942,0.2255397678134714,0.23355511196092976,0.2300492434099772,0.22988596382500912,0.530206324064009,0.528179030334057,0.232219184188468,0.229955954986267,0.2300492434099772,0.2392953147974912
Bacteroides sp902362375,0.8680785973815249,0.7746008242791758,0.7746008242791758,0.7746008242791758,0.7746008242791758,0.7746008242791758,0.7746008242791758,0.7746008242791758,0.7746008242791758,0.7746008242791758,0.7746008242791758,0.7385370607294989,0.7385370607294989,0.866033920466572,0.8332579636879845,0.8332579636879845,0.7740985957561042,0.8680477001766981,0.8680477001766981,0.7420911105103052,0.47531784981897457,0.47531784981897457,0.36929395070211923,0.7411870074771214,0.743387479277796,0.741957372720347,0.8688352356761855,0.7376685972848805,0.7684128180254554,0.7684128180254554,0.867358406571957,0.5273659307231431,0.5277929642065952,0.7614669314528771,0.7887170147970571,0.7693999687651143,0.7693999687651143,0.7601237718017221,0.8671821314966446,0.6424015612595544,0.7631276198171685,0.8664395272558595,0.7665991570958751,0.8636273356561746,0.39438401070692286,0.8701677869151241,0.3157329098265541,0.3182879861574111,0.523604287640649,0.8663930933569505,0.3183722405957552,0.523604287640649,0.3239425385543387,0.0,0.5240702121176547,0.3236609141611595,0.3282277986714544,0.31635241888001586,0.3239425385543387,0.8659688818624354,0.8666190482561064,0.8664240495660578,0.0,0.8667366453021585,0.3236609141611595,0.3281542480539751,0.32061364645346113,0.32584125219332594,0.3201699714341323,0.866389997675206,0.3196166094546931,0.31746955770416097,0.7345496928837125,0.7345496928837125,0.7345496928837125,0.862010916115269,0.7345496928837125,0.7345496928837125,0.5689599470792378,0.5685449644680562,0.865014420515396,0.8651973371743182,0.3269751881082812,0.8619704667893895,0.5290111604320752,0.3295163466777973,0.868121851620857,0.3295163466777973,0.8681589249678947,0.3296790949203854,0.3253634909173926,0.868121851620857,0.8682330669129006,0.8659874648191908,0.3268193000478793,0.866380710563605,0.7829147354347046,0.8758176979296924,0.7829147354347046,0.7829147354347046,0.7829147354347046,0.8765064589766814,0.7501325273732632,0.8799269373123002,0.32376033897842205,0.32376033897842205,0.6118000560327791,0.7379266994180201,0.7379266994180201,0.5525447274219577,0.5924232253123866,0.8672285231481927,0.8672285231481927,0.8639161072557445,0.8643196047895673,0.58196799742381,0.7362783821606315,0.7415198455815222,0.8667830607968591,0.7760295283374146,0.8637329192649628,0.8380082151285692,0.8648407689167921,0.8661051476196694,0.8643847674896972,0.8661082443195374,0.7380538996498472,0.737755853178959,0.8651322356778219,0.8649306999899294,0.8643847674896972,0.8675531952479438
Bacteroides oleiciplenus,0.23743875791871502,0.48431738744105735,0.48431738744105735,0.48431738744105735,0.48431738744105735,0.48431738744105735,0.48431738744105735,0.48431738744105735,0.48431738744105735,0.48431738744105735,0.48431738744105735,0.5296192077894684,0.5296192077894684,0.23447200669088686,0.3211402363860031,0.3211402363860031,0.4836690261065146,0.23766456753505427,0.23766456753505427,0.5351156766859169,0.9319928287321654,0.9319928287321654,0.8431262403544771,0.5333786584324653,0.5339465719097698,0.5338561482689106,0.24134881470754882,0.5291885797483395,0.47662515669274413,0.47662515669274413,0.2355447973315685,0.7533222114324031,0.7540197123775345,0.4942338212327939,0.43324607466659554,0.4783383783598454,0.4783383783598454,0.4930656942834449,0.23628377213386212,0.6556788571673134,0.49377776567183745,0.2369864932073086,0.5002426686723559,0.22790571704495854,0.8375856382993512,0.24538241058435956,0.8673986046425319,0.8672872823444695,0.7551677598276568,0.22591998473969083,0.8661113410083334,0.7551677598276568,0.8664611955570959,0.8667366453021585,0.7537564460256534,0.8689895707093374,0.8654545951620143,0.865352321024585,0.8664611955570959,0.2260030719252659,0.22815271838485957,0.22830549005919343,0.8667366453021585,0.0,0.8689895707093374,0.8655692517940919,0.8665788140241787,0.8687179227132203,0.8652128368086325,0.2300725596055887,0.8648407689167921,0.8657241690633858,0.5262305773674467,0.5262305773674467,0.5262305773674467,0.22092613062339214,0.5262305773674467,0.5262305773674467,0.7150183872460741,0.7147482603415449,0.22435939140612243,0.22682044555864564,0.8640123430081105,0.2213990895340955,0.7524601193098113,0.8695233585611738,0.23617023420402872,0.8695233585611738,0.23623836350999053,0.8685233952573181,0.8681558355827763,0.23617023420402872,0.2377773919266621,0.23567001749219796,0.8659255200791387,0.2324962128395391,0.49909935351516027,0.26401079503979535,0.49909935351516027,0.49909935351516027,0.49909935351516027,0.26697077438795286,0.54257685240269,0.27920802106138176,0.8667211729182166,0.8667211729182166,0.682130506709103,0.5290719966143325,0.5290719966143325,0.7243353205216858,0.686965343442551,0.23674870837677955,0.23674870837677955,0.2283172374923772,0.22855205935583428,0.9906630293076384,0.527879345618561,0.5331271762179367,0.2345634990391902,0.8340944261561728,0.22879836293211783,0.33123740951784075,0.22721032394640914,0.23471209803986587,0.23166413305908254,0.23175673389542148,0.5304743591932798,0.529249395536594,0.23266918824687535,0.23171043810313066,0.23166413305908254,0.24100407022764844
Bacteroides fragilis_A,0.8700013296287143,0.7765546850601514,0.7765546850601514,0.7765546850601514,0.7765546850601514,0.7765546850601514,0.7765546850601514,0.7765546850601514,0.7765546850601514,0.7765546850601514,0.7765546850601514,0.7417006732101233,0.7417006732101233,0.8680044422422648,0.8359605732206523,0.8359605732206523,0.7763647022597401,0.8700506536262382,0.8700506536262382,0.7440726657347364,0.4776089041928052,0.4776089041928052,0.3744937523608117,0.74357506674583,0.7457612995390728,0.7442780986684864,0.8709226101700321,0.7403433894295665,0.7710505279534405,0.7710505279534405,0.869332096551492,0.5314745021804703,0.5318578959521227,0.7642409293456782,0.7919240155712389,0.772082940957101,0.772082940957101,0.7626916874793084,0.8693536927565716,0.6448476711698754,0.7652720148495477,0.8685882425832876,0.7686012768235918,0.8658573757465604,0.39803268967088096,0.8720982148178885,0.32475291298659054,0.32463726906121926,0.530752365737108,0.8685480995714381,0.32749973880493544,0.530752365737108,0.3259976079445595,0.3236609141611595,0.5291378945853752,0.0,0.33308649126764817,0.32075582731554675,0.3259976079445595,0.8684400130088334,0.8689587058956124,0.8685048665605778,0.3236609141611595,0.8689895707093374,0.0,0.3375894315435856,0.32794985423280343,0.30990264884267726,0.32148247443729255,0.8682917581295134,0.3281705940602144,0.3203877001035901,0.7385951640720926,0.7385951640720926,0.7385951640720926,0.8643878703528874,0.7385951640720926,0.7385951640720926,0.5696618988336358,0.5692568510912117,0.8671914100254973,0.8673058370530825,0.3324336248357589,0.8641489172877425,0.532845375229168,0.3377244657329658,0.8700629841887154,0.3377244657329658,0.8701431285856986,0.33603662898322517,0.3361403723196265,0.8700629841887154,0.8700999748276966,0.8678344794822853,0.3302399606820624,0.8682701355112743,0.7846018139393854,0.877772367217398,0.7846018139393854,0.7846018139393854,0.7846018139393854,0.8783679962987873,0.7522497900284126,0.8815926510089676,0.3334325552480198,0.3334325552480198,0.6152841068258255,0.7406005593879796,0.7406005593879796,0.5543620028195448,0.5955163450336829,0.8694184781531342,0.8694184781531342,0.8664859586664337,0.8661825617950536,0.5838682573176001,0.7392775362793855,0.7438635704782393,0.8683380904983802,0.7775383978999187,0.866222814432066,0.8401211034464884,0.8666407120688447,0.867179038631632,0.8667118893552707,0.8682392451225327,0.7406259093365983,0.7404230854461962,0.867457352317952,0.866389997675206,0.8667118893552707,0.869051297048247
Bacteroides clarus,0.8673089294659259,0.7743965085277915,0.7743965085277915,0.7743965085277915,0.7743965085277915,0.7743965085277915,0.7743965085277915,0.7743965085277915,0.7743965085277915,0.7743965085277915,0.7743965085277915,0.7396366175363055,0.7396366175363055,0.8663776148376151,0.8348047602798164,0.8348047602798164,0.7737069778466482,0.8673336683717444,0.8673336683717444,0.7433081010976466,0.47767628693921743,0.47767628693921743,0.36880702855474146,0.7421525495227473,0.7428713694944461,0.7423657395900342,0.8685419235587838,0.738805750383444,0.7697206072817027,0.7697206072817027,0.8663961890276339,0.5294723269964757,0.5272184221771901,0.7625685969640117,0.7902220230147071,0.7706782422932371,0.7706782422932371,0.7612837527211459,0.8664240495660578,0.6412105618194475,0.7623786468983947,0.8670800611262227,0.7665256816411841,0.8644437199857941,0.3962091655949746,0.8698687575269616,0.3341797934982905,0.33382646989618303,0.5321553401409814,0.8648903872169594,0.3195914338720102,0.5321553401409814,0.3314478680480908,0.3281542480539751,0.5264242187302903,0.3375894315435856,0.3220492869563725,0.3287666670900931,0.3314478680480908,0.8644344119642229,0.8652779322408873,0.8653182269592112,0.3281542480539751,0.8655692517940919,0.3375894315435856,0.0,0.31152545805494697,0.33636371082903144,0.3282849933146253,0.8649741116442844,0.319305971874902,0.32424873422939876,0.7369083071312075,0.7369083071312075,0.7369083071312075,0.8623686544482169,0.7369083071312075,0.7369083071312075,0.5651049842462805,0.5646301698649991,0.8643040891368519,0.8645802261225333,0.3195494701598751,0.8628630222851039,0.5248322063587353,0.31957464904839256,0.867135737363149,0.31957464904839256,0.86721615228377,0.3302724454313719,0.3248602597703256,0.867135737363149,0.8670738746569925,0.8667830607968591,0.32468683578706903,0.8659007409423264,0.783904152853283,0.8751835590295153,0.783904152853283,0.783904152853283,0.783904152853283,0.8760687757792759,0.7491486292808117,0.879747083231232,0.331512597639187,0.331512597639187,0.6133806036224602,0.7390852291605254,0.7390852291605254,0.5540910015972997,0.5918479800394715,0.8667861550747991,0.8667861550747991,0.8647818434876672,0.8646391652919447,0.5834454906542145,0.7381665444076914,0.741834457277827,0.8663218898781427,0.7774418075645748,0.8647105073325636,0.8389454470361756,0.8640806328462471,0.8661763689156371,0.8653120278939089,0.8653864137467375,0.7399302816780092,0.7390670843965084,0.8658914485832064,0.8654607932061453,0.8653120278939089,0.8676304802215455
Phocaeicola dorei,0.8673645910117661,0.7745211821760525,0.7745211821760525,0.7745211821760525,0.7745211821760525,0.7745211821760525,0.7745211821760525,0.7745211821760525,0.7745211821760525,0.7745211821760525,0.7745211821760525,0.7381193083763796,0.7381193083763796,0.8652686331932525,0.8334221052045201,0.8334221052045201,0.7735613702088189,0.8675439205884453,0.8675439205884453,0.7419429131369553,0.4729589938874121,0.4729589938874121,0.3640788192863386,0.7402999152588586,0.7428641486332408,0.7411508204158377,0.8683813318123107,0.7374031304765046,0.7679763933761621,0.7679763933761621,0.867114085918028,0.5275337351031654,0.5249344032648463,0.7615197632832599,0.7889584169803319,0.769124531192558,0.769124531192558,0.7599014457968899,0.8670986202690826,0.6416537882354589,0.7623505021227246,0.866188754630194,0.7661687006314645,0.8631458349666965,0.3917570064251126,0.8695665409347654,0.32544591358899144,0.32346197284389827,0.5277218159563187,0.8660060473771888,0.3109998362900466,0.5277218159563187,0.3252563102188561,0.32061364645346113,0.5227327667065771,0.32794985423280343,0.3279416758302228,0.31966695467189987,0.3252563102188561,0.8659286174213836,0.8664054759733193,0.8657644430127961,0.32061364645346113,0.8665788140241787,0.32794985423280343,0.31152545805494697,0.0,0.32545415470808703,0.3181615626649591,0.8653771158648079,0.3142598817310886,0.31336247069889556,0.7350643480390231,0.7350643480390231,0.7350643480390231,0.8619580204610834,0.7350643480390231,0.7350643480390231,0.5663376386179341,0.5659017755556025,0.8645771239496849,0.864803553323414,0.32008619020243906,0.861581434046924,0.5250978769433826,0.31266842229263453,0.8673955125493961,0.31266842229263453,0.867457352317952,0.32382660523076184,0.3179676156825096,0.8673955125493961,0.8676675745637007,0.865296530036356,0.31736816212262103,0.8660246295364552,0.782644054156937,0.8755573583057746,0.782644054156937,0.782644054156937,0.782644054156937,0.876356508233788,0.7496568397212011,0.8795458469488904,0.32845651748779153,0.32845651748779153,0.6117430626308272,0.737363120342851,0.737363120342851,0.5518501636036396,0.589914320655486,0.8672749123181916,0.8672749123181916,0.8639316298763634,0.8637701809866789,0.5814008601581873,0.7362965956474248,0.7411689141673307,0.8664209539949184,0.7754383019039293,0.8636801290739986,0.8375376047143197,0.8641178795741681,0.865184937266942,0.8639968218375887,0.865888351108006,0.7384498971436023,0.7371994199112958,0.8650981329387454,0.8642699537204102,0.8639968218375887,0.8671233651749926
Phocaeicola vulgatus,0.8695264430875497,0.7765685001780586,0.7765685001780586,0.7765685001780586,0.7765685001780586,0.7765685001780586,0.7765685001780586,0.7765685001780586,0.7765685001780586,0.7765685001780586,0.7765685001780586,0.7410060544987368,0.7410060544987368,0.8675841100635362,0.8358835687461686,0.8358835687461686,0.7759292935874433,0.8695079357651619,0.8695079357651619,0.7428894213403933,0.47715944270828736,0.47715944270828736,0.37348974585627587,0.7423693524533732,0.7452360369190546,0.7436940880970314,0.8703742729990163,0.7400680098838337,0.7705773114618106,0.7705773114618106,0.8688136265837559,0.5309292031993632,0.5312827015428401,0.7637845633681473,0.7915174976212608,0.7718397356758839,0.7718397356758839,0.7623399475639618,0.868785842675155,0.6442151573627642,0.7645777632166845,0.8675253709719837,0.7675886402820482,0.8655723504111983,0.397020654751512,0.8716429331046032,0.32556127027262144,0.32556127027262144,0.5312372649333059,0.8678252078289399,0.3282523118816608,0.5312372649333059,0.3257012913180093,0.32584125219332594,0.5297964234816218,0.30990264884267726,0.33126170001833305,0.32130722731631817,0.3257012913180093,0.8678159360765371,0.8683350017507016,0.867664483429092,0.32584125219332594,0.8687179227132203,0.30990264884267726,0.33636371082903144,0.32545415470808703,0.0,0.32014483936678845,0.8672780048413019,0.3275979985547627,0.31784950305619575,0.7381374764384582,0.7381374764384582,0.7381374764384582,0.8637794961659523,0.7381374764384582,0.7381374764384582,0.56807774667624,0.567595968520372,0.8666778487736834,0.8666438068550288,0.3309619925832843,0.8637950212415078,0.5315047801646485,0.33499742860316906,0.8696683194745356,0.33499742860316906,0.8696744874880641,0.3353815083302546,0.3343803792197037,0.8696683194745356,0.8687734939861198,0.8664983399557193,0.3287421922336434,0.8680353409868323,0.7846018139393854,0.8774789859205473,0.7846018139393854,0.7846018139393854,0.7846018139393854,0.8782030933063901,0.7518931653496924,0.8812761946375721,0.33075122488837905,0.33075122488837905,0.6150573929101122,0.7402745541469047,0.7402745541469047,0.5540425945730867,0.5950477679347574,0.8690235207383065,0.8690235207383065,0.8656622054825123,0.8659843676874236,0.5827555394995577,0.7389436881853474,0.7432214970503872,0.8681774610477418,0.7772899985012417,0.8661670795134917,0.8401274883885835,0.865426703414106,0.8663435611216325,0.8663404652628952,0.8678066642250738,0.7393573471853273,0.7392630242798497,0.867482086991039,0.8662847379137252,0.8663404652628952,0.8687734939861198
Phocaeicola plebeius,0.8660989541867171,0.7729786653733405,0.7729786653733405,0.7729786653733405,0.7729786653733405,0.7729786653733405,0.7729786653733405,0.7729786653733405,0.7729786653733405,0.7729786653733405,0.7729786653733405,0.7362747394092063,0.7362747394092063,0.8637763911173564,0.8305110369674135,0.8305110369674135,0.7714052498171468,0.8660246295364552,0.8660246295364552,0.7399556545894982,0.4718405168460179,0.4718405168460179,0.3637324179101655,0.7389545769151918,0.7412412847566048,0.7394153860697236,0.8670367549146372,0.7341698578921754,0.7661126885175529,0.7661126885175529,0.8656745985535073,0.5245306094761616,0.525388938439351,0.7593294514485143,0.78675585915879,0.7671587390216212,0.7671587390216212,0.757805561704196,0.8654979805388315,0.6395813726108432,0.7606422797678595,0.8644499252778279,0.7637459352721088,0.8614942666291256,0.38937410516670634,0.8683411792350718,0.32320482573999626,0.3213739993925411,0.525720654015291,0.8647136090268972,0.31313985736884614,0.525720654015291,0.31060287748708754,0.3201699714341323,0.5230046319802193,0.32148247443729255,0.2965464429675743,0.2932449628010934,0.31060287748708754,0.8644126928574435,0.8648965893043319,0.8643102954313614,0.3201699714341323,0.8652128368086325,0.32148247443729255,0.3282849933146253,0.3181615626649591,0.32014483936678845,0.0,0.8640402804124374,0.30645627803455416,0.3065000343747167,0.7287945826456471,0.7287945826456471,0.7287945826456471,0.8599549312688964,0.7287945826456471,0.7287945826456471,0.5627983945460979,0.5624742403389525,0.862959375475711,0.8631924435461003,0.3082451947202497,0.8596648290644187,0.5187824651888631,0.32571776042485456,0.8661237276528002,0.32571776042485456,0.8660989541867171,0.3173428081651512,0.31115503014110796,0.8661237276528002,0.8661423072873617,0.8637422348460917,0.319935328697276,0.8642171963338753,0.7811175782109678,0.874205410499315,0.7811175782109678,0.7811175782109678,0.7811175782109678,0.8750303164727857,0.7482709758053574,0.8784260103597834,0.3233126865224883,0.3233126865224883,0.6097889226280723,0.7354656019869769,0.7354656019869769,0.5476789745002625,0.5891363483290457,0.8656931878273437,0.8656931878273437,0.8623313321659156,0.8620264730429084,0.5793443843480671,0.7342940563335705,0.7380248272439688,0.864856274941391,0.7737867037518689,0.8618802268370221,0.8348979266894385,0.8625117082358971,0.8638850611777577,0.8622597932760487,0.8641116718976732,0.7367153815653167,0.7354400741672916,0.8631831220315542,0.8628381551989497,0.8622597932760487,0.8653802151698844
Phocaeicola massiliensis,0.23487202259108078,0.4837189309089146,0.4837189309089146,0.4837189309089146,0.4837189309089146,0.4837189309089146,0.4837189309089146,0.4837189309089146,0.4837189309089146,0.4837189309089146,0.4837189309089146,0.5291429633201463,0.5291429633201463,0.23279595519308993,0.31889412125477057,0.31889412125477057,0.48215835508646976,0.23573829136282798,0.23573829136282798,0.534142437284754,0.9314343716449667,0.9314343716449667,0.842018488348386,0.5322914032323655,0.5334741905902071,0.5329611329522081,0.2391383483556764,0.5276964035421543,0.4752049825674085,0.4752049825674085,0.23258848239881777,0.7525812993166434,0.7533578138489222,0.49301673559259274,0.4313973180368004,0.4770132765407568,0.4770132765407568,0.49158390071693914,0.2335436279972124,0.6550649906604059,0.4924833148098824,0.23462066363902975,0.49941630853747204,0.2248728412822598,0.836803949626014,0.24437476564865906,0.8668232855485246,0.8669470423090578,0.7553311168966222,0.22534941878256712,0.8657148748089889,0.7553311168966222,0.8661392107092788,0.866389997675206,0.7531797849372498,0.8682917581295134,0.865126035279798,0.8645461016089816,0.8661392107092788,0.22645358471213722,0.22657199182334567,0.22317277199267993,0.866389997675206,0.2300725596055887,0.8682917581295134,0.8649741116442844,0.8653771158648079,0.8672780048413019,0.8640402804124374,0.0,0.8640651129024135,0.864105464176583,0.5256594299719924,0.5256594299719924,0.5256594299719924,0.2176975445818049,0.5256594299719924,0.5256594299719924,0.7133359356908857,0.7130125108856995,0.222823979756254,0.22336497594432853,0.8631800148376694,0.21726591044748156,0.7504613980490626,0.8686963107025941,0.23329083777228352,0.8686963107025941,0.23317584252806464,0.8678993782823637,0.8674882705491138,0.23329083777228352,0.23368139831378462,0.2333827931711136,0.8650206217134655,0.2307360807230795,0.49833568615120394,0.26384820177107715,0.49833568615120394,0.49833568615120394,0.49833568615120394,0.26650824322734584,0.5428931258010784,0.2788042771116762,0.86573036517755,0.86573036517755,0.6814223962319097,0.5273252428318126,0.5273252428318126,0.7236017937020301,0.6857148508650419,0.23376172683474178,0.23376172683474178,0.22576559884095426,0.22590811264715577,0.9900076335823457,0.5264751651461042,0.5316258748569731,0.2323115637780748,0.8332322130652353,0.22693866125727374,0.3302643245435941,0.2235690115899481,0.23167571018775018,0.22835247616589777,0.22816447368375106,0.5294723269964757,0.5274930601553349,0.2308406728726254,0.22828199337925065,0.22835247616589777,0.23779995038142815
Phocaeicola coprocola,0.8659193253614118,0.7727912740794353,0.7727912740794353,0.7727912740794353,0.7727912740794353,0.7727912740794353,0.7727912740794353,0.7727912740794353,0.7727912740794353,0.7727912740794353,0.7727912740794353,0.7359176622991515,0.7359176622991515,0.8635093151687842,0.8310727668210381,0.8310727668210381,0.7714747839982178,0.8660803736221208,0.8660803736221208,0.7398831582481998,0.47274912642399985,0.47274912642399985,0.3516298363871427,0.7391287747767987,0.7413715340144764,0.7394226406099575,0.8670553149844578,0.7352431154809662,0.7661406950863854,0.7661406950863854,0.8653895130185146,0.5242646514293747,0.5216695959871687,0.7591457569518728,0.7862784504380049,0.7672845887130798,0.7672845887130798,0.7576781375560838,0.8652314360033009,0.6397407050517347,0.7607551054116392,0.8643258109726666,0.764995091002746,0.8611704246876547,0.3896495342915961,0.8683844203951985,0.32315503169798965,0.32205761499161933,0.5256288152761294,0.8643599441831864,0.2966187890147515,0.5256288152761294,0.31299421689271745,0.3196166094546931,0.5189375401114253,0.3281705940602144,0.3223073559873454,0.298304879457632,0.31299421689271745,0.8641396060907237,0.8644995660106232,0.8643040891368519,0.3196166094546931,0.8648407689167921,0.3281705940602144,0.319305971874902,0.3142598817310886,0.3275979985547627,0.30645627803455416,0.8640651129024135,0.0,0.31422574160260863,0.7305809456555438,0.7305809456555438,0.7305809456555438,0.8595431441620914,0.7305809456555438,0.7305809456555438,0.5653659621820233,0.5650337875253632,0.8628661306204838,0.8630122097549519,0.2869394732873385,0.8595961884168343,0.513889308717632,0.32414945921531624,0.8662661613340088,0.32414945921531624,0.8662599690522441,0.32053834870003617,0.30509671888528206,0.8662661613340088,0.8660555989158985,0.8639161072557445,0.31559696454153224,0.8640682169134811,0.7809596150384412,0.8738862790249864,0.7809596150384412,0.7809596150384412,0.7809596150384412,0.8747544122198376,0.7480200285312915,0.8782183634027603,0.32445545961490624,0.32445545961490624,0.6055783482316484,0.7351373195925209,0.7351373195925209,0.5492438306471312,0.5872302992182543,0.8651787372466098,0.8651787372466098,0.8617277309617657,0.861864667269593,0.5794184515489256,0.7341990829449965,0.7391360321300916,0.8647384221810538,0.774257958706754,0.8616872683426081,0.8357648396142857,0.8625054889993692,0.8638602235120223,0.8622473511240993,0.8640185513982491,0.7368755497464569,0.7351409679800592,0.8627293532694671,0.8627386796867863,0.8622473511240993,0.8653058287841962
Phocaeicola coprophilus,0.8660772768225998,0.7732527300798474,0.7732527300798474,0.7732527300798474,0.7732527300798474,0.7732527300798474,0.7732527300798474,0.7732527300798474,0.7732527300798474,0.7732527300798474,0.7732527300798474,0.7365624612656292,0.7365624612656292,0.8638043361529064,0.8313212272733075,0.8313212272733075,0.7720759932979409,0.8662630651986594,0.8662630651986594,0.7400970020296496,0.470970019380485,0.470970019380485,0.3637987756213787,0.7392194865718871,0.7415777152200289,0.7393246983106175,0.8672316158367254,0.7352394676003018,0.7662352096986712,0.7662352096986712,0.8657086785839558,0.5245561752589937,0.5258022749836473,0.7592199466180115,0.7867592681790713,0.7673859526216786,0.7673859526216786,0.7578657267712453,0.8655320675235544,0.6397952044090812,0.7607656819578683,0.864453027907141,0.7649635363554662,0.86149737990306,0.38967018362790357,0.8686530850682269,0.322831183217214,0.32104835435064094,0.5267654656292475,0.8649151952996078,0.3145328693555975,0.5267654656292475,0.3158348303897597,0.31746955770416097,0.5239217756732033,0.3203877001035901,0.318549102379187,0.3101275858888445,0.3158348303897597,0.864732218959265,0.8650981329387454,0.8645678173643537,0.31746955770416097,0.8657241690633858,0.3203877001035901,0.32424873422939876,0.31336247069889556,0.31784950305619575,0.3065000343747167,0.864105464176583,0.31422574160260863,0.0,0.7328645034921555,0.7328645034921555,0.7328645034921555,0.8596024287021959,0.7328645034921555,0.7328645034921555,0.5631461759502229,0.5628222220458036,0.8633167207892893,0.8633322541868121,0.32202430155837874,0.8596679489636322,0.5261388276365834,0.3263840608849242,0.8665045305340194,0.3263840608849242,0.8665602437486153,0.3261538887400161,0.320622011778928,0.8665045305340194,0.8659100332017272,0.8637701809866789,0.3186164524729422,0.8642699537204102,0.7815054826251355,0.8745213586182062,0.7815054826251355,0.7815054826251355,0.7815054826251355,0.8753214543924787,0.7486472389956591,0.8787648580647843,0.32273978258439595,0.32273978258439595,0.609643759400107,0.7353087742383029,0.7353087742383029,0.5475663281969324,0.5889314479617196,0.8656281236224042,0.8656281236224042,0.8622473511240993,0.8620731421413891,0.5796637315542577,0.7344730112610893,0.7393210705688723,0.8649338008946417,0.773748574996025,0.8619393506316422,0.8358129750788896,0.8623842049224572,0.863763970811353,0.8620762533247913,0.8640278638998139,0.7368355109651948,0.7353051266833744,0.8632048720755785,0.8626796106742289,0.8620762533247913,0.865166337072652
Prevotella sp900313215,0.5270759609615171,0.35380458914849083,0.35380458914849083,0.35380458914849083,0.35380458914849083,0.35380458914849083,0.35380458914849083,0.35380458914849083,0.35380458914849083,0.35380458914849083,0.35380458914849083,0.2636956795305896,0.2636956795305896,0.5233019830668779,0.463571328139817,0.463571328139817,0.34800330639393423,0.5271268443869348,0.5271268443869348,0.2746658606896808,0.8110220846878221,0.8110220846878221,0.7534824090591639,0.2731186557546549,0.27863106489780776,0.27377581674616747,0.5292037843506139,0.25350040805822127,0.3387790519457156,0.3387790519457156,0.5262560605649943,0.596591776554958,0.5974722757329369,0.3226816050656566,0.3822836197022056,0.3417820727823828,0.3417820727823828,0.32011970532636763,0.5258328795804535,0.5407794893805647,0.3270079971780114,0.5240958003590127,0.33004498504252333,0.5193818316088451,0.7658115532160189,0.5313079424247007,0.7363512334047654,0.7351774508596407,0.600423260552675,0.5253583079808822,0.732897440153561,0.600423260552675,0.734085829384295,0.7345496928837125,0.5978582078870843,0.7385951640720926,0.7337167207169503,0.731538488389558,0.734085829384295,0.524944621861187,0.5266177888897381,0.5260419633376583,0.7345496928837125,0.5262305773674467,0.7385951640720926,0.7369083071312075,0.7350643480390231,0.7381374764384582,0.7287945826456471,0.5256594299719924,0.7305809456555438,0.7328645034921555,0.0,0.0,0.0,0.5159415613586846,0.0,0.0,0.6340471951552795,0.63370869813007,0.5224761603552904,0.5233019830668779,0.7306213271933361,0.5173898831512326,0.592042810708004,0.7374576862514084,0.5288133945045157,0.7374576862514084,0.5281434834112316,0.7357317678949037,0.7327547039284976,0.5288133945045157,0.527584574378097,0.5243618440476232,0.7338263763378219,0.5240190318864597,0.3733101748348587,0.5406108352644373,0.3733101748348587,0.3733101748348587,0.3733101748348587,0.5421416752148692,0.29682668567897696,0.5479188828775502,0.735356190805927,0.735356190805927,0.503949842918941,0.26230876402730496,0.26230876402730496,0.6188482293727474,0.6543234916668939,0.5259807766946935,0.5259807766946935,0.5201300683749833,0.5204805951104694,0.8778945804877253,0.25917141714700836,0.2656312539869556,0.5251642735899076,0.6963494912383075,0.5189892214552421,0.4718405168460179,0.5213353028076831,0.5235735527753277,0.5214844754717631,0.5238040203071888,0.26421389591992894,0.2622985389599993,0.521643888733018,0.5218649297344439,0.5214844754717631,0.5261999959013528
Prevotella sp900551275,0.5270759609615171,0.35380458914849083,0.35380458914849083,0.35380458914849083,0.35380458914849083,0.35380458914849083,0.35380458914849083,0.35380458914849083,0.35380458914849083,0.35380458914849083,0.35380458914849083,0.2636956795305896,0.2636956795305896,0.5233019830668779,0.463571328139817,0.463571328139817,0.34800330639393423,0.5271268443869348,0.5271268443869348,0.2746658606896808,0.8110220846878221,0.8110220846878221,0.7534824090591639,0.2731186557546549,0.27863106489780776,0.27377581674616747,0.5292037843506139,0.25350040805822127,0.3387790519457156,0.3387790519457156,0.5262560605649943,0.596591776554958,0.5974722757329369,0.3226816050656566,0.3822836197022056,0.3417820727823828,0.3417820727823828,0.32011970532636763,0.5258328795804535,0.5407794893805647,0.3270079971780114,0.5240958003590127,0.33004498504252333,0.5193818316088451,0.7658115532160189,0.5313079424247007,0.7363512334047654,0.7351774508596407,0.600423260552675,0.5253583079808822,0.732897440153561,0.600423260552675,0.734085829384295,0.7345496928837125,0.5978582078870843,0.7385951640720926,0.7337167207169503,0.731538488389558,0.734085829384295,0.524944621861187,0.5266177888897381,0.5260419633376583,0.7345496928837125,0.5262305773674467,0.7385951640720926,0.7369083071312075,0.7350643480390231,0.7381374764384582,0.7287945826456471,0.5256594299719924,0.7305809456555438,0.7328645034921555,0.0,0.0,0.0,0.5159415613586846,0.0,0.0,0.6340471951552795,0.63370869813007,0.5224761603552904,0.5233019830668779,0.7306213271933361,0.5173898831512326,0.592042810708004,0.7374576862514084,0.5288133945045157,0.7374576862514084,0.5281434834112316,0.7357317678949037,0.7327547039284976,0.5288133945045157,0.527584574378097,0.5243618440476232,0.7338263763378219,0.5240190318864597,0.3733101748348587,0.5406108352644373,0.3733101748348587,0.3733101748348587,0.3733101748348587,0.5421416752148692,0.29682668567897696,0.5479188828775502,0.735356190805927,0.735356190805927,0.503949842918941,0.26230876402730496,0.26230876402730496,0.6188482293727474,0.6543234916668939,0.5259807766946935,0.5259807766946935,0.5201300683749833,0.5204805951104694,0.8778945804877253,0.25917141714700836,0.2656312539869556,0.5251642735899076,0.6963494912383075,0.5189892214552421,0.4718405168460179,0.5213353028076831,0.5235735527753277,0.5214844754717631,0.5238040203071888,0.26421389591992894,0.2622985389599993,0.521643888733018,0.5218649297344439,0.5214844754717631,0.5261999959013528
Prevotella copri_A,0.5270759609615171,0.35380458914849083,0.35380458914849083,0.35380458914849083,0.35380458914849083,0.35380458914849083,0.35380458914849083,0.35380458914849083,0.35380458914849083,0.35380458914849083,0.35380458914849083,0.2636956795305896,0.2636956795305896,0.5233019830668779,0.463571328139817,0.463571328139817,0.34800330639393423,0.5271268443869348,0.5271268443869348,0.2746658606896808,0.8110220846878221,0.8110220846878221,0.7534824090591639,0.2731186557546549,0.27863106489780776,0.27377581674616747,0.5292037843506139,0.25350040805822127,0.3387790519457156,0.3387790519457156,0.5262560605649943,0.596591776554958,0.5974722757329369,0.3226816050656566,0.3822836197022056,0.3417820727823828,0.3417820727823828,0.32011970532636763,0.5258328795804535,0.5407794893805647,0.3270079971780114,0.5240958003590127,0.33004498504252333,0.5193818316088451,0.7658115532160189,0.5313079424247007,0.7363512334047654,0.7351774508596407,0.600423260552675,0.5253583079808822,0.732897440153561,0.600423260552675,0.734085829384295,0.7345496928837125,0.5978582078870843,0.7385951640720926,0.7337167207169503,0.731538488389558,0.734085829384295,0.524944621861187,0.5266177888897381,0.5260419633376583,0.7345496928837125,0.5262305773674467,0.7385951640720926,0.7369083071312075,0.7350643480390231,0.7381374764384582,0.7287945826456471,0.5256594299719924,0.7305809456555438,0.7328645034921555,0.0,0.0,0.0,0.5159415613586846,0.0,0.0,0.6340471951552795,0.63370869813007,0.5224761603552904,0.5233019830668779,0.7306213271933361,0.5173898831512326,0.592042810708004,0.7374576862514084,0.5288133945045157,0.7374576862514084,0.5281434834112316,0.7357317678949037,0.7327547039284976,0.5288133945045157,0.527584574378097,0.5243618440476232,0.7338263763378219,0.5240190318864597,0.3733101748348587,0.5406108352644373,0.3733101748348587,0.3733101748348587,0.3733101748348587,0.5421416752148692,0.29682668567897696,0.5479188828775502,0.735356190805927,0.735356190805927,0.503949842918941,0.26230876402730496,0.26230876402730496,0.6188482293727474,0.6543234916668939,0.5259807766946935,0.5259807766946935,0.5201300683749833,0.5204805951104694,0.8778945804877253,0.25917141714700836,0.2656312539869556,0.5251642735899076,0.6963494912383075,0.5189892214552421,0.4718405168460179,0.5213353028076831,0.5235735527753277,0.5214844754717631,0.5238040203071888,0.26421389591992894,0.2622985389599993,0.521643888733018,0.5218649297344439,0.5214844754717631,0.5261999959013528
Prevotella stercorea,0.2195133580771323,0.476349343327205,0.476349343327205,0.476349343327205,0.476349343327205,0.476349343327205,0.476349343327205,0.476349343327205,0.476349343327205,0.476349343327205,0.476349343327205,0.520253810661042,0.520253810661042,0.21143505925203024,0.3030680691341128,0.3030680691341128,0.4757126743164207,0.2205616259523873,0.2205616259523873,0.5261847045017912,0.9269748565545309,0.9269748565545309,0.8366789398899642,0.5248373166766633,0.5272692918545768,0.5246277528229837,0.22555165929413312,0.5191132356878304,0.46606979203823945,0.46606979203823945,0.21884032169662704,0.7463221305223474,0.7473707599593338,0.48303089977959135,0.42039562881361786,0.467867532994082,0.467867532994082,0.4819246676509116,0.21656112203854314,0.6496007953410252,0.4860862661832842,0.21306515196906742,0.4925758883977428,0.20225471473756862,0.831792130332204,0.2308406728726254,0.8627573322189688,0.8623095600885844,0.7504113618089774,0.21729059835284473,0.8612202544508747,0.7504113618089774,0.8618833387168005,0.862010916115269,0.7481813614412947,0.8643878703528874,0.8628941051350419,0.8603259946477054,0.8618833387168005,0.21656112203854314,0.2198064008482691,0.21947670021975677,0.862010916115269,0.22092613062339214,0.8643878703528874,0.8623686544482169,0.8619580204610834,0.8637794961659523,0.8599549312688964,0.2176975445818049,0.8595431441620914,0.8596024287021959,0.5159415613586846,0.5159415613586846,0.5159415613586846,0.0,0.5159415613586846,0.5159415613586846,0.7103254221181197,0.7098797336164739,0.21012443300994807,0.2104687845317427,0.859802093920205,0.19125403167779761,0.7476864968692546,0.8647136090268972,0.2260861285761063,0.8647136090268972,0.22406033314170734,0.8633788527025745,0.8630712560042682,0.2260861285761063,0.21899958969151212,0.21464538488247945,0.8597053868710627,0.21237168127974532,0.49129464861733385,0.2527905440713384,0.49129464861733385,0.49129464861733385,0.49129464861733385,0.2557964825633551,0.5374462568449894,0.26816362100436814,0.8607000142119302,0.8607000142119302,0.6748212534525682,0.51912873538385,0.51912873538385,0.7169625411035728,0.678871033616115,0.21783302438278304,0.21783302438278304,0.20487663235473014,0.2017102865232924,0.9856553100069987,0.5182031087801746,0.5245715141306192,0.21480776321193604,0.8279202270714358,0.2033128162023833,0.31614887861839136,0.20229449342115466,0.2120810120567072,0.20800767636244558,0.21107957793545648,0.5208051372830544,0.5191648995416679,0.2089724965141638,0.20769798734251915,0.20800767636244558,0.21541870448092149
Prevotella sp015074785,0.5270759609615171,0.35380458914849083,0.35380458914849083,0.35380458914849083,0.35380458914849083,0.35380458914849083,0.35380458914849083,0.35380458914849083,0.35380458914849083,0.35380458914849083,0.35380458914849083,0.2636956795305896,0.2636956795305896,0.5233019830668779,0.463571328139817,0.463571328139817,0.34800330639393423,0.5271268443869348,0.5271268443869348,0.2746658606896808,0.8110220846878221,0.8110220846878221,0.7534824090591639,0.2731186557546549,0.27863106489780776,0.27377581674616747,0.5292037843506139,0.25350040805822127,0.3387790519457156,0.3387790519457156,0.5262560605649943,0.596591776554958,0.5974722757329369,0.3226816050656566,0.3822836197022056,0.3417820727823828,0.3417820727823828,0.32011970532636763,0.5258328795804535,0.5407794893805647,0.3270079971780114,0.5240958003590127,0.33004498504252333,0.5193818316088451,0.7658115532160189,0.5313079424247007,0.7363512334047654,0.7351774508596407,0.600423260552675,0.5253583079808822,0.732897440153561,0.600423260552675,0.734085829384295,0.7345496928837125,0.5978582078870843,0.7385951640720926,0.7337167207169503,0.731538488389558,0.734085829384295,0.524944621861187,0.5266177888897381,0.5260419633376583,0.7345496928837125,0.5262305773674467,0.7385951640720926,0.7369083071312075,0.7350643480390231,0.7381374764384582,0.7287945826456471,0.5256594299719924,0.7305809456555438,0.7328645034921555,0.0,0.0,0.0,0.5159415613586846,0.0,0.0,0.6340471951552795,0.63370869813007,0.5224761603552904,0.5233019830668779,0.7306213271933361,0.5173898831512326,0.592042810708004,0.7374576862514084,0.5288133945045157,0.7374576862514084,0.5281434834112316,0.7357317678949037,0.7327547039284976,0.5288133945045157,0.527584574378097,0.5243618440476232,0.7338263763378219,0.5240190318864597,0.3733101748348587,0.5406108352644373,0.3733101748348587,0.3733101748348587,0.3733101748348587,0.5421416752148692,0.29682668567897696,0.5479188828775502,0.735356190805927,0.735356190805927,0.503949842918941,0.26230876402730496,0.26230876402730496,0.6188482293727474,0.6543234916668939,0.5259807766946935,0.5259807766946935,0.5201300683749833,0.5204805951104694,0.8778945804877253,0.25917141714700836,0.2656312539869556,0.5251642735899076,0.6963494912383075,0.5189892214552421,0.4718405168460179,0.5213353028076831,0.5235735527753277,0.5214844754717631,0.5238040203071888,0.26421389591992894,0.2622985389599993,0.521643888733018,0.5218649297344439,0.5214844754717631,0.5261999959013528
Prevotella copri,0.5270759609615171,0.35380458914849083,0.35380458914849083,0.35380458914849083,0.35380458914849083,0.35380458914849083,0.35380458914849083,0.35380458914849083,0.35380458914849083,0.35380458914849083,0.35380458914849083,0.2636956795305896,0.2636956795305896,0.5233019830668779,0.463571328139817,0.463571328139817,0.34800330639393423,0.5271268443869348,0.5271268443869348,0.2746658606896808,0.8110220846878221,0.8110220846878221,0.7534824090591639,0.2731186557546549,0.27863106489780776,0.27377581674616747,0.5292037843506139,0.25350040805822127,0.3387790519457156,0.3387790519457156,0.5262560605649943,0.596591776554958,0.5974722757329369,0.3226816050656566,0.3822836197022056,0.3417820727823828,0.3417820727823828,0.32011970532636763,0.5258328795804535,0.5407794893805647,0.3270079971780114,0.5240958003590127,0.33004498504252333,0.5193818316088451,0.7658115532160189,0.5313079424247007,0.7363512334047654,0.7351774508596407,0.600423260552675,0.5253583079808822,0.732897440153561,0.600423260552675,0.734085829384295,0.7345496928837125,0.5978582078870843,0.7385951640720926,0.7337167207169503,0.731538488389558,0.734085829384295,0.524944621861187,0.5266177888897381,0.5260419633376583,0.7345496928837125,0.5262305773674467,0.7385951640720926,0.7369083071312075,0.7350643480390231,0.7381374764384582,0.7287945826456471,0.5256594299719924,0.7305809456555438,0.7328645034921555,0.0,0.0,0.0,0.5159415613586846,0.0,0.0,0.6340471951552795,0.63370869813007,0.5224761603552904,0.5233019830668779,0.7306213271933361,0.5173898831512326,0.592042810708004,0.7374576862514084,0.5288133945045157,0.7374576862514084,0.5281434834112316,0.7357317678949037,0.7327547039284976,0.5288133945045157,0.527584574378097,0.5243618440476232,0.7338263763378219,0.5240190318864597,0.3733101748348587,0.5406108352644373,0.3733101748348587,0.3733101748348587,0.3733101748348587,0.5421416752148692,0.29682668567897696,0.5479188828775502,0.735356190805927,0.735356190805927,0.503949842918941,0.26230876402730496,0.26230876402730496,0.6188482293727474,0.6543234916668939,0.5259807766946935,0.5259807766946935,0.5201300683749833,0.5204805951104694,0.8778945804877253,0.25917141714700836,0.2656312539869556,0.5251642735899076,0.6963494912383075,0.5189892214552421,0.4718405168460179,0.5213353028076831,0.5235735527753277,0.5214844754717631,0.5238040203071888,0.26421389591992894,0.2622985389599993,0.521643888733018,0.5218649297344439,0.5214844754717631,0.5261999959013528
Paraprevotella clara,0.7161353289041436,0.60104831096194,0.60104831096194,0.60104831096194,0.60104831096194,0.60104831096194,0.60104831096194,0.60104831096194,0.60104831096194,0.60104831096194,0.60104831096194,0.6370392644700902,0.6370392644700902,0.7152021652680451,0.7450560673356823,0.7450560673356823,0.5997573127610625,0.7161128573309888,0.7161128573309888,0.6411143495931305,0.6636640298231472,0.6636640298231472,0.5921334077812834,0.6398413156241641,0.640783771486635,0.6402058964060741,0.7174860734837908,0.6356947870065479,0.593928899927065,0.593928899927065,0.7154196374248212,0.3725550313874598,0.37387732491931025,0.662741970472052,0.6201038082793853,0.595782008587219,0.595782008587219,0.6619766582165563,0.7156257999730576,0.7895802823372918,0.6628471823842302,0.7157906872587068,0.6681508826538888,0.7126249600921738,0.5222296996346204,0.7193005214126384,0.5694594109754555,0.5698925531070457,0.37916990098177317,0.7142189658772632,0.5682524083830112,0.37916990098177317,0.5662997507994161,0.5689599470792378,0.3746942308293258,0.5696618988336358,0.5648153949531477,0.563546097196899,0.5662997507994161,0.7124706336419108,0.7138546134581766,0.7136404226860628,0.5689599470792378,0.7150183872460741,0.5696618988336358,0.5651049842462805,0.5663376386179341,0.56807774667624,0.5627983945460979,0.7133359356908857,0.5653659621820233,0.5631461759502229,0.6340471951552795,0.6340471951552795,0.6340471951552795,0.7103254221181197,0.6340471951552795,0.6340471951552795,0.0,0.2569263866360416,0.7121242184224265,0.7120225210969346,0.5633747371390562,0.7104802145391182,0.36993976662233424,0.5710773035433634,0.7164124203511006,0.5710773035433634,0.7162626545018507,0.5717062900213374,0.5709692735058256,0.7164124203511006,0.7158656234698897,0.7157607105775189,0.5660107727875611,0.7143616512160403,0.6127068520695755,0.7261474282791942,0.6127068520695755,0.6127068520695755,0.6127068520695755,0.7272509655862539,0.6486959577156393,0.7319050310617427,0.5677566066634283,0.5677566066634283,0.7668999831324602,0.6355048982526454,0.6355048982526454,0.4032476794573033,0.3343162048828264,0.7158094220469595,0.7158094220469595,0.7131403940381736,0.7129598464498406,0.7430951813889287,0.6345376950995125,0.6387169312962164,0.714917101617705,0.9033118387903107,0.7134374457950103,0.7504220841412853,0.7122221354558468,0.7149583678650548,0.7138809131573679,0.7133096158983955,0.6372539492782144,0.6358719653488026,0.7146281711644437,0.7140086407738978,0.7138809131573679,0.7168241150947381
Paraprevotella xylaniphila,0.7156857633813828,0.6006376368259375,0.6006376368259375,0.6006376368259375,0.6006376368259375,0.6006376368259375,0.6006376368259375,0.6006376368259375,0.6006376368259375,0.6006376368259375,0.6006376368259375,0.6365085562730854,0.6365085562730854,0.7147294977376786,0.7446455740456344,0.7446455740456344,0.5993368039608885,0.7157906872587068,0.7157906872587068,0.6406958675971086,0.6632031603913983,0.6632031603913983,0.5916349521982652,0.6393045429386147,0.6402980563633714,0.6397281276176187,0.7170747587909894,0.6352220698222818,0.5934319524768964,0.5934319524768964,0.715037142269468,0.37170456320069856,0.37295796483130556,0.6623614495099029,0.6196971061851735,0.5952956190819424,0.5952956190819424,0.661563264726348,0.7152884121378514,0.7892201358858842,0.6623938427829147,0.7153783977855772,0.6677493448090829,0.7121731786219692,0.5215719016806367,0.7189499360012317,0.569157900296269,0.5694123104558696,0.3786744296381523,0.7139560498168214,0.5679219219966286,0.3786744296381523,0.5659681241967016,0.5685449644680562,0.37416416168321615,0.5692568510912117,0.5643783562803645,0.5631461759502229,0.5659681241967016,0.7121091530684206,0.7135088701741336,0.713339695581967,0.5685449644680562,0.7147482603415449,0.5692568510912117,0.5646301698649991,0.5659017755556025,0.567595968520372,0.5624742403389525,0.7130125108856995,0.5650337875253632,0.5628222220458036,0.63370869813007,0.63370869813007,0.63370869813007,0.7098797336164739,0.63370869813007,0.63370869813007,0.2569263866360416,0.0,0.711815314934442,0.711796475019586,0.5628984632669463,0.7100270683950706,0.36930121333426646,0.5707390543704248,0.7160454383801877,0.5707390543704248,0.7158806097708349,0.571283912780302,0.5705463506494283,0.7160454383801877,0.7155208519166858,0.7153708994139301,0.5656505280585634,0.7139034549855393,0.6122952367483274,0.725800150157169,0.6122952367483274,0.6122952367483274,0.6122952367483274,0.7269115940799021,0.6483320143245933,0.7316044796233532,0.5672272738259105,0.5672272738259105,0.7666481368201815,0.6352009581733904,0.6352009581733904,0.40260865995333156,0.33372200724342377,0.7154646234111426,0.7154646234111426,0.712801829796004,0.7125910864174021,0.7427847145270178,0.6341487090295522,0.6383893130495301,0.7145643655802755,0.9030564553948279,0.7130614100933363,0.7500645904645408,0.711852993268301,0.7146056521970315,0.7135126291539278,0.7129184645209977,0.6369087344213048,0.6354837959997051,0.7142077000311892,0.7136629721103898,0.7135126291539278,0.7164348825282132
Alistipes onderdonkii,0.22706862744123604,0.4795535670527794,0.4795535670527794,0.4795535670527794,0.4795535670527794,0.4795535670527794,0.4795535670527794,0.4795535670527794,0.4795535670527794,0.4795535670527794,0.4795535670527794,0.5252766180259899,0.5252766180259899,0.22422785490951483,0.31313985736884614,0.31313985736884614,0.4788763536970783,0.22718671399945017,0.22718671399945017,0.531040328034997,0.9295723484609525,0.9295723484609525,0.8401179109572436,0.5290365096915348,0.5299027244490656,0.5294469986034035,0.23164097706591572,0.5242697672795428,0.4715334659475225,0.4715334659475225,0.2260149390297885,0.7502612330666935,0.7510544308029771,0.48880989140784725,0.42692261383317837,0.4736956288025756,0.4736956288025756,0.48805760118617375,0.22583686698567917,0.6521021617138175,0.4890731938036399,0.22576559884095426,0.4954803965811914,0.21762361095950566,0.8347501406535647,0.23634052064493177,0.865448397073495,0.865429802541598,0.7535535970727254,0.2224264129324704,0.8643692530066692,0.7535535970727254,0.865054727508239,0.865014420515396,0.7516184490391101,0.8671914100254973,0.8643754588332963,0.8632110862732129,0.865054727508239,0.22272766508576927,0.2252184605018816,0.22290822095492635,0.865014420515396,0.22435939140612243,0.8671914100254973,0.8643040891368519,0.8645771239496849,0.8666778487736834,0.862959375475711,0.222823979756254,0.8628661306204838,0.8633167207892893,0.5224761603552904,0.5224761603552904,0.5224761603552904,0.21012443300994807,0.5224761603552904,0.5224761603552904,0.7121242184224265,0.711815314934442,0.0,0.21167593872608584,0.8601981673558117,0.20754296954208767,0.7491307282633709,0.8676459363901731,0.2301424940191616,0.8676459363901731,0.22859899478283197,0.8668666024244379,0.8664302406751573,0.2301424940191616,0.22789394839879928,0.22550408960905402,0.8629780232377425,0.21963550674724797,0.49507424950465406,0.25669662436472807,0.49507424950465406,0.49507424950465406,0.49507424950465406,0.2597812695710242,0.5397021740493421,0.27291235420296633,0.8638695377203595,0.8638695377203595,0.6785193227754125,0.5238245014028098,0.5238245014028098,0.7207569776231783,0.683199147846623,0.22606240121826418,0.22606240121826418,0.21716713076042649,0.2171177240641301,0.988223409535054,0.5232558534568801,0.5284582443851555,0.2230525604181122,0.8310404937797884,0.21838638473115746,0.3247611716912263,0.21610239752083887,0.22368894562120734,0.22053730422038942,0.22029393921112395,0.5256084044882263,0.5242595355292851,0.2227999049920158,0.21985520333573733,0.22053730422038942,0.23042201941856702
Alistipes finegoldii,0.22790571704495854,0.4801963143819279,0.4801963143819279,0.4801963143819279,0.4801963143819279,0.4801963143819279,0.4801963143819279,0.4801963143819279,0.4801963143819279,0.4801963143819279,0.4801963143819279,0.5256084044882263,0.5256084044882263,0.22464611279008656,0.3131998072921759,0.3131998072921759,0.47915071244268503,0.22856379411616115,0.22856379411616115,0.5309342548328304,0.929615626588722,0.929615626588722,0.8403062470701427,0.5289908801498967,0.5303226578339432,0.5290973429591068,0.23186086563004157,0.5240395045787588,0.47182346370498685,0.47182346370498685,0.227092249665221,0.750114649835936,0.7509508624565943,0.4884311455408897,0.4267026753229692,0.4734860878445421,0.4734860878445421,0.4878322376917455,0.2260149390297885,0.6523776720777891,0.48887024406579976,0.2267021682154836,0.4959727417808632,0.2169941581079238,0.8346955174531908,0.23700912693958,0.8655940404203584,0.8658666684713454,0.7540695091857578,0.22435939140612243,0.8647508284911364,0.7540695091857578,0.8651136343504325,0.8651973371743182,0.7517219254088833,0.8673058370530825,0.8646825915828886,0.8634689360356257,0.8651136343504325,0.2237009354877837,0.225206551427474,0.22344901318530194,0.8651973371743182,0.22682044555864564,0.8673058370530825,0.8645802261225333,0.864803553323414,0.8666438068550288,0.8631924435461003,0.22336497594432853,0.8630122097549519,0.8633322541868121,0.5233019830668779,0.5233019830668779,0.5233019830668779,0.2104687845317427,0.5233019830668779,0.5233019830668779,0.7120225210969346,0.711796475019586,0.21167593872608584,0.0,0.8595837077102039,0.20825252022572022,0.7492560264040472,0.8678468415326621,0.2307593275198463,0.8678468415326621,0.23031723714930996,0.867135737363149,0.8667366453021585,0.2307593275198463,0.22743449620163667,0.2273873204085132,0.8631240834349838,0.22130215472667578,0.494841241499095,0.25764567559658047,0.494841241499095,0.494841241499095,0.494841241499095,0.2613150696425057,0.5399257571164588,0.2739814681317979,0.8636677073836617,0.8636677073836617,0.6786260408311203,0.5235120776314464,0.5235120776314464,0.7206564985330957,0.6828418106889615,0.2264772710868385,0.2264772710868385,0.2173523058480122,0.21762361095950566,0.9880361234030473,0.5228610226563705,0.527925071232196,0.2239525744052385,0.8307402944473189,0.21874225298379446,0.3250170874472657,0.21536889668731218,0.22396455015853736,0.22035480566138088,0.22035480566138088,0.525735958912087,0.5237732971621226,0.2227156228233136,0.2204764881521067,0.22035480566138088,0.22982762157504663
Alistipes shahii,0.8643723559255522,0.7718154109327849,0.7718154109327849,0.7718154109327849,0.7718154109327849,0.7718154109327849,0.7718154109327849,0.7718154109327849,0.7718154109327849,0.7718154109327849,0.7718154109327849,0.7363148086836893,0.7363148086836893,0.8636614964714974,0.8308371447930585,0.8308371447930585,0.7708731058113207,0.8648500725649125,0.8648500725649125,0.740611423757921,0.4722212098702458,0.4722212098702458,0.3519119423975078,0.739110631081803,0.7400208952243517,0.7391360321300916,0.8659874648191908,0.7341588981974343,0.766606154390943,0.766606154390943,0.864164435726493,0.5249344032648463,0.5230507837462856,0.7590574264661923,0.786841080234909,0.7678401781157037,0.7678401781157037,0.7584883317041596,0.8642296101263324,0.6378218837914439,0.7592340771610456,0.8643599441831864,0.7625545282114143,0.861858443363968,0.3897665327325496,0.8672810973533848,0.32954076403812105,0.3284483517011857,0.5291632377737083,0.8632141933552543,0.3061322867363942,0.5291632377737083,0.31229935008695503,0.3269751881082812,0.5237988999081534,0.3324336248357589,0.3104646858880168,0.3064037621781092,0.31229935008695503,0.8630992238703636,0.8633477873048572,0.8629904548552377,0.3269751881082812,0.8640123430081105,0.3324336248357589,0.3195494701598751,0.32008619020243906,0.3309619925832843,0.3082451947202497,0.8631800148376694,0.2869394732873385,0.32202430155837874,0.7306213271933361,0.7306213271933361,0.7306213271933361,0.859802093920205,0.7306213271933361,0.7306213271933361,0.5633747371390562,0.5628984632669463,0.8601981673558117,0.8595837077102039,0.0,0.8595556254577026,0.5050290740238562,0.3248354905842296,0.8653895130185146,0.3248354905842296,0.8651353358601698,0.32079763322348775,0.2979540223825314,0.8653895130185146,0.8643661500766473,0.8642420237404802,0.31494190712607084,0.8629780232377425,0.7814642983741232,0.8730602921150111,0.7814642983741232,0.7814642983741232,0.7814642983741232,0.8741195019485475,0.7468825403800955,0.8779831744710147,0.3237354856367717,0.3237354856367717,0.6058041822578144,0.7351482647008171,0.7351482647008171,0.5484864109818104,0.5871069684524648,0.8643009859728848,0.8643009859728848,0.8619051215606587,0.8617432930017059,0.5796637315542577,0.7346336683341875,0.7372430769138061,0.8634751483328629,0.7740189019765499,0.8621633619019129,0.8353122306616941,0.8611517377830825,0.8636273356561746,0.8626174283965035,0.8623188910461804,0.7365952325738475,0.7354364272635735,0.863167585950278,0.8625925542302926,0.8626174283965035,0.8651911372428445
Alistipes putredinis,0.2191832166471291,0.4761860315924631,0.4761860315924631,0.4761860315924631,0.4761860315924631,0.4761860315924631,0.4761860315924631,0.4761860315924631,0.4761860315924631,0.4761860315924631,0.4761860315924631,0.5204445223764715,0.5204445223764715,0.21167593872608584,0.3019953525898106,0.3019953525898106,0.475278349329799,0.2207682524899282,0.2207682524899282,0.5258124767138407,0.927081904714266,0.927081904714266,0.8362653130153744,0.5246277528229837,0.527376102205486,0.5249599493827418,0.2247774045283456,0.5191494009253634,0.4655803891135111,0.4655803891135111,0.21912202475988524,0.7463113492855844,0.747036938416606,0.48289206508010546,0.4200062760027383,0.46724226759457277,0.46724226759457277,0.4815516458041029,0.21780839795973417,0.6498113300811093,0.4854402673955877,0.2128258448331445,0.4920474405660097,0.2010977101314971,0.8315180068760428,0.2307128315839482,0.8622877874615257,0.8624743921440334,0.7504149359367697,0.21855825554230313,0.8613230192331092,0.7504149359367697,0.8619362389540857,0.8619704667893895,0.7479770005449158,0.8641489172877425,0.8633322541868121,0.860004831459339,0.8619362389540857,0.2189628458211674,0.22037914753449145,0.2184355044764325,0.8619704667893895,0.2213990895340955,0.8641489172877425,0.8628630222851039,0.861581434046924,0.8637950212415078,0.8596648290644187,0.21726591044748156,0.8595961884168343,0.8596679489636322,0.5173898831512326,0.5173898831512326,0.5173898831512326,0.19125403167779761,0.5173898831512326,0.5173898831512326,0.7104802145391182,0.7100270683950706,0.20754296954208767,0.20825252022572022,0.8595556254577026,0.0,0.7475681111552367,0.8642947796115262,0.22538512147119905,0.8642947796115262,0.22452669004346718,0.8638415947940621,0.8635403747556242,0.22538512147119905,0.2184723370379415,0.21161257597472577,0.8594900966336715,0.21137162429237985,0.49097245055714184,0.25237642028838786,0.49097245055714184,0.49097245055714184,0.49097245055714184,0.25572307576147685,0.5378004586186406,0.26875306916223096,0.860403928798048,0.860403928798048,0.6749921350249394,0.5186376867601648,0.5186376867601648,0.7163824696860366,0.6781792940743199,0.21880355108027127,0.21880355108027127,0.20517750807435936,0.20108437252842282,0.9855056378179562,0.5179080089026016,0.5246482017619255,0.21499497043151225,0.8276901884765144,0.20300917688014883,0.31472893295605014,0.20270508272603086,0.21054523060891644,0.20594730970213795,0.21142237378273718,0.5210574192203242,0.5183738792935532,0.20823964088372293,0.20592126185409826,0.20594730970213795,0.21654873685526463
Alistipes_A indistinctus,0.7530800703634526,0.644539814351709,0.644539814351709,0.644539814351709,0.644539814351709,0.644539814351709,0.644539814351709,0.644539814351709,0.644539814351709,0.644539814351709,0.644539814351709,0.6016370494308337,0.6016370494308337,0.7520786312870813,0.713317135938203,0.713317135938203,0.6425017551635821,0.7530871932708635,0.7530871932708635,0.6062423258023876,0.6295984607216136,0.6295984607216136,0.5513931205964083,0.6046564261551287,0.6061582622052001,0.6048826043826854,0.754649044467515,0.5973106486997688,0.6378050633722954,0.6378050633722954,0.7525634799511711,0.308619115257554,0.3025809421537703,0.628848258506115,0.6623209556906973,0.639371664168553,0.639371664168553,0.6279647714759777,0.7524672480857222,0.7612907988719915,0.6291382154065649,0.7528022244055992,0.6321068479952344,0.7498428587909926,0.5697842984430849,0.7559345215025289,0.5301354997052352,0.5300849050839859,0.31642023653852147,0.7515506464512537,0.5171254391278373,0.31642023653852147,0.5274422120595001,0.5290111604320752,0.30394293030420755,0.532845375229168,0.5216284637724047,0.5226917181559851,0.5274422120595001,0.7515113895254643,0.7520536673827041,0.751036575210471,0.5290111604320752,0.7524601193098113,0.532845375229168,0.5248322063587353,0.5250978769433826,0.5315047801646485,0.5187824651888631,0.7504613980490626,0.513889308717632,0.5261388276365834,0.592042810708004,0.592042810708004,0.592042810708004,0.7476864968692546,0.592042810708004,0.592042810708004,0.36993976662233424,0.36930121333426646,0.7491307282633709,0.7492560264040472,0.5050290740238562,0.7475681111552367,0.0,0.527040339640745,0.7534859686195778,0.527040339640745,0.7530943161109046,0.5260827504794233,0.5132992043937993,0.7534859686195778,0.7528663518046853,0.7527238390541459,0.5225634206527501,0.75136505018681,0.6552123710738936,0.7622906910241489,0.6552123710738936,0.6552123710738936,0.6552123710738936,0.7634333269783684,0.6139662534112575,0.7678890786816186,0.5278691838331879,0.5278691838331879,0.737639509693174,0.5999942782180699,0.5999942782180699,0.34792622754154273,0.403865765411029,0.7529696566822446,0.7529696566822446,0.7503756195947353,0.7496818834383377,0.7128883670639606,0.5988264289876424,0.6006063783851883,0.7518289549424801,0.8785817133714394,0.7504578241425506,0.7185170628859485,0.7491665298705152,0.7523103994113646,0.7508651399184357,0.751015147939095,0.6021138619571264,0.5999272220192139,0.7514328695212151,0.7510794279193505,0.7508651399184357,0.7531869069016575
Parabacteroides distasonis,0.8701153871298156,0.7769448675883311,0.7769448675883311,0.7769448675883311,0.7769448675883311,0.7769448675883311,0.7769448675883311,0.7769448675883311,0.7769448675883311,0.7769448675883311,0.7769448675883311,0.7416825924311825,0.7416825924311825,0.8682485123545516,0.8355658502754897,0.8355658502754897,0.7763197904408257,0.8699119227549703,0.8699119227549703,0.7439392841685796,0.4803582627065642,0.4803582627065642,0.3716107485251936,0.7435209598332341,0.7461603956142546,0.7445483188022356,0.8711597052601804,0.7395133163582351,0.7710053065786978,0.7710053065786978,0.8694955973313864,0.531721721929904,0.5292037843506139,0.764054905358963,0.7920154533549157,0.7720586238765107,0.7720586238765107,0.7627514671337781,0.8694986819562447,0.6449682776832462,0.7653736452977511,0.868010622079171,0.7672845887130798,0.8660091444314222,0.3990085501202222,0.8720397797886791,0.3353575162344365,0.3345086909585857,0.5338611722063135,0.8691870795636883,0.3218743484412569,0.5338611722063135,0.331504507131501,0.3295163466777973,0.528148561689542,0.3377244657329658,0.33262720033246335,0.32976857221743816,0.331504507131501,0.8690111754266876,0.8695480344658141,0.8690636417899262,0.3295163466777973,0.8695233585611738,0.3377244657329658,0.31957464904839256,0.31266842229263453,0.33499742860316906,0.32571776042485456,0.8686963107025941,0.32414945921531624,0.3263840608849242,0.7374576862514084,0.7374576862514084,0.7374576862514084,0.8647136090268972,0.7374576862514084,0.7374576862514084,0.5710773035433634,0.5707390543704248,0.8676459363901731,0.8678468415326621,0.3248354905842296,0.8642947796115262,0.527040339640745,0.0,0.8699797495004444,0.0,0.869677571478424,0.32456290477916216,0.31947392158769067,0.8699797495004444,0.8692642192711064,0.8670274747307367,0.3258000934714477,0.868372065997736,0.7849674961105458,0.878105358401533,0.7849674961105458,0.7849674961105458,0.7849674961105458,0.8785725551346044,0.7527808473919388,0.8816139468769161,0.3342439940259465,0.3342439940259465,0.6157503517055753,0.7409083215143881,0.7409083215143881,0.5567806271828559,0.5944118956427936,0.869865674214426,0.869865674214426,0.8666499963942427,0.8663156979947164,0.584396285559751,0.7396438699066675,0.7431312737688179,0.8686932232286123,0.7788928483345715,0.8663869019824002,0.8395750113385965,0.8665138163185443,0.8673429452795091,0.8666592806201795,0.8686685230417059,0.7412376663949559,0.7401441118444722,0.8677757573380516,0.8673460375600477,0.8666592806201795,0.8691222769184029
Parabacteroides goldsteinii,0.23928410632352556,0.48557837352342254,0.48557837352342254,0.48557837352342254,0.48557837352342254,0.48557837352342254,0.48557837352342254,0.48557837352342254,0.48557837352342254,0.48557837352342254,0.48557837352342254,0.5311261813017817,0.5311261813017817,0.23702044299520678,0.3239011385594664,0.3239011385594664,0.48407920172581315,0.23975441107161496,0.23975441107161496,0.5358569593579793,0.9325451992502823,0.9325451992502823,0.8436223466643619,0.5345138819873376,0.5353712345925156,0.5349903586145025,0.24382538595628536,0.5298369216030295,0.47788399059643716,0.47788399059643716,0.23855442589734338,0.7540339403725991,0.7547805334533156,0.49515550557105603,0.4341242561772758,0.47934658683327086,0.47934658683327086,0.49391354050726805,0.23921684445112895,0.6564147391954375,0.4947328282909105,0.23937375942008593,0.5012817288581042,0.22964082676895473,0.8379249971527495,0.24786196255196644,0.8686222082981342,0.8688877126632581,0.7572815697562297,0.23565863659070674,0.8676459363901731,0.7572815697562297,0.8680322511618702,0.868121851620857,0.7553985801594804,0.8700629841887154,0.8674357089004331,0.866547863343815,0.8680322511618702,0.23491769532317824,0.23601118934117554,0.23447200669088686,0.868121851620857,0.23617023420402872,0.8700629841887154,0.867135737363149,0.8673955125493961,0.8696683194745356,0.8661237276528002,0.23329083777228352,0.8662661613340088,0.8665045305340194,0.5288133945045157,0.5288133945045157,0.5288133945045157,0.2260861285761063,0.5288133945045157,0.5288133945045157,0.7164124203511006,0.7160454383801877,0.2301424940191616,0.2307593275198463,0.8653895130185146,0.22538512147119905,0.7534859686195778,0.8699797495004444,0.0,0.8699797495004444,0.2348948600671998,0.8691469642101306,0.8688228876891795,0.0,0.23890270532092459,0.24008977899477574,0.8666809434272579,0.23486060302026615,0.5002051364645966,0.2671214266060192,0.5002051364645966,0.5002051364645966,0.5002051364645966,0.2697491921810517,0.5441169488240823,0.28161832958901106,0.8677293949434336,0.8677293949434336,0.6833326104817065,0.5297609850857679,0.5297609850857679,0.7252012592936302,0.6876989474674067,0.2408148072723051,0.2408148072723051,0.23232310864396724,0.23093360390411646,0.9909986839621778,0.5286307756724277,0.5339214557678728,0.23695253855519546,0.834576619305928,0.2326576605540377,0.33391483584613374,0.2304685740244403,0.2372127333478115,0.23337130072776446,0.23620430131335904,0.531646054624099,0.5299685191247776,0.23521435191222595,0.2341973151897362,0.23337130072776446,0.24306520284270614
Parabacteroides distasonis_A,0.8701153871298156,0.7769448675883311,0.7769448675883311,0.7769448675883311,0.7769448675883311,0.7769448675883311,0.7769448675883311,0.7769448675883311,0.7769448675883311,0.7769448675883311,0.7769448675883311,0.7416825924311825,0.7416825924311825,0.8682485123545516,0.8355658502754897,0.8355658502754897,0.7763197904408257,0.8699119227549703,0.8699119227549703,0.7439392841685796,0.4803582627065642,0.4803582627065642,0.3716107485251936,0.7435209598332341,0.7461603956142546,0.7445483188022356,0.8711597052601804,0.7395133163582351,0.7710053065786978,0.7710053065786978,0.8694955973313864,0.531721721929904,0.5292037843506139,0.764054905358963,0.7920154533549157,0.7720586238765107,0.7720586238765107,0.7627514671337781,0.8694986819562447,0.6449682776832462,0.7653736452977511,0.868010622079171,0.7672845887130798,0.8660091444314222,0.3990085501202222,0.8720397797886791,0.3353575162344365,0.3345086909585857,0.5338611722063135,0.8691870795636883,0.3218743484412569,0.5338611722063135,0.331504507131501,0.3295163466777973,0.528148561689542,0.3377244657329658,0.33262720033246335,0.32976857221743816,0.331504507131501,0.8690111754266876,0.8695480344658141,0.8690636417899262,0.3295163466777973,0.8695233585611738,0.3377244657329658,0.31957464904839256,0.31266842229263453,0.33499742860316906,0.32571776042485456,0.8686963107025941,0.32414945921531624,0.3263840608849242,0.7374576862514084,0.7374576862514084,0.7374576862514084,0.8647136090268972,0.7374576862514084,0.7374576862514084,0.5710773035433634,0.5707390543704248,0.8676459363901731,0.8678468415326621,0.3248354905842296,0.8642947796115262,0.527040339640745,0.0,0.8699797495004444,0.0,0.869677571478424,0.32456290477916216,0.31947392158769067,0.8699797495004444,0.8692642192711064,0.8670274747307367,0.3258000934714477,0.868372065997736,0.7849674961105458,0.878105358401533,0.7849674961105458,0.7849674961105458,0.7849674961105458,0.8785725551346044,0.7527808473919388,0.8816139468769161,0.3342439940259465,0.3342439940259465,0.6157503517055753,0.7409083215143881,0.7409083215143881,0.5567806271828559,0.5944118956427936,0.869865674214426,0.869865674214426,0.8666499963942427,0.8663156979947164,0.584396285559751,0.7396438699066675,0.7431312737688179,0.8686932232286123,0.7788928483345715,0.8663869019824002,0.8395750113385965,0.8665138163185443,0.8673429452795091,0.8666592806201795,0.8686685230417059,0.7412376663949559,0.7401441118444722,0.8677757573380516,0.8673460375600477,0.8666592806201795,0.8691222769184029
Parabacteroides gordonii,0.23725795548783687,0.4849593514879944,0.4849593514879944,0.4849593514879944,0.4849593514879944,0.4849593514879944,0.4849593514879944,0.4849593514879944,0.4849593514879944,0.4849593514879944,0.4849593514879944,0.5302467908788565,0.5302467908788565,0.23527135837241014,0.3232214220493214,0.3232214220493214,0.4839905445603114,0.23694121925652634,0.23694121925652634,0.5356166557653317,0.9322978237539156,0.9322978237539156,0.8434061310736964,0.5336903318031041,0.5349602779090998,0.5338661960964388,0.24347313239309173,0.5296951646317679,0.4773111832758587,0.4773111832758587,0.23819437750665642,0.7537564460256534,0.7544322152929478,0.49483040124713584,0.4336420949272203,0.47890995709016315,0.47890995709016315,0.49358761815659247,0.23687329210545588,0.6561041341238246,0.4944725396112328,0.2369638573131639,0.5004249279260898,0.22854032399296775,0.8375151880985354,0.24682097674596018,0.8686530850682269,0.8686777856941003,0.7570265236131081,0.23157149519351347,0.8674604441906579,0.7570265236131081,0.8680507899466694,0.8681589249678947,0.7553275660316632,0.8701431285856986,0.8673862362038511,0.8663497528059184,0.8680507899466694,0.23475780188569675,0.23761942277872808,0.233968159249156,0.8681589249678947,0.23623836350999053,0.8701431285856986,0.86721615228377,0.867457352317952,0.8696744874880641,0.8660989541867171,0.23317584252806464,0.8662599690522441,0.8665602437486153,0.5281434834112316,0.5281434834112316,0.5281434834112316,0.22406033314170734,0.5281434834112316,0.5281434834112316,0.7162626545018507,0.7158806097708349,0.22859899478283197,0.23031723714930996,0.8651353358601698,0.22452669004346718,0.7530943161109046,0.869677571478424,0.2348948600671998,0.869677571478424,0.0,0.8687395341861952,0.8683350017507016,0.2348948600671998,0.23598845989639408,0.23712226319450277,0.8660370174211278,0.23348619970608492,0.4996901246045224,0.2667999323699452,0.4996901246045224,0.4996901246045224,0.4996901246045224,0.26853342621452636,0.5440775136299718,0.28024354886969466,0.8675315542215408,0.8675315542215408,0.6827121806739427,0.5291226880897258,0.5291226880897258,0.7246018734408332,0.6872854159515356,0.2395417685365891,0.2395417685365891,0.2309103746525459,0.22815271838485957,0.9908579394018594,0.5282958105258959,0.5336400742169635,0.2347235248356196,0.8343966331266646,0.23094521765372292,0.33309454335064564,0.22897413184713417,0.23576104492606445,0.23205743141603563,0.23492911211881706,0.5306260171825201,0.5295128499053822,0.23368139831378462,0.23399108494214613,0.23205743141603563,0.2412932440741518
Parabacteroides merdae,0.8693012438992547,0.776074456953943,0.776074456953943,0.776074456953943,0.776074456953943,0.776074456953943,0.776074456953943,0.776074456953943,0.776074456953943,0.776074456953943,0.776074456953943,0.7399520299411245,0.7399520299411245,0.8669130109610883,0.8344094905698534,0.8344094905698534,0.7758428739265162,0.8693691182888877,0.8693691182888877,0.7427558272912616,0.47473064708147267,0.47473064708147267,0.36435128655910154,0.7433405750140566,0.7453044139661851,0.7431998444617208,0.8706916113249992,0.738656893865736,0.7701003214368652,0.7701003214368652,0.8686746981542763,0.5300747855802369,0.5276506581124345,0.7633244108809929,0.7906461685104281,0.7712661626482586,0.7712661626482586,0.7615761131959864,0.8685789789759926,0.6440860815772108,0.7647987298232793,0.8677139402614128,0.7671797154038528,0.8647136090268972,0.39755398092951605,0.8715660039300769,0.33368985830955566,0.3302643245435941,0.5281231698096776,0.8679024685803673,0.3231384319788726,0.5281231698096776,0.3247859465451122,0.3296790949203854,0.5262356741056791,0.33603662898322517,0.3324497604321686,0.3264662258941268,0.3247859465451122,0.8678066642250738,0.8685110428367456,0.8682299777915983,0.3296790949203854,0.8685233952573181,0.33603662898322517,0.3302724454313719,0.32382660523076184,0.3353815083302546,0.3173428081651512,0.8678993782823637,0.32053834870003617,0.3261538887400161,0.7357317678949037,0.7357317678949037,0.7357317678949037,0.8633788527025745,0.7357317678949037,0.7357317678949037,0.5717062900213374,0.571283912780302,0.8668666024244379,0.867135737363149,0.32079763322348775,0.8638415947940621,0.5260827504794233,0.32456290477916216,0.8691469642101306,0.32456290477916216,0.8687395341861952,0.0,0.31636937465753734,0.8691469642101306,0.868881539064575,0.8672378011807037,0.3240170452150137,0.867618115088396,0.7844548095350956,0.8772619428873124,0.7844548095350956,0.7844548095350956,0.7844548095350956,0.8777234771445508,0.7516113122126311,0.8806886233245734,0.3326030095565378,0.3326030095565378,0.6143374582843991,0.7398650330529346,0.7398650330529346,0.5552370128259273,0.593327992670119,0.8689401864811437,0.8689401864811437,0.8659502985068969,0.8655165736060103,0.5844788902823711,0.7387004647319253,0.7422067561925353,0.8679889924575049,0.7777005047079059,0.8652345358302085,0.838724827997218,0.866129920908605,0.8673924204452372,0.8653647185335006,0.8677541218621518,0.7409481402123033,0.7397598981628694,0.8664828633164691,0.8666159533815065,0.8653647185335006,0.8684307478203639
Parabacteroides johnsonii,0.8689031464680625,0.7758636155230175,0.7758636155230175,0.7758636155230175,0.7758636155230175,0.7758636155230175,0.7758636155230175,0.7758636155230175,0.7758636155230175,0.7758636155230175,0.7758636155230175,0.7395278234462066,0.7395278234462066,0.8665447682149775,0.8341941022563278,0.8341941022563278,0.7748500857667181,0.8689525328013107,0.8689525328013107,0.743423557466951,0.47746287561936934,0.47746287561936934,0.3682247855764316,0.7428460961731436,0.7448832556277337,0.7426908269027216,0.8702818226006462,0.7383772529620307,0.7697902936344126,0.7697902936344126,0.8683998631448622,0.5295128499053822,0.5272998113054086,0.7629061691937901,0.7903102640273574,0.7708661472481636,0.7708661472481636,0.76118509976069,0.8682423342108628,0.643540346434339,0.7643321698428509,0.8673151142585344,0.7668265365021892,0.8644188983722076,0.39657454120316393,0.8712982374555794,0.333440598974099,0.33048351847066965,0.5310049726552873,0.8674357089004331,0.30292644026061116,0.5310049726552873,0.32490979247775237,0.3253634909173926,0.5259552801592949,0.3361403723196265,0.31706378082293524,0.31889412125477057,0.32490979247775237,0.8673212990070397,0.8681620143420195,0.8678252078289399,0.3253634909173926,0.8681558355827763,0.3361403723196265,0.3248602597703256,0.3179676156825096,0.3343803792197037,0.31115503014110796,0.8674882705491138,0.30509671888528206,0.320622011778928,0.7327547039284976,0.7327547039284976,0.7327547039284976,0.8630712560042682,0.7327547039284976,0.7327547039284976,0.5709692735058256,0.5705463506494283,0.8664302406751573,0.8667366453021585,0.2979540223825314,0.8635403747556242,0.5132992043937993,0.31947392158769067,0.8688228876891795,0.31947392158769067,0.8683350017507016,0.31636937465753734,0.0,0.8688228876891795,0.8685944182665971,0.8669315736801335,0.32269822828412403,0.8672501717363162,0.7839725784491862,0.8767756938842833,0.7839725784491862,0.7839725784491862,0.7839725784491862,0.8773108586801692,0.7510294328546048,0.880423631350209,0.33162584402189016,0.33162584402189016,0.6140186724095953,0.7396076073437118,0.7396076073437118,0.5548069317415304,0.592889352934161,0.8687889298199887,0.8687889298199887,0.8656250252049453,0.8651973371743182,0.5841989047762784,0.7385080073439357,0.741957372720347,0.8678375700113883,0.7773866076988718,0.8648221613202887,0.8383506021564343,0.8657799324944923,0.8670120075368319,0.8650454260612025,0.867429524967667,0.7406259093365983,0.7395096895417754,0.8660958574536325,0.8663033140950948,0.8650454260612025,0.8682361560232121
Parabacteroides timonensis,0.23928410632352556,0.48557837352342254,0.48557837352342254,0.48557837352342254,0.48557837352342254,0.48557837352342254,0.48557837352342254,0.48557837352342254,0.48557837352342254,0.48557837352342254,0.48557837352342254,0.5311261813017817,0.5311261813017817,0.23702044299520678,0.3239011385594664,0.3239011385594664,0.48407920172581315,0.23975441107161496,0.23975441107161496,0.5358569593579793,0.9325451992502823,0.9325451992502823,0.8436223466643619,0.5345138819873376,0.5353712345925156,0.5349903586145025,0.24382538595628536,0.5298369216030295,0.47788399059643716,0.47788399059643716,0.23855442589734338,0.7540339403725991,0.7547805334533156,0.49515550557105603,0.4341242561772758,0.47934658683327086,0.47934658683327086,0.49391354050726805,0.23921684445112895,0.6564147391954375,0.4947328282909105,0.23937375942008593,0.5012817288581042,0.22964082676895473,0.8379249971527495,0.24786196255196644,0.8686222082981342,0.8688877126632581,0.7572815697562297,0.23565863659070674,0.8676459363901731,0.7572815697562297,0.8680322511618702,0.868121851620857,0.7553985801594804,0.8700629841887154,0.8674357089004331,0.866547863343815,0.8680322511618702,0.23491769532317824,0.23601118934117554,0.23447200669088686,0.868121851620857,0.23617023420402872,0.8700629841887154,0.867135737363149,0.8673955125493961,0.8696683194745356,0.8661237276528002,0.23329083777228352,0.8662661613340088,0.8665045305340194,0.5288133945045157,0.5288133945045157,0.5288133945045157,0.2260861285761063,0.5288133945045157,0.5288133945045157,0.7164124203511006,0.7160454383801877,0.2301424940191616,0.2307593275198463,0.8653895130185146,0.22538512147119905,0.7534859686195778,0.8699797495004444,0.0,0.8699797495004444,0.2348948600671998,0.8691469642101306,0.8688228876891795,0.0,0.23890270532092459,0.24008977899477574,0.8666809434272579,0.23486060302026615,0.5002051364645966,0.2671214266060192,0.5002051364645966,0.5002051364645966,0.5002051364645966,0.2697491921810517,0.5441169488240823,0.28161832958901106,0.8677293949434336,0.8677293949434336,0.6833326104817065,0.5297609850857679,0.5297609850857679,0.7252012592936302,0.6876989474674067,0.2408148072723051,0.2408148072723051,0.23232310864396724,0.23093360390411646,0.9909986839621778,0.5286307756724277,0.5339214557678728,0.23695253855519546,0.834576619305928,0.2326576605540377,0.33391483584613374,0.2304685740244403,0.2372127333478115,0.23337130072776446,0.23620430131335904,0.531646054624099,0.5299685191247776,0.23521435191222595,0.2341973151897362,0.23337130072776446,0.24306520284270614
Butyricimonas virosa,0.23333682000152128,0.4840514981059246,0.4840514981059246,0.4840514981059246,0.4840514981059246,0.4840514981059246,0.4840514981059246,0.4840514981059246,0.4840514981059246,0.4840514981059246,0.4840514981059246,0.5292848681860505,0.5292848681860505,0.23108453712204713,0.32104000013436423,0.32104000013436423,0.4829142813142487,0.23578379629354093,0.23578379629354093,0.5337807835336388,0.9317050060560866,0.9317050060560866,0.842731691107255,0.5322208563419242,0.5340269356258248,0.5328604754887147,0.24134881470754882,0.5284582443851555,0.4762986663674595,0.4762986663674595,0.23556756958446956,0.7525812993166434,0.7536923943596259,0.4927664263169716,0.4317453394402104,0.47757520925437447,0.47757520925437447,0.4916930082314814,0.2321383218908133,0.6552533041947174,0.4923961708283442,0.2307244564463537,0.49772714182452693,0.2262758578687648,0.8371564406117465,0.24536054926215625,0.868591330430431,0.8687704067864355,0.757239068031143,0.23337130072776446,0.8673429452795091,0.757239068031143,0.8679148296623488,0.8682330669129006,0.7553630739301053,0.8700999748276966,0.8672563569479524,0.8664797679554466,0.8679148296623488,0.23457493307361357,0.23691857903677596,0.23522575430949433,0.8682330669129006,0.2377773919266621,0.8700999748276966,0.8670738746569925,0.8676675745637007,0.8687734939861198,0.8661423072873617,0.23368139831378462,0.8660555989158985,0.8659100332017272,0.527584574378097,0.527584574378097,0.527584574378097,0.21899958969151212,0.527584574378097,0.527584574378097,0.7158656234698897,0.7155208519166858,0.22789394839879928,0.22743449620163667,0.8643661500766473,0.2184723370379415,0.7528663518046853,0.8692642192711064,0.23890270532092459,0.8692642192711064,0.23598845989639408,0.868881539064575,0.8685944182665971,0.23890270532092459,0.0,0.23102649755385254,0.8657148748089889,0.2305267540607152,0.4992712862950146,0.2655100626245589,0.4992712862950146,0.4992712862950146,0.4992712862950146,0.26751272531664205,0.543564595756229,0.2796687290065772,0.8658542781494691,0.8658542781494691,0.6820597287434141,0.527772637113801,0.527772637113801,0.7234757597317298,0.6854096974717108,0.23599982489242255,0.23599982489242255,0.22569430819168218,0.2247177359746866,0.9897746198417368,0.5274117008488967,0.5323216347519357,0.23298022034923246,0.8336634310782695,0.227623101600444,0.3303130468754286,0.21979419853328214,0.22941881039807738,0.2272693380831271,0.23057328751982073,0.5287626733777333,0.5269640001308441,0.22944219065907037,0.23034052621728487,0.2272693380831271,0.23598845989639408
Odoribacter splanchnicus,0.23680534546961554,0.48436168813974967,0.48436168813974967,0.48436168813974967,0.48436168813974967,0.48436168813974967,0.48436168813974967,0.48436168813974967,0.48436168813974967,0.48436168813974967,0.48436168813974967,0.527203160316836,0.527203160316836,0.2297342431571444,0.3165473554870196,0.3165473554870196,0.48252534953980347,0.2366467274509293,0.2366467274509293,0.5318276380715151,0.9305874112929496,0.9305874112929496,0.840979442945149,0.5304136838560403,0.5341675430362723,0.5319234487888145,0.24074797305835155,0.5267501906451023,0.4738371580735519,0.4738371580735519,0.23674870837677955,0.7515256650084696,0.7520180032246262,0.49132740268574704,0.4303889572494192,0.47517676156560984,0.47517676156560984,0.4898020214126453,0.2347806504722403,0.6553924576827891,0.4935387112402219,0.22772912349334032,0.4981365101329686,0.22191938869949418,0.8363615235663137,0.24540426995909306,0.8660803736221208,0.8663466569693069,0.7545992859034415,0.23321034705522636,0.8649772123933677,0.7545992859034415,0.8658171061199663,0.8659874648191908,0.7524743767940965,0.8678344794822853,0.8672316158367254,0.8641737466559803,0.8658171061199663,0.23404838934996583,0.23671471961651872,0.23424311947634466,0.8659874648191908,0.23567001749219796,0.8678344794822853,0.8667830607968591,0.865296530036356,0.8664983399557193,0.8637422348460917,0.2333827931711136,0.8639161072557445,0.8637701809866789,0.5243618440476232,0.5243618440476232,0.5243618440476232,0.21464538488247945,0.5243618440476232,0.5243618440476232,0.7157607105775189,0.7153708994139301,0.22550408960905402,0.2273873204085132,0.8642420237404802,0.21161257597472577,0.7527238390541459,0.8670274747307367,0.24008977899477574,0.8670274747307367,0.23712226319450277,0.8672378011807037,0.8669315736801335,0.24008977899477574,0.23102649755385254,0.0,0.8637857062296589,0.2298509602520883,0.4970854800292818,0.26504498238170837,0.4970854800292818,0.4970854800292818,0.4970854800292818,0.26719170190503605,0.5435744641257505,0.2787850366246369,0.8644282065608269,0.8644282065608269,0.6809262807519562,0.5268061967549877,0.5268061967549877,0.7227784692855528,0.6851905291736481,0.23593162670435144,0.23593162670435144,0.22137485981150215,0.22130215472667578,0.9886846877544154,0.5253021475015425,0.5318478101831904,0.23173358715539916,0.83242066069632,0.2213142738994746,0.3262607745730434,0.2202817639028984,0.22452669004346718,0.2248251279693352,0.23001426468494646,0.5272184221771901,0.5255267534093246,0.2272811390716899,0.22542081850515377,0.2248251279693352,0.23345173595037463
Barnesiella intestinihominis,0.8659874648191908,0.7730966291814643,0.7730966291814643,0.7730966291814643,0.7730966291814643,0.7730966291814643,0.7730966291814643,0.7730966291814643,0.7730966291814643,0.7730966291814643,0.7730966291814643,0.7365296884992774,0.7365296884992774,0.8639254208615842,0.8316857166611535,0.8316857166611535,0.7724337164832716,0.8659812705445799,0.8659812705445799,0.7402310759334637,0.46998378916016803,0.46998378916016803,0.3605923936612645,0.7398251560602794,0.7416608949146145,0.7396547483288791,0.8674078808558047,0.7357755119800778,0.7662877127794092,0.7662877127794092,0.8656807950224725,0.5248270959910473,0.5226763241183874,0.7586792557862598,0.7868376715690831,0.7675641808182354,0.7675641808182354,0.7581381793434033,0.8655289687622342,0.6395729855933614,0.7605012241746638,0.8643382232051793,0.7649389929521084,0.8617557424313181,0.38705276263112265,0.8685326594574588,0.3269669853264451,0.3255365544245017,0.5293507396570748,0.8653585198012443,0.3187426955416771,0.5293507396570748,0.32702440047852477,0.3268193000478793,0.5231276943083163,0.3302399606820624,0.32976043892096213,0.3215492101221543,0.32702440047852477,0.8653182269592112,0.8654050092109082,0.8649058923520018,0.3268193000478793,0.8659255200791387,0.3302399606820624,0.32468683578706903,0.31736816212262103,0.3287421922336434,0.319935328697276,0.8650206217134655,0.31559696454153224,0.3186164524729422,0.7338263763378219,0.7338263763378219,0.7338263763378219,0.8597053868710627,0.7338263763378219,0.7338263763378219,0.5660107727875611,0.5656505280585634,0.8629780232377425,0.8631240834349838,0.31494190712607084,0.8594900966336715,0.5225634206527501,0.3258000934714477,0.8666809434272579,0.3258000934714477,0.8660370174211278,0.3240170452150137,0.32269822828412403,0.8666809434272579,0.8657148748089889,0.8637857062296589,0.0,0.863763970811353,0.7809802207424226,0.8743587976313737,0.7809802207424226,0.7809802207424226,0.7809802207424226,0.8750303164727857,0.7474891769294066,0.8788350534111672,0.3192891720447336,0.3192891720447336,0.6099384486071499,0.7353124217751374,0.7353124217751374,0.5491266211215442,0.5871389455830011,0.8658233015690425,0.8658233015690425,0.8627542234916094,0.8614600198732683,0.5791313883795833,0.7344693595555569,0.7393392090995946,0.8646453691813281,0.7728016858989524,0.8622722352484642,0.836278141728355,0.8625925542302926,0.8641271910052957,0.8628381551989497,0.8643289140475053,0.7373922188371685,0.7354911289206287,0.8632079791799877,0.8631365129487973,0.8628381551989497,0.8652996296300723
Parasutterella excrementihominis,0.2268677392300434,0.47993931874437024,0.47993931874437024,0.47993931874437024,0.47993931874437024,0.47993931874437024,0.47993931874437024,0.47993931874437024,0.47993931874437024,0.47993931874437024,0.47993931874437024,0.5255471673683282,0.5255471673683282,0.22323285350460234,0.3123766338405827,0.3123766338405827,0.47941931979580665,0.22809393280289258,0.22809393280289258,0.5307624723221313,0.9297137162198554,0.9297137162198554,0.8400636367838257,0.5298926014661632,0.5303732297749186,0.5295736284547269,0.23475780188569675,0.5242441875294712,0.47255051736325626,0.47255051736325626,0.22855205935583428,0.7502076083778567,0.7511579848695381,0.48825539556154235,0.4269665879398854,0.4731234195254705,0.4731234195254705,0.4872711250865994,0.22506359338211537,0.6518265348986895,0.4887166044585098,0.22587249262549366,0.4957672065398301,0.21555561657039188,0.8347983346269191,0.23770970371769176,0.8667211729182166,0.8666840380697823,0.7550647556856567,0.23074770441421424,0.8656312220287727,0.7550647556856567,0.8663590402493774,0.866380710563605,0.7530551396569496,0.8682701355112743,0.8662382957174775,0.8646546749319415,0.8663590402493774,0.23064307010528318,0.23263460345467438,0.23209210221451826,0.866380710563605,0.2324962128395391,0.8682701355112743,0.8659007409423264,0.8660246295364552,0.8680353409868323,0.8642171963338753,0.2307360807230795,0.8640682169134811,0.8642699537204102,0.5240190318864597,0.5240190318864597,0.5240190318864597,0.21237168127974532,0.5240190318864597,0.5240190318864597,0.7143616512160403,0.7139034549855393,0.21963550674724797,0.22130215472667578,0.8629780232377425,0.21137162429237985,0.75136505018681,0.868372065997736,0.23486060302026615,0.868372065997736,0.23348619970608492,0.867618115088396,0.8672501717363162,0.23486060302026615,0.2305267540607152,0.2298509602520883,0.863763970811353,0.0,0.4946786127769245,0.25574405128345457,0.4946786127769245,0.4946786127769245,0.4946786127769245,0.2596056963073755,0.5393790571108126,0.27333461418348776,0.8640278638998139,0.8640278638998139,0.6787604026632027,0.5237169667151123,0.5237169667151123,0.7205448386662127,0.6828889427752987,0.2263351156563117,0.2263351156563117,0.2174016592332641,0.21339219000032938,0.9875528154698897,0.5220190889576735,0.5281282482833158,0.22098682294909505,0.8303333996357561,0.21691998474800325,0.3229806920964539,0.21346758916292033,0.2205129798057982,0.2186196052292777,0.22003811626291037,0.5258175775047135,0.5238142609551004,0.21331676418707465,0.21857052685729791,0.2186196052292777,0.22710405985581408
Escherichia coli,0.4980234288493151,0.30605342618179404,0.30605342618179404,0.30605342618179404,0.30605342618179404,0.30605342618179404,0.30605342618179404,0.30605342618179404,0.30605342618179404,0.30605342618179404,0.30605342618179404,0.3739490547369262,0.3739490547369262,0.4942229676577214,0.5397170824687066,0.5397170824687066,0.3070071521653281,0.4986154747206117,0.4986154747206117,0.37983423152586715,0.8525595213889346,0.8525595213889346,0.7999607066730275,0.3767287458327034,0.38068767379793295,0.3768639896452588,0.49831953971005877,0.3738558032903504,0.29511397447350285,0.29511397447350285,0.4981042038143831,0.6531049538071724,0.6539421734861726,0.41482093351363686,0.34329326421730055,0.2976748409917852,0.2976748409917852,0.41543471286644507,0.4978402904079149,0.6014274889242097,0.41913050953031233,0.49553993682755576,0.42466126519094655,0.4922981154105081,0.7481813614412947,0.5001997744907364,0.7833873466991439,0.783435276840451,0.6581000696783322,0.4985885787961357,0.7826611886583602,0.6581000696783322,0.7831099790098283,0.7829147354347046,0.6557361220536686,0.7846018139393854,0.7843317148907005,0.7811553472805334,0.7831099790098283,0.4979372544438858,0.4988198363539497,0.49835183206920947,0.7829147354347046,0.49909935351516027,0.7846018139393854,0.783904152853283,0.782644054156937,0.7846018139393854,0.7811175782109678,0.49833568615120394,0.7809596150384412,0.7815054826251355,0.3733101748348587,0.3733101748348587,0.3733101748348587,0.49129464861733385,0.3733101748348587,0.3733101748348587,0.6127068520695755,0.6122952367483274,0.49507424950465406,0.494841241499095,0.7814642983741232,0.49097245055714184,0.6552123710738936,0.7849674961105458,0.5002051364645966,0.7849674961105458,0.4996901246045224,0.7844548095350956,0.7839725784491862,0.5002051364645966,0.4992712862950146,0.4970854800292818,0.7809802207424226,0.4946786127769245,0.0,0.5033267718044792,0.0,0.0,0.0,0.5045668290682117,0.3852120748887875,0.5086539146828022,0.7815535281750672,0.7815535281750672,0.5699066717646085,0.37268459321762837,0.37268459321762837,0.6727074870445509,0.6324292389675787,0.49725271537759047,0.49725271537759047,0.4917039176513523,0.492434298217834,0.9157500978068606,0.37104736235533337,0.3794244628775056,0.4959997795508959,0.7436940880970314,0.49303849561094615,0.5450280917707999,0.4935224078577515,0.4949225358206043,0.49410356259674815,0.4958158936391063,0.37518780979736766,0.3733963797026132,0.49271743788946665,0.493745174155636,0.49410356259674815,0.49592947828271905
Escherichia fergusonii,0.26258469033827797,0.49598355706574687,0.49598355706574687,0.49598355706574687,0.49598355706574687,0.49598355706574687,0.49598355706574687,0.49598355706574687,0.49598355706574687,0.49598355706574687,0.49598355706574687,0.5417061484295328,0.5417061484295328,0.25965734782622235,0.3417742253746468,0.3417742253746468,0.49617278638994794,0.2621758070470365,0.2621758070470365,0.5466005371508473,0.938571244710355,0.938571244710355,0.850966203882376,0.5444274011578605,0.544402768551549,0.5441070902935053,0.26296234134261015,0.5412752263247557,0.490786681030255,0.490786681030255,0.2616740543054307,0.7616571088917208,0.7624595573413817,0.5057136940128139,0.4472459797280501,0.49206924344800224,0.49206924344800224,0.5056129167232832,0.2613150696425057,0.6648188399451259,0.5058621713190116,0.26240077170307896,0.5109057241551348,0.2556601388699798,0.8449121295461569,0.2670913029604082,0.8762952964749242,0.8761238807983018,0.765965637230773,0.26330889444486905,0.8752601702466083,0.765965637230773,0.8758268849731734,0.8758176979296924,0.7640478846990741,0.877772367217398,0.8753214543924787,0.8744232122033391,0.8758268849731734,0.2622371801836223,0.2639904763577288,0.26375669901064513,0.8758176979296924,0.26401079503979535,0.877772367217398,0.8751835590295153,0.8755573583057746,0.8774789859205473,0.874205410499315,0.26384820177107715,0.8738862790249864,0.8745213586182062,0.5406108352644373,0.5406108352644373,0.5406108352644373,0.2527905440713384,0.5406108352644373,0.5406108352644373,0.7261474282791942,0.725800150157169,0.25669662436472807,0.25764567559658047,0.8730602921150111,0.25237642028838786,0.7622906910241489,0.878105358401533,0.2671214266060192,0.878105358401533,0.2667999323699452,0.8772619428873124,0.8767756938842833,0.2671214266060192,0.2655100626245589,0.26504498238170837,0.8743587976313737,0.25574405128345457,0.5033267718044792,0.0,0.5033267718044792,0.5033267718044792,0.5033267718044792,0.2715527592735417,0.5470174581647959,0.28705161743177926,0.8743005136912143,0.8743005136912143,0.6913397732309594,0.5408737143634958,0.5408737143634958,0.732802285759336,0.695802346475197,0.25851863053195157,0.25851863053195157,0.2536273380877346,0.25596419048667446,0.9965475772375284,0.5394983843621034,0.5435596615042828,0.2581656472165185,0.8411835285686402,0.25699944973623484,0.3502235559766653,0.2541555308754377,0.25962635814801527,0.2579993703151427,0.2584771281026374,0.5421763043693993,0.5410174998036992,0.25608989935427734,0.25860161540866783,0.2579993703151427,0.26350235795612775
Escherichia ruysiae,0.4980234288493151,0.30605342618179404,0.30605342618179404,0.30605342618179404,0.30605342618179404,0.30605342618179404,0.30605342618179404,0.30605342618179404,0.30605342618179404,0.30605342618179404,0.30605342618179404,0.3739490547369262,0.3739490547369262,0.4942229676577214,0.5397170824687066,0.5397170824687066,0.3070071521653281,0.4986154747206117,0.4986154747206117,0.37983423152586715,0.8525595213889346,0.8525595213889346,0.7999607066730275,0.3767287458327034,0.38068767379793295,0.3768639896452588,0.49831953971005877,0.3738558032903504,0.29511397447350285,0.29511397447350285,0.4981042038143831,0.6531049538071724,0.6539421734861726,0.41482093351363686,0.34329326421730055,0.2976748409917852,0.2976748409917852,0.41543471286644507,0.4978402904079149,0.6014274889242097,0.41913050953031233,0.49553993682755576,0.42466126519094655,0.4922981154105081,0.7481813614412947,0.5001997744907364,0.7833873466991439,0.783435276840451,0.6581000696783322,0.4985885787961357,0.7826611886583602,0.6581000696783322,0.7831099790098283,0.7829147354347046,0.6557361220536686,0.7846018139393854,0.7843317148907005,0.7811553472805334,0.7831099790098283,0.4979372544438858,0.4988198363539497,0.49835183206920947,0.7829147354347046,0.49909935351516027,0.7846018139393854,0.783904152853283,0.782644054156937,0.7846018139393854,0.7811175782109678,0.49833568615120394,0.7809596150384412,0.7815054826251355,0.3733101748348587,0.3733101748348587,0.3733101748348587,0.49129464861733385,0.3733101748348587,0.3733101748348587,0.6127068520695755,0.6122952367483274,0.49507424950465406,0.494841241499095,0.7814642983741232,0.49097245055714184,0.6552123710738936,0.7849674961105458,0.5002051364645966,0.7849674961105458,0.4996901246045224,0.7844548095350956,0.7839725784491862,0.5002051364645966,0.4992712862950146,0.4970854800292818,0.7809802207424226,0.4946786127769245,0.0,0.5033267718044792,0.0,0.0,0.0,0.5045668290682117,0.3852120748887875,0.5086539146828022,0.7815535281750672,0.7815535281750672,0.5699066717646085,0.37268459321762837,0.37268459321762837,0.6727074870445509,0.6324292389675787,0.49725271537759047,0.49725271537759047,0.4917039176513523,0.492434298217834,0.9157500978068606,0.37104736235533337,0.3794244628775056,0.4959997795508959,0.7436940880970314,0.49303849561094615,0.5450280917707999,0.4935224078577515,0.4949225358206043,0.49410356259674815,0.4958158936391063,0.37518780979736766,0.3733963797026132,0.49271743788946665,0.493745174155636,0.49410356259674815,0.49592947828271905
Escherichia sp005843885,0.4980234288493151,0.30605342618179404,0.30605342618179404,0.30605342618179404,0.30605342618179404,0.30605342618179404,0.30605342618179404,0.30605342618179404,0.30605342618179404,0.30605342618179404,0.30605342618179404,0.3739490547369262,0.3739490547369262,0.4942229676577214,0.5397170824687066,0.5397170824687066,0.3070071521653281,0.4986154747206117,0.4986154747206117,0.37983423152586715,0.8525595213889346,0.8525595213889346,0.7999607066730275,0.3767287458327034,0.38068767379793295,0.3768639896452588,0.49831953971005877,0.3738558032903504,0.29511397447350285,0.29511397447350285,0.4981042038143831,0.6531049538071724,0.6539421734861726,0.41482093351363686,0.34329326421730055,0.2976748409917852,0.2976748409917852,0.41543471286644507,0.4978402904079149,0.6014274889242097,0.41913050953031233,0.49553993682755576,0.42466126519094655,0.4922981154105081,0.7481813614412947,0.5001997744907364,0.7833873466991439,0.783435276840451,0.6581000696783322,0.4985885787961357,0.7826611886583602,0.6581000696783322,0.7831099790098283,0.7829147354347046,0.6557361220536686,0.7846018139393854,0.7843317148907005,0.7811553472805334,0.7831099790098283,0.4979372544438858,0.4988198363539497,0.49835183206920947,0.7829147354347046,0.49909935351516027,0.7846018139393854,0.783904152853283,0.782644054156937,0.7846018139393854,0.7811175782109678,0.49833568615120394,0.7809596150384412,0.7815054826251355,0.3733101748348587,0.3733101748348587,0.3733101748348587,0.49129464861733385,0.3733101748348587,0.3733101748348587,0.6127068520695755,0.6122952367483274,0.49507424950465406,0.494841241499095,0.7814642983741232,0.49097245055714184,0.6552123710738936,0.7849674961105458,0.5002051364645966,0.7849674961105458,0.4996901246045224,0.7844548095350956,0.7839725784491862,0.5002051364645966,0.4992712862950146,0.4970854800292818,0.7809802207424226,0.4946786127769245,0.0,0.5033267718044792,0.0,0.0,0.0,0.5045668290682117,0.3852120748887875,0.5086539146828022,0.7815535281750672,0.7815535281750672,0.5699066717646085,0.37268459321762837,0.37268459321762837,0.6727074870445509,0.6324292389675787,0.49725271537759047,0.49725271537759047,0.4917039176513523,0.492434298217834,0.9157500978068606,0.37104736235533337,0.3794244628775056,0.4959997795508959,0.7436940880970314,0.49303849561094615,0.5450280917707999,0.4935224078577515,0.4949225358206043,0.49410356259674815,0.4958158936391063,0.37518780979736766,0.3733963797026132,0.49271743788946665,0.493745174155636,0.49410356259674815,0.49592947828271905
Escherichia coli_E,0.4980234288493151,0.30605342618179404,0.30605342618179404,0.30605342618179404,0.30605342618179404,0.30605342618179404,0.30605342618179404,0.30605342618179404,0.30605342618179404,0.30605342618179404,0.30605342618179404,0.3739490547369262,0.3739490547369262,0.4942229676577214,0.5397170824687066,0.5397170824687066,0.3070071521653281,0.4986154747206117,0.4986154747206117,0.37983423152586715,0.8525595213889346,0.8525595213889346,0.7999607066730275,0.3767287458327034,0.38068767379793295,0.3768639896452588,0.49831953971005877,0.3738558032903504,0.29511397447350285,0.29511397447350285,0.4981042038143831,0.6531049538071724,0.6539421734861726,0.41482093351363686,0.34329326421730055,0.2976748409917852,0.2976748409917852,0.41543471286644507,0.4978402904079149,0.6014274889242097,0.41913050953031233,0.49553993682755576,0.42466126519094655,0.4922981154105081,0.7481813614412947,0.5001997744907364,0.7833873466991439,0.783435276840451,0.6581000696783322,0.4985885787961357,0.7826611886583602,0.6581000696783322,0.7831099790098283,0.7829147354347046,0.6557361220536686,0.7846018139393854,0.7843317148907005,0.7811553472805334,0.7831099790098283,0.4979372544438858,0.4988198363539497,0.49835183206920947,0.7829147354347046,0.49909935351516027,0.7846018139393854,0.783904152853283,0.782644054156937,0.7846018139393854,0.7811175782109678,0.49833568615120394,0.7809596150384412,0.7815054826251355,0.3733101748348587,0.3733101748348587,0.3733101748348587,0.49129464861733385,0.3733101748348587,0.3733101748348587,0.6127068520695755,0.6122952367483274,0.49507424950465406,0.494841241499095,0.7814642983741232,0.49097245055714184,0.6552123710738936,0.7849674961105458,0.5002051364645966,0.7849674961105458,0.4996901246045224,0.7844548095350956,0.7839725784491862,0.5002051364645966,0.4992712862950146,0.4970854800292818,0.7809802207424226,0.4946786127769245,0.0,0.5033267718044792,0.0,0.0,0.0,0.5045668290682117,0.3852120748887875,0.5086539146828022,0.7815535281750672,0.7815535281750672,0.5699066717646085,0.37268459321762837,0.37268459321762837,0.6727074870445509,0.6324292389675787,0.49725271537759047,0.49725271537759047,0.4917039176513523,0.492434298217834,0.9157500978068606,0.37104736235533337,0.3794244628775056,0.4959997795508959,0.7436940880970314,0.49303849561094615,0.5450280917707999,0.4935224078577515,0.4949225358206043,0.49410356259674815,0.4958158936391063,0.37518780979736766,0.3733963797026132,0.49271743788946665,0.493745174155636,0.49410356259674815,0.49592947828271905
Escherichia albertii,0.26606506972715016,0.4978133526016819,0.4978133526016819,0.4978133526016819,0.4978133526016819,0.4978133526016819,0.4978133526016819,0.4978133526016819,0.4978133526016819,0.4978133526016819,0.4978133526016819,0.5433819985933418,0.5433819985933418,0.26227808762949684,0.3443931034435024,0.3443931034435024,0.4979803435106369,0.2654999608472948,0.2654999608472948,0.548153793358145,0.9393853111035144,0.9393853111035144,0.8519143664650789,0.5458296221820537,0.5462765907896617,0.5458050528590707,0.26631696332277827,0.5429227669862061,0.4924615302601831,0.4924615302601831,0.2649640155301531,0.7628288220854907,0.7635527654790153,0.5073286947646759,0.44911907525989586,0.4939244008817432,0.4939244008817432,0.5070378452912697,0.26438640899615645,0.6662172680550807,0.5076035264561304,0.26545954989411596,0.5121379043239025,0.2586742053372298,0.8458100021187731,0.2706524780520253,0.8772038518404728,0.876861342200559,0.7668230388681351,0.26613562396602986,0.8760350987834882,0.7668230388681351,0.8766074317573691,0.8765064589766814,0.7649565240348607,0.8783679962987873,0.8762310195259302,0.8751498479693439,0.8766074317573691,0.2651967286005839,0.26693058610315673,0.26659880159701604,0.8765064589766814,0.26697077438795286,0.8783679962987873,0.8760687757792759,0.876356508233788,0.8782030933063901,0.8750303164727857,0.26650824322734584,0.8747544122198376,0.8753214543924787,0.5421416752148692,0.5421416752148692,0.5421416752148692,0.2557964825633551,0.5421416752148692,0.5421416752148692,0.7272509655862539,0.7269115940799021,0.2597812695710242,0.2613150696425057,0.8741195019485475,0.25572307576147685,0.7634333269783684,0.8785725551346044,0.2697491921810517,0.8785725551346044,0.26853342621452636,0.8777234771445508,0.8773108586801692,0.2697491921810517,0.26751272531664205,0.26719170190503605,0.8750303164727857,0.2596056963073755,0.5045668290682117,0.2715527592735417,0.5045668290682117,0.5045668290682117,0.5045668290682117,0.0,0.5488139400065462,0.2898133574041876,0.8751559773495979,0.8751559773495979,0.6924910346789489,0.542374142837713,0.542374142837713,0.7337788609140572,0.6970924572317485,0.2613561214171118,0.2613561214171118,0.2566234750473377,0.2591403693580803,0.997249775902867,0.5408935491104446,0.5449444286848188,0.26108916950471384,0.8420853767671812,0.2600186211687957,0.35279492062657547,0.25754155529505773,0.26320701442772776,0.26113025679263907,0.2619711260828619,0.5435843323161191,0.54248786728694,0.2597399688919761,0.2615407746640551,0.26113025679263907,0.266085229990087
Hafnia alvei,0.5420724102691772,0.3748802934088627,0.3748802934088627,0.3748802934088627,0.3748802934088627,0.3748802934088627,0.3748802934088627,0.3748802934088627,0.3748802934088627,0.3748802934088627,0.3748802934088627,0.29596703795839446,0.29596703795839446,0.5409480909145499,0.49031100911895675,0.49031100911895675,0.37513061653334673,0.5420526186590254,0.5420526186590254,0.30513188042958284,0.8224141540576272,0.8224141540576272,0.766760078726901,0.3009544617096365,0.29627498795419344,0.30060669714534766,0.5422653406122666,0.2980890162831594,0.36797705333813585,0.36797705333813585,0.5419091078683081,0.6119359419548398,0.6139487794172476,0.3479185187171089,0.40804129215035356,0.3697729784529943,0.3697729784529943,0.3476794603824934,0.54151797175813,0.555261164801546,0.34357440893687835,0.5422900703076242,0.3568089362746012,0.5389313446083455,0.7777349911587833,0.5442795887979253,0.7507043837760221,0.7505686073312798,0.618106675425726,0.5422455560439469,0.7493455122487457,0.618106675425726,0.7498857797155737,0.7501325273732632,0.6160159969265802,0.7522497900284126,0.7491450491115436,0.7485182557803568,0.7498857797155737,0.5420724102691772,0.5429721653655731,0.5430067415572796,0.7501325273732632,0.54257685240269,0.7522497900284126,0.7491486292808117,0.7496568397212011,0.7518931653496924,0.7482709758053574,0.5428931258010784,0.7480200285312915,0.7486472389956591,0.29682668567897696,0.29682668567897696,0.29682668567897696,0.5374462568449894,0.29682668567897696,0.29682668567897696,0.6486959577156393,0.6483320143245933,0.5397021740493421,0.5399257571164588,0.7468825403800955,0.5378004586186406,0.6139662534112575,0.7527808473919388,0.5441169488240823,0.7527808473919388,0.5440775136299718,0.7516113122126311,0.7510294328546048,0.5441169488240823,0.543564595756229,0.5435744641257505,0.7474891769294066,0.5393790571108126,0.3852120748887875,0.5470174581647959,0.3852120748887875,0.3852120748887875,0.3852120748887875,0.5488139400065462,0.0,0.5553625916294631,0.7485182557803568,0.7485182557803568,0.5225069597713506,0.2950230778765048,0.2950230778765048,0.6330353979309156,0.6687527373689675,0.5403924988617993,0.5403924988617993,0.5382790087015309,0.5390557464918745,0.8880249534585489,0.29444978408185873,0.30195094346753326,0.5404818289598436,0.7093203385932505,0.5396872652181447,0.49608629051229697,0.5381793458588509,0.5409232998671675,0.5400946251604186,0.5406604448774976,0.2969350957211888,0.29519575748033083,0.5396425362532137,0.5406902084604699,0.5400946251604186,0.5427251285067551
Klebsiella pneumoniae,0.2775895218988253,0.5028842960180832,0.5028842960180832,0.5028842960180832,0.5028842960180832,0.5028842960180832,0.5028842960180832,0.5028842960180832,0.5028842960180832,0.5028842960180832,0.5028842960180832,0.5479629362635958,0.5479629362635958,0.27355040212078385,0.3532052092607719,0.3532052092607719,0.5033480861144172,0.27816863835979977,0.27816863835979977,0.5529280633639355,0.9422076555883718,0.9422076555883718,0.8555899353187052,0.551003849208403,0.5515438894009168,0.5504145531321288,0.2783710444920042,0.5487113026910276,0.49758701745451306,0.49758701745451306,0.2771156790293451,0.7663017129934051,0.7670853171666236,0.5131319719057464,0.455876155377653,0.49947537960143606,0.49947537960143606,0.5125305297432895,0.2761752659103097,0.6710388591752883,0.5142075791528111,0.27652465843028584,0.5181151141249806,0.27001751535196183,0.849316214565775,0.2807121119353498,0.880219502695826,0.8801768429675584,0.7704519996212329,0.27819756253765304,0.8792988122029336,0.7704519996212329,0.8799726570652843,0.8799269373123002,0.7690757091811069,0.8815926510089676,0.8799513214761722,0.8786366607878208,0.8799726570652843,0.27784062056789555,0.2802052642316923,0.27931366708382926,0.8799269373123002,0.27920802106138176,0.8815926510089676,0.879747083231232,0.8795458469488904,0.8812761946375721,0.8784260103597834,0.2788042771116762,0.8782183634027603,0.8787648580647843,0.5479188828775502,0.5479188828775502,0.5479188828775502,0.26816362100436814,0.5479188828775502,0.5479188828775502,0.7319050310617427,0.7316044796233532,0.27291235420296633,0.2739814681317979,0.8779831744710147,0.26875306916223096,0.7678890786816186,0.8816139468769161,0.28161832958901106,0.8816139468769161,0.28024354886969466,0.8806886233245734,0.880423631350209,0.28161832958901106,0.2796687290065772,0.2787850366246369,0.8788350534111672,0.27333461418348776,0.5086539146828022,0.28705161743177926,0.5086539146828022,0.5086539146828022,0.5086539146828022,0.2898133574041876,0.5553625916294631,0.0,0.8788564160994012,0.8788564160994012,0.6966306026378283,0.5478944072436513,0.5478944072436513,0.738173811221149,0.7017325055587428,0.27415761796698884,0.27415761796698884,0.2688129406371865,0.2708010820702785,1.0,0.5465563739530954,0.5506045604187668,0.2737856131720825,0.8453786346759611,0.2715823880593519,0.3614170644274764,0.27042445995344705,0.274968404590143,0.27331498865022363,0.2747049173355504,0.5489361022651558,0.5485059704430171,0.27135515135967453,0.27327573335542155,0.27331498865022363,0.2772221224193665
Akkermansia muciniphila,0.8665292924049586,0.7731833557936275,0.7731833557936275,0.7731833557936275,0.7731833557936275,0.7731833557936275,0.7731833557936275,0.7731833557936275,0.7731833557936275,0.7731833557936275,0.7731833557936275,0.7373703950740835,0.7373703950740835,0.8644313092680931,0.8320564932569899,0.8320564932569899,0.7725482917880079,0.8662568728947625,0.8662568728947625,0.7400245195354225,0.47133434463670215,0.47133434463670215,0.36680900832215063,0.7392412557463882,0.7419103780439471,0.7399484052749953,0.8676150237775734,0.7355385337327396,0.7676759891481537,0.7676759891481537,0.8659874648191908,0.5256288152761294,0.5234710901913655,0.7585060118787919,0.7874135266187856,0.7682522425848457,0.7682522425848457,0.7576816774051212,0.8653895130185146,0.638721130439128,0.7611322447005908,0.8639316298763634,0.7633981944512571,0.8621509183583117,0.38822207763387295,0.8690790724704397,0.32590709533664886,0.32374377029598356,0.5274879755663229,0.865739659265648,0.3282523118816608,0.5274879755663229,0.32858714247505433,0.32376033897842205,0.5280825402623767,0.3334325552480198,0.3316824527135944,0.3239839332589499,0.32858714247505433,0.8658852536217252,0.8664797679554466,0.8660741800120058,0.32376033897842205,0.8667211729182166,0.3334325552480198,0.331512597639187,0.32845651748779153,0.33075122488837905,0.3233126865224883,0.86573036517755,0.32445545961490624,0.32273978258439595,0.735356190805927,0.735356190805927,0.735356190805927,0.8607000142119302,0.735356190805927,0.735356190805927,0.5677566066634283,0.5672272738259105,0.8638695377203595,0.8636677073836617,0.3237354856367717,0.860403928798048,0.5278691838331879,0.3342439940259465,0.8677293949434336,0.3342439940259465,0.8675315542215408,0.3326030095565378,0.33162584402189016,0.8677293949434336,0.8658542781494691,0.8644282065608269,0.3192891720447336,0.8640278638998139,0.7815535281750672,0.8743005136912143,0.7815535281750672,0.7815535281750672,0.7815535281750672,0.8751559773495979,0.7485182557803568,0.8788564160994012,0.0,0.0,0.610558150819211,0.735352543486198,0.735352543486198,0.5503999344701039,0.5900870641047334,0.8657024823145737,0.8657024823145737,0.8622162449587139,0.8623468833131789,0.5784131071597847,0.7356770841306861,0.7398215307725471,0.8647601331068941,0.7731174444556501,0.8618708911302728,0.8363134196743669,0.8619673552241615,0.8628941051350419,0.8628101788703514,0.8642016788425451,0.7366316434286146,0.7353926630082898,0.8636273356561746,0.86303396410628,0.8628101788703514,0.8649431035420756
Akkermansia muciniphila_B,0.8665292924049586,0.7731833557936275,0.7731833557936275,0.7731833557936275,0.7731833557936275,0.7731833557936275,0.7731833557936275,0.7731833557936275,0.7731833557936275,0.7731833557936275,0.7731833557936275,0.7373703950740835,0.7373703950740835,0.8644313092680931,0.8320564932569899,0.8320564932569899,0.7725482917880079,0.8662568728947625,0.8662568728947625,0.7400245195354225,0.47133434463670215,0.47133434463670215,0.36680900832215063,0.7392412557463882,0.7419103780439471,0.7399484052749953,0.8676150237775734,0.7355385337327396,0.7676759891481537,0.7676759891481537,0.8659874648191908,0.5256288152761294,0.5234710901913655,0.7585060118787919,0.7874135266187856,0.7682522425848457,0.7682522425848457,0.7576816774051212,0.8653895130185146,0.638721130439128,0.7611322447005908,0.8639316298763634,0.7633981944512571,0.8621509183583117,0.38822207763387295,0.8690790724704397,0.32590709533664886,0.32374377029598356,0.5274879755663229,0.865739659265648,0.3282523118816608,0.5274879755663229,0.32858714247505433,0.32376033897842205,0.5280825402623767,0.3334325552480198,0.3316824527135944,0.3239839332589499,0.32858714247505433,0.8658852536217252,0.8664797679554466,0.8660741800120058,0.32376033897842205,0.8667211729182166,0.3334325552480198,0.331512597639187,0.32845651748779153,0.33075122488837905,0.3233126865224883,0.86573036517755,0.32445545961490624,0.32273978258439595,0.735356190805927,0.735356190805927,0.735356190805927,0.8607000142119302,0.735356190805927,0.735356190805927,0.5677566066634283,0.5672272738259105,0.8638695377203595,0.8636677073836617,0.3237354856367717,0.860403928798048,0.5278691838331879,0.3342439940259465,0.8677293949434336,0.3342439940259465,0.8675315542215408,0.3326030095565378,0.33162584402189016,0.8677293949434336,0.8658542781494691,0.8644282065608269,0.3192891720447336,0.8640278638998139,0.7815535281750672,0.8743005136912143,0.7815535281750672,0.7815535281750672,0.7815535281750672,0.8751559773495979,0.7485182557803568,0.8788564160994012,0.0,0.0,0.610558150819211,0.735352543486198,0.735352543486198,0.5503999344701039,0.5900870641047334,0.8657024823145737,0.8657024823145737,0.8622162449587139,0.8623468833131789,0.5784131071597847,0.7356770841306861,0.7398215307725471,0.8647601331068941,0.7731174444556501,0.8618708911302728,0.8363134196743669,0.8619673552241615,0.8628941051350419,0.8628101788703514,0.8642016788425451,0.7366316434286146,0.7353926630082898,0.8636273356561746,0.86303396410628,0.8628101788703514,0.8649431035420756
Erysipelatoclostridium ramosum,0.6802800012065809,0.5546618854392177,0.5546618854392177,0.5546618854392177,0.5546618854392177,0.5546618854392177,0.5546618854392177,0.5546618854392177,0.5546618854392177,0.5546618854392177,0.5546618854392177,0.4972796835537297,0.4972796835537297,0.6770512340962399,0.6356441555520784,0.6356441555520784,0.5562312057752368,0.6803194260723757,0.6803194260723757,0.507365700009869,0.6963533428460237,0.6963533428460237,0.623558668589626,0.5058091487129942,0.5083216145200462,0.5029002959002404,0.6819063512823718,0.5024681202554033,0.5469880388703043,0.5469880388703043,0.6799369084173782,0.7312781315625058,0.7347395367438901,0.5340219132478804,0.5742106752886006,0.5484423996436348,0.5484423996436348,0.5331925730042368,0.6790329964201142,0.34937246466761823,0.5380248319683908,0.6779340513075384,0.5447524471724026,0.674161164740498,0.6434986682495993,0.6827711064590399,0.6131050674773295,0.6121857179975188,0.7397997786730827,0.6813318624223068,0.6112386587937657,0.7397997786730827,0.6090539532322999,0.6118000560327791,0.7382210437650257,0.6152841068258255,0.6135336257896772,0.6065209796273836,0.6090539532322999,0.6811389459190582,0.6822484536682227,0.6820322019953786,0.6118000560327791,0.682130506709103,0.6152841068258255,0.6133806036224602,0.6117430626308272,0.6150573929101122,0.6097889226280723,0.6814223962319097,0.6055783482316484,0.609643759400107,0.503949842918941,0.503949842918941,0.503949842918941,0.6748212534525682,0.503949842918941,0.503949842918941,0.7668999831324602,0.7666481368201815,0.6785193227754125,0.6786260408311203,0.6058041822578144,0.6749921350249394,0.737639509693174,0.6157503517055753,0.6833326104817065,0.6157503517055753,0.6827121806739427,0.6143374582843991,0.6140186724095953,0.6833326104817065,0.6820597287434141,0.6809262807519562,0.6099384486071499,0.6787604026632027,0.5699066717646085,0.6913397732309594,0.5699066717646085,0.5699066717646085,0.5699066717646085,0.6924910346789489,0.5225069597713506,0.6966306026378283,0.610558150819211,0.610558150819211,0.0,0.4968156269752754,0.4968156269752754,0.748055883296011,0.780289633437148,0.6787762081890036,0.6787762081890036,0.6738547594850409,0.6760165173654491,0.7746492980721844,0.5018485539035393,0.5094863490117403,0.6786260408311203,0.5601807578393502,0.6764012520791007,0.6432193547501556,0.6769284194778618,0.6781555647793877,0.6767738791077074,0.6788473285011289,0.5023827082546579,0.4995022277757219,0.6771661050257334,0.6767501005338683,0.6767738791077074,0.6799566310825218
Catenibacterium sp000437715,0.5253583079808822,0.35107258402494873,0.35107258402494873,0.35107258402494873,0.35107258402494873,0.35107258402494873,0.35107258402494873,0.35107258402494873,0.35107258402494873,0.35107258402494873,0.35107258402494873,0.24951205714829763,0.24951205714829763,0.5216130383556499,0.4661273350709963,0.4661273350709963,0.3510496643197489,0.5258481812109063,0.5258481812109063,0.26359394900732885,0.8091315684526194,0.8091315684526194,0.7509901486831274,0.2603999936998075,0.2733934823303744,0.2619301706966845,0.527584574378097,0.2496732441354239,0.3357491724473104,0.3357491724473104,0.5256696344743952,0.5924096432829098,0.5943171330502219,0.30743492739893485,0.3776744354855148,0.3380340462274761,0.3380340462274761,0.30657003152878365,0.5248270959910473,0.5381195392933388,0.3219410028939162,0.5230046319802193,0.32977670531332226,0.5179390799653468,0.7638442574924337,0.5294723269964757,0.7385152707974798,0.7388202713648104,0.6036975553822931,0.527879345618561,0.7374976912547483,0.6036975553822931,0.7382646403541953,0.7379266994180201,0.6013873519860901,0.7406005593879796,0.7391614323054814,0.7358702819105284,0.7382646403541953,0.5278945879298503,0.5286561431714788,0.5280622243164494,0.7379266994180201,0.5290719966143325,0.7406005593879796,0.7390852291605254,0.737363120342851,0.7402745541469047,0.7354656019869769,0.5273252428318126,0.7351373195925209,0.7353087742383029,0.26230876402730496,0.26230876402730496,0.26230876402730496,0.51912873538385,0.26230876402730496,0.26230876402730496,0.6355048982526454,0.6352009581733904,0.5238245014028098,0.5235120776314464,0.7351482647008171,0.5186376867601648,0.5999942782180699,0.7409083215143881,0.5297609850857679,0.7409083215143881,0.5291226880897258,0.7398650330529346,0.7396076073437118,0.5297609850857679,0.527772637113801,0.5268061967549877,0.7353124217751374,0.5237169667151123,0.37268459321762837,0.5408737143634958,0.37268459321762837,0.37268459321762837,0.37268459321762837,0.542374142837713,0.2950230778765048,0.5478944072436513,0.735352543486198,0.735352543486198,0.4968156269752754,0.0,0.0,0.6123609385970188,0.6509824743237714,0.5245868525537375,0.5245868525537375,0.5182031087801746,0.5200114543865128,0.8773169729625093,0.2556391564628806,0.27078127291315673,0.5241162700526312,0.6953049191956704,0.5212529823740722,0.47736175274632064,0.521474189071804,0.5230866767491582,0.5211809413285518,0.5240958003590127,0.25429268129331406,0.24653828666617877,0.5221834752992734,0.521427897760809,0.5211809413285518,0.5253276757364329
Catenibacterium mitsuokai,0.5253583079808822,0.35107258402494873,0.35107258402494873,0.35107258402494873,0.35107258402494873,0.35107258402494873,0.35107258402494873,0.35107258402494873,0.35107258402494873,0.35107258402494873,0.35107258402494873,0.24951205714829763,0.24951205714829763,0.5216130383556499,0.4661273350709963,0.4661273350709963,0.3510496643197489,0.5258481812109063,0.5258481812109063,0.26359394900732885,0.8091315684526194,0.8091315684526194,0.7509901486831274,0.2603999936998075,0.2733934823303744,0.2619301706966845,0.527584574378097,0.2496732441354239,0.3357491724473104,0.3357491724473104,0.5256696344743952,0.5924096432829098,0.5943171330502219,0.30743492739893485,0.3776744354855148,0.3380340462274761,0.3380340462274761,0.30657003152878365,0.5248270959910473,0.5381195392933388,0.3219410028939162,0.5230046319802193,0.32977670531332226,0.5179390799653468,0.7638442574924337,0.5294723269964757,0.7385152707974798,0.7388202713648104,0.6036975553822931,0.527879345618561,0.7374976912547483,0.6036975553822931,0.7382646403541953,0.7379266994180201,0.6013873519860901,0.7406005593879796,0.7391614323054814,0.7358702819105284,0.7382646403541953,0.5278945879298503,0.5286561431714788,0.5280622243164494,0.7379266994180201,0.5290719966143325,0.7406005593879796,0.7390852291605254,0.737363120342851,0.7402745541469047,0.7354656019869769,0.5273252428318126,0.7351373195925209,0.7353087742383029,0.26230876402730496,0.26230876402730496,0.26230876402730496,0.51912873538385,0.26230876402730496,0.26230876402730496,0.6355048982526454,0.6352009581733904,0.5238245014028098,0.5235120776314464,0.7351482647008171,0.5186376867601648,0.5999942782180699,0.7409083215143881,0.5297609850857679,0.7409083215143881,0.5291226880897258,0.7398650330529346,0.7396076073437118,0.5297609850857679,0.527772637113801,0.5268061967549877,0.7353124217751374,0.5237169667151123,0.37268459321762837,0.5408737143634958,0.37268459321762837,0.37268459321762837,0.37268459321762837,0.542374142837713,0.2950230778765048,0.5478944072436513,0.735352543486198,0.735352543486198,0.4968156269752754,0.0,0.0,0.6123609385970188,0.6509824743237714,0.5245868525537375,0.5245868525537375,0.5182031087801746,0.5200114543865128,0.8773169729625093,0.2556391564628806,0.27078127291315673,0.5241162700526312,0.6953049191956704,0.5212529823740722,0.47736175274632064,0.521474189071804,0.5230866767491582,0.5211809413285518,0.5240958003590127,0.25429268129331406,0.24653828666617877,0.5221834752992734,0.521427897760809,0.5211809413285518,0.5253276757364329
Holdemania filiformis,0.721716405659372,0.6615713729639064,0.6615713729639064,0.6615713729639064,0.6615713729639064,0.6615713729639064,0.6615713729639064,0.6615713729639064,0.6615713729639064,0.6615713729639064,0.6615713729639064,0.6131050674773295,0.6131050674773295,0.7189200910506801,0.6805086336341282,0.6805086336341282,0.661891568898513,0.7226151764829978,0.7226151764829978,0.6208904955218277,0.6452967121187584,0.6452967121187584,0.5085115269171608,0.6188222249789449,0.6226805983784276,0.6174554562545602,0.7237833922886866,0.6179547856692023,0.6542169089664533,0.6542169089664533,0.7225817711364679,0.3315854033251772,0.34265984520135767,0.5878693771727321,0.6258555989513047,0.6558588156878331,0.6558588156878331,0.5880107933634394,0.7219319154926215,0.7322237739290729,0.5910997780026266,0.7203326372340338,0.5974992093211399,0.7172093968392437,0.5869653345053676,0.7244797155266361,0.5538440815401129,0.5534274570244502,0.3535770961941244,0.7236129132925571,0.5521076912644992,0.3535770961941244,0.5509551709464713,0.5525447274219577,0.35021589772018963,0.5543620028195448,0.5517092013596315,0.5478797213384756,0.5509551709464713,0.7236240327122144,0.7241205259805102,0.7238278584668486,0.5525447274219577,0.7243353205216858,0.5543620028195448,0.5540910015972997,0.5518501636036396,0.5540425945730867,0.5476789745002625,0.7236017937020301,0.5492438306471312,0.5475663281969324,0.6188482293727474,0.6188482293727474,0.6188482293727474,0.7169625411035728,0.6188482293727474,0.6188482293727474,0.4032476794573033,0.40260865995333156,0.7207569776231783,0.7206564985330957,0.5484864109818104,0.7163824696860366,0.34792622754154273,0.5567806271828559,0.7252012592936302,0.5567806271828559,0.7246018734408332,0.5552370128259273,0.5548069317415304,0.7252012592936302,0.7234757597317298,0.7227784692855528,0.5491266211215442,0.7205448386662127,0.6727074870445509,0.732802285759336,0.6727074870445509,0.6727074870445509,0.6727074870445509,0.7337788609140572,0.6330353979309156,0.738173811221149,0.5503999344701039,0.5503999344701039,0.748055883296011,0.6123609385970188,0.6123609385970188,0.0,0.3400118419326702,0.7215045487964044,0.7215045487964044,0.7168016651148779,0.7178037461358551,0.7284927479427025,0.6159376217278584,0.6227882715831035,0.7206937146443022,0.8910250513999356,0.7188827831200975,0.6874805089810043,0.7184312036121913,0.7203624236621416,0.7188081614498092,0.7211773493222573,0.6164425315288484,0.6138002303832545,0.7192818775553732,0.7190543835730884,0.7188081614498092,0.7217832949075236
Holdemanella biformis,0.6839132620479704,0.6204151444648242,0.6204151444648242,0.6204151444648242,0.6204151444648242,0.6204151444648242,0.6204151444648242,0.6204151444648242,0.6204151444648242,0.6204151444648242,0.6204151444648242,0.6532281416449631,0.6532281416449631,0.680969606820668,0.7128695555080253,0.7128695555080253,0.6202119288333218,0.684775482841756,0.684775482841756,0.6581815741953493,0.6794791818814299,0.6794791818814299,0.5489018995733088,0.6569742747593419,0.659585941806749,0.6571742849501087,0.6860550541394694,0.6528872651564104,0.6122163852225879,0.6122163852225879,0.6842230027254876,0.39916312254970454,0.3978844189674049,0.6270843167777058,0.5811378527756558,0.6139618849593795,0.6139618849593795,0.6270030475156416,0.6836308445106789,0.7622519872242193,0.6289037017786914,0.6824214056665382,0.6345672821041728,0.6790211467931853,0.54282889768075,0.6875390260948918,0.5929210182120068,0.5934274328640017,0.41333765577336623,0.6861410558332133,0.5903006505484328,0.41333765577336623,0.5925997633680198,0.5924232253123866,0.4057342053068627,0.5955163450336829,0.5935991539624021,0.5897506222930736,0.5925997633680198,0.6860980563338694,0.686566996223214,0.6861723265038993,0.5924232253123866,0.686965343442551,0.5955163450336829,0.5918479800394715,0.589914320655486,0.5950477679347574,0.5891363483290457,0.6857148508650419,0.5872302992182543,0.5889314479617196,0.6543234916668939,0.6543234916668939,0.6543234916668939,0.678871033616115,0.6543234916668939,0.6543234916668939,0.3343162048828264,0.33372200724342377,0.683199147846623,0.6828418106889615,0.5871069684524648,0.6781792940743199,0.403865765411029,0.5944118956427936,0.6876989474674067,0.5944118956427936,0.6872854159515356,0.593327992670119,0.592889352934161,0.6876989474674067,0.6854096974717108,0.6851905291736481,0.5871389455830011,0.6828889427752987,0.6324292389675787,0.695802346475197,0.6324292389675787,0.6324292389675787,0.6324292389675787,0.6970924572317485,0.6687527373689675,0.7017325055587428,0.5900870641047334,0.5900870641047334,0.780289633437148,0.6509824743237714,0.6509824743237714,0.3400118419326702,0.0,0.6841132372635276,0.6841132372635276,0.6789460943533532,0.6799171851801303,0.758802977217912,0.6514643404205688,0.6578473415023693,0.6832815837288285,0.9158379583653093,0.6808041651783914,0.7193713636635486,0.68079234637979,0.6825078652305043,0.6807490090293903,0.6829517804973341,0.6551591541934724,0.6522872188200752,0.6813672901282305,0.6812924961439308,0.6807490090293903,0.6839760056645332
Streptococcus salivarius,0.2304103792973493,0.4801404574665274,0.4801404574665274,0.4801404574665274,0.4801404574665274,0.4801404574665274,0.4801404574665274,0.4801404574665274,0.4801404574665274,0.4801404574665274,0.4801404574665274,0.5265872299108896,0.5265872299108896,0.22812920596985561,0.3151292053330079,0.3151292053330079,0.4809943586763042,0.23145564572146066,0.23145564572146066,0.5318730242469206,0.9302847385794265,0.9302847385794265,0.8411165684318458,0.5310756810609877,0.5310605300523149,0.5310100235679402,0.23443768785480068,0.5263375985060356,0.473854138745423,0.473854138745423,0.2284816381372913,0.7509722915622089,0.7519288354288597,0.4899115257672099,0.42904704095365653,0.4758141476616253,0.4758141476616253,0.4900374255239534,0.227623101600444,0.6530351370506589,0.49061177486610097,0.22954737236412048,0.4966212419817341,0.22105963174453028,0.8360696507521328,0.23798034103917798,0.8680446103957288,0.8677479401985291,0.7563140646003771,0.2338420277615536,0.8666530911472726,0.7563140646003771,0.8676212063882045,0.8672285231481927,0.7543504438503608,0.8694184781531342,0.8669191985782667,0.8659936590494951,0.8676212063882045,0.23341726710613575,0.235726913757601,0.23551063482361756,0.8672285231481927,0.23674870837677955,0.8694184781531342,0.8667861550747991,0.8672749123181916,0.8690235207383065,0.8656931878273437,0.23376172683474178,0.8651787372466098,0.8656281236224042,0.5259807766946935,0.5259807766946935,0.5259807766946935,0.21783302438278304,0.5259807766946935,0.5259807766946935,0.7158094220469595,0.7154646234111426,0.22606240121826418,0.2264772710868385,0.8643009859728848,0.21880355108027127,0.7529696566822446,0.869865674214426,0.2408148072723051,0.869865674214426,0.2395417685365891,0.8689401864811437,0.8687889298199887,0.2408148072723051,0.23599982489242255,0.23593162670435144,0.8658233015690425,0.2263351156563117,0.49725271537759047,0.25851863053195157,0.49725271537759047,0.49725271537759047,0.49725271537759047,0.2613561214171118,0.5403924988617993,0.27415761796698884,0.8657024823145737,0.8657024823145737,0.6787762081890036,0.5245868525537375,0.5245868525537375,0.7215045487964044,0.6841132372635276,0.0,0.0,0.21281324226645199,0.22208852539135548,0.9890725375484286,0.5238142609551004,0.5285242188806566,0.22555165929413312,0.8318888582208862,0.22416804007800015,0.3290520725719593,0.21948892018581503,0.22724573426750724,0.22540892012196714,0.22614543607917945,0.5270912265049126,0.5243874180583802,0.22663117218006168,0.22538512147119905,0.22540892012196714,0.2336699205565482
Streptococcus sp001556435,0.2304103792973493,0.4801404574665274,0.4801404574665274,0.4801404574665274,0.4801404574665274,0.4801404574665274,0.4801404574665274,0.4801404574665274,0.4801404574665274,0.4801404574665274,0.4801404574665274,0.5265872299108896,0.5265872299108896,0.22812920596985561,0.3151292053330079,0.3151292053330079,0.4809943586763042,0.23145564572146066,0.23145564572146066,0.5318730242469206,0.9302847385794265,0.9302847385794265,0.8411165684318458,0.5310756810609877,0.5310605300523149,0.5310100235679402,0.23443768785480068,0.5263375985060356,0.473854138745423,0.473854138745423,0.2284816381372913,0.7509722915622089,0.7519288354288597,0.4899115257672099,0.42904704095365653,0.4758141476616253,0.4758141476616253,0.4900374255239534,0.227623101600444,0.6530351370506589,0.49061177486610097,0.22954737236412048,0.4966212419817341,0.22105963174453028,0.8360696507521328,0.23798034103917798,0.8680446103957288,0.8677479401985291,0.7563140646003771,0.2338420277615536,0.8666530911472726,0.7563140646003771,0.8676212063882045,0.8672285231481927,0.7543504438503608,0.8694184781531342,0.8669191985782667,0.8659936590494951,0.8676212063882045,0.23341726710613575,0.235726913757601,0.23551063482361756,0.8672285231481927,0.23674870837677955,0.8694184781531342,0.8667861550747991,0.8672749123181916,0.8690235207383065,0.8656931878273437,0.23376172683474178,0.8651787372466098,0.8656281236224042,0.5259807766946935,0.5259807766946935,0.5259807766946935,0.21783302438278304,0.5259807766946935,0.5259807766946935,0.7158094220469595,0.7154646234111426,0.22606240121826418,0.2264772710868385,0.8643009859728848,0.21880355108027127,0.7529696566822446,0.869865674214426,0.2408148072723051,0.869865674214426,0.2395417685365891,0.8689401864811437,0.8687889298199887,0.2408148072723051,0.23599982489242255,0.23593162670435144,0.8658233015690425,0.2263351156563117,0.49725271537759047,0.25851863053195157,0.49725271537759047,0.49725271537759047,0.49725271537759047,0.2613561214171118,0.5403924988617993,0.27415761796698884,0.8657024823145737,0.8657024823145737,0.6787762081890036,0.5245868525537375,0.5245868525537375,0.7215045487964044,0.6841132372635276,0.0,0.0,0.21281324226645199,0.22208852539135548,0.9890725375484286,0.5238142609551004,0.5285242188806566,0.22555165929413312,0.8318888582208862,0.22416804007800015,0.3290520725719593,0.21948892018581503,0.22724573426750724,0.22540892012196714,0.22614543607917945,0.5270912265049126,0.5243874180583802,0.22663117218006168,0.22538512147119905,0.22540892012196714,0.2336699205565482
Streptococcus thermophilus,0.2226794921285527,0.47636623444909043,0.47636623444909043,0.47636623444909043,0.47636623444909043,0.47636623444909043,0.47636623444909043,0.47636623444909043,0.47636623444909043,0.47636623444909043,0.47636623444909043,0.5202383444848997,0.5202383444848997,0.2127123948530097,0.3047008719225625,0.3047008719225625,0.47724936886851627,0.22466998972194865,0.22466998972194865,0.5257512633633493,0.9270066829743443,0.9270066829743443,0.83736145799564,0.5240446226268647,0.5275693231100265,0.5250927691612842,0.2279763161639151,0.5202331889906746,0.467098740099313,0.467098740099313,0.22269153634481098,0.7468789493483151,0.7477259546086528,0.48407920172581315,0.4206953761806235,0.46941848250800733,0.46941848250800733,0.483574747428077,0.22110815762191088,0.6507517112983273,0.48723809833926957,0.2147827899207731,0.49206924344800224,0.2052167202119509,0.8320661634786416,0.23092198957042015,0.8648779829087878,0.8645243853081375,0.7525991182602049,0.22544461338762942,0.8633633201434396,0.7525991182602049,0.8642606438273893,0.8639161072557445,0.7506186330893782,0.8664859586664337,0.8649089933456552,0.8626827196704598,0.8642606438273893,0.22502783968016898,0.22803513206648646,0.22743449620163667,0.8639161072557445,0.2283172374923772,0.8664859586664337,0.8647818434876672,0.8639316298763634,0.8656622054825123,0.8623313321659156,0.22576559884095426,0.8617277309617657,0.8622473511240993,0.5201300683749833,0.5201300683749833,0.5201300683749833,0.20487663235473014,0.5201300683749833,0.5201300683749833,0.7131403940381736,0.712801829796004,0.21716713076042649,0.2173523058480122,0.8619051215606587,0.20517750807435936,0.7503756195947353,0.8666499963942427,0.23232310864396724,0.8666499963942427,0.2309103746525459,0.8659502985068969,0.8656250252049453,0.23232310864396724,0.22569430819168218,0.22137485981150215,0.8627542234916094,0.2174016592332641,0.4917039176513523,0.2536273380877346,0.4917039176513523,0.4917039176513523,0.4917039176513523,0.2566234750473377,0.5382790087015309,0.2688129406371865,0.8622162449587139,0.8622162449587139,0.6738547594850409,0.5182031087801746,0.5182031087801746,0.7168016651148779,0.6789460943533532,0.21281324226645199,0.21281324226645199,0.0,0.20854852556408196,0.9856308197495418,0.5169646325414468,0.5247811004424197,0.2188770861356427,0.8282538314593993,0.2104050582504104,0.3198179427719534,0.20692173700992994,0.2140572970893273,0.21223271523208317,0.2174016592332641,0.5206557699823753,0.517358779105326,0.21242219184801328,0.2121063034540968,0.21223271523208317,0.22301648431030666
Adlercreutzia celatus_A,0.22069534756664907,0.47759205702074436,0.47759205702074436,0.47759205702074436,0.47759205702074436,0.47759205702074436,0.47759205702074436,0.47759205702074436,0.47759205702074436,0.47759205702074436,0.47759205702074436,0.5214124664105283,0.5214124664105283,0.21389434904274846,0.3054393712815477,0.3054393712815477,0.47733927808751603,0.22284805191964258,0.22284805191964258,0.5274523820708206,0.9279840899945697,0.9279840899945697,0.8375600207301414,0.5266076027604923,0.5287677457093516,0.5262968311145753,0.23096844340101894,0.520707280788123,0.4681082380381882,0.4681082380381882,0.22329291885036973,0.7475107052721682,0.7484716730456138,0.4843782998571824,0.421993939667511,0.4691784496658726,0.4691784496658726,0.48350818670457185,0.22025741126738063,0.6504301549352527,0.48690770765550745,0.21475781372557026,0.493669118916942,0.2050336660765753,0.8325946313681898,0.23385349707160105,0.8647725391055047,0.8645864304348381,0.7526632629640667,0.2253018063969137,0.8634813605854059,0.7526632629640667,0.8642296101263324,0.8643196047895673,0.7506900926751389,0.8661825617950536,0.8651818372623297,0.862353103693561,0.8642296101263324,0.2260030719252659,0.2284346785975625,0.22741090952838663,0.8643196047895673,0.22855205935583428,0.8661825617950536,0.8646391652919447,0.8637701809866789,0.8659843676874236,0.8620264730429084,0.22590811264715577,0.861864667269593,0.8620731421413891,0.5204805951104694,0.5204805951104694,0.5204805951104694,0.2017102865232924,0.5204805951104694,0.5204805951104694,0.7129598464498406,0.7125910864174021,0.2171177240641301,0.21762361095950566,0.8617432930017059,0.20108437252842282,0.7496818834383377,0.8663156979947164,0.23093360390411646,0.8663156979947164,0.22815271838485957,0.8655165736060103,0.8651973371743182,0.23093360390411646,0.2247177359746866,0.22130215472667578,0.8614600198732683,0.21339219000032938,0.492434298217834,0.25596419048667446,0.492434298217834,0.492434298217834,0.492434298217834,0.2591403693580803,0.5390557464918745,0.2708010820702785,0.8623468833131789,0.8623468833131789,0.6760165173654491,0.5200114543865128,0.5200114543865128,0.7178037461358551,0.6799171851801303,0.22208852539135548,0.22208852539135548,0.20854852556408196,0.0,0.9861477071852648,0.5190667338227812,0.5262101899208603,0.21678393434078724,0.8287717855503485,0.20843274745133872,0.31666595379922846,0.20785288952987538,0.21393196345419593,0.21032856122615853,0.21613962766971032,0.5225069597713506,0.5203981394728795,0.20913927939086344,0.21045604081918634,0.21032856122615853,0.21974538249747003
Bifidobacterium longum,0.9894710778213066,0.9086760197156722,0.9086760197156722,0.9086760197156722,0.9086760197156722,0.9086760197156722,0.9086760197156722,0.9086760197156722,0.9086760197156722,0.9086760197156722,0.9086760197156722,0.8786061348696302,0.8786061348696302,0.9877700617760566,0.9600742100775277,0.9600742100775277,0.9081947771123948,0.9894548140137402,0.9894548140137402,0.8805241549351718,0.6723086706473326,0.6723086706473326,0.6029106772256759,0.8797623265284612,0.8824683994726763,0.8806673050809015,0.9903787166603819,0.8776195766967194,0.9039707507905115,0.9039707507905115,0.9892298039088038,0.7102952147856749,0.7107330954481809,0.8970399951570663,0.9213038833030333,0.904477963842515,0.904477963842515,0.8964507885823482,0.988657559699123,0.7974522656053922,0.8986590674397569,0.9876858845030789,0.9010673385697868,0.9860797111604122,0.6168252908531888,0.9912016457252414,0.5813685674146868,0.5823273592525807,0.7152584144061724,0.9902053812896646,0.5818850362535556,0.7152584144061724,0.5824701209749129,0.58196799742381,0.7135652527918522,0.5838682573176001,0.5842769470092921,0.5797470105908994,0.5824701209749129,0.9898504908027038,0.9905222370537257,0.99013495512757,0.58196799742381,0.9906630293076384,0.5838682573176001,0.5834454906542145,0.5814008601581873,0.5827555394995577,0.5793443843480671,0.9900076335823457,0.5794184515489256,0.5796637315542577,0.8778945804877253,0.8778945804877253,0.8778945804877253,0.9856553100069987,0.8778945804877253,0.8778945804877253,0.7430951813889287,0.7427847145270178,0.988223409535054,0.9880361234030473,0.5796637315542577,0.9855056378179562,0.7128883670639606,0.584396285559751,0.9909986839621778,0.584396285559751,0.9908579394018594,0.5844788902823711,0.5841989047762784,0.9909986839621778,0.9897746198417368,0.9886846877544154,0.5791313883795833,0.9875528154698897,0.9157500978068606,0.9965475772375284,0.9157500978068606,0.9157500978068606,0.9157500978068606,0.997249775902867,0.8880249534585489,1.0,0.5784131071597847,0.5784131071597847,0.7746492980721844,0.8773169729625093,0.8773169729625093,0.7284927479427025,0.758802977217912,0.9890725375484286,0.9890725375484286,0.9856308197495418,0.9861477071852648,0.0,0.8746746903440951,0.8787312843951883,0.9869279659613566,0.6178158823565822,0.9869768814953561,0.9642277038538841,0.9861694649230485,0.9870176425885355,0.9872540237418501,0.9883563882816819,0.8782855486727704,0.8766472057201905,0.9872839069838407,0.9868083844482715,0.9872540237418501,0.9886684110105639
Bifidobacterium pseudocatenulatum,0.5248730875090044,0.3499630812407913,0.3499630812407913,0.3499630812407913,0.3499630812407913,0.3499630812407913,0.3499630812407913,0.3499630812407913,0.3499630812407913,0.3499630812407913,0.3499630812407913,0.26009081561907654,0.26009081561907654,0.5211860874477536,0.4658453062941232,0.4658453062941232,0.3493110446408319,0.5254348807790239,0.5254348807790239,0.2717798307521414,0.8099035379892024,0.8099035379892024,0.752342484754999,0.2624825292285722,0.2745779629241286,0.2695104584292775,0.5269589104369696,0.25665482730764655,0.33335210731207726,0.33335210731207726,0.5251949153648652,0.5949260577665262,0.5953677018598396,0.31915474156793866,0.38015890639050287,0.3352535306453355,0.3352535306453355,0.3166490139027925,0.5239320140194972,0.5385430260366897,0.32273147215237785,0.5227327667065771,0.3322480091540859,0.5179960387398277,0.7639811852123516,0.5283719576150355,0.7372321629055462,0.7361472317530787,0.6022163050727819,0.5270708723487996,0.736416793362561,0.6022163050727819,0.7361071533567092,0.7362783821606315,0.5980196869312181,0.7392775362793855,0.7384825846939358,0.7346409700936296,0.7361071533567092,0.526485353837675,0.5275947416452158,0.5269181911160985,0.7362783821606315,0.527879345618561,0.7392775362793855,0.7381665444076914,0.7362965956474248,0.7389436881853474,0.7342940563335705,0.5264751651461042,0.7341990829449965,0.7344730112610893,0.25917141714700836,0.25917141714700836,0.25917141714700836,0.5182031087801746,0.25917141714700836,0.25917141714700836,0.6345376950995125,0.6341487090295522,0.5232558534568801,0.5228610226563705,0.7346336683341875,0.5179080089026016,0.5988264289876424,0.7396438699066675,0.5286307756724277,0.7396438699066675,0.5282958105258959,0.7387004647319253,0.7385080073439357,0.5286307756724277,0.5274117008488967,0.5253021475015425,0.7344693595555569,0.5220190889576735,0.37104736235533337,0.5394983843621034,0.37104736235533337,0.37104736235533337,0.37104736235533337,0.5408935491104446,0.29444978408185873,0.5465563739530954,0.7356770841306861,0.7356770841306861,0.5018485539035393,0.2556391564628806,0.2556391564628806,0.6159376217278584,0.6514643404205688,0.5238142609551004,0.5238142609551004,0.5169646325414468,0.5190667338227812,0.8746746903440951,0.0,0.25400774760787515,0.5210625665594554,0.6919292103158496,0.5203105160403148,0.47593814125846795,0.5195935112658984,0.5228456336035705,0.5205578854087987,0.5231994672991218,0.2623598833862428,0.248887818611946,0.5208823794247152,0.521021386422544,0.5205578854087987,0.5252408746755596
Bifidobacterium catenulatum,0.5308079495734216,0.3582642336766843,0.3582642336766843,0.3582642336766843,0.3582642336766843,0.3582642336766843,0.3582642336766843,0.3582642336766843,0.3582642336766843,0.3582642336766843,0.3582642336766843,0.274968404590143,0.274968404590143,0.5283618053038852,0.47112375345525875,0.47112375345525875,0.3569216709309538,0.5304945827635277,0.5304945827635277,0.28422530399418217,0.814236758605233,0.814236758605233,0.7575294489597135,0.27556276302642435,0.284856843246545,0.28144684924657953,0.5320746937421943,0.2647817495904603,0.3451010676494916,0.3451010676494916,0.5299634582858781,0.6016236754092156,0.6020514967435724,0.33040235249000927,0.3905021300216421,0.34706177486622314,0.34706177486622314,0.328929786260184,0.5294723269964757,0.5438753633816351,0.3316662797875925,0.5297356704943822,0.33345668584415894,0.5252970417056907,0.7686919997660899,0.5336551519897775,0.742098338893426,0.7412449031005907,0.607969685331673,0.5321250991737478,0.7413245022000896,0.607969685331673,0.7393500920044309,0.7415198455815222,0.6039462976900801,0.7438635704782393,0.7408395387225278,0.7395241967008933,0.7393500920044309,0.5313634681443318,0.5326439975291455,0.5317923350348815,0.7415198455815222,0.5331271762179367,0.7438635704782393,0.741834457277827,0.7411689141673307,0.7432214970503872,0.7380248272439688,0.5316258748569731,0.7391360321300916,0.7393210705688723,0.2656312539869556,0.2656312539869556,0.2656312539869556,0.5245715141306192,0.2656312539869556,0.2656312539869556,0.6387169312962164,0.6383893130495301,0.5284582443851555,0.527925071232196,0.7372430769138061,0.5246482017619255,0.6006063783851883,0.7431312737688179,0.5339214557678728,0.7431312737688179,0.5336400742169635,0.7422067561925353,0.741957372720347,0.5339214557678728,0.5323216347519357,0.5318478101831904,0.7393392090995946,0.5281282482833158,0.3794244628775056,0.5435596615042828,0.3794244628775056,0.3794244628775056,0.3794244628775056,0.5449444286848188,0.30195094346753326,0.5506045604187668,0.7398215307725471,0.7398215307725471,0.5094863490117403,0.27078127291315673,0.27078127291315673,0.6227882715831035,0.6578473415023693,0.5285242188806566,0.5285242188806566,0.5247811004424197,0.5262101899208603,0.8787312843951883,0.25400774760787515,0.0,0.5253991481953433,0.6966883512061008,0.5276608241062145,0.4800678337603956,0.525506338657315,0.5293912718730346,0.5274676367201396,0.5282501170036541,0.2761849772265182,0.2641529820526249,0.5284886951757184,0.5277218159563187,0.5274676367201396,0.5308988923891422
Bifidobacterium ruminantium,0.22823499276245043,0.4797828192185618,0.4797828192185618,0.4797828192185618,0.4797828192185618,0.4797828192185618,0.4797828192185618,0.4797828192185618,0.4797828192185618,0.4797828192185618,0.4797828192185618,0.5257614660833582,0.5257614660833582,0.2260030719252659,0.31304562715070483,0.31304562715070483,0.47887075290231196,0.22743449620163667,0.22743449620163667,0.5304693031802488,0.9297656418350874,0.9297656418350874,0.8401211034464884,0.5298926014661632,0.5314341288514709,0.5299988831433539,0.23464352557951165,0.5243669589495566,0.472822874255701,0.472822874255701,0.2276584477175235,0.7502791071112576,0.7508294193056843,0.4888373253578965,0.4275942957000701,0.4735767115283892,0.4735767115283892,0.48805210575369934,0.22556355014788806,0.6519252802872451,0.4899443723010279,0.22639435793337817,0.4956806398888228,0.21738932193738075,0.8351580950537891,0.2375516895578797,0.8670738746569925,0.8670367549146372,0.7554837883015951,0.23190713139237573,0.8659224227258148,0.7554837883015951,0.8669903530017926,0.8667830607968591,0.7533969745638952,0.8683380904983802,0.8668635084336556,0.8650950326230762,0.8669903530017926,0.23157149519351347,0.23449488312459085,0.23326784325862338,0.8667830607968591,0.2345634990391902,0.8683380904983802,0.8663218898781427,0.8664209539949184,0.8681774610477418,0.864856274941391,0.2323115637780748,0.8647384221810538,0.8649338008946417,0.5251642735899076,0.5251642735899076,0.5251642735899076,0.21480776321193604,0.5251642735899076,0.5251642735899076,0.714917101617705,0.7145643655802755,0.2230525604181122,0.2239525744052385,0.8634751483328629,0.21499497043151225,0.7518289549424801,0.8686932232286123,0.23695253855519546,0.8686932232286123,0.2347235248356196,0.8679889924575049,0.8678375700113883,0.23695253855519546,0.23298022034923246,0.23173358715539916,0.8646453691813281,0.22098682294909505,0.4959997795508959,0.2581656472165185,0.4959997795508959,0.4959997795508959,0.4959997795508959,0.26108916950471384,0.5404818289598436,0.2737856131720825,0.8647601331068941,0.8647601331068941,0.6786260408311203,0.5241162700526312,0.5241162700526312,0.7206937146443022,0.6832815837288285,0.22555165929413312,0.22555165929413312,0.2188770861356427,0.21678393434078724,0.9869279659613566,0.5210625665594554,0.5253991481953433,0.0,0.8298616688239577,0.22168963964537697,0.32654837022924516,0.21722887332863172,0.22489669414271216,0.22243847085202675,0.22287212148302427,0.5265312005099232,0.5240395045787588,0.2230766079153971,0.22159283193785898,0.22243847085202675,0.22891555720448145
Bifidobacterium bifidum,0.832852298899211,0.7343451907628716,0.7343451907628716,0.7343451907628716,0.7343451907628716,0.7343451907628716,0.7343451907628716,0.7343451907628716,0.7343451907628716,0.7343451907628716,0.7343451907628716,0.6970924572317485,0.6970924572317485,0.8307532084791167,0.7972672625570154,0.7972672625570154,0.7344511007555502,0.8326526135146697,0.8326526135146697,0.7003054214265542,0.8451692152449548,0.8451692152449548,0.791585265110629,0.6983801847836206,0.7019847170178066,0.6994508409805602,0.8337374236843282,0.6960412935661798,0.7281171203981778,0.7281171203981778,0.8324174386743203,0.8765768351732947,0.8772619428873124,0.7199862795784387,0.7499644616975127,0.7293500734118984,0.7293500734118984,0.71963975522331,0.8317502114203632,0.5933686747636683,0.7223813066169977,0.83139542833106,0.7258186265817925,0.828451339651934,0.8017858761764639,0.834624823298974,0.7767618860293014,0.7754832647739193,0.8802377848036177,0.8335250794564982,0.7762437799045355,0.8802377848036177,0.7754659716709084,0.7760295283374146,0.8787953784695511,0.7775383978999187,0.7775418473328329,0.7741436364372827,0.7754659716709084,0.8331807094321592,0.8339143359037529,0.8334285414680124,0.7760295283374146,0.8340944261561728,0.7775383978999187,0.7774418075645748,0.7754383019039293,0.7772899985012417,0.7737867037518689,0.8332322130652353,0.774257958706754,0.773748574996025,0.6963494912383075,0.6963494912383075,0.6963494912383075,0.8279202270714358,0.6963494912383075,0.6963494912383075,0.9033118387903107,0.9030564553948279,0.8310404937797884,0.8307402944473189,0.7740189019765499,0.8276901884765144,0.8785817133714394,0.7788928483345715,0.834576619305928,0.7788928483345715,0.8343966331266646,0.7777005047079059,0.7773866076988718,0.834576619305928,0.8336634310782695,0.83242066069632,0.7728016858989524,0.8303333996357561,0.7436940880970314,0.8411835285686402,0.7436940880970314,0.7436940880970314,0.7436940880970314,0.8420853767671812,0.7093203385932505,0.8453786346759611,0.7731174444556501,0.7731174444556501,0.5601807578393502,0.6953049191956704,0.6953049191956704,0.8910250513999356,0.9158379583653093,0.8318888582208862,0.8318888582208862,0.8282538314593993,0.8287717855503485,0.6178158823565822,0.6919292103158496,0.6966883512061008,0.8298616688239577,0.0,0.8296095383219021,0.8025448598969399,0.8292182610940525,0.8305885395334196,0.8297970272805525,0.831192166178143,0.6977116318877856,0.6943514865305009,0.8300394071110722,0.8294478758943048,0.8297970272805525,0.8312212066716974
Desulfovibrio sp900556755,0.22499208029656845,0.4778783781710505,0.4778783781710505,0.4778783781710505,0.4778783781710505,0.4778783781710505,0.4778783781710505,0.4778783781710505,0.4778783781710505,0.4778783781710505,0.4778783781710505,0.5214999046912724,0.5214999046912724,0.21410741000048777,0.30483287802515907,0.30483287802515907,0.4775021953976674,0.22575371862946705,0.22575371862946705,0.527376102205486,0.927807770197653,0.927807770197653,0.8376144571282008,0.5262764462345958,0.5294014044421429,0.52651591872941,0.23102649755385254,0.521227254572278,0.46827436693000635,0.46827436693000635,0.22519464172327322,0.747047709181818,0.747908867837191,0.4852910686326122,0.4221782151184356,0.4693099114289621,0.4693099114289621,0.4829476037492576,0.22247464068952733,0.6513325834012752,0.48795867393245945,0.2158416066694055,0.49344631828392765,0.20559538530577806,0.8331324218845071,0.23580654546589294,0.8644157956203942,0.8640682169134811,0.7522105695900502,0.2252422767617168,0.8630308563753776,0.7522105695900502,0.8636863398521728,0.8637329192649628,0.7502505084355552,0.866222814432066,0.865327525473898,0.8622006914551822,0.8636863398521728,0.22674948655626517,0.22947725658413193,0.22857552827404118,0.8637329192649628,0.22879836293211783,0.866222814432066,0.8647105073325636,0.8636801290739986,0.8661670795134917,0.8618802268370221,0.22693866125727374,0.8616872683426081,0.8619393506316422,0.5189892214552421,0.5189892214552421,0.5189892214552421,0.2033128162023833,0.5189892214552421,0.5189892214552421,0.7134374457950103,0.7130614100933363,0.21838638473115746,0.21874225298379446,0.8621633619019129,0.20300917688014883,0.7504578241425506,0.8663869019824002,0.2326576605540377,0.8663869019824002,0.23094521765372292,0.8652345358302085,0.8648221613202887,0.2326576605540377,0.227623101600444,0.2213142738994746,0.8622722352484642,0.21691998474800325,0.49303849561094615,0.25699944973623484,0.49303849561094615,0.49303849561094615,0.49303849561094615,0.2600186211687957,0.5396872652181447,0.2715823880593519,0.8618708911302728,0.8618708911302728,0.6764012520791007,0.5212529823740722,0.5212529823740722,0.7188827831200975,0.6808041651783914,0.22416804007800015,0.22416804007800015,0.2104050582504104,0.20843274745133872,0.9869768814953561,0.5203105160403148,0.5276608241062145,0.22168963964537697,0.8296095383219021,0.0,0.3141403750489393,0.2111939050404851,0.21524432677887018,0.20849707656229646,0.21746333521374778,0.5219368763715452,0.5212478369153034,0.21116850436626486,0.21310291274064774,0.20849707656229646,0.2227156228233136
Bilophila wadsworthia,0.3282768232614076,0.5326842791595086,0.5326842791595086,0.5326842791595086,0.5326842791595086,0.5326842791595086,0.5326842791595086,0.5326842791595086,0.5326842791595086,0.5326842791595086,0.5326842791595086,0.47773243196778953,0.47773243196778953,0.32243215394604346,0.20839414045305407,0.20839414045305407,0.5318225949240445,0.3294186591377255,0.3294186591377255,0.4840182516689812,0.9036354186848712,0.9036354186848712,0.8107508630663601,0.4819636234253747,0.4850865365378064,0.4824030490771209,0.3323448650523111,0.47291929637531005,0.5238501016462752,0.5238501016462752,0.32955704127327157,0.7173215759085844,0.7183976037117766,0.4376622592435708,0.4841512237186517,0.5240599764712808,0.5240599764712808,0.4355182735172314,0.3273441005465669,0.6162380058577499,0.44004575865381285,0.3237354856367717,0.44229515411384573,0.31758781163423944,0.8632576913296005,0.335717217638782,0.8383793946900742,0.8382258230821535,0.7222959066858212,0.3298498941520958,0.837175663124306,0.7222959066858212,0.8368584352053772,0.8380082151285692,0.7202246511055123,0.8401211034464884,0.8386672656597998,0.8361594686232361,0.8368584352053772,0.33036176202160833,0.33177138971422626,0.3311159302862942,0.8380082151285692,0.33123740951784075,0.8401211034464884,0.8389454470361756,0.8375376047143197,0.8401274883885835,0.8348979266894385,0.3302643245435941,0.8357648396142857,0.8358129750788896,0.4718405168460179,0.4718405168460179,0.4718405168460179,0.31614887861839136,0.4718405168460179,0.4718405168460179,0.7504220841412853,0.7500645904645408,0.3247611716912263,0.3250170874472657,0.8353122306616941,0.31472893295605014,0.7185170628859485,0.8395750113385965,0.33391483584613374,0.8395750113385965,0.33309454335064564,0.838724827997218,0.8383506021564343,0.33391483584613374,0.3303130468754286,0.3262607745730434,0.836278141728355,0.3229806920964539,0.5450280917707999,0.3502235559766653,0.5450280917707999,0.5450280917707999,0.5450280917707999,0.35279492062657547,0.49608629051229697,0.3614170644274764,0.8363134196743669,0.8363134196743669,0.6432193547501556,0.47736175274632064,0.47736175274632064,0.6874805089810043,0.7193713636635486,0.3290520725719593,0.3290520725719593,0.3198179427719534,0.31666595379922846,0.9642277038538841,0.47593814125846795,0.4800678337603956,0.32654837022924516,0.8025448598969399,0.3141403750489393,0.0,0.3197340692967569,0.3213573076741726,0.3188352420231765,0.3242239183256241,0.4780411117549146,0.4772999448881554,0.31904547509803405,0.3201280835591007,0.3188352420231765,0.3269505791453803
Dialister invisus,0.22105963174453028,0.47780541064184917,0.47780541064184917,0.47780541064184917,0.47780541064184917,0.47780541064184917,0.47780541064184917,0.47780541064184917,0.47780541064184917,0.47780541064184917,0.47780541064184917,0.5232199720595662,0.5232199720595662,0.21658589028040812,0.30832349468206866,0.30832349468206866,0.4768783141605181,0.22390466498669795,0.22390466498669795,0.5278082090124505,0.928157486627122,0.928157486627122,0.8383410044254723,0.5253532027308422,0.5274879755663229,0.5263783627401087,0.22696229700813275,0.5219522922178156,0.46943562301455855,0.46943562301455855,0.22240229513213577,0.7482566382283377,0.7494027775816212,0.4862241888229743,0.42408613860889555,0.4701948909098092,0.4701948909098092,0.4845499209235101,0.21920768861914158,0.6501909458306341,0.48657709263323784,0.2172412197365151,0.4918947933329461,0.20858710398751615,0.8331935856388983,0.2318030204414982,0.8650578279683594,0.865138436031408,0.7531050002446522,0.22389268603021253,0.8638353851321351,0.7531050002446522,0.8645026684617799,0.8648407689167921,0.7513186439570497,0.8666407120688447,0.8644623357282668,0.8628692389446665,0.8645026684617799,0.22376087518379997,0.22666667297742535,0.2255397678134714,0.8648407689167921,0.22721032394640914,0.8666407120688447,0.8640806328462471,0.8641178795741681,0.865426703414106,0.8625117082358971,0.2235690115899481,0.8625054889993692,0.8623842049224572,0.5213353028076831,0.5213353028076831,0.5213353028076831,0.20229449342115466,0.5213353028076831,0.5213353028076831,0.7122221354558468,0.711852993268301,0.21610239752083887,0.21536889668731218,0.8611517377830825,0.20270508272603086,0.7491665298705152,0.8665138163185443,0.2304685740244403,0.8665138163185443,0.22897413184713417,0.866129920908605,0.8657799324944923,0.2304685740244403,0.21979419853328214,0.2202817639028984,0.8625925542302926,0.21346758916292033,0.4935224078577515,0.2541555308754377,0.4935224078577515,0.4935224078577515,0.4935224078577515,0.25754155529505773,0.5381793458588509,0.27042445995344705,0.8619673552241615,0.8619673552241615,0.6769284194778618,0.521474189071804,0.521474189071804,0.7184312036121913,0.68079234637979,0.21948892018581503,0.21948892018581503,0.20692173700992994,0.20785288952987538,0.9861694649230485,0.5195935112658984,0.525506338657315,0.21722887332863172,0.8292182610940525,0.2111939050404851,0.3197340692967569,0.0,0.21100332545132502,0.20958765053910858,0.21215687720385082,0.5214690457957342,0.5205321232511682,0.2127250033942527,0.2112446972261739,0.20958765053910858,0.21879129283487214
Veillonella parvula_A,0.22744628862101574,0.47971014136928947,0.47971014136928947,0.47971014136928947,0.47971014136928947,0.47971014136928947,0.47971014136928947,0.47971014136928947,0.47971014136928947,0.47971014136928947,0.47971014136928947,0.5247657676969895,0.5247657676969895,0.22218511712165517,0.3115598940753976,0.3115598940753976,0.478786733118719,0.22876319294298805,0.22876319294298805,0.5280114310317676,0.9285041827476221,0.9285041827476221,0.8394791690773162,0.5267705571921993,0.5300950243945537,0.528818466349626,0.23327934079877666,0.5240036768423254,0.4717950404335133,0.4717950404335133,0.22825849428058537,0.749316877941154,0.7504042135023229,0.4874692385807708,0.42631908271137775,0.47230071890805786,0.47230071890805786,0.4867258971843716,0.2260030719252659,0.6521926406372892,0.4892925042309325,0.21935446311742068,0.4942772331498045,0.21427019601868202,0.8340944261561728,0.2376758523843061,0.8662909300184413,0.8664457182543644,0.754400218827504,0.2318492977468987,0.8652810319012244,0.754400218827504,0.8659162279859296,0.8661051476196694,0.7528521017436078,0.867179038631632,0.8667057002580627,0.8642916764141342,0.8659162279859296,0.2324616023126872,0.23503183832360822,0.23355511196092976,0.8661051476196694,0.23471209803986587,0.867179038631632,0.8661763689156371,0.865184937266942,0.8663435611216325,0.8638850611777577,0.23167571018775018,0.8638602235120223,0.863763970811353,0.5235735527753277,0.5235735527753277,0.5235735527753277,0.2120810120567072,0.5235735527753277,0.5235735527753277,0.7149583678650548,0.7146056521970315,0.22368894562120734,0.22396455015853736,0.8636273356561746,0.21054523060891644,0.7523103994113646,0.8673429452795091,0.2372127333478115,0.8673429452795091,0.23576104492606445,0.8673924204452372,0.8670120075368319,0.2372127333478115,0.22941881039807738,0.22452669004346718,0.8641271910052957,0.2205129798057982,0.4949225358206043,0.25962635814801527,0.4949225358206043,0.4949225358206043,0.4949225358206043,0.26320701442772776,0.5409232998671675,0.274968404590143,0.8628941051350419,0.8628941051350419,0.6781555647793877,0.5230866767491582,0.5230866767491582,0.7203624236621416,0.6825078652305043,0.22724573426750724,0.22724573426750724,0.2140572970893273,0.21393196345419593,0.9870176425885355,0.5228456336035705,0.5293912718730346,0.22489669414271216,0.8305885395334196,0.21524432677887018,0.3213573076741726,0.21100332545132502,0.0,0.2158416066694055,0.22196772661962738,0.5226814555146295,0.5226404029340199,0.21793150224693775,0.2148951468763079,0.2158416066694055,0.22440720374367237
Phascolarctobacterium_A succinatutens,0.22453863517634845,0.47873071173748016,0.47873071173748016,0.47873071173748016,0.47873071173748016,0.47873071173748016,0.47873071173748016,0.47873071173748016,0.47873071173748016,0.47873071173748016,0.47873071173748016,0.5223529445308378,0.5223529445308378,0.21480776321193604,0.30719928819948683,0.30719928819948683,0.47721002825854614,0.2255397678134714,0.2255397678134714,0.5280165105801117,0.9276632207811385,0.9276632207811385,0.837723319312267,0.5262662534985035,0.5297154179502463,0.5264140288554555,0.23188399966508344,0.5213198687165418,0.4682285441574887,0.4682285441574887,0.22597933584664923,0.7474066458709162,0.7481096622210589,0.48560046685889924,0.4229525635439577,0.4689668903734395,0.4689668903734395,0.48362466195901077,0.22240229513213577,0.6511431359777987,0.4875737660264101,0.21722887332863172,0.49322885482165263,0.20663638125364125,0.8329006026870387,0.23607936454533437,0.8647260156929767,0.8648624772733888,0.7528806015960463,0.22817622837702714,0.863546586538936,0.7528806015960463,0.8640775288797811,0.8643847674896972,0.7509794344615301,0.8667118893552707,0.8658356923342012,0.8625987728390901,0.8640775288797811,0.22903269150944222,0.23173358715539916,0.2300492434099772,0.8643847674896972,0.23166413305908254,0.8667118893552707,0.8653120278939089,0.8639968218375887,0.8663404652628952,0.8622597932760487,0.22835247616589777,0.8622473511240993,0.8620762533247913,0.5214844754717631,0.5214844754717631,0.5214844754717631,0.20800767636244558,0.5214844754717631,0.5214844754717631,0.7138809131573679,0.7135126291539278,0.22053730422038942,0.22035480566138088,0.8626174283965035,0.20594730970213795,0.7508651399184357,0.8666592806201795,0.23337130072776446,0.8666592806201795,0.23205743141603563,0.8653647185335006,0.8650454260612025,0.23337130072776446,0.2272693380831271,0.2248251279693352,0.8628381551989497,0.2186196052292777,0.49410356259674815,0.2579993703151427,0.49410356259674815,0.49410356259674815,0.49410356259674815,0.26113025679263907,0.5400946251604186,0.27331498865022363,0.8628101788703514,0.8628101788703514,0.6767738791077074,0.5211809413285518,0.5211809413285518,0.7188081614498092,0.6807490090293903,0.22540892012196714,0.22540892012196714,0.21223271523208317,0.21032856122615853,0.9872540237418501,0.5205578854087987,0.5274676367201396,0.22243847085202675,0.8297970272805525,0.20849707656229646,0.3188352420231765,0.20958765053910858,0.2158416066694055,0.0,0.215978250674538,0.5225223587985937,0.521844371730507,0.2145203948381753,0.213480153100965,0.0,0.21953779324814104
Acidaminococcus fermentans,0.22722212799992497,0.47993931874437024,0.47993931874437024,0.47993931874437024,0.47993931874437024,0.47993931874437024,0.47993931874437024,0.47993931874437024,0.47993931874437024,0.47993931874437024,0.47993931874437024,0.5260674556718452,0.5260674556718452,0.2231367153203398,0.3123766338405827,0.3123766338405827,0.47901635228326184,0.22811744885355592,0.22811744885355592,0.5312170696371598,0.9296329372756943,0.9296329372756943,0.8399231461671088,0.5291226880897258,0.5300292454224531,0.5295634991809206,0.23248467656976052,0.5238142609551004,0.4722325691238195,0.4722325691238195,0.22531371043656995,0.7501933078134564,0.7510080053794477,0.48812354155007476,0.4271675547796853,0.4730553882619762,0.4730553882619762,0.4873591854709155,0.22367695511193222,0.6517524660393349,0.4884201630199367,0.22415607519634564,0.49445626701927425,0.21647441087509164,0.835119556706756,0.23847571176188223,0.8667397397458028,0.8666221431196538,0.7550221291716257,0.22923168246286377,0.8655258699898198,0.7550221291716257,0.8662599690522441,0.8661082443195374,0.7529482844221671,0.8682392451225327,0.8656745985535073,0.8644809510698679,0.8662599690522441,0.22651279600474594,0.22950063089094927,0.22988596382500912,0.8661082443195374,0.23175673389542148,0.8682392451225327,0.8653864137467375,0.865888351108006,0.8678066642250738,0.8641116718976732,0.22816447368375106,0.8640185513982491,0.8640278638998139,0.5238040203071888,0.5238040203071888,0.5238040203071888,0.21107957793545648,0.5238040203071888,0.5238040203071888,0.7133096158983955,0.7129184645209977,0.22029393921112395,0.22035480566138088,0.8623188910461804,0.21142237378273718,0.751015147939095,0.8686685230417059,0.23620430131335904,0.8686685230417059,0.23492911211881706,0.8677541218621518,0.867429524967667,0.23620430131335904,0.23057328751982073,0.23001426468494646,0.8643289140475053,0.22003811626291037,0.4958158936391063,0.2584771281026374,0.4958158936391063,0.4958158936391063,0.4958158936391063,0.2619711260828619,0.5406604448774976,0.2747049173355504,0.8642016788425451,0.8642016788425451,0.6788473285011289,0.5240958003590127,0.5240958003590127,0.7211773493222573,0.6829517804973341,0.22614543607917945,0.22614543607917945,0.2174016592332641,0.21613962766971032,0.9883563882816819,0.5231994672991218,0.5282501170036541,0.22287212148302427,0.831192166178143,0.21746333521374778,0.3242239183256241,0.21215687720385082,0.22196772661962738,0.215978250674538,0.0,0.5260011730331801,0.5244897016315732,0.2206588860721854,0.2141825573827375,0.215978250674538,0.22682044555864564
Mitsuokella multacida,0.5280723823871122,0.35480382528965354,0.35480382528965354,0.35480382528965354,0.35480382528965354,0.35480382528965354,0.35480382528965354,0.35480382528965354,0.35480382528965354,0.35480382528965354,0.35480382528965354,0.2573957161144057,0.2573957161144057,0.5238552215448415,0.470531316695958,0.470531316695958,0.3541909918343774,0.5280419075888843,0.5280419075888843,0.2672218142327755,0.811041926611241,0.811041926611241,0.7534325734475857,0.26137664488657036,0.2772221224193665,0.2661053887256733,0.5294773925296953,0.2650854565336404,0.34111439862888027,0.34111439862888027,0.528544517068654,0.5950432605946856,0.5989607803550707,0.31822899477776306,0.3851911865621779,0.34336357197846185,0.34336357197846185,0.31537592846996787,0.5269741793711191,0.5419684962526982,0.32654837022924516,0.5243618440476232,0.33462893852976655,0.5215256190427434,0.7656854614133505,0.5313584205914028,0.7385043755903743,0.7394770473931791,0.6046697330986883,0.5294875234507507,0.7384390009719494,0.6046697330986883,0.7390453100916499,0.7380538996498472,0.602870639032856,0.7406259093365983,0.7402890463172659,0.7371266524946094,0.7390453100916499,0.529553369713362,0.5309999216945896,0.530206324064009,0.7380538996498472,0.5304743591932798,0.7406259093365983,0.7399302816780092,0.7384498971436023,0.7393573471853273,0.7367153815653167,0.5294723269964757,0.7368755497464569,0.7368355109651948,0.26421389591992894,0.26421389591992894,0.26421389591992894,0.5208051372830544,0.26421389591992894,0.26421389591992894,0.6372539492782144,0.6369087344213048,0.5256084044882263,0.525735958912087,0.7365952325738475,0.5210574192203242,0.6021138619571264,0.7412376663949559,0.531646054624099,0.7412376663949559,0.5306260171825201,0.7409481402123033,0.7406259093365983,0.531646054624099,0.5287626733777333,0.5272184221771901,0.7373922188371685,0.5258175775047135,0.37518780979736766,0.5421763043693993,0.37518780979736766,0.37518780979736766,0.37518780979736766,0.5435843323161191,0.2969350957211888,0.5489361022651558,0.7366316434286146,0.7366316434286146,0.5023827082546579,0.25429268129331406,0.25429268129331406,0.6164425315288484,0.6551591541934724,0.5270912265049126,0.5270912265049126,0.5206557699823753,0.5225069597713506,0.8782855486727704,0.2623598833862428,0.2761849772265182,0.5265312005099232,0.6977116318877856,0.5219368763715452,0.4780411117549146,0.5214690457957342,0.5226814555146295,0.5225223587985937,0.5260011730331801,0.0,0.2544508399162295,0.5240139135884088,0.5234249754848327,0.5225223587985937,0.5272082476527103
Ligilactobacillus ruminis,0.526485353837675,0.3522851945599052,0.3522851945599052,0.3522851945599052,0.3522851945599052,0.3522851945599052,0.3522851945599052,0.3522851945599052,0.3522851945599052,0.3522851945599052,0.3522851945599052,0.25431377479269035,0.25431377479269035,0.5227686815443208,0.46740870427432085,0.46740870427432085,0.35171372937724793,0.5262305773674467,0.5262305773674467,0.2634005527682472,0.8102942119719951,0.8102942119719951,0.7518931653496924,0.25347924687382295,0.27621410912652294,0.2644472690949475,0.5282805797909543,0.2601423708170336,0.3362520601170002,0.3362520601170002,0.5265719497564201,0.5937798593621747,0.5970232037126225,0.3146692743576645,0.3816516642754628,0.33734305357525274,0.33734305357525274,0.3129342275837059,0.5253327812345475,0.5403825723838025,0.32377690681298904,0.5227532897731407,0.33300595972920954,0.5193715035650247,0.7642479482321886,0.5306310717023327,0.7384244724929708,0.7376758690035938,0.6035509270891289,0.5281180912872039,0.7374358644257736,0.6035509270891289,0.7370902660923474,0.737755853178959,0.5995247273226528,0.7404230854461962,0.7392811642347588,0.7356989581241239,0.7370902660923474,0.52813332670812,0.5289148221661317,0.528179030334057,0.737755853178959,0.529249395536594,0.7404230854461962,0.7390670843965084,0.7371994199112958,0.7392630242798497,0.7354400741672916,0.5274930601553349,0.7351409679800592,0.7353051266833744,0.2622985389599993,0.2622985389599993,0.2622985389599993,0.5191648995416679,0.2622985389599993,0.2622985389599993,0.6358719653488026,0.6354837959997051,0.5242595355292851,0.5237732971621226,0.7354364272635735,0.5183738792935532,0.5999272220192139,0.7401441118444722,0.5299685191247776,0.7401441118444722,0.5295128499053822,0.7397598981628694,0.7395096895417754,0.5299685191247776,0.5269640001308441,0.5255267534093246,0.7354911289206287,0.5238142609551004,0.3733963797026132,0.5410174998036992,0.3733963797026132,0.3733963797026132,0.3733963797026132,0.54248786728694,0.29519575748033083,0.5485059704430171,0.7353926630082898,0.7353926630082898,0.4995022277757219,0.24653828666617877,0.24653828666617877,0.6138002303832545,0.6522872188200752,0.5243874180583802,0.5243874180583802,0.517358779105326,0.5203981394728795,0.8766472057201905,0.248887818611946,0.2641529820526249,0.5240395045787588,0.6943514865305009,0.5212478369153034,0.4772999448881554,0.5205321232511682,0.5226404029340199,0.521844371730507,0.5244897016315732,0.2544508399162295,0.0,0.5218597903093838,0.5217826928588397,0.521844371730507,0.5263426942079492
Sutterella wadsworthensis,0.22678496883276061,0.48004548579428424,0.48004548579428424,0.48004548579428424,0.48004548579428424,0.48004548579428424,0.48004548579428424,0.48004548579428424,0.48004548579428424,0.48004548579428424,0.48004548579428424,0.523875700638733,0.523875700638733,0.21828811208146046,0.3089665420424027,0.3089665420424027,0.4796039000861894,0.22948894403513567,0.22948894403513567,0.5297862984675555,0.92893159642526,0.92893159642526,0.8387056409903717,0.5281130127158933,0.5308635275898537,0.5276303255372617,0.23522575430949433,0.522671192671767,0.47080484168153286,0.47080484168153286,0.22889212315034782,0.7488514169845736,0.7498750497147425,0.48754626097660303,0.4242631836722372,0.47066240058689673,0.47066240058689673,0.48509206556614254,0.22540892012196714,0.6523653382811574,0.4895884174749348,0.222992430329294,0.4956860507474211,0.2108125735737461,0.8335218617036866,0.23866682962873623,0.8658263992769563,0.8653740165486314,0.7536247783618089,0.22989763049830572,0.8644188983722076,0.7536247783618089,0.8650981329387454,0.8651322356778219,0.751582764229021,0.867457352317952,0.866309506067034,0.8636024905781167,0.8650981329387454,0.23021240718791092,0.23260001352013562,0.232219184188468,0.8651322356778219,0.23266918824687535,0.867457352317952,0.8658914485832064,0.8650981329387454,0.867482086991039,0.8631831220315542,0.2308406728726254,0.8627293532694671,0.8632048720755785,0.521643888733018,0.521643888733018,0.521643888733018,0.2089724965141638,0.521643888733018,0.521643888733018,0.7146281711644437,0.7142077000311892,0.2227999049920158,0.2227156228233136,0.863167585950278,0.20823964088372293,0.7514328695212151,0.8677757573380516,0.23521435191222595,0.8677757573380516,0.23368139831378462,0.8664828633164691,0.8660958574536325,0.23521435191222595,0.22944219065907037,0.2272811390716899,0.8632079791799877,0.21331676418707465,0.49271743788946665,0.25608989935427734,0.49271743788946665,0.49271743788946665,0.49271743788946665,0.2597399688919761,0.5396425362532137,0.27135515135967453,0.8636273356561746,0.8636273356561746,0.6771661050257334,0.5221834752992734,0.5221834752992734,0.7192818775553732,0.6813672901282305,0.22663117218006168,0.22663117218006168,0.21242219184801328,0.20913927939086344,0.9872839069838407,0.5208823794247152,0.5284886951757184,0.2230766079153971,0.8300394071110722,0.21116850436626486,0.31904547509803405,0.2127250033942527,0.21793150224693775,0.2145203948381753,0.2206588860721854,0.5240139135884088,0.5218597903093838,0.0,0.21544360405963045,0.2145203948381753,0.2254327162603414
Acidaminococcus intestini,0.2256586544211759,0.4788651520420389,0.4788651520420389,0.4788651520420389,0.4788651520420389,0.4788651520420389,0.4788651520420389,0.4788651520420389,0.4788651520420389,0.4788651520420389,0.4788651520420389,0.5234505952677944,0.5234505952677944,0.21884032169662704,0.3080362975179288,0.3080362975179288,0.47837762617706253,0.22712767839468048,0.22712767839468048,0.5286561431714788,0.9283279617333094,0.9283279617333094,0.8384145842217311,0.5269385511698587,0.5294925888385893,0.52719807293187,0.23181459063394552,0.5219882607552652,0.4697497547940635,0.4697497547940635,0.22628771066769746,0.7487260511331432,0.7496496842197791,0.48578821964202945,0.4242442180923107,0.4705427167448203,0.4705427167448203,0.4850201832815407,0.22439525161436008,0.6516207672787345,0.488672698555586,0.21833725393532064,0.4938809579509339,0.20995843270272502,0.8333834865797072,0.23671471961651872,0.8653957115287699,0.8653089283446038,0.7533435730842196,0.22930187333436217,0.8643165016813062,0.7533435730842196,0.8650578279683594,0.8649306999899294,0.7515649211885994,0.866389997675206,0.8660215325375994,0.8631271908302177,0.8650578279683594,0.22870456427574906,0.23154832993609606,0.229955954986267,0.8649306999899294,0.23171043810313066,0.866389997675206,0.8654607932061453,0.8642699537204102,0.8662847379137252,0.8628381551989497,0.22828199337925065,0.8627386796867863,0.8626796106742289,0.5218649297344439,0.5218649297344439,0.5218649297344439,0.20769798734251915,0.5218649297344439,0.5218649297344439,0.7140086407738978,0.7136629721103898,0.21985520333573733,0.2204764881521067,0.8625925542302926,0.20592126185409826,0.7510794279193505,0.8673460375600477,0.2341973151897362,0.8673460375600477,0.23399108494214613,0.8666159533815065,0.8663033140950948,0.2341973151897362,0.23034052621728487,0.22542081850515377,0.8631365129487973,0.21857052685729791,0.493745174155636,0.25860161540866783,0.493745174155636,0.493745174155636,0.493745174155636,0.2615407746640551,0.5406902084604699,0.27327573335542155,0.86303396410628,0.86303396410628,0.6767501005338683,0.521427897760809,0.521427897760809,0.7190543835730884,0.6812924961439308,0.22538512147119905,0.22538512147119905,0.2121063034540968,0.21045604081918634,0.9868083844482715,0.521021386422544,0.5277218159563187,0.22159283193785898,0.8294478758943048,0.21310291274064774,0.3201280835591007,0.2112446972261739,0.2148951468763079,0.213480153100965,0.2141825573827375,0.5234249754848327,0.5217826928588397,0.21544360405963045,0.0,0.213480153100965,0.22199189163266722
Phascolarctobacterium_A succinatutens_A,0.22453863517634845,0.47873071173748016,0.47873071173748016,0.47873071173748016,0.47873071173748016,0.47873071173748016,0.47873071173748016,0.47873071173748016,0.47873071173748016,0.47873071173748016,0.47873071173748016,0.5223529445308378,0.5223529445308378,0.21480776321193604,0.30719928819948683,0.30719928819948683,0.47721002825854614,0.2255397678134714,0.2255397678134714,0.5280165105801117,0.9276632207811385,0.9276632207811385,0.837723319312267,0.5262662534985035,0.5297154179502463,0.5264140288554555,0.23188399966508344,0.5213198687165418,0.4682285441574887,0.4682285441574887,0.22597933584664923,0.7474066458709162,0.7481096622210589,0.48560046685889924,0.4229525635439577,0.4689668903734395,0.4689668903734395,0.48362466195901077,0.22240229513213577,0.6511431359777987,0.4875737660264101,0.21722887332863172,0.49322885482165263,0.20663638125364125,0.8329006026870387,0.23607936454533437,0.8647260156929767,0.8648624772733888,0.7528806015960463,0.22817622837702714,0.863546586538936,0.7528806015960463,0.8640775288797811,0.8643847674896972,0.7509794344615301,0.8667118893552707,0.8658356923342012,0.8625987728390901,0.8640775288797811,0.22903269150944222,0.23173358715539916,0.2300492434099772,0.8643847674896972,0.23166413305908254,0.8667118893552707,0.8653120278939089,0.8639968218375887,0.8663404652628952,0.8622597932760487,0.22835247616589777,0.8622473511240993,0.8620762533247913,0.5214844754717631,0.5214844754717631,0.5214844754717631,0.20800767636244558,0.5214844754717631,0.5214844754717631,0.7138809131573679,0.7135126291539278,0.22053730422038942,0.22035480566138088,0.8626174283965035,0.20594730970213795,0.7508651399184357,0.8666592806201795,0.23337130072776446,0.8666592806201795,0.23205743141603563,0.8653647185335006,0.8650454260612025,0.23337130072776446,0.2272693380831271,0.2248251279693352,0.8628381551989497,0.2186196052292777,0.49410356259674815,0.2579993703151427,0.49410356259674815,0.49410356259674815,0.49410356259674815,0.26113025679263907,0.5400946251604186,0.27331498865022363,0.8628101788703514,0.8628101788703514,0.6767738791077074,0.5211809413285518,0.5211809413285518,0.7188081614498092,0.6807490090293903,0.22540892012196714,0.22540892012196714,0.21223271523208317,0.21032856122615853,0.9872540237418501,0.5205578854087987,0.5274676367201396,0.22243847085202675,0.8297970272805525,0.20849707656229646,0.3188352420231765,0.20958765053910858,0.2158416066694055,0.0,0.215978250674538,0.5225223587985937,0.521844371730507,0.2145203948381753,0.213480153100965,0.0,0.21953779324814104
Megasphaera elsdenii,0.23312982854783804,0.48223066396119785,0.48223066396119785,0.48223066396119785,0.48223066396119785,0.48223066396119785,0.48223066396119785,0.48223066396119785,0.48223066396119785,0.48223066396119785,0.48223066396119785,0.5270301616783121,0.5270301616783121,0.22696229700813275,0.31641176012612393,0.31641176012612393,0.48130094644873206,0.23400254694636288,0.23400254694636288,0.5311615286135545,0.9301665253542106,0.9301665253542106,0.8410496029640223,0.5301203218258785,0.5328202071789341,0.5300950243945537,0.23907104547474622,0.5262407707945486,0.4729873472133305,0.4729873472133305,0.23369287550729434,0.7510758569536612,0.7513757589097307,0.4885244870004795,0.4286905726594747,0.47471369776260663,0.47471369776260663,0.4886946520001289,0.23079419332461124,0.6541308102612171,0.4915893566678021,0.22756417920511018,0.49753311295777763,0.21907305894368512,0.8354759685874291,0.2428554592310121,0.8677263040290499,0.8677695758285517,0.7564736286457965,0.23763070977186015,0.8666685647466587,0.7564736286457965,0.8673955125493961,0.8675531952479438,0.7545175325672662,0.869051297048247,0.8682886692170176,0.8656993841632513,0.8673955125493961,0.2379127105709798,0.2407145489926989,0.2392953147974912,0.8675531952479438,0.24100407022764844,0.869051297048247,0.8676304802215455,0.8671233651749926,0.8687734939861198,0.8653802151698844,0.23779995038142815,0.8653058287841962,0.865166337072652,0.5261999959013528,0.5261999959013528,0.5261999959013528,0.21541870448092149,0.5261999959013528,0.5261999959013528,0.7168241150947381,0.7164348825282132,0.23042201941856702,0.22982762157504663,0.8651911372428445,0.21654873685526463,0.7531869069016575,0.8691222769184029,0.24306520284270614,0.8691222769184029,0.2412932440741518,0.8684307478203639,0.8682361560232121,0.24306520284270614,0.23598845989639408,0.23345173595037463,0.8652996296300723,0.22710405985581408,0.49592947828271905,0.26350235795612775,0.49592947828271905,0.49592947828271905,0.49592947828271905,0.266085229990087,0.5427251285067551,0.2772221224193665,0.8649431035420756,0.8649431035420756,0.6799566310825218,0.5253276757364329,0.5253276757364329,0.7217832949075236,0.6839760056645332,0.2336699205565482,0.2336699205565482,0.22301648431030666,0.21974538249747003,0.9886684110105639,0.5252408746755596,0.5308988923891422,0.22891555720448145,0.8312212066716974,0.2227156228233136,0.3269505791453803,0.21879129283487214,0.22440720374367237,0.21953779324814104,0.22682044555864564,0.5272082476527103,0.5263426942079492,0.2254327162603414,0.22199189163266722,0.21953779324814104,0.0
