,Flavonifractor plautii,Faecalibacterium prausnitzii_C,Faecalibacterium prausnitzii,Faecalibacterium sp900539885,Faecalibacterium prausnitzii_G,Faecalibacterium prausnitzii_J,Faecalibacterium prausnitzii_A,Faecalibacterium sp900758465,Faecalibacterium prausnitzii_H,Faecalibacterium prausnitzii_E,Faecalibacterium prausnitzii_F,Gemmiger formicilis,Gemmiger sp900540775,Anaerotruncus colihominis,Ruminococcus_E bromii_B,Ruminococcus_E bromii,Blautia_A obeum,Blautia_A wexlerae,Blautia_A wexlerae_B,Agathobacter sp900317585,Mediterraneibacter faecis,Mediterraneibacter torques,Mediterraneibacter lactaris,Enterocloster bolteae,Enterocloster citroniae,Enterocloster asparagiformis,Enterocloster clostridioformis,Coprococcus eutactus,Dorea_A longicatena_B,Dorea_A longicatena,Lachnospira eligens_A,Roseburia inulinivorans,Roseburia intestinalis,Anaerostipes hadrus,Eubacterium_G ventriosum,Bariatricus comes,Bariatricus comes_A,Anaerobutyricum hallii,Anaerobutyricum soehngenii,Dorea formicigenerans,Coprococcus_A catus,Eubacterium_I ramulus,Clostridium_Q symbiosum,Bacteroides_F pectinophilus,Ruminococcus_B gnavus,Hungatella effluvii,Bacteroides uniformis,Bacteroides caccae,Bacteroides cellulosilyticus,Bacteroides timonensis,Bacteroides stercoris,Bacteroides sp900552405,Bacteroides intestinalis_A,Bacteroides xylanisolvens,Bacteroides eggerthii,Bacteroides fragilis,Bacteroides fluxus,Bacteroides finegoldii,Bacteroides intestinalis,Bacteroides faecis,Bacteroides nordii,Bacteroides salyersiae,Bacteroides sp902362375,Bacteroides oleiciplenus,Bacteroides fragilis_A,Bacteroides clarus,Phocaeicola dorei,Phocaeicola vulgatus,Phocaeicola plebeius,Phocaeicola massiliensis,Phocaeicola coprocola,Phocaeicola coprophilus,Prevotella sp900313215,Prevotella sp900551275,Prevotella copri_A,Prevotella stercorea,Prevotella sp015074785,Prevotella copri,Paraprevotella clara,Paraprevotella xylaniphila,Alistipes onderdonkii,Alistipes finegoldii,Alistipes shahii,Alistipes putredinis,Alistipes_A indistinctus,Parabacteroides distasonis,Parabacteroides goldsteinii,Parabacteroides distasonis_A,Parabacteroides gordonii,Parabacteroides merdae,Parabacteroides johnsonii,Parabacteroides timonensis,Butyricimonas virosa,Odoribacter splanchnicus,Barnesiella intestinihominis,Parasutterella excrementihominis,Escherichia coli,Escherichia fergusonii,Escherichia ruysiae,Escherichia sp005843885,Escherichia coli_E,Escherichia albertii,Hafnia alvei,Klebsiella pneumoniae,Akkermansia muciniphila,Akkermansia muciniphila_B,Erysipelatoclostridium ramosum,Catenibacterium sp000437715,Catenibacterium mitsuokai,Holdemania filiformis,Holdemanella biformis,Streptococcus salivarius,Streptococcus sp001556435,Streptococcus thermophilus,Adlercreutzia celatus_A,Bifidobacterium longum,Bifidobacterium pseudocatenulatum,Bifidobacterium catenulatum,Bifidobacterium ruminantium,Bifidobacterium bifidum,Desulfovibrio sp900556755,Bilophila wadsworthia,Dialister invisus,Veillonella parvula_A,Phascolarctobacterium_A succinatutens,Acidaminococcus fermentans,Mitsuokella multacida,Ligilactobacillus ruminis,Sutterella wadsworthensis,Acidaminococcus intestini,Phascolarctobacterium_A succinatutens_A,Megasphaera elsdenii
Flavonifractor plautii,0.0,0.47843364168478414,0.47843364168478414,0.47843364168478414,0.47843364168478414,0.47843364168478414,0.47843364168478414,0.47843364168478414,0.47843364168478414,0.47843364168478414,0.47843364168478414,0.5262147628140711,0.5262147628140711,0.22359176384417315,0.3175474118093336,0.3175474118093336,0.4777248757159013,0.22400032655232735,0.22400032655232735,0.5321150533597989,0.9313219071959928,0.9313219071959928,0.8420826164835193,0.5301555861655685,0.5272868899376515,0.5303381675920004,0.22804569862542262,0.5257188039797253,0.4740914185269357,0.4740914185269357,0.22481522450392644,0.7506279026377635,0.7514836743319274,0.48850715066534756,0.4277392562286986,0.474935860442461,0.474935860442461,0.4888208378159885,0.22060096143755187,0.651172647507278,0.4851762494268792,0.22348348986754638,0.49435702329229503,0.21837100276839405,0.8368094770299365,0.22984288791750898,0.869079501413301,0.8695528116460179,0.7575925579077649,0.23248371027066148,0.8677819904194424,0.7575925579077649,0.8688907241382421,0.8687669134928141,0.7555237847504551,0.87077356690116,0.867397629293521,0.8669510605881325,0.8688907241382421,0.2307420607844026,0.2329113147022644,0.23527782335278505,0.8687669134928141,0.23425833286941483,0.87077356690116,0.8673852277118027,0.8678780541034589,0.8702174857484497,0.8666749412623058,0.23299212455837565,0.8665973638264722,0.866780435432539,0.5272256842624671,0.5272256842624671,0.5272256842624671,0.21822317176683956,0.5272256842624671,0.5272256842624671,0.7157386632513846,0.7153026817951263,0.22670921620106568,0.2251738007717302,0.8647551866720198,0.2198071446802726,0.7532922675064846,0.8707643017919634,0.23819725431207758,0.8707643017919634,0.23628153396245308,0.8702082147186555,0.8697445372278285,0.23819725431207758,0.23068377934052267,0.23457954914764237,0.8663583816771319,0.22063753018400079,0.49799382385212726,0.25997383014932823,0.49799382385212726,0.49799382385212726,0.49799382385212726,0.26351846100932963,0.5401407692056033,0.2746910203286349,0.8676425242105618,0.8676425242105618,0.6814351811764278,0.5264549047230974,0.5264549047230974,0.7221797789923394,0.68353540763395,0.22609154350120925,0.22609154350120925,0.22277239053739795,0.21798890098350598,0.9899481353806266,0.5242229822396598,0.5297039341931403,0.22324269301939922,0.8332830427207808,0.2229172046743843,0.32665626621351546,0.2169377499664243,0.22587734019068315,0.22236157165559467,0.22100288484753278,0.5281481165073713,0.5270726389794775,0.22218008654361485,0.2255318069346823,0.22236157165559467,0.22999494297309275
Faecalibacterium prausnitzii_C,0.47843364168478414,0.0,0.0,0.0,0.0,0.0,0.0,0.0,0.0,0.0,0.0,0.34641016151377546,0.34641016151377546,0.47775302138445896,0.5242127221677858,0.5242127221677858,0.27218309255844797,0.47739263151010464,0.47739263151010464,0.354975772192441,0.8439392320880148,0.8439392320880148,0.790504355422481,0.3542553318211398,0.3523371324281952,0.3542856956963837,0.4799993276854241,0.35053887711642157,0.25293756195169387,0.25293756195169387,0.47694176121707627,0.6392394970566853,0.6400341190313767,0.39684787325014087,0.31806359117339994,0.25563436979516824,0.25563436979516824,0.395224961172891,0.47695867654480323,0.5847094737994593,0.39537462894907616,0.47717288546116676,0.4010474385945223,0.4747206421109738,0.7372893162350461,0.48092287239978204,0.7752144060101912,0.7748500702958009,0.647012975116476,0.48212362466292275,0.7737178014309717,0.647012975116476,0.7745098690003699,0.7744334767405551,0.6447145499216933,0.7767046644687087,0.7744751461800167,0.7731893056033007,0.7745098690003699,0.48287049006833666,0.48348828848712433,0.483521660508871,0.7744334767405551,0.4835160986651993,0.7767046644687087,0.7737664605234279,0.7739992866865665,0.7763029230383396,0.7726778506671833,0.48282593351652725,0.772562987715499,0.7731371318250705,0.3518177312395184,0.3518177312395184,0.3518177312395184,0.47756722931773676,0.3518177312395184,0.3518177312395184,0.600694322838485,0.6003091848256553,0.47943312858155507,0.4803577618820121,0.7724968467533804,0.47586923219832017,0.6440635084193984,0.777054287424251,0.48446069484677357,0.777054287424251,0.48403307672373613,0.7761885965370211,0.7757935208096377,0.48446069484677357,0.4828203636584364,0.48359395865559723,0.7735822349630127,0.4781018900173202,0.3061733174351816,0.4956934341277417,0.3061733174351816,0.3061733174351816,0.3061733174351816,0.4972480405419191,0.3740255592865234,0.5027235223212845,0.7738811448502367,0.7738811448502367,0.5539691391948786,0.35141237148674553,0.35141237148674553,0.6620222786115094,0.6203314273325614,0.47926482178046614,0.47926482178046614,0.47687409390608776,0.476456599795305,0.9084427628243592,0.3467127946886397,0.35465744219498535,0.4770488814962565,0.7343398913115737,0.47618559708597435,0.5309868375473297,0.4774771222925351,0.4779274875334714,0.4768628150873895,0.4783493198522879,0.35243634255658024,0.3509912201575311,0.4783212092714899,0.4776967283890139,0.4768628150873895,0.4816883488901318
Faecalibacterium prausnitzii,0.47843364168478414,0.0,0.0,0.0,0.0,0.0,0.0,0.0,0.0,0.0,0.0,0.34641016151377546,0.34641016151377546,0.47775302138445896,0.5242127221677858,0.5242127221677858,0.27218309255844797,0.47739263151010464,0.47739263151010464,0.354975772192441,0.8439392320880148,0.8439392320880148,0.790504355422481,0.3542553318211398,0.3523371324281952,0.3542856956963837,0.4799993276854241,0.35053887711642157,0.25293756195169387,0.25293756195169387,0.47694176121707627,0.6392394970566853,0.6400341190313767,0.39684787325014087,0.31806359117339994,0.25563436979516824,0.25563436979516824,0.395224961172891,0.47695867654480323,0.5847094737994593,0.39537462894907616,0.47717288546116676,0.4010474385945223,0.4747206421109738,0.7372893162350461,0.48092287239978204,0.7752144060101912,0.7748500702958009,0.647012975116476,0.48212362466292275,0.7737178014309717,0.647012975116476,0.7745098690003699,0.7744334767405551,0.6447145499216933,0.7767046644687087,0.7744751461800167,0.7731893056033007,0.7745098690003699,0.48287049006833666,0.48348828848712433,0.483521660508871,0.7744334767405551,0.4835160986651993,0.7767046644687087,0.7737664605234279,0.7739992866865665,0.7763029230383396,0.7726778506671833,0.48282593351652725,0.772562987715499,0.7731371318250705,0.3518177312395184,0.3518177312395184,0.3518177312395184,0.47756722931773676,0.3518177312395184,0.3518177312395184,0.600694322838485,0.6003091848256553,0.47943312858155507,0.4803577618820121,0.7724968467533804,0.47586923219832017,0.6440635084193984,0.777054287424251,0.48446069484677357,0.777054287424251,0.48403307672373613,0.7761885965370211,0.7757935208096377,0.48446069484677357,0.4828203636584364,0.48359395865559723,0.7735822349630127,0.4781018900173202,0.3061733174351816,0.4956934341277417,0.3061733174351816,0.3061733174351816,0.3061733174351816,0.4972480405419191,0.3740255592865234,0.5027235223212845,0.7738811448502367,0.7738811448502367,0.5539691391948786,0.35141237148674553,0.35141237148674553,0.6620222786115094,0.6203314273325614,0.47926482178046614,0.47926482178046614,0.47687409390608776,0.476456599795305,0.9084427628243592,0.3467127946886397,0.35465744219498535,0.4770488814962565,0.7343398913115737,0.47618559708597435,0.5309868375473297,0.4774771222925351,0.4779274875334714,0.4768628150873895,0.4783493198522879,0.35243634255658024,0.3509912201575311,0.4783212092714899,0.4776967283890139,0.4768628150873895,0.4816883488901318
Faecalibacterium sp900539885,0.47843364168478414,0.0,0.0,0.0,0.0,0.0,0.0,0.0,0.0,0.0,0.0,0.34641016151377546,0.34641016151377546,0.47775302138445896,0.5242127221677858,0.5242127221677858,0.27218309255844797,0.47739263151010464,0.47739263151010464,0.354975772192441,0.8439392320880148,0.8439392320880148,0.790504355422481,0.3542553318211398,0.3523371324281952,0.3542856956963837,0.4799993276854241,0.35053887711642157,0.25293756195169387,0.25293756195169387,0.47694176121707627,0.6392394970566853,0.6400341190313767,0.39684787325014087,0.31806359117339994,0.25563436979516824,0.25563436979516824,0.395224961172891,0.47695867654480323,0.5847094737994593,0.39537462894907616,0.47717288546116676,0.4010474385945223,0.4747206421109738,0.7372893162350461,0.48092287239978204,0.7752144060101912,0.7748500702958009,0.647012975116476,0.48212362466292275,0.7737178014309717,0.647012975116476,0.7745098690003699,0.7744334767405551,0.6447145499216933,0.7767046644687087,0.7744751461800167,0.7731893056033007,0.7745098690003699,0.48287049006833666,0.48348828848712433,0.483521660508871,0.7744334767405551,0.4835160986651993,0.7767046644687087,0.7737664605234279,0.7739992866865665,0.7763029230383396,0.7726778506671833,0.48282593351652725,0.772562987715499,0.7731371318250705,0.3518177312395184,0.3518177312395184,0.3518177312395184,0.47756722931773676,0.3518177312395184,0.3518177312395184,0.600694322838485,0.6003091848256553,0.47943312858155507,0.4803577618820121,0.7724968467533804,0.47586923219832017,0.6440635084193984,0.777054287424251,0.48446069484677357,0.777054287424251,0.48403307672373613,0.7761885965370211,0.7757935208096377,0.48446069484677357,0.4828203636584364,0.48359395865559723,0.7735822349630127,0.4781018900173202,0.3061733174351816,0.4956934341277417,0.3061733174351816,0.3061733174351816,0.3061733174351816,0.4972480405419191,0.3740255592865234,0.5027235223212845,0.7738811448502367,0.7738811448502367,0.5539691391948786,0.35141237148674553,0.35141237148674553,0.6620222786115094,0.6203314273325614,0.47926482178046614,0.47926482178046614,0.47687409390608776,0.476456599795305,0.9084427628243592,0.3467127946886397,0.35465744219498535,0.4770488814962565,0.7343398913115737,0.47618559708597435,0.5309868375473297,0.4774771222925351,0.4779274875334714,0.4768628150873895,0.4783493198522879,0.35243634255658024,0.3509912201575311,0.4783212092714899,0.4776967283890139,0.4768628150873895,0.4816883488901318
Faecalibacterium prausnitzii_G,0.47843364168478414,0.0,0.0,0.0,0.0,0.0,0.0,0.0,0.0,0.0,0.0,0.34641016151377546,0.34641016151377546,0.47775302138445896,0.5242127221677858,0.5242127221677858,0.27218309255844797,0.47739263151010464,0.47739263151010464,0.354975772192441,0.8439392320880148,0.8439392320880148,0.790504355422481,0.3542553318211398,0.3523371324281952,0.3542856956963837,0.4799993276854241,0.35053887711642157,0.25293756195169387,0.25293756195169387,0.47694176121707627,0.6392394970566853,0.6400341190313767,0.39684787325014087,0.31806359117339994,0.25563436979516824,0.25563436979516824,0.395224961172891,0.47695867654480323,0.5847094737994593,0.39537462894907616,0.47717288546116676,0.4010474385945223,0.4747206421109738,0.7372893162350461,0.48092287239978204,0.7752144060101912,0.7748500702958009,0.647012975116476,0.48212362466292275,0.7737178014309717,0.647012975116476,0.7745098690003699,0.7744334767405551,0.6447145499216933,0.7767046644687087,0.7744751461800167,0.7731893056033007,0.7745098690003699,0.48287049006833666,0.48348828848712433,0.483521660508871,0.7744334767405551,0.4835160986651993,0.7767046644687087,0.7737664605234279,0.7739992866865665,0.7763029230383396,0.7726778506671833,0.48282593351652725,0.772562987715499,0.7731371318250705,0.3518177312395184,0.3518177312395184,0.3518177312395184,0.47756722931773676,0.3518177312395184,0.3518177312395184,0.600694322838485,0.6003091848256553,0.47943312858155507,0.4803577618820121,0.7724968467533804,0.47586923219832017,0.6440635084193984,0.777054287424251,0.48446069484677357,0.777054287424251,0.48403307672373613,0.7761885965370211,0.7757935208096377,0.48446069484677357,0.4828203636584364,0.48359395865559723,0.7735822349630127,0.4781018900173202,0.3061733174351816,0.4956934341277417,0.3061733174351816,0.3061733174351816,0.3061733174351816,0.4972480405419191,0.3740255592865234,0.5027235223212845,0.7738811448502367,0.7738811448502367,0.5539691391948786,0.35141237148674553,0.35141237148674553,0.6620222786115094,0.6203314273325614,0.47926482178046614,0.47926482178046614,0.47687409390608776,0.476456599795305,0.9084427628243592,0.3467127946886397,0.35465744219498535,0.4770488814962565,0.7343398913115737,0.47618559708597435,0.5309868375473297,0.4774771222925351,0.4779274875334714,0.4768628150873895,0.4783493198522879,0.35243634255658024,0.3509912201575311,0.4783212092714899,0.4776967283890139,0.4768628150873895,0.4816883488901318
Faecalibacterium prausnitzii_J,0.47843364168478414,0.0,0.0,0.0,0.0,0.0,0.0,0.0,0.0,0.0,0.0,0.34641016151377546,0.34641016151377546,0.47775302138445896,0.5242127221677858,0.5242127221677858,0.27218309255844797,0.47739263151010464,0.47739263151010464,0.354975772192441,0.8439392320880148,0.8439392320880148,0.790504355422481,0.3542553318211398,0.3523371324281952,0.3542856956963837,0.4799993276854241,0.35053887711642157,0.25293756195169387,0.25293756195169387,0.47694176121707627,0.6392394970566853,0.6400341190313767,0.39684787325014087,0.31806359117339994,0.25563436979516824,0.25563436979516824,0.395224961172891,0.47695867654480323,0.5847094737994593,0.39537462894907616,0.47717288546116676,0.4010474385945223,0.4747206421109738,0.7372893162350461,0.48092287239978204,0.7752144060101912,0.7748500702958009,0.647012975116476,0.48212362466292275,0.7737178014309717,0.647012975116476,0.7745098690003699,0.7744334767405551,0.6447145499216933,0.7767046644687087,0.7744751461800167,0.7731893056033007,0.7745098690003699,0.48287049006833666,0.48348828848712433,0.483521660508871,0.7744334767405551,0.4835160986651993,0.7767046644687087,0.7737664605234279,0.7739992866865665,0.7763029230383396,0.7726778506671833,0.48282593351652725,0.772562987715499,0.7731371318250705,0.3518177312395184,0.3518177312395184,0.3518177312395184,0.47756722931773676,0.3518177312395184,0.3518177312395184,0.600694322838485,0.6003091848256553,0.47943312858155507,0.4803577618820121,0.7724968467533804,0.47586923219832017,0.6440635084193984,0.777054287424251,0.48446069484677357,0.777054287424251,0.48403307672373613,0.7761885965370211,0.7757935208096377,0.48446069484677357,0.4828203636584364,0.48359395865559723,0.7735822349630127,0.4781018900173202,0.3061733174351816,0.4956934341277417,0.3061733174351816,0.3061733174351816,0.3061733174351816,0.4972480405419191,0.3740255592865234,0.5027235223212845,0.7738811448502367,0.7738811448502367,0.5539691391948786,0.35141237148674553,0.35141237148674553,0.6620222786115094,0.6203314273325614,0.47926482178046614,0.47926482178046614,0.47687409390608776,0.476456599795305,0.9084427628243592,0.3467127946886397,0.35465744219498535,0.4770488814962565,0.7343398913115737,0.47618559708597435,0.5309868375473297,0.4774771222925351,0.4779274875334714,0.4768628150873895,0.4783493198522879,0.35243634255658024,0.3509912201575311,0.4783212092714899,0.4776967283890139,0.4768628150873895,0.4816883488901318
Faecalibacterium prausnitzii_A,0.47843364168478414,0.0,0.0,0.0,0.0,0.0,0.0,0.0,0.0,0.0,0.0,0.34641016151377546,0.34641016151377546,0.47775302138445896,0.5242127221677858,0.5242127221677858,0.27218309255844797,0.47739263151010464,0.47739263151010464,0.354975772192441,0.8439392320880148,0.8439392320880148,0.790504355422481,0.3542553318211398,0.3523371324281952,0.3542856956963837,0.4799993276854241,0.35053887711642157,0.25293756195169387,0.25293756195169387,0.47694176121707627,0.6392394970566853,0.6400341190313767,0.39684787325014087,0.31806359117339994,0.25563436979516824,0.25563436979516824,0.395224961172891,0.47695867654480323,0.5847094737994593,0.39537462894907616,0.47717288546116676,0.4010474385945223,0.4747206421109738,0.7372893162350461,0.48092287239978204,0.7752144060101912,0.7748500702958009,0.647012975116476,0.48212362466292275,0.7737178014309717,0.647012975116476,0.7745098690003699,0.7744334767405551,0.6447145499216933,0.7767046644687087,0.7744751461800167,0.7731893056033007,0.7745098690003699,0.48287049006833666,0.48348828848712433,0.483521660508871,0.7744334767405551,0.4835160986651993,0.7767046644687087,0.7737664605234279,0.7739992866865665,0.7763029230383396,0.7726778506671833,0.48282593351652725,0.772562987715499,0.7731371318250705,0.3518177312395184,0.3518177312395184,0.3518177312395184,0.47756722931773676,0.3518177312395184,0.3518177312395184,0.600694322838485,0.6003091848256553,0.47943312858155507,0.4803577618820121,0.7724968467533804,0.47586923219832017,0.6440635084193984,0.777054287424251,0.48446069484677357,0.777054287424251,0.48403307672373613,0.7761885965370211,0.7757935208096377,0.48446069484677357,0.4828203636584364,0.48359395865559723,0.7735822349630127,0.4781018900173202,0.3061733174351816,0.4956934341277417,0.3061733174351816,0.3061733174351816,0.3061733174351816,0.4972480405419191,0.3740255592865234,0.5027235223212845,0.7738811448502367,0.7738811448502367,0.5539691391948786,0.35141237148674553,0.35141237148674553,0.6620222786115094,0.6203314273325614,0.47926482178046614,0.47926482178046614,0.47687409390608776,0.476456599795305,0.9084427628243592,0.3467127946886397,0.35465744219498535,0.4770488814962565,0.7343398913115737,0.47618559708597435,0.5309868375473297,0.4774771222925351,0.4779274875334714,0.4768628150873895,0.4783493198522879,0.35243634255658024,0.3509912201575311,0.4783212092714899,0.4776967283890139,0.4768628150873895,0.4816883488901318
Faecalibacterium sp900758465,0.47843364168478414,0.0,0.0,0.0,0.0,0.0,0.0,0.0,0.0,0.0,0.0,0.34641016151377546,0.34641016151377546,0.47775302138445896,0.5242127221677858,0.5242127221677858,0.27218309255844797,0.47739263151010464,0.47739263151010464,0.354975772192441,0.8439392320880148,0.8439392320880148,0.790504355422481,0.3542553318211398,0.3523371324281952,0.3542856956963837,0.4799993276854241,0.35053887711642157,0.25293756195169387,0.25293756195169387,0.47694176121707627,0.6392394970566853,0.6400341190313767,0.39684787325014087,0.31806359117339994,0.25563436979516824,0.25563436979516824,0.395224961172891,0.47695867654480323,0.5847094737994593,0.39537462894907616,0.47717288546116676,0.4010474385945223,0.4747206421109738,0.7372893162350461,0.48092287239978204,0.7752144060101912,0.7748500702958009,0.647012975116476,0.48212362466292275,0.7737178014309717,0.647012975116476,0.7745098690003699,0.7744334767405551,0.6447145499216933,0.7767046644687087,0.7744751461800167,0.7731893056033007,0.7745098690003699,0.48287049006833666,0.48348828848712433,0.483521660508871,0.7744334767405551,0.4835160986651993,0.7767046644687087,0.7737664605234279,0.7739992866865665,0.7763029230383396,0.7726778506671833,0.48282593351652725,0.772562987715499,0.7731371318250705,0.3518177312395184,0.3518177312395184,0.3518177312395184,0.47756722931773676,0.3518177312395184,0.3518177312395184,0.600694322838485,0.6003091848256553,0.47943312858155507,0.4803577618820121,0.7724968467533804,0.47586923219832017,0.6440635084193984,0.777054287424251,0.48446069484677357,0.777054287424251,0.48403307672373613,0.7761885965370211,0.7757935208096377,0.48446069484677357,0.4828203636584364,0.48359395865559723,0.7735822349630127,0.4781018900173202,0.3061733174351816,0.4956934341277417,0.3061733174351816,0.3061733174351816,0.3061733174351816,0.4972480405419191,0.3740255592865234,0.5027235223212845,0.7738811448502367,0.7738811448502367,0.5539691391948786,0.35141237148674553,0.35141237148674553,0.6620222786115094,0.6203314273325614,0.47926482178046614,0.47926482178046614,0.47687409390608776,0.476456599795305,0.9084427628243592,0.3467127946886397,0.35465744219498535,0.4770488814962565,0.7343398913115737,0.47618559708597435,0.5309868375473297,0.4774771222925351,0.4779274875334714,0.4768628150873895,0.4783493198522879,0.35243634255658024,0.3509912201575311,0.4783212092714899,0.4776967283890139,0.4768628150873895,0.4816883488901318
Faecalibacterium prausnitzii_H,0.47843364168478414,0.0,0.0,0.0,0.0,0.0,0.0,0.0,0.0,0.0,0.0,0.34641016151377546,0.34641016151377546,0.47775302138445896,0.5242127221677858,0.5242127221677858,0.27218309255844797,0.47739263151010464,0.47739263151010464,0.354975772192441,0.8439392320880148,0.8439392320880148,0.790504355422481,0.3542553318211398,0.3523371324281952,0.3542856956963837,0.4799993276854241,0.35053887711642157,0.25293756195169387,0.25293756195169387,0.47694176121707627,0.6392394970566853,0.6400341190313767,0.39684787325014087,0.31806359117339994,0.25563436979516824,0.25563436979516824,0.395224961172891,0.47695867654480323,0.5847094737994593,0.39537462894907616,0.47717288546116676,0.4010474385945223,0.4747206421109738,0.7372893162350461,0.48092287239978204,0.7752144060101912,0.7748500702958009,0.647012975116476,0.48212362466292275,0.7737178014309717,0.647012975116476,0.7745098690003699,0.7744334767405551,0.6447145499216933,0.7767046644687087,0.7744751461800167,0.7731893056033007,0.7745098690003699,0.48287049006833666,0.48348828848712433,0.483521660508871,0.7744334767405551,0.4835160986651993,0.7767046644687087,0.7737664605234279,0.7739992866865665,0.7763029230383396,0.7726778506671833,0.48282593351652725,0.772562987715499,0.7731371318250705,0.3518177312395184,0.3518177312395184,0.3518177312395184,0.47756722931773676,0.3518177312395184,0.3518177312395184,0.600694322838485,0.6003091848256553,0.47943312858155507,0.4803577618820121,0.7724968467533804,0.47586923219832017,0.6440635084193984,0.777054287424251,0.48446069484677357,0.777054287424251,0.48403307672373613,0.7761885965370211,0.7757935208096377,0.48446069484677357,0.4828203636584364,0.48359395865559723,0.7735822349630127,0.4781018900173202,0.3061733174351816,0.4956934341277417,0.3061733174351816,0.3061733174351816,0.3061733174351816,0.4972480405419191,0.3740255592865234,0.5027235223212845,0.7738811448502367,0.7738811448502367,0.5539691391948786,0.35141237148674553,0.35141237148674553,0.6620222786115094,0.6203314273325614,0.47926482178046614,0.47926482178046614,0.47687409390608776,0.476456599795305,0.9084427628243592,0.3467127946886397,0.35465744219498535,0.4770488814962565,0.7343398913115737,0.47618559708597435,0.5309868375473297,0.4774771222925351,0.4779274875334714,0.4768628150873895,0.4783493198522879,0.35243634255658024,0.3509912201575311,0.4783212092714899,0.4776967283890139,0.4768628150873895,0.4816883488901318
Faecalibacterium prausnitzii_E,0.47843364168478414,0.0,0.0,0.0,0.0,0.0,0.0,0.0,0.0,0.0,0.0,0.34641016151377546,0.34641016151377546,0.47775302138445896,0.5242127221677858,0.5242127221677858,0.27218309255844797,0.47739263151010464,0.47739263151010464,0.354975772192441,0.8439392320880148,0.8439392320880148,0.790504355422481,0.3542553318211398,0.3523371324281952,0.3542856956963837,0.4799993276854241,0.35053887711642157,0.25293756195169387,0.25293756195169387,0.47694176121707627,0.6392394970566853,0.6400341190313767,0.39684787325014087,0.31806359117339994,0.25563436979516824,0.25563436979516824,0.395224961172891,0.47695867654480323,0.5847094737994593,0.39537462894907616,0.47717288546116676,0.4010474385945223,0.4747206421109738,0.7372893162350461,0.48092287239978204,0.7752144060101912,0.7748500702958009,0.647012975116476,0.48212362466292275,0.7737178014309717,0.647012975116476,0.7745098690003699,0.7744334767405551,0.6447145499216933,0.7767046644687087,0.7744751461800167,0.7731893056033007,0.7745098690003699,0.48287049006833666,0.48348828848712433,0.483521660508871,0.7744334767405551,0.4835160986651993,0.7767046644687087,0.7737664605234279,0.7739992866865665,0.7763029230383396,0.7726778506671833,0.48282593351652725,0.772562987715499,0.7731371318250705,0.3518177312395184,0.3518177312395184,0.3518177312395184,0.47756722931773676,0.3518177312395184,0.3518177312395184,0.600694322838485,0.6003091848256553,0.47943312858155507,0.4803577618820121,0.7724968467533804,0.47586923219832017,0.6440635084193984,0.777054287424251,0.48446069484677357,0.777054287424251,0.48403307672373613,0.7761885965370211,0.7757935208096377,0.48446069484677357,0.4828203636584364,0.48359395865559723,0.7735822349630127,0.4781018900173202,0.3061733174351816,0.4956934341277417,0.3061733174351816,0.3061733174351816,0.3061733174351816,0.4972480405419191,0.3740255592865234,0.5027235223212845,0.7738811448502367,0.7738811448502367,0.5539691391948786,0.35141237148674553,0.35141237148674553,0.6620222786115094,0.6203314273325614,0.47926482178046614,0.47926482178046614,0.47687409390608776,0.476456599795305,0.9084427628243592,0.3467127946886397,0.35465744219498535,0.4770488814962565,0.7343398913115737,0.47618559708597435,0.5309868375473297,0.4774771222925351,0.4779274875334714,0.4768628150873895,0.4783493198522879,0.35243634255658024,0.3509912201575311,0.4783212092714899,0.4776967283890139,0.4768628150873895,0.4816883488901318
Faecalibacterium prausnitzii_F,0.47843364168478414,0.0,0.0,0.0,0.0,0.0,0.0,0.0,0.0,0.0,0.0,0.34641016151377546,0.34641016151377546,0.47775302138445896,0.5242127221677858,0.5242127221677858,0.27218309255844797,0.47739263151010464,0.47739263151010464,0.354975772192441,0.8439392320880148,0.8439392320880148,0.790504355422481,0.3542553318211398,0.3523371324281952,0.3542856956963837,0.4799993276854241,0.35053887711642157,0.25293756195169387,0.25293756195169387,0.47694176121707627,0.6392394970566853,0.6400341190313767,0.39684787325014087,0.31806359117339994,0.25563436979516824,0.25563436979516824,0.395224961172891,0.47695867654480323,0.5847094737994593,0.39537462894907616,0.47717288546116676,0.4010474385945223,0.4747206421109738,0.7372893162350461,0.48092287239978204,0.7752144060101912,0.7748500702958009,0.647012975116476,0.48212362466292275,0.7737178014309717,0.647012975116476,0.7745098690003699,0.7744334767405551,0.6447145499216933,0.7767046644687087,0.7744751461800167,0.7731893056033007,0.7745098690003699,0.48287049006833666,0.48348828848712433,0.483521660508871,0.7744334767405551,0.4835160986651993,0.7767046644687087,0.7737664605234279,0.7739992866865665,0.7763029230383396,0.7726778506671833,0.48282593351652725,0.772562987715499,0.7731371318250705,0.3518177312395184,0.3518177312395184,0.3518177312395184,0.47756722931773676,0.3518177312395184,0.3518177312395184,0.600694322838485,0.6003091848256553,0.47943312858155507,0.4803577618820121,0.7724968467533804,0.47586923219832017,0.6440635084193984,0.777054287424251,0.48446069484677357,0.777054287424251,0.48403307672373613,0.7761885965370211,0.7757935208096377,0.48446069484677357,0.4828203636584364,0.48359395865559723,0.7735822349630127,0.4781018900173202,0.3061733174351816,0.4956934341277417,0.3061733174351816,0.3061733174351816,0.3061733174351816,0.4972480405419191,0.3740255592865234,0.5027235223212845,0.7738811448502367,0.7738811448502367,0.5539691391948786,0.35141237148674553,0.35141237148674553,0.6620222786115094,0.6203314273325614,0.47926482178046614,0.47926482178046614,0.47687409390608776,0.476456599795305,0.9084427628243592,0.3467127946886397,0.35465744219498535,0.4770488814962565,0.7343398913115737,0.47618559708597435,0.5309868375473297,0.4774771222925351,0.4779274875334714,0.4768628150873895,0.4783493198522879,0.35243634255658024,0.3509912201575311,0.4783212092714899,0.4776967283890139,0.4768628150873895,0.4816883488901318
Gemmiger formicilis,0.5262147628140711,0.34641016151377546,0.34641016151377546,0.34641016151377546,0.34641016151377546,0.34641016151377546,0.34641016151377546,0.34641016151377546,0.34641016151377546,0.34641016151377546,0.34641016151377546,0.0,0.0,0.5168350430701535,0.4620955943400215,0.4620955943400215,0.35019347694122993,0.5253401287809871,0.5253401287809871,0.2665220799365797,0.8075247831366277,0.8075247831366277,0.7497209377291956,0.26102681983335374,0.2616236885626064,0.24982446439305728,0.5289418502761063,0.2515088259392625,0.3285688812845102,0.3285688812845102,0.5264753372745682,0.585205987783524,0.5888845336304674,0.3179705715767836,0.3744136198017126,0.335012578058359,0.335012578058359,0.30933658360720717,0.5254169093208193,0.5402702026688978,0.31640205358569434,0.5205111212546162,0.33201298269854135,0.5141065060173623,0.7640539282478316,0.5304902707779632,0.7395473032848444,0.7398199796294875,0.6039714379967204,0.5288299856201466,0.7380148100747983,0.6039714379967204,0.738830594091886,0.7388742713887549,0.6022324118708313,0.7426607420711253,0.7401761253359993,0.7372054191600834,0.738830594091886,0.529460186683865,0.5304091545067992,0.5301961652495113,0.7388742713887549,0.5304547839356228,0.7426607420711253,0.7398926763496173,0.7377487569981619,0.7413850155577278,0.7366251736787466,0.5297140879053276,0.7364024424280043,0.7371361056785996,0.26191134526144005,0.26191134526144005,0.26191134526144005,0.5223780709392882,0.26191134526144005,0.26191134526144005,0.6379888057665648,0.637432155282748,0.5263987111171078,0.5269552741603817,0.7378289474768792,0.5212700535589917,0.6021609599619517,0.742765746844878,0.5315183585698994,0.742765746844878,0.5310374815179492,0.7407499588567809,0.7401979246083172,0.5315183585698994,0.5295160553982914,0.528423005426248,0.7375956418750064,0.5253708423434548,0.37444234902637036,0.5421335944279249,0.37444234902637036,0.37444234902637036,0.37444234902637036,0.5438323860454369,0.29533598281572604,0.5488433202510659,0.7386594998120805,0.7386594998120805,0.48800593396251585,0.24938272591097557,0.24938272591097557,0.6128426985680041,0.6517835812308678,0.5271542686598012,0.5271542686598012,0.5174798521079214,0.5187774335376742,0.8786319386613912,0.2556238496457864,0.2714212415893574,0.5248740860807237,0.6971464533055167,0.5203716052044206,0.474142467763069,0.5237764833314477,0.5246280945800533,0.5200821192695614,0.52605631134451,0.25182939643850605,0.2562228087811075,0.5226765756594048,0.5228154766165153,0.5200821192695614,0.5278221368495708
Gemmiger sp900540775,0.5262147628140711,0.34641016151377546,0.34641016151377546,0.34641016151377546,0.34641016151377546,0.34641016151377546,0.34641016151377546,0.34641016151377546,0.34641016151377546,0.34641016151377546,0.34641016151377546,0.0,0.0,0.5168350430701535,0.4620955943400215,0.4620955943400215,0.35019347694122993,0.5253401287809871,0.5253401287809871,0.2665220799365797,0.8075247831366277,0.8075247831366277,0.7497209377291956,0.26102681983335374,0.2616236885626064,0.24982446439305728,0.5289418502761063,0.2515088259392625,0.3285688812845102,0.3285688812845102,0.5264753372745682,0.585205987783524,0.5888845336304674,0.3179705715767836,0.3744136198017126,0.335012578058359,0.335012578058359,0.30933658360720717,0.5254169093208193,0.5402702026688978,0.31640205358569434,0.5205111212546162,0.33201298269854135,0.5141065060173623,0.7640539282478316,0.5304902707779632,0.7395473032848444,0.7398199796294875,0.6039714379967204,0.5288299856201466,0.7380148100747983,0.6039714379967204,0.738830594091886,0.7388742713887549,0.6022324118708313,0.7426607420711253,0.7401761253359993,0.7372054191600834,0.738830594091886,0.529460186683865,0.5304091545067992,0.5301961652495113,0.7388742713887549,0.5304547839356228,0.7426607420711253,0.7398926763496173,0.7377487569981619,0.7413850155577278,0.7366251736787466,0.5297140879053276,0.7364024424280043,0.7371361056785996,0.26191134526144005,0.26191134526144005,0.26191134526144005,0.5223780709392882,0.26191134526144005,0.26191134526144005,0.6379888057665648,0.637432155282748,0.5263987111171078,0.5269552741603817,0.7378289474768792,0.5212700535589917,0.6021609599619517,0.742765746844878,0.5315183585698994,0.742765746844878,0.5310374815179492,0.7407499588567809,0.7401979246083172,0.5315183585698994,0.5295160553982914,0.528423005426248,0.7375956418750064,0.5253708423434548,0.37444234902637036,0.5421335944279249,0.37444234902637036,0.37444234902637036,0.37444234902637036,0.5438323860454369,0.29533598281572604,0.5488433202510659,0.7386594998120805,0.7386594998120805,0.48800593396251585,0.24938272591097557,0.24938272591097557,0.6128426985680041,0.6517835812308678,0.5271542686598012,0.5271542686598012,0.5174798521079214,0.5187774335376742,0.8786319386613912,0.2556238496457864,0.2714212415893574,0.5248740860807237,0.6971464533055167,0.5203716052044206,0.474142467763069,0.5237764833314477,0.5246280945800533,0.5200821192695614,0.52605631134451,0.25182939643850605,0.2562228087811075,0.5226765756594048,0.5228154766165153,0.5200821192695614,0.5278221368495708
Anaerotruncus colihominis,0.22359176384417315,0.47775302138445896,0.47775302138445896,0.47775302138445896,0.47775302138445896,0.47775302138445896,0.47775302138445896,0.47775302138445896,0.47775302138445896,0.47775302138445896,0.47775302138445896,0.5168350430701535,0.5168350430701535,0.0,0.3036862849850916,0.3036862849850916,0.4769643148540689,0.22307398056872732,0.22307398056872732,0.5274398730522343,0.9267280048343192,0.9267280048343192,0.8377826628893673,0.522959483085743,0.5300287565043311,0.5211771824497429,0.23191620989485426,0.5216980786846102,0.46540677814228554,0.46540677814228554,0.2266380321866883,0.7436414154642005,0.7451839905532001,0.4862393109091897,0.418761307518335,0.46779862330909056,0.46779862330909056,0.47902347890692204,0.22318245321339159,0.6520847093741294,0.4880334867064282,0.21249144759700106,0.49279329672084066,0.18770891727005762,0.8310532205734931,0.23483162512919237,0.8662311045418132,0.8657932525523172,0.7534885921441195,0.2297258540039597,0.8645436912053422,0.7534885921441195,0.8651904557228586,0.8663645898395785,0.7516876266238275,0.868420149778675,0.8671030438097346,0.8639337969347438,0.8651904557228586,0.23110307767987456,0.2326687167340553,0.23250684412914657,0.8663645898395785,0.23397115997004328,0.868420149778675,0.8665632275545379,0.8647707357677905,0.8678439682069313,0.8633515063893611,0.2318466245925243,0.8633857696453145,0.8634075728275264,0.5228977708837677,0.5228977708837677,0.5228977708837677,0.21038008976666478,0.5228977708837677,0.5228977708837677,0.715870157236856,0.7153665922459618,0.22476737111374961,0.22525738643577312,0.8648453675360437,0.20947054150525504,0.7526886950226491,0.868547106130753,0.23509487011877808,0.868547106130753,0.2343731035062888,0.8666811471571904,0.8663087147759506,0.23509487011877808,0.22818716619400725,0.22737252567011854,0.8642916952411501,0.2193294755651586,0.4938454072595451,0.25769846342244473,0.4938454072595451,0.4938454072595451,0.4938454072595451,0.26032529995970916,0.5405638021080608,0.27232138192668137,0.8649821757201517,0.8649821757201517,0.6754855722887874,0.5196527631198536,0.5196527631198536,0.7190861186534406,0.6801948640741229,0.2278333325710167,0.2278333325710167,0.2055829611279713,0.20675691055404388,0.9880637638050634,0.5203767731325704,0.5268889259592647,0.22139193192582743,0.8307910663250044,0.21159097544589156,0.3180213129114363,0.21468226879795577,0.2188753386669296,0.20628813247390101,0.22069846462968845,0.5206041111832286,0.5237508109080617,0.2121114327815289,0.21561972312227767,0.20628813247390101,0.22159833537314896
Ruminococcus_E bromii_B,0.3175474118093336,0.5242127221677858,0.5242127221677858,0.5242127221677858,0.5242127221677858,0.5242127221677858,0.5242127221677858,0.5242127221677858,0.5242127221677858,0.5242127221677858,0.5242127221677858,0.4620955943400215,0.4620955943400215,0.3036862849850916,0.0,0.0,0.5239458897775779,0.3161129387997964,0.3161129387997964,0.47314317228128927,0.8975546837828489,0.8975546837828489,0.8033478423544295,0.4717713851874367,0.479348982567899,0.4728418343334463,0.32266371513868264,0.46055079242743674,0.510926727376454,0.510926727376454,0.31585761775111243,0.7078955017617706,0.7085068679850479,0.4271226721454186,0.46990940051827196,0.5137977883095152,0.5137977883095152,0.4214371258468894,0.3155083448419687,0.610838416713067,0.43217385034669864,0.3077065811068629,0.4333048883414414,0.2946157501412239,0.8580774405080431,0.3256916183357114,0.8352493772036793,0.8349498909664594,0.7179707857659617,0.3196155415384246,0.8339895224750878,0.7179707857659617,0.833570223153916,0.8339443772929034,0.7156823012903567,0.8372624864149384,0.8354200041294904,0.8326857777159284,0.833570223153916,0.3198005967402293,0.3202291770440475,0.32027956055195766,0.8339443772929034,0.3221799486658153,0.8372624864149384,0.8358383755063377,0.8339669501894765,0.8370954476581404,0.8313832231500569,0.3198174146307376,0.8318003918560583,0.8322949022771889,0.4630838860200835,0.4630838860200835,0.4630838860200835,0.30586574237698233,0.4630838860200835,0.4630838860200835,0.7463883728098611,0.7459342534350875,0.31468901860751913,0.3154486742324816,0.8324564433041861,0.3034205073867129,0.7147498060130156,0.8372078812573521,0.32470754106739197,0.8372078812573521,0.32486486262754677,0.8357675889184548,0.8355551931734061,0.32470754106739197,0.32255534780896344,0.31821574640683836,0.8331216619701727,0.31251946288725774,0.5411008256659494,0.3425772178574797,0.5411008256659494,0.5411008256659494,0.5411008256659494,0.34571076616774904,0.4915857829057808,0.35436159400178036,0.8334508455534404,0.8334508455534404,0.6329103418921265,0.4642612665280458,0.4642612665280458,0.6807679027941816,0.7126736452403319,0.31595125942566055,0.31595125942566055,0.2994055335565302,0.3017674616560692,0.9611521032617109,0.46519871310924693,0.47077276910890126,0.3131641792198303,0.798354499718423,0.30258622588567635,0.2011797930459855,0.31042138467400826,0.3112519450472298,0.30446456085737106,0.31217506974403336,0.46656100534552014,0.46770663429592396,0.30695404860032593,0.3068751885320162,0.30446456085737106,0.3174711831509054
Ruminococcus_E bromii,0.3175474118093336,0.5242127221677858,0.5242127221677858,0.5242127221677858,0.5242127221677858,0.5242127221677858,0.5242127221677858,0.5242127221677858,0.5242127221677858,0.5242127221677858,0.5242127221677858,0.4620955943400215,0.4620955943400215,0.3036862849850916,0.0,0.0,0.5239458897775779,0.3161129387997964,0.3161129387997964,0.47314317228128927,0.8975546837828489,0.8975546837828489,0.8033478423544295,0.4717713851874367,0.479348982567899,0.4728418343334463,0.32266371513868264,0.46055079242743674,0.510926727376454,0.510926727376454,0.31585761775111243,0.7078955017617706,0.7085068679850479,0.4271226721454186,0.46990940051827196,0.5137977883095152,0.5137977883095152,0.4214371258468894,0.3155083448419687,0.610838416713067,0.43217385034669864,0.3077065811068629,0.4333048883414414,0.2946157501412239,0.8580774405080431,0.3256916183357114,0.8352493772036793,0.8349498909664594,0.7179707857659617,0.3196155415384246,0.8339895224750878,0.7179707857659617,0.833570223153916,0.8339443772929034,0.7156823012903567,0.8372624864149384,0.8354200041294904,0.8326857777159284,0.833570223153916,0.3198005967402293,0.3202291770440475,0.32027956055195766,0.8339443772929034,0.3221799486658153,0.8372624864149384,0.8358383755063377,0.8339669501894765,0.8370954476581404,0.8313832231500569,0.3198174146307376,0.8318003918560583,0.8322949022771889,0.4630838860200835,0.4630838860200835,0.4630838860200835,0.30586574237698233,0.4630838860200835,0.4630838860200835,0.7463883728098611,0.7459342534350875,0.31468901860751913,0.3154486742324816,0.8324564433041861,0.3034205073867129,0.7147498060130156,0.8372078812573521,0.32470754106739197,0.8372078812573521,0.32486486262754677,0.8357675889184548,0.8355551931734061,0.32470754106739197,0.32255534780896344,0.31821574640683836,0.8331216619701727,0.31251946288725774,0.5411008256659494,0.3425772178574797,0.5411008256659494,0.5411008256659494,0.5411008256659494,0.34571076616774904,0.4915857829057808,0.35436159400178036,0.8334508455534404,0.8334508455534404,0.6329103418921265,0.4642612665280458,0.4642612665280458,0.6807679027941816,0.7126736452403319,0.31595125942566055,0.31595125942566055,0.2994055335565302,0.3017674616560692,0.9611521032617109,0.46519871310924693,0.47077276910890126,0.3131641792198303,0.798354499718423,0.30258622588567635,0.2011797930459855,0.31042138467400826,0.3112519450472298,0.30446456085737106,0.31217506974403336,0.46656100534552014,0.46770663429592396,0.30695404860032593,0.3068751885320162,0.30446456085737106,0.3174711831509054
Blautia_A obeum,0.4777248757159013,0.27218309255844797,0.27218309255844797,0.27218309255844797,0.27218309255844797,0.27218309255844797,0.27218309255844797,0.27218309255844797,0.27218309255844797,0.27218309255844797,0.27218309255844797,0.35019347694122993,0.35019347694122993,0.4769643148540689,0.5239458897775779,0.5239458897775779,0.0,0.4706070794857086,0.4706070794857086,0.3533508130676977,0.8414884013432787,0.8414884013432787,0.788269517054976,0.35042378155231374,0.35328230988832754,0.3551045389204707,0.4770996142865766,0.34747209421656344,0.26087223497278533,0.26087223497278533,0.4759822437968067,0.6382121727639103,0.639647442223355,0.39504120049356983,0.31599381464969695,0.2606143897766701,0.2606143897766701,0.3924663689365863,0.47575054112775694,0.5807313412256364,0.39178055013253116,0.4755922402897254,0.3984506770561748,0.47468665134929594,0.7374352014570432,0.48085576532174656,0.7740479280839724,0.7743362393281811,0.6463392846553575,0.4810738290989953,0.772611719538136,0.6463392846553575,0.7736691392781541,0.7734118741790502,0.6441219620982359,0.7758732452698454,0.7731893056033007,0.7714552500984079,0.7736691392781541,0.4801113671173419,0.4816269321946688,0.4811464950624757,0.7734118741790502,0.48186697113147287,0.7758732452698454,0.7724933654932413,0.7732553873354502,0.7755404280195883,0.7707402985260023,0.4806376026096541,0.7710228708099963,0.771744529925685,0.3436040386508404,0.3436040386508404,0.3436040386508404,0.47629288742968723,0.3436040386508404,0.3436040386508404,0.5982179622863592,0.59777724625784,0.47813001349250156,0.47819187931581697,0.770656553507308,0.4759822437968067,0.6412598531593108,0.7762232427095459,0.48174417545509907,0.7762232427095459,0.4826420942606917,0.7757657886420903,0.7746279149472802,0.48174417545509907,0.4810570584717012,0.48172184560547854,0.7727056936598744,0.4771108875073829,0.30451755268804953,0.4944984406570863,0.30451755268804953,0.30451755268804953,0.30451755268804953,0.4962627575042074,0.37167421731049033,0.5015988957309089,0.773039731350946,0.773039731350946,0.5551717557341441,0.34944778658133085,0.34944778658133085,0.6626962581074486,0.6203400976578374,0.4796686588894758,0.4796686588894758,0.47624206870092634,0.4766371826656223,0.9080400737751345,0.3475649556749626,0.3538679640329209,0.4776460590206901,0.7343325669925116,0.4753490327870968,0.5296988572640586,0.47664282477790754,0.47724051040689136,0.47575619375494704,0.4771672496164155,0.3506155865024453,0.3512363150908386,0.4772743192865895,0.47750528256446184,0.47575619375494704,0.4800105328054182
Blautia_A wexlerae,0.22400032655232735,0.47739263151010464,0.47739263151010464,0.47739263151010464,0.47739263151010464,0.47739263151010464,0.47739263151010464,0.47739263151010464,0.47739263151010464,0.47739263151010464,0.47739263151010464,0.5253401287809871,0.5253401287809871,0.22307398056872732,0.3161129387997964,0.3161129387997964,0.4706070794857086,0.0,0.0,0.5293738325276504,0.9294807056326331,0.9294807056326331,0.8405642981855465,0.5271185572301182,0.5269654808344902,0.5289215130075029,0.22391627164112235,0.5250892341101704,0.471913872123614,0.471913872123614,0.22055219367715992,0.7496061446243794,0.7506780584232794,0.4882152958179342,0.42593102508934005,0.47281908405272033,0.47281908405272033,0.4874269665645321,0.21793954872999066,0.6483043324417064,0.4865655143257426,0.2178161191744541,0.4919303083406073,0.21823549484174373,0.8357643712038255,0.2291984618621919,0.8684139563111213,0.8684046660269683,0.7563811280818561,0.22859927988752166,0.8673015123968961,0.7563811280818561,0.8679462218806606,0.8678222764848024,0.7546013215584647,0.8699485857711183,0.8671464626946727,0.8659733886846119,0.8679462218806606,0.2298194859026932,0.233176727637397,0.23183502501154932,0.8678222764848024,0.2327958233902087,0.8699485857711183,0.866668735322983,0.8676022297986213,0.8693424833564122,0.8657466595214228,0.23080032751111718,0.8659547556500067,0.8661876397732495,0.5256267189049004,0.5256267189049004,0.5256267189049004,0.219219096422088,0.5256267189049004,0.5256267189049004,0.7151936449038855,0.7148250523397088,0.2236879633813096,0.22575825053185897,0.8651003108319479,0.21957456389234045,0.7524171081514345,0.870118589671221,0.2338331917064667,0.870118589671221,0.23127756096458674,0.8696301254340981,0.8690918788184346,0.2338331917064667,0.23029875190080246,0.23328050267276007,0.8660944936383771,0.22142837004407048,0.4973724154173868,0.257823661063882,0.4973724154173868,0.4973724154173868,0.4973724154173868,0.2613151335683942,0.5403548154779342,0.2737397320514327,0.8667276899524565,0.8667276899524565,0.679486791125655,0.5248433434483357,0.5248433434483357,0.7230171495716365,0.6848992608005986,0.22745530334440897,0.22745530334440897,0.22113669698217214,0.21770497274212455,0.9895324139606929,0.5243614735608967,0.5282550347511596,0.22163473955739474,0.8327955774660318,0.2205278057527555,0.3255264351743354,0.22090551602031636,0.22311014397669265,0.22086899164364074,0.22333904291297418,0.5261329873691727,0.5261585435609841,0.22318245321339159,0.22355567834529477,0.22086899164364074,0.22913978780602165
Blautia_A wexlerae_B,0.22400032655232735,0.47739263151010464,0.47739263151010464,0.47739263151010464,0.47739263151010464,0.47739263151010464,0.47739263151010464,0.47739263151010464,0.47739263151010464,0.47739263151010464,0.47739263151010464,0.5253401287809871,0.5253401287809871,0.22307398056872732,0.3161129387997964,0.3161129387997964,0.4706070794857086,0.0,0.0,0.5293738325276504,0.9294807056326331,0.9294807056326331,0.8405642981855465,0.5271185572301182,0.5269654808344902,0.5289215130075029,0.22391627164112235,0.5250892341101704,0.471913872123614,0.471913872123614,0.22055219367715992,0.7496061446243794,0.7506780584232794,0.4882152958179342,0.42593102508934005,0.47281908405272033,0.47281908405272033,0.4874269665645321,0.21793954872999066,0.6483043324417064,0.4865655143257426,0.2178161191744541,0.4919303083406073,0.21823549484174373,0.8357643712038255,0.2291984618621919,0.8684139563111213,0.8684046660269683,0.7563811280818561,0.22859927988752166,0.8673015123968961,0.7563811280818561,0.8679462218806606,0.8678222764848024,0.7546013215584647,0.8699485857711183,0.8671464626946727,0.8659733886846119,0.8679462218806606,0.2298194859026932,0.233176727637397,0.23183502501154932,0.8678222764848024,0.2327958233902087,0.8699485857711183,0.866668735322983,0.8676022297986213,0.8693424833564122,0.8657466595214228,0.23080032751111718,0.8659547556500067,0.8661876397732495,0.5256267189049004,0.5256267189049004,0.5256267189049004,0.219219096422088,0.5256267189049004,0.5256267189049004,0.7151936449038855,0.7148250523397088,0.2236879633813096,0.22575825053185897,0.8651003108319479,0.21957456389234045,0.7524171081514345,0.870118589671221,0.2338331917064667,0.870118589671221,0.23127756096458674,0.8696301254340981,0.8690918788184346,0.2338331917064667,0.23029875190080246,0.23328050267276007,0.8660944936383771,0.22142837004407048,0.4973724154173868,0.257823661063882,0.4973724154173868,0.4973724154173868,0.4973724154173868,0.2613151335683942,0.5403548154779342,0.2737397320514327,0.8667276899524565,0.8667276899524565,0.679486791125655,0.5248433434483357,0.5248433434483357,0.7230171495716365,0.6848992608005986,0.22745530334440897,0.22745530334440897,0.22113669698217214,0.21770497274212455,0.9895324139606929,0.5243614735608967,0.5282550347511596,0.22163473955739474,0.8327955774660318,0.2205278057527555,0.3255264351743354,0.22090551602031636,0.22311014397669265,0.22086899164364074,0.22333904291297418,0.5261329873691727,0.5261585435609841,0.22318245321339159,0.22355567834529477,0.22086899164364074,0.22913978780602165
Agathobacter sp900317585,0.5321150533597989,0.354975772192441,0.354975772192441,0.354975772192441,0.354975772192441,0.354975772192441,0.354975772192441,0.354975772192441,0.354975772192441,0.354975772192441,0.354975772192441,0.2665220799365797,0.2665220799365797,0.5274398730522343,0.47314317228128927,0.47314317228128927,0.3533508130676977,0.5293738325276504,0.5293738325276504,0.0,0.8117862448669084,0.8117862448669084,0.7535885195853774,0.2756878034280603,0.2823764382358791,0.2772635642114974,0.5331299195254219,0.26550101562283984,0.3429773379537958,0.3429773379537958,0.5297090110735629,0.5977682486699372,0.5983842706632321,0.320657184521428,0.384274732522358,0.34378400366002465,0.34378400366002465,0.3208500206958957,0.5290740234668322,0.5428276208936955,0.3299084507170304,0.5243050555866325,0.33813669717766076,0.523699462285804,0.7677652592714067,0.5347768551389027,0.7422224584043853,0.7427041941228882,0.6059673672579448,0.5335937914505501,0.7411020289352329,0.6059673672579448,0.7419289172284043,0.7418926695225532,0.605221331435206,0.7439885026170463,0.7436016347160262,0.7403396042325894,0.7419289172284043,0.5338860253081763,0.5344750452750653,0.5343341423325197,0.7418926695225532,0.5348925037683764,0.7439885026170463,0.7427186775752269,0.7418962943728332,0.7433303455996241,0.7400453162172772,0.5340673314121037,0.7399690002192421,0.740321441693445,0.2719359723421134,0.2719359723421134,0.2719359723421134,0.5271389640576062,0.2719359723421134,0.2719359723421134,0.6414904656190665,0.6410627185934028,0.5317409332201659,0.5319785805513125,0.7418382946428974,0.526511092331642,0.6062335861299643,0.7446785803143687,0.5355657861629356,0.7446785803143687,0.5357214250022119,0.742972092287441,0.7436161006888644,0.5355657861629356,0.5345656061260625,0.5322615962893589,0.7411927415409225,0.5295465267581438,0.3794010268423371,0.546013705677507,0.3794010268423371,0.3794010268423371,0.3794010268423371,0.5478673800554432,0.30341164412390154,0.5530071081258876,0.7412943264807187,0.7412943264807187,0.5076104950484575,0.2651766899368062,0.2651766899368062,0.6223569905979479,0.6585603704011923,0.5315385964802603,0.5315385964802603,0.5271440656410422,0.5260409747984166,0.8806649730035097,0.2684624220856097,0.28230976476362424,0.529663317397912,0.7004138310732015,0.5260205253747268,0.4814761489093055,0.5289621867627927,0.5273021902463944,0.526929756610155,0.5302773141015428,0.2712924063053972,0.2671872020536159,0.5277100348353635,0.5270522295839625,0.526929756610155,0.5307335452055525
Mediterraneibacter faecis,0.9313219071959928,0.8439392320880148,0.8439392320880148,0.8439392320880148,0.8439392320880148,0.8439392320880148,0.8439392320880148,0.8439392320880148,0.8439392320880148,0.8439392320880148,0.8439392320880148,0.8075247831366277,0.8075247831366277,0.9267280048343192,0.8975546837828489,0.8975546837828489,0.8414884013432787,0.9294807056326331,0.9294807056326331,0.8117862448669084,0.0,0.0,0.4870792557944815,0.8091084275251794,0.8152803170862548,0.8108548237796576,0.9315846389307472,0.8070084298750984,0.8352043001202504,0.8352043001202504,0.9310244400661767,0.6183688154590518,0.6187992119448033,0.8321527202332409,0.8551861104941366,0.8368094770299365,0.8368094770299365,0.8286908467965243,0.9303107090261628,0.7231138498940296,0.8335121497001274,0.9288468591921462,0.8352912323172498,0.9261910008570458,0.5071705808872597,0.9328452977870098,0.47386446649567865,0.4732000069788818,0.6272508213199709,0.9320233223710622,0.47230121911329453,0.6272508213199709,0.4730067411445772,0.4727110052669291,0.6290232882515834,0.47566574365906944,0.47642837753884626,0.4699151234087736,0.4730067411445772,0.9321271908413981,0.9325858048713945,0.9324358427151352,0.4727110052669291,0.9327674574922854,0.47566574365906944,0.47619124454883366,0.47152050360155073,0.4758918366649963,0.4695086248372417,0.9320348638838344,0.4707270674517594,0.46859127898624603,0.8101514059263275,0.8101514059263275,0.8101514059263275,0.9282038881519343,0.8101514059263275,0.8101514059263275,0.6637586164216691,0.6633776606631668,0.9307442141936427,0.9308742263769019,0.4728418343334463,0.9282183743842688,0.6295446574544659,0.47975835430588126,0.9332113483740793,0.47975835430588126,0.933387116912099,0.4732113730992697,0.4758748834156515,0.9332113483740793,0.932799170989059,0.9313363449299009,0.4684879651718113,0.9299666511766209,0.8532783278627923,0.9392291547521723,0.8532783278627923,0.8532783278627923,0.8532783278627923,0.9399246691926386,0.8225345769598222,0.94311799957023,0.47064136488319347,0.47064136488319347,0.6937319010379167,0.8081872304331814,0.8081872304331814,0.6457939963383076,0.6785758921158074,0.9313796567887908,0.9313796567887908,0.9265538754836257,0.9283690178007433,0.6718368832041408,0.8098293553451917,0.8139300852507012,0.9303453968730411,0.8455787140003738,0.9268614818487676,0.9016948766992031,0.9289452929358734,0.9291768606110526,0.9266293355531096,0.9298914619281048,0.8070217592734638,0.8102509832821192,0.9283777080212775,0.929058189387792,0.9266293355531096,0.930937781280415
Mediterraneibacter torques,0.9313219071959928,0.8439392320880148,0.8439392320880148,0.8439392320880148,0.8439392320880148,0.8439392320880148,0.8439392320880148,0.8439392320880148,0.8439392320880148,0.8439392320880148,0.8439392320880148,0.8075247831366277,0.8075247831366277,0.9267280048343192,0.8975546837828489,0.8975546837828489,0.8414884013432787,0.9294807056326331,0.9294807056326331,0.8117862448669084,0.0,0.0,0.4870792557944815,0.8091084275251794,0.8152803170862548,0.8108548237796576,0.9315846389307472,0.8070084298750984,0.8352043001202504,0.8352043001202504,0.9310244400661767,0.6183688154590518,0.6187992119448033,0.8321527202332409,0.8551861104941366,0.8368094770299365,0.8368094770299365,0.8286908467965243,0.9303107090261628,0.7231138498940296,0.8335121497001274,0.9288468591921462,0.8352912323172498,0.9261910008570458,0.5071705808872597,0.9328452977870098,0.47386446649567865,0.4732000069788818,0.6272508213199709,0.9320233223710622,0.47230121911329453,0.6272508213199709,0.4730067411445772,0.4727110052669291,0.6290232882515834,0.47566574365906944,0.47642837753884626,0.4699151234087736,0.4730067411445772,0.9321271908413981,0.9325858048713945,0.9324358427151352,0.4727110052669291,0.9327674574922854,0.47566574365906944,0.47619124454883366,0.47152050360155073,0.4758918366649963,0.4695086248372417,0.9320348638838344,0.4707270674517594,0.46859127898624603,0.8101514059263275,0.8101514059263275,0.8101514059263275,0.9282038881519343,0.8101514059263275,0.8101514059263275,0.6637586164216691,0.6633776606631668,0.9307442141936427,0.9308742263769019,0.4728418343334463,0.9282183743842688,0.6295446574544659,0.47975835430588126,0.9332113483740793,0.47975835430588126,0.933387116912099,0.4732113730992697,0.4758748834156515,0.9332113483740793,0.932799170989059,0.9313363449299009,0.4684879651718113,0.9299666511766209,0.8532783278627923,0.9392291547521723,0.8532783278627923,0.8532783278627923,0.8532783278627923,0.9399246691926386,0.8225345769598222,0.94311799957023,0.47064136488319347,0.47064136488319347,0.6937319010379167,0.8081872304331814,0.8081872304331814,0.6457939963383076,0.6785758921158074,0.9313796567887908,0.9313796567887908,0.9265538754836257,0.9283690178007433,0.6718368832041408,0.8098293553451917,0.8139300852507012,0.9303453968730411,0.8455787140003738,0.9268614818487676,0.9016948766992031,0.9289452929358734,0.9291768606110526,0.9266293355531096,0.9298914619281048,0.8070217592734638,0.8102509832821192,0.9283777080212775,0.929058189387792,0.9266293355531096,0.930937781280415
Mediterraneibacter lactaris,0.8420826164835193,0.790504355422481,0.790504355422481,0.790504355422481,0.790504355422481,0.790504355422481,0.790504355422481,0.790504355422481,0.790504355422481,0.790504355422481,0.790504355422481,0.7497209377291956,0.7497209377291956,0.8377826628893673,0.8033478423544295,0.8033478423544295,0.788269517054976,0.8405642981855465,0.8405642981855465,0.7535885195853774,0.4870792557944815,0.4870792557944815,0.0,0.7540273296972387,0.7599034637173936,0.755580733958398,0.8435599471461441,0.7496169072247166,0.7786273749022418,0.7786273749022418,0.8411080112370611,0.5418507718693343,0.5419946824903249,0.7304918853169534,0.756498448010398,0.7801559268093831,0.7801559268093831,0.7264051079106679,0.8411495748284604,0.6057187907456872,0.733669413374685,0.8387739568596118,0.7374133205136334,0.8348403745557001,0.4141636530787456,0.8450410598902063,0.3697372863057841,0.37004991141322674,0.5539400112857596,0.842743427824779,0.3633024980963295,0.5539400112857596,0.3607620458575753,0.36764388706918705,0.5517022930859684,0.3741621449900824,0.37109492422568874,0.35660840934745053,0.3607620458575753,0.8430879933486823,0.8432378991911146,0.843154975848671,0.36764388706918705,0.8436300798997814,0.3741621449900824,0.3673072502805328,0.3630581416237266,0.3728373162396687,0.362539264494744,0.8426157752073067,0.3503086481730157,0.3624057188694024,0.7531423124122897,0.7531423124122897,0.7531423124122897,0.8384853514225648,0.7531423124122897,0.7531423124122897,0.5924176904127221,0.591890878814976,0.8413541656496012,0.8417600033185045,0.35279479256105173,0.8378147619649652,0.5521018549591136,0.37255590503975633,0.844229158538046,0.37255590503975633,0.844538091427174,0.36368721147543237,0.3674829253405317,0.844229158538046,0.843818134416026,0.8420283239092553,0.3616480288339009,0.840468312311014,0.8009641897022765,0.8519125593275894,0.8009641897022765,0.8009641897022765,0.8009641897022765,0.8528937367771535,0.7674359342231882,0.8565874738222972,0.3673292142576868,0.3673292142576868,0.6211588972953072,0.7490067826222574,0.7490067826222574,0.5086425313394211,0.5482452112126359,0.8422167360739518,0.8422167360739518,0.8367805532106641,0.8377698229147637,0.6025984699289709,0.7524671446772572,0.7575677093219733,0.8409449342330704,0.7923087316574197,0.8372817579732477,0.8095736157324028,0.8393957244334298,0.8400618506205909,0.8369926380076853,0.8403979157020904,0.7508714850702278,0.7518486025106496,0.8386905921566419,0.8386617332133903,0.8369926380076853,0.8422071568115156
Enterocloster bolteae,0.5301555861655685,0.3542553318211398,0.3542553318211398,0.3542553318211398,0.3542553318211398,0.3542553318211398,0.3542553318211398,0.3542553318211398,0.3542553318211398,0.3542553318211398,0.3542553318211398,0.26102681983335374,0.26102681983335374,0.522959483085743,0.4717713851874367,0.4717713851874367,0.35042378155231374,0.5271185572301182,0.5271185572301182,0.2756878034280603,0.8091084275251794,0.8091084275251794,0.7540273296972387,0.0,0.2733858343830327,0.2568098994563628,0.5268225694022343,0.2659362054119954,0.33202108245294165,0.33202108245294165,0.5299881646025673,0.5947599608689575,0.5974532477265815,0.32498073504408165,0.3804415599756106,0.3308933149948732,0.3308933149948732,0.31738646316883734,0.5292417342114486,0.5416720710107825,0.32831505577794834,0.5263578392719375,0.3331611764654342,0.5215537239284752,0.7652426690999843,0.5316650659665678,0.7403032787087026,0.7388961090690022,0.6044165361734788,0.5306372624142328,0.7394782093151243,0.6044165361734788,0.7377159492899433,0.7395582122689256,0.6010613176235552,0.7422768051424398,0.7416715201542979,0.7373950858981477,0.7377159492899433,0.5306778046660714,0.5317055298489611,0.5311590073463077,0.7395582122689256,0.5322363331456154,0.7422768051424398,0.7410548539919183,0.7391617491690966,0.7420014073278677,0.7375883498858427,0.5312146973930297,0.7380512482329072,0.738047604498051,0.26786071250110594,0.26786071250110594,0.26786071250110594,0.5248945801686656,0.26786071250110594,0.26786071250110594,0.639075404468422,0.6385702397195888,0.5287333561891303,0.5289825224676524,0.7393945606079038,0.5244076292070184,0.6037933068544056,0.7435980181788445,0.5331349637812399,0.7435980181788445,0.5336845018414107,0.742128247963907,0.7417585376092249,0.5331349637812399,0.5324838602713787,0.5299678674857874,0.7396272987649873,0.5284738950904959,0.3754751371176511,0.544064751859013,0.3754751371176511,0.3754751371176511,0.3754751371176511,0.5452842807996446,0.29886612848196525,0.5507607168434985,0.7395254848339158,0.7395254848339158,0.5036267552119146,0.25774020272680376,0.25774020272680376,0.6211242609867952,0.6565604836445832,0.5307436792201454,0.5307436792201454,0.5227023008436519,0.5252991745709243,0.8800204136642396,0.2508878948465961,0.2649636354599927,0.5289571027144209,0.6974010031567062,0.5232473771252129,0.47783744844308434,0.5256522997104999,0.5261534324219265,0.5225170512480568,0.5277406104735429,0.2574687762968215,0.24945820005098482,0.525191654575003,0.5260665354601777,0.5225170512480568,0.5296734718887133
Enterocloster citroniae,0.5272868899376515,0.3523371324281952,0.3523371324281952,0.3523371324281952,0.3523371324281952,0.3523371324281952,0.3523371324281952,0.3523371324281952,0.3523371324281952,0.3523371324281952,0.3523371324281952,0.2616236885626064,0.2616236885626064,0.5300287565043311,0.479348982567899,0.479348982567899,0.35328230988832754,0.5269654808344902,0.5269654808344902,0.2823764382358791,0.8152803170862548,0.8152803170862548,0.7599034637173936,0.2733858343830327,0.0,0.25479138524148903,0.5230314714518471,0.27347435173499873,0.3513817593196517,0.3513817593196517,0.5293992322710893,0.598087580149972,0.6039892482215152,0.3271087502082771,0.39209617576921596,0.3520011368201966,0.3520011368201966,0.3296067063628816,0.5279393089587047,0.5399913843505142,0.3151928150986223,0.5299932387603064,0.33395128950532554,0.5285095149399005,0.7712077077497812,0.5266949371415506,0.7437390500977558,0.7434750454473267,0.6088937897281903,0.5314981198889375,0.7425412358178332,0.6088937897281903,0.7427078150124516,0.7425702087968548,0.6070802722084336,0.745270597893799,0.7410548539919183,0.7409169407815006,0.7427078150124516,0.5299780161413448,0.5312703816020815,0.5320594575523008,0.7425702087968548,0.5307284781256919,0.745270597893799,0.7411564578309608,0.7425013961257055,0.7445413383359303,0.7408624942891898,0.5319634147447225,0.7411999980697729,0.7413995247805985,0.2754633535765534,0.2754633535765534,0.2754633535765534,0.52660302275946,0.2754633535765534,0.2754633535765534,0.6387555131821141,0.6381658200050971,0.528916428568167,0.5289316817395499,0.7393290898006202,0.5282295799893669,0.6044966190402455,0.7461036794918636,0.5335081063641608,0.7461036794918636,0.5334929840379806,0.7451009824053677,0.7446894141301779,0.5335081063641608,0.5329785696516763,0.5334375318408857,0.7412761873339089,0.5276692645618191,0.3798473186400232,0.5432634122919886,0.3798473186400232,0.3798473186400232,0.3798473186400232,0.5451955003996678,0.2956090291769972,0.5508486002969472,0.7424072210820357,0.7424072210820357,0.5055666991006016,0.27416184445644826,0.27416184445644826,0.6217041646210142,0.6596905407234271,0.5296277751469165,0.5296277751469165,0.5290638574706268,0.5286570573201531,0.8824129886471977,0.2720546180599496,0.2811547673917476,0.5297191646884359,0.7022045999959551,0.5281073800540512,0.48318783657164216,0.5257136885653936,0.5289774386147289,0.5290638574706268,0.5269552741603817,0.27492588266180995,0.2749356642384114,0.5294347898647266,0.5290638574706268,0.5290638574706268,0.5322868582340752
Enterocloster asparagiformis,0.5303381675920004,0.3542856956963837,0.3542856956963837,0.3542856956963837,0.3542856956963837,0.3542856956963837,0.3542856956963837,0.3542856956963837,0.3542856956963837,0.3542856956963837,0.3542856956963837,0.24982446439305728,0.24982446439305728,0.5211771824497429,0.4728418343334463,0.4728418343334463,0.3551045389204707,0.5289215130075029,0.5289215130075029,0.2772635642114974,0.8108548237796576,0.8108548237796576,0.755580733958398,0.2568098994563628,0.25479138524148903,0.0,0.5306676693934903,0.2680112665434386,0.34169687847089963,0.34169687847089963,0.530789279891472,0.5923041930401252,0.5990265959984246,0.32664803343004206,0.3850926590543503,0.3426164659778877,0.3426164659778877,0.3184353978362526,0.5298206901349157,0.542921741827579,0.3221298623928868,0.5279291211120222,0.3371729910957162,0.519787298374989,0.7651723808100003,0.5327767029387629,0.740383192508691,0.740008976247395,0.6041406139333722,0.5304040843279548,0.739209044926842,0.6041406139333722,0.7388087544751497,0.7403795602503626,0.6035883910509571,0.7423347706108927,0.7420267771896273,0.737402379798451,0.7388087544751497,0.5308804694833377,0.5321403222612506,0.5313918541677226,0.7403795602503626,0.5327514642214443,0.7423347706108927,0.7413813882076425,0.7391544726300693,0.7420448979884106,0.7375008403921527,0.5315790699895309,0.7377232400178569,0.7373841449124147,0.2685225188864414,0.2685225188864414,0.2685225188864414,0.5240331383921424,0.2685225188864414,0.2685225188864414,0.6396222160508757,0.6391090679212795,0.5286417962248918,0.5288401561121157,0.7391908546089082,0.5238124226103718,0.6036507640939917,0.7435546183606223,0.533245925337016,0.7435546183606223,0.5331601843444707,0.741221767230077,0.7407572197231729,0.533245925337016,0.5316650659665678,0.5301099309831752,0.7389943706443394,0.5275673250935723,0.3749877860948505,0.5431544972221336,0.3749877860948505,0.3749877860948505,0.3749877860948505,0.5448106181549977,0.2981634430177265,0.549920233315049,0.7389725358678603,0.7389725358678603,0.4985065770025281,0.2626598260375287,0.2626598260375287,0.6180686649120695,0.6569290181133095,0.5311792589479373,0.5311792589479373,0.5241614187959166,0.5251455678377744,0.8802343008339673,0.2670865324437527,0.27830911488147975,0.5288147295154333,0.6988724855861178,0.5232679349241453,0.4779387412270938,0.5257443803048006,0.5266234495640744,0.5218784659790588,0.5279545903601163,0.2627417216903216,0.2673381353901043,0.5244537807911166,0.5251660513314083,0.5218784659790588,0.5285044265369664
Enterocloster clostridioformis,0.22804569862542262,0.4799993276854241,0.4799993276854241,0.4799993276854241,0.4799993276854241,0.4799993276854241,0.4799993276854241,0.4799993276854241,0.4799993276854241,0.4799993276854241,0.4799993276854241,0.5289418502761063,0.5289418502761063,0.23191620989485426,0.32266371513868264,0.32266371513868264,0.4770996142865766,0.22391627164112235,0.22391627164112235,0.5331299195254219,0.9315846389307472,0.9315846389307472,0.8435599471461441,0.5268225694022343,0.5230314714518471,0.5306676693934903,0.0,0.5271644714810856,0.47647353234678946,0.47647353234678946,0.22935094415966598,0.752284852741196,0.7529173237724944,0.49150918890221434,0.4309150465341961,0.4771221604618308,0.4771221604618308,0.4914380552097864,0.22596066560688388,0.6511354776435293,0.48896935622780835,0.23127756096458674,0.4940686240775012,0.22844629587313922,0.8375450914952284,0.22354364855120287,0.8691197273354963,0.8693826971105586,0.75744700459553,0.2338331917064667,0.868317951914998,0.75744700459553,0.8685904528302635,0.8684665993774512,0.7557835806373803,0.8708013616372794,0.8672270919994108,0.8669789778711238,0.8685904528302635,0.23077702258577767,0.23250684412914657,0.23361457531509114,0.8684665993774512,0.23321132444675244,0.8708013616372794,0.8675061355710763,0.8682033521259478,0.8699918626429477,0.8670068942551895,0.23344183881008224,0.8670658258921362,0.8673108144975865,0.5281073800540512,0.5281073800540512,0.5281073800540512,0.22339924049443255,0.5281073800540512,0.5281073800540512,0.7157724782977128,0.7153064413914788,0.22766802202030634,0.22670921620106568,0.8656037585880778,0.22506628787629665,0.7534885921441195,0.8715761688759514,0.2388173992155482,0.8715761688759514,0.23979508081956746,0.8709217952434919,0.8706067798497462,0.2388173992155482,0.23674771871791933,0.23762076467958645,0.8675340349917307,0.22744347980686522,0.4979452198578602,0.25925908851276364,0.4979452198578602,0.4979452198578602,0.4979452198578602,0.26277242597981626,0.5400063246956542,0.27579508443814227,0.8683148548222676,0.8683148548222676,0.6824644298397565,0.5283059405953722,0.5283059405953722,0.7246815661568544,0.6860134802553861,0.22896367542291646,0.22896367542291646,0.22876391748890437,0.23089352368996524,0.9908251966877341,0.5263680575307597,0.5309868375473297,0.2305788356186581,0.8343248102110532,0.22594876385735063,0.32807742832764736,0.22380815465503062,0.23048551219659463,0.22984288791750898,0.22551988255225217,0.5292925451577356,0.5282092152967214,0.23011184002916535,0.2303337809909588,0.22984288791750898,0.23662273491126304
Coprococcus eutactus,0.5257188039797253,0.35053887711642157,0.35053887711642157,0.35053887711642157,0.35053887711642157,0.35053887711642157,0.35053887711642157,0.35053887711642157,0.35053887711642157,0.35053887711642157,0.35053887711642157,0.2515088259392625,0.2515088259392625,0.5216980786846102,0.46055079242743674,0.46055079242743674,0.34747209421656344,0.5250892341101704,0.5250892341101704,0.26550101562283984,0.8070084298750984,0.8070084298750984,0.7496169072247166,0.2659362054119954,0.27347435173499873,0.2680112665434386,0.5271644714810856,0.0,0.32975353540262226,0.32975353540262226,0.5251199623471312,0.5909541765476217,0.5897014055840022,0.310152707814798,0.3731977894131458,0.3324258185449545,0.3324258185449545,0.30656831765059883,0.5240177426333908,0.5354050792599981,0.3227053851910484,0.5220639421708215,0.3224386037998313,0.5170951434575531,0.7641419161987992,0.5295109766678356,0.738211554761347,0.7377341759746313,0.602870637238247,0.5284789837873988,0.7371871794020758,0.602870637238247,0.7366543793394383,0.7368368884916342,0.600152371849517,0.7405974642185809,0.7380767538732276,0.7355071866187554,0.7366543793394383,0.5270216140087413,0.5276896500923396,0.5284026481882389,0.7368368884916342,0.5288249003008115,0.7405974642185809,0.7387687135009636,0.7375992878425547,0.7404449381741101,0.7336584168283159,0.5277151308980839,0.73479751637893,0.7347206552881025,0.24619191946015642,0.24619191946015642,0.24619191946015642,0.519616536138151,0.24619191946015642,0.24619191946015642,0.6354758068903442,0.6349847192282305,0.5250636258723311,0.5240639285527725,0.7346840519424434,0.520779713523367,0.5973226986701955,0.7402960133900307,0.5297293181086892,0.7402960133900307,0.5303432384010207,0.7388997486196297,0.7385939638471812,0.5297293181086892,0.5288910056383063,0.5265621667729944,0.7358836921623417,0.5226251214920974,0.37305364194179197,0.5407776809389366,0.37305364194179197,0.37305364194179197,0.37305364194179197,0.5426888866059043,0.2952540196680818,0.5484659011237086,0.735949469475739,0.735949469475739,0.49913734915071,0.24604987409169823,0.24604987409169823,0.6170540341446513,0.6513997505893779,0.5258211018157191,0.5258211018157191,0.5197666029100033,0.5206557650783207,0.8773301634381239,0.2508771756611499,0.2615825689256432,0.5238226905228801,0.6958916299849217,0.5190521040594284,0.46938259609198485,0.5214866884942745,0.5238124226103718,0.5202217129557654,0.522398662947769,0.2583967074299699,0.2543371265488098,0.5209294452129529,0.5215021589746759,0.5202217129557654,0.525529500487602
Dorea_A longicatena_B,0.4740914185269357,0.25293756195169387,0.25293756195169387,0.25293756195169387,0.25293756195169387,0.25293756195169387,0.25293756195169387,0.25293756195169387,0.25293756195169387,0.25293756195169387,0.25293756195169387,0.3285688812845102,0.3285688812845102,0.46540677814228554,0.510926727376454,0.510926727376454,0.26087223497278533,0.471913872123614,0.471913872123614,0.3429773379537958,0.8352043001202504,0.8352043001202504,0.7786273749022418,0.33202108245294165,0.3513817593196517,0.34169687847089963,0.47647353234678946,0.32975353540262226,0.0,0.0,0.4724606226295033,0.6281762106449726,0.6296001877353566,0.3851485222096532,0.2967440180292043,0.20943202290953783,0.20943202290953783,0.37812300493041134,0.4725459952513362,0.5808748785924588,0.3891565058811837,0.46761462718670593,0.39553103925225286,0.461955900492968,0.7280654730615975,0.47809064016402925,0.7690811492764476,0.7691196121629161,0.6403491719268172,0.47564878235123437,0.7679648875932016,0.6403491719268172,0.7681609631419354,0.7685459659042378,0.6375797993489531,0.7716155872551383,0.770656553507308,0.7668434941152301,0.7681609631419354,0.47608957996770473,0.47677257493233666,0.4761291187731684,0.7685459659042378,0.4769812293819695,0.7716155872551383,0.7699373674647018,0.767569082640112,0.7707717005621846,0.7663207853461343,0.47527548043707535,0.7665348233034357,0.766355877632532,0.3359824809585958,0.3359824809585958,0.3359824809585958,0.4676491319739716,0.3359824809585958,0.3359824809585958,0.5945881158961036,0.594135654779915,0.4727622035611999,0.47350679646467436,0.7680384217900195,0.4666071150462153,0.6385660283343392,0.7719605477395661,0.47807376488772907,0.7719605477395661,0.47806813966325606,0.7703284645245103,0.7698884663629522,0.47807376488772907,0.4767612937119877,0.4741311239633721,0.7672256528339924,0.4723126068628559,0.29578182816892185,0.4910877083439783,0.29578182816892185,0.29578182816892185,0.29578182816892185,0.4925695019654641,0.36770971474100594,0.49826915693203877,0.7687803731027726,0.7687803731027726,0.544158658811373,0.3322558894370691,0.3322558894370691,0.653481280567936,0.6109440691591296,0.47494152276576324,0.47494152276576324,0.4645623814580422,0.4659957912369863,0.9042145058166485,0.32512138174548283,0.33771491645711105,0.47230691302239636,0.7275888295650869,0.4661688887472232,0.5210946164573123,0.4701497019405331,0.47150909672134383,0.4659957912369863,0.47203922504936935,0.33514099072296016,0.32935368068583915,0.46937113725533763,0.4688494639218646,0.4659957912369863,0.4741878402481262
Dorea_A longicatena,0.4740914185269357,0.25293756195169387,0.25293756195169387,0.25293756195169387,0.25293756195169387,0.25293756195169387,0.25293756195169387,0.25293756195169387,0.25293756195169387,0.25293756195169387,0.25293756195169387,0.3285688812845102,0.3285688812845102,0.46540677814228554,0.510926727376454,0.510926727376454,0.26087223497278533,0.471913872123614,0.471913872123614,0.3429773379537958,0.8352043001202504,0.8352043001202504,0.7786273749022418,0.33202108245294165,0.3513817593196517,0.34169687847089963,0.47647353234678946,0.32975353540262226,0.0,0.0,0.4724606226295033,0.6281762106449726,0.6296001877353566,0.3851485222096532,0.2967440180292043,0.20943202290953783,0.20943202290953783,0.37812300493041134,0.4725459952513362,0.5808748785924588,0.3891565058811837,0.46761462718670593,0.39553103925225286,0.461955900492968,0.7280654730615975,0.47809064016402925,0.7690811492764476,0.7691196121629161,0.6403491719268172,0.47564878235123437,0.7679648875932016,0.6403491719268172,0.7681609631419354,0.7685459659042378,0.6375797993489531,0.7716155872551383,0.770656553507308,0.7668434941152301,0.7681609631419354,0.47608957996770473,0.47677257493233666,0.4761291187731684,0.7685459659042378,0.4769812293819695,0.7716155872551383,0.7699373674647018,0.767569082640112,0.7707717005621846,0.7663207853461343,0.47527548043707535,0.7665348233034357,0.766355877632532,0.3359824809585958,0.3359824809585958,0.3359824809585958,0.4676491319739716,0.3359824809585958,0.3359824809585958,0.5945881158961036,0.594135654779915,0.4727622035611999,0.47350679646467436,0.7680384217900195,0.4666071150462153,0.6385660283343392,0.7719605477395661,0.47807376488772907,0.7719605477395661,0.47806813966325606,0.7703284645245103,0.7698884663629522,0.47807376488772907,0.4767612937119877,0.4741311239633721,0.7672256528339924,0.4723126068628559,0.29578182816892185,0.4910877083439783,0.29578182816892185,0.29578182816892185,0.29578182816892185,0.4925695019654641,0.36770971474100594,0.49826915693203877,0.7687803731027726,0.7687803731027726,0.544158658811373,0.3322558894370691,0.3322558894370691,0.653481280567936,0.6109440691591296,0.47494152276576324,0.47494152276576324,0.4645623814580422,0.4659957912369863,0.9042145058166485,0.32512138174548283,0.33771491645711105,0.47230691302239636,0.7275888295650869,0.4661688887472232,0.5210946164573123,0.4701497019405331,0.47150909672134383,0.4659957912369863,0.47203922504936935,0.33514099072296016,0.32935368068583915,0.46937113725533763,0.4688494639218646,0.4659957912369863,0.4741878402481262
Lachnospira eligens_A,0.22481522450392644,0.47694176121707627,0.47694176121707627,0.47694176121707627,0.47694176121707627,0.47694176121707627,0.47694176121707627,0.47694176121707627,0.47694176121707627,0.47694176121707627,0.47694176121707627,0.5264753372745682,0.5264753372745682,0.2266380321866883,0.31585761775111243,0.31585761775111243,0.4759822437968067,0.22055219367715992,0.22055219367715992,0.5297090110735629,0.9310244400661767,0.9310244400661767,0.8411080112370611,0.5299881646025673,0.5293992322710893,0.530789279891472,0.22935094415966598,0.5251199623471312,0.4724606226295033,0.4724606226295033,0.0,0.7503448178696998,0.7512223914061712,0.48831443589324147,0.4273303967475311,0.4748169360548922,0.4748169360548922,0.48804450736845284,0.2179148684118401,0.6490257072697933,0.48669814468442674,0.22500653629219317,0.4949930832656544,0.21806290842104253,0.8366905616008773,0.23483162512919237,0.8682838832873748,0.8683675038964297,0.756324239141469,0.2290458780529766,0.8670099960201558,0.756324239141469,0.8676177278708324,0.8674317327290222,0.7541164875212438,0.8697259849864223,0.8664142535377406,0.8660106535511006,0.8676177278708324,0.2284109773185918,0.22938611798767122,0.23118451960068287,0.8674317327290222,0.23217117757055994,0.8697259849864223,0.865557155356704,0.867391428524826,0.8690640294089877,0.8657590845748414,0.22918672825264869,0.8656689988970799,0.8658646903301161,0.5253810797986103,0.5253810797986103,0.5253810797986103,0.21907183772000985,0.5253810797986103,0.5253810797986103,0.7149980888388183,0.7146068161637403,0.22486306771036377,0.22611533134319217,0.8647893943136751,0.2195255681171255,0.7518951002394898,0.8697970997628988,0.23438457747900301,0.8697970997628988,0.23538067205527965,0.8690176117432649,0.8686337973666803,0.23438457747900301,0.23211325496467125,0.234177959955392,0.8661317532943884,0.22232528648496683,0.49809641670950244,0.25938353288241606,0.49809641670950244,0.49809641670950244,0.49809641670950244,0.2635286660034668,0.5412200918707296,0.27517031776411727,0.8668269728966905,0.8668269728966905,0.680657284626584,0.52650087684882,0.52650087684882,0.7230171495716365,0.6841606807110892,0.22395229903750594,0.22395229903750594,0.22372402754331439,0.22171965940926977,0.9892769167790195,0.5244332694773776,0.5281837583267514,0.2213433384371109,0.8324079842877755,0.2209420343590731,0.3264503843396805,0.21904728497824374,0.22555565380833442,0.2220590140663427,0.21851873376021644,0.5281939412619711,0.526669406977789,0.22433623125813376,0.22453992823861696,0.2220590140663427,0.22890494118512306
Roseburia inulinivorans,0.7506279026377635,0.6392394970566853,0.6392394970566853,0.6392394970566853,0.6392394970566853,0.6392394970566853,0.6392394970566853,0.6392394970566853,0.6392394970566853,0.6392394970566853,0.6392394970566853,0.585205987783524,0.585205987783524,0.7436414154642005,0.7078955017617706,0.7078955017617706,0.6382121727639103,0.7496061446243794,0.7496061446243794,0.5977682486699372,0.6183688154590518,0.6183688154590518,0.5418507718693343,0.5947599608689575,0.598087580149972,0.5923041930401252,0.752284852741196,0.5909541765476217,0.6281762106449726,0.6281762106449726,0.7503448178696998,0.0,0.27875325113226546,0.6224736489144312,0.6533001832907264,0.6314256883374557,0.6314256883374557,0.6176900063373242,0.7495523293046376,0.7586071041519536,0.6213363780719837,0.7472525986222063,0.629207098827569,0.742783849615913,0.5617449139895877,0.7539809634622169,0.5273072902506525,0.527047127111594,0.30994453996910903,0.7524778663570563,0.5250738693173388,0.30994453996910903,0.5260767593771434,0.5252889355195025,0.30509985536318784,0.5308551406124302,0.528779130226026,0.5239972142514021,0.5260767593771434,0.7526708304768377,0.7529316107642845,0.7529030365095963,0.5252889355195025,0.753699138084261,0.5308551406124302,0.5282193977411853,0.5256727634586958,0.5298409928897566,0.5234066789471566,0.7528851770497043,0.523350158044534,0.5232833527433326,0.5948775104058944,0.5948775104058944,0.5948775104058944,0.747180617983909,0.5948775104058944,0.5948775104058944,0.37157290621571,0.370630837848435,0.7508643220089012,0.7508822295340948,0.525058504074887,0.7469682346881864,0.30691023995286515,0.5313159370687013,0.7542412907689556,0.5313159370687013,0.7543304233039061,0.5292366528485157,0.5285960102954895,0.7542412907689556,0.7528387404711775,0.7521561494806513,0.5244435252345234,0.7499576430152994,0.6531519754432452,0.7619074031341684,0.6531519754432452,0.6531519754432452,0.6531519754432452,0.762891536218188,0.6114676595444914,0.7667452941539983,0.5254476183952966,0.5254476183952966,0.7284347495476363,0.5915818401127296,0.5915818401127296,0.32953326730971494,0.3939709679295323,0.7512581889593076,0.7512581889593076,0.7449132777133871,0.7468170097780682,0.7095650689434173,0.593623958689087,0.6001210043372189,0.7499397134122565,0.8765972570738049,0.7460460068560373,0.7149228607243852,0.7487985087253819,0.7493226738489708,0.7457864248035574,0.7499576430152994,0.5925810884395712,0.5950402329666443,0.7479073040723285,0.7489098347380899,0.7457864248035574,0.751168691877789
Roseburia intestinalis,0.7514836743319274,0.6400341190313767,0.6400341190313767,0.6400341190313767,0.6400341190313767,0.6400341190313767,0.6400341190313767,0.6400341190313767,0.6400341190313767,0.6400341190313767,0.6400341190313767,0.5888845336304674,0.5888845336304674,0.7451839905532001,0.7085068679850479,0.7085068679850479,0.639647442223355,0.7506780584232794,0.7506780584232794,0.5983842706632321,0.6187992119448033,0.6187992119448033,0.5419946824903249,0.5974532477265815,0.6039892482215152,0.5990265959984246,0.7529173237724944,0.5897014055840022,0.6296001877353566,0.6296001877353566,0.7512223914061712,0.27875325113226546,0.0,0.6229357466600026,0.6547927379324332,0.6319663527619663,0.6319663527619663,0.6184949222141,0.7506028234882143,0.7590288410185188,0.6271993707685648,0.7478533665045043,0.6290745896290272,0.743699274572094,0.5632127056764766,0.7540701267683548,0.5275877145629453,0.5279494966087921,0.31111367229715986,0.7531458831186506,0.5226045384066854,0.31111367229715986,0.5274806610560112,0.526030750185943,0.29892910922773475,0.5315385964802603,0.5300033869300474,0.524525564072785,0.5274806610560112,0.7532672770638406,0.753813307895182,0.753592088177498,0.526030750185943,0.7542591181185855,0.5315385964802603,0.526286305905109,0.5234220926795271,0.5304345046740676,0.524469163749996,0.7534885921441195,0.5201183138227365,0.5248894567216973,0.5960472189454337,0.5960472189454337,0.5960472189454337,0.748471617364885,0.5960472189454337,0.5960472189454337,0.3727363212795634,0.3717827342763292,0.7516625828318676,0.7517591757179867,0.5233193258883065,0.7475404518652727,0.3005977640172163,0.5290994376027894,0.754829370996928,0.5290994376027894,0.7548329337227274,0.5272154826257897,0.5268174647055,0.754829370996928,0.7536920018968462,0.7523098758182903,0.5225891005606041,0.7511722719657788,0.6537158092662727,0.7626306354213015,0.6537158092662727,0.6537158092662727,0.6537158092662727,0.7636208798818135,0.6136057646587768,0.7675340458224451,0.5235659322994278,0.5235659322994278,0.7316432662392325,0.5916318426119543,0.5916318426119543,0.3398423255556537,0.3933629824074271,0.752320599739403,0.752320599739403,0.7453283305298678,0.7476555621312896,0.7097886441204223,0.5938549557632773,0.6006182104898965,0.7502946398076799,0.8774834137010369,0.7470150361941326,0.7159415295722855,0.7501871040873072,0.75037348954147,0.7467918026491499,0.7507783599423322,0.5942804798171287,0.5960291714012167,0.7489098347380899,0.7496958282394639,0.7467918026491499,0.7520953652850545
Anaerostipes hadrus,0.48850715066534756,0.39684787325014087,0.39684787325014087,0.39684787325014087,0.39684787325014087,0.39684787325014087,0.39684787325014087,0.39684787325014087,0.39684787325014087,0.39684787325014087,0.39684787325014087,0.3179705715767836,0.3179705715767836,0.4862393109091897,0.4271226721454186,0.4271226721454186,0.39504120049356983,0.4882152958179342,0.4882152958179342,0.320657184521428,0.8321527202332409,0.8321527202332409,0.7304918853169534,0.32498073504408165,0.3271087502082771,0.32664803343004206,0.49150918890221434,0.310152707814798,0.3851485222096532,0.3851485222096532,0.48831443589324147,0.6224736489144312,0.6229357466600026,0.0,0.323205006770896,0.3858252193751415,0.3858252193751415,0.23936853865388683,0.4867091955828917,0.501421939363155,0.2565689354996812,0.4833047011776827,0.26899281264125935,0.4826588098137959,0.7878156442405836,0.49377461012531865,0.7632968131795683,0.7627998785392377,0.6327786081845144,0.49303880817928364,0.7619109327628089,0.6327786081845144,0.7624119741235336,0.7620521045027967,0.6303173697064979,0.7650563910135543,0.7626800018768519,0.7600945427136792,0.7624119741235336,0.49194670829532805,0.492705974276277,0.49381817879371354,0.7620521045027967,0.4937582708835233,0.7650563910135543,0.7623696453380403,0.7622461729542546,0.7643530459561502,0.7600131630884884,0.4934749713999125,0.7596981771894036,0.7600060861875297,0.32205471837824295,0.32205471837824295,0.32205471837824295,0.4831266104961832,0.32205471837824295,0.32205471837824295,0.662830160322668,0.6624324321581305,0.48978265713511626,0.4887107950785423,0.7598574560420899,0.48459945075541366,0.6290190129479342,0.7653129509345129,0.495346097002406,0.7653129509345129,0.49569885933921115,0.7643636009131833,0.763906085675204,0.495346097002406,0.4935676064293977,0.4921871781828752,0.7591067835162734,0.4866594645636461,0.41575791717111843,0.5055720183636744,0.41575791717111843,0.41575791717111843,0.41575791717111843,0.507870024526511,0.34563296821321904,0.5134731730826793,0.7595034576739178,0.7595034576739178,0.5355607648021671,0.3132586260387465,0.3132586260387465,0.5902939559381442,0.6278336328940822,0.4894531034326607,0.4894531034326607,0.4855087061818823,0.4830542424020259,0.8972699993093584,0.3171660853069769,0.32901873496021544,0.48797837966289187,0.7207260319825811,0.485098643399625,0.43670505873329274,0.4852926351981849,0.48705164906927473,0.4853425062707462,0.4862282493312798,0.3226303752217577,0.3189838646856772,0.4861010230933624,0.4848213776083895,0.4853425062707462,0.4880830777259177
Eubacterium_G ventriosum,0.4277392562286986,0.31806359117339994,0.31806359117339994,0.31806359117339994,0.31806359117339994,0.31806359117339994,0.31806359117339994,0.31806359117339994,0.31806359117339994,0.31806359117339994,0.31806359117339994,0.3744136198017126,0.3744136198017126,0.418761307518335,0.46990940051827196,0.46990940051827196,0.31599381464969695,0.42593102508934005,0.42593102508934005,0.384274732522358,0.8551861104941366,0.8551861104941366,0.756498448010398,0.3804415599756106,0.39209617576921596,0.3850926590543503,0.4309150465341961,0.3731977894131458,0.2967440180292043,0.2967440180292043,0.4273303967475311,0.6533001832907264,0.6547927379324332,0.323205006770896,0.0,0.29398524256369285,0.29398524256369285,0.3150904132716511,0.42448269539878936,0.5458856340423441,0.3372048931670427,0.42011414982592366,0.34351010643512925,0.4119826813468374,0.7511615316506207,0.43509483618137273,0.7899053852720976,0.7895205796752898,0.6647545524725224,0.43062787385267254,0.7885526286075679,0.6647545524725224,0.7892344079246323,0.7888526841013666,0.6625420341545497,0.7923664310020266,0.7905417759885719,0.7867772374735311,0.7892344079246323,0.4303155122660735,0.4311708435829788,0.43139532081182885,0.7888526841013666,0.43264651148416977,0.7923664310020266,0.7901198415372548,0.7892037405110127,0.7918164193161286,0.7867259648148542,0.43094000902786134,0.7862301567301329,0.7866575960715304,0.38024358271655617,0.38024358271655617,0.38024358271655617,0.4209199347880185,0.38024358271655617,0.38024358271655617,0.6201710044506503,0.6197198636689353,0.42692114570459544,0.4270282184680829,0.7877917489542001,0.42047886286459984,0.6625501520996965,0.7930279761666188,0.433726717108585,0.7930279761666188,0.4340056430642861,0.7914189509331925,0.7910518797837126,0.433726717108585,0.4314825859731972,0.4300529532016759,0.7875186084741246,0.42441300056874814,0.3439873289910357,0.4472977746197457,0.3439873289910357,0.3439873289910357,0.3439873289910357,0.44941508009046627,0.40777043110760214,0.45676308203501415,0.7879351098026078,0.7879351098026078,0.5707495148837916,0.36999903695421765,0.36999903695421765,0.6251292726332894,0.57996211734051,0.42885690691046796,0.42885690691046796,0.4184015248004701,0.4176939065186688,0.9214256044562321,0.37641222585845435,0.38753608098448217,0.42629076152973855,0.7503484018885854,0.42081130781343,0.4818725520096169,0.4237852313147421,0.4247866844775139,0.4197234918379545,0.42521063917752494,0.37928759927469363,0.3795215064885259,0.4213541626413002,0.4222021702727626,0.4197234918379545,0.4289634964925503
Bariatricus comes,0.474935860442461,0.25563436979516824,0.25563436979516824,0.25563436979516824,0.25563436979516824,0.25563436979516824,0.25563436979516824,0.25563436979516824,0.25563436979516824,0.25563436979516824,0.25563436979516824,0.335012578058359,0.335012578058359,0.46779862330909056,0.5137977883095152,0.5137977883095152,0.2606143897766701,0.47281908405272033,0.47281908405272033,0.34378400366002465,0.8368094770299365,0.8368094770299365,0.7801559268093831,0.3308933149948732,0.3520011368201966,0.3426164659778877,0.4771221604618308,0.3324258185449545,0.20943202290953783,0.20943202290953783,0.4748169360548922,0.6314256883374557,0.6319663527619663,0.3858252193751415,0.29398524256369285,0.0,0.0,0.37776011264121406,0.4726654910163646,0.5807961689452706,0.391272270307902,0.4688035747699566,0.39662418430978247,0.4635308306685047,0.7257828811989077,0.4797135086940516,0.7695949945003786,0.7697312632086892,0.6408990928138045,0.4761291187731684,0.7684584822140023,0.6408990928138045,0.768549465044716,0.7696613848336297,0.6381573918690402,0.7723575841087259,0.7713715826994201,0.7677092139206297,0.768549465044716,0.4773250281161131,0.4775447041553858,0.4775447041553858,0.7696613848336297,0.47775302138445896,0.7723575841087259,0.7705832691501271,0.7687838711763402,0.7717236217669959,0.7670328442513266,0.4763549918467968,0.7671976109607069,0.7673413147291792,0.3400954552033786,0.3400954552033786,0.3400954552033786,0.46920495267630563,0.3400954552033786,0.3400954552033786,0.5959389254817955,0.5954784585479097,0.4744939910395149,0.47449965863575544,0.7689937264707375,0.4682927546676582,0.6400005042353802,0.7728622918038125,0.4784617456599539,0.7728622918038125,0.47913013377168545,0.7713227725255046,0.7709112496916684,0.4784617456599539,0.4777699079897173,0.47537166198985104,0.7685669605081428,0.4722499708420674,0.297061037811354,0.49161860525425255,0.297061037811354,0.297061037811354,0.297061037811354,0.49353491369851193,0.36857899742526656,0.4994174366048308,0.7690007206609327,0.7690007206609327,0.5447661911672381,0.3294353231056465,0.3294353231056465,0.6558022901820236,0.6135838507150235,0.4759991932223901,0.4759991932223901,0.4672349063495179,0.46754560997283207,0.9048953265267096,0.3278806408891714,0.3413976761326755,0.4737679789611511,0.7291211063581899,0.4679480668875036,0.5221927063220712,0.47100121087754204,0.4713893078139473,0.46610542712413006,0.4729214516974199,0.3377706535321295,0.3305517937766576,0.4688953485827615,0.46962316707481727,0.46610542712413006,0.47506607680360463
Bariatricus comes_A,0.474935860442461,0.25563436979516824,0.25563436979516824,0.25563436979516824,0.25563436979516824,0.25563436979516824,0.25563436979516824,0.25563436979516824,0.25563436979516824,0.25563436979516824,0.25563436979516824,0.335012578058359,0.335012578058359,0.46779862330909056,0.5137977883095152,0.5137977883095152,0.2606143897766701,0.47281908405272033,0.47281908405272033,0.34378400366002465,0.8368094770299365,0.8368094770299365,0.7801559268093831,0.3308933149948732,0.3520011368201966,0.3426164659778877,0.4771221604618308,0.3324258185449545,0.20943202290953783,0.20943202290953783,0.4748169360548922,0.6314256883374557,0.6319663527619663,0.3858252193751415,0.29398524256369285,0.0,0.0,0.37776011264121406,0.4726654910163646,0.5807961689452706,0.391272270307902,0.4688035747699566,0.39662418430978247,0.4635308306685047,0.7257828811989077,0.4797135086940516,0.7695949945003786,0.7697312632086892,0.6408990928138045,0.4761291187731684,0.7684584822140023,0.6408990928138045,0.768549465044716,0.7696613848336297,0.6381573918690402,0.7723575841087259,0.7713715826994201,0.7677092139206297,0.768549465044716,0.4773250281161131,0.4775447041553858,0.4775447041553858,0.7696613848336297,0.47775302138445896,0.7723575841087259,0.7705832691501271,0.7687838711763402,0.7717236217669959,0.7670328442513266,0.4763549918467968,0.7671976109607069,0.7673413147291792,0.3400954552033786,0.3400954552033786,0.3400954552033786,0.46920495267630563,0.3400954552033786,0.3400954552033786,0.5959389254817955,0.5954784585479097,0.4744939910395149,0.47449965863575544,0.7689937264707375,0.4682927546676582,0.6400005042353802,0.7728622918038125,0.4784617456599539,0.7728622918038125,0.47913013377168545,0.7713227725255046,0.7709112496916684,0.4784617456599539,0.4777699079897173,0.47537166198985104,0.7685669605081428,0.4722499708420674,0.297061037811354,0.49161860525425255,0.297061037811354,0.297061037811354,0.297061037811354,0.49353491369851193,0.36857899742526656,0.4994174366048308,0.7690007206609327,0.7690007206609327,0.5447661911672381,0.3294353231056465,0.3294353231056465,0.6558022901820236,0.6135838507150235,0.4759991932223901,0.4759991932223901,0.4672349063495179,0.46754560997283207,0.9048953265267096,0.3278806408891714,0.3413976761326755,0.4737679789611511,0.7291211063581899,0.4679480668875036,0.5221927063220712,0.47100121087754204,0.4713893078139473,0.46610542712413006,0.4729214516974199,0.3377706535321295,0.3305517937766576,0.4688953485827615,0.46962316707481727,0.46610542712413006,0.47506607680360463
Anaerobutyricum hallii,0.4888208378159885,0.395224961172891,0.395224961172891,0.395224961172891,0.395224961172891,0.395224961172891,0.395224961172891,0.395224961172891,0.395224961172891,0.395224961172891,0.395224961172891,0.30933658360720717,0.30933658360720717,0.47902347890692204,0.4214371258468894,0.4214371258468894,0.3924663689365863,0.4874269665645321,0.4874269665645321,0.3208500206958957,0.8286908467965243,0.8286908467965243,0.7264051079106679,0.31738646316883734,0.3296067063628816,0.3184353978362526,0.4914380552097864,0.30656831765059883,0.37812300493041134,0.37812300493041134,0.48804450736845284,0.6176900063373242,0.6184949222141,0.23936853865388683,0.3150904132716511,0.37776011264121406,0.37776011264121406,0.0,0.4834994127503064,0.5015988957309089,0.2604905334260187,0.48268666778260616,0.2674185983371152,0.47409709093573155,0.7835336430210673,0.49488984707392847,0.7595424055705448,0.7594113910686128,0.6281762106449726,0.4902875425826412,0.757539309940159,0.6281762106449726,0.7591280391722265,0.7598999247643409,0.6268047762350677,0.7625036784310059,0.7611870166595379,0.7568431922054508,0.7591280391722265,0.4904520667679576,0.4910493739906934,0.4911807936033744,0.7598999247643409,0.49189750679083327,0.7625036784310059,0.7605083825083964,0.7587488905978453,0.761967404597436,0.7564273471955629,0.4905946097653666,0.7564735634853688,0.7569746512023117,0.3172508641396656,0.3172508641396656,0.3172508641396656,0.48258637156879436,0.3172508641396656,0.3172508641396656,0.6615752874506748,0.6611768044229968,0.48806103789489225,0.48792326639545425,0.7590890700149859,0.4819897355234093,0.6279535563658627,0.7630783427761074,0.492705974276277,0.7630783427761074,0.4930497169622257,0.7613919017666507,0.7609679405434194,0.492705974276277,0.4909398307734135,0.48928824334396886,0.7589189993667563,0.48484911132258723,0.41505227115482196,0.5047575192977476,0.41505227115482196,0.41505227115482196,0.41505227115482196,0.5064436215989656,0.3458274302841087,0.5121148939932565,0.7579190636068079,0.7579190636068079,0.5313716106685089,0.30658586140394806,0.30658586140394806,0.5901891634228438,0.6262253015309517,0.4900735785684823,0.4900735785684823,0.481654849845254,0.47955090819553575,0.8962953949380896,0.3134731720717312,0.32512965318613,0.48678102030777776,0.7195422326776214,0.48163251585424477,0.43260299849808415,0.4835661529552968,0.48527601036840357,0.48003294226074344,0.485303718101645,0.3121147618742242,0.31643604972349376,0.4828760593482315,0.48288162856389344,0.48003294226074344,0.48800042322705645
Anaerobutyricum soehngenii,0.22060096143755187,0.47695867654480323,0.47695867654480323,0.47695867654480323,0.47695867654480323,0.47695867654480323,0.47695867654480323,0.47695867654480323,0.47695867654480323,0.47695867654480323,0.47695867654480323,0.5254169093208193,0.5254169093208193,0.22318245321339159,0.3155083448419687,0.3155083448419687,0.47575054112775694,0.21793954872999066,0.21793954872999066,0.5290740234668322,0.9303107090261628,0.9303107090261628,0.8411495748284604,0.5292417342114486,0.5279393089587047,0.5298206901349157,0.22596066560688388,0.5240177426333908,0.4725459952513362,0.4725459952513362,0.2179148684118401,0.7495523293046376,0.7506028234882143,0.4867091955828917,0.42448269539878936,0.4726654910163646,0.4726654910163646,0.4834994127503064,0.0,0.6498000851018408,0.48661525494649793,0.21996613721077587,0.4937038028387819,0.21721030049931153,0.8359606291309652,0.23274961081935333,0.8679276311996672,0.8678625606800886,0.7558298362912086,0.22726605292924398,0.8664173574243544,0.7558298362912086,0.8674410334332803,0.8673232171433161,0.754120053614953,0.8696486797204792,0.8660758632092628,0.8658398430759227,0.8674410334332803,0.22766802202030634,0.23000663535219454,0.23117288679721357,0.8673232171433161,0.23190461379444974,0.8696486797204792,0.8654608340595848,0.8673573235046124,0.8687947724263778,0.8656192924409745,0.22898716489981058,0.8654484047242488,0.8657062768662167,0.5247818527806896,0.5247818527806896,0.5247818527806896,0.2153951061843934,0.5247818527806896,0.5247818527806896,0.7147234679271104,0.714399806481925,0.22401233182213537,0.22298957647587148,0.8645188059841317,0.21823549484174373,0.751941595093055,0.8700784099289552,0.23510630886687478,0.8700784099289552,0.23374116762116082,0.8691135388532646,0.8686864271104732,0.23510630886687478,0.2269226342647272,0.23234485874905533,0.8663087147759506,0.21610559224632406,0.49748594792998,0.2562647884338478,0.49748594792998,0.49748594792998,0.49748594792998,0.2610783277802279,0.5398818091863055,0.27351368358501293,0.8657746156408567,0.8657746156408567,0.6796569541808656,0.5255960202947546,0.5255960202947546,0.7229092762596835,0.6831654801599957,0.22256707588375815,0.22256707588375815,0.22117317715018842,0.21742067372101856,0.988980566124589,0.5232782135207446,0.527913838973358,0.22043022707286644,0.8320299070968645,0.2176432001980379,0.32336305934005155,0.21371553768377577,0.22191363990079968,0.21830941868336318,0.216702089552713,0.5266285561414291,0.5251814134273479,0.21819852352914118,0.2223373821998086,0.21830941868336318,0.22581780321181852
Dorea formicigenerans,0.651172647507278,0.5847094737994593,0.5847094737994593,0.5847094737994593,0.5847094737994593,0.5847094737994593,0.5847094737994593,0.5847094737994593,0.5847094737994593,0.5847094737994593,0.5847094737994593,0.5402702026688978,0.5402702026688978,0.6520847093741294,0.610838416713067,0.610838416713067,0.5807313412256364,0.6483043324417064,0.6483043324417064,0.5428276208936955,0.7231138498940296,0.7231138498940296,0.6057187907456872,0.5416720710107825,0.5399913843505142,0.542921741827579,0.6511354776435293,0.5354050792599981,0.5808748785924588,0.5808748785924588,0.6490257072697933,0.7586071041519536,0.7590288410185188,0.501421939363155,0.5458856340423441,0.5807961689452706,0.5807961689452706,0.5015988957309089,0.6498000851018408,0.0,0.500912170499773,0.6516020121186878,0.5079070893406069,0.6504371157736191,0.6732803582231754,0.6533989698460547,0.6403323730188843,0.6420142767768616,0.7643108246704021,0.6538309855338851,0.640227369857745,0.7643108246704021,0.6410753034619943,0.6411759735182508,0.7624437191704805,0.6435998663394293,0.6392100476427099,0.639075404468422,0.6410753034619943,0.6527689494232871,0.6534154328199253,0.6540982808255114,0.6411759735182508,0.6536746699668313,0.6435998663394293,0.6382248138411376,0.6407522135897119,0.6429309651102048,0.638119463879237,0.6535183170105335,0.6384101875499542,0.6384902186498634,0.5392039411427509,0.5392039411427509,0.5392039411427509,0.6494192231655677,0.5392039411427509,0.5392039411427509,0.7879931293976795,0.7876995746308392,0.6515112085870942,0.6510693926461355,0.636617388711664,0.6507306016990668,0.7601122327836349,0.6441637114784511,0.6548420204928411,0.6441637114784511,0.655051430009925,0.643144252910994,0.6424079014087463,0.6548420204928411,0.6543038182839448,0.6545462694711354,0.6383975501433601,0.6493322559732453,0.6003987738519015,0.6634708934552316,0.6003987738519015,0.6003987738519015,0.6003987738519015,0.6651913216660249,0.5525011278742085,0.6700572646662089,0.638431249338387,0.638431249338387,0.3482606273598075,0.5380106184591793,0.5380106184591793,0.7324110718831488,0.7620803357126275,0.6512469808703757,0.6512469808703757,0.6511519978449208,0.650788456541299,0.7966617185320074,0.5369899523782767,0.541845808752409,0.6507099380088055,0.5923541345632417,0.6501683153162928,0.6144773050958684,0.6489386873406379,0.6515112085870942,0.650408173369628,0.6496966121023948,0.5404742463044665,0.5398917714838417,0.6506851407142907,0.651779455221852,0.650408173369628,0.6530325613267831
Coprococcus_A catus,0.4851762494268792,0.39537462894907616,0.39537462894907616,0.39537462894907616,0.39537462894907616,0.39537462894907616,0.39537462894907616,0.39537462894907616,0.39537462894907616,0.39537462894907616,0.39537462894907616,0.31640205358569434,0.31640205358569434,0.4880334867064282,0.43217385034669864,0.43217385034669864,0.39178055013253116,0.4865655143257426,0.4865655143257426,0.3299084507170304,0.8335121497001274,0.8335121497001274,0.733669413374685,0.32831505577794834,0.3151928150986223,0.3221298623928868,0.48896935622780835,0.3227053851910484,0.3891565058811837,0.3891565058811837,0.48669814468442674,0.6213363780719837,0.6271993707685648,0.2565689354996812,0.3372048931670427,0.391272270307902,0.391272270307902,0.2604905334260187,0.48661525494649793,0.500912170499773,0.0,0.48793980102932066,0.26894282048132395,0.4869467292395721,0.790490747504705,0.4909946054370047,0.763870880845186,0.7644093373761885,0.6339462579803283,0.49283695214109513,0.7628175058712809,0.6339462579803283,0.7633179521582942,0.76338841119312,0.6316173152869415,0.7656853369558928,0.7620274013362335,0.7615543576571092,0.7633179521582942,0.4917990890149109,0.4923619916063178,0.49297335041232615,0.76338841119312,0.4925749615838655,0.7656853369558928,0.7619497575987189,0.7625318929222203,0.7649544460674046,0.7608654478043397,0.4922363507332551,0.7612223456122788,0.7611552192000504,0.326277343169672,0.326277343169672,0.326277343169672,0.48659314863166786,0.326277343169672,0.326277343169672,0.6622334784996281,0.6617866299897464,0.4896234005416204,0.48845209706046366,0.7594999168570037,0.48685283443646166,0.6288864641188552,0.7657450423917609,0.4941230519073636,0.7657450423917609,0.4943352631838578,0.7651407489729412,0.7645641174112977,0.4941230519073636,0.4921981058408329,0.49326239000894606,0.7605897091473726,0.4863001450901458,0.4182150871058618,0.5044057607126398,0.4182150871058618,0.4182150871058618,0.4182150871058618,0.5064330013265267,0.343000859894543,0.5128705202084217,0.762150909162152,0.762150909162152,0.5376606082613312,0.3233048384355999,0.3233048384355999,0.5891219539424035,0.6285399949182064,0.48889785299477617,0.48889785299477617,0.4876696651415938,0.4871068609550803,0.8988301601809325,0.32095058487974604,0.3295495885136233,0.4883584916887022,0.7225930030873517,0.48698538654358564,0.43884895955764464,0.4854533125337526,0.4889858554890529,0.4871510259583177,0.48627802445034674,0.3264174311892064,0.32457500060937045,0.48838051809611427,0.48878232567599716,0.4871510259583177,0.49048496498262656
Eubacterium_I ramulus,0.22348348986754638,0.47717288546116676,0.47717288546116676,0.47717288546116676,0.47717288546116676,0.47717288546116676,0.47717288546116676,0.47717288546116676,0.47717288546116676,0.47717288546116676,0.47717288546116676,0.5205111212546162,0.5205111212546162,0.21249144759700106,0.3077065811068629,0.3077065811068629,0.4755922402897254,0.2178161191744541,0.2178161191744541,0.5243050555866325,0.9288468591921462,0.9288468591921462,0.8387739568596118,0.5263578392719375,0.5299932387603064,0.5279291211120222,0.23127756096458674,0.5220639421708215,0.46761462718670593,0.46761462718670593,0.22500653629219317,0.7472525986222063,0.7478533665045043,0.4833047011776827,0.42011414982592366,0.4688035747699566,0.4688035747699566,0.48268666778260616,0.21996613721077587,0.6516020121186878,0.48793980102932066,0.0,0.49330055238893267,0.20581828669310837,0.8342281064244204,0.23523209838425435,0.8676859160999746,0.8673232171433161,0.7553956333348565,0.23169578474372662,0.8661814303425526,0.7553956333348565,0.8669510605881325,0.8669944870843554,0.7535706763712843,0.8691970796457829,0.8678377706273626,0.8650194832878979,0.8669510605881325,0.23232170876058067,0.23514062177244052,0.23498045201197723,0.8669944870843554,0.23570035879639364,0.8691970796457829,0.8672736054961967,0.8664328766906341,0.8684356332543146,0.8649293205778533,0.2334763963349529,0.8648204909955736,0.864966630425337,0.5238380920142718,0.5238380920142718,0.5238380920142718,0.21285815035902153,0.5238380920142718,0.5238380920142718,0.7162419666520523,0.7157762354264711,0.22625800587500983,0.22733704029718765,0.8656130789332672,0.21170533178386103,0.7532422857920845,0.869076407034474,0.23826498491985715,0.869076407034474,0.23644082234552194,0.8683210489966818,0.867905941568542,0.23826498491985715,0.23010015299596606,0.22719504338121183,0.8649977207355944,0.222313190112016,0.4952646546270984,0.2602219757643473,0.4952646546270984,0.4952646546270984,0.4952646546270984,0.26335512732291044,0.541662141456672,0.2751018978279083,0.8651966722656821,0.8651966722656821,0.676595420804047,0.5220845465691392,0.5220845465691392,0.7205170479997328,0.6822516092345104,0.22763258271195516,0.22763258271195516,0.213123299861674,0.20494098364389243,0.9884148063951405,0.521342275206194,0.5278628953157976,0.22234947725664878,0.8316613588713381,0.2144315888096102,0.32087516469661576,0.2193294755651586,0.21755668916986856,0.21548248503782041,0.22366391737603922,0.5240793229547308,0.5236224299109257,0.21787784269270244,0.21508274906918062,0.21548248503782041,0.22493481343972266
Clostridium_Q symbiosum,0.49435702329229503,0.4010474385945223,0.4010474385945223,0.4010474385945223,0.4010474385945223,0.4010474385945223,0.4010474385945223,0.4010474385945223,0.4010474385945223,0.4010474385945223,0.4010474385945223,0.33201298269854135,0.33201298269854135,0.49279329672084066,0.4333048883414414,0.4333048883414414,0.3984506770561748,0.4919303083406073,0.4919303083406073,0.33813669717766076,0.8352912323172498,0.8352912323172498,0.7374133205136334,0.3331611764654342,0.33395128950532554,0.3371729910957162,0.4940686240775012,0.3224386037998313,0.39553103925225286,0.39553103925225286,0.4949930832656544,0.629207098827569,0.6290745896290272,0.26899281264125935,0.34351010643512925,0.39662418430978247,0.39662418430978247,0.2674185983371152,0.4937038028387819,0.5079070893406069,0.26894282048132395,0.49330055238893267,0.0,0.4911260397051135,0.7926989688635447,0.4967664704666684,0.7670118076556791,0.767358837737933,0.6369594642912491,0.4984040685736772,0.7656467015458279,0.6369594642912491,0.7654218750245966,0.7664611448515601,0.6353869312263739,0.7684549826592361,0.7652602401637458,0.7646274274861308,0.7654218750245966,0.49860906435679675,0.4992827987863293,0.4990241923469569,0.7664611448515601,0.4996112513216885,0.7684549826592361,0.7659206196399334,0.7657274824527024,0.7678177980723737,0.7637230028379857,0.49856591435439174,0.7652040113394695,0.765066936267153,0.3284788366201106,0.3284788366201106,0.3284788366201106,0.49373648438668377,0.3284788366201106,0.3284788366201106,0.6677978838804506,0.667483699960976,0.4956500302982178,0.4960676345251689,0.7631875857952667,0.49235652962634563,0.6317535479767423,0.7680384217900195,0.5001814918690919,0.7680384217900195,0.49985341403763295,0.7671134791904177,0.7668259593301787,0.5001814918690919,0.49775075642032884,0.49881397589354476,0.7654394419745922,0.4940686240775012,0.42372176856054666,0.5099942391583664,0.42372176856054666,0.42372176856054666,0.42372176856054666,0.510831975816385,0.3535029948280878,0.5165696057555326,0.7646379786556392,0.7646379786556392,0.5438175508140111,0.3288797549812395,0.3288797549812395,0.5978132352552391,0.6339674680703002,0.4956934341277417,0.4956934341277417,0.49237837718269406,0.4928260386485699,0.9015785537959431,0.3304622894184945,0.3302343506786646,0.4942155654616187,0.7262384923156134,0.4920396310470418,0.44007284837066135,0.4928751474619232,0.4941502635742019,0.49225820362342054,0.49386174361846413,0.3326684238404947,0.333967394797684,0.4935839519828095,0.4934259222847677,0.49225820362342054,0.49682601564447537
Bacteroides_F pectinophilus,0.21837100276839405,0.4747206421109738,0.4747206421109738,0.4747206421109738,0.4747206421109738,0.4747206421109738,0.4747206421109738,0.4747206421109738,0.4747206421109738,0.4747206421109738,0.4747206421109738,0.5141065060173623,0.5141065060173623,0.18770891727005762,0.2946157501412239,0.2946157501412239,0.47468665134929594,0.21823549484174373,0.21823549484174373,0.523699462285804,0.9261910008570458,0.9261910008570458,0.8348403745557001,0.5215537239284752,0.5285095149399005,0.519787298374989,0.22844629587313922,0.5170951434575531,0.461955900492968,0.461955900492968,0.21806290842104253,0.742783849615913,0.743699274572094,0.4826588098137959,0.4119826813468374,0.4635308306685047,0.4635308306685047,0.47409709093573155,0.21721030049931153,0.6504371157736191,0.4869467292395721,0.20581828669310837,0.4911260397051135,0.0,0.8288466011155008,0.23200895783293302,0.8643757020587364,0.8642356861595566,0.7518271410505007,0.22216798226496762,0.8630773513739968,0.7518271410505007,0.8635321518794586,0.8645219166759567,0.7499217833805412,0.8667494090682785,0.8653116702522476,0.8619673798255282,0.8635321518794586,0.22298957647587148,0.22509018406873815,0.22480326211136184,0.8645219166759567,0.22653121422418493,0.8667494090682785,0.8647769553278164,0.8629807532944614,0.8662342090846855,0.8617333551744394,0.22361581760830537,0.8615242393919257,0.8616834216896233,0.5196941622924278,0.5196941622924278,0.5196941622924278,0.2039017024511356,0.5196941622924278,0.5196941622924278,0.7130433499294275,0.7124698484334041,0.21772967685258615,0.21759376953644236,0.8630243795724736,0.20053713001249412,0.7505598287107996,0.8668952233250258,0.22809286423060648,0.8668952233250258,0.22727788569695717,0.8651749141703785,0.864832929355254,0.22809286423060648,0.22525738643577312,0.22105155317775227,0.8626628381047104,0.2108652784556896,0.49249852141866346,0.2544745460906471,0.49249852141866346,0.49249852141866346,0.49249852141866346,0.2573434060039004,0.5390642742607987,0.26963189365223916,0.863049307884076,0.863049307884076,0.6720169869216912,0.5153969268448895,0.5153969268448895,0.7171275227071701,0.6780842910497595,0.22103938709980045,0.22103938709980045,0.19829853096281091,0.19427049340210223,0.9866229107676519,0.5166997391246257,0.5238740270666613,0.21394191800254334,0.8289017570852523,0.20365095756830764,0.3150221268942394,0.20826023996776732,0.2119211698344813,0.2005639487528364,0.2138790586158471,0.5181861394171396,0.5198183400275688,0.2045863801190436,0.20601418599189847,0.2005639487528364,0.2188753386669296
Ruminococcus_B gnavus,0.8368094770299365,0.7372893162350461,0.7372893162350461,0.7372893162350461,0.7372893162350461,0.7372893162350461,0.7372893162350461,0.7372893162350461,0.7372893162350461,0.7372893162350461,0.7372893162350461,0.7640539282478316,0.7640539282478316,0.8310532205734931,0.8580774405080431,0.8580774405080431,0.7374352014570432,0.8357643712038255,0.8357643712038255,0.7677652592714067,0.5071705808872597,0.5071705808872597,0.4141636530787456,0.7652426690999843,0.7712077077497812,0.7651723808100003,0.8375450914952284,0.7641419161987992,0.7280654730615975,0.7280654730615975,0.8366905616008773,0.5617449139895877,0.5632127056764766,0.7878156442405836,0.7511615316506207,0.7257828811989077,0.7257828811989077,0.7835336430210673,0.8359606291309652,0.6732803582231754,0.790490747504705,0.8342281064244204,0.7926989688635447,0.8288466011155008,0.0,0.8387290692030133,0.39162264192306495,0.38819476140814296,0.5702639931798604,0.8370761718105081,0.38909430663282774,0.5702639931798604,0.38747362161731774,0.3927403611292283,0.5673800570026305,0.39684787325014087,0.39564660712593963,0.3859158205785449,0.38747362161731774,0.8374808714418058,0.837933517853019,0.8376382018271046,0.3927403611292283,0.8382447709870501,0.39684787325014087,0.3945166721427987,0.3879106259929417,0.39510926996947676,0.3856021103351973,0.8374038008766964,0.38594369359295977,0.38710560092648716,0.7656361642774474,0.7656361642774474,0.7656361642774474,0.8332539964923251,0.7656361642774474,0.7656361642774474,0.5223729228103337,0.5216516832980057,0.8358576798989891,0.8360024486351549,0.39077021134484197,0.83233367498299,0.5697922170698015,0.3989902543594519,0.8384885586953845,0.3989902543594519,0.8385943918169395,0.3955786301127193,0.3945575695328575,0.8384885586953845,0.8381453109032198,0.8367998358679286,0.387022226899906,0.8349917610921908,0.749039095795217,0.8457027394843489,0.749039095795217,0.749039095795217,0.749039095795217,0.8464878122236071,0.7783406531727202,0.8502852901390602,0.38736950029219175,0.38736950029219175,0.6406220924398709,0.7618226871408225,0.7618226871408225,0.5868809123874517,0.5436543365499716,0.8373170880114805,0.8373170880114805,0.8326825480923324,0.8328181814999417,0.6165395498578554,0.7636490530958607,0.7683954877896579,0.8356839243115162,0.802399923156438,0.8329085915011463,0.862681542241354,0.8340088696622311,0.8344924035612621,0.831842420509334,0.8354940389344889,0.7642686010521796,0.7632016805297093,0.8332669060521943,0.8330571009163289,0.831842420509334,0.8362018667284409
Hungatella effluvii,0.22984288791750898,0.48092287239978204,0.48092287239978204,0.48092287239978204,0.48092287239978204,0.48092287239978204,0.48092287239978204,0.48092287239978204,0.48092287239978204,0.48092287239978204,0.48092287239978204,0.5304902707779632,0.5304902707779632,0.23483162512919237,0.3256916183357114,0.3256916183357114,0.48085576532174656,0.2291984618621919,0.2291984618621919,0.5347768551389027,0.9328452977870098,0.9328452977870098,0.8450410598902063,0.5316650659665678,0.5266949371415506,0.5327767029387629,0.22354364855120287,0.5295109766678356,0.47809064016402925,0.47809064016402925,0.23483162512919237,0.7539809634622169,0.7540701267683548,0.49377461012531865,0.43509483618137273,0.4797135086940516,0.4797135086940516,0.49488984707392847,0.23274961081935333,0.6533989698460547,0.4909946054370047,0.23523209838425435,0.4967664704666684,0.23200895783293302,0.8387290692030133,0.0,0.8712490434952074,0.8711101323675784,0.7594078498224286,0.24035516725737946,0.8700969546559432,0.7594078498224286,0.8706160466352937,0.8704863026604942,0.7577842196104738,0.8725629732355509,0.8693672305021759,0.8690825957811105,0.8706160466352937,0.23754152945753085,0.24041110413524758,0.24108133432931056,0.8704863026604942,0.2400416798553311,0.8725629732355509,0.8695095129219224,0.8696239405839992,0.8719155088453312,0.8687885816294544,0.24144916791275217,0.868977381094026,0.869271331387931,0.5310070957151881,0.5310070957151881,0.5310070957151881,0.23038047815940432,0.5310070957151881,0.5310070957151881,0.7184687824959913,0.7181018710202853,0.23573458523363153,0.23510630886687478,0.8676425242105618,0.23185822359318656,0.7553529113647967,0.872436601269786,0.24355619089973526,0.872436601269786,0.243368410865683,0.871937098737576,0.8716286209566443,0.24355619089973526,0.24201653836186807,0.2443058677125661,0.8688504876136878,0.2324142948791353,0.5005899437506927,0.26422168094001736,0.5005899437506927,0.5005899437506927,0.5005899437506927,0.26768998222440027,0.54260463776792,0.279292985475674,0.8702916504313608,0.8702916504313608,0.6840191595041603,0.5311741961199156,0.5311741961199156,0.7254493259254431,0.6878730178540781,0.23381018908069595,0.23381018908069595,0.23232170876058067,0.23319979274726474,0.991338039882599,0.527699842562283,0.5327312723866772,0.23212484064213307,0.8351721007139459,0.23301520794125868,0.33372573380354736,0.22885794294190415,0.2355748193154258,0.23448781796840015,0.2321827603577442,0.5316195404174532,0.5314120968957848,0.23543779080980418,0.23640669815574825,0.23448781796840015,0.24196097263082647
Bacteroides uniformis,0.869079501413301,0.7752144060101912,0.7752144060101912,0.7752144060101912,0.7752144060101912,0.7752144060101912,0.7752144060101912,0.7752144060101912,0.7752144060101912,0.7752144060101912,0.7752144060101912,0.7395473032848444,0.7395473032848444,0.8662311045418132,0.8352493772036793,0.8352493772036793,0.7740479280839724,0.8684139563111213,0.8684139563111213,0.7422224584043853,0.47386446649567865,0.47386446649567865,0.3697372863057841,0.7403032787087026,0.7437390500977558,0.740383192508691,0.8691197273354963,0.738211554761347,0.7690811492764476,0.7690811492764476,0.8682838832873748,0.5273072902506525,0.5275877145629453,0.7632968131795683,0.7899053852720976,0.7695949945003786,0.7695949945003786,0.7595424055705448,0.8679276311996672,0.6403323730188843,0.763870880845186,0.8676859160999746,0.7670118076556791,0.8643757020587364,0.39162264192306495,0.8712490434952074,0.0,0.3045705352987485,0.5153134347129883,0.8650754416227543,0.30187438292846513,0.5153134347129883,0.3134989077289374,0.2927201531721856,0.5187774335376742,0.31038672976073545,0.3285606964256579,0.31124330480002704,0.3134989077289374,0.8648204909955736,0.8655260851417347,0.8645685757102718,0.2927201531721856,0.8657590845748414,0.31038672976073545,0.32690315330658876,0.31050800503584547,0.31097533806519995,0.31061191758436285,0.8650132654716801,0.3112260235860108,0.31257969267568947,0.7341970539103839,0.7341970539103839,0.7341970539103839,0.8630306117178784,0.7341970539103839,0.7341970539103839,0.56635533926203,0.5661463730746638,0.8649293205778533,0.8657839341467344,0.3267961917998058,0.8628093429897535,0.5278119467412277,0.3265080443502326,0.8671371588309198,0.3265080443502326,0.8676983133841029,0.3237453933825976,0.32490625037727544,0.8671371588309198,0.8681073244390092,0.8643165870012854,0.32178739754498004,0.8662124770509152,0.7820563977259886,0.8756334267701192,0.7820563977259886,0.7820563977259886,0.7820563977259886,0.8765021490054894,0.7497065895523258,0.8792958665445977,0.32123534576887997,0.32123534576887997,0.6131190907948546,0.738830594091886,0.738830594091886,0.5545513760881481,0.5926673081250642,0.868553298648844,0.868553298648844,0.8653924705060737,0.8658646903301161,0.5796652764555168,0.7371032707019015,0.7417440354089888,0.8669851815897092,0.7762163135987546,0.863432490075889,0.8372271540725801,0.8657062768662167,0.866612879869205,0.8648640244718252,0.8668021532267385,0.7375190723929365,0.7383754686208225,0.864388146818834,0.8656969575244233,0.8648640244718252,0.8673356196116914
Bacteroides caccae,0.8695528116460179,0.7748500702958009,0.7748500702958009,0.7748500702958009,0.7748500702958009,0.7748500702958009,0.7748500702958009,0.7748500702958009,0.7748500702958009,0.7748500702958009,0.7748500702958009,0.7398199796294875,0.7398199796294875,0.8657932525523172,0.8349498909664594,0.8349498909664594,0.7743362393281811,0.8684046660269683,0.8684046660269683,0.7427041941228882,0.4732000069788818,0.4732000069788818,0.37004991141322674,0.7388961090690022,0.7434750454473267,0.740008976247395,0.8693826971105586,0.7377341759746313,0.7691196121629161,0.7691196121629161,0.8683675038964297,0.527047127111594,0.5279494966087921,0.7627998785392377,0.7895205796752898,0.7697312632086892,0.7697312632086892,0.7594113910686128,0.8678625606800886,0.6420142767768616,0.7644093373761885,0.8673232171433161,0.767358837737933,0.8642356861595566,0.38819476140814296,0.8711101323675784,0.3045705352987485,0.0,0.5122514089620404,0.8652836991756887,0.30648058382009535,0.5122514089620404,0.3040845158272618,0.30491469786314496,0.5140855818616346,0.3131727664712742,0.32840514534904985,0.29880313446132084,0.3040845158272618,0.8645934594989817,0.8657404469278422,0.8651749141703785,0.30491469786314496,0.8659920213183012,0.3131727664712742,0.3267138898890641,0.31001394478215366,0.3145608061083668,0.3057338297722457,0.8651282878377655,0.30781143937574634,0.3108455938116984,0.732087883445012,0.732087883445012,0.732087883445012,0.8617988884826098,0.732087883445012,0.732087883445012,0.5672236227102576,0.5667493157264759,0.8650940935966739,0.8659299109801747,0.3257659234323098,0.8629994505408004,0.5278272318299693,0.3264339081802666,0.8670534195645891,0.3264339081802666,0.8676952140796765,0.32048101537461454,0.3208500206958957,0.8670534195645891,0.868395375643426,0.8650225921792466,0.3198174146307376,0.8659982321071098,0.7817778135020286,0.875587357369077,0.7817778135020286,0.7817778135020286,0.7817778135020286,0.8762842819539308,0.7495451536367408,0.8794396005559173,0.31816503608067004,0.31816503608067004,0.6120435310098582,0.739380012040622,0.739380012040622,0.553876895561037,0.593207030595822,0.8683396312548133,0.8683396312548133,0.8647862845839843,0.8652215379903229,0.580263440934172,0.7354925611564482,0.7403396042325894,0.8668579964848059,0.7743049818523315,0.8629869857549177,0.8365234086409352,0.8657777218206266,0.8665042617354833,0.864916883604374,0.8665508140313373,0.7391471960194083,0.7372856687346505,0.8639555862866861,0.8654452973625231,0.864916883604374,0.8671836771514889
Bacteroides cellulosilyticus,0.7575925579077649,0.647012975116476,0.647012975116476,0.647012975116476,0.647012975116476,0.647012975116476,0.647012975116476,0.647012975116476,0.647012975116476,0.647012975116476,0.647012975116476,0.6039714379967204,0.6039714379967204,0.7534885921441195,0.7179707857659617,0.7179707857659617,0.6463392846553575,0.7563811280818561,0.7563811280818561,0.6059673672579448,0.6272508213199709,0.6272508213199709,0.5539400112857596,0.6044165361734788,0.6088937897281903,0.6041406139333722,0.75744700459553,0.602870637238247,0.6403491719268172,0.6403491719268172,0.756324239141469,0.30994453996910903,0.31111367229715986,0.6327786081845144,0.6647545524725224,0.6408990928138045,0.6408990928138045,0.6281762106449726,0.7558298362912086,0.7643108246704021,0.6339462579803283,0.7553956333348565,0.6369594642912491,0.7518271410505007,0.5702639931798604,0.7594078498224286,0.5153134347129883,0.5122514089620404,0.0,0.7522097785153938,0.5140646568542235,0.0,0.5152351485516873,0.515965357461959,0.28703320313422376,0.5249509347850453,0.5282855788463245,0.5154856224177904,0.5152351485516873,0.7524885878840897,0.7528494568589078,0.7527780113924214,0.515965357461959,0.7526744034199209,0.5249509347850453,0.5275112499891673,0.5186944855524077,0.5265366301716005,0.5161685888366842,0.7532601367850886,0.5171523479871677,0.5204439515286946,0.5964621617453835,0.5964621617453835,0.5964621617453835,0.7500365281768414,0.5964621617453835,0.5964621617453835,0.3745069817239152,0.3741190180497808,0.7527637214854098,0.7538882224372135,0.5281684835558144,0.7504272459734258,0.31154557087573004,0.5293027067616753,0.7547866169756349,0.5293027067616753,0.7557373221524288,0.5206247733562476,0.5253964356073205,0.7547866169756349,0.756512667371476,0.752624380673226,0.5266183429372014,0.7535385575211823,0.6553838840696228,0.7645887386188767,0.6553838840696228,0.6553838840696228,0.6553838840696228,0.765442955316212,0.6158980233376876,0.7690112118269521,0.5245306910741396,0.5245306910741396,0.7400998228264535,0.6036106678776388,0.6036106678776388,0.3534801717407972,0.412582783100701,0.7562140046407794,0.7562140046407794,0.7522526789904256,0.7529530407436757,0.7139893735915971,0.6012000011988036,0.606685890112667,0.7549326832188502,0.8797850777189887,0.7500616262611081,0.7195085948000381,0.7531066044175412,0.7539060581357252,0.7521668755934972,0.7545870661801835,0.6027903383539823,0.6028929405858524,0.7511400505595872,0.7531244586265439,0.7521668755934972,0.7554205533682925
Bacteroides timonensis,0.23248371027066148,0.48212362466292275,0.48212362466292275,0.48212362466292275,0.48212362466292275,0.48212362466292275,0.48212362466292275,0.48212362466292275,0.48212362466292275,0.48212362466292275,0.48212362466292275,0.5288299856201466,0.5288299856201466,0.2297258540039597,0.3196155415384246,0.3196155415384246,0.4810738290989953,0.22859927988752166,0.22859927988752166,0.5335937914505501,0.9320233223710622,0.9320233223710622,0.842743427824779,0.5306372624142328,0.5314981198889375,0.5304040843279548,0.2338331917064667,0.5284789837873988,0.47564878235123437,0.47564878235123437,0.2290458780529766,0.7524778663570563,0.7531458831186506,0.49303880817928364,0.43062787385267254,0.4761291187731684,0.4761291187731684,0.4902875425826412,0.22726605292924398,0.6538309855338851,0.49283695214109513,0.23169578474372662,0.4984040685736772,0.22216798226496762,0.8370761718105081,0.24035516725737946,0.8650754416227543,0.8652836991756887,0.7522097785153938,0.0,0.8639711497730567,0.7522097785153938,0.8631614763770831,0.8650909849622809,0.7510935060881059,0.8669076319165214,0.8620016980984084,0.8629807532944614,0.8631614763770831,0.2084151378991613,0.20827315252877227,0.20643148316287155,0.8650909849622809,0.2107249439837209,0.8669076319165214,0.8623260942706212,0.8646027907351104,0.8660323906493872,0.8631396669783966,0.21067389008981993,0.8629059602578298,0.8633701956066274,0.5228257641083083,0.5228257641083083,0.5228257641083083,0.21221283660363868,0.5228257641083083,0.5228257641083083,0.7112344980578807,0.7112042485284491,0.21365261169304572,0.21768026582804145,0.8627220664796147,0.214744893071858,0.7501906888596669,0.867859461962223,0.2243002655294444,0.867859461962223,0.2211974939197798,0.8667059702923668,0.8662466271449116,0.2243002655294444,0.22541253472424913,0.224468056293888,0.8646898774164612,0.22256707588375815,0.4965932075340871,0.2569669281277362,0.4965932075340871,0.4965932075340871,0.4965932075340871,0.25964260041756126,0.539518059431629,0.27212380417308857,0.8653303171343194,0.8653303171343194,0.6819756318257972,0.5280921030739151,0.5280921030739151,0.7242880987330831,0.6862721595253782,0.2296907322016389,0.2296907322016389,0.22499458407119233,0.22179242197516533,0.9903148034726844,0.5264804452885326,0.5303077417196486,0.22662616601048777,0.8332539964923251,0.21991722867493824,0.32406919282347657,0.2207350172229713,0.2286110436482338,0.2236037910496817,0.2236518934039113,0.5290282749454998,0.527159370095127,0.22180454674882344,0.22563909801892404,0.2236037910496817,0.23286512505090246
Bacteroides stercoris,0.8677819904194424,0.7737178014309717,0.7737178014309717,0.7737178014309717,0.7737178014309717,0.7737178014309717,0.7737178014309717,0.7737178014309717,0.7737178014309717,0.7737178014309717,0.7737178014309717,0.7380148100747983,0.7380148100747983,0.8645436912053422,0.8339895224750878,0.8339895224750878,0.772611719538136,0.8673015123968961,0.8673015123968961,0.7411020289352329,0.47230121911329453,0.47230121911329453,0.3633024980963295,0.7394782093151243,0.7425412358178332,0.739209044926842,0.868317951914998,0.7371871794020758,0.7679648875932016,0.7679648875932016,0.8670099960201558,0.5250738693173388,0.5226045384066854,0.7619109327628089,0.7885526286075679,0.7684584822140023,0.7684584822140023,0.757539309940159,0.8664173574243544,0.640227369857745,0.7628175058712809,0.8661814303425526,0.7656467015458279,0.8630773513739968,0.38909430663282774,0.8700969546559432,0.30187438292846513,0.30648058382009535,0.5140646568542235,0.8639711497730567,0.0,0.5140646568542235,0.3088928905023188,0.308614169136738,0.5108846177415051,0.31922826128368587,0.3096233403371559,0.29804616770770503,0.3088928905023188,0.8638964424813826,0.8640427381996362,0.8640987597877148,0.308614169136738,0.8645250273565891,0.31922826128368587,0.3079861238227995,0.2883698788670274,0.31943037912883926,0.29740484810023576,0.8635975486876012,0.27489653584367285,0.3019100149379056,0.7299468299906641,0.7299468299906641,0.7299468299906641,0.8610433926825588,0.7299468299906641,0.7299468299906641,0.565086106166139,0.5648861919384103,0.8638933295373611,0.864724087641687,0.3005530288783397,0.8615773034256047,0.5131011840406041,0.31362755433771244,0.8660541272020943,0.31362755433771244,0.8667463063707677,0.3116146190970734,0.2868832576084449,0.8660541272020943,0.8668828145559131,0.863186400729411,0.3129150464168114,0.8648422580076169,0.7810826397316036,0.8745855162294496,0.7810826397316036,0.7810826397316036,0.7810826397316036,0.87541227153417,0.7482380360995616,0.8784850112662692,0.32419364495603187,0.32419364495603187,0.6109968885312017,0.7376758489983991,0.7376758489983991,0.5524475836321662,0.590006871238046,0.866889018962672,0.866889018962672,0.8633483914804831,0.8641890091519687,0.5797163067997172,0.7359458153347843,0.7405720453926841,0.8654608340595848,0.7752282820802517,0.8619954585140557,0.8355970329686335,0.8642419095700936,0.8653676096930577,0.8634418338586414,0.865345855895773,0.7378508160948841,0.7370886769094176,0.8627906416236577,0.8644379240676322,0.8634418338586414,0.8659423334041926
Bacteroides sp900552405,0.7575925579077649,0.647012975116476,0.647012975116476,0.647012975116476,0.647012975116476,0.647012975116476,0.647012975116476,0.647012975116476,0.647012975116476,0.647012975116476,0.647012975116476,0.6039714379967204,0.6039714379967204,0.7534885921441195,0.7179707857659617,0.7179707857659617,0.6463392846553575,0.7563811280818561,0.7563811280818561,0.6059673672579448,0.6272508213199709,0.6272508213199709,0.5539400112857596,0.6044165361734788,0.6088937897281903,0.6041406139333722,0.75744700459553,0.602870637238247,0.6403491719268172,0.6403491719268172,0.756324239141469,0.30994453996910903,0.31111367229715986,0.6327786081845144,0.6647545524725224,0.6408990928138045,0.6408990928138045,0.6281762106449726,0.7558298362912086,0.7643108246704021,0.6339462579803283,0.7553956333348565,0.6369594642912491,0.7518271410505007,0.5702639931798604,0.7594078498224286,0.5153134347129883,0.5122514089620404,0.0,0.7522097785153938,0.5140646568542235,0.0,0.5152351485516873,0.515965357461959,0.28703320313422376,0.5249509347850453,0.5282855788463245,0.5154856224177904,0.5152351485516873,0.7524885878840897,0.7528494568589078,0.7527780113924214,0.515965357461959,0.7526744034199209,0.5249509347850453,0.5275112499891673,0.5186944855524077,0.5265366301716005,0.5161685888366842,0.7532601367850886,0.5171523479871677,0.5204439515286946,0.5964621617453835,0.5964621617453835,0.5964621617453835,0.7500365281768414,0.5964621617453835,0.5964621617453835,0.3745069817239152,0.3741190180497808,0.7527637214854098,0.7538882224372135,0.5281684835558144,0.7504272459734258,0.31154557087573004,0.5293027067616753,0.7547866169756349,0.5293027067616753,0.7557373221524288,0.5206247733562476,0.5253964356073205,0.7547866169756349,0.756512667371476,0.752624380673226,0.5266183429372014,0.7535385575211823,0.6553838840696228,0.7645887386188767,0.6553838840696228,0.6553838840696228,0.6553838840696228,0.765442955316212,0.6158980233376876,0.7690112118269521,0.5245306910741396,0.5245306910741396,0.7400998228264535,0.6036106678776388,0.6036106678776388,0.3534801717407972,0.412582783100701,0.7562140046407794,0.7562140046407794,0.7522526789904256,0.7529530407436757,0.7139893735915971,0.6012000011988036,0.606685890112667,0.7549326832188502,0.8797850777189887,0.7500616262611081,0.7195085948000381,0.7531066044175412,0.7539060581357252,0.7521668755934972,0.7545870661801835,0.6027903383539823,0.6028929405858524,0.7511400505595872,0.7531244586265439,0.7521668755934972,0.7554205533682925
Bacteroides intestinalis_A,0.8688907241382421,0.7745098690003699,0.7745098690003699,0.7745098690003699,0.7745098690003699,0.7745098690003699,0.7745098690003699,0.7745098690003699,0.7745098690003699,0.7745098690003699,0.7745098690003699,0.738830594091886,0.738830594091886,0.8651904557228586,0.833570223153916,0.833570223153916,0.7736691392781541,0.8679462218806606,0.8679462218806606,0.7419289172284043,0.4730067411445772,0.4730067411445772,0.3607620458575753,0.7377159492899433,0.7427078150124516,0.7388087544751497,0.8685904528302635,0.7366543793394383,0.7681609631419354,0.7681609631419354,0.8676177278708324,0.5260767593771434,0.5274806610560112,0.7624119741235336,0.7892344079246323,0.768549465044716,0.768549465044716,0.7591280391722265,0.8674410334332803,0.6410753034619943,0.7633179521582942,0.8669510605881325,0.7654218750245966,0.8635321518794586,0.38747362161731774,0.8706160466352937,0.3134989077289374,0.3040845158272618,0.5152351485516873,0.8631614763770831,0.3088928905023188,0.5152351485516873,0.0,0.31257969267568947,0.5133841298260929,0.3169964596208112,0.31306111382976903,0.29044206892489166,0.0,0.8639711497730567,0.8638621994801807,0.8636504853339307,0.31257969267568947,0.8642325744374822,0.3169964596208112,0.3222383728114884,0.3132242850360081,0.31652102409322097,0.2969161564820943,0.8642139038697486,0.3012055022826636,0.29904603827943044,0.7306832947191685,0.7306832947191685,0.7306832947191685,0.861418101518209,0.7306832947191685,0.7306832947191685,0.5633798006539279,0.5631601798726223,0.8643725908407163,0.864991502762941,0.3089364180006681,0.862269957512659,0.5246485982770394,0.32232181750636707,0.8658118890626113,0.32232181750636707,0.8667649223892345,0.306182100753956,0.3082305157296181,0.8658118890626113,0.8672053848471343,0.8643508120010092,0.3214111014587347,0.8655322992739553,0.7814612763935409,0.8749728669029251,0.7814612763935409,0.7814612763935409,0.7814612763935409,0.8758115389865397,0.7485398811985835,0.878852283697574,0.32301357650480783,0.32301357650480783,0.6088893730857161,0.738382752836699,0.738382752836699,0.5511804779945562,0.5921906739149848,0.8680050897436579,0.8680050897436579,0.864388146818834,0.8648484770532905,0.5807267103973136,0.7353024036739778,0.7361650316873606,0.8667525117546825,0.7745411182077688,0.8623822273743621,0.8345987434241751,0.8650132654716801,0.8659330166028862,0.8637158731823789,0.8661410679579481,0.7382807672743129,0.736373226775119,0.8634449484304224,0.865159372338713,0.8637158731823789,0.8667990507180249
Bacteroides xylanisolvens,0.8687669134928141,0.7744334767405551,0.7744334767405551,0.7744334767405551,0.7744334767405551,0.7744334767405551,0.7744334767405551,0.7744334767405551,0.7744334767405551,0.7744334767405551,0.7744334767405551,0.7388742713887549,0.7388742713887549,0.8663645898395785,0.8339443772929034,0.8339443772929034,0.7734118741790502,0.8678222764848024,0.8678222764848024,0.7418926695225532,0.4727110052669291,0.4727110052669291,0.36764388706918705,0.7395582122689256,0.7425702087968548,0.7403795602503626,0.8684665993774512,0.7368368884916342,0.7685459659042378,0.7685459659042378,0.8674317327290222,0.5252889355195025,0.526030750185943,0.7620521045027967,0.7888526841013666,0.7696613848336297,0.7696613848336297,0.7598999247643409,0.8673232171433161,0.6411759735182508,0.76338841119312,0.8669944870843554,0.7664611448515601,0.8645219166759567,0.3927403611292283,0.8704863026604942,0.2927201531721856,0.30491469786314496,0.515965357461959,0.8650909849622809,0.308614169136738,0.515965357461959,0.31257969267568947,0.0,0.5165591936697516,0.3150221268942394,0.3218208247925169,0.304791197040197,0.31257969267568947,0.8643196984208978,0.8648142717486469,0.8645965699222146,0.0,0.865395578057484,0.3150221268942394,0.3208500206958957,0.31231287257356405,0.31806359117339994,0.31030874205538106,0.8650350276329091,0.31283768899936665,0.30933658360720717,0.729858404284852,0.729858404284852,0.729858404284852,0.8616553328327786,0.729858404284852,0.729858404284852,0.5664645409078637,0.5661606232193475,0.8646525556270567,0.8654577267424857,0.32450871008008897,0.8625318977913474,0.5265928090600155,0.3227053851910484,0.8663707979575394,0.3227053851910484,0.8673728259527681,0.3226720495796594,0.3188489449948851,0.8663707979575394,0.8678191776230942,0.865028809928424,0.3214947608738423,0.8658740078666132,0.7815300997143014,0.8755259277301499,0.7815300997143014,0.7815300997143014,0.7815300997143014,0.8761124049346687,0.7495738558961719,0.8794518321530271,0.3197333163320287,0.3197333163320287,0.6109968885312017,0.7383463310386865,0.7383463310386865,0.5524475836321662,0.5915272871111431,0.8675836317465264,0.8675836317465264,0.8638279551215522,0.8653023466605247,0.5800131215682458,0.735638802694719,0.740935088723178,0.8665601241904088,0.7751866531249129,0.8616459696770146,0.8358158531513895,0.8656037585880778,0.8662248954226882,0.8645125845669027,0.8661348581933719,0.7364572186532958,0.7364097461601202,0.8635446087961718,0.8652277543098245,0.8645125845669027,0.8670224029690555
Bacteroides eggerthii,0.7555237847504551,0.6447145499216933,0.6447145499216933,0.6447145499216933,0.6447145499216933,0.6447145499216933,0.6447145499216933,0.6447145499216933,0.6447145499216933,0.6447145499216933,0.6447145499216933,0.6022324118708313,0.6022324118708313,0.7516876266238275,0.7156823012903567,0.7156823012903567,0.6441219620982359,0.7546013215584647,0.7546013215584647,0.605221331435206,0.6290232882515834,0.6290232882515834,0.5517022930859684,0.6010613176235552,0.6070802722084336,0.6035883910509571,0.7557835806373803,0.600152371849517,0.6375797993489531,0.6375797993489531,0.7541164875212438,0.30509985536318784,0.29892910922773475,0.6303173697064979,0.6625420341545497,0.6381573918690402,0.6381573918690402,0.6268047762350677,0.754120053614953,0.7624437191704805,0.6316173152869415,0.7535706763712843,0.6353869312263739,0.7499217833805412,0.5673800570026305,0.7577842196104738,0.5187774335376742,0.5140855818616346,0.28703320313422376,0.7510935060881059,0.5108846177415051,0.28703320313422376,0.5133841298260929,0.5165591936697516,0.0,0.5241922014215734,0.5266745131095457,0.5148487626020194,0.5133841298260929,0.7510004084911355,0.7511472109915217,0.7508822295340948,0.5165591936697516,0.7516733159877353,0.5241922014215734,0.5214505889217463,0.5173239236227145,0.5252786962684949,0.5157933299075198,0.7507282108579117,0.5121779054233194,0.5179681240623876,0.59280795542763,0.59280795542763,0.59280795542763,0.7471554231222094,0.59280795542763,0.59280795542763,0.3699118073175742,0.36950446340179305,0.7507174641896894,0.7514800957274738,0.5224244018169737,0.7480367383671886,0.2986410888219647,0.5236327015490005,0.7530173270226184,0.5236327015490005,0.7539274604169784,0.520779713523367,0.5207280719234063,0.7530173270226184,0.7541557136246012,0.7502695495182033,0.519978692377961,0.751709092067144,0.6534524729946479,0.7629267862395177,0.6534524729946479,0.6534524729946479,0.6534524729946479,0.763909606068973,0.6143328638076603,0.7678983505855811,0.525636951376531,0.525636951376531,0.7384264566229978,0.6012536765754833,0.6012536765754833,0.349640126941433,0.40496448614787345,0.7543197279558096,0.7543197279558096,0.750341233833695,0.751064861902748,0.7119601011946919,0.5962141328312422,0.6019152793342543,0.7524421268302671,0.877992012749583,0.7484249069438238,0.7177047964181843,0.751397783121048,0.7525564873414979,0.7504129113014352,0.7524099598046832,0.6017991044876706,0.5979841534140361,0.7492473028143016,0.7512367106321226,0.7504129113014352,0.7531458831186506
Bacteroides fragilis,0.87077356690116,0.7767046644687087,0.7767046644687087,0.7767046644687087,0.7767046644687087,0.7767046644687087,0.7767046644687087,0.7767046644687087,0.7767046644687087,0.7767046644687087,0.7767046644687087,0.7426607420711253,0.7426607420711253,0.868420149778675,0.8372624864149384,0.8372624864149384,0.7758732452698454,0.8699485857711183,0.8699485857711183,0.7439885026170463,0.47566574365906944,0.47566574365906944,0.3741621449900824,0.7422768051424398,0.745270597893799,0.7423347706108927,0.8708013616372794,0.7405974642185809,0.7716155872551383,0.7716155872551383,0.8697259849864223,0.5308551406124302,0.5315385964802603,0.7650563910135543,0.7923664310020266,0.7723575841087259,0.7723575841087259,0.7625036784310059,0.8696486797204792,0.6435998663394293,0.7656853369558928,0.8691970796457829,0.7684549826592361,0.8667494090682785,0.39684787325014087,0.8725629732355509,0.31038672976073545,0.3131727664712742,0.5249509347850453,0.8669076319165214,0.31922826128368587,0.5249509347850453,0.3169964596208112,0.3150221268942394,0.5241922014215734,0.0,0.32734708084113995,0.31257108913075643,0.3169964596208112,0.8671185508039329,0.8673759264091506,0.8668859167648432,0.3150221268942394,0.8676766180206359,0.0,0.3308770600730942,0.3210511175634582,0.2707168557260208,0.31328437932046155,0.8669138361456653,0.32223002715351434,0.3127517138722863,0.7373768508317377,0.7373768508317377,0.7373768508317377,0.864363257119464,0.7373768508317377,0.7373768508317377,0.5671904341318357,0.566820487075976,0.8671526652150506,0.8676456237032009,0.3305924695651309,0.8646525556270567,0.5309412538435334,0.3294108325043335,0.8686245094338149,0.3294108325043335,0.869450746918844,0.33092582244312874,0.33092582244312874,0.8686245094338149,0.8696424950023373,0.8663180275368181,0.3252619676297744,0.8674906355052235,0.7824964273834246,0.8768855862177181,0.7824964273834246,0.7824964273834246,0.7824964273834246,0.8771646230810612,0.7510397973443922,0.8805306014615618,0.3278806408891714,0.3278806408891714,0.6159111223949396,0.7415192150367088,0.7415192150367088,0.5547065360460223,0.5955913510248655,0.8697847323933579,0.8697847323933579,0.8671929805161601,0.8671185508039329,0.5817399818485128,0.7393109024363211,0.7432941662362517,0.8682498133229574,0.7765765453787057,0.8656472526737343,0.8390240012702518,0.8671464626946727,0.8672394958424803,0.8672053848471343,0.8684635028148235,0.73998717140885,0.7405938330111526,0.8663025062130878,0.8663428610763828,0.8672053848471343,0.8684573096564452
Bacteroides fluxus,0.867397629293521,0.7744751461800167,0.7744751461800167,0.7744751461800167,0.7744751461800167,0.7744751461800167,0.7744751461800167,0.7744751461800167,0.7744751461800167,0.7744751461800167,0.7744751461800167,0.7401761253359993,0.7401761253359993,0.8671030438097346,0.8354200041294904,0.8354200041294904,0.7731893056033007,0.8671464626946727,0.8671464626946727,0.7436016347160262,0.47642837753884626,0.47642837753884626,0.37109492422568874,0.7416715201542979,0.7410548539919183,0.7420267771896273,0.8672270919994108,0.7380767538732276,0.770656553507308,0.770656553507308,0.8664142535377406,0.528779130226026,0.5300033869300474,0.7626800018768519,0.7905417759885719,0.7713715826994201,0.7713715826994201,0.7611870166595379,0.8660758632092628,0.6392100476427099,0.7620274013362335,0.8678377706273626,0.7652602401637458,0.8653116702522476,0.39564660712593963,0.8693672305021759,0.3285606964256579,0.32840514534904985,0.5282855788463245,0.8620016980984084,0.3096233403371559,0.5282855788463245,0.31306111382976903,0.3218208247925169,0.5266745131095457,0.32734708084113995,0.0,0.29871311995876276,0.31306111382976903,0.8612651151033673,0.8610121595853797,0.8622730763173138,0.3218208247925169,0.8617271136470721,0.32734708084113995,0.3082654130425779,0.32104274104222363,0.3237453933825976,0.27685589482604983,0.8621264803021582,0.3159853040633786,0.3097362322177918,0.7315366649463426,0.7315366649463426,0.7315366649463426,0.8625350156488633,0.7315366649463426,0.7315366649463426,0.5583837295304455,0.558248861212252,0.8631957471759918,0.8632985514099271,0.30096434134069644,0.8639213456297503,0.5133841298260929,0.32503038200580386,0.8654080081515376,0.32503038200580386,0.866467018098012,0.3258732231046932,0.30303915299947415,0.8654080081515376,0.8668704056091756,0.8664328766906341,0.32505520264312393,0.8643508120010092,0.783660624710078,0.8740564747141036,0.783660624710078,0.783660624710078,0.783660624710078,0.8752402232721644,0.7466117269785594,0.8791826977069617,0.3287734365327961,0.3287734365327961,0.6140351200712543,0.7397000144215328,0.7397000144215328,0.5522138752735589,0.5932976920611915,0.8662186862590558,0.8662186862590558,0.8656938510548646,0.8656255059040807,0.5826407267649095,0.7382516259544699,0.739758181800428,0.8663490693500485,0.7768154531279406,0.8651158537246552,0.8379624018755891,0.8637376680318437,0.8671061452307599,0.8659050655974959,0.8642948067503716,0.7405066786909906,0.7393909234929206,0.8656534659361484,0.8661845350634653,0.8659050655974959,0.8678222764848024
Bacteroides finegoldii,0.8669510605881325,0.7731893056033007,0.7731893056033007,0.7731893056033007,0.7731893056033007,0.7731893056033007,0.7731893056033007,0.7731893056033007,0.7731893056033007,0.7731893056033007,0.7731893056033007,0.7372054191600834,0.7372054191600834,0.8639337969347438,0.8326857777159284,0.8326857777159284,0.7714552500984079,0.8659733886846119,0.8659733886846119,0.7403396042325894,0.4699151234087736,0.4699151234087736,0.35660840934745053,0.7373950858981477,0.7409169407815006,0.737402379798451,0.8669789778711238,0.7355071866187554,0.7668434941152301,0.7668434941152301,0.8660106535511006,0.5239972142514021,0.524525564072785,0.7600945427136792,0.7867772374735311,0.7677092139206297,0.7677092139206297,0.7568431922054508,0.8658398430759227,0.639075404468422,0.7615543576571092,0.8650194832878979,0.7646274274861308,0.8619673798255282,0.3859158205785449,0.8690825957811105,0.31124330480002704,0.29880313446132084,0.5154856224177904,0.8629807532944614,0.29804616770770503,0.5154856224177904,0.29044206892489166,0.304791197040197,0.5148487626020194,0.31257108913075643,0.29871311995876276,0.0,0.29044206892489166,0.862438356824595,0.8634075728275264,0.8624290021699085,0.304791197040197,0.8640645248043768,0.31257108913075643,0.32100085515726945,0.30661217515181044,0.3133444620798255,0.2713617867513057,0.8624633020743764,0.28403818866129804,0.2985059835918714,0.7288185986128595,0.7288185986128595,0.7288185986128595,0.8597744168494225,0.7288185986128595,0.7288185986128595,0.5601916727626542,0.5598651367601122,0.8626347811393319,0.8632985514099271,0.302568450222516,0.8600715124852574,0.5198804177723099,0.3233880079475448,0.8649417573725018,0.3233880079475448,0.8651749141703785,0.31630854536669,0.3085095837050524,0.8649417573725018,0.86580878300542,0.8627999923573751,0.31464628691271335,0.8640334009151507,0.779662839180832,0.8739210870694412,0.779662839180832,0.779662839180832,0.779662839180832,0.874311807969826,0.7475692310934592,0.877970571751796,0.31880677088190146,0.31880677088190146,0.6058342139531977,0.7359677399083656,0.7359677399083656,0.5475678741904991,0.5889484638989645,0.8662745671295599,0.8662745671295599,0.8632050935213731,0.8629184262141192,0.5775877747046197,0.7341091401573054,0.7386158098149121,0.8645779072149666,0.7731510451768536,0.8611589452925724,0.8348178252759182,0.8632705151057273,0.8641236571055073,0.8622886701713817,0.8640583001162196,0.7364645218421799,0.735364575953336,0.8620297756690951,0.8628062261235537,0.8622886701713817,0.8647862845839843
Bacteroides intestinalis,0.8688907241382421,0.7745098690003699,0.7745098690003699,0.7745098690003699,0.7745098690003699,0.7745098690003699,0.7745098690003699,0.7745098690003699,0.7745098690003699,0.7745098690003699,0.7745098690003699,0.738830594091886,0.738830594091886,0.8651904557228586,0.833570223153916,0.833570223153916,0.7736691392781541,0.8679462218806606,0.8679462218806606,0.7419289172284043,0.4730067411445772,0.4730067411445772,0.3607620458575753,0.7377159492899433,0.7427078150124516,0.7388087544751497,0.8685904528302635,0.7366543793394383,0.7681609631419354,0.7681609631419354,0.8676177278708324,0.5260767593771434,0.5274806610560112,0.7624119741235336,0.7892344079246323,0.768549465044716,0.768549465044716,0.7591280391722265,0.8674410334332803,0.6410753034619943,0.7633179521582942,0.8669510605881325,0.7654218750245966,0.8635321518794586,0.38747362161731774,0.8706160466352937,0.3134989077289374,0.3040845158272618,0.5152351485516873,0.8631614763770831,0.3088928905023188,0.5152351485516873,0.0,0.31257969267568947,0.5133841298260929,0.3169964596208112,0.31306111382976903,0.29044206892489166,0.0,0.8639711497730567,0.8638621994801807,0.8636504853339307,0.31257969267568947,0.8642325744374822,0.3169964596208112,0.3222383728114884,0.3132242850360081,0.31652102409322097,0.2969161564820943,0.8642139038697486,0.3012055022826636,0.29904603827943044,0.7306832947191685,0.7306832947191685,0.7306832947191685,0.861418101518209,0.7306832947191685,0.7306832947191685,0.5633798006539279,0.5631601798726223,0.8643725908407163,0.864991502762941,0.3089364180006681,0.862269957512659,0.5246485982770394,0.32232181750636707,0.8658118890626113,0.32232181750636707,0.8667649223892345,0.306182100753956,0.3082305157296181,0.8658118890626113,0.8672053848471343,0.8643508120010092,0.3214111014587347,0.8655322992739553,0.7814612763935409,0.8749728669029251,0.7814612763935409,0.7814612763935409,0.7814612763935409,0.8758115389865397,0.7485398811985835,0.878852283697574,0.32301357650480783,0.32301357650480783,0.6088893730857161,0.738382752836699,0.738382752836699,0.5511804779945562,0.5921906739149848,0.8680050897436579,0.8680050897436579,0.864388146818834,0.8648484770532905,0.5807267103973136,0.7353024036739778,0.7361650316873606,0.8667525117546825,0.7745411182077688,0.8623822273743621,0.8345987434241751,0.8650132654716801,0.8659330166028862,0.8637158731823789,0.8661410679579481,0.7382807672743129,0.736373226775119,0.8634449484304224,0.865159372338713,0.8637158731823789,0.8667990507180249
Bacteroides faecis,0.2307420607844026,0.48287049006833666,0.48287049006833666,0.48287049006833666,0.48287049006833666,0.48287049006833666,0.48287049006833666,0.48287049006833666,0.48287049006833666,0.48287049006833666,0.48287049006833666,0.529460186683865,0.529460186683865,0.23110307767987456,0.3198005967402293,0.3198005967402293,0.4801113671173419,0.2298194859026932,0.2298194859026932,0.5338860253081763,0.9321271908413981,0.9321271908413981,0.8430879933486823,0.5306778046660714,0.5299780161413448,0.5308804694833377,0.23077702258577767,0.5270216140087413,0.47608957996770473,0.47608957996770473,0.2284109773185918,0.7526708304768377,0.7532672770638406,0.49194670829532805,0.4303155122660735,0.4773250281161131,0.4773250281161131,0.4904520667679576,0.22766802202030634,0.6527689494232871,0.4917990890149109,0.23232170876058067,0.49860906435679675,0.22298957647587148,0.8374808714418058,0.23754152945753085,0.8648204909955736,0.8645934594989817,0.7524885878840897,0.2084151378991613,0.8638964424813826,0.7524885878840897,0.8639711497730567,0.8643196984208978,0.7510004084911355,0.8671185508039329,0.8612651151033673,0.862438356824595,0.8639711497730567,0.0,0.2041521393629129,0.2065617156426498,0.8643196984208978,0.2069909014739404,0.8671185508039329,0.8618144909167329,0.86489511847045,0.8664297728596163,0.8628093429897535,0.21006027551443407,0.8627314179565853,0.8633515063893611,0.522681720797545,0.522681720797545,0.522681720797545,0.20912361873253912,0.522681720797545,0.522681720797545,0.7091063298341734,0.7086662680848528,0.213350308589115,0.21313591780075503,0.861680300750746,0.21616780418078096,0.7486620219975035,0.867605329435211,0.22302575356987842,0.867605329435211,0.22555565380833442,0.8667245871771956,0.8661410679579481,0.22302575356987842,0.22903413662643793,0.22670921620106568,0.8639867129790733,0.21945205394367925,0.49599715458504495,0.2541467306694377,0.49599715458504495,0.49599715458504495,0.49599715458504495,0.25825096172303535,0.5382205153226315,0.27168862735238053,0.8654919066169967,0.8654919066169967,0.6817547694626626,0.5281430246225378,0.5281430246225378,0.7244737232008103,0.6863035079630264,0.22731338030437787,0.22731338030437787,0.22413234915291116,0.22403634043179887,0.9898693519203354,0.5255499690173269,0.5290892720948949,0.2260796486416192,0.8327439087988108,0.2214526587920231,0.325889727610926,0.21811223276196312,0.23015858222750024,0.22590115058870328,0.21896132870087248,0.5293636722890327,0.5279749648739824,0.22376008589273758,0.22568676657296147,0.22590115058870328,0.232818926235836
Bacteroides nordii,0.2329113147022644,0.48348828848712433,0.48348828848712433,0.48348828848712433,0.48348828848712433,0.48348828848712433,0.48348828848712433,0.48348828848712433,0.48348828848712433,0.48348828848712433,0.48348828848712433,0.5304091545067992,0.5304091545067992,0.2326687167340553,0.3202291770440475,0.3202291770440475,0.4816269321946688,0.233176727637397,0.233176727637397,0.5344750452750653,0.9325858048713945,0.9325858048713945,0.8432378991911146,0.5317055298489611,0.5312703816020815,0.5321403222612506,0.23250684412914657,0.5276896500923396,0.47677257493233666,0.47677257493233666,0.22938611798767122,0.7529316107642845,0.753813307895182,0.492705974276277,0.4311708435829788,0.4775447041553858,0.4775447041553858,0.4910493739906934,0.23000663535219454,0.6534154328199253,0.4923619916063178,0.23514062177244052,0.4992827987863293,0.22509018406873815,0.837933517853019,0.24041110413524758,0.8655260851417347,0.8657404469278422,0.7528494568589078,0.20827315252877227,0.8640427381996362,0.7528494568589078,0.8638621994801807,0.8648142717486469,0.7511472109915217,0.8673759264091506,0.8610121595853797,0.8634075728275264,0.8638621994801807,0.2041521393629129,0.0,0.20297637390491405,0.8648142717486469,0.20682193458639464,0.8673759264091506,0.8616116372353554,0.8652961308768973,0.8667990507180249,0.863248708461831,0.21017546470692233,0.8628218103419587,0.8635165804808629,0.5240331383921424,0.5240331383921424,0.5240331383921424,0.21212411091027406,0.5240331383921424,0.5240331383921424,0.7103226658589155,0.710163637546718,0.21594375733787463,0.2146572139727788,0.8618893786688964,0.21732169992564482,0.749462628517912,0.8680794434434468,0.22185303921699112,0.8680794434434468,0.22862280680364297,0.8669262444707498,0.8667649223892345,0.22185303921699112,0.23070709368484824,0.228775672783868,0.8644130358015362,0.2205156107791098,0.49650113700845894,0.2550234837731287,0.49650113700845894,0.49650113700845894,0.49650113700845894,0.2593213181624608,0.5385651682946101,0.27372990773890415,0.8660044428513758,0.8660044428513758,0.6825392953819486,0.5282601255563305,0.5282601255563305,0.7248633798563493,0.686276078158395,0.22864633129892606,0.22864633129892606,0.22612722432578256,0.22560333999360474,0.9902740692780577,0.5263833845470702,0.5304243647525452,0.2283403238207984,0.8333282237304694,0.22327882910181457,0.32645862210755944,0.22030819294566298,0.23207849446204806,0.22712401163228765,0.2212704281946375,0.5303533798736124,0.5282448529936346,0.22463572172771823,0.22762076838301445,0.22712401163228765,0.2342812914947328
Bacteroides salyersiae,0.23527782335278505,0.483521660508871,0.483521660508871,0.483521660508871,0.483521660508871,0.483521660508871,0.483521660508871,0.483521660508871,0.483521660508871,0.483521660508871,0.483521660508871,0.5301961652495113,0.5301961652495113,0.23250684412914657,0.32027956055195766,0.32027956055195766,0.4811464950624757,0.23183502501154932,0.23183502501154932,0.5343341423325197,0.9324358427151352,0.9324358427151352,0.843154975848671,0.5311590073463077,0.5320594575523008,0.5313918541677226,0.23361457531509114,0.5284026481882389,0.4761291187731684,0.4761291187731684,0.23118451960068287,0.7529030365095963,0.753592088177498,0.49381817879371354,0.43139532081182885,0.4775447041553858,0.4775447041553858,0.4911807936033744,0.23117288679721357,0.6540982808255114,0.49297335041232615,0.23498045201197723,0.4990241923469569,0.22480326211136184,0.8376382018271046,0.24108133432931056,0.8645685757102718,0.8651749141703785,0.7527780113924214,0.20643148316287155,0.8640987597877148,0.7527780113924214,0.8636504853339307,0.8645965699222146,0.7508822295340948,0.8668859167648432,0.8622730763173138,0.8624290021699085,0.8636504853339307,0.2065617156426498,0.20297637390491405,0.0,0.8645965699222146,0.21276969376388036,0.8668859167648432,0.8626721902237242,0.8642201274371442,0.8656006517840464,0.8623635167457623,0.2038093586481814,0.8624976006148019,0.8625693113377254,0.5231497165481713,0.5231497165481713,0.5231497165481713,0.21479497934497568,0.5231497165481713,0.5231497165481713,0.7096332857862703,0.7095802288085833,0.21148927345710533,0.21418061542210062,0.8620453739243175,0.21470732069941195,0.748881107028815,0.8673604240164098,0.21970924593599767,0.8673604240164098,0.22384419945268563,0.8665725375802429,0.8661007036923588,0.21970924593599767,0.22732521060859906,0.22531707149721528,0.8644503679319723,0.22469557191973955,0.4961435248022223,0.2563067612108771,0.4961435248022223,0.4961435248022223,0.4961435248022223,0.2590100204012969,0.5399116955274498,0.27294281702117207,0.8654017931268281,0.8654017931268281,0.6826811233678356,0.5281786667855215,0.5281786667855215,0.7247372282559863,0.6862604034920728,0.23180022278587675,0.23180022278587675,0.22624611976715706,0.22565101610148977,0.9900296289146177,0.5262300942952548,0.5301099309831752,0.22808107374370346,0.8329667070342998,0.2219984530664801,0.326178421284679,0.22118533586915257,0.23042716586444528,0.225364808165441,0.2226757954583689,0.5297851584417498,0.5274908575641563,0.22461177718554842,0.2258892457034172,0.225364808165441,0.23354549604435362
Bacteroides sp902362375,0.8687669134928141,0.7744334767405551,0.7744334767405551,0.7744334767405551,0.7744334767405551,0.7744334767405551,0.7744334767405551,0.7744334767405551,0.7744334767405551,0.7744334767405551,0.7744334767405551,0.7388742713887549,0.7388742713887549,0.8663645898395785,0.8339443772929034,0.8339443772929034,0.7734118741790502,0.8678222764848024,0.8678222764848024,0.7418926695225532,0.4727110052669291,0.4727110052669291,0.36764388706918705,0.7395582122689256,0.7425702087968548,0.7403795602503626,0.8684665993774512,0.7368368884916342,0.7685459659042378,0.7685459659042378,0.8674317327290222,0.5252889355195025,0.526030750185943,0.7620521045027967,0.7888526841013666,0.7696613848336297,0.7696613848336297,0.7598999247643409,0.8673232171433161,0.6411759735182508,0.76338841119312,0.8669944870843554,0.7664611448515601,0.8645219166759567,0.3927403611292283,0.8704863026604942,0.2927201531721856,0.30491469786314496,0.515965357461959,0.8650909849622809,0.308614169136738,0.515965357461959,0.31257969267568947,0.0,0.5165591936697516,0.3150221268942394,0.3218208247925169,0.304791197040197,0.31257969267568947,0.8643196984208978,0.8648142717486469,0.8645965699222146,0.0,0.865395578057484,0.3150221268942394,0.3208500206958957,0.31231287257356405,0.31806359117339994,0.31030874205538106,0.8650350276329091,0.31283768899936665,0.30933658360720717,0.729858404284852,0.729858404284852,0.729858404284852,0.8616553328327786,0.729858404284852,0.729858404284852,0.5664645409078637,0.5661606232193475,0.8646525556270567,0.8654577267424857,0.32450871008008897,0.8625318977913474,0.5265928090600155,0.3227053851910484,0.8663707979575394,0.3227053851910484,0.8673728259527681,0.3226720495796594,0.3188489449948851,0.8663707979575394,0.8678191776230942,0.865028809928424,0.3214947608738423,0.8658740078666132,0.7815300997143014,0.8755259277301499,0.7815300997143014,0.7815300997143014,0.7815300997143014,0.8761124049346687,0.7495738558961719,0.8794518321530271,0.3197333163320287,0.3197333163320287,0.6109968885312017,0.7383463310386865,0.7383463310386865,0.5524475836321662,0.5915272871111431,0.8675836317465264,0.8675836317465264,0.8638279551215522,0.8653023466605247,0.5800131215682458,0.735638802694719,0.740935088723178,0.8665601241904088,0.7751866531249129,0.8616459696770146,0.8358158531513895,0.8656037585880778,0.8662248954226882,0.8645125845669027,0.8661348581933719,0.7364572186532958,0.7364097461601202,0.8635446087961718,0.8652277543098245,0.8645125845669027,0.8670224029690555
Bacteroides oleiciplenus,0.23425833286941483,0.4835160986651993,0.4835160986651993,0.4835160986651993,0.4835160986651993,0.4835160986651993,0.4835160986651993,0.4835160986651993,0.4835160986651993,0.4835160986651993,0.4835160986651993,0.5304547839356228,0.5304547839356228,0.23397115997004328,0.3221799486658153,0.3221799486658153,0.48186697113147287,0.2327958233902087,0.2327958233902087,0.5348925037683764,0.9327674574922854,0.9327674574922854,0.8436300798997814,0.5322363331456154,0.5307284781256919,0.5327514642214443,0.23321132444675244,0.5288249003008115,0.4769812293819695,0.4769812293819695,0.23217117757055994,0.753699138084261,0.7542591181185855,0.4937582708835233,0.43264651148416977,0.47775302138445896,0.47775302138445896,0.49189750679083327,0.23190461379444974,0.6536746699668313,0.4925749615838655,0.23570035879639364,0.4996112513216885,0.22653121422418493,0.8382447709870501,0.2400416798553311,0.8657590845748414,0.8659920213183012,0.7526744034199209,0.2107249439837209,0.8645250273565891,0.7526744034199209,0.8642325744374822,0.865395578057484,0.7516733159877353,0.8676766180206359,0.8617271136470721,0.8640645248043768,0.8642325744374822,0.2069909014739404,0.20682193458639464,0.21276969376388036,0.865395578057484,0.0,0.8676766180206359,0.8628249271518622,0.8656286126189088,0.8674720350606175,0.8638310683011602,0.21661520266736506,0.863616232580352,0.8647147577144872,0.524469163749996,0.524469163749996,0.524469163749996,0.21603091427637683,0.524469163749996,0.524469163749996,0.7114613285331238,0.7113328001445713,0.21603091427637683,0.21787784269270244,0.8629714045193807,0.22050341513101937,0.7501548403651939,0.8682374239135201,0.22210745097695614,0.8682374239135201,0.22624611976715706,0.8672270919994108,0.866848689524953,0.22210745097695614,0.23232170876058067,0.22796313533479198,0.8650630067500509,0.22167113776312378,0.4972642651159458,0.25572903166465794,0.4972642651159458,0.4972642651159458,0.4972642651159458,0.2601806345970733,0.5384602972648369,0.27311026359650675,0.8665911573315924,0.8665911573315924,0.6831261143843247,0.5293738325276504,0.5293738325276504,0.7252157459519782,0.6871963372793465,0.2316725698962415,0.2316725698962415,0.22819895119937048,0.22651934245234415,0.990895762290443,0.527460267448385,0.5315942467610595,0.23034545617057905,0.8340088696622311,0.22410835082861166,0.32664803343004206,0.2222405980480033,0.2331536602457753,0.2289519297807499,0.22463572172771823,0.5305612373419806,0.5291960001885604,0.22638871187360285,0.22942128642298523,0.2289519297807499,0.23680450773231712
Bacteroides fragilis_A,0.87077356690116,0.7767046644687087,0.7767046644687087,0.7767046644687087,0.7767046644687087,0.7767046644687087,0.7767046644687087,0.7767046644687087,0.7767046644687087,0.7767046644687087,0.7767046644687087,0.7426607420711253,0.7426607420711253,0.868420149778675,0.8372624864149384,0.8372624864149384,0.7758732452698454,0.8699485857711183,0.8699485857711183,0.7439885026170463,0.47566574365906944,0.47566574365906944,0.3741621449900824,0.7422768051424398,0.745270597893799,0.7423347706108927,0.8708013616372794,0.7405974642185809,0.7716155872551383,0.7716155872551383,0.8697259849864223,0.5308551406124302,0.5315385964802603,0.7650563910135543,0.7923664310020266,0.7723575841087259,0.7723575841087259,0.7625036784310059,0.8696486797204792,0.6435998663394293,0.7656853369558928,0.8691970796457829,0.7684549826592361,0.8667494090682785,0.39684787325014087,0.8725629732355509,0.31038672976073545,0.3131727664712742,0.5249509347850453,0.8669076319165214,0.31922826128368587,0.5249509347850453,0.3169964596208112,0.3150221268942394,0.5241922014215734,0.0,0.32734708084113995,0.31257108913075643,0.3169964596208112,0.8671185508039329,0.8673759264091506,0.8668859167648432,0.3150221268942394,0.8676766180206359,0.0,0.3308770600730942,0.3210511175634582,0.2707168557260208,0.31328437932046155,0.8669138361456653,0.32223002715351434,0.3127517138722863,0.7373768508317377,0.7373768508317377,0.7373768508317377,0.864363257119464,0.7373768508317377,0.7373768508317377,0.5671904341318357,0.566820487075976,0.8671526652150506,0.8676456237032009,0.3305924695651309,0.8646525556270567,0.5309412538435334,0.3294108325043335,0.8686245094338149,0.3294108325043335,0.869450746918844,0.33092582244312874,0.33092582244312874,0.8686245094338149,0.8696424950023373,0.8663180275368181,0.3252619676297744,0.8674906355052235,0.7824964273834246,0.8768855862177181,0.7824964273834246,0.7824964273834246,0.7824964273834246,0.8771646230810612,0.7510397973443922,0.8805306014615618,0.3278806408891714,0.3278806408891714,0.6159111223949396,0.7415192150367088,0.7415192150367088,0.5547065360460223,0.5955913510248655,0.8697847323933579,0.8697847323933579,0.8671929805161601,0.8671185508039329,0.5817399818485128,0.7393109024363211,0.7432941662362517,0.8682498133229574,0.7765765453787057,0.8656472526737343,0.8390240012702518,0.8671464626946727,0.8672394958424803,0.8672053848471343,0.8684635028148235,0.73998717140885,0.7405938330111526,0.8663025062130878,0.8663428610763828,0.8672053848471343,0.8684573096564452
Bacteroides clarus,0.8673852277118027,0.7737664605234279,0.7737664605234279,0.7737664605234279,0.7737664605234279,0.7737664605234279,0.7737664605234279,0.7737664605234279,0.7737664605234279,0.7737664605234279,0.7737664605234279,0.7398926763496173,0.7398926763496173,0.8665632275545379,0.8358383755063377,0.8358383755063377,0.7724933654932413,0.866668735322983,0.866668735322983,0.7427186775752269,0.47619124454883366,0.47619124454883366,0.3673072502805328,0.7410548539919183,0.7411564578309608,0.7413813882076425,0.8675061355710763,0.7387687135009636,0.7699373674647018,0.7699373674647018,0.865557155356704,0.5282193977411853,0.526286305905109,0.7623696453380403,0.7901198415372548,0.7705832691501271,0.7705832691501271,0.7605083825083964,0.8654608340595848,0.6382248138411376,0.7619497575987189,0.8672736054961967,0.7659206196399334,0.8647769553278164,0.3945166721427987,0.8695095129219224,0.32690315330658876,0.3267138898890641,0.5275112499891673,0.8623260942706212,0.3079861238227995,0.5275112499891673,0.3222383728114884,0.3208500206958957,0.5214505889217463,0.3308770600730942,0.3082654130425779,0.32100085515726945,0.3222383728114884,0.8618144909167329,0.8616116372353554,0.8626721902237242,0.3208500206958957,0.8628249271518622,0.3308770600730942,0.0,0.2929772797209732,0.3286098025208021,0.3209589638061107,0.8622013409560301,0.31271731720307344,0.3155850476186878,0.735576653593505,0.735576653593505,0.735576653593505,0.8618488152775525,0.735576653593505,0.735576653593505,0.559672967764007,0.5594807327621956,0.8636380299443566,0.8635414945838399,0.31503919987622603,0.8632736302956027,0.5206041111832286,0.3013126229673195,0.8647303075372287,0.3013126229673195,0.8658957483951979,0.3225886954800589,0.3157639483065707,0.8647303075372287,0.8662497316321528,0.8660168642062849,0.31831714282356155,0.8640769740461658,0.7829121655215279,0.8737856784473071,0.7829121655215279,0.7829121655215279,0.7829121655215279,0.8750558483108586,0.7469070282939404,0.8787237558078822,0.3273963689662166,0.3273963689662166,0.6135619359885929,0.7394672991508002,0.7394672991508002,0.5542457779832545,0.5915454720039987,0.8661317532943884,0.8661317532943884,0.8655447274045545,0.8651966722656821,0.5812543871944383,0.7379455726174917,0.7407463283968955,0.8654484047242488,0.7763237078660662,0.8643072526752434,0.8380458390153713,0.8634262608312118,0.8661876397732495,0.8651655891048823,0.8641205449800133,0.7397072855940371,0.739078064644981,0.864951084851135,0.8654452973625231,0.8651655891048823,0.8667121759650751
Phocaeicola dorei,0.8678780541034589,0.7739992866865665,0.7739992866865665,0.7739992866865665,0.7739992866865665,0.7739992866865665,0.7739992866865665,0.7739992866865665,0.7739992866865665,0.7739992866865665,0.7739992866865665,0.7377487569981619,0.7377487569981619,0.8647707357677905,0.8339669501894765,0.8339669501894765,0.7732553873354502,0.8676022297986213,0.8676022297986213,0.7418962943728332,0.47152050360155073,0.47152050360155073,0.3630581416237266,0.7391617491690966,0.7425013961257055,0.7391544726300693,0.8682033521259478,0.7375992878425547,0.767569082640112,0.767569082640112,0.867391428524826,0.5256727634586958,0.5234220926795271,0.7622461729542546,0.7892037405110127,0.7687838711763402,0.7687838711763402,0.7587488905978453,0.8673573235046124,0.6407522135897119,0.7625318929222203,0.8664328766906341,0.7657274824527024,0.8629807532944614,0.3879106259929417,0.8696239405839992,0.31050800503584547,0.31001394478215366,0.5186944855524077,0.8646027907351104,0.2883698788670274,0.5186944855524077,0.3132242850360081,0.31231287257356405,0.5173239236227145,0.3210511175634582,0.32104274104222363,0.30661217515181044,0.3132242850360081,0.86489511847045,0.8652961308768973,0.8642201274371442,0.31231287257356405,0.8656286126189088,0.3210511175634582,0.2929772797209732,0.0,0.3142100916792081,0.30546102986981394,0.863631802182207,0.30178528449881314,0.29903704536023856,0.7332734338121796,0.7332734338121796,0.7332734338121796,0.86214519607502,0.7332734338121796,0.7332734338121796,0.5636231932237714,0.5633368381077956,0.8644503679319723,0.8651127451684536,0.31781829896613084,0.8611308393280576,0.523350158044534,0.29464313290792926,0.8661938491594334,0.29464313290792926,0.8667183815933511,0.3129666074057781,0.3055402549332872,0.8661938491594334,0.8671898794056928,0.864117432843311,0.3117009078642956,0.8655789038435939,0.7808312613187837,0.874674683565683,0.7808312613187837,0.7808312613187837,0.7808312613187837,0.8752740211355308,0.7483135087887923,0.8784084768480249,0.3238699699402074,0.3238699699402074,0.6115468190580011,0.7380293855539258,0.7380293855539258,0.5513999931085976,0.5892451921429889,0.867456534385443,0.867456534385443,0.8640925353461771,0.8640987597877148,0.5790897142377354,0.7355254680376762,0.7404449381741101,0.8660727580987803,0.7744820908686272,0.862591135157049,0.8359155904020827,0.8646121218705326,0.8654266529578685,0.8638310683011602,0.8659205940452102,0.7374388482178241,0.7372747261251921,0.8639773750891049,0.8643103641284584,0.8638310683011602,0.8667214843908273
Phocaeicola vulgatus,0.8702174857484497,0.7763029230383396,0.7763029230383396,0.7763029230383396,0.7763029230383396,0.7763029230383396,0.7763029230383396,0.7763029230383396,0.7763029230383396,0.7763029230383396,0.7763029230383396,0.7413850155577278,0.7413850155577278,0.8678439682069313,0.8370954476581404,0.8370954476581404,0.7755404280195883,0.8693424833564122,0.8693424833564122,0.7433303455996241,0.4758918366649963,0.4758918366649963,0.3728373162396687,0.7420014073278677,0.7445413383359303,0.7420448979884106,0.8699918626429477,0.7404449381741101,0.7707717005621846,0.7707717005621846,0.8690640294089877,0.5298409928897566,0.5304345046740676,0.7643530459561502,0.7918164193161286,0.7717236217669959,0.7717236217669959,0.761967404597436,0.8687947724263778,0.6429309651102048,0.7649544460674046,0.8684356332543146,0.7678177980723737,0.8662342090846855,0.39510926996947676,0.8719155088453312,0.31097533806519995,0.3145608061083668,0.5265366301716005,0.8660323906493872,0.31943037912883926,0.5265366301716005,0.31652102409322097,0.31806359117339994,0.5252786962684949,0.2707168557260208,0.3237453933825976,0.3133444620798255,0.31652102409322097,0.8664297728596163,0.8667990507180249,0.8656006517840464,0.31806359117339994,0.8674720350606175,0.2707168557260208,0.3286098025208021,0.3142100916792081,0.0,0.31309547272948623,0.8650257010594218,0.32171217353901954,0.31106180416948875,0.7369682670945312,0.7369682670945312,0.7369682670945312,0.8635041231598131,0.7369682670945312,0.7369682670945312,0.564814776851722,0.5642431307593533,0.8663211317681938,0.8667028674393502,0.3284870235186506,0.8642356861595566,0.5292874642826074,0.3254686012619687,0.8681785718042129,0.3254686012619687,0.8687823907884163,0.32834781848192957,0.3280692312077458,0.8681785718042129,0.8690918788184346,0.8655913313050464,0.3233048384355999,0.8674038300178891,0.7823933176367159,0.876523625922958,0.7823933176367159,0.7823933176367159,0.7823933176367159,0.8772136753325267,0.75037348954147,0.8802068039665976,0.32398619817647734,0.32398619817647734,0.6151509159998265,0.7411927415409225,0.7411927415409225,0.5545028796975239,0.5949950367192874,0.869122821560088,0.869122821560088,0.8666656323366569,0.8668145631505478,0.5812497605332332,0.7388451534777325,0.7425702087968548,0.8678966458464127,0.7763964503812357,0.8657218088796036,0.8390624630274184,0.8662466271449116,0.8666314987537922,0.8664732254820936,0.8676828167512658,0.7389980097110306,0.7401143572442792,0.8664825364748366,0.8662435226465445,0.8664732254820936,0.8679307296741525
Phocaeicola plebeius,0.8666749412623058,0.7726778506671833,0.7726778506671833,0.7726778506671833,0.7726778506671833,0.7726778506671833,0.7726778506671833,0.7726778506671833,0.7726778506671833,0.7726778506671833,0.7726778506671833,0.7366251736787466,0.7366251736787466,0.8633515063893611,0.8313832231500569,0.8313832231500569,0.7707402985260023,0.8657466595214228,0.8657466595214228,0.7400453162172772,0.4695086248372417,0.4695086248372417,0.362539264494744,0.7375883498858427,0.7408624942891898,0.7375008403921527,0.8670068942551895,0.7336584168283159,0.7663207853461343,0.7663207853461343,0.8657590845748414,0.5234066789471566,0.524469163749996,0.7600131630884884,0.7867259648148542,0.7670328442513266,0.7670328442513266,0.7564273471955629,0.8656192924409745,0.638119463879237,0.7608654478043397,0.8649293205778533,0.7637230028379857,0.8617333551744394,0.3856021103351973,0.8687885816294544,0.31061191758436285,0.3057338297722457,0.5161685888366842,0.8631396669783966,0.29740484810023576,0.5161685888366842,0.2969161564820943,0.31030874205538106,0.5157933299075198,0.31328437932046155,0.27685589482604983,0.2713617867513057,0.2969161564820943,0.8628093429897535,0.863248708461831,0.8623635167457623,0.31030874205538106,0.8638310683011602,0.31328437932046155,0.3209589638061107,0.30546102986981394,0.31309547272948623,0.0,0.8622855514231283,0.28197616092757005,0.28710814653057504,0.7243586416343544,0.7243586416343544,0.7243586416343544,0.8593958621118555,0.7243586416343544,0.7243586416343544,0.5597834729974785,0.5596681626936894,0.8621015253063051,0.8628218103419587,0.3009196606977238,0.859668062936017,0.5142477217996134,0.319565053339462,0.8643103641284584,0.319565053339462,0.8651096366010822,0.308064699508015,0.2980010495301039,0.8643103641284584,0.8655447274045545,0.8620360150050534,0.3126141044876146,0.8634947800510865,0.7797007800693605,0.8736287012825985,0.7797007800693605,0.7797007800693605,0.7797007800693605,0.8743394902273584,0.747198613793563,0.8776672786944361,0.31786906460801134,0.31786906460801134,0.609141070597497,0.7355254680376762,0.7355254680376762,0.5474942001089,0.5886607230145003,0.8659733886846119,0.8659733886846119,0.8626534858843093,0.8625599581032697,0.5772198324501505,0.7337683748760687,0.7373221429266266,0.8645125845669027,0.7728970870825258,0.8606122758305308,0.8334218051732113,0.8627438864348707,0.8635103518428022,0.8616927844384336,0.8635944346661761,0.7355693415893141,0.7352511990258518,0.8615398467999272,0.8624165291391503,0.8616927844384336,0.8642605795328219
Phocaeicola massiliensis,0.23299212455837565,0.48282593351652725,0.48282593351652725,0.48282593351652725,0.48282593351652725,0.48282593351652725,0.48282593351652725,0.48282593351652725,0.48282593351652725,0.48282593351652725,0.48282593351652725,0.5297140879053276,0.5297140879053276,0.2318466245925243,0.3198174146307376,0.3198174146307376,0.4806376026096541,0.23080032751111718,0.23080032751111718,0.5340673314121037,0.9320348638838344,0.9320348638838344,0.8426157752073067,0.5312146973930297,0.5319634147447225,0.5315790699895309,0.23344183881008224,0.5277151308980839,0.47527548043707535,0.47527548043707535,0.22918672825264869,0.7528851770497043,0.7534885921441195,0.4934749713999125,0.43094000902786134,0.4763549918467968,0.4763549918467968,0.4905946097653666,0.22898716489981058,0.6535183170105335,0.4922363507332551,0.2334763963349529,0.49856591435439174,0.22361581760830537,0.8374038008766964,0.24144916791275217,0.8650132654716801,0.8651282878377655,0.7532601367850886,0.21067389008981993,0.8635975486876012,0.7532601367850886,0.8642139038697486,0.8650350276329091,0.7507282108579117,0.8669138361456653,0.8621264803021582,0.8624633020743764,0.8642139038697486,0.21006027551443407,0.21017546470692233,0.2038093586481814,0.8650350276329091,0.21661520266736506,0.8669138361456653,0.8622013409560301,0.863631802182207,0.8650257010594218,0.8622855514231283,0.0,0.862394700901235,0.8620609718973028,0.5227743246249038,0.5227743246249038,0.5227743246249038,0.21251675775700946,0.5227743246249038,0.5227743246249038,0.7092959274188394,0.7091366688541928,0.21208607425041054,0.21449428627266448,0.8621732689725456,0.21348891731498332,0.7486261003017317,0.8672829078962044,0.22069846462968845,0.8672829078962044,0.22507823628964493,0.8661659065710589,0.8657684032478841,0.22069846462968845,0.225364808165441,0.22456388044181474,0.8643974802713286,0.22350755528406666,0.496224822933911,0.2569459965162383,0.496224822933911,0.496224822933911,0.496224822933911,0.25929020520450174,0.5399465608346941,0.2723806273058065,0.8649883937598526,0.8649883937598526,0.6820387222215866,0.527796661209827,0.527796661209827,0.7243697793591963,0.6860056399669209,0.22990138253274292,0.22990138253274292,0.22501848787833242,0.22408434993421047,0.9899454188139558,0.5258978121339875,0.5299627930851296,0.22629366045265073,0.8327891190579395,0.2207715637643332,0.32508002138532904,0.21894904647796556,0.22879918156189688,0.22427628517276826,0.22111237352645516,0.5292214084669825,0.52692465295182,0.22356770749208418,0.22439616132926354,0.22427628517276826,0.23286512505090246
Phocaeicola coprocola,0.8665973638264722,0.772562987715499,0.772562987715499,0.772562987715499,0.772562987715499,0.772562987715499,0.772562987715499,0.772562987715499,0.772562987715499,0.772562987715499,0.772562987715499,0.7364024424280043,0.7364024424280043,0.8633857696453145,0.8318003918560583,0.8318003918560583,0.7710228708099963,0.8659547556500067,0.8659547556500067,0.7399690002192421,0.4707270674517594,0.4707270674517594,0.3503086481730157,0.7380512482329072,0.7411999980697729,0.7377232400178569,0.8670658258921362,0.73479751637893,0.7665348233034357,0.7665348233034357,0.8656689988970799,0.523350158044534,0.5201183138227365,0.7596981771894036,0.7862301567301329,0.7671976109607069,0.7671976109607069,0.7564735634853688,0.8654484047242488,0.6384101875499542,0.7612223456122788,0.8648204909955736,0.7652040113394695,0.8615242393919257,0.38594369359295977,0.868977381094026,0.3112260235860108,0.30781143937574634,0.5171523479871677,0.8629059602578298,0.27489653584367285,0.5171523479871677,0.3012055022826636,0.31283768899936665,0.5121779054233194,0.32223002715351434,0.3159853040633786,0.28403818866129804,0.3012055022826636,0.8627314179565853,0.8628218103419587,0.8624976006148019,0.31283768899936665,0.863616232580352,0.32223002715351434,0.31271731720307344,0.30178528449881314,0.32171217353901954,0.28197616092757005,0.862394700901235,0.0,0.30035611511244065,0.7264236183955718,0.7264236183955718,0.7264236183955718,0.8591235750448215,0.7264236183955718,0.7264236183955718,0.5625868525420945,0.5624243035437032,0.8618737775904604,0.8625318977913474,0.2791774159594945,0.8595210226216851,0.509661924873465,0.3199771405039303,0.8648546960542437,0.3199771405039303,0.8655913313050464,0.31323287063965627,0.29296810051584143,0.8648546960542437,0.8655851175966233,0.8622512444478324,0.31023940319254006,0.8631739386432091,0.7795110571598732,0.8731883991261155,0.7795110571598732,0.7795110571598732,0.7795110571598732,0.8742933526445337,0.7471518237868972,0.8774803489580743,0.31848606511459754,0.31848606511459754,0.6049191029807223,0.7348707099439111,0.7348707099439111,0.5492253764947752,0.5865325552335493,0.8654297603865376,0.8654297603865376,0.8613587834806425,0.8622949076340486,0.5775039603821718,0.7338453357063273,0.7386230916605714,0.8644721442635446,0.773470983191646,0.8604153897979803,0.8338508544974056,0.8629838695303159,0.8637314409881148,0.8620890475374879,0.8636535991532573,0.7362673103152184,0.7348084958784619,0.8607934961737312,0.862394700901235,0.8620890475374879,0.8645872386189465
Phocaeicola coprophilus,0.866780435432539,0.7731371318250705,0.7731371318250705,0.7731371318250705,0.7731371318250705,0.7731371318250705,0.7731371318250705,0.7731371318250705,0.7731371318250705,0.7731371318250705,0.7731371318250705,0.7371361056785996,0.7371361056785996,0.8634075728275264,0.8322949022771889,0.8322949022771889,0.771744529925685,0.8661876397732495,0.8661876397732495,0.740321441693445,0.46859127898624603,0.46859127898624603,0.3624057188694024,0.738047604498051,0.7413995247805985,0.7373841449124147,0.8673108144975865,0.7347206552881025,0.766355877632532,0.766355877632532,0.8658646903301161,0.5232833527433326,0.5248894567216973,0.7600060861875297,0.7866575960715304,0.7673413147291792,0.7673413147291792,0.7569746512023117,0.8657062768662167,0.6384902186498634,0.7611552192000504,0.864966630425337,0.765066936267153,0.8616834216896233,0.38710560092648716,0.869271331387931,0.31257969267568947,0.3108455938116984,0.5204439515286946,0.8633701956066274,0.3019100149379056,0.5204439515286946,0.29904603827943044,0.30933658360720717,0.5179681240623876,0.3127517138722863,0.3097362322177918,0.2985059835918714,0.29904603827943044,0.8633515063893611,0.8635165804808629,0.8625693113377254,0.30933658360720717,0.8647147577144872,0.3127517138722863,0.3155850476186878,0.29903704536023856,0.31106180416948875,0.28710814653057504,0.8620609718973028,0.30035611511244065,0.0,0.7294935349500721,0.7294935349500721,0.7294935349500721,0.8588324140969316,0.7294935349500721,0.7294935349500721,0.5597642562630755,0.5596681626936894,0.8624944826220333,0.8630586558152964,0.3183593817991888,0.8597619053071609,0.5232884919154485,0.3203886976381825,0.8650567892466692,0.3203886976381825,0.8659112770099984,0.31312123943007125,0.30603275005104486,0.8650567892466692,0.8651407217721685,0.8625412513300839,0.3111828163523078,0.8637189867659738,0.7804385358173863,0.8741087779606991,0.7804385358173863,0.7804385358173863,0.7804385358173863,0.8747515446638305,0.7478245982109648,0.8781696465927604,0.316648442891544,0.316648442891544,0.6089114559777329,0.7353280046609253,0.7353280046609253,0.5474745520127118,0.5884048352119883,0.8659361222144596,0.8659361222144596,0.862597370432584,0.8626971287121147,0.5776576106837445,0.7341054768557834,0.7386777032148993,0.8646867673288712,0.772883169159019,0.8608372332995199,0.8344472855858994,0.8625755467710178,0.863429375459168,0.8615554539251946,0.8634138022070316,0.7358032896827613,0.7351268300316292,0.8618082499769802,0.8623603982681937,0.8615554539251946,0.8640489629999029
Prevotella sp900313215,0.5272256842624671,0.3518177312395184,0.3518177312395184,0.3518177312395184,0.3518177312395184,0.3518177312395184,0.3518177312395184,0.3518177312395184,0.3518177312395184,0.3518177312395184,0.3518177312395184,0.26191134526144005,0.26191134526144005,0.5228977708837677,0.4630838860200835,0.4630838860200835,0.3436040386508404,0.5256267189049004,0.5256267189049004,0.2719359723421134,0.8101514059263275,0.8101514059263275,0.7531423124122897,0.26786071250110594,0.2754633535765534,0.2685225188864414,0.5281073800540512,0.24619191946015642,0.3359824809585958,0.3359824809585958,0.5253810797986103,0.5948775104058944,0.5960472189454337,0.32205471837824295,0.38024358271655617,0.3400954552033786,0.3400954552033786,0.3172508641396656,0.5247818527806896,0.5392039411427509,0.326277343169672,0.5238380920142718,0.3284788366201106,0.5196941622924278,0.7656361642774474,0.5310070957151881,0.7341970539103839,0.732087883445012,0.5964621617453835,0.5228257641083083,0.7299468299906641,0.5964621617453835,0.7306832947191685,0.729858404284852,0.59280795542763,0.7373768508317377,0.7315366649463426,0.7288185986128595,0.7306832947191685,0.522681720797545,0.5240331383921424,0.5231497165481713,0.729858404284852,0.524469163749996,0.7373768508317377,0.735576653593505,0.7332734338121796,0.7369682670945312,0.7243586416343544,0.5227743246249038,0.7264236183955718,0.7294935349500721,0.0,0.0,0.0,0.5143575294926261,0.0,0.0,0.6325108067590115,0.6323151975686181,0.5207280719234063,0.5223214387300208,0.7291469243759306,0.5170743402413454,0.5885282235777308,0.7371397539190602,0.5265877021360039,0.7371397539190602,0.5265723810667943,0.7346401255202932,0.7287964589698315,0.5265877021360039,0.5259898497485065,0.5218475468713142,0.7328258661974744,0.5223008436769311,0.3707324063849959,0.5395379972756651,0.3707324063849959,0.3707324063849959,0.3707324063849959,0.5413442995595235,0.2945335865664649,0.5467913421192702,0.7342483320719659,0.7342483320719659,0.5023221590095633,0.2597772134320656,0.2597772134320656,0.6188079037384638,0.6535306620249763,0.5256727634586958,0.5256727634586958,0.5180304235262667,0.5208881442182625,0.8775355126937743,0.2555186243296555,0.2623934886390927,0.5241665493590653,0.6956713199860426,0.5147599572951747,0.4661111967196335,0.5213371168489058,0.5225942465599697,0.5194301860365136,0.5224758757514406,0.2577610698444129,0.2558026333446003,0.5179733159705721,0.520764221581088,0.5194301860365136,0.5245409449265109
Prevotella sp900551275,0.5272256842624671,0.3518177312395184,0.3518177312395184,0.3518177312395184,0.3518177312395184,0.3518177312395184,0.3518177312395184,0.3518177312395184,0.3518177312395184,0.3518177312395184,0.3518177312395184,0.26191134526144005,0.26191134526144005,0.5228977708837677,0.4630838860200835,0.4630838860200835,0.3436040386508404,0.5256267189049004,0.5256267189049004,0.2719359723421134,0.8101514059263275,0.8101514059263275,0.7531423124122897,0.26786071250110594,0.2754633535765534,0.2685225188864414,0.5281073800540512,0.24619191946015642,0.3359824809585958,0.3359824809585958,0.5253810797986103,0.5948775104058944,0.5960472189454337,0.32205471837824295,0.38024358271655617,0.3400954552033786,0.3400954552033786,0.3172508641396656,0.5247818527806896,0.5392039411427509,0.326277343169672,0.5238380920142718,0.3284788366201106,0.5196941622924278,0.7656361642774474,0.5310070957151881,0.7341970539103839,0.732087883445012,0.5964621617453835,0.5228257641083083,0.7299468299906641,0.5964621617453835,0.7306832947191685,0.729858404284852,0.59280795542763,0.7373768508317377,0.7315366649463426,0.7288185986128595,0.7306832947191685,0.522681720797545,0.5240331383921424,0.5231497165481713,0.729858404284852,0.524469163749996,0.7373768508317377,0.735576653593505,0.7332734338121796,0.7369682670945312,0.7243586416343544,0.5227743246249038,0.7264236183955718,0.7294935349500721,0.0,0.0,0.0,0.5143575294926261,0.0,0.0,0.6325108067590115,0.6323151975686181,0.5207280719234063,0.5223214387300208,0.7291469243759306,0.5170743402413454,0.5885282235777308,0.7371397539190602,0.5265877021360039,0.7371397539190602,0.5265723810667943,0.7346401255202932,0.7287964589698315,0.5265877021360039,0.5259898497485065,0.5218475468713142,0.7328258661974744,0.5223008436769311,0.3707324063849959,0.5395379972756651,0.3707324063849959,0.3707324063849959,0.3707324063849959,0.5413442995595235,0.2945335865664649,0.5467913421192702,0.7342483320719659,0.7342483320719659,0.5023221590095633,0.2597772134320656,0.2597772134320656,0.6188079037384638,0.6535306620249763,0.5256727634586958,0.5256727634586958,0.5180304235262667,0.5208881442182625,0.8775355126937743,0.2555186243296555,0.2623934886390927,0.5241665493590653,0.6956713199860426,0.5147599572951747,0.4661111967196335,0.5213371168489058,0.5225942465599697,0.5194301860365136,0.5224758757514406,0.2577610698444129,0.2558026333446003,0.5179733159705721,0.520764221581088,0.5194301860365136,0.5245409449265109
Prevotella copri_A,0.5272256842624671,0.3518177312395184,0.3518177312395184,0.3518177312395184,0.3518177312395184,0.3518177312395184,0.3518177312395184,0.3518177312395184,0.3518177312395184,0.3518177312395184,0.3518177312395184,0.26191134526144005,0.26191134526144005,0.5228977708837677,0.4630838860200835,0.4630838860200835,0.3436040386508404,0.5256267189049004,0.5256267189049004,0.2719359723421134,0.8101514059263275,0.8101514059263275,0.7531423124122897,0.26786071250110594,0.2754633535765534,0.2685225188864414,0.5281073800540512,0.24619191946015642,0.3359824809585958,0.3359824809585958,0.5253810797986103,0.5948775104058944,0.5960472189454337,0.32205471837824295,0.38024358271655617,0.3400954552033786,0.3400954552033786,0.3172508641396656,0.5247818527806896,0.5392039411427509,0.326277343169672,0.5238380920142718,0.3284788366201106,0.5196941622924278,0.7656361642774474,0.5310070957151881,0.7341970539103839,0.732087883445012,0.5964621617453835,0.5228257641083083,0.7299468299906641,0.5964621617453835,0.7306832947191685,0.729858404284852,0.59280795542763,0.7373768508317377,0.7315366649463426,0.7288185986128595,0.7306832947191685,0.522681720797545,0.5240331383921424,0.5231497165481713,0.729858404284852,0.524469163749996,0.7373768508317377,0.735576653593505,0.7332734338121796,0.7369682670945312,0.7243586416343544,0.5227743246249038,0.7264236183955718,0.7294935349500721,0.0,0.0,0.0,0.5143575294926261,0.0,0.0,0.6325108067590115,0.6323151975686181,0.5207280719234063,0.5223214387300208,0.7291469243759306,0.5170743402413454,0.5885282235777308,0.7371397539190602,0.5265877021360039,0.7371397539190602,0.5265723810667943,0.7346401255202932,0.7287964589698315,0.5265877021360039,0.5259898497485065,0.5218475468713142,0.7328258661974744,0.5223008436769311,0.3707324063849959,0.5395379972756651,0.3707324063849959,0.3707324063849959,0.3707324063849959,0.5413442995595235,0.2945335865664649,0.5467913421192702,0.7342483320719659,0.7342483320719659,0.5023221590095633,0.2597772134320656,0.2597772134320656,0.6188079037384638,0.6535306620249763,0.5256727634586958,0.5256727634586958,0.5180304235262667,0.5208881442182625,0.8775355126937743,0.2555186243296555,0.2623934886390927,0.5241665493590653,0.6956713199860426,0.5147599572951747,0.4661111967196335,0.5213371168489058,0.5225942465599697,0.5194301860365136,0.5224758757514406,0.2577610698444129,0.2558026333446003,0.5179733159705721,0.520764221581088,0.5194301860365136,0.5245409449265109
Prevotella stercorea,0.21822317176683956,0.47756722931773676,0.47756722931773676,0.47756722931773676,0.47756722931773676,0.47756722931773676,0.47756722931773676,0.47756722931773676,0.47756722931773676,0.47756722931773676,0.47756722931773676,0.5223780709392882,0.5223780709392882,0.21038008976666478,0.30586574237698233,0.30586574237698233,0.47629288742968723,0.219219096422088,0.219219096422088,0.5271389640576062,0.9282038881519343,0.9282038881519343,0.8384853514225648,0.5248945801686656,0.52660302275946,0.5240331383921424,0.22339924049443255,0.519616536138151,0.4676491319739716,0.4676491319739716,0.21907183772000985,0.747180617983909,0.748471617364885,0.4831266104961832,0.4209199347880185,0.46920495267630563,0.46920495267630563,0.48258637156879436,0.2153951061843934,0.6494192231655677,0.48659314863166786,0.21285815035902153,0.49373648438668377,0.2039017024511356,0.8332539964923251,0.23038047815940432,0.8630306117178784,0.8617988884826098,0.7500365281768414,0.21221283660363868,0.8610433926825588,0.7500365281768414,0.861418101518209,0.8616553328327786,0.7471554231222094,0.864363257119464,0.8625350156488633,0.8597744168494225,0.861418101518209,0.20912361873253912,0.21212411091027406,0.21479497934497568,0.8616553328327786,0.21603091427637683,0.864363257119464,0.8618488152775525,0.86214519607502,0.8635041231598131,0.8593958621118555,0.21251675775700946,0.8591235750448215,0.8588324140969316,0.5143575294926261,0.5143575294926261,0.5143575294926261,0.0,0.5143575294926261,0.5143575294926261,0.709185966993536,0.7086245239053325,0.20776896799923336,0.2061185894882704,0.8600965263802709,0.18888005632060703,0.7479900007888383,0.8651313963381198,0.22354364855120287,0.8651313963381198,0.22251873902231642,0.8636006626977974,0.8633016664986345,0.22354364855120287,0.21629217436780385,0.2112729941784181,0.8588011005903237,0.20702987424890662,0.4910548505100964,0.2507914056840582,0.4910548505100964,0.4910548505100964,0.4910548505100964,0.2552869759639399,0.5368346813099418,0.2678305915370321,0.8607153886355032,0.8607153886355032,0.6759830415590767,0.5206609301859826,0.5206609301859826,0.7180569302003429,0.6796529973843786,0.21619268394194763,0.21619268394194763,0.20585748146669372,0.2021665627156833,0.9863557541745253,0.5186218951825116,0.5239561550745446,0.21275705410522638,0.8284344373877065,0.20338668162312068,0.31421865034701163,0.19928607281848984,0.2119719233185845,0.20697790891820628,0.20585748146669372,0.5219918203718925,0.5205007880148266,0.2052163627652322,0.20692593053744737,0.20697790891820628,0.21150198888014146
Prevotella sp015074785,0.5272256842624671,0.3518177312395184,0.3518177312395184,0.3518177312395184,0.3518177312395184,0.3518177312395184,0.3518177312395184,0.3518177312395184,0.3518177312395184,0.3518177312395184,0.3518177312395184,0.26191134526144005,0.26191134526144005,0.5228977708837677,0.4630838860200835,0.4630838860200835,0.3436040386508404,0.5256267189049004,0.5256267189049004,0.2719359723421134,0.8101514059263275,0.8101514059263275,0.7531423124122897,0.26786071250110594,0.2754633535765534,0.2685225188864414,0.5281073800540512,0.24619191946015642,0.3359824809585958,0.3359824809585958,0.5253810797986103,0.5948775104058944,0.5960472189454337,0.32205471837824295,0.38024358271655617,0.3400954552033786,0.3400954552033786,0.3172508641396656,0.5247818527806896,0.5392039411427509,0.326277343169672,0.5238380920142718,0.3284788366201106,0.5196941622924278,0.7656361642774474,0.5310070957151881,0.7341970539103839,0.732087883445012,0.5964621617453835,0.5228257641083083,0.7299468299906641,0.5964621617453835,0.7306832947191685,0.729858404284852,0.59280795542763,0.7373768508317377,0.7315366649463426,0.7288185986128595,0.7306832947191685,0.522681720797545,0.5240331383921424,0.5231497165481713,0.729858404284852,0.524469163749996,0.7373768508317377,0.735576653593505,0.7332734338121796,0.7369682670945312,0.7243586416343544,0.5227743246249038,0.7264236183955718,0.7294935349500721,0.0,0.0,0.0,0.5143575294926261,0.0,0.0,0.6325108067590115,0.6323151975686181,0.5207280719234063,0.5223214387300208,0.7291469243759306,0.5170743402413454,0.5885282235777308,0.7371397539190602,0.5265877021360039,0.7371397539190602,0.5265723810667943,0.7346401255202932,0.7287964589698315,0.5265877021360039,0.5259898497485065,0.5218475468713142,0.7328258661974744,0.5223008436769311,0.3707324063849959,0.5395379972756651,0.3707324063849959,0.3707324063849959,0.3707324063849959,0.5413442995595235,0.2945335865664649,0.5467913421192702,0.7342483320719659,0.7342483320719659,0.5023221590095633,0.2597772134320656,0.2597772134320656,0.6188079037384638,0.6535306620249763,0.5256727634586958,0.5256727634586958,0.5180304235262667,0.5208881442182625,0.8775355126937743,0.2555186243296555,0.2623934886390927,0.5241665493590653,0.6956713199860426,0.5147599572951747,0.4661111967196335,0.5213371168489058,0.5225942465599697,0.5194301860365136,0.5224758757514406,0.2577610698444129,0.2558026333446003,0.5179733159705721,0.520764221581088,0.5194301860365136,0.5245409449265109
Prevotella copri,0.5272256842624671,0.3518177312395184,0.3518177312395184,0.3518177312395184,0.3518177312395184,0.3518177312395184,0.3518177312395184,0.3518177312395184,0.3518177312395184,0.3518177312395184,0.3518177312395184,0.26191134526144005,0.26191134526144005,0.5228977708837677,0.4630838860200835,0.4630838860200835,0.3436040386508404,0.5256267189049004,0.5256267189049004,0.2719359723421134,0.8101514059263275,0.8101514059263275,0.7531423124122897,0.26786071250110594,0.2754633535765534,0.2685225188864414,0.5281073800540512,0.24619191946015642,0.3359824809585958,0.3359824809585958,0.5253810797986103,0.5948775104058944,0.5960472189454337,0.32205471837824295,0.38024358271655617,0.3400954552033786,0.3400954552033786,0.3172508641396656,0.5247818527806896,0.5392039411427509,0.326277343169672,0.5238380920142718,0.3284788366201106,0.5196941622924278,0.7656361642774474,0.5310070957151881,0.7341970539103839,0.732087883445012,0.5964621617453835,0.5228257641083083,0.7299468299906641,0.5964621617453835,0.7306832947191685,0.729858404284852,0.59280795542763,0.7373768508317377,0.7315366649463426,0.7288185986128595,0.7306832947191685,0.522681720797545,0.5240331383921424,0.5231497165481713,0.729858404284852,0.524469163749996,0.7373768508317377,0.735576653593505,0.7332734338121796,0.7369682670945312,0.7243586416343544,0.5227743246249038,0.7264236183955718,0.7294935349500721,0.0,0.0,0.0,0.5143575294926261,0.0,0.0,0.6325108067590115,0.6323151975686181,0.5207280719234063,0.5223214387300208,0.7291469243759306,0.5170743402413454,0.5885282235777308,0.7371397539190602,0.5265877021360039,0.7371397539190602,0.5265723810667943,0.7346401255202932,0.7287964589698315,0.5265877021360039,0.5259898497485065,0.5218475468713142,0.7328258661974744,0.5223008436769311,0.3707324063849959,0.5395379972756651,0.3707324063849959,0.3707324063849959,0.3707324063849959,0.5413442995595235,0.2945335865664649,0.5467913421192702,0.7342483320719659,0.7342483320719659,0.5023221590095633,0.2597772134320656,0.2597772134320656,0.6188079037384638,0.6535306620249763,0.5256727634586958,0.5256727634586958,0.5180304235262667,0.5208881442182625,0.8775355126937743,0.2555186243296555,0.2623934886390927,0.5241665493590653,0.6956713199860426,0.5147599572951747,0.4661111967196335,0.5213371168489058,0.5225942465599697,0.5194301860365136,0.5224758757514406,0.2577610698444129,0.2558026333446003,0.5179733159705721,0.520764221581088,0.5194301860365136,0.5245409449265109
Paraprevotella clara,0.7157386632513846,0.600694322838485,0.600694322838485,0.600694322838485,0.600694322838485,0.600694322838485,0.600694322838485,0.600694322838485,0.600694322838485,0.600694322838485,0.600694322838485,0.6379888057665648,0.6379888057665648,0.715870157236856,0.7463883728098611,0.7463883728098611,0.5982179622863592,0.7151936449038855,0.7151936449038855,0.6414904656190665,0.6637586164216691,0.6637586164216691,0.5924176904127221,0.639075404468422,0.6387555131821141,0.6396222160508757,0.7157724782977128,0.6354758068903442,0.5945881158961036,0.5945881158961036,0.7149980888388183,0.37157290621571,0.3727363212795634,0.662830160322668,0.6201710044506503,0.5959389254817955,0.5959389254817955,0.6615752874506748,0.7147234679271104,0.7879931293976795,0.6622334784996281,0.7162419666520523,0.6677978838804506,0.7130433499294275,0.5223729228103337,0.7184687824959913,0.56635533926203,0.5672236227102576,0.3745069817239152,0.7112344980578807,0.565086106166139,0.3745069817239152,0.5633798006539279,0.5664645409078637,0.3699118073175742,0.5671904341318357,0.5583837295304455,0.5601916727626542,0.5633798006539279,0.7091063298341734,0.7103226658589155,0.7096332857862703,0.5664645409078637,0.7114613285331238,0.5671904341318357,0.559672967764007,0.5636231932237714,0.564814776851722,0.5597834729974785,0.7092959274188394,0.5625868525420945,0.5597642562630755,0.6325108067590115,0.6325108067590115,0.6325108067590115,0.709185966993536,0.6325108067590115,0.6325108067590115,0.0,0.209187907097897,0.7102772328315347,0.7092580119565373,0.5598699401399047,0.7105838493935528,0.36277655755479615,0.5684455070396618,0.7142906317662421,0.5684455070396618,0.7145578920148754,0.569504241731356,0.568767116970364,0.7142906317662421,0.7149868051262478,0.7146218690741578,0.5630407848221427,0.7122546663201088,0.611797423279886,0.7244403143067575,0.611797423279886,0.611797423279886,0.611797423279886,0.7259644190803062,0.6460105017523667,0.7308672949473929,0.5661463730746638,0.5661463730746638,0.767726728532254,0.6361779108665855,0.6361779108665855,0.4032542092040986,0.33389491486451445,0.7149190991108696,0.7149190991108696,0.7140044395191713,0.7136050849678124,0.7422840510735428,0.6342982536418342,0.637512309161472,0.7142341555375235,0.9031848687207901,0.7130094054519963,0.7498859220309709,0.710807104126422,0.7149567143554283,0.7135447856206782,0.7112874316388715,0.6370650060796189,0.6363173934431879,0.7138047901720067,0.7136503061346035,0.7135447856206782,0.7156146610775378
Paraprevotella xylaniphila,0.7153026817951263,0.6003091848256553,0.6003091848256553,0.6003091848256553,0.6003091848256553,0.6003091848256553,0.6003091848256553,0.6003091848256553,0.6003091848256553,0.6003091848256553,0.6003091848256553,0.637432155282748,0.637432155282748,0.7153665922459618,0.7459342534350875,0.7459342534350875,0.59777724625784,0.7148250523397088,0.7148250523397088,0.6410627185934028,0.6633776606631668,0.6633776606631668,0.591890878814976,0.6385702397195888,0.6381658200050971,0.6391090679212795,0.7153064413914788,0.6349847192282305,0.594135654779915,0.594135654779915,0.7146068161637403,0.370630837848435,0.3717827342763292,0.6624324321581305,0.6197198636689353,0.5954784585479097,0.5954784585479097,0.6611768044229968,0.714399806481925,0.7876995746308392,0.6617866299897464,0.7157762354264711,0.667483699960976,0.7124698484334041,0.5216516832980057,0.7181018710202853,0.5661463730746638,0.5667493157264759,0.3741190180497808,0.7112042485284491,0.5648861919384103,0.3741190180497808,0.5631601798726223,0.5661606232193475,0.36950446340179305,0.566820487075976,0.558248861212252,0.5598651367601122,0.5631601798726223,0.7086662680848528,0.710163637546718,0.7095802288085833,0.5661606232193475,0.7113328001445713,0.566820487075976,0.5594807327621956,0.5633368381077956,0.5642431307593533,0.5596681626936894,0.7091366688541928,0.5624243035437032,0.5596681626936894,0.6323151975686181,0.6323151975686181,0.6323151975686181,0.7086245239053325,0.6323151975686181,0.6323151975686181,0.209187907097897,0.0,0.7100424492117833,0.7092504286208483,0.5594470848455955,0.7100613862525365,0.3624057188694024,0.5683414178036577,0.7140647000507343,0.5683414178036577,0.714294396689389,0.5692869836552664,0.5685401170809339,0.7140647000507343,0.7147836678402874,0.7142680418106147,0.5626967855324642,0.7118165509491826,0.6114192792409844,0.7241878417369847,0.6114192792409844,0.6114192792409844,0.6114192792409844,0.7256383594054141,0.6456940462776573,0.7305286987123291,0.5655380324097777,0.5655380324097777,0.7674604632988634,0.6358481031448939,0.6358481031448939,0.40258676823351136,0.33337904755779807,0.7145879995798081,0.7145879995798081,0.7136653792201062,0.7132658348303322,0.7420086559483109,0.6338656531657779,0.6371494269227973,0.713895204340729,0.902940678579281,0.712662324724423,0.7494985101208607,0.7103756673850065,0.7146181058762795,0.7133261577579152,0.7109622059596974,0.6367947841725686,0.6359030829771902,0.7133525474346877,0.71337893613524,0.7133261577579152,0.715336517450962
Alistipes onderdonkii,0.22670921620106568,0.47943312858155507,0.47943312858155507,0.47943312858155507,0.47943312858155507,0.47943312858155507,0.47943312858155507,0.47943312858155507,0.47943312858155507,0.47943312858155507,0.47943312858155507,0.5263987111171078,0.5263987111171078,0.22476737111374961,0.31468901860751913,0.31468901860751913,0.47813001349250156,0.2236879633813096,0.2236879633813096,0.5317409332201659,0.9307442141936427,0.9307442141936427,0.8413541656496012,0.5287333561891303,0.528916428568167,0.5286417962248918,0.22766802202030634,0.5250636258723311,0.4727622035611999,0.4727622035611999,0.22486306771036377,0.7508643220089012,0.7516625828318676,0.48978265713511626,0.42692114570459544,0.4744939910395149,0.4744939910395149,0.48806103789489225,0.22401233182213537,0.6515112085870942,0.4896234005416204,0.22625800587500983,0.4956500302982178,0.21772967685258615,0.8358576798989891,0.23573458523363153,0.8649293205778533,0.8650940935966739,0.7527637214854098,0.21365261169304572,0.8638933295373611,0.7527637214854098,0.8643725908407163,0.8646525556270567,0.7507174641896894,0.8671526652150506,0.8631957471759918,0.8626347811393319,0.8643725908407163,0.213350308589115,0.21594375733787463,0.21148927345710533,0.8646525556270567,0.21603091427637683,0.8671526652150506,0.8636380299443566,0.8644503679319723,0.8663211317681938,0.8621015253063051,0.21208607425041054,0.8618737775904604,0.8624944826220333,0.5207280719234063,0.5207280719234063,0.5207280719234063,0.20776896799923336,0.5207280719234063,0.5207280719234063,0.7102772328315347,0.7100424492117833,0.0,0.198081425622267,0.8581307176806658,0.20470464954608283,0.7462406341383879,0.8673480219027201,0.22187728147671673,0.8673480219027201,0.22222849706527958,0.8665849507922615,0.8659951267182734,0.22187728147671673,0.22218008654361485,0.21924362992296748,0.8628124598446939,0.21495767913415917,0.49415570572775375,0.2516477899610522,0.49415570572775375,0.49415570572775375,0.49415570572775375,0.25507620398616027,0.5382155187295492,0.2688728158415448,0.8638777646489934,0.8638777646489934,0.6797360852737151,0.5247152297589596,0.5247152297589596,0.7219488661873983,0.6838736766345473,0.22437219122169855,0.22437219122169855,0.21789018529816156,0.21690055744965533,0.9887249263394949,0.5233707118062717,0.5276182972896212,0.21942754374603274,0.8311502937560757,0.21367778431306747,0.3210259873440496,0.21255471734608722,0.22142837004407048,0.2173711924564449,0.21428104005095586,0.5263016353021996,0.5244025010025072,0.21708645631312243,0.21732169992564482,0.2173711924564449,0.22596066560688388
Alistipes finegoldii,0.2251738007717302,0.4803577618820121,0.4803577618820121,0.4803577618820121,0.4803577618820121,0.4803577618820121,0.4803577618820121,0.4803577618820121,0.4803577618820121,0.4803577618820121,0.4803577618820121,0.5269552741603817,0.5269552741603817,0.22525738643577312,0.3154486742324816,0.3154486742324816,0.47819187931581697,0.22575825053185897,0.22575825053185897,0.5319785805513125,0.9308742263769019,0.9308742263769019,0.8417600033185045,0.5289825224676524,0.5289316817395499,0.5288401561121157,0.22670921620106568,0.5240639285527725,0.47350679646467436,0.47350679646467436,0.22611533134319217,0.7508822295340948,0.7517591757179867,0.4887107950785423,0.4270282184680829,0.47449965863575544,0.47449965863575544,0.48792326639545425,0.22298957647587148,0.6510693926461355,0.48845209706046366,0.22733704029718765,0.4960676345251689,0.21759376953644236,0.8360024486351549,0.23510630886687478,0.8657839341467344,0.8659299109801747,0.7538882224372135,0.21768026582804145,0.864724087641687,0.7538882224372135,0.864991502762941,0.8654577267424857,0.7514800957274738,0.8676456237032009,0.8632985514099271,0.8632985514099271,0.864991502762941,0.21313591780075503,0.2146572139727788,0.21418061542210062,0.8654577267424857,0.21787784269270244,0.8676456237032009,0.8635414945838399,0.8651127451684536,0.8667028674393502,0.8628218103419587,0.21449428627266448,0.8625318977913474,0.8630586558152964,0.5223214387300208,0.5223214387300208,0.5223214387300208,0.2061185894882704,0.5223214387300208,0.5223214387300208,0.7092580119565373,0.7092504286208483,0.198081425622267,0.0,0.8581526543785919,0.20667885471137512,0.7471446250642537,0.8681073244390092,0.2252812623578748,0.8681073244390092,0.22653121422418493,0.8672581012744514,0.8667742302485345,0.2252812623578748,0.22378412156452857,0.22324269301939922,0.8625474869662247,0.212933941050531,0.4947485415875272,0.25217088912382535,0.4947485415875272,0.4947485415875272,0.4947485415875272,0.2577088988823054,0.5377306285267015,0.2708558937035706,0.8637003050960403,0.8637003050960403,0.6799299175300746,0.5246998540141536,0.5246998540141536,0.7218631862021517,0.6835157356821453,0.2223373821998086,0.2223373821998086,0.21846950119594166,0.21819852352914118,0.9886514856704194,0.5230983089210096,0.5270828433808797,0.22100288484753278,0.8311082301023588,0.21594375733787463,0.3223551893361926,0.2093806537591675,0.22260332164181681,0.21790252720450118,0.2125800199730855,0.52641914584969,0.524899703565625,0.218654066153414,0.21881389652478,0.21790252720450118,0.22511407772456354
Alistipes shahii,0.8647551866720198,0.7724968467533804,0.7724968467533804,0.7724968467533804,0.7724968467533804,0.7724968467533804,0.7724968467533804,0.7724968467533804,0.7724968467533804,0.7724968467533804,0.7724968467533804,0.7378289474768792,0.7378289474768792,0.8648453675360437,0.8324564433041861,0.8324564433041861,0.770656553507308,0.8651003108319479,0.8651003108319479,0.7418382946428974,0.4728418343334463,0.4728418343334463,0.35279479256105173,0.7393945606079038,0.7393290898006202,0.7391908546089082,0.8656037585880778,0.7346840519424434,0.7680384217900195,0.7680384217900195,0.8647893943136751,0.525058504074887,0.5233193258883065,0.7598574560420899,0.7877917489542001,0.7689937264707375,0.7689937264707375,0.7590890700149859,0.8645188059841317,0.636617388711664,0.7594999168570037,0.8656130789332672,0.7631875857952667,0.8630243795724736,0.39077021134484197,0.8676425242105618,0.3267961917998058,0.3257659234323098,0.5281684835558144,0.8627220664796147,0.3005530288783397,0.5281684835558144,0.3089364180006681,0.32450871008008897,0.5224244018169737,0.3305924695651309,0.30096434134069644,0.302568450222516,0.3089364180006681,0.861680300750746,0.8618893786688964,0.8620453739243175,0.32450871008008897,0.8629714045193807,0.3305924695651309,0.31503919987622603,0.31781829896613084,0.3284870235186506,0.3009196606977238,0.8621732689725456,0.2791774159594945,0.3183593817991888,0.7291469243759306,0.7291469243759306,0.7291469243759306,0.8600965263802709,0.7291469243759306,0.7291469243759306,0.5598699401399047,0.5594470848455955,0.8581307176806658,0.8581526543785919,0.0,0.8603497511079695,0.4939107494532189,0.32244694405936886,0.8649946117548549,0.32244694405936886,0.8652339705846648,0.3184016151714178,0.28342210443667437,0.8649946117548549,0.8643010297352102,0.8642356861595566,0.3113556093115686,0.8621545538090941,0.7820082544605094,0.8725383167282312,0.7820082544605094,0.7820082544605094,0.7820082544605094,0.8740933949777568,0.7457070900419049,0.8779736347835378,0.32203801732715814,0.32203801732715814,0.6070359723906433,0.7362928777522532,0.7362928777522532,0.5496609880905633,0.5875449682251578,0.8643259212265211,0.8643259212265211,0.8632331319503517,0.8629589393283945,0.5793311486565212,0.7352036486593474,0.7371324574200829,0.8639213456297503,0.7741973075536119,0.8624976006148019,0.8352719148331413,0.8609090823252591,0.8644939200465779,0.8630586558152964,0.8612869719692182,0.737621163269392,0.7365448521405449,0.8632549389877255,0.8633577361734018,0.8630586558152964,0.865118962269687
Alistipes putredinis,0.2198071446802726,0.47586923219832017,0.47586923219832017,0.47586923219832017,0.47586923219832017,0.47586923219832017,0.47586923219832017,0.47586923219832017,0.47586923219832017,0.47586923219832017,0.47586923219832017,0.5212700535589917,0.5212700535589917,0.20947054150525504,0.3034205073867129,0.3034205073867129,0.4759822437968067,0.21957456389234045,0.21957456389234045,0.526511092331642,0.9282183743842688,0.9282183743842688,0.8378147619649652,0.5244076292070184,0.5282295799893669,0.5238124226103718,0.22506628787629665,0.520779713523367,0.4666071150462153,0.4666071150462153,0.2195255681171255,0.7469682346881864,0.7475404518652727,0.48459945075541366,0.42047886286459984,0.4682927546676582,0.4682927546676582,0.4819897355234093,0.21823549484174373,0.6507306016990668,0.48685283443646166,0.21170533178386103,0.49235652962634563,0.20053713001249412,0.83233367498299,0.23185822359318656,0.8628093429897535,0.8629994505408004,0.7504272459734258,0.214744893071858,0.8615773034256047,0.7504272459734258,0.862269957512659,0.8625318977913474,0.7480367383671886,0.8646525556270567,0.8639213456297503,0.8600715124852574,0.862269957512659,0.21616780418078096,0.21732169992564482,0.21470732069941195,0.8625318977913474,0.22050341513101937,0.8646525556270567,0.8632736302956027,0.8611308393280576,0.8642356861595566,0.859668062936017,0.21348891731498332,0.8595210226216851,0.8597619053071609,0.5170743402413454,0.5170743402413454,0.5170743402413454,0.18888005632060703,0.5170743402413454,0.5170743402413454,0.7105838493935528,0.7100613862525365,0.20470464954608283,0.20667885471137512,0.8603497511079695,0.0,0.7478210020964573,0.8650163743853757,0.22348348986754638,0.8650163743853757,0.22277239053739795,0.8642885837207268,0.8639088941452991,0.22348348986754638,0.21568207520221444,0.20610554194342504,0.8595616958633993,0.20980407310721105,0.4908193049965756,0.25178667728697923,0.4908193049965756,0.4908193049965756,0.4908193049965756,0.2544534094532013,0.5382305083696403,0.26798116250157306,0.860674769914298,0.860674769914298,0.6756766438072935,0.5194871334375668,0.5194871334375668,0.7169512491938251,0.6788730586964353,0.21897361023486994,0.21897361023486994,0.20427066020852094,0.19971742845914778,0.9864075554947758,0.5184507490967106,0.5247613542902798,0.21332509732656446,0.8284766367960061,0.2017537736504503,0.3129236405049584,0.2031485393265801,0.2091493364499988,0.20366416236375473,0.20982970742499346,0.5209965523463764,0.519668288196059,0.20480972059087965,0.20350564826863024,0.20366416236375473,0.21424338633151724
Alistipes_A indistinctus,0.7532922675064846,0.6440635084193984,0.6440635084193984,0.6440635084193984,0.6440635084193984,0.6440635084193984,0.6440635084193984,0.6440635084193984,0.6440635084193984,0.6440635084193984,0.6440635084193984,0.6021609599619517,0.6021609599619517,0.7526886950226491,0.7147498060130156,0.7147498060130156,0.6412598531593108,0.7524171081514345,0.7524171081514345,0.6062335861299643,0.6295446574544659,0.6295446574544659,0.5521018549591136,0.6037933068544056,0.6044966190402455,0.6036507640939917,0.7534885921441195,0.5973226986701955,0.6385660283343392,0.6385660283343392,0.7518951002394898,0.30691023995286515,0.3005977640172163,0.6290190129479342,0.6625501520996965,0.6400005042353802,0.6400005042353802,0.6279535563658627,0.751941595093055,0.7601122327836349,0.6288864641188552,0.7532422857920845,0.6317535479767423,0.7505598287107996,0.5697922170698015,0.7553529113647967,0.5278119467412277,0.5278272318299693,0.31154557087573004,0.7501906888596669,0.5131011840406041,0.31154557087573004,0.5246485982770394,0.5265928090600155,0.2986410888219647,0.5309412538435334,0.5133841298260929,0.5198804177723099,0.5246485982770394,0.7486620219975035,0.749462628517912,0.748881107028815,0.5265928090600155,0.7501548403651939,0.5309412538435334,0.5206041111832286,0.523350158044534,0.5292874642826074,0.5142477217996134,0.7486261003017317,0.509661924873465,0.5232884919154485,0.5885282235777308,0.5885282235777308,0.5885282235777308,0.7479900007888383,0.5885282235777308,0.5885282235777308,0.36277655755479615,0.3624057188694024,0.7462406341383879,0.7471446250642537,0.4939107494532189,0.7478210020964573,0.0,0.525058504074887,0.7515087240859568,0.525058504074887,0.7524206822993429,0.5239510224512011,0.5047628470880728,0.7515087240859568,0.7517484437879889,0.7518879469299066,0.520784877401717,0.7500687969880767,0.6541270599576032,0.7603775344461545,0.6541270599576032,0.6541270599576032,0.6541270599576032,0.7619426986847923,0.6111025135793491,0.76659446257792,0.5263220738038016,0.5263220738038016,0.7384920074529837,0.6009136515503744,0.6009136515503744,0.34817567538211724,0.4038073473906121,0.7527208501366688,0.7527208501366688,0.7513798878829666,0.7505992406841603,0.7118467744591669,0.5987436984256822,0.5993003854468749,0.7510326358883636,0.8782921317594173,0.7501118199103618,0.7176148622300674,0.7489672868509627,0.752320599739403,0.7505060817753357,0.7495882066137513,0.6021922212152758,0.6002733454713055,0.7508034332284227,0.7508643220089012,0.7505060817753357,0.7522026281983435
Parabacteroides distasonis,0.8707643017919634,0.777054287424251,0.777054287424251,0.777054287424251,0.777054287424251,0.777054287424251,0.777054287424251,0.777054287424251,0.777054287424251,0.777054287424251,0.777054287424251,0.742765746844878,0.742765746844878,0.868547106130753,0.8372078812573521,0.8372078812573521,0.7762232427095459,0.870118589671221,0.870118589671221,0.7446785803143687,0.47975835430588126,0.47975835430588126,0.37255590503975633,0.7435980181788445,0.7461036794918636,0.7435546183606223,0.8715761688759514,0.7402960133900307,0.7719605477395661,0.7719605477395661,0.8697970997628988,0.5313159370687013,0.5290994376027894,0.7653129509345129,0.7930279761666188,0.7728622918038125,0.7728622918038125,0.7630783427761074,0.8700784099289552,0.6441637114784511,0.7657450423917609,0.869076407034474,0.7680384217900195,0.8668952233250258,0.3989902543594519,0.872436601269786,0.3265080443502326,0.3264339081802666,0.5293027067616753,0.867859461962223,0.31362755433771244,0.5293027067616753,0.32232181750636707,0.3227053851910484,0.5236327015490005,0.3294108325043335,0.32503038200580386,0.3233880079475448,0.32232181750636707,0.867605329435211,0.8680794434434468,0.8673604240164098,0.3227053851910484,0.8682374239135201,0.3294108325043335,0.3013126229673195,0.29464313290792926,0.3254686012619687,0.319565053339462,0.8672829078962044,0.3199771405039303,0.3203886976381825,0.7371397539190602,0.7371397539190602,0.7371397539190602,0.8651313963381198,0.7371397539190602,0.7371397539190602,0.5684455070396618,0.5683414178036577,0.8673480219027201,0.8681073244390092,0.32244694405936886,0.8650163743853757,0.525058504074887,0.0,0.8675433345992332,0.0,0.8673108144975865,0.3151160168481182,0.30704164714341803,0.8675433345992332,0.8688721536661372,0.8657621908103336,0.31976695830564167,0.8682807860731241,0.7827197852376679,0.8772872485671886,0.7827197852376679,0.7827197852376679,0.7827197852376679,0.8771799522043047,0.7519022534810191,0.8800509721568355,0.3306168726361309,0.3306168726361309,0.6166921959035715,0.7420738903460762,0.7420738903460762,0.5577572794101157,0.5944750329020121,0.8708013616372794,0.8708013616372794,0.8680949329959774,0.8673883281238554,0.5832127845627619,0.7398090745053427,0.7428128131319256,0.8684820820249779,0.7782335372388287,0.8663087147759506,0.8389759215942526,0.8677695943307557,0.8678749554409121,0.8669169382435867,0.8688938191783389,0.741943415814897,0.7412725594512826,0.8670999423776161,0.8677664952809155,0.8669169382435867,0.8684418265672749
Parabacteroides goldsteinii,0.23819725431207758,0.48446069484677357,0.48446069484677357,0.48446069484677357,0.48446069484677357,0.48446069484677357,0.48446069484677357,0.48446069484677357,0.48446069484677357,0.48446069484677357,0.48446069484677357,0.5315183585698994,0.5315183585698994,0.23509487011877808,0.32470754106739197,0.32470754106739197,0.48174417545509907,0.2338331917064667,0.2338331917064667,0.5355657861629356,0.9332113483740793,0.9332113483740793,0.844229158538046,0.5331349637812399,0.5335081063641608,0.533245925337016,0.2388173992155482,0.5297293181086892,0.47807376488772907,0.47807376488772907,0.23438457747900301,0.7542412907689556,0.754829370996928,0.495346097002406,0.433726717108585,0.4784617456599539,0.4784617456599539,0.492705974276277,0.23510630886687478,0.6548420204928411,0.4941230519073636,0.23826498491985715,0.5001814918690919,0.22809286423060648,0.8384885586953845,0.24355619089973526,0.8671371588309198,0.8670534195645891,0.7547866169756349,0.2243002655294444,0.8660541272020943,0.7547866169756349,0.8658118890626113,0.8663707979575394,0.7530173270226184,0.8686245094338149,0.8654080081515376,0.8649417573725018,0.8658118890626113,0.22302575356987842,0.22185303921699112,0.21970924593599767,0.8663707979575394,0.22210745097695614,0.8686245094338149,0.8647303075372287,0.8661938491594334,0.8681785718042129,0.8643103641284584,0.22069846462968845,0.8648546960542437,0.8650567892466692,0.5265877021360039,0.5265877021360039,0.5265877021360039,0.22354364855120287,0.5265877021360039,0.5265877021360039,0.7142906317662421,0.7140647000507343,0.22187728147671673,0.2252812623578748,0.8649946117548549,0.22348348986754638,0.7515087240859568,0.8675433345992332,0.0,0.8675433345992332,0.22019830440630708,0.866662529339221,0.8666501172383764,0.0,0.22912805119178978,0.2323101329012466,0.8661938491594334,0.22767983389725122,0.4979560211554582,0.25969438291152813,0.4979560211554582,0.4979560211554582,0.4979560211554582,0.26238323949397463,0.5409517059323653,0.27460289516612113,0.8672177890006817,0.8672177890006817,0.6842274999949661,0.5302367412279317,0.5302367412279317,0.7258977369708938,0.6879863847228894,0.2386934991297948,0.2386934991297948,0.23242586555073183,0.22906935910056025,0.990846909716136,0.5278781789292868,0.5322413858702945,0.23137056491364177,0.8340669085309727,0.22713585179972082,0.3289778645906355,0.22631742705046373,0.2342124088672348,0.2282696484544975,0.2295853345572278,0.5314829403724561,0.5294093918272523,0.22757350493392042,0.2325877945137785,0.2282696484544975,0.2376660300890226
Parabacteroides distasonis_A,0.8707643017919634,0.777054287424251,0.777054287424251,0.777054287424251,0.777054287424251,0.777054287424251,0.777054287424251,0.777054287424251,0.777054287424251,0.777054287424251,0.777054287424251,0.742765746844878,0.742765746844878,0.868547106130753,0.8372078812573521,0.8372078812573521,0.7762232427095459,0.870118589671221,0.870118589671221,0.7446785803143687,0.47975835430588126,0.47975835430588126,0.37255590503975633,0.7435980181788445,0.7461036794918636,0.7435546183606223,0.8715761688759514,0.7402960133900307,0.7719605477395661,0.7719605477395661,0.8697970997628988,0.5313159370687013,0.5290994376027894,0.7653129509345129,0.7930279761666188,0.7728622918038125,0.7728622918038125,0.7630783427761074,0.8700784099289552,0.6441637114784511,0.7657450423917609,0.869076407034474,0.7680384217900195,0.8668952233250258,0.3989902543594519,0.872436601269786,0.3265080443502326,0.3264339081802666,0.5293027067616753,0.867859461962223,0.31362755433771244,0.5293027067616753,0.32232181750636707,0.3227053851910484,0.5236327015490005,0.3294108325043335,0.32503038200580386,0.3233880079475448,0.32232181750636707,0.867605329435211,0.8680794434434468,0.8673604240164098,0.3227053851910484,0.8682374239135201,0.3294108325043335,0.3013126229673195,0.29464313290792926,0.3254686012619687,0.319565053339462,0.8672829078962044,0.3199771405039303,0.3203886976381825,0.7371397539190602,0.7371397539190602,0.7371397539190602,0.8651313963381198,0.7371397539190602,0.7371397539190602,0.5684455070396618,0.5683414178036577,0.8673480219027201,0.8681073244390092,0.32244694405936886,0.8650163743853757,0.525058504074887,0.0,0.8675433345992332,0.0,0.8673108144975865,0.3151160168481182,0.30704164714341803,0.8675433345992332,0.8688721536661372,0.8657621908103336,0.31976695830564167,0.8682807860731241,0.7827197852376679,0.8772872485671886,0.7827197852376679,0.7827197852376679,0.7827197852376679,0.8771799522043047,0.7519022534810191,0.8800509721568355,0.3306168726361309,0.3306168726361309,0.6166921959035715,0.7420738903460762,0.7420738903460762,0.5577572794101157,0.5944750329020121,0.8708013616372794,0.8708013616372794,0.8680949329959774,0.8673883281238554,0.5832127845627619,0.7398090745053427,0.7428128131319256,0.8684820820249779,0.7782335372388287,0.8663087147759506,0.8389759215942526,0.8677695943307557,0.8678749554409121,0.8669169382435867,0.8688938191783389,0.741943415814897,0.7412725594512826,0.8670999423776161,0.8677664952809155,0.8669169382435867,0.8684418265672749
Parabacteroides gordonii,0.23628153396245308,0.48403307672373613,0.48403307672373613,0.48403307672373613,0.48403307672373613,0.48403307672373613,0.48403307672373613,0.48403307672373613,0.48403307672373613,0.48403307672373613,0.48403307672373613,0.5310374815179492,0.5310374815179492,0.2343731035062888,0.32486486262754677,0.32486486262754677,0.4826420942606917,0.23127756096458674,0.23127756096458674,0.5357214250022119,0.933387116912099,0.933387116912099,0.844538091427174,0.5336845018414107,0.5334929840379806,0.5331601843444707,0.23979508081956746,0.5303432384010207,0.47806813966325606,0.47806813966325606,0.23538067205527965,0.7543304233039061,0.7548329337227274,0.49569885933921115,0.4340056430642861,0.47913013377168545,0.47913013377168545,0.4930497169622257,0.23374116762116082,0.655051430009925,0.4943352631838578,0.23644082234552194,0.49985341403763295,0.22727788569695717,0.8385943918169395,0.243368410865683,0.8676983133841029,0.8676952140796765,0.7557373221524288,0.2211974939197798,0.8667463063707677,0.7557373221524288,0.8667649223892345,0.8673728259527681,0.7539274604169784,0.869450746918844,0.866467018098012,0.8651749141703785,0.8667649223892345,0.22555565380833442,0.22862280680364297,0.22384419945268563,0.8673728259527681,0.22624611976715706,0.869450746918844,0.8658957483951979,0.8667183815933511,0.8687823907884163,0.8651096366010822,0.22507823628964493,0.8655913313050464,0.8659112770099984,0.5265723810667943,0.5265723810667943,0.5265723810667943,0.22251873902231642,0.5265723810667943,0.5265723810667943,0.7145578920148754,0.714294396689389,0.22222849706527958,0.22653121422418493,0.8652339705846648,0.22277239053739795,0.7524206822993429,0.8673108144975865,0.22019830440630708,0.8673108144975865,0.0,0.8667959481982065,0.8662559405732575,0.22019830440630708,0.2238922501561376,0.22966731468287474,0.8652028887638393,0.22844629587313922,0.4970749454678436,0.26036661815693146,0.4970749454678436,0.4970749454678436,0.4970749454678436,0.25963224267943336,0.5421683168511695,0.27191619302271847,0.8674751351624151,0.8674751351624151,0.6839012027943376,0.5302620996377383,0.5302620996377383,0.725478981493199,0.687755722118283,0.23800524625207778,0.23800524625207778,0.23162613322111153,0.22667362698818305,0.990958181519536,0.5277100348353635,0.5320948373746328,0.2285286846066512,0.8341861979687379,0.22747894857586165,0.3295414280127117,0.22559141939229163,0.23420092645963544,0.22825786709924956,0.23001832713694487,0.5314070362860599,0.529383992571267,0.22732521060859906,0.23222908572938591,0.22825786709924956,0.23636119157242852
Parabacteroides merdae,0.8702082147186555,0.7761885965370211,0.7761885965370211,0.7761885965370211,0.7761885965370211,0.7761885965370211,0.7761885965370211,0.7761885965370211,0.7761885965370211,0.7761885965370211,0.7761885965370211,0.7407499588567809,0.7407499588567809,0.8666811471571904,0.8357675889184548,0.8357675889184548,0.7757657886420903,0.8696301254340981,0.8696301254340981,0.742972092287441,0.4732113730992697,0.4732113730992697,0.36368721147543237,0.742128247963907,0.7451009824053677,0.741221767230077,0.8709217952434919,0.7388997486196297,0.7703284645245103,0.7703284645245103,0.8690176117432649,0.5292366528485157,0.5272154826257897,0.7643636009131833,0.7914189509331925,0.7713227725255046,0.7713227725255046,0.7613919017666507,0.8691135388532646,0.643144252910994,0.7651407489729412,0.8683210489966818,0.7671134791904177,0.8651749141703785,0.3955786301127193,0.871937098737576,0.3237453933825976,0.32048101537461454,0.5206247733562476,0.8667059702923668,0.3116146190970734,0.5206247733562476,0.306182100753956,0.3226720495796594,0.520779713523367,0.33092582244312874,0.3258732231046932,0.31630854536669,0.306182100753956,0.8667245871771956,0.8669262444707498,0.8665725375802429,0.3226720495796594,0.8672270919994108,0.33092582244312874,0.3225886954800589,0.3129666074057781,0.32834781848192957,0.308064699508015,0.8661659065710589,0.31323287063965627,0.31312123943007125,0.7346401255202932,0.7346401255202932,0.7346401255202932,0.8636006626977974,0.7346401255202932,0.7346401255202932,0.569504241731356,0.5692869836552664,0.8665849507922615,0.8672581012744514,0.3184016151714178,0.8642885837207268,0.5239510224512011,0.3151160168481182,0.866662529339221,0.3151160168481182,0.8667959481982065,0.0,0.27499434639145526,0.866662529339221,0.8677757923972337,0.8660727580987803,0.31877302757413534,0.8674627346887507,0.7823555073247289,0.8767168945047912,0.7823555073247289,0.7823555073247289,0.7823555073247289,0.8765665781792655,0.7508499956812427,0.8793172752268111,0.3279052457775224,0.3279052457775224,0.6146392140540704,0.7404703613633364,0.7404703613633364,0.5556607851575395,0.5929621753998208,0.869781640523496,0.869781640523496,0.8668362800897084,0.8664390843193132,0.5825576394263492,0.7383608999734849,0.7416171290601162,0.8675340349917307,0.7768293005993868,0.8647800650910551,0.8374423370458601,0.8668766101047478,0.8677386033342948,0.8651345048273049,0.8679524186858374,0.7407971532162216,0.739849059174711,0.8653613943782064,0.8669603664490155,0.8651345048273049,0.8678160787503205
Parabacteroides johnsonii,0.8697445372278285,0.7757935208096377,0.7757935208096377,0.7757935208096377,0.7757935208096377,0.7757935208096377,0.7757935208096377,0.7757935208096377,0.7757935208096377,0.7757935208096377,0.7757935208096377,0.7401979246083172,0.7401979246083172,0.8663087147759506,0.8355551931734061,0.8355551931734061,0.7746279149472802,0.8690918788184346,0.8690918788184346,0.7436161006888644,0.4758748834156515,0.4758748834156515,0.3674829253405317,0.7417585376092249,0.7446894141301779,0.7407572197231729,0.8706067798497462,0.7385939638471812,0.7698884663629522,0.7698884663629522,0.8686337973666803,0.5285960102954895,0.5268174647055,0.763906085675204,0.7910518797837126,0.7709112496916684,0.7709112496916684,0.7609679405434194,0.8686864271104732,0.6424079014087463,0.7645641174112977,0.867905941568542,0.7668259593301787,0.864832929355254,0.3945575695328575,0.8716286209566443,0.32490625037727544,0.3208500206958957,0.5253964356073205,0.8662466271449116,0.2868832576084449,0.5253964356073205,0.3082305157296181,0.3188489449948851,0.5207280719234063,0.33092582244312874,0.30303915299947415,0.3085095837050524,0.3082305157296181,0.8661410679579481,0.8667649223892345,0.8661007036923588,0.3188489449948851,0.866848689524953,0.33092582244312874,0.3157639483065707,0.3055402549332872,0.3280692312077458,0.2980010495301039,0.8657684032478841,0.29296810051584143,0.30603275005104486,0.7287964589698315,0.7287964589698315,0.7287964589698315,0.8633016664986345,0.7287964589698315,0.7287964589698315,0.568767116970364,0.5685401170809339,0.8659951267182734,0.8667742302485345,0.28342210443667437,0.8639088941452991,0.5047628470880728,0.30704164714341803,0.8666501172383764,0.30704164714341803,0.8662559405732575,0.27499434639145526,0.0,0.8666501172383764,0.8674658348237854,0.8659485445493746,0.317522004289912,0.8670720289893421,0.7819085196952249,0.876244384936406,0.7819085196952249,0.7819085196952249,0.7819085196952249,0.8761676547964724,0.7502982240662557,0.8789991497019884,0.32665626621351546,0.32665626621351546,0.614236550745407,0.74015795878529,0.74015795878529,0.5550990908588431,0.592444926546756,0.8695280697819742,0.8695280697819742,0.8665135723947309,0.8660665478444172,0.5823267790613277,0.7381787676217696,0.7413487412582018,0.8674782352531341,0.7765938600043982,0.8642885837207268,0.8370119157790475,0.8665042617354833,0.8673480219027201,0.8648298197821053,0.8675929308224082,0.7404195141119482,0.7396600216950776,0.8649946117548549,0.8666252925033759,0.8648298197821053,0.867654922114685
Parabacteroides timonensis,0.23819725431207758,0.48446069484677357,0.48446069484677357,0.48446069484677357,0.48446069484677357,0.48446069484677357,0.48446069484677357,0.48446069484677357,0.48446069484677357,0.48446069484677357,0.48446069484677357,0.5315183585698994,0.5315183585698994,0.23509487011877808,0.32470754106739197,0.32470754106739197,0.48174417545509907,0.2338331917064667,0.2338331917064667,0.5355657861629356,0.9332113483740793,0.9332113483740793,0.844229158538046,0.5331349637812399,0.5335081063641608,0.533245925337016,0.2388173992155482,0.5297293181086892,0.47807376488772907,0.47807376488772907,0.23438457747900301,0.7542412907689556,0.754829370996928,0.495346097002406,0.433726717108585,0.4784617456599539,0.4784617456599539,0.492705974276277,0.23510630886687478,0.6548420204928411,0.4941230519073636,0.23826498491985715,0.5001814918690919,0.22809286423060648,0.8384885586953845,0.24355619089973526,0.8671371588309198,0.8670534195645891,0.7547866169756349,0.2243002655294444,0.8660541272020943,0.7547866169756349,0.8658118890626113,0.8663707979575394,0.7530173270226184,0.8686245094338149,0.8654080081515376,0.8649417573725018,0.8658118890626113,0.22302575356987842,0.22185303921699112,0.21970924593599767,0.8663707979575394,0.22210745097695614,0.8686245094338149,0.8647303075372287,0.8661938491594334,0.8681785718042129,0.8643103641284584,0.22069846462968845,0.8648546960542437,0.8650567892466692,0.5265877021360039,0.5265877021360039,0.5265877021360039,0.22354364855120287,0.5265877021360039,0.5265877021360039,0.7142906317662421,0.7140647000507343,0.22187728147671673,0.2252812623578748,0.8649946117548549,0.22348348986754638,0.7515087240859568,0.8675433345992332,0.0,0.8675433345992332,0.22019830440630708,0.866662529339221,0.8666501172383764,0.0,0.22912805119178978,0.2323101329012466,0.8661938491594334,0.22767983389725122,0.4979560211554582,0.25969438291152813,0.4979560211554582,0.4979560211554582,0.4979560211554582,0.26238323949397463,0.5409517059323653,0.27460289516612113,0.8672177890006817,0.8672177890006817,0.6842274999949661,0.5302367412279317,0.5302367412279317,0.7258977369708938,0.6879863847228894,0.2386934991297948,0.2386934991297948,0.23242586555073183,0.22906935910056025,0.990846909716136,0.5278781789292868,0.5322413858702945,0.23137056491364177,0.8340669085309727,0.22713585179972082,0.3289778645906355,0.22631742705046373,0.2342124088672348,0.2282696484544975,0.2295853345572278,0.5314829403724561,0.5294093918272523,0.22757350493392042,0.2325877945137785,0.2282696484544975,0.2376660300890226
Butyricimonas virosa,0.23068377934052267,0.4828203636584364,0.4828203636584364,0.4828203636584364,0.4828203636584364,0.4828203636584364,0.4828203636584364,0.4828203636584364,0.4828203636584364,0.4828203636584364,0.4828203636584364,0.5295160553982914,0.5295160553982914,0.22818716619400725,0.32255534780896344,0.32255534780896344,0.4810570584717012,0.23029875190080246,0.23029875190080246,0.5345656061260625,0.932799170989059,0.932799170989059,0.843818134416026,0.5324838602713787,0.5329785696516763,0.5316650659665678,0.23674771871791933,0.5288910056383063,0.4767612937119877,0.4767612937119877,0.23211325496467125,0.7528387404711775,0.7536920018968462,0.4935676064293977,0.4314825859731972,0.4777699079897173,0.4777699079897173,0.4909398307734135,0.2269226342647272,0.6543038182839448,0.4921981058408329,0.23010015299596606,0.49775075642032884,0.22525738643577312,0.8381453109032198,0.24201653836186807,0.8681073244390092,0.868395375643426,0.756512667371476,0.22541253472424913,0.8668828145559131,0.756512667371476,0.8672053848471343,0.8678191776230942,0.7541557136246012,0.8696424950023373,0.8668704056091756,0.86580878300542,0.8672053848471343,0.22903413662643793,0.23070709368484824,0.22732521060859906,0.8678191776230942,0.23232170876058067,0.8696424950023373,0.8662497316321528,0.8671898794056928,0.8690918788184346,0.8655447274045545,0.225364808165441,0.8655851175966233,0.8651407217721685,0.5259898497485065,0.5259898497485065,0.5259898497485065,0.21629217436780385,0.5259898497485065,0.5259898497485065,0.7149868051262478,0.7147836678402874,0.22218008654361485,0.22378412156452857,0.8643010297352102,0.21568207520221444,0.7517484437879889,0.8688721536661372,0.22912805119178978,0.8688721536661372,0.2238922501561376,0.8677757923972337,0.8674658348237854,0.22912805119178978,0.0,0.22361581760830537,0.8655385133615615,0.22565101610148977,0.497453512713242,0.2602633103648406,0.497453512713242,0.497453512713242,0.497453512713242,0.26070724342495155,0.541880549616279,0.27264707219813866,0.8663211317681938,0.8663211317681938,0.6832638846765337,0.5288503264084927,0.5288503264084927,0.7242175489605327,0.6854055920414723,0.23443046775403484,0.23443046775403484,0.22802211216431334,0.22335108372722196,0.9904587175434042,0.526853196543989,0.5311134384192743,0.22723055092903843,0.8335089232785012,0.22308603568941318,0.3257329010375537,0.21837100276839405,0.2303337809909588,0.22342331498563822,0.22467163375614746,0.5299577186358839,0.5275928118071673,0.22343535125850814,0.22764439642775378,0.22342331498563822,0.23076536924052393
Odoribacter splanchnicus,0.23457954914764237,0.48359395865559723,0.48359395865559723,0.48359395865559723,0.48359395865559723,0.48359395865559723,0.48359395865559723,0.48359395865559723,0.48359395865559723,0.48359395865559723,0.48359395865559723,0.528423005426248,0.528423005426248,0.22737252567011854,0.31821574640683836,0.31821574640683836,0.48172184560547854,0.23328050267276007,0.23328050267276007,0.5322615962893589,0.9313363449299009,0.9313363449299009,0.8420283239092553,0.5299678674857874,0.5334375318408857,0.5301099309831752,0.23762076467958645,0.5265621667729944,0.4741311239633721,0.4741311239633721,0.234177959955392,0.7521561494806513,0.7523098758182903,0.4921871781828752,0.4300529532016759,0.47537166198985104,0.47537166198985104,0.48928824334396886,0.23234485874905533,0.6545462694711354,0.49326239000894606,0.22719504338121183,0.49881397589354476,0.22105155317775227,0.8367998358679286,0.2443058677125661,0.8643165870012854,0.8650225921792466,0.752624380673226,0.224468056293888,0.863186400729411,0.752624380673226,0.8643508120010092,0.865028809928424,0.7502695495182033,0.8663180275368181,0.8664328766906341,0.8627999923573751,0.8643508120010092,0.22670921620106568,0.228775672783868,0.22531707149721528,0.865028809928424,0.22796313533479198,0.8663180275368181,0.8660168642062849,0.864117432843311,0.8655913313050464,0.8620360150050534,0.22456388044181474,0.8622512444478324,0.8625412513300839,0.5218475468713142,0.5218475468713142,0.5218475468713142,0.2112729941784181,0.5218475468713142,0.5218475468713142,0.7146218690741578,0.7142680418106147,0.21924362992296748,0.22324269301939922,0.8642356861595566,0.20610554194342504,0.7518879469299066,0.8657621908103336,0.2323101329012466,0.8657621908103336,0.22966731468287474,0.8660727580987803,0.8659485445493746,0.2323101329012466,0.22361581760830537,0.0,0.8627719398521928,0.22549603189568374,0.494324382770435,0.261037122235814,0.494324382770435,0.494324382770435,0.494324382770435,0.26217817245249164,0.542391479353321,0.27415203527043264,0.8636940777829328,0.8636940777829328,0.6816443114451514,0.5273888836114627,0.5273888836114627,0.723671484055262,0.6850091939563732,0.23326897439311217,0.23326897439311217,0.22082028307724325,0.22016166270467952,0.9892334213249894,0.5247511047447981,0.5309665786065535,0.22825786709924956,0.8321947310927403,0.2165407004458433,0.3217205326304826,0.2218287943079829,0.22452795117882776,0.2209907160902707,0.22594876385735063,0.5276132002916131,0.5260972066150148,0.21992945682856194,0.22103938709980045,0.2209907160902707,0.2282460851358846
Barnesiella intestinihominis,0.8663583816771319,0.7735822349630127,0.7735822349630127,0.7735822349630127,0.7735822349630127,0.7735822349630127,0.7735822349630127,0.7735822349630127,0.7735822349630127,0.7735822349630127,0.7735822349630127,0.7375956418750064,0.7375956418750064,0.8642916952411501,0.8331216619701727,0.8331216619701727,0.7727056936598744,0.8660944936383771,0.8660944936383771,0.7411927415409225,0.4684879651718113,0.4684879651718113,0.3616480288339009,0.7396272987649873,0.7412761873339089,0.7389943706443394,0.8675340349917307,0.7358836921623417,0.7672256528339924,0.7672256528339924,0.8661317532943884,0.5244435252345234,0.5225891005606041,0.7591067835162734,0.7875186084741246,0.7685669605081428,0.7685669605081428,0.7589189993667563,0.8663087147759506,0.6383975501433601,0.7605897091473726,0.8649977207355944,0.7654394419745922,0.8626628381047104,0.387022226899906,0.8688504876136878,0.32178739754498004,0.3198174146307376,0.5266183429372014,0.8646898774164612,0.3129150464168114,0.5266183429372014,0.3214111014587347,0.3214947608738423,0.519978692377961,0.3252619676297744,0.32505520264312393,0.31464628691271335,0.3214111014587347,0.8639867129790733,0.8644130358015362,0.8644503679319723,0.3214947608738423,0.8650630067500509,0.3252619676297744,0.31831714282356155,0.3117009078642956,0.3233048384355999,0.3126141044876146,0.8643974802713286,0.31023940319254006,0.3111828163523078,0.7328258661974744,0.7328258661974744,0.7328258661974744,0.8588011005903237,0.7328258661974744,0.7328258661974744,0.5630407848221427,0.5626967855324642,0.8628124598446939,0.8625474869662247,0.3113556093115686,0.8595616958633993,0.520784877401717,0.31976695830564167,0.8661938491594334,0.31976695830564167,0.8652028887638393,0.31877302757413534,0.317522004289912,0.8661938491594334,0.8655385133615615,0.8627719398521928,0.0,0.8631521295594087,0.7800938769819091,0.8742010701738948,0.7800938769819091,0.7800938769819091,0.7800938769819091,0.8747453960245091,0.7465504913558133,0.8786043916463792,0.3160193450334815,0.3160193450334815,0.610508134974004,0.7362782678969477,0.7362782678969477,0.5497099116416825,0.5871512050420731,0.8660913885946885,0.8660913885946885,0.863631802182207,0.8622793138927817,0.5776948530873216,0.7344058068960481,0.7390416771136515,0.8645623546511874,0.7716086167672117,0.8625412513300839,0.8361986506849243,0.8629121932584854,0.8644130358015362,0.8629340084062386,0.8638933295373611,0.7375117796467084,0.7363330533596517,0.8628186935207963,0.8634698646002329,0.8629340084062386,0.8646338941282334
Parasutterella excrementihominis,0.22063753018400079,0.4781018900173202,0.4781018900173202,0.4781018900173202,0.4781018900173202,0.4781018900173202,0.4781018900173202,0.4781018900173202,0.4781018900173202,0.4781018900173202,0.4781018900173202,0.5253708423434548,0.5253708423434548,0.2193294755651586,0.31251946288725774,0.31251946288725774,0.4771108875073829,0.22142837004407048,0.22142837004407048,0.5295465267581438,0.9299666511766209,0.9299666511766209,0.840468312311014,0.5284738950904959,0.5276692645618191,0.5275673250935723,0.22744347980686522,0.5226251214920974,0.4723126068628559,0.4723126068628559,0.22232528648496683,0.7499576430152994,0.7511722719657788,0.4866594645636461,0.42441300056874814,0.4722499708420674,0.4722499708420674,0.48484911132258723,0.21610559224632406,0.6493322559732453,0.4863001450901458,0.222313190112016,0.4940686240775012,0.2108652784556896,0.8349917610921908,0.2324142948791353,0.8662124770509152,0.8659982321071098,0.7535385575211823,0.22256707588375815,0.8648422580076169,0.7535385575211823,0.8655322992739553,0.8658740078666132,0.751709092067144,0.8674906355052235,0.8643508120010092,0.8640334009151507,0.8655322992739553,0.21945205394367925,0.2205156107791098,0.22469557191973955,0.8658740078666132,0.22167113776312378,0.8674906355052235,0.8640769740461658,0.8655789038435939,0.8674038300178891,0.8634947800510865,0.22350755528406666,0.8631739386432091,0.8637189867659738,0.5223008436769311,0.5223008436769311,0.5223008436769311,0.20702987424890662,0.5223008436769311,0.5223008436769311,0.7122546663201088,0.7118165509491826,0.21495767913415917,0.212933941050531,0.8621545538090941,0.20980407310721105,0.7500687969880767,0.8682807860731241,0.22767983389725122,0.8682807860731241,0.22844629587313922,0.8674627346887507,0.8670720289893421,0.22767983389725122,0.22565101610148977,0.22549603189568374,0.8631521295594087,0.0,0.4930715338040675,0.24741231708565053,0.4930715338040675,0.4930715338040675,0.4930715338040675,0.2537761075446657,0.5357666020031215,0.26761964986415204,0.8639431352957248,0.8639431352957248,0.678686849526582,0.5234272304894508,0.5234272304894508,0.7206775232449121,0.6819243665812652,0.21821084799601134,0.21821084799601134,0.21479497934497568,0.20776896799923336,0.9874266703607857,0.521089455648406,0.5259284931284499,0.2147574157352545,0.8298388476747308,0.21069941858310837,0.31778445069946404,0.2058836071703926,0.2160807024573274,0.21524523133879578,0.21105649326854056,0.5250072833522846,0.5230314714518471,0.20237928571307265,0.21386648452144102,0.21524523133879578,0.22113669698217214
Escherichia coli,0.49799382385212726,0.3061733174351816,0.3061733174351816,0.3061733174351816,0.3061733174351816,0.3061733174351816,0.3061733174351816,0.3061733174351816,0.3061733174351816,0.3061733174351816,0.3061733174351816,0.37444234902637036,0.37444234902637036,0.4938454072595451,0.5411008256659494,0.5411008256659494,0.30451755268804953,0.4973724154173868,0.4973724154173868,0.3794010268423371,0.8532783278627923,0.8532783278627923,0.8009641897022765,0.3754751371176511,0.3798473186400232,0.3749877860948505,0.4979452198578602,0.37305364194179197,0.29578182816892185,0.29578182816892185,0.49809641670950244,0.6531519754432452,0.6537158092662727,0.41575791717111843,0.3439873289910357,0.297061037811354,0.297061037811354,0.41505227115482196,0.49748594792998,0.6003987738519015,0.4182150871058618,0.4952646546270984,0.42372176856054666,0.49249852141866346,0.749039095795217,0.5005899437506927,0.7820563977259886,0.7817778135020286,0.6553838840696228,0.4965932075340871,0.7810826397316036,0.6553838840696228,0.7814612763935409,0.7815300997143014,0.6534524729946479,0.7824964273834246,0.783660624710078,0.779662839180832,0.7814612763935409,0.49599715458504495,0.49650113700845894,0.4961435248022223,0.7815300997143014,0.4972642651159458,0.7824964273834246,0.7829121655215279,0.7808312613187837,0.7823933176367159,0.7797007800693605,0.496224822933911,0.7795110571598732,0.7804385358173863,0.3707324063849959,0.3707324063849959,0.3707324063849959,0.4910548505100964,0.3707324063849959,0.3707324063849959,0.611797423279886,0.6114192792409844,0.49415570572775375,0.4947485415875272,0.7820082544605094,0.4908193049965756,0.6541270599576032,0.7827197852376679,0.4979560211554582,0.7827197852376679,0.4970749454678436,0.7823555073247289,0.7819085196952249,0.4979560211554582,0.497453512713242,0.494324382770435,0.7800938769819091,0.4930715338040675,0.0,0.49887866731382713,0.0,0.0,0.0,0.49780478166186953,0.37843580885351835,0.502204364924801,0.780693485395539,0.780693485395539,0.57138996008548,0.37398960738955117,0.37398960738955117,0.6734880276863648,0.6330547925026784,0.4971723188623852,0.4971723188623852,0.4923619916063178,0.49275509505545056,0.9154934612170983,0.3705945566249279,0.37850686460225347,0.49513431896275406,0.7432254205938207,0.49106032696842283,0.54260463776792,0.493992415041019,0.4937637173575313,0.4928969720306438,0.49488984707392847,0.3745500639927915,0.37239706644586446,0.4902875425826412,0.4922855183719738,0.4928969720306438,0.4939978589335176
Escherichia fergusonii,0.25997383014932823,0.4956934341277417,0.4956934341277417,0.4956934341277417,0.4956934341277417,0.4956934341277417,0.4956934341277417,0.4956934341277417,0.4956934341277417,0.4956934341277417,0.4956934341277417,0.5421335944279249,0.5421335944279249,0.25769846342244473,0.3425772178574797,0.3425772178574797,0.4944984406570863,0.257823661063882,0.257823661063882,0.546013705677507,0.9392291547521723,0.9392291547521723,0.8519125593275894,0.544064751859013,0.5432634122919886,0.5431544972221336,0.25925908851276364,0.5407776809389366,0.4910877083439783,0.4910877083439783,0.25938353288241606,0.7619074031341684,0.7626306354213015,0.5055720183636744,0.4472977746197457,0.49161860525425255,0.49161860525425255,0.5047575192977476,0.2562647884338478,0.6634708934552316,0.5044057607126398,0.2602219757643473,0.5099942391583664,0.2544745460906471,0.8457027394843489,0.26422168094001736,0.8756334267701192,0.875587357369077,0.7645887386188767,0.2569669281277362,0.8745855162294496,0.7645887386188767,0.8749728669029251,0.8755259277301499,0.7629267862395177,0.8768855862177181,0.8740564747141036,0.8739210870694412,0.8749728669029251,0.2541467306694377,0.2550234837731287,0.2563067612108771,0.8755259277301499,0.25572903166465794,0.8768855862177181,0.8737856784473071,0.874674683565683,0.876523625922958,0.8736287012825985,0.2569459965162383,0.8731883991261155,0.8741087779606991,0.5395379972756651,0.5395379972756651,0.5395379972756651,0.2507914056840582,0.5395379972756651,0.5395379972756651,0.7244403143067575,0.7241878417369847,0.2516477899610522,0.25217088912382535,0.8725383167282312,0.25178667728697923,0.7603775344461545,0.8772872485671886,0.25969438291152813,0.8772872485671886,0.26036661815693146,0.8767168945047912,0.876244384936406,0.25969438291152813,0.2602633103648406,0.261037122235814,0.8742010701738948,0.24741231708565053,0.49887866731382713,0.0,0.49887866731382713,0.49887866731382713,0.49887866731382713,0.2563382362834955,0.5383454150777073,0.27331696773420155,0.8741456960152817,0.8741456960152817,0.6923349520967796,0.5414635121351944,0.5414635121351944,0.7336620823620859,0.6959805072546349,0.25660037841352296,0.25660037841352296,0.2539561920466247,0.25399854631510577,0.9965437110457028,0.5393934312093918,0.543040608110739,0.2548336006978704,0.8410568532279522,0.2520855593221695,0.3455551527433328,0.2516264158759955,0.25691459590143795,0.2547174913573634,0.25302260442260205,0.5424856759575011,0.5408622143577739,0.25012569114113714,0.2554344128667671,0.2547174913573634,0.25844873954975184
Escherichia ruysiae,0.49799382385212726,0.3061733174351816,0.3061733174351816,0.3061733174351816,0.3061733174351816,0.3061733174351816,0.3061733174351816,0.3061733174351816,0.3061733174351816,0.3061733174351816,0.3061733174351816,0.37444234902637036,0.37444234902637036,0.4938454072595451,0.5411008256659494,0.5411008256659494,0.30451755268804953,0.4973724154173868,0.4973724154173868,0.3794010268423371,0.8532783278627923,0.8532783278627923,0.8009641897022765,0.3754751371176511,0.3798473186400232,0.3749877860948505,0.4979452198578602,0.37305364194179197,0.29578182816892185,0.29578182816892185,0.49809641670950244,0.6531519754432452,0.6537158092662727,0.41575791717111843,0.3439873289910357,0.297061037811354,0.297061037811354,0.41505227115482196,0.49748594792998,0.6003987738519015,0.4182150871058618,0.4952646546270984,0.42372176856054666,0.49249852141866346,0.749039095795217,0.5005899437506927,0.7820563977259886,0.7817778135020286,0.6553838840696228,0.4965932075340871,0.7810826397316036,0.6553838840696228,0.7814612763935409,0.7815300997143014,0.6534524729946479,0.7824964273834246,0.783660624710078,0.779662839180832,0.7814612763935409,0.49599715458504495,0.49650113700845894,0.4961435248022223,0.7815300997143014,0.4972642651159458,0.7824964273834246,0.7829121655215279,0.7808312613187837,0.7823933176367159,0.7797007800693605,0.496224822933911,0.7795110571598732,0.7804385358173863,0.3707324063849959,0.3707324063849959,0.3707324063849959,0.4910548505100964,0.3707324063849959,0.3707324063849959,0.611797423279886,0.6114192792409844,0.49415570572775375,0.4947485415875272,0.7820082544605094,0.4908193049965756,0.6541270599576032,0.7827197852376679,0.4979560211554582,0.7827197852376679,0.4970749454678436,0.7823555073247289,0.7819085196952249,0.4979560211554582,0.497453512713242,0.494324382770435,0.7800938769819091,0.4930715338040675,0.0,0.49887866731382713,0.0,0.0,0.0,0.49780478166186953,0.37843580885351835,0.502204364924801,0.780693485395539,0.780693485395539,0.57138996008548,0.37398960738955117,0.37398960738955117,0.6734880276863648,0.6330547925026784,0.4971723188623852,0.4971723188623852,0.4923619916063178,0.49275509505545056,0.9154934612170983,0.3705945566249279,0.37850686460225347,0.49513431896275406,0.7432254205938207,0.49106032696842283,0.54260463776792,0.493992415041019,0.4937637173575313,0.4928969720306438,0.49488984707392847,0.3745500639927915,0.37239706644586446,0.4902875425826412,0.4922855183719738,0.4928969720306438,0.4939978589335176
Escherichia sp005843885,0.49799382385212726,0.3061733174351816,0.3061733174351816,0.3061733174351816,0.3061733174351816,0.3061733174351816,0.3061733174351816,0.3061733174351816,0.3061733174351816,0.3061733174351816,0.3061733174351816,0.37444234902637036,0.37444234902637036,0.4938454072595451,0.5411008256659494,0.5411008256659494,0.30451755268804953,0.4973724154173868,0.4973724154173868,0.3794010268423371,0.8532783278627923,0.8532783278627923,0.8009641897022765,0.3754751371176511,0.3798473186400232,0.3749877860948505,0.4979452198578602,0.37305364194179197,0.29578182816892185,0.29578182816892185,0.49809641670950244,0.6531519754432452,0.6537158092662727,0.41575791717111843,0.3439873289910357,0.297061037811354,0.297061037811354,0.41505227115482196,0.49748594792998,0.6003987738519015,0.4182150871058618,0.4952646546270984,0.42372176856054666,0.49249852141866346,0.749039095795217,0.5005899437506927,0.7820563977259886,0.7817778135020286,0.6553838840696228,0.4965932075340871,0.7810826397316036,0.6553838840696228,0.7814612763935409,0.7815300997143014,0.6534524729946479,0.7824964273834246,0.783660624710078,0.779662839180832,0.7814612763935409,0.49599715458504495,0.49650113700845894,0.4961435248022223,0.7815300997143014,0.4972642651159458,0.7824964273834246,0.7829121655215279,0.7808312613187837,0.7823933176367159,0.7797007800693605,0.496224822933911,0.7795110571598732,0.7804385358173863,0.3707324063849959,0.3707324063849959,0.3707324063849959,0.4910548505100964,0.3707324063849959,0.3707324063849959,0.611797423279886,0.6114192792409844,0.49415570572775375,0.4947485415875272,0.7820082544605094,0.4908193049965756,0.6541270599576032,0.7827197852376679,0.4979560211554582,0.7827197852376679,0.4970749454678436,0.7823555073247289,0.7819085196952249,0.4979560211554582,0.497453512713242,0.494324382770435,0.7800938769819091,0.4930715338040675,0.0,0.49887866731382713,0.0,0.0,0.0,0.49780478166186953,0.37843580885351835,0.502204364924801,0.780693485395539,0.780693485395539,0.57138996008548,0.37398960738955117,0.37398960738955117,0.6734880276863648,0.6330547925026784,0.4971723188623852,0.4971723188623852,0.4923619916063178,0.49275509505545056,0.9154934612170983,0.3705945566249279,0.37850686460225347,0.49513431896275406,0.7432254205938207,0.49106032696842283,0.54260463776792,0.493992415041019,0.4937637173575313,0.4928969720306438,0.49488984707392847,0.3745500639927915,0.37239706644586446,0.4902875425826412,0.4922855183719738,0.4928969720306438,0.4939978589335176
Escherichia coli_E,0.49799382385212726,0.3061733174351816,0.3061733174351816,0.3061733174351816,0.3061733174351816,0.3061733174351816,0.3061733174351816,0.3061733174351816,0.3061733174351816,0.3061733174351816,0.3061733174351816,0.37444234902637036,0.37444234902637036,0.4938454072595451,0.5411008256659494,0.5411008256659494,0.30451755268804953,0.4973724154173868,0.4973724154173868,0.3794010268423371,0.8532783278627923,0.8532783278627923,0.8009641897022765,0.3754751371176511,0.3798473186400232,0.3749877860948505,0.4979452198578602,0.37305364194179197,0.29578182816892185,0.29578182816892185,0.49809641670950244,0.6531519754432452,0.6537158092662727,0.41575791717111843,0.3439873289910357,0.297061037811354,0.297061037811354,0.41505227115482196,0.49748594792998,0.6003987738519015,0.4182150871058618,0.4952646546270984,0.42372176856054666,0.49249852141866346,0.749039095795217,0.5005899437506927,0.7820563977259886,0.7817778135020286,0.6553838840696228,0.4965932075340871,0.7810826397316036,0.6553838840696228,0.7814612763935409,0.7815300997143014,0.6534524729946479,0.7824964273834246,0.783660624710078,0.779662839180832,0.7814612763935409,0.49599715458504495,0.49650113700845894,0.4961435248022223,0.7815300997143014,0.4972642651159458,0.7824964273834246,0.7829121655215279,0.7808312613187837,0.7823933176367159,0.7797007800693605,0.496224822933911,0.7795110571598732,0.7804385358173863,0.3707324063849959,0.3707324063849959,0.3707324063849959,0.4910548505100964,0.3707324063849959,0.3707324063849959,0.611797423279886,0.6114192792409844,0.49415570572775375,0.4947485415875272,0.7820082544605094,0.4908193049965756,0.6541270599576032,0.7827197852376679,0.4979560211554582,0.7827197852376679,0.4970749454678436,0.7823555073247289,0.7819085196952249,0.4979560211554582,0.497453512713242,0.494324382770435,0.7800938769819091,0.4930715338040675,0.0,0.49887866731382713,0.0,0.0,0.0,0.49780478166186953,0.37843580885351835,0.502204364924801,0.780693485395539,0.780693485395539,0.57138996008548,0.37398960738955117,0.37398960738955117,0.6734880276863648,0.6330547925026784,0.4971723188623852,0.4971723188623852,0.4923619916063178,0.49275509505545056,0.9154934612170983,0.3705945566249279,0.37850686460225347,0.49513431896275406,0.7432254205938207,0.49106032696842283,0.54260463776792,0.493992415041019,0.4937637173575313,0.4928969720306438,0.49488984707392847,0.3745500639927915,0.37239706644586446,0.4902875425826412,0.4922855183719738,0.4928969720306438,0.4939978589335176
Escherichia albertii,0.26351846100932963,0.4972480405419191,0.4972480405419191,0.4972480405419191,0.4972480405419191,0.4972480405419191,0.4972480405419191,0.4972480405419191,0.4972480405419191,0.4972480405419191,0.4972480405419191,0.5438323860454369,0.5438323860454369,0.26032529995970916,0.34571076616774904,0.34571076616774904,0.4962627575042074,0.2613151335683942,0.2613151335683942,0.5478673800554432,0.9399246691926386,0.9399246691926386,0.8528937367771535,0.5452842807996446,0.5451955003996678,0.5448106181549977,0.26277242597981626,0.5426888866059043,0.4925695019654641,0.4925695019654641,0.2635286660034668,0.762891536218188,0.7636208798818135,0.507870024526511,0.44941508009046627,0.49353491369851193,0.49353491369851193,0.5064436215989656,0.2610783277802279,0.6651913216660249,0.5064330013265267,0.26335512732291044,0.510831975816385,0.2573434060039004,0.8464878122236071,0.26768998222440027,0.8765021490054894,0.8762842819539308,0.765442955316212,0.25964260041756126,0.87541227153417,0.765442955316212,0.8758115389865397,0.8761124049346687,0.763909606068973,0.8771646230810612,0.8752402232721644,0.874311807969826,0.8758115389865397,0.25825096172303535,0.2593213181624608,0.2590100204012969,0.8761124049346687,0.2601806345970733,0.8771646230810612,0.8750558483108586,0.8752740211355308,0.8772136753325267,0.8743394902273584,0.25929020520450174,0.8742933526445337,0.8747515446638305,0.5413442995595235,0.5413442995595235,0.5413442995595235,0.2552869759639399,0.5413442995595235,0.5413442995595235,0.7259644190803062,0.7256383594054141,0.25507620398616027,0.2577088988823054,0.8740933949777568,0.2544534094532013,0.7619426986847923,0.8771799522043047,0.26238323949397463,0.8771799522043047,0.25963224267943336,0.8765665781792655,0.8761676547964724,0.26238323949397463,0.26070724342495155,0.26217817245249164,0.8747453960245091,0.2537761075446657,0.49780478166186953,0.2563382362834955,0.49780478166186953,0.49780478166186953,0.49780478166186953,0.0,0.5433228113094734,0.2732087136424558,0.8749728669029251,0.8749728669029251,0.6936194732310268,0.5431743015865106,0.5431743015865106,0.7342300188539406,0.697281453436059,0.2603149693856874,0.2603149693856874,0.2574374394474493,0.2571656934651042,0.9972208254684025,0.5406433948130522,0.5442821959061515,0.2570924820089058,0.8418526474741074,0.2554659954183993,0.34836871809739667,0.2557710923609398,0.2605421473941937,0.2578549509761391,0.25745833110416433,0.5439757724239821,0.5420194908045227,0.25440056017656976,0.25841752153507674,0.2578549509761391,0.26164424595772423
Hafnia alvei,0.5401407692056033,0.3740255592865234,0.3740255592865234,0.3740255592865234,0.3740255592865234,0.3740255592865234,0.3740255592865234,0.3740255592865234,0.3740255592865234,0.3740255592865234,0.3740255592865234,0.29533598281572604,0.29533598281572604,0.5405638021080608,0.4915857829057808,0.4915857829057808,0.37167421731049033,0.5403548154779342,0.5403548154779342,0.30341164412390154,0.8225345769598222,0.8225345769598222,0.7674359342231882,0.29886612848196525,0.2956090291769972,0.2981634430177265,0.5400063246956542,0.2952540196680818,0.36770971474100594,0.36770971474100594,0.5412200918707296,0.6114676595444914,0.6136057646587768,0.34563296821321904,0.40777043110760214,0.36857899742526656,0.36857899742526656,0.3458274302841087,0.5398818091863055,0.5525011278742085,0.343000859894543,0.541662141456672,0.3535029948280878,0.5390642742607987,0.7783406531727202,0.54260463776792,0.7497065895523258,0.7495451536367408,0.6158980233376876,0.539518059431629,0.7482380360995616,0.6158980233376876,0.7485398811985835,0.7495738558961719,0.6143328638076603,0.7510397973443922,0.7466117269785594,0.7475692310934592,0.7485398811985835,0.5382205153226315,0.5385651682946101,0.5399116955274498,0.7495738558961719,0.5384602972648369,0.7510397973443922,0.7469070282939404,0.7483135087887923,0.75037348954147,0.747198613793563,0.5399465608346941,0.7471518237868972,0.7478245982109648,0.2945335865664649,0.2945335865664649,0.2945335865664649,0.5368346813099418,0.2945335865664649,0.2945335865664649,0.6460105017523667,0.6456940462776573,0.5382155187295492,0.5377306285267015,0.7457070900419049,0.5382305083696403,0.6111025135793491,0.7519022534810191,0.5409517059323653,0.7519022534810191,0.5421683168511695,0.7508499956812427,0.7502982240662557,0.5409517059323653,0.541880549616279,0.542391479353321,0.7465504913558133,0.5357666020031215,0.37843580885351835,0.5383454150777073,0.37843580885351835,0.37843580885351835,0.37843580885351835,0.5433228113094734,0.0,0.548495319736175,0.7482703824699329,0.7482703824699329,0.5231599974674233,0.2951447000643339,0.2951447000643339,0.6334412482457692,0.6687315071793508,0.5393136540329585,0.5393136540329585,0.539109171133169,0.5386800036158288,0.8877696777161936,0.29307823200291516,0.29968384578142965,0.5395728867299802,0.7088483957361335,0.5382305083696403,0.4935676064293977,0.5367344825892246,0.5403299307330535,0.5392388522109323,0.5381805412790668,0.29605446333434254,0.2945335865664649,0.5376856165457196,0.539976443591997,0.5392388522109323,0.5409318201952732
Klebsiella pneumoniae,0.2746910203286349,0.5027235223212845,0.5027235223212845,0.5027235223212845,0.5027235223212845,0.5027235223212845,0.5027235223212845,0.5027235223212845,0.5027235223212845,0.5027235223212845,0.5027235223212845,0.5488433202510659,0.5488433202510659,0.27232138192668137,0.35436159400178036,0.35436159400178036,0.5015988957309089,0.2737397320514327,0.2737397320514327,0.5530071081258876,0.94311799957023,0.94311799957023,0.8565874738222972,0.5507607168434985,0.5508486002969472,0.549920233315049,0.27579508443814227,0.5484659011237086,0.49826915693203877,0.49826915693203877,0.27517031776411727,0.7667452941539983,0.7675340458224451,0.5134731730826793,0.45676308203501415,0.4994174366048308,0.4994174366048308,0.5121148939932565,0.27351368358501293,0.6700572646662089,0.5128705202084217,0.2751018978279083,0.5165696057555326,0.26963189365223916,0.8502852901390602,0.279292985475674,0.8792958665445977,0.8794396005559173,0.7690112118269521,0.27212380417308857,0.8784850112662692,0.7690112118269521,0.878852283697574,0.8794518321530271,0.7678983505855811,0.8805306014615618,0.8791826977069617,0.877970571751796,0.878852283697574,0.27168862735238053,0.27372990773890415,0.27294281702117207,0.8794518321530271,0.27311026359650675,0.8805306014615618,0.8787237558078822,0.8784084768480249,0.8802068039665976,0.8776672786944361,0.2723806273058065,0.8774803489580743,0.8781696465927604,0.5467913421192702,0.5467913421192702,0.5467913421192702,0.2678305915370321,0.5467913421192702,0.5467913421192702,0.7308672949473929,0.7305286987123291,0.2688728158415448,0.2708558937035706,0.8779736347835378,0.26798116250157306,0.76659446257792,0.8800509721568355,0.27460289516612113,0.8800509721568355,0.27191619302271847,0.8793172752268111,0.8789991497019884,0.27460289516612113,0.27264707219813866,0.27415203527043264,0.8786043916463792,0.26761964986415204,0.502204364924801,0.27331696773420155,0.502204364924801,0.502204364924801,0.502204364924801,0.2732087136424558,0.548495319736175,0.0,0.8785615390173457,0.8785615390173457,0.6980947582638019,0.5488580196396311,0.5488580196396311,0.7390125657985994,0.7020245794499954,0.27294281702117207,0.27294281702117207,0.269142733406038,0.2699209790788541,1.0,0.5464223488781391,0.5500620327578271,0.27036894796692384,0.8452447087809541,0.26737836989035324,0.35742193134189226,0.26839229214376426,0.2721336864676526,0.2698811236369124,0.27103455201339466,0.5486717982863454,0.5481470982872788,0.26646153196413436,0.2705379876154947,0.2698811236369124,0.27377902577618135
Akkermansia muciniphila,0.8676425242105618,0.7738811448502367,0.7738811448502367,0.7738811448502367,0.7738811448502367,0.7738811448502367,0.7738811448502367,0.7738811448502367,0.7738811448502367,0.7738811448502367,0.7738811448502367,0.7386594998120805,0.7386594998120805,0.8649821757201517,0.8334508455534404,0.8334508455534404,0.773039731350946,0.8667276899524565,0.8667276899524565,0.7412943264807187,0.47064136488319347,0.47064136488319347,0.3673292142576868,0.7395254848339158,0.7424072210820357,0.7389725358678603,0.8683148548222676,0.735949469475739,0.7687803731027726,0.7687803731027726,0.8668269728966905,0.5254476183952966,0.5235659322994278,0.7595034576739178,0.7879351098026078,0.7690007206609327,0.7690007206609327,0.7579190636068079,0.8657746156408567,0.638431249338387,0.762150909162152,0.8651966722656821,0.7646379786556392,0.863049307884076,0.38736950029219175,0.8702916504313608,0.32123534576887997,0.31816503608067004,0.5245306910741396,0.8653303171343194,0.32419364495603187,0.5245306910741396,0.32301357650480783,0.3197333163320287,0.525636951376531,0.3278806408891714,0.3287734365327961,0.31880677088190146,0.32301357650480783,0.8654919066169967,0.8660044428513758,0.8654017931268281,0.3197333163320287,0.8665911573315924,0.3278806408891714,0.3273963689662166,0.3238699699402074,0.32398619817647734,0.31786906460801134,0.8649883937598526,0.31848606511459754,0.316648442891544,0.7342483320719659,0.7342483320719659,0.7342483320719659,0.8607153886355032,0.7342483320719659,0.7342483320719659,0.5661463730746638,0.5655380324097777,0.8638777646489934,0.8637003050960403,0.32203801732715814,0.860674769914298,0.5263220738038016,0.3306168726361309,0.8672177890006817,0.3306168726361309,0.8674751351624151,0.3279052457775224,0.32665626621351546,0.8672177890006817,0.8663211317681938,0.8636940777829328,0.3160193450334815,0.8639431352957248,0.780693485395539,0.8741456960152817,0.780693485395539,0.780693485395539,0.780693485395539,0.8749728669029251,0.7482703824699329,0.8785615390173457,0.0,0.0,0.610930863602578,0.736256352570409,0.736256352570409,0.5509413509558787,0.5897105262528644,0.8665011581601688,0.8665011581601688,0.8639493608136354,0.8632269012670603,0.5774713626381871,0.7361248469098155,0.7397181922187812,0.8649852847455896,0.7725281773886868,0.8614680503818435,0.8351302396297298,0.8630430758736786,0.8632673999046104,0.8628093429897535,0.8644348130735574,0.7375409501989599,0.7365229447462517,0.8627002459724746,0.8631272042174389,0.8628093429897535,0.8646214529052516
Akkermansia muciniphila_B,0.8676425242105618,0.7738811448502367,0.7738811448502367,0.7738811448502367,0.7738811448502367,0.7738811448502367,0.7738811448502367,0.7738811448502367,0.7738811448502367,0.7738811448502367,0.7738811448502367,0.7386594998120805,0.7386594998120805,0.8649821757201517,0.8334508455534404,0.8334508455534404,0.773039731350946,0.8667276899524565,0.8667276899524565,0.7412943264807187,0.47064136488319347,0.47064136488319347,0.3673292142576868,0.7395254848339158,0.7424072210820357,0.7389725358678603,0.8683148548222676,0.735949469475739,0.7687803731027726,0.7687803731027726,0.8668269728966905,0.5254476183952966,0.5235659322994278,0.7595034576739178,0.7879351098026078,0.7690007206609327,0.7690007206609327,0.7579190636068079,0.8657746156408567,0.638431249338387,0.762150909162152,0.8651966722656821,0.7646379786556392,0.863049307884076,0.38736950029219175,0.8702916504313608,0.32123534576887997,0.31816503608067004,0.5245306910741396,0.8653303171343194,0.32419364495603187,0.5245306910741396,0.32301357650480783,0.3197333163320287,0.525636951376531,0.3278806408891714,0.3287734365327961,0.31880677088190146,0.32301357650480783,0.8654919066169967,0.8660044428513758,0.8654017931268281,0.3197333163320287,0.8665911573315924,0.3278806408891714,0.3273963689662166,0.3238699699402074,0.32398619817647734,0.31786906460801134,0.8649883937598526,0.31848606511459754,0.316648442891544,0.7342483320719659,0.7342483320719659,0.7342483320719659,0.8607153886355032,0.7342483320719659,0.7342483320719659,0.5661463730746638,0.5655380324097777,0.8638777646489934,0.8637003050960403,0.32203801732715814,0.860674769914298,0.5263220738038016,0.3306168726361309,0.8672177890006817,0.3306168726361309,0.8674751351624151,0.3279052457775224,0.32665626621351546,0.8672177890006817,0.8663211317681938,0.8636940777829328,0.3160193450334815,0.8639431352957248,0.780693485395539,0.8741456960152817,0.780693485395539,0.780693485395539,0.780693485395539,0.8749728669029251,0.7482703824699329,0.8785615390173457,0.0,0.0,0.610930863602578,0.736256352570409,0.736256352570409,0.5509413509558787,0.5897105262528644,0.8665011581601688,0.8665011581601688,0.8639493608136354,0.8632269012670603,0.5774713626381871,0.7361248469098155,0.7397181922187812,0.8649852847455896,0.7725281773886868,0.8614680503818435,0.8351302396297298,0.8630430758736786,0.8632673999046104,0.8628093429897535,0.8644348130735574,0.7375409501989599,0.7365229447462517,0.8627002459724746,0.8631272042174389,0.8628093429897535,0.8646214529052516
Erysipelatoclostridium ramosum,0.6814351811764278,0.5539691391948786,0.5539691391948786,0.5539691391948786,0.5539691391948786,0.5539691391948786,0.5539691391948786,0.5539691391948786,0.5539691391948786,0.5539691391948786,0.5539691391948786,0.48800593396251585,0.48800593396251585,0.6754855722887874,0.6329103418921265,0.6329103418921265,0.5551717557341441,0.679486791125655,0.679486791125655,0.5076104950484575,0.6937319010379167,0.6937319010379167,0.6211588972953072,0.5036267552119146,0.5055666991006016,0.4985065770025281,0.6824644298397565,0.49913734915071,0.544158658811373,0.544158658811373,0.680657284626584,0.7284347495476363,0.7316432662392325,0.5355607648021671,0.5707495148837916,0.5447661911672381,0.5447661911672381,0.5313716106685089,0.6796569541808656,0.3482606273598075,0.5376606082613312,0.676595420804047,0.5438175508140111,0.6720169869216912,0.6406220924398709,0.6840191595041603,0.6131190907948546,0.6120435310098582,0.7400998228264535,0.6819756318257972,0.6109968885312017,0.7400998228264535,0.6088893730857161,0.6109968885312017,0.7384264566229978,0.6159111223949396,0.6140351200712543,0.6058342139531977,0.6088893730857161,0.6817547694626626,0.6825392953819486,0.6826811233678356,0.6109968885312017,0.6831261143843247,0.6159111223949396,0.6135619359885929,0.6115468190580011,0.6151509159998265,0.609141070597497,0.6820387222215866,0.6049191029807223,0.6089114559777329,0.5023221590095633,0.5023221590095633,0.5023221590095633,0.6759830415590767,0.5023221590095633,0.5023221590095633,0.767726728532254,0.7674604632988634,0.6797360852737151,0.6799299175300746,0.6070359723906433,0.6756766438072935,0.7384920074529837,0.6166921959035715,0.6842274999949661,0.6166921959035715,0.6839012027943376,0.6146392140540704,0.614236550745407,0.6842274999949661,0.6832638846765337,0.6816443114451514,0.610508134974004,0.678686849526582,0.57138996008548,0.6923349520967796,0.57138996008548,0.57138996008548,0.57138996008548,0.6936194732310268,0.5231599974674233,0.6980947582638019,0.610930863602578,0.610930863602578,0.0,0.4937419311010188,0.4937419311010188,0.748018762721107,0.7800145839080949,0.6799971525460635,0.6799971525460635,0.6725809995992434,0.6751829318002489,0.7751866531249129,0.5001922448759806,0.5081823433278547,0.6791106983359383,0.5608441744183706,0.6753979797777043,0.6413395286569226,0.6776518633256787,0.6784450975849146,0.6752625871845733,0.6788690973310043,0.49956818788278917,0.49775075642032884,0.6763409928661492,0.6762654411451067,0.6752625871845733,0.6807046946138458
Catenibacterium sp000437715,0.5264549047230974,0.35141237148674553,0.35141237148674553,0.35141237148674553,0.35141237148674553,0.35141237148674553,0.35141237148674553,0.35141237148674553,0.35141237148674553,0.35141237148674553,0.35141237148674553,0.24938272591097557,0.24938272591097557,0.5196527631198536,0.4642612665280458,0.4642612665280458,0.34944778658133085,0.5248433434483357,0.5248433434483357,0.2651766899368062,0.8081872304331814,0.8081872304331814,0.7490067826222574,0.25774020272680376,0.27416184445644826,0.2626598260375287,0.5283059405953722,0.24604987409169823,0.3322558894370691,0.3322558894370691,0.52650087684882,0.5915818401127296,0.5916318426119543,0.3132586260387465,0.36999903695421765,0.3294353231056465,0.3294353231056465,0.30658586140394806,0.5255960202947546,0.5380106184591793,0.3233048384355999,0.5220845465691392,0.3288797549812395,0.5153969268448895,0.7618226871408225,0.5311741961199156,0.738830594091886,0.739380012040622,0.6036106678776388,0.5280921030739151,0.7376758489983991,0.6036106678776388,0.738382752836699,0.7383463310386865,0.6012536765754833,0.7415192150367088,0.7397000144215328,0.7359677399083656,0.738382752836699,0.5281430246225378,0.5282601255563305,0.5281786667855215,0.7383463310386865,0.5293738325276504,0.7415192150367088,0.7394672991508002,0.7380293855539258,0.7411927415409225,0.7355254680376762,0.527796661209827,0.7348707099439111,0.7353280046609253,0.2597772134320656,0.2597772134320656,0.2597772134320656,0.5206609301859826,0.2597772134320656,0.2597772134320656,0.6361779108665855,0.6358481031448939,0.5247152297589596,0.5246998540141536,0.7362928777522532,0.5194871334375668,0.6009136515503744,0.7420738903460762,0.5302367412279317,0.7420738903460762,0.5302620996377383,0.7404703613633364,0.74015795878529,0.5302367412279317,0.5288503264084927,0.5273888836114627,0.7362782678969477,0.5234272304894508,0.37398960738955117,0.5414635121351944,0.37398960738955117,0.37398960738955117,0.37398960738955117,0.5431743015865106,0.2951447000643339,0.5488580196396311,0.736256352570409,0.736256352570409,0.4937419311010188,0.0,0.0,0.6129874909913523,0.6510776536376366,0.5256881107470718,0.5256881107470718,0.5168298397272416,0.5193939435303793,0.8781145226937727,0.25117713993767243,0.2685225188864414,0.5245101827680276,0.6963938306392634,0.5204904545698923,0.47593704237757445,0.5221051501543232,0.5232987701082688,0.5192178725154191,0.523868893638666,0.25271418930563,0.24608266106953602,0.5204439515286946,0.5206144423722433,0.5192178725154191,0.5261943201442831
Catenibacterium mitsuokai,0.5264549047230974,0.35141237148674553,0.35141237148674553,0.35141237148674553,0.35141237148674553,0.35141237148674553,0.35141237148674553,0.35141237148674553,0.35141237148674553,0.35141237148674553,0.35141237148674553,0.24938272591097557,0.24938272591097557,0.5196527631198536,0.4642612665280458,0.4642612665280458,0.34944778658133085,0.5248433434483357,0.5248433434483357,0.2651766899368062,0.8081872304331814,0.8081872304331814,0.7490067826222574,0.25774020272680376,0.27416184445644826,0.2626598260375287,0.5283059405953722,0.24604987409169823,0.3322558894370691,0.3322558894370691,0.52650087684882,0.5915818401127296,0.5916318426119543,0.3132586260387465,0.36999903695421765,0.3294353231056465,0.3294353231056465,0.30658586140394806,0.5255960202947546,0.5380106184591793,0.3233048384355999,0.5220845465691392,0.3288797549812395,0.5153969268448895,0.7618226871408225,0.5311741961199156,0.738830594091886,0.739380012040622,0.6036106678776388,0.5280921030739151,0.7376758489983991,0.6036106678776388,0.738382752836699,0.7383463310386865,0.6012536765754833,0.7415192150367088,0.7397000144215328,0.7359677399083656,0.738382752836699,0.5281430246225378,0.5282601255563305,0.5281786667855215,0.7383463310386865,0.5293738325276504,0.7415192150367088,0.7394672991508002,0.7380293855539258,0.7411927415409225,0.7355254680376762,0.527796661209827,0.7348707099439111,0.7353280046609253,0.2597772134320656,0.2597772134320656,0.2597772134320656,0.5206609301859826,0.2597772134320656,0.2597772134320656,0.6361779108665855,0.6358481031448939,0.5247152297589596,0.5246998540141536,0.7362928777522532,0.5194871334375668,0.6009136515503744,0.7420738903460762,0.5302367412279317,0.7420738903460762,0.5302620996377383,0.7404703613633364,0.74015795878529,0.5302367412279317,0.5288503264084927,0.5273888836114627,0.7362782678969477,0.5234272304894508,0.37398960738955117,0.5414635121351944,0.37398960738955117,0.37398960738955117,0.37398960738955117,0.5431743015865106,0.2951447000643339,0.5488580196396311,0.736256352570409,0.736256352570409,0.4937419311010188,0.0,0.0,0.6129874909913523,0.6510776536376366,0.5256881107470718,0.5256881107470718,0.5168298397272416,0.5193939435303793,0.8781145226937727,0.25117713993767243,0.2685225188864414,0.5245101827680276,0.6963938306392634,0.5204904545698923,0.47593704237757445,0.5221051501543232,0.5232987701082688,0.5192178725154191,0.523868893638666,0.25271418930563,0.24608266106953602,0.5204439515286946,0.5206144423722433,0.5192178725154191,0.5261943201442831
Holdemania filiformis,0.7221797789923394,0.6620222786115094,0.6620222786115094,0.6620222786115094,0.6620222786115094,0.6620222786115094,0.6620222786115094,0.6620222786115094,0.6620222786115094,0.6620222786115094,0.6620222786115094,0.6128426985680041,0.6128426985680041,0.7190861186534406,0.6807679027941816,0.6807679027941816,0.6626962581074486,0.7230171495716365,0.7230171495716365,0.6223569905979479,0.6457939963383076,0.6457939963383076,0.5086425313394211,0.6211242609867952,0.6217041646210142,0.6180686649120695,0.7246815661568544,0.6170540341446513,0.653481280567936,0.653481280567936,0.7230171495716365,0.32953326730971494,0.3398423255556537,0.5902939559381442,0.6251292726332894,0.6558022901820236,0.6558022901820236,0.5901891634228438,0.7229092762596835,0.7324110718831488,0.5891219539424035,0.7205170479997328,0.5978132352552391,0.7171275227071701,0.5868809123874517,0.7254493259254431,0.5545513760881481,0.553876895561037,0.3534801717407972,0.7242880987330831,0.5524475836321662,0.3534801717407972,0.5511804779945562,0.5524475836321662,0.349640126941433,0.5547065360460223,0.5522138752735589,0.5475678741904991,0.5511804779945562,0.7244737232008103,0.7248633798563493,0.7247372282559863,0.5524475836321662,0.7252157459519782,0.5547065360460223,0.5542457779832545,0.5513999931085976,0.5545028796975239,0.5474942001089,0.7243697793591963,0.5492253764947752,0.5474745520127118,0.6188079037384638,0.6188079037384638,0.6188079037384638,0.7180569302003429,0.6188079037384638,0.6188079037384638,0.4032542092040986,0.40258676823351136,0.7219488661873983,0.7218631862021517,0.5496609880905633,0.7169512491938251,0.34817567538211724,0.5577572794101157,0.7258977369708938,0.5577572794101157,0.725478981493199,0.5556607851575395,0.5550990908588431,0.7258977369708938,0.7242175489605327,0.723671484055262,0.5497099116416825,0.7206775232449121,0.6734880276863648,0.7336620823620859,0.6734880276863648,0.6734880276863648,0.6734880276863648,0.7342300188539406,0.6334412482457692,0.7390125657985994,0.5509413509558787,0.5509413509558787,0.748018762721107,0.6129874909913523,0.6129874909913523,0.0,0.33614252597360716,0.7224478431762328,0.7224478431762328,0.7173337452193287,0.717835930245282,0.7286230084916541,0.615247085923966,0.6229012091528844,0.7209051128919354,0.8920577954336683,0.7187419723785997,0.6871258929330256,0.7189327694670627,0.7214495440906101,0.719078638964048,0.7212146687079747,0.6176116341989212,0.6145341968880305,0.7188355066910019,0.719190826137002,0.719078638964048,0.722615332793212
Holdemanella biformis,0.68353540763395,0.6203314273325614,0.6203314273325614,0.6203314273325614,0.6203314273325614,0.6203314273325614,0.6203314273325614,0.6203314273325614,0.6203314273325614,0.6203314273325614,0.6203314273325614,0.6517835812308678,0.6517835812308678,0.6801948640741229,0.7126736452403319,0.7126736452403319,0.6203400976578374,0.6848992608005986,0.6848992608005986,0.6585603704011923,0.6785758921158074,0.6785758921158074,0.5482452112126359,0.6565604836445832,0.6596905407234271,0.6569290181133095,0.6860134802553861,0.6513997505893779,0.6109440691591296,0.6109440691591296,0.6841606807110892,0.3939709679295323,0.3933629824074271,0.6278336328940822,0.57996211734051,0.6135838507150235,0.6135838507150235,0.6262253015309517,0.6831654801599957,0.7620803357126275,0.6285399949182064,0.6822516092345104,0.6339674680703002,0.6780842910497595,0.5436543365499716,0.6878730178540781,0.5926673081250642,0.593207030595822,0.412582783100701,0.6862721595253782,0.590006871238046,0.412582783100701,0.5921906739149848,0.5915272871111431,0.40496448614787345,0.5955913510248655,0.5932976920611915,0.5889484638989645,0.5921906739149848,0.6863035079630264,0.686276078158395,0.6862604034920728,0.5915272871111431,0.6871963372793465,0.5955913510248655,0.5915454720039987,0.5892451921429889,0.5949950367192874,0.5886607230145003,0.6860056399669209,0.5865325552335493,0.5884048352119883,0.6535306620249763,0.6535306620249763,0.6535306620249763,0.6796529973843786,0.6535306620249763,0.6535306620249763,0.33389491486451445,0.33337904755779807,0.6838736766345473,0.6835157356821453,0.5875449682251578,0.6788730586964353,0.4038073473906121,0.5944750329020121,0.6879863847228894,0.5944750329020121,0.687755722118283,0.5929621753998208,0.592444926546756,0.6879863847228894,0.6854055920414723,0.6850091939563732,0.5871512050420731,0.6819243665812652,0.6330547925026784,0.6959805072546349,0.6330547925026784,0.6330547925026784,0.6330547925026784,0.697281453436059,0.6687315071793508,0.7020245794499954,0.5897105262528644,0.5897105262528644,0.7800145839080949,0.6510776536376366,0.6510776536376366,0.33614252597360716,0.0,0.6842432212311104,0.6842432212311104,0.6785481499281207,0.6791661356208085,0.7587737005019016,0.6504991308745326,0.6573423496445958,0.6828741196823824,0.9167615802806425,0.6799259623220846,0.7180756558837976,0.6810364721129036,0.6829528780148838,0.6803213692981668,0.6822949669639462,0.6541106148943104,0.6519486001793264,0.6794551281810375,0.6815219977575613,0.6803213692981668,0.6839955697895496
Streptococcus salivarius,0.22609154350120925,0.47926482178046614,0.47926482178046614,0.47926482178046614,0.47926482178046614,0.47926482178046614,0.47926482178046614,0.47926482178046614,0.47926482178046614,0.47926482178046614,0.47926482178046614,0.5271542686598012,0.5271542686598012,0.2278333325710167,0.31595125942566055,0.31595125942566055,0.4796686588894758,0.22745530334440897,0.22745530334440897,0.5315385964802603,0.9313796567887908,0.9313796567887908,0.8422167360739518,0.5307436792201454,0.5296277751469165,0.5311792589479373,0.22896367542291646,0.5258211018157191,0.47494152276576324,0.47494152276576324,0.22395229903750594,0.7512581889593076,0.752320599739403,0.4894531034326607,0.42885690691046796,0.4759991932223901,0.4759991932223901,0.4900735785684823,0.22256707588375815,0.6512469808703757,0.48889785299477617,0.22763258271195516,0.4956934341277417,0.22103938709980045,0.8373170880114805,0.23381018908069595,0.868553298648844,0.8683396312548133,0.7562140046407794,0.2296907322016389,0.866889018962672,0.7562140046407794,0.8680050897436579,0.8675836317465264,0.7543197279558096,0.8697847323933579,0.8662186862590558,0.8662745671295599,0.8680050897436579,0.22731338030437787,0.22864633129892606,0.23180022278587675,0.8675836317465264,0.2316725698962415,0.8697847323933579,0.8661317532943884,0.867456534385443,0.869122821560088,0.8659733886846119,0.22990138253274292,0.8654297603865376,0.8659361222144596,0.5256727634586958,0.5256727634586958,0.5256727634586958,0.21619268394194763,0.5256727634586958,0.5256727634586958,0.7149190991108696,0.7145879995798081,0.22437219122169855,0.2223373821998086,0.8643259212265211,0.21897361023486994,0.7527208501366688,0.8708013616372794,0.2386934991297948,0.8708013616372794,0.23800524625207778,0.869781640523496,0.8695280697819742,0.2386934991297948,0.23443046775403484,0.23326897439311217,0.8660913885946885,0.21821084799601134,0.4971723188623852,0.25660037841352296,0.4971723188623852,0.4971723188623852,0.4971723188623852,0.2603149693856874,0.5393136540329585,0.27294281702117207,0.8665011581601688,0.8665011581601688,0.6799971525460635,0.5256881107470718,0.5256881107470718,0.7224478431762328,0.6842432212311104,0.0,0.0,0.21112019305367144,0.22041802670052704,0.9894101097123589,0.5233296034755476,0.5277202269115928,0.22179242197516533,0.8320622281007768,0.22124611944112335,0.32647509701974003,0.21636676216507852,0.22520962699784933,0.22438417659556045,0.22088116710693068,0.5279749648739824,0.5242999263788434,0.2218409170937016,0.22467163375614746,0.22438417659556045,0.2310914407767387
Streptococcus sp001556435,0.22609154350120925,0.47926482178046614,0.47926482178046614,0.47926482178046614,0.47926482178046614,0.47926482178046614,0.47926482178046614,0.47926482178046614,0.47926482178046614,0.47926482178046614,0.47926482178046614,0.5271542686598012,0.5271542686598012,0.2278333325710167,0.31595125942566055,0.31595125942566055,0.4796686588894758,0.22745530334440897,0.22745530334440897,0.5315385964802603,0.9313796567887908,0.9313796567887908,0.8422167360739518,0.5307436792201454,0.5296277751469165,0.5311792589479373,0.22896367542291646,0.5258211018157191,0.47494152276576324,0.47494152276576324,0.22395229903750594,0.7512581889593076,0.752320599739403,0.4894531034326607,0.42885690691046796,0.4759991932223901,0.4759991932223901,0.4900735785684823,0.22256707588375815,0.6512469808703757,0.48889785299477617,0.22763258271195516,0.4956934341277417,0.22103938709980045,0.8373170880114805,0.23381018908069595,0.868553298648844,0.8683396312548133,0.7562140046407794,0.2296907322016389,0.866889018962672,0.7562140046407794,0.8680050897436579,0.8675836317465264,0.7543197279558096,0.8697847323933579,0.8662186862590558,0.8662745671295599,0.8680050897436579,0.22731338030437787,0.22864633129892606,0.23180022278587675,0.8675836317465264,0.2316725698962415,0.8697847323933579,0.8661317532943884,0.867456534385443,0.869122821560088,0.8659733886846119,0.22990138253274292,0.8654297603865376,0.8659361222144596,0.5256727634586958,0.5256727634586958,0.5256727634586958,0.21619268394194763,0.5256727634586958,0.5256727634586958,0.7149190991108696,0.7145879995798081,0.22437219122169855,0.2223373821998086,0.8643259212265211,0.21897361023486994,0.7527208501366688,0.8708013616372794,0.2386934991297948,0.8708013616372794,0.23800524625207778,0.869781640523496,0.8695280697819742,0.2386934991297948,0.23443046775403484,0.23326897439311217,0.8660913885946885,0.21821084799601134,0.4971723188623852,0.25660037841352296,0.4971723188623852,0.4971723188623852,0.4971723188623852,0.2603149693856874,0.5393136540329585,0.27294281702117207,0.8665011581601688,0.8665011581601688,0.6799971525460635,0.5256881107470718,0.5256881107470718,0.7224478431762328,0.6842432212311104,0.0,0.0,0.21112019305367144,0.22041802670052704,0.9894101097123589,0.5233296034755476,0.5277202269115928,0.22179242197516533,0.8320622281007768,0.22124611944112335,0.32647509701974003,0.21636676216507852,0.22520962699784933,0.22438417659556045,0.22088116710693068,0.5279749648739824,0.5242999263788434,0.2218409170937016,0.22467163375614746,0.22438417659556045,0.2310914407767387
Streptococcus thermophilus,0.22277239053739795,0.47687409390608776,0.47687409390608776,0.47687409390608776,0.47687409390608776,0.47687409390608776,0.47687409390608776,0.47687409390608776,0.47687409390608776,0.47687409390608776,0.47687409390608776,0.5174798521079214,0.5174798521079214,0.2055829611279713,0.2994055335565302,0.2994055335565302,0.47624206870092634,0.22113669698217214,0.22113669698217214,0.5271440656410422,0.9265538754836257,0.9265538754836257,0.8367805532106641,0.5227023008436519,0.5290638574706268,0.5241614187959166,0.22876391748890437,0.5197666029100033,0.4645623814580422,0.4645623814580422,0.22372402754331439,0.7449132777133871,0.7453283305298678,0.4855087061818823,0.4184015248004701,0.4672349063495179,0.4672349063495179,0.481654849845254,0.22117317715018842,0.6511519978449208,0.4876696651415938,0.213123299861674,0.49237837718269406,0.19829853096281091,0.8326825480923324,0.23232170876058067,0.8653924705060737,0.8647862845839843,0.7522526789904256,0.22499458407119233,0.8633483914804831,0.7522526789904256,0.864388146818834,0.8638279551215522,0.750341233833695,0.8671929805161601,0.8656938510548646,0.8632050935213731,0.864388146818834,0.22413234915291116,0.22612722432578256,0.22624611976715706,0.8638279551215522,0.22819895119937048,0.8671929805161601,0.8655447274045545,0.8640925353461771,0.8666656323366569,0.8626534858843093,0.22501848787833242,0.8613587834806425,0.862597370432584,0.5180304235262667,0.5180304235262667,0.5180304235262667,0.20585748146669372,0.5180304235262667,0.5180304235262667,0.7140044395191713,0.7136653792201062,0.21789018529816156,0.21846950119594166,0.8632331319503517,0.20427066020852094,0.7513798878829666,0.8680949329959774,0.23242586555073183,0.8680949329959774,0.23162613322111153,0.8668362800897084,0.8665135723947309,0.23242586555073183,0.22802211216431334,0.22082028307724325,0.863631802182207,0.21479497934497568,0.4923619916063178,0.2539561920466247,0.4923619916063178,0.4923619916063178,0.4923619916063178,0.2574374394474493,0.539109171133169,0.269142733406038,0.8639493608136354,0.8639493608136354,0.6725809995992434,0.5168298397272416,0.5168298397272416,0.7173337452193287,0.6785481499281207,0.21112019305367144,0.21112019305367144,0.0,0.20310882179757594,0.9866038305529455,0.5164134024259928,0.5242896678127256,0.21803824206629804,0.8290023261711005,0.20610554194342504,0.31649553417781073,0.21022663964430277,0.21545752326709805,0.20670487660064557,0.21644132425867027,0.5187204082226597,0.5175318178296366,0.2080147490142207,0.21087803150408227,0.20670487660064557,0.2239643068817567
Adlercreutzia celatus_A,0.21798890098350598,0.476456599795305,0.476456599795305,0.476456599795305,0.476456599795305,0.476456599795305,0.476456599795305,0.476456599795305,0.476456599795305,0.476456599795305,0.476456599795305,0.5187774335376742,0.5187774335376742,0.20675691055404388,0.3017674616560692,0.3017674616560692,0.4766371826656223,0.21770497274212455,0.21770497274212455,0.5260409747984166,0.9283690178007433,0.9283690178007433,0.8377698229147637,0.5252991745709243,0.5286570573201531,0.5251455678377744,0.23089352368996524,0.5206557650783207,0.4659957912369863,0.4659957912369863,0.22171965940926977,0.7468170097780682,0.7476555621312896,0.4830542424020259,0.4176939065186688,0.46754560997283207,0.46754560997283207,0.47955090819553575,0.21742067372101856,0.650788456541299,0.4871068609550803,0.20494098364389243,0.4928260386485699,0.19427049340210223,0.8328181814999417,0.23319979274726474,0.8658646903301161,0.8652215379903229,0.7529530407436757,0.22179242197516533,0.8641890091519687,0.7529530407436757,0.8648484770532905,0.8653023466605247,0.751064861902748,0.8671185508039329,0.8656255059040807,0.8629184262141192,0.8648484770532905,0.22403634043179887,0.22560333999360474,0.22565101610148977,0.8653023466605247,0.22651934245234415,0.8671185508039329,0.8651966722656821,0.8640987597877148,0.8668145631505478,0.8625599581032697,0.22408434993421047,0.8622949076340486,0.8626971287121147,0.5208881442182625,0.5208881442182625,0.5208881442182625,0.2021665627156833,0.5208881442182625,0.5208881442182625,0.7136050849678124,0.7132658348303322,0.21690055744965533,0.21819852352914118,0.8629589393283945,0.19971742845914778,0.7505992406841603,0.8673883281238554,0.22906935910056025,0.8673883281238554,0.22667362698818305,0.8664390843193132,0.8660665478444172,0.22906935910056025,0.22335108372722196,0.22016166270467952,0.8622793138927817,0.20776896799923336,0.49275509505545056,0.25399854631510577,0.49275509505545056,0.49275509505545056,0.49275509505545056,0.2571656934651042,0.5386800036158288,0.2699209790788541,0.8632269012670603,0.8632269012670603,0.6751829318002489,0.5193939435303793,0.5193939435303793,0.717835930245282,0.6791661356208085,0.22041802670052704,0.22041802670052704,0.20310882179757594,0.0,0.9866474419300973,0.5180667614204676,0.5244025010025072,0.21218749019129346,0.8291774819002988,0.206314203643986,0.31487696917156377,0.20671788631690607,0.21175613699980333,0.2065486960897931,0.2125800199730855,0.5212339389827813,0.5205886140152854,0.20428382494672995,0.2060272393222453,0.2065486960897931,0.21846950119594166
Bifidobacterium longum,0.9899481353806266,0.9084427628243592,0.9084427628243592,0.9084427628243592,0.9084427628243592,0.9084427628243592,0.9084427628243592,0.9084427628243592,0.9084427628243592,0.9084427628243592,0.9084427628243592,0.8786319386613912,0.8786319386613912,0.9880637638050634,0.9611521032617109,0.9611521032617109,0.9080400737751345,0.9895324139606929,0.9895324139606929,0.8806649730035097,0.6718368832041408,0.6718368832041408,0.6025984699289709,0.8800204136642396,0.8824129886471977,0.8802343008339673,0.9908251966877341,0.8773301634381239,0.9042145058166485,0.9042145058166485,0.9892769167790195,0.7095650689434173,0.7097886441204223,0.8972699993093584,0.9214256044562321,0.9048953265267096,0.9048953265267096,0.8962953949380896,0.988980566124589,0.7966617185320074,0.8988301601809325,0.9884148063951405,0.9015785537959431,0.9866229107676519,0.6165395498578554,0.991338039882599,0.5796652764555168,0.580263440934172,0.7139893735915971,0.9903148034726844,0.5797163067997172,0.7139893735915971,0.5807267103973136,0.5800131215682458,0.7119601011946919,0.5817399818485128,0.5826407267649095,0.5775877747046197,0.5807267103973136,0.9898693519203354,0.9902740692780577,0.9900296289146177,0.5800131215682458,0.990895762290443,0.5817399818485128,0.5812543871944383,0.5790897142377354,0.5812497605332332,0.5772198324501505,0.9899454188139558,0.5775039603821718,0.5776576106837445,0.8775355126937743,0.8775355126937743,0.8775355126937743,0.9863557541745253,0.8775355126937743,0.8775355126937743,0.7422840510735428,0.7420086559483109,0.9887249263394949,0.9886514856704194,0.5793311486565212,0.9864075554947758,0.7118467744591669,0.5832127845627619,0.990846909716136,0.5832127845627619,0.990958181519536,0.5825576394263492,0.5823267790613277,0.990846909716136,0.9904587175434042,0.9892334213249894,0.5776948530873216,0.9874266703607857,0.9154934612170983,0.9965437110457028,0.9154934612170983,0.9154934612170983,0.9154934612170983,0.9972208254684025,0.8877696777161936,1.0,0.5774713626381871,0.5774713626381871,0.7751866531249129,0.8781145226937727,0.8781145226937727,0.7286230084916541,0.7587737005019016,0.9894101097123589,0.9894101097123589,0.9866038305529455,0.9866474419300973,0.0,0.873323900356243,0.876876385688352,0.9861321593682147,0.6121577616798519,0.9871270399129262,0.9640380539010737,0.986949942799825,0.9877343779027047,0.9873994349863563,0.9882978060528979,0.878537050862283,0.8773516200864129,0.9867918908502381,0.9869690163234437,0.9873994349863563,0.9886134031756553
Bifidobacterium pseudocatenulatum,0.5242229822396598,0.3467127946886397,0.3467127946886397,0.3467127946886397,0.3467127946886397,0.3467127946886397,0.3467127946886397,0.3467127946886397,0.3467127946886397,0.3467127946886397,0.3467127946886397,0.2556238496457864,0.2556238496457864,0.5203767731325704,0.46519871310924693,0.46519871310924693,0.3475649556749626,0.5243614735608967,0.5243614735608967,0.2684624220856097,0.8098293553451917,0.8098293553451917,0.7524671446772572,0.2508878948465961,0.2720546180599496,0.2670865324437527,0.5263680575307597,0.2508771756611499,0.32512138174548283,0.32512138174548283,0.5244332694773776,0.593623958689087,0.5938549557632773,0.3171660853069769,0.37641222585845435,0.3278806408891714,0.3278806408891714,0.3134731720717312,0.5232782135207446,0.5369899523782767,0.32095058487974604,0.521342275206194,0.3304622894184945,0.5166997391246257,0.7636490530958607,0.527699842562283,0.7371032707019015,0.7354925611564482,0.6012000011988036,0.5264804452885326,0.7359458153347843,0.6012000011988036,0.7353024036739778,0.735638802694719,0.5962141328312422,0.7393109024363211,0.7382516259544699,0.7341091401573054,0.7353024036739778,0.5255499690173269,0.5263833845470702,0.5262300942952548,0.735638802694719,0.527460267448385,0.7393109024363211,0.7379455726174917,0.7355254680376762,0.7388451534777325,0.7337683748760687,0.5258978121339875,0.7338453357063273,0.7341054768557834,0.2555186243296555,0.2555186243296555,0.2555186243296555,0.5186218951825116,0.2555186243296555,0.2555186243296555,0.6342982536418342,0.6338656531657779,0.5233707118062717,0.5230983089210096,0.7352036486593474,0.5184507490967106,0.5987436984256822,0.7398090745053427,0.5278781789292868,0.7398090745053427,0.5277100348353635,0.7383608999734849,0.7381787676217696,0.5278781789292868,0.526853196543989,0.5247511047447981,0.7344058068960481,0.521089455648406,0.3705945566249279,0.5393934312093918,0.3705945566249279,0.3705945566249279,0.3705945566249279,0.5406433948130522,0.29307823200291516,0.5464223488781391,0.7361248469098155,0.7361248469098155,0.5001922448759806,0.25117713993767243,0.25117713993767243,0.615247085923966,0.6504991308745326,0.5233296034755476,0.5233296034755476,0.5164134024259928,0.5180667614204676,0.873323900356243,0.0,0.23775653505425628,0.5192852008351225,0.6892048763397759,0.5193110940183924,0.4743069223707869,0.5198752449100363,0.5223420329710827,0.5192696643054069,0.5219866684335155,0.2590619293383075,0.2370428730251349,0.5189847454998885,0.5200976315293523,0.5192696643054069,0.524853591192544
Bifidobacterium catenulatum,0.5297039341931403,0.35465744219498535,0.35465744219498535,0.35465744219498535,0.35465744219498535,0.35465744219498535,0.35465744219498535,0.35465744219498535,0.35465744219498535,0.35465744219498535,0.35465744219498535,0.2714212415893574,0.2714212415893574,0.5268889259592647,0.47077276910890126,0.47077276910890126,0.3538679640329209,0.5282550347511596,0.5282550347511596,0.28230976476362424,0.8139300852507012,0.8139300852507012,0.7575677093219733,0.2649636354599927,0.2811547673917476,0.27830911488147975,0.5309868375473297,0.2615825689256432,0.33771491645711105,0.33771491645711105,0.5281837583267514,0.6001210043372189,0.6006182104898965,0.32901873496021544,0.38753608098448217,0.3413976761326755,0.3413976761326755,0.32512965318613,0.527913838973358,0.541845808752409,0.3295495885136233,0.5278628953157976,0.3302343506786646,0.5238740270666613,0.7683954877896579,0.5327312723866772,0.7417440354089888,0.7403396042325894,0.606685890112667,0.5303077417196486,0.7405720453926841,0.606685890112667,0.7361650316873606,0.740935088723178,0.6019152793342543,0.7432941662362517,0.739758181800428,0.7386158098149121,0.7361650316873606,0.5290892720948949,0.5304243647525452,0.5301099309831752,0.740935088723178,0.5315942467610595,0.7432941662362517,0.7407463283968955,0.7404449381741101,0.7425702087968548,0.7373221429266266,0.5299627930851296,0.7386230916605714,0.7386777032148993,0.2623934886390927,0.2623934886390927,0.2623934886390927,0.5239561550745446,0.2623934886390927,0.2623934886390927,0.637512309161472,0.6371494269227973,0.5276182972896212,0.5270828433808797,0.7371324574200829,0.5247613542902798,0.5993003854468749,0.7428128131319256,0.5322413858702945,0.7428128131319256,0.5320948373746328,0.7416171290601162,0.7413487412582018,0.5322413858702945,0.5311134384192743,0.5309665786065535,0.7390416771136515,0.5259284931284499,0.37850686460225347,0.543040608110739,0.37850686460225347,0.37850686460225347,0.37850686460225347,0.5442821959061515,0.29968384578142965,0.5500620327578271,0.7397181922187812,0.7397181922187812,0.5081823433278547,0.2685225188864414,0.2685225188864414,0.6229012091528844,0.6573423496445958,0.5277202269115928,0.5277202269115928,0.5242896678127256,0.5244025010025072,0.876876385688352,0.23775653505425628,0.0,0.5217238521166343,0.6933674136492205,0.5267868354863128,0.4784505042679839,0.5246537240760837,0.5283924692751225,0.5262965255527804,0.5261432099948572,0.2719260828622541,0.2543371265488098,0.5266489819556961,0.5266234495640744,0.5262965255527804,0.5298206901349157
Bifidobacterium ruminantium,0.22324269301939922,0.4770488814962565,0.4770488814962565,0.4770488814962565,0.4770488814962565,0.4770488814962565,0.4770488814962565,0.4770488814962565,0.4770488814962565,0.4770488814962565,0.4770488814962565,0.5248740860807237,0.5248740860807237,0.22139193192582743,0.3131641792198303,0.3131641792198303,0.4776460590206901,0.22163473955739474,0.22163473955739474,0.529663317397912,0.9303453968730411,0.9303453968730411,0.8409449342330704,0.5289571027144209,0.5297191646884359,0.5288147295154333,0.2305788356186581,0.5238226905228801,0.47230691302239636,0.47230691302239636,0.2213433384371109,0.7499397134122565,0.7502946398076799,0.48797837966289187,0.42629076152973855,0.4737679789611511,0.4737679789611511,0.48678102030777776,0.22043022707286644,0.6507099380088055,0.4883584916887022,0.22234947725664878,0.4942155654616187,0.21394191800254334,0.8356839243115162,0.23212484064213307,0.8669851815897092,0.8668579964848059,0.7549326832188502,0.22662616601048777,0.8654608340595848,0.7549326832188502,0.8667525117546825,0.8665601241904088,0.7524421268302671,0.8682498133229574,0.8663490693500485,0.8645779072149666,0.8667525117546825,0.2260796486416192,0.2283403238207984,0.22808107374370346,0.8665601241904088,0.23034545617057905,0.8682498133229574,0.8654484047242488,0.8660727580987803,0.8678966458464127,0.8645125845669027,0.22629366045265073,0.8644721442635446,0.8646867673288712,0.5241665493590653,0.5241665493590653,0.5241665493590653,0.21275705410522638,0.5241665493590653,0.5241665493590653,0.7142341555375235,0.713895204340729,0.21942754374603274,0.22100288484753278,0.8639213456297503,0.21332509732656446,0.7510326358883636,0.8684820820249779,0.23137056491364177,0.8684820820249779,0.2285286846066512,0.8675340349917307,0.8674782352531341,0.23137056491364177,0.22723055092903843,0.22825786709924956,0.8645623546511874,0.2147574157352545,0.49513431896275406,0.2548336006978704,0.49513431896275406,0.49513431896275406,0.49513431896275406,0.2570924820089058,0.5395728867299802,0.27036894796692384,0.8649852847455896,0.8649852847455896,0.6791106983359383,0.5245101827680276,0.5245101827680276,0.7209051128919354,0.6828741196823824,0.22179242197516533,0.22179242197516533,0.21803824206629804,0.21218749019129346,0.9861321593682147,0.5192852008351225,0.5217238521166343,0.0,0.8287330331483572,0.2183586873408813,0.324309757191569,0.21409270523000395,0.22142837004407048,0.21872784852978538,0.2170245077183294,0.5259438329545139,0.5235197024458567,0.21775437816038049,0.2181615459510992,0.21872784852978538,0.2244321116904452
Bifidobacterium bifidum,0.8332830427207808,0.7343398913115737,0.7343398913115737,0.7343398913115737,0.7343398913115737,0.7343398913115737,0.7343398913115737,0.7343398913115737,0.7343398913115737,0.7343398913115737,0.7343398913115737,0.6971464533055167,0.6971464533055167,0.8307910663250044,0.798354499718423,0.798354499718423,0.7343325669925116,0.8327955774660318,0.8327955774660318,0.7004138310732015,0.8455787140003738,0.8455787140003738,0.7923087316574197,0.6974010031567062,0.7022045999959551,0.6988724855861178,0.8343248102110532,0.6958916299849217,0.7275888295650869,0.7275888295650869,0.8324079842877755,0.8765972570738049,0.8774834137010369,0.7207260319825811,0.7503484018885854,0.7291211063581899,0.7291211063581899,0.7195422326776214,0.8320299070968645,0.5923541345632417,0.7225930030873517,0.8316613588713381,0.7262384923156134,0.8289017570852523,0.802399923156438,0.8351721007139459,0.7762163135987546,0.7743049818523315,0.8797850777189887,0.8332539964923251,0.7752282820802517,0.8797850777189887,0.7745411182077688,0.7751866531249129,0.877992012749583,0.7765765453787057,0.7768154531279406,0.7731510451768536,0.7745411182077688,0.8327439087988108,0.8333282237304694,0.8329667070342998,0.7751866531249129,0.8340088696622311,0.7765765453787057,0.7763237078660662,0.7744820908686272,0.7763964503812357,0.7728970870825258,0.8327891190579395,0.773470983191646,0.772883169159019,0.6956713199860426,0.6956713199860426,0.6956713199860426,0.8284344373877065,0.6956713199860426,0.6956713199860426,0.9031848687207901,0.902940678579281,0.8311502937560757,0.8311082301023588,0.7741973075536119,0.8284766367960061,0.8782921317594173,0.7782335372388287,0.8340669085309727,0.7782335372388287,0.8341861979687379,0.7768293005993868,0.7765938600043982,0.8340669085309727,0.8335089232785012,0.8321947310927403,0.7716086167672117,0.8298388476747308,0.7432254205938207,0.8410568532279522,0.7432254205938207,0.7432254205938207,0.7432254205938207,0.8418526474741074,0.7088483957361335,0.8452447087809541,0.7725281773886868,0.7725281773886868,0.5608441744183706,0.6963938306392634,0.6963938306392634,0.8920577954336683,0.9167615802806425,0.8320622281007768,0.8320622281007768,0.8290023261711005,0.8291774819002988,0.6121577616798519,0.6892048763397759,0.6933674136492205,0.8287330331483572,0.0,0.829709209661118,0.8022289776158404,0.8292001845636606,0.8309431905906529,0.8297869948996947,0.830836382848762,0.697489688095335,0.6929522851081457,0.8291677519971438,0.8294174500459761,0.8297869948996947,0.8313282318176599
Desulfovibrio sp900556755,0.2229172046743843,0.47618559708597435,0.47618559708597435,0.47618559708597435,0.47618559708597435,0.47618559708597435,0.47618559708597435,0.47618559708597435,0.47618559708597435,0.47618559708597435,0.47618559708597435,0.5203716052044206,0.5203716052044206,0.21159097544589156,0.30258622588567635,0.30258622588567635,0.4753490327870968,0.2205278057527555,0.2205278057527555,0.5260205253747268,0.9268614818487676,0.9268614818487676,0.8372817579732477,0.5232473771252129,0.5281073800540512,0.5232679349241453,0.22594876385735063,0.5190521040594284,0.4661688887472232,0.4661688887472232,0.2209420343590731,0.7460460068560373,0.7470150361941326,0.485098643399625,0.42081130781343,0.4679480668875036,0.4679480668875036,0.48163251585424477,0.2176432001980379,0.6501683153162928,0.48698538654358564,0.2144315888096102,0.4920396310470418,0.20365095756830764,0.8329085915011463,0.23301520794125868,0.863432490075889,0.8629869857549177,0.7500616262611081,0.21991722867493824,0.8619954585140557,0.7500616262611081,0.8623822273743621,0.8616459696770146,0.7484249069438238,0.8656472526737343,0.8651158537246552,0.8611589452925724,0.8623822273743621,0.2214526587920231,0.22327882910181457,0.2219984530664801,0.8616459696770146,0.22410835082861166,0.8656472526737343,0.8643072526752434,0.862591135157049,0.8657218088796036,0.8606122758305308,0.2207715637643332,0.8604153897979803,0.8608372332995199,0.5147599572951747,0.5147599572951747,0.5147599572951747,0.20338668162312068,0.5147599572951747,0.5147599572951747,0.7130094054519963,0.712662324724423,0.21367778431306747,0.21594375733787463,0.8624976006148019,0.2017537736504503,0.7501118199103618,0.8663087147759506,0.22713585179972082,0.8663087147759506,0.22747894857586165,0.8647800650910551,0.8642885837207268,0.22713585179972082,0.22308603568941318,0.2165407004458433,0.8625412513300839,0.21069941858310837,0.49106032696842283,0.2520855593221695,0.49106032696842283,0.49106032696842283,0.49106032696842283,0.2554659954183993,0.5382305083696403,0.26737836989035324,0.8614680503818435,0.8614680503818435,0.6753979797777043,0.5204904545698923,0.5204904545698923,0.7187419723785997,0.6799259623220846,0.22124611944112335,0.22124611944112335,0.20610554194342504,0.206314203643986,0.9871270399129262,0.5193110940183924,0.5267868354863128,0.2183586873408813,0.829709209661118,0.0,0.2991269623858628,0.20984252340957865,0.2091493364499988,0.20178043068612855,0.21471984555406454,0.5182847352836297,0.518092715498778,0.1989484254735042,0.20872458890536882,0.20178043068612855,0.2173588203802542
Bilophila wadsworthia,0.32665626621351546,0.5309868375473297,0.5309868375473297,0.5309868375473297,0.5309868375473297,0.5309868375473297,0.5309868375473297,0.5309868375473297,0.5309868375473297,0.5309868375473297,0.5309868375473297,0.474142467763069,0.474142467763069,0.3180213129114363,0.2011797930459855,0.2011797930459855,0.5296988572640586,0.3255264351743354,0.3255264351743354,0.4814761489093055,0.9016948766992031,0.9016948766992031,0.8095736157324028,0.47783744844308434,0.48318783657164216,0.4779387412270938,0.32807742832764736,0.46938259609198485,0.5210946164573123,0.5210946164573123,0.3264503843396805,0.7149228607243852,0.7159415295722855,0.43670505873329274,0.4818725520096169,0.5221927063220712,0.5221927063220712,0.43260299849808415,0.32336305934005155,0.6144773050958684,0.43884895955764464,0.32087516469661576,0.44007284837066135,0.3150221268942394,0.862681542241354,0.33372573380354736,0.8372271540725801,0.8365234086409352,0.7195085948000381,0.32406919282347657,0.8355970329686335,0.7195085948000381,0.8345987434241751,0.8358158531513895,0.7177047964181843,0.8390240012702518,0.8379624018755891,0.8348178252759182,0.8345987434241751,0.325889727610926,0.32645862210755944,0.326178421284679,0.8358158531513895,0.32664803343004206,0.8390240012702518,0.8380458390153713,0.8359155904020827,0.8390624630274184,0.8334218051732113,0.32508002138532904,0.8338508544974056,0.8344472855858994,0.4661111967196335,0.4661111967196335,0.4661111967196335,0.31421865034701163,0.4661111967196335,0.4661111967196335,0.7498859220309709,0.7494985101208607,0.3210259873440496,0.3223551893361926,0.8352719148331413,0.3129236405049584,0.7176148622300674,0.8389759215942526,0.3289778645906355,0.8389759215942526,0.3295414280127117,0.8374423370458601,0.8370119157790475,0.3289778645906355,0.3257329010375537,0.3217205326304826,0.8361986506849243,0.31778445069946404,0.54260463776792,0.3455551527433328,0.54260463776792,0.54260463776792,0.54260463776792,0.34836871809739667,0.4935676064293977,0.35742193134189226,0.8351302396297298,0.8351302396297298,0.6413395286569226,0.47593704237757445,0.47593704237757445,0.6871258929330256,0.7180756558837976,0.32647509701974003,0.32647509701974003,0.31649553417781073,0.31487696917156377,0.9640380539010737,0.4743069223707869,0.4784505042679839,0.324309757191569,0.8022289776158404,0.2991269623858628,0.0,0.31867177621290227,0.31736951645856176,0.3131813534872605,0.32146966533532434,0.4729214516974199,0.47352951370490454,0.3098751196110024,0.31734409469630553,0.3131813534872605,0.3233214740495158
Dialister invisus,0.2169377499664243,0.4774771222925351,0.4774771222925351,0.4774771222925351,0.4774771222925351,0.4774771222925351,0.4774771222925351,0.4774771222925351,0.4774771222925351,0.4774771222925351,0.4774771222925351,0.5237764833314477,0.5237764833314477,0.21468226879795577,0.31042138467400826,0.31042138467400826,0.47664282477790754,0.22090551602031636,0.22090551602031636,0.5289621867627927,0.9289452929358734,0.9289452929358734,0.8393957244334298,0.5256522997104999,0.5257136885653936,0.5257443803048006,0.22380815465503062,0.5214866884942745,0.4701497019405331,0.4701497019405331,0.21904728497824374,0.7487985087253819,0.7501871040873072,0.4852926351981849,0.4237852313147421,0.47100121087754204,0.47100121087754204,0.4835661529552968,0.21371553768377577,0.6489386873406379,0.4854533125337526,0.2193294755651586,0.4928751474619232,0.20826023996776732,0.8340088696622311,0.22885794294190415,0.8657062768662167,0.8657777218206266,0.7531066044175412,0.2207350172229713,0.8642419095700936,0.7531066044175412,0.8650132654716801,0.8656037585880778,0.751397783121048,0.8671464626946727,0.8637376680318437,0.8632705151057273,0.8650132654716801,0.21811223276196312,0.22030819294566298,0.22118533586915257,0.8656037585880778,0.2222405980480033,0.8671464626946727,0.8634262608312118,0.8646121218705326,0.8662466271449116,0.8627438864348707,0.21894904647796556,0.8629838695303159,0.8625755467710178,0.5213371168489058,0.5213371168489058,0.5213371168489058,0.19928607281848984,0.5213371168489058,0.5213371168489058,0.710807104126422,0.7103756673850065,0.21255471734608722,0.2093806537591675,0.8609090823252591,0.2031485393265801,0.7489672868509627,0.8677695943307557,0.22631742705046373,0.8677695943307557,0.22559141939229163,0.8668766101047478,0.8665042617354833,0.22631742705046373,0.21837100276839405,0.2218287943079829,0.8629121932584854,0.2058836071703926,0.493992415041019,0.2516264158759955,0.493992415041019,0.493992415041019,0.493992415041019,0.2557710923609398,0.5367344825892246,0.26839229214376426,0.8630430758736786,0.8630430758736786,0.6776518633256787,0.5221051501543232,0.5221051501543232,0.7189327694670627,0.6810364721129036,0.21636676216507852,0.21636676216507852,0.21022663964430277,0.20671788631690607,0.986949942799825,0.5198752449100363,0.5246537240760837,0.21409270523000395,0.8292001845636606,0.20984252340957865,0.31867177621290227,0.0,0.21006027551443407,0.20658775228681225,0.2003224508341209,0.5213525917676571,0.5223368844869396,0.20949621663454251,0.20896924596145244,0.20658775228681225,0.21622999821612743
Veillonella parvula_A,0.22587734019068315,0.4779274875334714,0.4779274875334714,0.4779274875334714,0.4779274875334714,0.4779274875334714,0.4779274875334714,0.4779274875334714,0.4779274875334714,0.4779274875334714,0.4779274875334714,0.5246280945800533,0.5246280945800533,0.2188753386669296,0.3112519450472298,0.3112519450472298,0.47724051040689136,0.22311014397669265,0.22311014397669265,0.5273021902463944,0.9291768606110526,0.9291768606110526,0.8400618506205909,0.5261534324219265,0.5289774386147289,0.5266234495640744,0.23048551219659463,0.5238124226103718,0.47150909672134383,0.47150909672134383,0.22555565380833442,0.7493226738489708,0.75037348954147,0.48705164906927473,0.4247866844775139,0.4713893078139473,0.4713893078139473,0.48527601036840357,0.22191363990079968,0.6515112085870942,0.4889858554890529,0.21755668916986856,0.4941502635742019,0.2119211698344813,0.8344924035612621,0.2355748193154258,0.866612879869205,0.8665042617354833,0.7539060581357252,0.2286110436482338,0.8653676096930577,0.7539060581357252,0.8659330166028862,0.8662248954226882,0.7525564873414979,0.8672394958424803,0.8671061452307599,0.8641236571055073,0.8659330166028862,0.23015858222750024,0.23207849446204806,0.23042716586444528,0.8662248954226882,0.2331536602457753,0.8672394958424803,0.8661876397732495,0.8654266529578685,0.8666314987537922,0.8635103518428022,0.22879918156189688,0.8637314409881148,0.863429375459168,0.5225942465599697,0.5225942465599697,0.5225942465599697,0.2119719233185845,0.5225942465599697,0.5225942465599697,0.7149567143554283,0.7146181058762795,0.22142837004407048,0.22260332164181681,0.8644939200465779,0.2091493364499988,0.752320599739403,0.8678749554409121,0.2342124088672348,0.8678749554409121,0.23420092645963544,0.8677386033342948,0.8673480219027201,0.2342124088672348,0.2303337809909588,0.22452795117882776,0.8644130358015362,0.2160807024573274,0.4937637173575313,0.25691459590143795,0.4937637173575313,0.4937637173575313,0.4937637173575313,0.2605421473941937,0.5403299307330535,0.2721336864676526,0.8632673999046104,0.8632673999046104,0.6784450975849146,0.5232987701082688,0.5232987701082688,0.7214495440906101,0.6829528780148838,0.22520962699784933,0.22520962699784933,0.21545752326709805,0.21175613699980333,0.9877343779027047,0.5223420329710827,0.5283924692751225,0.22142837004407048,0.8309431905906529,0.2091493364499988,0.31736951645856176,0.21006027551443407,0.0,0.2091493364499988,0.21828478018447728,0.5210946164573123,0.5239510224512011,0.2109545336040065,0.20948337946325474,0.2091493364499988,0.21821084799601134
Phascolarctobacterium_A succinatutens,0.22236157165559467,0.4768628150873895,0.4768628150873895,0.4768628150873895,0.4768628150873895,0.4768628150873895,0.4768628150873895,0.4768628150873895,0.4768628150873895,0.4768628150873895,0.4768628150873895,0.5200821192695614,0.5200821192695614,0.20628813247390101,0.30446456085737106,0.30446456085737106,0.47575619375494704,0.22086899164364074,0.22086899164364074,0.526929756610155,0.9266293355531096,0.9266293355531096,0.8369926380076853,0.5225170512480568,0.5290638574706268,0.5218784659790588,0.22984288791750898,0.5202217129557654,0.4659957912369863,0.4659957912369863,0.2220590140663427,0.7457864248035574,0.7467918026491499,0.4853425062707462,0.4197234918379545,0.46610542712413006,0.46610542712413006,0.48003294226074344,0.21830941868336318,0.650408173369628,0.4871510259583177,0.21548248503782041,0.49225820362342054,0.2005639487528364,0.831842420509334,0.23448781796840015,0.8648640244718252,0.864916883604374,0.7521668755934972,0.2236037910496817,0.8634418338586414,0.7521668755934972,0.8637158731823789,0.8645125845669027,0.7504129113014352,0.8672053848471343,0.8659050655974959,0.8622886701713817,0.8637158731823789,0.22590115058870328,0.22712401163228765,0.225364808165441,0.8645125845669027,0.2289519297807499,0.8672053848471343,0.8651655891048823,0.8638310683011602,0.8664732254820936,0.8616927844384336,0.22427628517276826,0.8620890475374879,0.8615554539251946,0.5194301860365136,0.5194301860365136,0.5194301860365136,0.20697790891820628,0.5194301860365136,0.5194301860365136,0.7135447856206782,0.7133261577579152,0.2173711924564449,0.21790252720450118,0.8630586558152964,0.20366416236375473,0.7505060817753357,0.8669169382435867,0.2282696484544975,0.8669169382435867,0.22825786709924956,0.8651345048273049,0.8648298197821053,0.2282696484544975,0.22342331498563822,0.2209907160902707,0.8629340084062386,0.21524523133879578,0.4928969720306438,0.2547174913573634,0.4928969720306438,0.4928969720306438,0.4928969720306438,0.2578549509761391,0.5392388522109323,0.2698811236369124,0.8628093429897535,0.8628093429897535,0.6752625871845733,0.5192178725154191,0.5192178725154191,0.719078638964048,0.6803213692981668,0.22438417659556045,0.22438417659556045,0.20670487660064557,0.2065486960897931,0.9873994349863563,0.5192696643054069,0.5262965255527804,0.21872784852978538,0.8297869948996947,0.20178043068612855,0.3131813534872605,0.20658775228681225,0.2091493364499988,0.0,0.2108270146818759,0.5177759868607124,0.5217960109537025,0.2055175450951547,0.2078983626483827,0.0,0.21212411091027406
Acidaminococcus fermentans,0.22100288484753278,0.4783493198522879,0.4783493198522879,0.4783493198522879,0.4783493198522879,0.4783493198522879,0.4783493198522879,0.4783493198522879,0.4783493198522879,0.4783493198522879,0.4783493198522879,0.52605631134451,0.52605631134451,0.22069846462968845,0.31217506974403336,0.31217506974403336,0.4771672496164155,0.22333904291297418,0.22333904291297418,0.5302773141015428,0.9298914619281048,0.9298914619281048,0.8403979157020904,0.5277406104735429,0.5269552741603817,0.5279545903601163,0.22551988255225217,0.522398662947769,0.47203922504936935,0.47203922504936935,0.21851873376021644,0.7499576430152994,0.7507783599423322,0.4862282493312798,0.42521063917752494,0.4729214516974199,0.4729214516974199,0.485303718101645,0.216702089552713,0.6496966121023948,0.48627802445034674,0.22366391737603922,0.49386174361846413,0.2138790586158471,0.8354940389344889,0.2321827603577442,0.8668021532267385,0.8665508140313373,0.7545870661801835,0.2236518934039113,0.865345855895773,0.7545870661801835,0.8661410679579481,0.8661348581933719,0.7524099598046832,0.8684635028148235,0.8642948067503716,0.8640583001162196,0.8661410679579481,0.21896132870087248,0.2212704281946375,0.2226757954583689,0.8661348581933719,0.22463572172771823,0.8684635028148235,0.8641205449800133,0.8659205940452102,0.8676828167512658,0.8635944346661761,0.22111237352645516,0.8636535991532573,0.8634138022070316,0.5224758757514406,0.5224758757514406,0.5224758757514406,0.20585748146669372,0.5224758757514406,0.5224758757514406,0.7112874316388715,0.7109622059596974,0.21428104005095586,0.2125800199730855,0.8612869719692182,0.20982970742499346,0.7495882066137513,0.8688938191783389,0.2295853345572278,0.8688938191783389,0.23001832713694487,0.8679524186858374,0.8675929308224082,0.2295853345572278,0.22467163375614746,0.22594876385735063,0.8638933295373611,0.21105649326854056,0.49488984707392847,0.25302260442260205,0.49488984707392847,0.49488984707392847,0.49488984707392847,0.25745833110416433,0.5381805412790668,0.27103455201339466,0.8644348130735574,0.8644348130735574,0.6788690973310043,0.523868893638666,0.523868893638666,0.7212146687079747,0.6822949669639462,0.22088116710693068,0.22088116710693068,0.21644132425867027,0.2125800199730855,0.9882978060528979,0.5219866684335155,0.5261432099948572,0.2170245077183294,0.830836382848762,0.21471984555406454,0.32146966533532434,0.2003224508341209,0.21828478018447728,0.2108270146818759,0.0,0.5247101045607532,0.5245409449265109,0.21588148083842873,0.20833770332918436,0.2108270146818759,0.21962354873709763
Mitsuokella multacida,0.5281481165073713,0.35243634255658024,0.35243634255658024,0.35243634255658024,0.35243634255658024,0.35243634255658024,0.35243634255658024,0.35243634255658024,0.35243634255658024,0.35243634255658024,0.35243634255658024,0.25182939643850605,0.25182939643850605,0.5206041111832286,0.46656100534552014,0.46656100534552014,0.3506155865024453,0.5261329873691727,0.5261329873691727,0.2712924063053972,0.8070217592734638,0.8070217592734638,0.7508714850702278,0.2574687762968215,0.27492588266180995,0.2627417216903216,0.5292925451577356,0.2583967074299699,0.33514099072296016,0.33514099072296016,0.5281939412619711,0.5925810884395712,0.5942804798171287,0.3226303752217577,0.37928759927469363,0.3377706535321295,0.3377706535321295,0.3121147618742242,0.5266285561414291,0.5404742463044665,0.3264174311892064,0.5240793229547308,0.3326684238404947,0.5181861394171396,0.7642686010521796,0.5316195404174532,0.7375190723929365,0.7391471960194083,0.6027903383539823,0.5290282749454998,0.7378508160948841,0.6027903383539823,0.7382807672743129,0.7364572186532958,0.6017991044876706,0.73998717140885,0.7405066786909906,0.7364645218421799,0.7382807672743129,0.5293636722890327,0.5303533798736124,0.5297851584417498,0.7364572186532958,0.5305612373419806,0.73998717140885,0.7397072855940371,0.7374388482178241,0.7389980097110306,0.7355693415893141,0.5292214084669825,0.7362673103152184,0.7358032896827613,0.2577610698444129,0.2577610698444129,0.2577610698444129,0.5219918203718925,0.2577610698444129,0.2577610698444129,0.6370650060796189,0.6367947841725686,0.5263016353021996,0.52641914584969,0.737621163269392,0.5209965523463764,0.6021922212152758,0.741943415814897,0.5314829403724561,0.741943415814897,0.5314070362860599,0.7407971532162216,0.7404195141119482,0.5314829403724561,0.5299577186358839,0.5276132002916131,0.7375117796467084,0.5250072833522846,0.3745500639927915,0.5424856759575011,0.3745500639927915,0.3745500639927915,0.3745500639927915,0.5439757724239821,0.29605446333434254,0.5486717982863454,0.7375409501989599,0.7375409501989599,0.49956818788278917,0.25271418930563,0.25271418930563,0.6176116341989212,0.6541106148943104,0.5279749648739824,0.5279749648739824,0.5187204082226597,0.5212339389827813,0.878537050862283,0.2590619293383075,0.2719260828622541,0.5259438329545139,0.697489688095335,0.5182847352836297,0.4729214516974199,0.5213525917676571,0.5210946164573123,0.5177759868607124,0.5247101045607532,0.0,0.2582613748583281,0.5213113242968387,0.5220072758819417,0.5177759868607124,0.526265866014395
Ligilactobacillus ruminis,0.5270726389794775,0.3509912201575311,0.3509912201575311,0.3509912201575311,0.3509912201575311,0.3509912201575311,0.3509912201575311,0.3509912201575311,0.3509912201575311,0.3509912201575311,0.3509912201575311,0.2562228087811075,0.2562228087811075,0.5237508109080617,0.46770663429592396,0.46770663429592396,0.3512363150908386,0.5261585435609841,0.5261585435609841,0.2671872020536159,0.8102509832821192,0.8102509832821192,0.7518486025106496,0.24945820005098482,0.2749356642384114,0.2673381353901043,0.5282092152967214,0.2543371265488098,0.32935368068583915,0.32935368068583915,0.526669406977789,0.5950402329666443,0.5960291714012167,0.3189838646856772,0.3795215064885259,0.3305517937766576,0.3305517937766576,0.31643604972349376,0.5251814134273479,0.5398917714838417,0.32457500060937045,0.5236224299109257,0.333967394797684,0.5198183400275688,0.7632016805297093,0.5314120968957848,0.7383754686208225,0.7372856687346505,0.6028929405858524,0.527159370095127,0.7370886769094176,0.6028929405858524,0.736373226775119,0.7364097461601202,0.5979841534140361,0.7405938330111526,0.7393909234929206,0.735364575953336,0.736373226775119,0.5279749648739824,0.5282448529936346,0.5274908575641563,0.7364097461601202,0.5291960001885604,0.7405938330111526,0.739078064644981,0.7372747261251921,0.7401143572442792,0.7352511990258518,0.52692465295182,0.7348084958784619,0.7351268300316292,0.2558026333446003,0.2558026333446003,0.2558026333446003,0.5205007880148266,0.2558026333446003,0.2558026333446003,0.6363173934431879,0.6359030829771902,0.5244025010025072,0.524899703565625,0.7365448521405449,0.519668288196059,0.6002733454713055,0.7412725594512826,0.5294093918272523,0.7412725594512826,0.529383992571267,0.739849059174711,0.7396600216950776,0.5294093918272523,0.5275928118071673,0.5260972066150148,0.7363330533596517,0.5230314714518471,0.37239706644586446,0.5408622143577739,0.37239706644586446,0.37239706644586446,0.37239706644586446,0.5420194908045227,0.2945335865664649,0.5481470982872788,0.7365229447462517,0.7365229447462517,0.49775075642032884,0.24608266106953602,0.24608266106953602,0.6145341968880305,0.6519486001793264,0.5242999263788434,0.5242999263788434,0.5175318178296366,0.5205886140152854,0.8773516200864129,0.2370428730251349,0.2543371265488098,0.5235197024458567,0.6929522851081457,0.518092715498778,0.47352951370490454,0.5223368844869396,0.5239510224512011,0.5217960109537025,0.5245409449265109,0.2582613748583281,0.0,0.5192903795750647,0.521342275206194,0.5217960109537025,0.5264753372745682
Sutterella wadsworthensis,0.22218008654361485,0.4783212092714899,0.4783212092714899,0.4783212092714899,0.4783212092714899,0.4783212092714899,0.4783212092714899,0.4783212092714899,0.4783212092714899,0.4783212092714899,0.4783212092714899,0.5226765756594048,0.5226765756594048,0.2121114327815289,0.30695404860032593,0.30695404860032593,0.4772743192865895,0.22318245321339159,0.22318245321339159,0.5277100348353635,0.9283777080212775,0.9283777080212775,0.8386905921566419,0.525191654575003,0.5294347898647266,0.5244537807911166,0.23011184002916535,0.5209294452129529,0.46937113725533763,0.46937113725533763,0.22433623125813376,0.7479073040723285,0.7489098347380899,0.4861010230933624,0.4213541626413002,0.4688953485827615,0.4688953485827615,0.4828760593482315,0.21819852352914118,0.6506851407142907,0.48838051809611427,0.21787784269270244,0.4935839519828095,0.2045863801190436,0.8332669060521943,0.23543779080980418,0.864388146818834,0.8639555862866861,0.7511400505595872,0.22180454674882344,0.8627906416236577,0.7511400505595872,0.8634449484304224,0.8635446087961718,0.7492473028143016,0.8663025062130878,0.8656534659361484,0.8620297756690951,0.8634449484304224,0.22376008589273758,0.22463572172771823,0.22461177718554842,0.8635446087961718,0.22638871187360285,0.8663025062130878,0.864951084851135,0.8639773750891049,0.8664825364748366,0.8615398467999272,0.22356770749208418,0.8607934961737312,0.8618082499769802,0.5179733159705721,0.5179733159705721,0.5179733159705721,0.2052163627652322,0.5179733159705721,0.5179733159705721,0.7138047901720067,0.7133525474346877,0.21708645631312243,0.218654066153414,0.8632549389877255,0.20480972059087965,0.7508034332284227,0.8670999423776161,0.22757350493392042,0.8670999423776161,0.22732521060859906,0.8653613943782064,0.8649946117548549,0.22757350493392042,0.22343535125850814,0.21992945682856194,0.8628186935207963,0.20237928571307265,0.4902875425826412,0.25012569114113714,0.4902875425826412,0.4902875425826412,0.4902875425826412,0.25440056017656976,0.5376856165457196,0.26646153196413436,0.8627002459724746,0.8627002459724746,0.6763409928661492,0.5204439515286946,0.5204439515286946,0.7188355066910019,0.6794551281810375,0.2218409170937016,0.2218409170937016,0.2080147490142207,0.20428382494672995,0.9867918908502381,0.5189847454998885,0.5266489819556961,0.21775437816038049,0.8291677519971438,0.1989484254735042,0.3098751196110024,0.20949621663454251,0.2109545336040065,0.2055175450951547,0.21588148083842873,0.5213113242968387,0.5192903795750647,0.0,0.2096630283362395,0.2055175450951547,0.21798890098350598
Acidaminococcus intestini,0.2255318069346823,0.4776967283890139,0.4776967283890139,0.4776967283890139,0.4776967283890139,0.4776967283890139,0.4776967283890139,0.4776967283890139,0.4776967283890139,0.4776967283890139,0.4776967283890139,0.5228154766165153,0.5228154766165153,0.21561972312227767,0.3068751885320162,0.3068751885320162,0.47750528256446184,0.22355567834529477,0.22355567834529477,0.5270522295839625,0.929058189387792,0.929058189387792,0.8386617332133903,0.5260665354601777,0.5290638574706268,0.5251660513314083,0.2303337809909588,0.5215021589746759,0.4688494639218646,0.4688494639218646,0.22453992823861696,0.7489098347380899,0.7496958282394639,0.4848213776083895,0.4222021702727626,0.46962316707481727,0.46962316707481727,0.48288162856389344,0.2223373821998086,0.651779455221852,0.48878232567599716,0.21508274906918062,0.4934259222847677,0.20601418599189847,0.8330571009163289,0.23640669815574825,0.8656969575244233,0.8654452973625231,0.7531244586265439,0.22563909801892404,0.8644379240676322,0.7531244586265439,0.865159372338713,0.8652277543098245,0.7512367106321226,0.8663428610763828,0.8661845350634653,0.8628062261235537,0.865159372338713,0.22568676657296147,0.22762076838301445,0.2258892457034172,0.8652277543098245,0.22942128642298523,0.8663428610763828,0.8654452973625231,0.8643103641284584,0.8662435226465445,0.8624165291391503,0.22439616132926354,0.862394700901235,0.8623603982681937,0.520764221581088,0.520764221581088,0.520764221581088,0.20692593053744737,0.520764221581088,0.520764221581088,0.7136503061346035,0.71337893613524,0.21732169992564482,0.21881389652478,0.8633577361734018,0.20350564826863024,0.7508643220089012,0.8677664952809155,0.2325877945137785,0.8677664952809155,0.23222908572938591,0.8669603664490155,0.8666252925033759,0.2325877945137785,0.22764439642775378,0.22103938709980045,0.8634698646002329,0.21386648452144102,0.4922855183719738,0.2554344128667671,0.4922855183719738,0.4922855183719738,0.4922855183719738,0.25841752153507674,0.539976443591997,0.2705379876154947,0.8631272042174389,0.8631272042174389,0.6762654411451067,0.5206144423722433,0.5206144423722433,0.719190826137002,0.6815219977575613,0.22467163375614746,0.22467163375614746,0.21087803150408227,0.2060272393222453,0.9869690163234437,0.5200976315293523,0.5266234495640744,0.2181615459510992,0.8294174500459761,0.20872458890536882,0.31734409469630553,0.20896924596145244,0.20948337946325474,0.2078983626483827,0.20833770332918436,0.5220072758819417,0.521342275206194,0.2096630283362395,0.0,0.2078983626483827,0.21698733007219484
Phascolarctobacterium_A succinatutens_A,0.22236157165559467,0.4768628150873895,0.4768628150873895,0.4768628150873895,0.4768628150873895,0.4768628150873895,0.4768628150873895,0.4768628150873895,0.4768628150873895,0.4768628150873895,0.4768628150873895,0.5200821192695614,0.5200821192695614,0.20628813247390101,0.30446456085737106,0.30446456085737106,0.47575619375494704,0.22086899164364074,0.22086899164364074,0.526929756610155,0.9266293355531096,0.9266293355531096,0.8369926380076853,0.5225170512480568,0.5290638574706268,0.5218784659790588,0.22984288791750898,0.5202217129557654,0.4659957912369863,0.4659957912369863,0.2220590140663427,0.7457864248035574,0.7467918026491499,0.4853425062707462,0.4197234918379545,0.46610542712413006,0.46610542712413006,0.48003294226074344,0.21830941868336318,0.650408173369628,0.4871510259583177,0.21548248503782041,0.49225820362342054,0.2005639487528364,0.831842420509334,0.23448781796840015,0.8648640244718252,0.864916883604374,0.7521668755934972,0.2236037910496817,0.8634418338586414,0.7521668755934972,0.8637158731823789,0.8645125845669027,0.7504129113014352,0.8672053848471343,0.8659050655974959,0.8622886701713817,0.8637158731823789,0.22590115058870328,0.22712401163228765,0.225364808165441,0.8645125845669027,0.2289519297807499,0.8672053848471343,0.8651655891048823,0.8638310683011602,0.8664732254820936,0.8616927844384336,0.22427628517276826,0.8620890475374879,0.8615554539251946,0.5194301860365136,0.5194301860365136,0.5194301860365136,0.20697790891820628,0.5194301860365136,0.5194301860365136,0.7135447856206782,0.7133261577579152,0.2173711924564449,0.21790252720450118,0.8630586558152964,0.20366416236375473,0.7505060817753357,0.8669169382435867,0.2282696484544975,0.8669169382435867,0.22825786709924956,0.8651345048273049,0.8648298197821053,0.2282696484544975,0.22342331498563822,0.2209907160902707,0.8629340084062386,0.21524523133879578,0.4928969720306438,0.2547174913573634,0.4928969720306438,0.4928969720306438,0.4928969720306438,0.2578549509761391,0.5392388522109323,0.2698811236369124,0.8628093429897535,0.8628093429897535,0.6752625871845733,0.5192178725154191,0.5192178725154191,0.719078638964048,0.6803213692981668,0.22438417659556045,0.22438417659556045,0.20670487660064557,0.2065486960897931,0.9873994349863563,0.5192696643054069,0.5262965255527804,0.21872784852978538,0.8297869948996947,0.20178043068612855,0.3131813534872605,0.20658775228681225,0.2091493364499988,0.0,0.2108270146818759,0.5177759868607124,0.5217960109537025,0.2055175450951547,0.2078983626483827,0.0,0.21212411091027406
Megasphaera elsdenii,0.22999494297309275,0.4816883488901318,0.4816883488901318,0.4816883488901318,0.4816883488901318,0.4816883488901318,0.4816883488901318,0.4816883488901318,0.4816883488901318,0.4816883488901318,0.4816883488901318,0.5278221368495708,0.5278221368495708,0.22159833537314896,0.3174711831509054,0.3174711831509054,0.4800105328054182,0.22913978780602165,0.22913978780602165,0.5307335452055525,0.930937781280415,0.930937781280415,0.8422071568115156,0.5296734718887133,0.5322868582340752,0.5285044265369664,0.23662273491126304,0.525529500487602,0.4741878402481262,0.4741878402481262,0.22890494118512306,0.751168691877789,0.7520953652850545,0.4880830777259177,0.4289634964925503,0.47506607680360463,0.47506607680360463,0.48800042322705645,0.22581780321181852,0.6530325613267831,0.49048496498262656,0.22493481343972266,0.49682601564447537,0.2188753386669296,0.8362018667284409,0.24196097263082647,0.8673356196116914,0.8671836771514889,0.7554205533682925,0.23286512505090246,0.8659423334041926,0.7554205533682925,0.8667990507180249,0.8670224029690555,0.7531458831186506,0.8684573096564452,0.8678222764848024,0.8647862845839843,0.8667990507180249,0.232818926235836,0.2342812914947328,0.23354549604435362,0.8670224029690555,0.23680450773231712,0.8684573096564452,0.8667121759650751,0.8667214843908273,0.8679307296741525,0.8642605795328219,0.23286512505090246,0.8645872386189465,0.8640489629999029,0.5245409449265109,0.5245409449265109,0.5245409449265109,0.21150198888014146,0.5245409449265109,0.5245409449265109,0.7156146610775378,0.715336517450962,0.22596066560688388,0.22511407772456354,0.865118962269687,0.21424338633151724,0.7522026281983435,0.8684418265672749,0.2376660300890226,0.8684418265672749,0.23636119157242852,0.8678160787503205,0.867654922114685,0.2376660300890226,0.23076536924052393,0.2282460851358846,0.8646338941282334,0.22113669698217214,0.4939978589335176,0.25844873954975184,0.4939978589335176,0.4939978589335176,0.4939978589335176,0.26164424595772423,0.5409318201952732,0.27377902577618135,0.8646214529052516,0.8646214529052516,0.6807046946138458,0.5261943201442831,0.5261943201442831,0.722615332793212,0.6839955697895496,0.2310914407767387,0.2310914407767387,0.2239643068817567,0.21846950119594166,0.9886134031756553,0.524853591192544,0.5298206901349157,0.2244321116904452,0.8313282318176599,0.2173588203802542,0.3233214740495158,0.21622999821612743,0.21821084799601134,0.21212411091027406,0.21962354873709763,0.526265866014395,0.5264753372745682,0.21798890098350598,0.21698733007219484,0.21212411091027406,0.0
