,Flavonifractor plautii,Faecalibacterium prausnitzii_C,Faecalibacterium prausnitzii,Faecalibacterium sp900539885,Faecalibacterium prausnitzii_G,Faecalibacterium prausnitzii_J,Faecalibacterium prausnitzii_A,Faecalibacterium sp900758465,Faecalibacterium prausnitzii_H,Faecalibacterium prausnitzii_E,Faecalibacterium prausnitzii_F,Gemmiger formicilis,Gemmiger sp900540775,Anaerotruncus colihominis,Ruminococcus_E bromii_B,Ruminococcus_E bromii,Blautia_A obeum,Blautia_A wexlerae,Blautia_A wexlerae_B,Agathobacter sp900317585,Mediterraneibacter faecis,Mediterraneibacter torques,Mediterraneibacter lactaris,Enterocloster bolteae,Enterocloster citroniae,Enterocloster asparagiformis,Enterocloster clostridioformis,Coprococcus eutactus,Dorea_A longicatena_B,Dorea_A longicatena,Lachnospira eligens_A,Roseburia inulinivorans,Roseburia intestinalis,Anaerostipes hadrus,Eubacterium_G ventriosum,Bariatricus comes,Bariatricus comes_A,Anaerobutyricum hallii,Anaerobutyricum soehngenii,Dorea formicigenerans,Coprococcus_A catus,Eubacterium_I ramulus,Clostridium_Q symbiosum,Bacteroides_F pectinophilus,Ruminococcus_B gnavus,Hungatella effluvii,Bacteroides uniformis,Bacteroides caccae,Bacteroides cellulosilyticus,Bacteroides timonensis,Bacteroides stercoris,Bacteroides sp900552405,Bacteroides intestinalis_A,Bacteroides xylanisolvens,Bacteroides eggerthii,Bacteroides fragilis,Bacteroides fluxus,Bacteroides finegoldii,Bacteroides intestinalis,Bacteroides faecis,Bacteroides nordii,Bacteroides salyersiae,Bacteroides sp902362375,Bacteroides oleiciplenus,Bacteroides fragilis_A,Bacteroides clarus,Phocaeicola dorei,Phocaeicola vulgatus,Phocaeicola plebeius,Phocaeicola massiliensis,Phocaeicola coprocola,Phocaeicola coprophilus,Prevotella sp900313215,Prevotella sp900551275,Prevotella copri_A,Prevotella stercorea,Prevotella sp015074785,Prevotella copri,Paraprevotella clara,Paraprevotella xylaniphila,Alistipes onderdonkii,Alistipes finegoldii,Alistipes shahii,Alistipes putredinis,Alistipes_A indistinctus,Parabacteroides distasonis,Parabacteroides goldsteinii,Parabacteroides distasonis_A,Parabacteroides gordonii,Parabacteroides merdae,Parabacteroides johnsonii,Parabacteroides timonensis,Butyricimonas virosa,Odoribacter splanchnicus,Barnesiella intestinihominis,Parasutterella excrementihominis,Escherichia coli,Escherichia fergusonii,Escherichia ruysiae,Escherichia sp005843885,Escherichia coli_E,Escherichia albertii,Hafnia alvei,Klebsiella pneumoniae,Akkermansia muciniphila,Akkermansia muciniphila_B,Erysipelatoclostridium ramosum,Catenibacterium sp000437715,Catenibacterium mitsuokai,Holdemania filiformis,Holdemanella biformis,Streptococcus salivarius,Streptococcus sp001556435,Streptococcus thermophilus,Adlercreutzia celatus_A,Bifidobacterium longum,Bifidobacterium pseudocatenulatum,Bifidobacterium catenulatum,Bifidobacterium ruminantium,Bifidobacterium bifidum,Desulfovibrio sp900556755,Bilophila wadsworthia,Dialister invisus,Veillonella parvula_A,Phascolarctobacterium_A succinatutens,Acidaminococcus fermentans,Mitsuokella multacida,Ligilactobacillus ruminis,Sutterella wadsworthensis,Acidaminococcus intestini,Phascolarctobacterium_A succinatutens_A,Megasphaera elsdenii
Flavonifractor plautii,0.0,210.8459153030952,210.8459153030952,210.8459153030952,210.8459153030952,210.8459153030952,210.8459153030952,210.8459153030952,210.8459153030952,210.8459153030952,210.8459153030952,229.88475373543153,229.88475373543153,103.82677881933928,140.95744038538726,140.95744038538726,210.57540217223854,105.78752289377042,105.78752289377042,232.4693528188178,403.3348484820026,403.3348484820026,364.81090992457996,231.93102422918759,232.0129306741329,232.0258606276464,107.92590050585633,229.7520402520944,207.5475849052453,207.5475849052453,105.80642702596096,326.0061349115995,326.3066042849884,214.5203953007732,188.39320582229072,207.97355601133526,207.97355601133526,214.18683432928364,104.73299384625649,284.1126537132762,214.4924241086384,104.0768946500615,217.46493970293236,101.21264743103995,362.6003309430371,109.30690737551767,376.4611533744219,376.560752070632,328.61527657733745,107.5174404457249,375.9521246116319,328.61527657733745,376.3469144286957,376.2937682183961,327.7758380356917,377.1790025969102,376.2818092866037,375.5555884286639,376.3469144286957,107.79610382569493,108.62320194139004,108.52188719332152,376.2937682183961,108.74741376235114,377.1790025969102,376.1528944458623,375.99335100504106,376.98541085829834,375.41044204976504,107.78682665335315,375.36115941849926,375.4477327138892,230.01086930838724,230.01086930838724,230.01086930838724,100.44899203078147,230.01086930838724,230.01086930838724,311.25712843242644,311.0659094147091,104.8713497576912,105.22832318344715,375.0026666571853,100.25467570143549,327.1941319767211,377.1975609677242,109.62207806824317,377.1975609677242,108.95411878400927,376.8806177027415,376.7107643803134,109.62207806824317,106.97195894251914,107.32660434393702,375.41976506305576,104.00480758118829,218.02064122463267,119.3901168438996,218.02064122463267,218.02064122463267,218.02064122463267,120.65653732807021,237.05484597451283,125.63439019631528,375.72330244476456,375.72330244476456,295.80229884164186,229.62360505836503,229.62360505836503,313.3512406230427,297.20699857170257,105.83005244258362,105.83005244258362,102.04410811016969,101.25216047077711,428.52071128476393,228.92793625942642,231.82752209347362,104.41264291262816,361.09970922170515,102.64014809030625,145.7840869230932,101.1830025251277,104.43179592442141,102.4792661956554,104.30244484191154,230.57319878945168,229.8107917396396,103.39729203417274,103.79306335203717,102.4792661956554,106.50352106855435
Faecalibacterium prausnitzii_C,210.8459153030952,0.0,0.0,0.0,0.0,0.0,0.0,0.0,0.0,0.0,0.0,155.60526983364028,155.60526983364028,210.06189564030885,229.1833327273168,229.1833327273168,126.28539107909513,210.98578151145637,210.98578151145637,159.29218436571205,366.3563838668572,366.3563838668572,343.0204075561686,159.22311389996113,159.46159412222116,159.09745441081074,212.07545826898502,156.11534197509224,119.47384651043926,119.47384651043926,210.84828668974288,278.94802383239784,279.37788029835144,175.65022060902743,142.74452704044384,120.22894826122368,120.22894826122368,175.11139311878026,210.52553289328114,256.2693895103354,176.41711935070248,210.14280858501917,179.34603424664846,208.46102753272612,320.828614683915,212.67816060893512,336.49517084201966,336.425326038335,281.9077863415624,211.97169622381193,335.9434476217686,281.9077863415624,336.3524936729324,336.2662635472075,280.88965805098627,337.22396118899974,336.5917408374721,335.6635219978483,336.3524936729324,212.235718011837,212.68521340234258,212.52058723803677,336.2662635472075,212.4899997646948,337.22396118899974,336.37925025185484,336.1710873944992,337.1290554075694,335.47429111632385,212.14617602021488,335.43404716873926,335.59052430007614,156.6301375853319,156.6301375853319,156.6301375853319,208.5665361461421,156.6301375853319,156.6301375853319,262.06296953213365,261.88165266012817,210.56590417254168,210.82457162294912,335.3281974424459,208.38665984174708,280.75256009518415,337.3040171714532,213.02347288503208,337.3040171714532,212.73222604955743,336.98813035476485,336.8753478662397,213.02347288503208,212.05895406702354,211.85136298829894,335.62479050272793,210.26887549040634,138.01811475310043,218.01376103356412,138.01811475310043,138.01811475310043,138.01811475310043,218.7007087322764,166.95807857064,221.0294098078353,335.806491896747,335.806491896747,242.4396832203837,156.2209973083004,156.2209973083004,287.74120316701254,270.22213084793776,210.8838542895117,210.8838542895117,209.05262495362263,209.06936647916643,393.93400462514023,154.8418548067673,159.04716281656835,210.2189334955346,319.16296777665167,209.2008604188807,232.64780248263682,209.19369015340783,210.34733181098352,209.60916010518244,210.492280143477,157.3975857502268,156.20179256333776,210.0880767678166,210.00714273566982,209.60916010518244,211.48758828829648
Faecalibacterium prausnitzii,210.8459153030952,0.0,0.0,0.0,0.0,0.0,0.0,0.0,0.0,0.0,0.0,155.60526983364028,155.60526983364028,210.06189564030885,229.1833327273168,229.1833327273168,126.28539107909513,210.98578151145637,210.98578151145637,159.29218436571205,366.3563838668572,366.3563838668572,343.0204075561686,159.22311389996113,159.46159412222116,159.09745441081074,212.07545826898502,156.11534197509224,119.47384651043926,119.47384651043926,210.84828668974288,278.94802383239784,279.37788029835144,175.65022060902743,142.74452704044384,120.22894826122368,120.22894826122368,175.11139311878026,210.52553289328114,256.2693895103354,176.41711935070248,210.14280858501917,179.34603424664846,208.46102753272612,320.828614683915,212.67816060893512,336.49517084201966,336.425326038335,281.9077863415624,211.97169622381193,335.9434476217686,281.9077863415624,336.3524936729324,336.2662635472075,280.88965805098627,337.22396118899974,336.5917408374721,335.6635219978483,336.3524936729324,212.235718011837,212.68521340234258,212.52058723803677,336.2662635472075,212.4899997646948,337.22396118899974,336.37925025185484,336.1710873944992,337.1290554075694,335.47429111632385,212.14617602021488,335.43404716873926,335.59052430007614,156.6301375853319,156.6301375853319,156.6301375853319,208.5665361461421,156.6301375853319,156.6301375853319,262.06296953213365,261.88165266012817,210.56590417254168,210.82457162294912,335.3281974424459,208.38665984174708,280.75256009518415,337.3040171714532,213.02347288503208,337.3040171714532,212.73222604955743,336.98813035476485,336.8753478662397,213.02347288503208,212.05895406702354,211.85136298829894,335.62479050272793,210.26887549040634,138.01811475310043,218.01376103356412,138.01811475310043,138.01811475310043,138.01811475310043,218.7007087322764,166.95807857064,221.0294098078353,335.806491896747,335.806491896747,242.4396832203837,156.2209973083004,156.2209973083004,287.74120316701254,270.22213084793776,210.8838542895117,210.8838542895117,209.05262495362263,209.06936647916643,393.93400462514023,154.8418548067673,159.04716281656835,210.2189334955346,319.16296777665167,209.2008604188807,232.64780248263682,209.19369015340783,210.34733181098352,209.60916010518244,210.492280143477,157.3975857502268,156.20179256333776,210.0880767678166,210.00714273566982,209.60916010518244,211.48758828829648
Faecalibacterium sp900539885,210.8459153030952,0.0,0.0,0.0,0.0,0.0,0.0,0.0,0.0,0.0,0.0,155.60526983364028,155.60526983364028,210.06189564030885,229.1833327273168,229.1833327273168,126.28539107909513,210.98578151145637,210.98578151145637,159.29218436571205,366.3563838668572,366.3563838668572,343.0204075561686,159.22311389996113,159.46159412222116,159.09745441081074,212.07545826898502,156.11534197509224,119.47384651043926,119.47384651043926,210.84828668974288,278.94802383239784,279.37788029835144,175.65022060902743,142.74452704044384,120.22894826122368,120.22894826122368,175.11139311878026,210.52553289328114,256.2693895103354,176.41711935070248,210.14280858501917,179.34603424664846,208.46102753272612,320.828614683915,212.67816060893512,336.49517084201966,336.425326038335,281.9077863415624,211.97169622381193,335.9434476217686,281.9077863415624,336.3524936729324,336.2662635472075,280.88965805098627,337.22396118899974,336.5917408374721,335.6635219978483,336.3524936729324,212.235718011837,212.68521340234258,212.52058723803677,336.2662635472075,212.4899997646948,337.22396118899974,336.37925025185484,336.1710873944992,337.1290554075694,335.47429111632385,212.14617602021488,335.43404716873926,335.59052430007614,156.6301375853319,156.6301375853319,156.6301375853319,208.5665361461421,156.6301375853319,156.6301375853319,262.06296953213365,261.88165266012817,210.56590417254168,210.82457162294912,335.3281974424459,208.38665984174708,280.75256009518415,337.3040171714532,213.02347288503208,337.3040171714532,212.73222604955743,336.98813035476485,336.8753478662397,213.02347288503208,212.05895406702354,211.85136298829894,335.62479050272793,210.26887549040634,138.01811475310043,218.01376103356412,138.01811475310043,138.01811475310043,138.01811475310043,218.7007087322764,166.95807857064,221.0294098078353,335.806491896747,335.806491896747,242.4396832203837,156.2209973083004,156.2209973083004,287.74120316701254,270.22213084793776,210.8838542895117,210.8838542895117,209.05262495362263,209.06936647916643,393.93400462514023,154.8418548067673,159.04716281656835,210.2189334955346,319.16296777665167,209.2008604188807,232.64780248263682,209.19369015340783,210.34733181098352,209.60916010518244,210.492280143477,157.3975857502268,156.20179256333776,210.0880767678166,210.00714273566982,209.60916010518244,211.48758828829648
Faecalibacterium prausnitzii_G,210.8459153030952,0.0,0.0,0.0,0.0,0.0,0.0,0.0,0.0,0.0,0.0,155.60526983364028,155.60526983364028,210.06189564030885,229.1833327273168,229.1833327273168,126.28539107909513,210.98578151145637,210.98578151145637,159.29218436571205,366.3563838668572,366.3563838668572,343.0204075561686,159.22311389996113,159.46159412222116,159.09745441081074,212.07545826898502,156.11534197509224,119.47384651043926,119.47384651043926,210.84828668974288,278.94802383239784,279.37788029835144,175.65022060902743,142.74452704044384,120.22894826122368,120.22894826122368,175.11139311878026,210.52553289328114,256.2693895103354,176.41711935070248,210.14280858501917,179.34603424664846,208.46102753272612,320.828614683915,212.67816060893512,336.49517084201966,336.425326038335,281.9077863415624,211.97169622381193,335.9434476217686,281.9077863415624,336.3524936729324,336.2662635472075,280.88965805098627,337.22396118899974,336.5917408374721,335.6635219978483,336.3524936729324,212.235718011837,212.68521340234258,212.52058723803677,336.2662635472075,212.4899997646948,337.22396118899974,336.37925025185484,336.1710873944992,337.1290554075694,335.47429111632385,212.14617602021488,335.43404716873926,335.59052430007614,156.6301375853319,156.6301375853319,156.6301375853319,208.5665361461421,156.6301375853319,156.6301375853319,262.06296953213365,261.88165266012817,210.56590417254168,210.82457162294912,335.3281974424459,208.38665984174708,280.75256009518415,337.3040171714532,213.02347288503208,337.3040171714532,212.73222604955743,336.98813035476485,336.8753478662397,213.02347288503208,212.05895406702354,211.85136298829894,335.62479050272793,210.26887549040634,138.01811475310043,218.01376103356412,138.01811475310043,138.01811475310043,138.01811475310043,218.7007087322764,166.95807857064,221.0294098078353,335.806491896747,335.806491896747,242.4396832203837,156.2209973083004,156.2209973083004,287.74120316701254,270.22213084793776,210.8838542895117,210.8838542895117,209.05262495362263,209.06936647916643,393.93400462514023,154.8418548067673,159.04716281656835,210.2189334955346,319.16296777665167,209.2008604188807,232.64780248263682,209.19369015340783,210.34733181098352,209.60916010518244,210.492280143477,157.3975857502268,156.20179256333776,210.0880767678166,210.00714273566982,209.60916010518244,211.48758828829648
Faecalibacterium prausnitzii_J,210.8459153030952,0.0,0.0,0.0,0.0,0.0,0.0,0.0,0.0,0.0,0.0,155.60526983364028,155.60526983364028,210.06189564030885,229.1833327273168,229.1833327273168,126.28539107909513,210.98578151145637,210.98578151145637,159.29218436571205,366.3563838668572,366.3563838668572,343.0204075561686,159.22311389996113,159.46159412222116,159.09745441081074,212.07545826898502,156.11534197509224,119.47384651043926,119.47384651043926,210.84828668974288,278.94802383239784,279.37788029835144,175.65022060902743,142.74452704044384,120.22894826122368,120.22894826122368,175.11139311878026,210.52553289328114,256.2693895103354,176.41711935070248,210.14280858501917,179.34603424664846,208.46102753272612,320.828614683915,212.67816060893512,336.49517084201966,336.425326038335,281.9077863415624,211.97169622381193,335.9434476217686,281.9077863415624,336.3524936729324,336.2662635472075,280.88965805098627,337.22396118899974,336.5917408374721,335.6635219978483,336.3524936729324,212.235718011837,212.68521340234258,212.52058723803677,336.2662635472075,212.4899997646948,337.22396118899974,336.37925025185484,336.1710873944992,337.1290554075694,335.47429111632385,212.14617602021488,335.43404716873926,335.59052430007614,156.6301375853319,156.6301375853319,156.6301375853319,208.5665361461421,156.6301375853319,156.6301375853319,262.06296953213365,261.88165266012817,210.56590417254168,210.82457162294912,335.3281974424459,208.38665984174708,280.75256009518415,337.3040171714532,213.02347288503208,337.3040171714532,212.73222604955743,336.98813035476485,336.8753478662397,213.02347288503208,212.05895406702354,211.85136298829894,335.62479050272793,210.26887549040634,138.01811475310043,218.01376103356412,138.01811475310043,138.01811475310043,138.01811475310043,218.7007087322764,166.95807857064,221.0294098078353,335.806491896747,335.806491896747,242.4396832203837,156.2209973083004,156.2209973083004,287.74120316701254,270.22213084793776,210.8838542895117,210.8838542895117,209.05262495362263,209.06936647916643,393.93400462514023,154.8418548067673,159.04716281656835,210.2189334955346,319.16296777665167,209.2008604188807,232.64780248263682,209.19369015340783,210.34733181098352,209.60916010518244,210.492280143477,157.3975857502268,156.20179256333776,210.0880767678166,210.00714273566982,209.60916010518244,211.48758828829648
Faecalibacterium prausnitzii_A,210.8459153030952,0.0,0.0,0.0,0.0,0.0,0.0,0.0,0.0,0.0,0.0,155.60526983364028,155.60526983364028,210.06189564030885,229.1833327273168,229.1833327273168,126.28539107909513,210.98578151145637,210.98578151145637,159.29218436571205,366.3563838668572,366.3563838668572,343.0204075561686,159.22311389996113,159.46159412222116,159.09745441081074,212.07545826898502,156.11534197509224,119.47384651043926,119.47384651043926,210.84828668974288,278.94802383239784,279.37788029835144,175.65022060902743,142.74452704044384,120.22894826122368,120.22894826122368,175.11139311878026,210.52553289328114,256.2693895103354,176.41711935070248,210.14280858501917,179.34603424664846,208.46102753272612,320.828614683915,212.67816060893512,336.49517084201966,336.425326038335,281.9077863415624,211.97169622381193,335.9434476217686,281.9077863415624,336.3524936729324,336.2662635472075,280.88965805098627,337.22396118899974,336.5917408374721,335.6635219978483,336.3524936729324,212.235718011837,212.68521340234258,212.52058723803677,336.2662635472075,212.4899997646948,337.22396118899974,336.37925025185484,336.1710873944992,337.1290554075694,335.47429111632385,212.14617602021488,335.43404716873926,335.59052430007614,156.6301375853319,156.6301375853319,156.6301375853319,208.5665361461421,156.6301375853319,156.6301375853319,262.06296953213365,261.88165266012817,210.56590417254168,210.82457162294912,335.3281974424459,208.38665984174708,280.75256009518415,337.3040171714532,213.02347288503208,337.3040171714532,212.73222604955743,336.98813035476485,336.8753478662397,213.02347288503208,212.05895406702354,211.85136298829894,335.62479050272793,210.26887549040634,138.01811475310043,218.01376103356412,138.01811475310043,138.01811475310043,138.01811475310043,218.7007087322764,166.95807857064,221.0294098078353,335.806491896747,335.806491896747,242.4396832203837,156.2209973083004,156.2209973083004,287.74120316701254,270.22213084793776,210.8838542895117,210.8838542895117,209.05262495362263,209.06936647916643,393.93400462514023,154.8418548067673,159.04716281656835,210.2189334955346,319.16296777665167,209.2008604188807,232.64780248263682,209.19369015340783,210.34733181098352,209.60916010518244,210.492280143477,157.3975857502268,156.20179256333776,210.0880767678166,210.00714273566982,209.60916010518244,211.48758828829648
Faecalibacterium sp900758465,210.8459153030952,0.0,0.0,0.0,0.0,0.0,0.0,0.0,0.0,0.0,0.0,155.60526983364028,155.60526983364028,210.06189564030885,229.1833327273168,229.1833327273168,126.28539107909513,210.98578151145637,210.98578151145637,159.29218436571205,366.3563838668572,366.3563838668572,343.0204075561686,159.22311389996113,159.46159412222116,159.09745441081074,212.07545826898502,156.11534197509224,119.47384651043926,119.47384651043926,210.84828668974288,278.94802383239784,279.37788029835144,175.65022060902743,142.74452704044384,120.22894826122368,120.22894826122368,175.11139311878026,210.52553289328114,256.2693895103354,176.41711935070248,210.14280858501917,179.34603424664846,208.46102753272612,320.828614683915,212.67816060893512,336.49517084201966,336.425326038335,281.9077863415624,211.97169622381193,335.9434476217686,281.9077863415624,336.3524936729324,336.2662635472075,280.88965805098627,337.22396118899974,336.5917408374721,335.6635219978483,336.3524936729324,212.235718011837,212.68521340234258,212.52058723803677,336.2662635472075,212.4899997646948,337.22396118899974,336.37925025185484,336.1710873944992,337.1290554075694,335.47429111632385,212.14617602021488,335.43404716873926,335.59052430007614,156.6301375853319,156.6301375853319,156.6301375853319,208.5665361461421,156.6301375853319,156.6301375853319,262.06296953213365,261.88165266012817,210.56590417254168,210.82457162294912,335.3281974424459,208.38665984174708,280.75256009518415,337.3040171714532,213.02347288503208,337.3040171714532,212.73222604955743,336.98813035476485,336.8753478662397,213.02347288503208,212.05895406702354,211.85136298829894,335.62479050272793,210.26887549040634,138.01811475310043,218.01376103356412,138.01811475310043,138.01811475310043,138.01811475310043,218.7007087322764,166.95807857064,221.0294098078353,335.806491896747,335.806491896747,242.4396832203837,156.2209973083004,156.2209973083004,287.74120316701254,270.22213084793776,210.8838542895117,210.8838542895117,209.05262495362263,209.06936647916643,393.93400462514023,154.8418548067673,159.04716281656835,210.2189334955346,319.16296777665167,209.2008604188807,232.64780248263682,209.19369015340783,210.34733181098352,209.60916010518244,210.492280143477,157.3975857502268,156.20179256333776,210.0880767678166,210.00714273566982,209.60916010518244,211.48758828829648
Faecalibacterium prausnitzii_H,210.8459153030952,0.0,0.0,0.0,0.0,0.0,0.0,0.0,0.0,0.0,0.0,155.60526983364028,155.60526983364028,210.06189564030885,229.1833327273168,229.1833327273168,126.28539107909513,210.98578151145637,210.98578151145637,159.29218436571205,366.3563838668572,366.3563838668572,343.0204075561686,159.22311389996113,159.46159412222116,159.09745441081074,212.07545826898502,156.11534197509224,119.47384651043926,119.47384651043926,210.84828668974288,278.94802383239784,279.37788029835144,175.65022060902743,142.74452704044384,120.22894826122368,120.22894826122368,175.11139311878026,210.52553289328114,256.2693895103354,176.41711935070248,210.14280858501917,179.34603424664846,208.46102753272612,320.828614683915,212.67816060893512,336.49517084201966,336.425326038335,281.9077863415624,211.97169622381193,335.9434476217686,281.9077863415624,336.3524936729324,336.2662635472075,280.88965805098627,337.22396118899974,336.5917408374721,335.6635219978483,336.3524936729324,212.235718011837,212.68521340234258,212.52058723803677,336.2662635472075,212.4899997646948,337.22396118899974,336.37925025185484,336.1710873944992,337.1290554075694,335.47429111632385,212.14617602021488,335.43404716873926,335.59052430007614,156.6301375853319,156.6301375853319,156.6301375853319,208.5665361461421,156.6301375853319,156.6301375853319,262.06296953213365,261.88165266012817,210.56590417254168,210.82457162294912,335.3281974424459,208.38665984174708,280.75256009518415,337.3040171714532,213.02347288503208,337.3040171714532,212.73222604955743,336.98813035476485,336.8753478662397,213.02347288503208,212.05895406702354,211.85136298829894,335.62479050272793,210.26887549040634,138.01811475310043,218.01376103356412,138.01811475310043,138.01811475310043,138.01811475310043,218.7007087322764,166.95807857064,221.0294098078353,335.806491896747,335.806491896747,242.4396832203837,156.2209973083004,156.2209973083004,287.74120316701254,270.22213084793776,210.8838542895117,210.8838542895117,209.05262495362263,209.06936647916643,393.93400462514023,154.8418548067673,159.04716281656835,210.2189334955346,319.16296777665167,209.2008604188807,232.64780248263682,209.19369015340783,210.34733181098352,209.60916010518244,210.492280143477,157.3975857502268,156.20179256333776,210.0880767678166,210.00714273566982,209.60916010518244,211.48758828829648
Faecalibacterium prausnitzii_E,210.8459153030952,0.0,0.0,0.0,0.0,0.0,0.0,0.0,0.0,0.0,0.0,155.60526983364028,155.60526983364028,210.06189564030885,229.1833327273168,229.1833327273168,126.28539107909513,210.98578151145637,210.98578151145637,159.29218436571205,366.3563838668572,366.3563838668572,343.0204075561686,159.22311389996113,159.46159412222116,159.09745441081074,212.07545826898502,156.11534197509224,119.47384651043926,119.47384651043926,210.84828668974288,278.94802383239784,279.37788029835144,175.65022060902743,142.74452704044384,120.22894826122368,120.22894826122368,175.11139311878026,210.52553289328114,256.2693895103354,176.41711935070248,210.14280858501917,179.34603424664846,208.46102753272612,320.828614683915,212.67816060893512,336.49517084201966,336.425326038335,281.9077863415624,211.97169622381193,335.9434476217686,281.9077863415624,336.3524936729324,336.2662635472075,280.88965805098627,337.22396118899974,336.5917408374721,335.6635219978483,336.3524936729324,212.235718011837,212.68521340234258,212.52058723803677,336.2662635472075,212.4899997646948,337.22396118899974,336.37925025185484,336.1710873944992,337.1290554075694,335.47429111632385,212.14617602021488,335.43404716873926,335.59052430007614,156.6301375853319,156.6301375853319,156.6301375853319,208.5665361461421,156.6301375853319,156.6301375853319,262.06296953213365,261.88165266012817,210.56590417254168,210.82457162294912,335.3281974424459,208.38665984174708,280.75256009518415,337.3040171714532,213.02347288503208,337.3040171714532,212.73222604955743,336.98813035476485,336.8753478662397,213.02347288503208,212.05895406702354,211.85136298829894,335.62479050272793,210.26887549040634,138.01811475310043,218.01376103356412,138.01811475310043,138.01811475310043,138.01811475310043,218.7007087322764,166.95807857064,221.0294098078353,335.806491896747,335.806491896747,242.4396832203837,156.2209973083004,156.2209973083004,287.74120316701254,270.22213084793776,210.8838542895117,210.8838542895117,209.05262495362263,209.06936647916643,393.93400462514023,154.8418548067673,159.04716281656835,210.2189334955346,319.16296777665167,209.2008604188807,232.64780248263682,209.19369015340783,210.34733181098352,209.60916010518244,210.492280143477,157.3975857502268,156.20179256333776,210.0880767678166,210.00714273566982,209.60916010518244,211.48758828829648
Faecalibacterium prausnitzii_F,210.8459153030952,0.0,0.0,0.0,0.0,0.0,0.0,0.0,0.0,0.0,0.0,155.60526983364028,155.60526983364028,210.06189564030885,229.1833327273168,229.1833327273168,126.28539107909513,210.98578151145637,210.98578151145637,159.29218436571205,366.3563838668572,366.3563838668572,343.0204075561686,159.22311389996113,159.46159412222116,159.09745441081074,212.07545826898502,156.11534197509224,119.47384651043926,119.47384651043926,210.84828668974288,278.94802383239784,279.37788029835144,175.65022060902743,142.74452704044384,120.22894826122368,120.22894826122368,175.11139311878026,210.52553289328114,256.2693895103354,176.41711935070248,210.14280858501917,179.34603424664846,208.46102753272612,320.828614683915,212.67816060893512,336.49517084201966,336.425326038335,281.9077863415624,211.97169622381193,335.9434476217686,281.9077863415624,336.3524936729324,336.2662635472075,280.88965805098627,337.22396118899974,336.5917408374721,335.6635219978483,336.3524936729324,212.235718011837,212.68521340234258,212.52058723803677,336.2662635472075,212.4899997646948,337.22396118899974,336.37925025185484,336.1710873944992,337.1290554075694,335.47429111632385,212.14617602021488,335.43404716873926,335.59052430007614,156.6301375853319,156.6301375853319,156.6301375853319,208.5665361461421,156.6301375853319,156.6301375853319,262.06296953213365,261.88165266012817,210.56590417254168,210.82457162294912,335.3281974424459,208.38665984174708,280.75256009518415,337.3040171714532,213.02347288503208,337.3040171714532,212.73222604955743,336.98813035476485,336.8753478662397,213.02347288503208,212.05895406702354,211.85136298829894,335.62479050272793,210.26887549040634,138.01811475310043,218.01376103356412,138.01811475310043,138.01811475310043,138.01811475310043,218.7007087322764,166.95807857064,221.0294098078353,335.806491896747,335.806491896747,242.4396832203837,156.2209973083004,156.2209973083004,287.74120316701254,270.22213084793776,210.8838542895117,210.8838542895117,209.05262495362263,209.06936647916643,393.93400462514023,154.8418548067673,159.04716281656835,210.2189334955346,319.16296777665167,209.2008604188807,232.64780248263682,209.19369015340783,210.34733181098352,209.60916010518244,210.492280143477,157.3975857502268,156.20179256333776,210.0880767678166,210.00714273566982,209.60916010518244,211.48758828829648
Gemmiger formicilis,229.88475373543153,155.60526983364028,155.60526983364028,155.60526983364028,155.60526983364028,155.60526983364028,155.60526983364028,155.60526983364028,155.60526983364028,155.60526983364028,155.60526983364028,0.0,0.0,228.04166286010107,204.60205277562588,204.60205277562588,156.6301375853319,230.2476927137382,230.2476927137382,122.24156412611875,351.86076791822074,351.86076791822074,326.8944783871395,122.06145992900461,121.86467905016613,119.59515040335039,231.3114783144148,117.5712549903249,150.2431362824938,150.2431362824938,230.22163234587666,258.28859827719845,259.5014450826816,142.42892964563063,168.33597357665414,151.499174915245,151.499174915245,141.39660533407442,229.70415755923966,236.10379073619296,142.91955779388627,228.69411885748178,149.21796138535066,226.6517151931571,332.37328412494287,232.06249158362496,320.8706904658012,320.9345727714607,263.09884074240995,230.8051125950203,320.30142054009065,263.09884074240995,320.66493416025395,320.6836447341835,262.1221089492453,321.9767072320605,321.20865492698044,319.8265154736236,320.66493416025395,231.0173153683507,231.52969571957718,231.2920232087566,320.6836447341835,231.32444747583426,321.9767072320605,321.1136870331129,320.38726566453914,321.68773678833327,319.6372944448129,231.0173153683507,319.5637651549374,319.7655391063896,118.75184209097559,118.75184209097559,118.75184209097559,227.1277173750487,118.75184209097559,118.75184209097559,277.13895431714394,276.916955060538,229.54084603834673,229.7389823255949,319.84996482726086,227.03303724348137,262.06296953213365,321.9829188016035,231.91808898833224,321.9829188016035,231.56424594483494,321.365835147422,321.1853047696921,231.91808898833224,230.91123835794568,230.1260524147581,319.7858658540118,229.27276331915223,165.5475762432057,236.67488248650298,165.5475762432057,165.5475762432057,165.5475762432057,237.29517483505643,132.75541420220873,239.53914085176143,320.1983760108724,320.1983760108724,218.61381475103533,116.56757696718243,116.56757696718243,267.79469748297856,284.1214529035075,230.08042072284204,230.08042072284204,227.38953362017347,227.4401020049015,380.80835074877234,116.91449867317569,123.49493916756265,229.35779908256882,302.8630053340949,227.59613353482084,208.78697277368624,228.12058214900296,229.24441105510076,228.0065788524533,229.5952961190625,118.57065404222075,117.02136557056579,228.5475880424031,228.60008748904713,228.0065788524533,230.15212360523637
Gemmiger sp900540775,229.88475373543153,155.60526983364028,155.60526983364028,155.60526983364028,155.60526983364028,155.60526983364028,155.60526983364028,155.60526983364028,155.60526983364028,155.60526983364028,155.60526983364028,0.0,0.0,228.04166286010107,204.60205277562588,204.60205277562588,156.6301375853319,230.2476927137382,230.2476927137382,122.24156412611875,351.86076791822074,351.86076791822074,326.8944783871395,122.06145992900461,121.86467905016613,119.59515040335039,231.3114783144148,117.5712549903249,150.2431362824938,150.2431362824938,230.22163234587666,258.28859827719845,259.5014450826816,142.42892964563063,168.33597357665414,151.499174915245,151.499174915245,141.39660533407442,229.70415755923966,236.10379073619296,142.91955779388627,228.69411885748178,149.21796138535066,226.6517151931571,332.37328412494287,232.06249158362496,320.8706904658012,320.9345727714607,263.09884074240995,230.8051125950203,320.30142054009065,263.09884074240995,320.66493416025395,320.6836447341835,262.1221089492453,321.9767072320605,321.20865492698044,319.8265154736236,320.66493416025395,231.0173153683507,231.52969571957718,231.2920232087566,320.6836447341835,231.32444747583426,321.9767072320605,321.1136870331129,320.38726566453914,321.68773678833327,319.6372944448129,231.0173153683507,319.5637651549374,319.7655391063896,118.75184209097559,118.75184209097559,118.75184209097559,227.1277173750487,118.75184209097559,118.75184209097559,277.13895431714394,276.916955060538,229.54084603834673,229.7389823255949,319.84996482726086,227.03303724348137,262.06296953213365,321.9829188016035,231.91808898833224,321.9829188016035,231.56424594483494,321.365835147422,321.1853047696921,231.91808898833224,230.91123835794568,230.1260524147581,319.7858658540118,229.27276331915223,165.5475762432057,236.67488248650298,165.5475762432057,165.5475762432057,165.5475762432057,237.29517483505643,132.75541420220873,239.53914085176143,320.1983760108724,320.1983760108724,218.61381475103533,116.56757696718243,116.56757696718243,267.79469748297856,284.1214529035075,230.08042072284204,230.08042072284204,227.38953362017347,227.4401020049015,380.80835074877234,116.91449867317569,123.49493916756265,229.35779908256882,302.8630053340949,227.59613353482084,208.78697277368624,228.12058214900296,229.24441105510076,228.0065788524533,229.5952961190625,118.57065404222075,117.02136557056579,228.5475880424031,228.60008748904713,228.0065788524533,230.15212360523637
Anaerotruncus colihominis,103.82677881933928,210.06189564030885,210.06189564030885,210.06189564030885,210.06189564030885,210.06189564030885,210.06189564030885,210.06189564030885,210.06189564030885,210.06189564030885,210.06189564030885,228.04166286010107,228.04166286010107,0.0,137.93839204514455,137.93839204514455,210.09045670853305,104.99047575851822,104.99047575851822,230.94155104701275,402.40402582479214,402.40402582479214,363.8557406445582,230.53416232740864,231.8404623873926,230.22597594537416,107.26602444390302,228.39001729497724,205.84945955722108,205.84945955722108,105.01904589168576,324.6844622090808,325.1030605823329,213.0422493309719,186.15047676543836,206.54055291879124,206.54055291879124,212.0518804443856,103.4456378974,283.89434654462565,213.94158081121117,101.27191120937731,216.78791479231492,95.81231653602788,361.3820692840197,108.72902096496593,375.4823564430158,375.48102482016316,327.41716509676155,105.79224924350555,374.9559974183637,327.41716509676155,375.29588327078676,375.4317514542424,326.623636621724,376.27649408380535,375.76322332021795,374.56908575054615,375.29588327078676,106.18851161966627,107.18675291284833,106.75673280875544,375.4317514542424,107.03270528207722,376.27649408380535,375.59419590829674,375.0053332954079,376.10902674623486,374.3861642742691,106.19792841670689,374.33407539255626,374.410202852433,228.47538160598398,228.47538160598398,228.47538160598398,97.16995420396162,228.47538160598398,228.47538160598398,310.7104761671225,310.51247962038497,103.0824912388132,103.33924714260309,374.5544019231385,96.87620966986684,326.58230203120314,376.38278387832776,108.16191566350885,376.38278387832776,107.49418588928427,375.884290706595,375.71398696348797,108.16191566350885,105.30432089900205,104.40785411069419,374.5023364413098,101.83810681665287,216.4416780566996,117.73699503554522,216.4416780566996,216.4416780566996,216.4416780566996,118.78552100319298,236.32816167355088,123.69316876852982,374.73990980412003,374.73990980412003,294.5522025040723,228.146882512122,228.146882512122,312.2098653149833,296.00337835909914,104.51794104363135,104.51794104363135,98.36157786453,98.05100713404222,427.8294052540101,227.4906591488978,230.78561480300283,102.80077820717118,360.2068849980522,98.77752780870759,143.02796929272262,98.89388252060893,102.0,99.1463564635635,102.49390225764652,229.00655012466348,228.2783388760309,99.92497185388645,100.5236290630218,99.1463564635635,103.69667304209909
Ruminococcus_E bromii_B,140.95744038538726,229.1833327273168,229.1833327273168,229.1833327273168,229.1833327273168,229.1833327273168,229.1833327273168,229.1833327273168,229.1833327273168,229.1833327273168,229.1833327273168,204.60205277562588,204.60205277562588,137.93839204514455,0.0,0.0,229.1266025584982,141.40721339450826,141.40721339450826,207.458429570842,389.7101487002873,389.7101487002873,349.21912891478325,207.88698852982597,209.47314863724182,208.06969986040735,143.06991297963384,202.46728130737569,224.8399430706208,224.8399430706208,140.67693485429658,308.73775279353185,309.03883251138524,187.61130029931567,207.39093519245242,225.49944567559362,225.49944567559362,186.7270735592458,140.19272449025306,265.68590478232,189.34624369128636,138.62539449898782,190.60954855410574,134.6291201783626,372.1558813185679,144.67549896233294,361.6019911449604,361.6006084065678,311.55577349810096,141.72861390700186,361.12740134196406,311.55577349810096,361.03739418514533,361.3004290061112,310.4416209209068,362.4486170479893,361.72779821296564,360.6036605471442,361.03739418514533,141.7638882085279,142.28141129465928,141.9718281913704,361.3004290061112,142.55174499107332,362.4486170479893,361.94751000663064,361.278286089823,362.38239471585814,360.0805465447974,141.55917490576158,360.3456673806416,360.44694477828494,202.83983829612959,202.83983829612959,202.83983829612959,134.92590559266222,202.83983829612959,202.83983829612959,323.3852192045889,323.2011757404357,139.37359864766353,139.59226339593465,360.31097679643347,134.40982106974178,309.8725544477923,362.2443926412112,143.66627996854376,362.2443926412112,143.35271186831451,361.8176336222435,361.71812229967134,143.66627996854376,142.17594733287342,140.41367454774482,360.6202989294973,138.93883546366726,235.52919139673537,151.53547439461164,235.52919139673537,235.52919139673537,235.52919139673537,152.58767971235423,214.5367101453735,156.348968656656,360.8226711280764,360.8226711280764,276.58271818752524,204.41134997841974,204.41134997841974,295.5334160463077,309.52059705292635,140.25334220616634,140.25334220616634,135.66134305689297,135.8712625980932,415.8449230181848,203.77683872314833,206.2110569295449,139.08630414242805,345.814979432644,135.58761005342635,95.39392014169457,136.9781004394498,138.9712200421368,136.9781004394498,139.0323703315167,205.71582340695136,204.47982785595258,137.38995596476477,137.33899664698296,136.9781004394498,140.75510647930327
Ruminococcus_E bromii,140.95744038538726,229.1833327273168,229.1833327273168,229.1833327273168,229.1833327273168,229.1833327273168,229.1833327273168,229.1833327273168,229.1833327273168,229.1833327273168,229.1833327273168,204.60205277562588,204.60205277562588,137.93839204514455,0.0,0.0,229.1266025584982,141.40721339450826,141.40721339450826,207.458429570842,389.7101487002873,389.7101487002873,349.21912891478325,207.88698852982597,209.47314863724182,208.06969986040735,143.06991297963384,202.46728130737569,224.8399430706208,224.8399430706208,140.67693485429658,308.73775279353185,309.03883251138524,187.61130029931567,207.39093519245242,225.49944567559362,225.49944567559362,186.7270735592458,140.19272449025306,265.68590478232,189.34624369128636,138.62539449898782,190.60954855410574,134.6291201783626,372.1558813185679,144.67549896233294,361.6019911449604,361.6006084065678,311.55577349810096,141.72861390700186,361.12740134196406,311.55577349810096,361.03739418514533,361.3004290061112,310.4416209209068,362.4486170479893,361.72779821296564,360.6036605471442,361.03739418514533,141.7638882085279,142.28141129465928,141.9718281913704,361.3004290061112,142.55174499107332,362.4486170479893,361.94751000663064,361.278286089823,362.38239471585814,360.0805465447974,141.55917490576158,360.3456673806416,360.44694477828494,202.83983829612959,202.83983829612959,202.83983829612959,134.92590559266222,202.83983829612959,202.83983829612959,323.3852192045889,323.2011757404357,139.37359864766353,139.59226339593465,360.31097679643347,134.40982106974178,309.8725544477923,362.2443926412112,143.66627996854376,362.2443926412112,143.35271186831451,361.8176336222435,361.71812229967134,143.66627996854376,142.17594733287342,140.41367454774482,360.6202989294973,138.93883546366726,235.52919139673537,151.53547439461164,235.52919139673537,235.52919139673537,235.52919139673537,152.58767971235423,214.5367101453735,156.348968656656,360.8226711280764,360.8226711280764,276.58271818752524,204.41134997841974,204.41134997841974,295.5334160463077,309.52059705292635,140.25334220616634,140.25334220616634,135.66134305689297,135.8712625980932,415.8449230181848,203.77683872314833,206.2110569295449,139.08630414242805,345.814979432644,135.58761005342635,95.39392014169457,136.9781004394498,138.9712200421368,136.9781004394498,139.0323703315167,205.71582340695136,204.47982785595258,137.38995596476477,137.33899664698296,136.9781004394498,140.75510647930327
Blautia_A obeum,210.57540217223854,126.28539107909513,126.28539107909513,126.28539107909513,126.28539107909513,126.28539107909513,126.28539107909513,126.28539107909513,126.28539107909513,126.28539107909513,126.28539107909513,156.6301375853319,156.6301375853319,210.09045670853305,229.1266025584982,229.1266025584982,0.0,209.7546185427153,209.7546185427153,158.91507165778833,365.9357867167408,365.9357867167408,342.57699864410046,158.55598380382872,159.8311609167624,159.48667655951704,211.3054660911544,155.4091374404993,120.51555916146263,120.51555916146263,210.45427056726598,278.9265136196271,279.26331660280766,175.2398356538832,142.56928140381433,120.76009274590675,120.76009274590675,174.61385970191483,210.09759636892565,255.62472493872733,175.50213673912918,209.91426821443082,178.85468962260956,208.51378851289428,320.73821100704544,212.52293993825703,336.29005337654576,336.44316013258464,281.82263926093657,211.6317556511782,335.681396565255,281.82263926093657,336.1859604445135,336.09076155110245,280.7863956818421,337.1171903062791,336.21124311956015,335.1566797782792,336.1859604445135,211.72623833620622,212.22865028077618,211.92687418069468,336.09076155110245,212.14146223687627,337.1171903062791,336.141339320233,335.86157863024465,336.9540027956338,334.8984920837954,211.57977219006546,334.9238719470441,335.21783962074574,154.32757368662283,154.32757368662283,154.32757368662283,208.29786364722995,154.32757368662283,154.32757368662283,261.5702582481426,261.3962509295036,210.28552018624583,210.34495477667156,334.93432191998477,208.1129501016215,280.00357140579473,337.10532478737264,212.45940788771864,337.10532478737264,212.35112432007512,336.91690370178816,336.5070578754627,212.45940788771864,211.6057655169159,211.322029140362,335.38634438509865,210.09283662228944,137.73525329413673,217.79807161680748,137.73525329413673,137.73525329413673,137.73525329413673,218.50858106719744,166.652332716947,220.916273732833,335.6158518306309,335.6158518306309,242.96296014001805,156.04806951705618,156.04806951705618,287.8871306606115,270.0777665784431,210.98341167020692,210.98341167020692,209.07175801623708,209.03109816484246,393.7664282287153,154.77725931156684,158.71987903221196,210.0,319.1159663821289,208.9808603676423,232.2692403225188,209.00717691026784,210.0238081742163,209.16500663351889,210.10711553871752,157.1114254279427,156.12494995995996,209.8356499739737,209.8118204487059,209.16500663351889,211.1326597189549
Blautia_A wexlerae,105.78752289377042,210.98578151145637,210.98578151145637,210.98578151145637,210.98578151145637,210.98578151145637,210.98578151145637,210.98578151145637,210.98578151145637,210.98578151145637,210.98578151145637,230.2476927137382,230.2476927137382,104.99047575851822,141.40721339450826,141.40721339450826,209.7546185427153,0.0,0.0,232.43708826260925,403.29889660151565,403.29889660151565,364.82598591657364,231.88574772935056,232.29507097654914,232.23048895440064,107.68008172359454,229.80208876335305,207.73781552716878,207.73781552716878,105.82060290888538,326.2284475639732,326.54708695684303,214.5413713016676,188.50198937942272,208.20662813657015,208.20662813657015,214.34318277006153,104.6900186264192,284.0017605579233,214.7696440375129,104.3599540053559,217.67866225241278,102.01470482239313,362.6789213615812,109.60383204979651,376.46779410727817,376.5116200066075,328.5954960129551,107.54068997360952,376.02792449497684,328.5954960129551,376.36418533117626,376.2685211388271,327.78956664299125,377.20949086681264,376.3336285797484,375.54893156551515,376.36418533117626,108.09717850156868,109.30690737551767,108.65541864076545,376.2685211388271,108.73361945598978,377.20949086681264,376.2206799207082,376.07446071223717,377.0185671820421,375.39046338446053,108.06016842481785,375.4237605693065,375.51031943210296,230.06955470031232,230.06955470031232,230.06955470031232,100.93066927351666,230.06955470031232,230.06955470031232,311.26837295170225,311.1414469337057,104.9047186736612,105.47985589675405,375.1692951188836,100.99504938362078,327.19871637890026,377.1485118623697,109.71781988355401,377.1485118623697,108.75660899458019,376.9243956020889,376.7439448750305,109.71781988355401,107.66615066955816,107.42439201596628,375.4530596492723,104.53707476297583,218.24298385056963,119.74556359214316,218.24298385056963,218.24298385056963,218.24298385056963,120.94213492410327,237.23827684418887,125.81335382223939,375.73794059157774,375.73794059157774,295.80060851864386,229.84777571253545,229.84777571253545,313.71643246728405,297.6088036332259,106.38138934982942,106.38138934982942,102.76186062932103,102.12247548899312,428.57321428199407,229.19205919926634,231.86849721339897,104.43658362853508,361.14816903869246,102.975725294848,146.17797371697284,102.46462804304713,104.87611739571598,103.35859906171329,104.89041900955492,230.72711154088503,229.95651762887695,104.45094542415593,104.29765098025938,103.35859906171329,107.1820880557941
Blautia_A wexlerae_B,105.78752289377042,210.98578151145637,210.98578151145637,210.98578151145637,210.98578151145637,210.98578151145637,210.98578151145637,210.98578151145637,210.98578151145637,210.98578151145637,210.98578151145637,230.2476927137382,230.2476927137382,104.99047575851822,141.40721339450826,141.40721339450826,209.7546185427153,0.0,0.0,232.43708826260925,403.29889660151565,403.29889660151565,364.82598591657364,231.88574772935056,232.29507097654914,232.23048895440064,107.68008172359454,229.80208876335305,207.73781552716878,207.73781552716878,105.82060290888538,326.2284475639732,326.54708695684303,214.5413713016676,188.50198937942272,208.20662813657015,208.20662813657015,214.34318277006153,104.6900186264192,284.0017605579233,214.7696440375129,104.3599540053559,217.67866225241278,102.01470482239313,362.6789213615812,109.60383204979651,376.46779410727817,376.5116200066075,328.5954960129551,107.54068997360952,376.02792449497684,328.5954960129551,376.36418533117626,376.2685211388271,327.78956664299125,377.20949086681264,376.3336285797484,375.54893156551515,376.36418533117626,108.09717850156868,109.30690737551767,108.65541864076545,376.2685211388271,108.73361945598978,377.20949086681264,376.2206799207082,376.07446071223717,377.0185671820421,375.39046338446053,108.06016842481785,375.4237605693065,375.51031943210296,230.06955470031232,230.06955470031232,230.06955470031232,100.93066927351666,230.06955470031232,230.06955470031232,311.26837295170225,311.1414469337057,104.9047186736612,105.47985589675405,375.1692951188836,100.99504938362078,327.19871637890026,377.1485118623697,109.71781988355401,377.1485118623697,108.75660899458019,376.9243956020889,376.7439448750305,109.71781988355401,107.66615066955816,107.42439201596628,375.4530596492723,104.53707476297583,218.24298385056963,119.74556359214316,218.24298385056963,218.24298385056963,218.24298385056963,120.94213492410327,237.23827684418887,125.81335382223939,375.73794059157774,375.73794059157774,295.80060851864386,229.84777571253545,229.84777571253545,313.71643246728405,297.6088036332259,106.38138934982942,106.38138934982942,102.76186062932103,102.12247548899312,428.57321428199407,229.19205919926634,231.86849721339897,104.43658362853508,361.14816903869246,102.975725294848,146.17797371697284,102.46462804304713,104.87611739571598,103.35859906171329,104.89041900955492,230.72711154088503,229.95651762887695,104.45094542415593,104.29765098025938,103.35859906171329,107.1820880557941
Agathobacter sp900317585,232.4693528188178,159.29218436571205,159.29218436571205,159.29218436571205,159.29218436571205,159.29218436571205,159.29218436571205,159.29218436571205,159.29218436571205,159.29218436571205,159.29218436571205,122.24156412611875,122.24156412611875,230.94155104701275,207.458429570842,207.458429570842,158.91507165778833,232.43708826260925,232.43708826260925,0.0,352.9773363829468,352.9773363829468,328.15697463256816,126.41202474448386,128.69343417595164,127.01181047445942,233.4780503601998,122.4499897917513,154.1103500742244,154.1103500742244,232.27785085969776,261.3159007791145,261.71740484728946,145.03447865938637,171.44095193389472,154.5477272560163,154.5477272560163,145.03103116229988,231.88574772935056,238.1092186371624,147.73286702694156,230.4690868641606,152.00328943809077,229.26840166058645,333.83978193139296,234.20930809854676,322.31816579274584,322.49030993194197,264.30285658690866,233.2766597840427,321.8819659440398,264.30285658690866,322.2902418628277,322.2002482928901,263.8579163110328,323.0944134459771,322.9984520086745,321.47161616540893,322.2902418628277,233.41379565055703,233.80119760172317,233.55299184553385,322.2002482928901,233.74344910606587,323.0944134459771,322.7615218702502,322.06986819632783,322.8745886563388,321.2740263388872,233.31952340085044,321.2818077638384,321.36116753584275,123.46254492760143,123.46254492760143,123.46254492760143,229.5952961190625,123.46254492760143,123.46254492760143,279.06092524751654,278.8799024669938,232.0818821019857,232.14865926815085,321.72814611096743,229.43190710971305,264.16661409042587,323.22128642773515,234.1644721130855,323.22128642773515,234.02350309317225,322.5693723836781,322.86994285625286,234.1644721130855,233.33880945954962,232.3208987585921,321.46228394634414,231.65275737620738,168.3300329709467,238.91002490477456,168.3300329709467,168.3300329709467,168.3300329709467,239.49947807876325,136.93429081132308,241.73952924583932,321.69239966154004,321.69239966154004,222.83401894683854,121.34661099511597,121.34661099511597,270.7858932810201,286.3948323556136,232.379000772445,232.379000772445,230.1803640626194,230.06955470031232,381.96858509568557,121.77027551911016,127.60877712759417,231.54265265820897,304.47824224400665,230.18470844085192,211.70970691019343,230.63390904201404,231.17958387366303,230.52982453470094,231.90730906980917,123.68508398347798,121.93030796319675,231.13416017542713,230.98268333362137,230.52982453470094,232.14865926815085
Mediterraneibacter faecis,403.3348484820026,366.3563838668572,366.3563838668572,366.3563838668572,366.3563838668572,366.3563838668572,366.3563838668572,366.3563838668572,366.3563838668572,366.3563838668572,366.3563838668572,351.86076791822074,351.86076791822074,402.40402582479214,389.7101487002873,389.7101487002873,365.9357867167408,403.29889660151565,403.29889660151565,352.9773363829468,0.0,0.0,216.9469981354893,352.9461715332807,354.07202657086594,353.3086469363579,403.88488458965634,351.3957882502293,363.6495565788579,363.6495565788579,403.425333859935,272.0900586203031,272.3692346796899,361.0152351355826,371.71897987592723,363.98626347707136,363.98626347707136,360.45942906241197,403.0558273986372,314.78087616626266,361.5577408934844,402.657422631199,362.9903579986664,401.7499222153005,224.03571143904713,404.3550420113492,208.5281755542881,208.02163349036562,273.84119485570466,403.7387769337991,207.71855959446665,273.84119485570466,208.23544366893933,208.05287789405847,274.32827050816326,209.2390976849212,209.14349141199685,206.83568357515102,208.23544366893933,403.7957404431107,404.0890990858328,403.9282114435683,208.05287789405847,404.0160887885531,209.2390976849212,209.17934888511343,207.12315177207978,208.9904304029254,206.5720213388057,403.731346318316,206.96134904856027,206.2183309019836,351.8664519388002,351.8664519388002,351.8664519388002,401.68271060626944,351.8664519388002,351.8664519388002,288.7351727794866,288.54289109246827,403.0223318874526,403.0781561930639,207.06037766796427,401.64910058407946,274.22436069758646,210.3402006274597,404.2845532542642,210.3402006274597,404.15343620956634,207.87977294580634,209.0358820872627,404.2845532542642,403.77468964758054,403.27410033375565,205.84703058339218,402.86474156967375,370.1270052292861,406.9778863771347,370.1270052292861,370.1270052292861,370.1270052292861,407.28000196425063,357.0714214271425,408.6722403100069,206.54539452623968,206.54539452623968,303.0676492138348,351.5536943341657,351.5536943341657,280.941275002446,295.5723261741532,403.3348484820026,403.3348484820026,401.9179020645883,402.09575973889605,292.4841876067833,351.38440489014306,353.38222932117003,402.9255514359942,366.71787521199457,401.93283020922786,391.55587085370075,402.1604157547085,402.65245559911835,402.0932727614328,402.92182864669917,352.035509572543,351.6589256651962,402.4972049592394,402.46987464902264,402.0932727614328,403.246822678121
Mediterraneibacter torques,403.3348484820026,366.3563838668572,366.3563838668572,366.3563838668572,366.3563838668572,366.3563838668572,366.3563838668572,366.3563838668572,366.3563838668572,366.3563838668572,366.3563838668572,351.86076791822074,351.86076791822074,402.40402582479214,389.7101487002873,389.7101487002873,365.9357867167408,403.29889660151565,403.29889660151565,352.9773363829468,0.0,0.0,216.9469981354893,352.9461715332807,354.07202657086594,353.3086469363579,403.88488458965634,351.3957882502293,363.6495565788579,363.6495565788579,403.425333859935,272.0900586203031,272.3692346796899,361.0152351355826,371.71897987592723,363.98626347707136,363.98626347707136,360.45942906241197,403.0558273986372,314.78087616626266,361.5577408934844,402.657422631199,362.9903579986664,401.7499222153005,224.03571143904713,404.3550420113492,208.5281755542881,208.02163349036562,273.84119485570466,403.7387769337991,207.71855959446665,273.84119485570466,208.23544366893933,208.05287789405847,274.32827050816326,209.2390976849212,209.14349141199685,206.83568357515102,208.23544366893933,403.7957404431107,404.0890990858328,403.9282114435683,208.05287789405847,404.0160887885531,209.2390976849212,209.17934888511343,207.12315177207978,208.9904304029254,206.5720213388057,403.731346318316,206.96134904856027,206.2183309019836,351.8664519388002,351.8664519388002,351.8664519388002,401.68271060626944,351.8664519388002,351.8664519388002,288.7351727794866,288.54289109246827,403.0223318874526,403.0781561930639,207.06037766796427,401.64910058407946,274.22436069758646,210.3402006274597,404.2845532542642,210.3402006274597,404.15343620956634,207.87977294580634,209.0358820872627,404.2845532542642,403.77468964758054,403.27410033375565,205.84703058339218,402.86474156967375,370.1270052292861,406.9778863771347,370.1270052292861,370.1270052292861,370.1270052292861,407.28000196425063,357.0714214271425,408.6722403100069,206.54539452623968,206.54539452623968,303.0676492138348,351.5536943341657,351.5536943341657,280.941275002446,295.5723261741532,403.3348484820026,403.3348484820026,401.9179020645883,402.09575973889605,292.4841876067833,351.38440489014306,353.38222932117003,402.9255514359942,366.71787521199457,401.93283020922786,391.55587085370075,402.1604157547085,402.65245559911835,402.0932727614328,402.92182864669917,352.035509572543,351.6589256651962,402.4972049592394,402.46987464902264,402.0932727614328,403.246822678121
Mediterraneibacter lactaris,364.81090992457996,343.0204075561686,343.0204075561686,343.0204075561686,343.0204075561686,343.0204075561686,343.0204075561686,343.0204075561686,343.0204075561686,343.0204075561686,343.0204075561686,326.8944783871395,326.8944783871395,363.8557406445582,349.21912891478325,349.21912891478325,342.57699864410046,364.82598591657364,364.82598591657364,328.15697463256816,216.9469981354893,216.9469981354893,0.0,328.5802793838973,329.7681003371915,328.8905593050673,365.58036052282677,326.70629011391867,339.6306817706551,339.6306817706551,364.6751979501759,238.82001591156467,238.74882198662257,317.45550869373807,329.54058930577884,340.0088234149226,340.0088234149226,316.63701615572364,364.51063084634444,264.1685068285014,318.29860194477766,363.9793950212017,320.4590457453183,362.6361813167572,184.89997295835389,366.2034953410467,163.72537982854095,163.68567438844488,241.99793387547754,365.2081598212176,161.16761461286197,241.99793387547754,160.0562401157793,162.91715686200763,240.8318915758459,165.2785527526182,164.25285385648556,158.30666442067434,160.0562401157793,365.34504239143575,365.56531564140494,365.4011494234795,162.91715686200763,365.5666833834834,165.2785527526182,162.76977606423128,160.81044742180154,164.872678148928,160.75447116643443,365.14517660788016,155.6502489557919,160.73580808270447,327.0504548231052,327.0504548231052,327.0504548231052,362.81538004886175,327.0504548231052,327.0504548231052,257.88757240316954,257.66839154230775,364.3912732215194,364.5270908999769,155.80115532305913,362.6127410888922,240.72598530279194,164.13104520473877,365.84969591349943,164.13104520473877,365.74854750224233,161.00931650062986,162.6161123628283,365.84969591349943,365.3108265573305,364.63132065142185,159.53369550035504,364.2279506023666,347.177188190699,369.1083851662002,347.177188190699,347.177188190699,347.177188190699,369.4820699303283,332.9234146166352,371.09702235399305,162.077142126828,162.077142126828,272.17273926681196,326.4934915124649,326.4934915124649,222.27460493722623,239.367917649797,364.79994517543446,364.79994517543446,363.15286037700434,363.1817726703806,262.5737991498771,326.5746469032769,328.9209631507241,364.30618990074817,343.4792570156166,363.14184556451215,351.65608198920717,363.43775257944793,364.16891685040883,363.33318042810237,364.2691312752153,327.3362185887776,326.71088136148757,363.7004261751696,363.7031756803891,363.33318042810237,364.79583330953767
Enterocloster bolteae,231.93102422918759,159.22311389996113,159.22311389996113,159.22311389996113,159.22311389996113,159.22311389996113,159.22311389996113,159.22311389996113,159.22311389996113,159.22311389996113,159.22311389996113,122.06145992900461,122.06145992900461,230.53416232740864,207.88698852982597,207.88698852982597,158.55598380382872,231.88574772935056,231.88574772935056,126.41202474448386,352.9461715332807,352.9461715332807,328.5802793838973,0.0,126.6175343307553,123.47469376354006,232.0689552697646,122.34377793741699,152.36141243766414,152.36141243766414,232.16588896735024,261.2852846985455,262.1640707648552,145.8389522727039,171.54591222177228,152.92808767522072,152.92808767522072,144.95516548229662,231.704553256944,237.714114010927,147.14958375748128,230.82027640569189,151.1853167473614,229.37741824338332,333.30616555953475,233.50374729327152,322.06676326501,321.6675302233659,264.435247272371,232.44354153213206,321.61467628203786,264.435247272371,321.39539511324676,321.7716581677137,262.94295959390126,322.89007417385875,322.39416868175516,320.90497035726946,321.39539511324676,232.50806437627062,232.93990641364996,232.66929320389488,321.7716581677137,232.92058732538007,322.89007417385875,322.24990302558666,321.4109518980335,322.61122113156574,320.8192637607661,232.47795594421422,320.89562165913077,320.93768865622496,122.62544597268545,122.62544597268545,122.62544597268545,229.0589443789524,122.62544597268545,122.62544597268545,278.4007902287635,278.1797979724624,231.29634670698974,231.32877036806295,321.0965586860127,228.87769659798658,263.51470547200967,323.03869737231173,233.48875775934053,323.03869737231173,233.20591759215716,322.73673481647546,322.5569717119752,233.48875775934053,232.7294566658892,231.77359642547725,321.22577729690374,231.23364807051763,167.29315586717826,238.14281429428016,167.29315586717826,167.29315586717826,167.29315586717826,238.6461816162161,135.37725067381152,241.047713119208,321.36894685081194,321.36894685081194,222.12834128044085,120.86769626331099,120.86769626331099,270.4015532499767,285.9090764561349,232.07757323791543,232.07757323791543,229.62795997003502,229.84777571253545,381.75122789586413,118.27087553578015,124.22560122615627,231.3482223834884,303.7252047492931,229.6105398277701,210.7961100210343,229.70851094376107,230.68593368473944,229.89562849258357,231.0432859877127,121.88519188154072,118.48628612628552,230.43220261065943,230.3540752841156,229.89562849258357,231.83399233071927
Enterocloster citroniae,232.0129306741329,159.46159412222116,159.46159412222116,159.46159412222116,159.46159412222116,159.46159412222116,159.46159412222116,159.46159412222116,159.46159412222116,159.46159412222116,159.46159412222116,121.86467905016613,121.86467905016613,231.8404623873926,209.47314863724182,209.47314863724182,159.8311609167624,232.29507097654914,232.29507097654914,128.69343417595164,354.07202657086594,354.07202657086594,329.7681003371915,126.6175343307553,0.0,124.64349160706307,232.1120419107979,124.89995996796796,156.0833110873805,156.0833110873805,232.64350410015751,262.03053257206494,263.4274093559742,147.54321400864222,173.64331256918592,156.6748224827461,156.6748224827461,147.39742195845895,232.20465111620825,237.97478858063937,146.482080815368,231.9612036526798,152.1413816159167,230.8592644881292,334.8387671701113,233.32380932943812,323.092865907002,323.06346125800115,265.721658883878,233.1651775029882,322.56782232578627,265.721658883878,322.8761372415125,322.78011091143765,264.78859492055165,323.885782336922,322.8652969893172,322.0,322.8761372415125,233.21234958723778,233.71991785040487,233.54014644167714,322.78011091143765,233.46948408732135,323.885782336922,322.7832089808886,322.5445705635114,323.6325076379071,321.8741990281296,233.28094650013747,321.9254572102057,322.02329108311403,125.1119498689074,125.1119498689074,125.1119498689074,230.18253626198492,125.1119498689074,125.1119498689074,279.06092524751654,278.86197302608326,231.91377708105225,232.12281232140884,321.63177703703343,230.2064291022299,264.3369062389889,324.02469041725817,234.241328548145,324.02469041725817,233.98504225697846,323.67421893008407,323.5073414932032,234.241328548145,233.40308481251913,233.09440147716975,322.11799080461185,231.8037963450987,169.0591612424479,238.61265683110776,169.0591612424479,169.0591612424479,169.0591612424479,239.29479726897532,136.31947769852994,241.68574637326049,322.3414338864925,322.3414338864925,222.61401573126523,124.03628501370073,124.03628501370073,271.1881265837426,287.0470344734465,232.5037634104016,232.5037634104016,230.86576186173644,230.9502110845539,382.632983418837,123.40988615179904,128.55349081219072,232.1551205552012,305.2228693921869,231.0519422121355,212.3605424743495,230.50379606418633,231.78438256276024,231.37415586015652,231.76496715422718,125.14791248758407,124.35031162003575,231.76496715422718,231.56208670678367,231.37415586015652,232.9785397842471
Enterocloster asparagiformis,232.0258606276464,159.09745441081074,159.09745441081074,159.09745441081074,159.09745441081074,159.09745441081074,159.09745441081074,159.09745441081074,159.09745441081074,159.09745441081074,159.09745441081074,119.59515040335039,119.59515040335039,230.22597594537416,208.06969986040735,208.06969986040735,159.48667655951704,232.23048895440064,232.23048895440064,127.01181047445942,353.3086469363579,353.3086469363579,328.8905593050673,123.47469376354006,124.64349160706307,0.0,232.95063854816968,122.93087488503447,154.21413683576483,154.21413683576483,232.38975881049493,260.8064416382387,262.34709832586293,146.4137971640651,172.00581385522992,154.90319557710873,154.90319557710873,145.16197849299243,231.89006015782564,237.98739462416913,146.55033265059484,231.19688579217498,151.8979920867949,229.08950216018192,333.6150476222558,233.70494218137537,322.33367804187014,322.2700730753633,264.72627372438876,232.568269546815,321.73591655269075,264.72627372438876,322.00465835139715,322.09470656935673,263.9109698364204,323.17487526105737,322.53681960359194,321.1790777743781,322.00465835139715,232.64565330132433,233.20591759215716,232.94849216082082,322.09470656935673,233.15659973502787,323.17487526105737,322.3895159585684,321.72814611096743,322.9086558146127,321.06229925047256,232.7616806950835,321.08565835303204,321.02803615883766,123.07314898059609,123.07314898059609,123.07314898059609,229.0589443789524,123.07314898059609,123.07314898059609,278.6413465370852,278.43850308461293,231.49082055234933,231.48434072308217,321.1588392057737,229.07422377910615,263.6209399877028,323.2584105634376,233.68140704814323,323.2584105634376,233.295949386182,322.66236223024214,322.479456710036,233.68140704814323,232.64780248263682,232.11419603290102,321.18841822207725,231.18607224484782,167.39474304768356,238.08821894415524,167.39474304768356,167.39474304768356,167.39474304768356,238.6880809759884,135.43633190543812,240.8692591427972,321.39695082561065,321.39695082561065,220.93211627103923,121.68401702770993,121.68401702770993,270.0203696019987,286.048946860498,232.15942797999827,232.15942797999827,229.8107917396396,229.76509743649055,381.9397858301751,121.58124855420756,126.94880858046679,231.43465600467013,304.1660730587815,229.79338545745827,211.05212626268423,229.873878463822,231.14930239998563,229.9913041834408,231.28553780986826,122.97154142320898,121.72510012318742,230.3323685459775,230.43654224102565,229.9913041834408,231.85124541395072
Enterocloster clostridioformis,107.92590050585633,212.07545826898502,212.07545826898502,212.07545826898502,212.07545826898502,212.07545826898502,212.07545826898502,212.07545826898502,212.07545826898502,212.07545826898502,212.07545826898502,231.3114783144148,231.3114783144148,107.26602444390302,143.06991297963384,143.06991297963384,211.3054660911544,107.68008172359454,107.68008172359454,233.4780503601998,403.88488458965634,403.88488458965634,365.58036052282677,232.0689552697646,232.1120419107979,232.95063854816968,0.0,230.95887079737813,208.7438621852149,208.7438621852149,108.4020295012967,326.93118541980664,327.1941319767211,215.71972557000902,189.88417522268674,209.22475952907678,209.22475952907678,215.43908651867238,107.48488265798126,285.07192074983465,215.9374909551373,107.22872749408155,218.42847799680334,104.72821969268837,363.25610800095296,110.51696702316798,376.8965375272105,377.01458857715306,329.19295253695816,109.66312051004202,376.52622750613267,329.19295253695816,376.7877386540066,376.7107643803134,328.370217894376,377.6559280615094,376.81560477241385,376.0026595650621,376.7877386540066,109.82713690158731,110.59385154700057,110.17713011328621,376.7107643803134,110.48076755707302,377.6559280615094,376.74792633802247,376.4770909364871,377.3989931094146,375.91355389238095,109.62663909835054,375.9122237969923,376.00132978488256,231.0605981122701,231.0605981122701,231.0605981122701,103.14068062602651,231.0605981122701,231.0605981122701,311.8926097232828,311.7242371070944,107.060730429042,107.10275439968852,375.75657013550676,102.77645644796283,327.9420680547099,377.7380044422324,111.91514642799696,377.7380044422324,111.59301053381435,377.54602368453044,377.3950185150832,111.91514642799696,110.32225523438143,109.45775440780794,376.1382724477795,107.33592129385204,218.72128382944354,120.90492132250036,218.72128382944354,218.72128382944354,218.72128382944354,122.11470017978998,237.77510382712484,126.98031343479981,376.3376143836808,376.3376143836808,296.7001853723722,230.84843512573352,230.84843512573352,314.4344128749269,298.2884510000345,108.34205093129813,108.34205093129813,104.99047575851822,105.43244282477761,429.09672569247135,230.11736136154525,232.79604807642247,107.4337004854622,361.777555964988,105.27582818482124,147.57709849431245,104.24970023937719,107.0420478129973,105.93394168065305,106.7941945987702,231.59447316376097,230.88741845323665,107.01868995647442,106.53168542738823,105.93394168065305,109.51255635770723
Coprococcus eutactus,229.7520402520944,156.11534197509224,156.11534197509224,156.11534197509224,156.11534197509224,156.11534197509224,156.11534197509224,156.11534197509224,156.11534197509224,156.11534197509224,156.11534197509224,117.5712549903249,117.5712549903249,228.39001729497724,202.46728130737569,202.46728130737569,155.4091374404993,229.80208876335305,229.80208876335305,122.4499897917513,351.3957882502293,351.3957882502293,326.70629011391867,122.34377793741699,124.89995996796796,122.93087488503447,230.95887079737813,0.0,149.5125412799876,149.5125412799876,229.7846818219178,259.21033929995923,258.8513086696685,141.02127499069067,167.15262486721528,150.05665596700467,150.05665596700467,139.6352391053204,229.24877317010882,234.88720697390056,144.4195277654653,228.5038292895767,144.35026844450272,226.38021114929634,332.067764168701,231.862027939031,320.5760440207596,320.4902494616646,262.7850832905095,230.60355591360684,320.1437177268984,262.7850832905095,319.90779921721196,320.2046220778207,261.6658174083883,321.42806349166216,320.51209025557836,319.42448246807885,319.90779921721196,230.46474784660668,230.86576186173644,230.66642581875672,320.2046220778207,231.00649341522848,321.42806349166216,320.80056109676616,320.0859259636387,321.3129315791694,318.7114682593019,230.35190470234883,319.1958646348665,319.21936031512877,114.24972647669665,114.24972647669665,114.24972647669665,226.57449106199047,114.24972647669665,114.24972647669665,276.544752255399,276.33675108461415,229.02401620790778,229.0,318.8714474517905,226.5060705588263,260.27677575995904,321.07942942518133,231.34173856007914,321.07942942518133,231.25094594401122,320.735093184391,320.5729246209043,231.34173856007914,230.5363311931549,229.8543016782588,319.41195970094793,228.7028639960593,165.072711251739,236.35989507528555,165.072711251739,165.072711251739,165.072711251739,237.01054828846753,133.44287167173823,239.4159560263267,319.3869126936794,319.3869126936794,219.54270655159556,113.65298060323803,113.65298060323803,268.65405264019375,283.77455840860716,229.804264538324,229.804264538324,227.07928130941406,227.2003521124032,380.391903173556,115.45561917897284,119.22248110151038,228.84492565927695,302.38220847133186,227.343352662883,206.88402548287772,227.6795994374551,228.87551201471948,227.63128080296872,228.77718417709403,119.28118040998756,117.0341830406826,227.98026230355995,228.0723569396344,227.63128080296872,229.73245308401684
Dorea_A longicatena_B,207.5475849052453,119.47384651043926,119.47384651043926,119.47384651043926,119.47384651043926,119.47384651043926,119.47384651043926,119.47384651043926,119.47384651043926,119.47384651043926,119.47384651043926,150.2431362824938,150.2431362824938,205.84945955722108,224.8399430706208,224.8399430706208,120.51555916146263,207.73781552716878,207.73781552716878,154.1103500742244,363.6495565788579,363.6495565788579,339.6306817706551,152.36141243766414,156.0833110873805,154.21413683576483,208.7438621852149,149.5125412799876,0.0,0.0,207.31859540330674,275.5031760252502,275.78252301405905,170.6663411455229,135.8086889709197,109.58558299338468,109.58558299338468,169.333989500041,206.92269087753522,253.49161721840034,171.99709299868996,206.18438350175796,175.55910685578235,203.8332651948646,317.7971050843604,209.7951381705496,333.6420237320233,333.6585080587636,278.69696804952866,208.11535262925702,333.2356523543062,278.69696804952866,333.3781636520305,333.4531451343652,277.47612509907947,334.6401051876478,334.2095151248689,332.72210626888017,333.3781636520305,208.32186635108664,208.77020860266438,208.4106523189254,333.4531451343652,208.65761428713787,334.6401051876478,334.00748494607126,333.25815818971336,334.430859820083,332.50413531263035,208.07210288743659,332.5146613308953,332.54924447365687,149.9966666296288,149.9966666296288,149.9966666296288,203.9607805437114,149.9966666296288,149.9966666296288,258.7334535772288,258.5227262737263,206.66881719311212,206.92269087753522,332.84981598312476,203.71303345637952,277.62204523416364,334.6341285643172,209.3155512617254,334.6341285643172,209.10045432757911,334.25589000046057,334.09729121918963,209.3155512617254,208.35786522231408,207.28000385951367,332.62892237446823,206.70026608594387,132.51037695214666,214.8813626166774,132.51037695214666,132.51037695214666,132.51037695214666,215.5319001911318,162.80356261458164,218.02293457340676,333.23265146140767,333.23265146140767,238.94141541390434,149.79652866471906,149.79652866471906,284.50483299937105,266.6045761047623,207.63429389192913,207.63429389192913,204.71687766278578,204.78281177872327,391.7677883644851,147.75655653811103,153.0294089382822,206.79458406834547,316.2514822099653,204.7364159107998,228.5629016266638,205.25593779474445,206.7413843428548,205.01219475923864,206.74863965695155,151.4727698300919,149.04697246170417,205.8616039964714,205.7692882818036,205.01219475923864,207.4054001225619
Dorea_A longicatena,207.5475849052453,119.47384651043926,119.47384651043926,119.47384651043926,119.47384651043926,119.47384651043926,119.47384651043926,119.47384651043926,119.47384651043926,119.47384651043926,119.47384651043926,150.2431362824938,150.2431362824938,205.84945955722108,224.8399430706208,224.8399430706208,120.51555916146263,207.73781552716878,207.73781552716878,154.1103500742244,363.6495565788579,363.6495565788579,339.6306817706551,152.36141243766414,156.0833110873805,154.21413683576483,208.7438621852149,149.5125412799876,0.0,0.0,207.31859540330674,275.5031760252502,275.78252301405905,170.6663411455229,135.8086889709197,109.58558299338468,109.58558299338468,169.333989500041,206.92269087753522,253.49161721840034,171.99709299868996,206.18438350175796,175.55910685578235,203.8332651948646,317.7971050843604,209.7951381705496,333.6420237320233,333.6585080587636,278.69696804952866,208.11535262925702,333.2356523543062,278.69696804952866,333.3781636520305,333.4531451343652,277.47612509907947,334.6401051876478,334.2095151248689,332.72210626888017,333.3781636520305,208.32186635108664,208.77020860266438,208.4106523189254,333.4531451343652,208.65761428713787,334.6401051876478,334.00748494607126,333.25815818971336,334.430859820083,332.50413531263035,208.07210288743659,332.5146613308953,332.54924447365687,149.9966666296288,149.9966666296288,149.9966666296288,203.9607805437114,149.9966666296288,149.9966666296288,258.7334535772288,258.5227262737263,206.66881719311212,206.92269087753522,332.84981598312476,203.71303345637952,277.62204523416364,334.6341285643172,209.3155512617254,334.6341285643172,209.10045432757911,334.25589000046057,334.09729121918963,209.3155512617254,208.35786522231408,207.28000385951367,332.62892237446823,206.70026608594387,132.51037695214666,214.8813626166774,132.51037695214666,132.51037695214666,132.51037695214666,215.5319001911318,162.80356261458164,218.02293457340676,333.23265146140767,333.23265146140767,238.94141541390434,149.79652866471906,149.79652866471906,284.50483299937105,266.6045761047623,207.63429389192913,207.63429389192913,204.71687766278578,204.78281177872327,391.7677883644851,147.75655653811103,153.0294089382822,206.79458406834547,316.2514822099653,204.7364159107998,228.5629016266638,205.25593779474445,206.7413843428548,205.01219475923864,206.74863965695155,151.4727698300919,149.04697246170417,205.8616039964714,205.7692882818036,205.01219475923864,207.4054001225619
Lachnospira eligens_A,105.80642702596096,210.84828668974288,210.84828668974288,210.84828668974288,210.84828668974288,210.84828668974288,210.84828668974288,210.84828668974288,210.84828668974288,210.84828668974288,210.84828668974288,230.22163234587666,230.22163234587666,105.01904589168576,140.67693485429658,140.67693485429658,210.45427056726598,105.82060290888538,105.82060290888538,232.27785085969776,403.425333859935,403.425333859935,364.6751979501759,232.16588896735024,232.64350410015751,232.38975881049493,108.4020295012967,229.7846818219178,207.31859540330674,207.31859540330674,0.0,326.10887752405637,326.42150664439987,214.46211786700232,188.2949813457597,208.1730049742281,208.1730049742281,214.07241765346603,104.28806259586952,283.89258532057505,214.54603235669495,104.87611739571598,217.81184540791165,101.18794394590691,362.6927073984256,110.60289327137876,376.26054802490256,376.37082777494857,328.44634264975457,107.09341716464182,375.8284182974992,328.44634264975457,376.10636793332816,376.0452100479409,327.48740433793785,376.93633414676276,376.03856185237174,375.37314768107746,376.10636793332816,107.2706856508338,107.83320453366856,107.72186407596185,376.0452100479409,108.30050784737807,376.93633414676276,375.8616766843888,375.88030009565546,376.7187279655738,375.2199355044985,106.95326081985533,375.1892855613017,375.2572450999447,229.74768769239006,229.74768769239006,229.74768769239006,100.33444074693395,229.74768769239006,229.74768769239006,310.95337271044355,310.79092650848094,104.5609869884557,104.9285471165974,374.9053213812789,100.16985574512923,326.9113029554041,376.9734738678572,109.52625256074454,376.9734738678572,109.24284873619875,376.69616403674723,376.54747376658895,109.52625256074454,107.47092630102338,107.2846680565308,375.3092058556518,104.546640309481,218.15590755237412,119.73721226085064,218.15590755237412,218.15590755237412,218.15590755237412,120.96693763173474,237.31413780051116,125.82130185306461,375.56224517381935,375.56224517381935,295.8276525276162,229.7999129677816,229.7999129677816,313.7004941022567,297.370139724889,105.78752289377042,105.78752289377042,102.67424214475605,102.0735029280371,428.47286961953614,229.13969538253298,231.64412360342752,104.273678366115,361.006925141333,102.72292830717006,146.26004239025778,101.78899744078434,104.92378186092989,103.1746092796091,103.6822067666386,230.8397712700305,229.95651762887695,104.29765098025938,104.0768946500615,103.1746092796091,106.7145725756328
Roseburia inulinivorans,326.0061349115995,278.94802383239784,278.94802383239784,278.94802383239784,278.94802383239784,278.94802383239784,278.94802383239784,278.94802383239784,278.94802383239784,278.94802383239784,278.94802383239784,258.28859827719845,258.28859827719845,324.6844622090808,308.73775279353185,308.73775279353185,278.9265136196271,326.2284475639732,326.2284475639732,261.3159007791145,272.0900586203031,272.0900586203031,238.82001591156467,261.2852846985455,262.03053257206494,260.8064416382387,326.93118541980664,259.21033929995923,275.5031760252502,275.5031760252502,326.10887752405637,0.0,132.07573584879245,271.26186609989986,285.7551399362748,276.11410684715116,276.11410684715116,270.60303028606313,325.6762195801222,329.7514215283992,271.78484137273,325.0753758745808,274.9054382874227,323.6139675601163,246.35137507227356,327.54541669820384,230.47993405066742,230.53416232740864,139.46325680981354,326.646598023001,229.74768769239006,139.46325680981354,230.2759214507674,230.0630348404541,137.27709204379295,231.80163933846544,231.2271610343387,229.0720410700529,230.2759214507674,326.74760901956114,326.9908255593725,326.8439994859933,230.0630348404541,327.05657003032366,231.80163933846544,231.00865784641059,229.9891301779282,231.54265265820897,228.7859261405736,326.674149574159,228.78811157925142,228.83837090837716,259.7325547558488,259.7325547558488,259.7325547558488,323.93826572357887,259.7325547558488,259.7325547558488,164.3319810627256,163.97560794215707,325.7759966602819,325.7806010185382,229.2225992348922,323.81630595138347,137.48454458592792,231.90084087816498,327.3728760908576,231.90084087816498,327.2476126727283,231.36335059814465,231.1384866265244,327.3728760908576,326.6297598198915,326.1242094662707,228.9847156471366,325.53494436081667,284.2129483327598,330.79903264671134,284.2129483327598,284.2129483327598,284.2129483327598,331.2219799469836,266.6477076593759,332.8362960976462,229.46459421880317,229.46459421880317,318.12104614438823,259.12352266824405,259.12352266824405,148.56984889270097,175.6075169233937,326.0858782590868,326.0858782590868,324.28228443749435,324.3547440688975,308.4931117545415,258.9131128390372,261.95801190267116,325.55183919001286,379.91709621968846,324.25144564057075,311.39203586476003,324.67522233764623,325.4381661698578,324.4965331093693,325.63937108402604,259.9307600111999,259.25084377876186,324.966152083567,325.09229458724485,324.4965331093693,326.07207792143134
Roseburia intestinalis,326.3066042849884,279.37788029835144,279.37788029835144,279.37788029835144,279.37788029835144,279.37788029835144,279.37788029835144,279.37788029835144,279.37788029835144,279.37788029835144,279.37788029835144,259.5014450826816,259.5014450826816,325.1030605823329,309.03883251138524,309.03883251138524,279.26331660280766,326.54708695684303,326.54708695684303,261.71740484728946,272.3692346796899,272.3692346796899,238.74882198662257,262.1640707648552,263.4274093559742,262.34709832586293,327.1941319767211,258.8513086696685,275.78252301405905,275.78252301405905,326.42150664439987,132.07573584879245,0.0,271.5750356715433,286.20971332224207,276.4290143961013,276.4290143961013,270.9354166586569,326.0475425455619,329.7817460078711,273.1940702138317,325.4012907165551,274.7307773075307,323.9691343322694,246.82990094394967,327.7315975001495,230.6490841083051,230.94588110637523,139.82131454109563,326.9434201815354,228.67006800191405,139.82131454109563,230.71844312928258,230.3670983452281,134.56225325105106,232.0818821019857,231.66786570433112,229.49074055394914,230.71844312928258,327.0382240656281,327.32705357180606,327.1620393627598,230.3670983452281,327.3377460666582,232.0818821019857,230.06738143422243,229.0349318335524,231.83183560503505,229.27930565142594,326.9954128118619,227.78059618852524,229.43626565998673,260.13265846486865,260.13265846486865,260.13265846486865,324.39790381566894,260.13265846486865,260.13265846486865,164.84234892769516,164.46884203398528,326.1042778008286,326.1426068455331,228.4097195830335,324.15891164674156,135.11476603243628,230.90690764894842,327.6629365674427,230.90690764894842,327.51946507039855,230.43220261065943,230.2628932329306,327.6629365674427,327.0244639166923,326.38780614477616,228.1885185542866,325.96778981979185,284.55052275474736,331.10421320182564,284.55052275474736,284.55052275474736,284.55052275474736,331.53582008585437,267.4453215145107,333.14861548564176,228.55196345689092,228.55196345689092,319.1285007641906,259.150535403653,259.150535403653,151.44305860619693,175.0657019521528,326.4720508711274,326.4720508711274,324.64596100983607,324.79224128664157,308.72317697251043,259.167899246801,262.21746700019816,325.81896814028494,380.2538625707831,324.61515676258864,311.8541325684173,325.1461209979292,325.88955184233816,324.86304806795124,326.01073601953664,260.725909721301,259.91729453808955,325.3843880704789,325.516512637992,324.86304806795124,326.41537953962893
Anaerostipes hadrus,214.5203953007732,175.65022060902743,175.65022060902743,175.65022060902743,175.65022060902743,175.65022060902743,175.65022060902743,175.65022060902743,175.65022060902743,175.65022060902743,175.65022060902743,142.42892964563063,142.42892964563063,213.0422493309719,187.61130029931567,187.61130029931567,175.2398356538832,214.5413713016676,214.5413713016676,145.03447865938637,361.0152351355826,361.0152351355826,317.45550869373807,145.8389522727039,147.54321400864222,146.4137971640651,215.71972557000902,141.02127499069067,170.6663411455229,170.6663411455229,214.46211786700232,271.26186609989986,271.5750356715433,0.0,146.63901254441126,171.23083834403195,171.23083834403195,113.42398335449165,213.80832537579073,220.651308629702,118.38918869558994,212.67110758163648,122.86578042726136,211.3835376750044,341.9239681566649,216.7971402025405,330.8111243595052,330.77938267068583,275.24352853427814,215.6687274502263,330.3437603467031,275.24352853427814,330.6387757054517,330.46331112545613,274.0255462543593,331.6820766939329,331.1087434665536,329.6558811852141,330.6387757054517,215.6362678215332,216.03703386225243,215.88886029621816,330.46331112545613,216.1689154342039,331.6820766939329,330.9561904542654,330.4179171897311,331.48001448051133,329.51176003293114,215.626992744415,329.46471738260533,329.51176003293114,143.38758663147937,143.38758663147937,143.38758663147937,211.15160430363773,143.38758663147937,143.38758663147937,288.2151973786254,288.0572859693016,214.03504385964462,213.97196077991154,329.599757281464,211.04028051535565,273.74988584472504,331.63684958098366,216.65179436136688,331.63684958098366,216.4948036327893,331.31857780691985,331.13441379596895,216.65179436136688,215.4530111184339,214.7091055358389,329.34935858446727,213.45725567429184,183.12837027615356,221.51975081242756,183.12837027615356,183.12837027615356,183.12837027615356,222.13284313671403,154.77725931156684,224.80880765663966,329.3675758176569,329.3675758176569,234.19222873528489,140.17845768876185,140.17845768876185,256.99027218943525,273.07691224268666,214.48776188864483,214.48776188864483,212.08017351935564,211.66719160039895,388.83544077154284,141.58036587041298,146.80258853303644,213.70774436131228,312.91212824050143,212.160316741845,191.9531192765567,212.44999411626256,213.44085831911377,212.36996021094885,213.49941451910354,143.85061696079026,142.07040508142433,213.04459627035837,212.69226596188213,212.36996021094885,213.99532705178402
Eubacterium_G ventriosum,188.39320582229072,142.74452704044384,142.74452704044384,142.74452704044384,142.74452704044384,142.74452704044384,142.74452704044384,142.74452704044384,142.74452704044384,142.74452704044384,142.74452704044384,168.33597357665414,168.33597357665414,186.15047676543836,207.39093519245242,207.39093519245242,142.56928140381433,188.50198937942272,188.50198937942272,171.44095193389472,371.71897987592723,371.71897987592723,329.54058930577884,171.54591222177228,173.64331256918592,172.00581385522992,189.88417522268674,167.15262486721528,135.8086889709197,135.8086889709197,188.2949813457597,285.7551399362748,286.20971332224207,146.63901254441126,0.0,135.95955280891445,135.95955280891445,145.43727170158274,187.6406139405859,238.81373494839028,149.86994361779148,186.49396773086255,153.56106277308712,183.72805991464668,326.9021260255124,191.18054294305162,342.42225394971047,342.43247509545586,289.1331873030144,189.309270771402,341.96783474473153,289.1331873030144,342.31710445141357,342.133015068701,288.0399277877982,343.43558347963886,342.8994021575424,341.3063140347685,342.31710445141357,189.29342302362224,189.77091452590938,189.56529218187595,342.133015068701,190.01578881766642,343.43558347963886,342.7404265621434,342.11547758030474,343.2695733676377,341.2110783664563,189.24058761270004,341.098226321979,341.2198704647782,168.37161280928564,168.37161280928564,168.37161280928564,184.33664855367203,168.37161280928564,168.37161280928564,269.76100533620496,269.58486604407153,187.52066552782924,187.53932920856894,341.4454568448671,184.05705637111552,287.92360097775935,343.46761128234493,190.45471902790962,343.46761128234493,190.24983574237325,343.0174922653362,342.8571130952368,190.45471902790962,189.20623668367804,188.43301196977137,341.27701358280785,187.07485132962154,152.52868582663393,196.37718808456341,152.52868582663393,152.52868582663393,152.52868582663393,197.08373854785685,179.75817088522012,200.1549399840034,341.5786878597668,341.5786878597668,250.45358851491827,166.82026255823962,166.82026255823962,272.16722800513656,253.26665789242767,188.313568284391,188.313568284391,185.05944990732033,184.92701262930734,399.1090076658256,167.0688480836568,171.7672844286711,187.38196284594736,325.5380162131606,185.3024554613349,211.56795598577776,185.80096878111266,187.20576914187234,185.65559512171993,187.32591918898996,169.75276139138356,168.11008298136076,186.1746491872618,186.29278032172905,185.65559512171993,188.23124076518224
Bariatricus comes,207.97355601133526,120.22894826122368,120.22894826122368,120.22894826122368,120.22894826122368,120.22894826122368,120.22894826122368,120.22894826122368,120.22894826122368,120.22894826122368,120.22894826122368,151.499174915245,151.499174915245,206.54055291879124,225.49944567559362,225.49944567559362,120.76009274590675,208.20662813657015,208.20662813657015,154.5477272560163,363.98626347707136,363.98626347707136,340.0088234149226,152.92808767522072,156.6748224827461,154.90319557710873,209.22475952907678,150.05665596700467,109.58558299338468,109.58558299338468,208.1730049742281,276.11410684715116,276.4290143961013,171.23083834403195,135.95955280891445,0.0,0.0,169.51401122031183,207.3306537876153,253.76958052532618,172.66151858477326,206.5502360201992,175.920436561532,204.59472133953017,317.88991805340413,210.3069185737835,334.1287177122014,334.18408100925456,279.3044933401538,208.8468338280473,333.6989661356475,279.3044933401538,333.86524227598176,334.0209574263268,278.05035515172426,335.16413889316976,334.7372103606051,333.2461552666437,333.86524227598176,209.10045432757911,209.45643938537674,209.2223697409051,334.0209574263268,209.42540438065294,335.16413889316976,334.4906575675919,333.820310945874,335.0029850613275,332.9954954650288,208.8276801575883,333.0450419988263,333.08857680803163,151.4859729479928,151.4859729479928,151.4859729479928,204.79990234372673,151.4859729479928,151.4859729479928,259.46483384073457,259.25084377876186,207.56926554767207,207.5813093705693,333.3826630165402,204.48960853794014,278.32534918688236,335.1313175458241,209.87138918871244,335.1313175458241,209.70455407548974,334.80740732546525,334.6251634291719,209.87138918871244,208.88274222635053,207.97115184563458,333.2161460673837,207.06520712084878,133.32666649999166,215.35319825811735,133.32666649999166,133.32666649999166,133.32666649999166,216.08563117431015,163.5236985883086,218.60237876107388,333.5730804486477,333.5730804486477,239.50782868207042,150.18655066283398,150.18655066283398,285.06841284154933,267.23959287500793,208.34826613149437,208.34826613149437,205.65505099559311,205.3850043211529,392.0726973406845,148.60349928585129,153.91880976670785,207.3041244162788,316.77436764990944,205.42638584174136,228.92356803090414,205.7692882818036,207.0048308615043,205.47749268472205,207.24864293886222,152.35813073151036,149.78651474682226,206.07765526616416,206.3734479045209,205.47749268472205,207.99038439312525
Bariatricus comes_A,207.97355601133526,120.22894826122368,120.22894826122368,120.22894826122368,120.22894826122368,120.22894826122368,120.22894826122368,120.22894826122368,120.22894826122368,120.22894826122368,120.22894826122368,151.499174915245,151.499174915245,206.54055291879124,225.49944567559362,225.49944567559362,120.76009274590675,208.20662813657015,208.20662813657015,154.5477272560163,363.98626347707136,363.98626347707136,340.0088234149226,152.92808767522072,156.6748224827461,154.90319557710873,209.22475952907678,150.05665596700467,109.58558299338468,109.58558299338468,208.1730049742281,276.11410684715116,276.4290143961013,171.23083834403195,135.95955280891445,0.0,0.0,169.51401122031183,207.3306537876153,253.76958052532618,172.66151858477326,206.5502360201992,175.920436561532,204.59472133953017,317.88991805340413,210.3069185737835,334.1287177122014,334.18408100925456,279.3044933401538,208.8468338280473,333.6989661356475,279.3044933401538,333.86524227598176,334.0209574263268,278.05035515172426,335.16413889316976,334.7372103606051,333.2461552666437,333.86524227598176,209.10045432757911,209.45643938537674,209.2223697409051,334.0209574263268,209.42540438065294,335.16413889316976,334.4906575675919,333.820310945874,335.0029850613275,332.9954954650288,208.8276801575883,333.0450419988263,333.08857680803163,151.4859729479928,151.4859729479928,151.4859729479928,204.79990234372673,151.4859729479928,151.4859729479928,259.46483384073457,259.25084377876186,207.56926554767207,207.5813093705693,333.3826630165402,204.48960853794014,278.32534918688236,335.1313175458241,209.87138918871244,335.1313175458241,209.70455407548974,334.80740732546525,334.6251634291719,209.87138918871244,208.88274222635053,207.97115184563458,333.2161460673837,207.06520712084878,133.32666649999166,215.35319825811735,133.32666649999166,133.32666649999166,133.32666649999166,216.08563117431015,163.5236985883086,218.60237876107388,333.5730804486477,333.5730804486477,239.50782868207042,150.18655066283398,150.18655066283398,285.06841284154933,267.23959287500793,208.34826613149437,208.34826613149437,205.65505099559311,205.3850043211529,392.0726973406845,148.60349928585129,153.91880976670785,207.3041244162788,316.77436764990944,205.42638584174136,228.92356803090414,205.7692882818036,207.0048308615043,205.47749268472205,207.24864293886222,152.35813073151036,149.78651474682226,206.07765526616416,206.3734479045209,205.47749268472205,207.99038439312525
Anaerobutyricum hallii,214.18683432928364,175.11139311878026,175.11139311878026,175.11139311878026,175.11139311878026,175.11139311878026,175.11139311878026,175.11139311878026,175.11139311878026,175.11139311878026,175.11139311878026,141.39660533407442,141.39660533407442,212.0518804443856,186.7270735592458,186.7270735592458,174.61385970191483,214.34318277006153,214.34318277006153,145.03103116229988,360.45942906241197,360.45942906241197,316.63701615572364,144.95516548229662,147.39742195845895,145.16197849299243,215.43908651867238,139.6352391053204,169.333989500041,169.333989500041,214.07241765346603,270.60303028606313,270.9354166586569,113.42398335449165,145.43727170158274,169.51401122031183,169.51401122031183,0.0,212.9201728347974,220.3315683237425,118.07201192492656,212.54646550813308,122.42140335741949,210.16184239771025,341.146596055127,216.6194820416668,329.9803024424337,330.0333316500017,274.2006564543564,214.82551058940834,329.417668014331,274.2006564543564,329.8317753037145,329.8620923962012,273.2087114277288,330.94410404175505,330.5298776207682,328.94376419078077,329.8317753037145,214.96511344867102,215.35784174252862,215.15343362354224,329.8620923962012,215.41123461880997,330.94410404175505,330.33165152615936,329.6103760502694,330.7718246767702,328.75370720343216,214.80689001985016,328.7947688148338,328.8449482658963,142.0176045425355,142.0176045425355,142.0176045425355,210.6276335146934,142.0176045425355,142.0176045425355,287.6925442203882,287.509999826093,213.50878202078715,213.49707257946184,329.22788460274745,210.31642826940552,273.28739451354136,330.97734061412723,215.8124185490724,330.97734061412723,215.6733641412402,330.57071860647306,330.3831109484866,215.8124185490724,214.6928037918365,213.8293712285569,329.02583485191553,212.88259675229443,182.8031728389855,221.11083193728885,182.8031728389855,182.8031728389855,182.8031728389855,221.70701387191158,154.13954716424985,224.13835013223417,328.861673048107,328.861673048107,233.5786805339905,139.32336487466844,139.32336487466844,256.71190077594764,272.75996773720294,214.32218737218972,214.32218737218972,211.6388433156825,211.17291492992183,388.49453020602493,140.50622761998844,145.938343145316,213.23695739716416,312.5235991089313,211.12318678913502,190.8638258025863,211.5986767444447,212.88024802691302,211.4426636230257,213.02816715167035,142.25329521666626,141.20552397126679,212.11553455605272,212.16267343715293,211.4426636230257,213.6890263911556
Anaerobutyricum soehngenii,104.73299384625649,210.52553289328114,210.52553289328114,210.52553289328114,210.52553289328114,210.52553289328114,210.52553289328114,210.52553289328114,210.52553289328114,210.52553289328114,210.52553289328114,229.70415755923966,229.70415755923966,103.4456378974,140.19272449025306,140.19272449025306,210.09759636892565,104.6900186264192,104.6900186264192,231.88574772935056,403.0558273986372,403.0558273986372,364.51063084634444,231.704553256944,232.20465111620825,231.89006015782564,107.48488265798126,229.24877317010882,206.92269087753522,206.92269087753522,104.28806259586952,325.6762195801222,326.0475425455619,213.80832537579073,187.6406139405859,207.3306537876153,207.3306537876153,212.9201728347974,0.0,283.90667480705696,214.2101771625242,103.20368210485515,217.1543230055529,100.74224535913422,362.41964626658967,109.5764573254675,376.11168554034583,376.1342845314689,328.1935404605033,106.40958603434186,375.6075079121822,328.1935404605033,375.99202119193967,375.94414478749366,327.4232734550188,376.8673506686404,375.93483477858234,375.26923668214533,375.99202119193967,107.00934538627924,107.99074034379059,107.61970079869205,375.94414478749366,108.07867504739313,376.8673506686404,375.77919048292176,375.80047897787466,376.60191183795126,375.1213137106448,106.82228231974825,375.0933217214084,375.15330199799655,229.46895214821546,229.46895214821546,229.46895214821546,99.20181449953424,229.46895214821546,229.46895214821546,310.90191379275876,310.749094930299,104.20652570736632,104.15373253033229,374.8172888221673,99.53893710503444,326.8592969459489,376.9124566792666,109.21538353180837,376.9124566792666,108.3789647487002,376.57137437675743,376.41466496405263,109.21538353180837,105.92450141492289,106.42368157510809,375.22393313859925,103.19883720275146,217.83939037740626,118.94116192470965,217.83939037740626,217.83939037740626,217.83939037740626,120.13742131409347,236.81216184985095,125.04799078753724,375.24791804885473,375.24791804885473,295.3641819855617,229.36869882353173,229.36869882353173,313.4038927645922,297.0471343069985,104.91425070027427,104.91425070027427,101.49876846543509,100.81170566953026,428.2207374707582,228.53664913969487,231.30715509901546,103.53260356042439,360.70763784538855,101.4889156509222,145.16197849299243,100.30453628824571,103.5132841716463,101.45442326483355,102.86884854026509,230.09780529157595,229.44716167344498,102.96601381038309,103.09219175087898,101.45442326483355,105.44192714475585
Dorea formicigenerans,284.1126537132762,256.2693895103354,256.2693895103354,256.2693895103354,256.2693895103354,256.2693895103354,256.2693895103354,256.2693895103354,256.2693895103354,256.2693895103354,256.2693895103354,236.10379073619296,236.10379073619296,283.89434654462565,265.68590478232,265.68590478232,255.62472493872733,284.0017605579233,284.0017605579233,238.1092186371624,314.78087616626266,314.78087616626266,264.1685068285014,237.714114010927,237.97478858063937,237.98739462416913,285.07192074983465,234.88720697390056,253.49161721840034,253.49161721840034,283.89258532057505,329.7514215283992,329.7817460078711,220.651308629702,238.81373494839028,253.76958052532618,253.76958052532618,220.3315683237425,283.90667480705696,0.0,221.45202640752692,283.8379819544946,223.82805900958888,282.83210567402,292.97952146865146,285.77613616255644,278.9641554035213,279.6676599108306,332.0993827154757,285.05438077672125,278.9874549150911,332.0993827154757,279.40830338413355,279.3617726175147,331.2657543423407,280.52094395962666,279.3313444638822,278.4456859066055,279.40830338413355,285.0613968954758,285.403223527696,285.29458459634316,279.3617726175147,285.32437680646916,280.52094395962666,279.08959135016124,279.04300743792163,280.26772914483035,278.1204774913203,285.0613968954758,278.18698747425265,278.2247293106779,235.85376825482354,235.85376825482354,235.85376825482354,282.4216705566342,235.85376825482354,235.85376825482354,342.70249488441135,342.55510505610624,283.92604670935,284.06865367372023,277.7498874887261,282.4730075600145,330.69321130014146,280.528073461463,285.7183928276232,280.528073461463,285.54684379274795,280.1660222082614,279.92320375417256,285.7183928276232,285.02456034524465,284.83855076165514,278.2301205836636,283.6212262860451,262.1850491542186,289.60662975836726,262.1850491542186,262.1850491542186,262.1850491542186,290.15513092137456,242.79003274434476,292.2190958852621,278.0215818960823,278.0215818960823,154.86445686470475,235.02127563265415,235.02127563265415,317.7876649588527,330.79903264671134,284.3132075722125,284.3132075722125,283.0777278416654,282.8709953317943,346.04912945996557,234.91274976041638,237.6131309502907,283.70407117276267,258.4937136566381,283.1448392607571,268.24056367372924,282.8144267890165,283.85559709119707,283.26312855717737,283.75165197756996,236.46141334264243,235.8622479329831,283.6212262860451,283.6705836000624,283.26312855717737,284.68754802414526
Coprococcus_A catus,214.4924241086384,176.41711935070248,176.41711935070248,176.41711935070248,176.41711935070248,176.41711935070248,176.41711935070248,176.41711935070248,176.41711935070248,176.41711935070248,176.41711935070248,142.91955779388627,142.91955779388627,213.94158081121117,189.34624369128636,189.34624369128636,175.50213673912918,214.7696440375129,214.7696440375129,147.73286702694156,361.5577408934844,361.5577408934844,318.29860194477766,147.14958375748128,146.482080815368,146.55033265059484,215.9374909551373,144.4195277654653,171.99709299868996,171.99709299868996,214.54603235669495,271.78484137273,273.1940702138317,118.38918869558994,149.86994361779148,172.66151858477326,172.66151858477326,118.07201192492656,214.2101771625242,221.45202640752692,0.0,214.08176008245073,124.9879994239447,212.82152146810716,342.7389677290868,216.97234846864703,331.3397048347813,331.516213781468,275.8749716810135,215.88191216496114,330.9184189494444,275.8749716810135,331.1736704510188,331.13441379596895,274.8163022820881,332.16411606312926,331.1902776350779,330.3407331831786,331.1736704510188,216.05323418083793,216.36080975999326,216.16197630480713,331.13441379596895,216.28915830434036,332.16411606312926,331.1011929909042,330.83228379346536,331.9171583392459,330.1151314314447,215.79388313851715,330.1681389837608,330.18782533582305,145.12063946937388,145.12063946937388,145.12063946937388,212.46411461703363,145.12063946937388,145.12063946937388,288.50996516585,288.3140648667699,214.478437144623,214.48543074064494,329.86360817768303,212.235718011837,274.1258834915083,332.17615808483305,216.77638247742766,332.17615808483305,216.65179436136688,331.92469025367785,331.7227758234276,216.77638247742766,215.67568244936655,215.62003617474883,330.1529948372421,213.98598084921358,184.51558199783562,221.81749254736425,184.51558199783562,184.51558199783562,184.51558199783562,222.46123257772354,155.0612782096162,225.27538702663458,330.50113464253036,330.50113464253036,234.98085028359225,143.61058456812992,143.61058456812992,257.3363557680881,273.7352735764976,215.05115670463155,215.05115670463155,213.19005605327843,212.90138562254592,389.5086648586909,143.29340529138108,147.82760229402356,214.40848863792684,313.7706168525026,213.23695739716416,193.02849530574494,212.8685040112792,214.29652353689735,213.28150412072773,213.976634238414,145.22740788157034,144.00694427700353,213.9906540015241,213.97196077991154,213.28150412072773,215.15110968805158
Eubacterium_I ramulus,104.0768946500615,210.14280858501917,210.14280858501917,210.14280858501917,210.14280858501917,210.14280858501917,210.14280858501917,210.14280858501917,210.14280858501917,210.14280858501917,210.14280858501917,228.69411885748178,228.69411885748178,101.27191120937731,138.62539449898782,138.62539449898782,209.91426821443082,104.3599540053559,104.3599540053559,230.4690868641606,402.657422631199,402.657422631199,363.9793950212017,230.82027640569189,231.9612036526798,231.19688579217498,107.22872749408155,228.5038292895767,206.18438350175796,206.18438350175796,104.87611739571598,325.0753758745808,325.4012907165551,212.67110758163648,186.49396773086255,206.5502360201992,206.5502360201992,212.54646550813308,103.20368210485515,283.8379819544946,214.08176008245073,0.0,216.8985938174796,98.26494797230598,361.9240251765555,108.94952959971879,375.7831821675898,375.7312869591778,327.8231230404591,106.5269918846862,375.2545802518605,327.8231230404591,375.6048455491489,375.56757048499276,326.97553425294683,376.49966799454154,376.0265948041441,374.77459892580765,375.6048455491489,106.91117808723277,108.05091392487155,107.58717395675006,375.56757048499276,107.8702924812944,376.49966799454154,375.844382690496,375.3891314356344,376.27649408380535,374.6852012022893,106.90182411914213,374.65450751325545,374.70655185091175,228.74658467395747,228.74658467395747,228.74658467395747,97.61147473529944,228.74658467395747,228.74658467395747,310.9292524031793,310.74748591098853,103.6822067666386,104.1393297462587,374.8132868509333,97.37042672187485,326.84858879915635,376.42263481358293,109.02751946183129,376.42263481358293,108.2081327812286,376.13694314704054,375.972073430993,109.02751946183129,105.94810050208545,104.23531071570709,374.6998799039039,102.87370898339381,216.8893727225933,118.6507479959566,216.8893727225933,216.8893727225933,216.8893727225933,119.7914855071094,236.78048906107108,124.66755792907793,374.79327635377877,374.79327635377877,294.7490457999822,228.5716517856053,228.5716517856053,312.7219212015685,296.56365252673834,104.90948479522717,104.90948479522717,99.6343314324937,98.37682653958706,427.92990080152146,227.92542640082962,231.17525819170183,103.14068062602651,360.4455576089127,99.443451267542,143.71151658792,100.17983829094555,101.79390944452423,100.10993956645864,103.01941564578979,229.37741824338332,228.5716517856053,101.55294185792945,100.68266980965493,100.10993956645864,104.12972678346948
Clostridium_Q symbiosum,217.46493970293236,179.34603424664846,179.34603424664846,179.34603424664846,179.34603424664846,179.34603424664846,179.34603424664846,179.34603424664846,179.34603424664846,179.34603424664846,179.34603424664846,149.21796138535066,149.21796138535066,216.78791479231492,190.60954855410574,190.60954855410574,178.85468962260956,217.67866225241278,217.67866225241278,152.00328943809077,362.9903579986664,362.9903579986664,320.4590457453183,151.1853167473614,152.1413816159167,151.8979920867949,218.42847799680334,144.35026844450272,175.55910685578235,175.55910685578235,217.81184540791165,274.9054382874227,274.7307773075307,122.86578042726136,153.56106277308712,175.920436561532,175.920436561532,122.42140335741949,217.1543230055529,223.82805900958888,124.9879994239447,216.8985938174796,0.0,215.64554249972338,344.2266695071723,219.36499264923745,332.9594569913881,333.0900779068629,277.52657530405986,218.64354552558828,332.44999624003606,277.52657530405986,332.39434411554,332.76718588226214,276.79956647364895,333.7049595076465,332.57029332157737,332.05270665965065,332.39434411554,218.80813513212894,219.26696057545925,219.0616351623442,332.76718588226214,219.15063312707997,333.7049595076465,332.9053919659458,332.5266906580583,333.45014619879834,331.5147055561789,218.73957117997648,332.0496950759028,332.060235499525,146.5537444079816,146.5537444079816,146.5537444079816,215.3671284109996,146.5537444079816,146.5537444079816,290.77482697097423,290.6011011679068,217.34994824015948,217.55459085020476,331.3517768173275,215.1650529244933,275.44690958513223,333.36016558671196,219.6770356682737,333.36016558671196,219.33080039064282,333.05555092206464,332.9234146166352,219.6770356682737,218.4078753158869,218.28421839427605,332.1189545930795,217.02534414210706,187.3339264522046,224.2164133153503,187.3339264522046,187.3339264522046,187.3339264522046,224.67532129719987,159.24823389915505,227.36094651456744,331.8900420319959,331.8900420319959,238.10501884672655,147.34313692873516,147.34313692873516,260.3996927801567,276.17928959282955,217.80495862123985,217.80495862123985,215.8332689832594,215.93285993567537,390.8925683611803,147.44151382836517,148.8321201891581,217.0,315.48692524413747,215.93517545782115,194.14942698859556,215.70581818764185,216.92625475031832,216.06249096037007,216.86862382557786,149.67631743198388,148.70776711389354,216.6887168266959,216.44398813549893,216.06249096037007,217.93118179829153
Bacteroides_F pectinophilus,101.21264743103995,208.46102753272612,208.46102753272612,208.46102753272612,208.46102753272612,208.46102753272612,208.46102753272612,208.46102753272612,208.46102753272612,208.46102753272612,208.46102753272612,226.6517151931571,226.6517151931571,95.81231653602788,134.6291201783626,134.6291201783626,208.51378851289428,102.01470482239313,102.01470482239313,229.26840166058645,401.7499222153005,401.7499222153005,362.6361813167572,229.37741824338332,230.8592644881292,229.08950216018192,104.72821969268837,226.38021114929634,203.8332651948646,203.8332651948646,101.18794394590691,323.6139675601163,323.9691343322694,211.3835376750044,183.72805991464668,204.59472133953017,204.59472133953017,210.16184239771025,100.74224535913422,282.83210567402,212.82152146810716,98.26494797230598,215.64554249972338,0.0,360.41503853196804,106.50821564555478,374.45293429214837,374.5130171302461,326.4169113266039,102.59629622944485,373.9759350546503,326.4169113266039,374.2846510344767,374.38082215840063,325.47042876427344,375.3318531646362,374.90798871189713,373.5264381539813,374.2846510344767,102.975725294848,103.90861369491944,103.41663309158736,374.38082215840063,103.99038417084533,375.3318531646362,374.727901283051,374.0628289472238,375.1932835219735,373.38318119593976,102.6352765865616,373.32559515789967,373.3912157509868,226.82812876713504,226.82812876713504,226.82812876713504,93.41306118525397,226.82812876713504,226.82812876713504,309.4656685320684,309.2668750448389,99.92997548283498,99.93497886125758,373.6642878306676,92.68764750493995,325.5149766139801,375.37447968661905,104.76163419878482,375.37447968661905,104.21612159354233,374.91732421962047,374.76525986275726,104.76163419878482,102.85426583277915,101.12863096077193,373.5317924889393,98.63569333664158,215.2835339732233,115.66330446602328,215.2835339732233,215.2835339732233,215.2835339732233,116.79897259822108,235.25092986001138,121.72920767013971,373.7887103699094,373.7887103699094,293.2081172136952,226.40892208568107,226.40892208568107,311.24748994971833,294.9406720003194,101.35087567455942,101.35087567455942,95.01052573267869,94.32921074619463,427.0362982229965,226.0,229.3294573315866,99.35793878699377,359.20328506292924,95.01052573267869,141.0921684573598,95.77055915050303,98.82307422864359,95.66608594481119,99.42333730065593,227.705950734714,226.66495097389893,96.82458365518542,97.09273917240156,95.66608594481119,100.75217119248597
Ruminococcus_B gnavus,362.6003309430371,320.828614683915,320.828614683915,320.828614683915,320.828614683915,320.828614683915,320.828614683915,320.828614683915,320.828614683915,320.828614683915,320.828614683915,332.37328412494287,332.37328412494287,361.3820692840197,372.1558813185679,372.1558813185679,320.73821100704544,362.6789213615812,362.6789213615812,333.83978193139296,224.03571143904713,224.03571143904713,184.89997295835389,333.30616555953475,334.8387671701113,333.6150476222558,363.25610800095296,332.067764168701,317.7971050843604,317.7971050843604,362.6927073984256,246.35137507227356,246.82990094394967,341.9239681566649,326.9021260255124,317.88991805340413,317.88991805340413,341.146596055127,362.41964626658967,292.97952146865146,342.7389677290868,361.9240251765555,344.2266695071723,360.41503853196804,0.0,363.7815278432922,173.86201425268257,172.72232050317064,249.59366979152335,363.0303017655689,172.9942195566083,249.59366979152335,172.33687939614086,173.6663467687393,248.01612850780492,175.35392781457733,174.78844355391462,171.70614432803504,172.33687939614086,363.1074221218839,363.3813423939099,363.22720162454794,173.6663467687393,363.37171051142656,175.35392781457733,174.53939383417142,172.4760852988031,174.95427974188,171.4584497771982,363.0413199623426,171.56048496084406,171.68575945604806,332.46052397239583,332.46052397239583,332.46052397239583,360.7533783625595,332.46052397239583,332.46052397239583,228.23671921932282,227.96710288986873,362.2305895420761,362.24853346839103,172.09299811439163,360.5440333717922,248.5658866377283,175.7583568425695,363.5876785591063,175.7583568425695,363.4473827117207,175.05427729707148,174.67111953611564,363.5876785591063,363.10329108946394,362.6458327349151,170.63704169962628,362.04419619709415,325.29371343448986,366.7246923783562,325.29371343448986,325.29371343448986,325.29371343448986,367.0653892700863,337.8845956832007,368.67194089054294,171.21623754772793,171.21623754772793,280.349781523011,331.9608410641231,331.9608410641231,255.82024939398366,237.1349826575573,362.7326839423214,362.7326839423214,361.1315549768533,361.0720149776219,268.6726632912251,331.59463204340324,333.7708794966991,362.1670885102621,348.0402275599762,361.2616780119364,374.2699560477704,361.2962773126787,361.9737559547653,361.28520589694784,362.240251766697,332.6875410952445,331.81922789374335,361.53284774692327,361.5936946352909,361.28520589694784,362.5548234405384
Hungatella effluvii,109.30690737551767,212.67816060893512,212.67816060893512,212.67816060893512,212.67816060893512,212.67816060893512,212.67816060893512,212.67816060893512,212.67816060893512,212.67816060893512,212.67816060893512,232.06249158362496,232.06249158362496,108.72902096496593,144.67549896233294,144.67549896233294,212.52293993825703,109.60383204979651,109.60383204979651,234.20930809854676,404.3550420113492,404.3550420113492,366.2034953410467,233.50374729327152,233.32380932943812,233.70494218137537,110.51696702316798,231.862027939031,209.7951381705496,209.7951381705496,110.60289327137876,327.54541669820384,327.7315975001495,216.7971402025405,191.18054294305162,210.3069185737835,210.3069185737835,216.6194820416668,109.5764573254675,285.77613616255644,216.97234846864703,108.94952959971879,219.36499264923745,106.50821564555478,363.7815278432922,0.0,377.5619154522871,377.5473480240591,329.81206769916713,111.65124271587845,377.10210818822003,329.81206769916713,377.4374120301272,377.3473201176868,329.03039373285867,378.2380202993877,377.46523018683456,376.7014733180639,377.4374120301272,111.76761606118295,112.99115009592566,112.49444430726346,377.3473201176868,112.46332735607639,378.2380202993877,377.3764698547062,377.0769152308319,378.0370352227411,376.554112977139,112.0267825120404,376.5687188283169,376.68687261437714,232.04525420701884,232.04525420701884,232.04525420701884,105.48933595392475,232.04525420701884,232.04525420701884,312.75069943966554,312.60838120562283,109.288608738514,109.5764573254675,376.3973963778177,105.45615202537972,328.56354027798034,378.19307238499226,113.69696565871932,378.19307238499226,113.18568814121333,378.00132274900835,377.8981344224922,113.69696565871932,112.06694427885503,111.59301053381435,376.65899697206225,108.85311203635843,219.74758246679303,122.53162856993292,219.74758246679303,219.74758246679303,219.74758246679303,123.82245353731285,238.65246698913464,128.35887191776033,377.0013262576141,377.0013262576141,297.28605752708955,231.8943725061046,231.8943725061046,314.9492022533158,299.04180309782777,109.95453605922768,109.95453605922768,106.67239567948214,106.86440005914037,429.51833488222593,230.8506010388537,233.6022260167912,108.83933112620639,362.28579878322586,107.43835441777765,149.18780110987626,106.4048871058092,109.08712114635715,107.87956247593888,109.27488274987991,232.49516123997074,231.92886840581102,108.67842472174502,108.69682608061746,107.87956247593888,111.39569111954016
Bacteroides uniformis,376.4611533744219,336.49517084201966,336.49517084201966,336.49517084201966,336.49517084201966,336.49517084201966,336.49517084201966,336.49517084201966,336.49517084201966,336.49517084201966,336.49517084201966,320.8706904658012,320.8706904658012,375.4823564430158,361.6019911449604,361.6019911449604,336.29005337654576,376.46779410727817,376.46779410727817,322.31816579274584,208.5281755542881,208.5281755542881,163.72537982854095,322.06676326501,323.092865907002,322.33367804187014,376.8965375272105,320.5760440207596,333.6420237320233,333.6420237320233,376.26054802490256,230.47993405066742,230.6490841083051,330.8111243595052,342.42225394971047,334.1287177122014,334.1287177122014,329.9803024424337,376.11168554034583,278.9641554035213,331.3397048347813,375.7831821675898,332.9594569913881,374.45293429214837,173.86201425268257,377.5619154522871,0.0,142.80406156688963,229.26622080018677,375.8284182974992,143.09088021254183,229.26622080018677,145.19641868861643,141.06735979665885,229.65191050805564,144.86200329969208,148.79180084937477,143.85061696079026,145.19641868861643,375.81245322634004,376.04255078381755,375.84039165581976,141.06735979665885,376.01462737505307,144.86200329969208,148.36441621898427,144.78259563911678,145.11030287336595,143.96527359054335,375.8284182974992,143.96874660842192,143.9096939055879,319.753029696358,319.753029696358,319.753029696358,374.04144155427485,319.753029696358,319.753029696358,248.1612379079376,248.02217642783478,375.2878894928532,375.43574683293014,146.4650128870373,373.8609367131046,231.6872892499716,149.02013286801215,376.5634076752546,149.02013286801215,376.57137437675743,148.3104851316993,148.28351223247984,376.5634076752546,376.42529139259494,375.4703716673261,145.48883118645224,375.67272991261956,340.07940249300606,379.9802626453116,340.07940249300606,340.07940249300606,340.07940249300606,380.3353783176106,326.02147168553176,381.6791846564337,144.9931032842597,144.9931032842597,266.8595136021948,320.6337474440269,320.6337474440269,241.13066996962456,257.9670521597671,376.25390363423475,376.25390363423475,374.8573061846334,374.85597234137805,253.23309420373948,319.94530782619705,322.1630022209254,375.72995621855864,337.0341229015246,374.65717662951556,363.549171364755,374.8426336477749,375.5782208808173,374.85063692089415,375.71265616159377,320.55732716629643,320.61815294833195,375.1799568207236,375.22526567383494,374.85063692089415,376.14358960375756
Bacteroides caccae,376.560752070632,336.425326038335,336.425326038335,336.425326038335,336.425326038335,336.425326038335,336.425326038335,336.425326038335,336.425326038335,336.425326038335,336.425326038335,320.9345727714607,320.9345727714607,375.48102482016316,361.6006084065678,361.6006084065678,336.44316013258464,376.5116200066075,376.5116200066075,322.49030993194197,208.02163349036562,208.02163349036562,163.68567438844488,321.6675302233659,323.06346125800115,322.2700730753633,377.01458857715306,320.4902494616646,333.6585080587636,333.6585080587636,376.37082777494857,230.53416232740864,230.94588110637523,330.77938267068583,342.43247509545586,334.18408100925456,334.18408100925456,330.0333316500017,376.1342845314689,279.6676599108306,331.516213781468,375.7312869591778,333.0900779068629,374.5130171302461,172.72232050317064,377.5473480240591,142.80406156688963,0.0,228.84492565927695,375.90956359209594,143.3666627915988,228.84492565927695,143.21661914736012,142.37626206639925,228.8645887855961,144.78950238190612,148.43853947004465,142.25329521666626,143.21661914736012,375.7259639684221,376.1050385198263,375.9614341923916,142.37626206639925,376.09041466115565,144.78950238190612,148.45538050202154,143.94790724425278,145.1895313030523,143.02796929272262,375.877639664825,143.33875958721003,143.3073619881407,319.3540355154448,319.3540355154448,319.3540355154448,373.89838191679837,319.3540355154448,319.3540355154448,248.35659846277488,248.14108889903744,375.3185313836768,375.51963996574136,146.00342461736986,373.89971917614486,231.65923249462776,148.9966442575134,376.70014600475,148.9966442575134,376.6072224480035,147.35331689514152,147.36688908978164,376.70014600475,376.54880161806386,375.6048455491489,144.87235761179562,375.62081944429013,340.06322941476634,379.9815785008531,340.06322941476634,340.06322941476634,340.06322941476634,380.25517747954467,326.01073601953664,381.71193326905563,144.1596337398233,144.1596337398233,266.6214545005709,320.78497471047484,320.78497471047484,241.0082986123092,258.1588658171553,376.2127057928799,376.2127057928799,374.73323845103465,374.74257831209945,253.5941639707034,319.44639612930365,321.77942755869276,375.71265616159377,336.43870169764955,374.6131337793698,363.4707691135561,374.8946518690284,375.6168260341914,374.94532934815976,375.62081944429013,321.0109032416189,320.2327278714654,375.13597534760646,375.1493036112422,374.94532934815976,376.12364988125915
Bacteroides cellulosilyticus,328.61527657733745,281.9077863415624,281.9077863415624,281.9077863415624,281.9077863415624,281.9077863415624,281.9077863415624,281.9077863415624,281.9077863415624,281.9077863415624,281.9077863415624,263.09884074240995,263.09884074240995,327.41716509676155,311.55577349810096,311.55577349810096,281.82263926093657,328.5954960129551,328.5954960129551,264.30285658690866,273.84119485570466,273.84119485570466,241.99793387547754,264.435247272371,265.721658883878,264.72627372438876,329.19295253695816,262.7850832905095,278.69696804952866,278.69696804952866,328.44634264975457,139.46325680981354,139.82131454109563,275.24352853427814,289.1331873030144,279.3044933401538,279.3044933401538,274.2006564543564,328.1935404605033,332.0993827154757,275.8749716810135,327.8231230404591,277.52657530405986,326.4169113266039,249.59366979152335,329.81206769916713,229.26622080018677,228.84492565927695,0.0,327.74380238228764,229.69109691061166,0.0,229.841249561518,229.06985834020153,135.84181977579658,232.05171837329712,232.46505113672464,229.1375132971465,229.841249561518,327.74075120436277,328.1112616171533,327.9801823281401,229.06985834020153,327.92377162993233,232.05171837329712,232.51881644288488,230.3410514867031,232.24555969921147,229.41011311622685,327.9420680547099,229.51688391053065,230.1282251267758,261.4937857770238,261.4937857770238,261.4937857770238,325.7852053117207,261.4937857770238,261.4937857770238,167.1197175679758,166.89517668285083,327.26136343907143,327.5133585061837,231.13416017542713,325.72227433812384,141.1736519326464,233.32809517929897,328.7324139782994,233.32809517929897,328.64114167279786,230.95670589961227,232.2003445303215,328.7324139782994,328.57723597352265,327.55304913860897,231.1882349947765,327.63852032384716,286.28133016318054,332.6770205469563,286.28133016318054,286.28133016318054,286.28133016318054,332.9834830738606,269.2526694389491,334.58332295558307,230.44305153334523,230.44305153334523,321.3269363125351,262.85927794163933,262.85927794163933,155.8172005909489,181.27327436773464,328.29864452964165,328.29864452964165,326.5991426810548,326.63435214318775,310.6122985330748,261.9427418349285,264.5978080030143,327.72854620859624,381.5062253751569,326.51646206585053,313.673397023082,326.71088136148757,327.5179384400189,326.79657280944673,327.6751440069875,263.1501472543764,262.7489295886855,327.0580988142627,327.08867299250824,326.79657280944673,328.26970618684874
Bacteroides timonensis,107.5174404457249,211.97169622381193,211.97169622381193,211.97169622381193,211.97169622381193,211.97169622381193,211.97169622381193,211.97169622381193,211.97169622381193,211.97169622381193,211.97169622381193,230.8051125950203,230.8051125950203,105.79224924350555,141.72861390700186,141.72861390700186,211.6317556511782,107.54068997360952,107.54068997360952,233.2766597840427,403.7387769337991,403.7387769337991,365.2081598212176,232.44354153213206,233.1651775029882,232.568269546815,109.66312051004202,230.60355591360684,208.11535262925702,208.11535262925702,107.09341716464182,326.646598023001,326.9434201815354,215.6687274502263,189.309270771402,208.8468338280473,208.8468338280473,214.82551058940834,106.40958603434186,285.05438077672125,215.88191216496114,106.5269918846862,218.64354552558828,102.59629622944485,363.0303017655689,111.65124271587845,375.8284182974992,375.90956359209594,327.74380238228764,0.0,375.3265245089934,327.74380238228764,375.4850196745537,375.6660751252367,327.0703288285258,376.57668541745915,375.4144376552399,374.9719989545886,375.4850196745537,103.95191195932858,104.74254150057655,103.89898940798221,375.6660751252367,104.89995233554684,376.57668541745915,375.2878894928532,375.43707861637745,376.2977544445356,374.86397532971876,104.36474500519799,374.82796053656404,374.95733090579785,229.42754847663784,229.42754847663784,229.42754847663784,99.44847912361456,229.42754847663784,229.42754847663784,310.42712510346126,310.33208019797115,103.25696102442683,103.72559954032563,374.597116913625,99.65440281292142,326.7414880299103,376.79968152852786,108.3097410208334,376.79968152852786,107.05606008068857,376.37348471963327,376.1954279360662,108.3097410208334,106.85972113008718,106.00471687618433,375.09465472064517,105.35179163165665,218.25443867193172,119.98333217576514,218.25443867193172,218.25443867193172,218.25443867193172,120.96280420029953,237.23616924912608,125.88089608832628,375.37447968661905,375.37447968661905,296.2313285255292,230.48427278233106,230.48427278233106,314.0398063940302,298.01677805116947,107.10742271196708,107.10742271196708,103.20368210485515,102.76186062932103,428.7913245391049,229.7433350502251,232.2886135823278,105.75443253121828,361.3516293030931,102.81536850101739,146.2292720353897,102.15674231297707,105.94338110519222,103.87492478938312,104.84750831564858,231.08007270208307,230.41918322917473,104.66613587975817,104.75208828467335,103.87492478938312,107.9490620616965
Bacteroides stercoris,375.9521246116319,335.9434476217686,335.9434476217686,335.9434476217686,335.9434476217686,335.9434476217686,335.9434476217686,335.9434476217686,335.9434476217686,335.9434476217686,335.9434476217686,320.30142054009065,320.30142054009065,374.9559974183637,361.12740134196406,361.12740134196406,335.681396565255,376.02792449497684,376.02792449497684,321.8819659440398,207.71855959446665,207.71855959446665,161.16761461286197,321.61467628203786,322.56782232578627,321.73591655269075,376.52622750613267,320.1437177268984,333.2356523543062,333.2356523543062,375.8284182974992,229.74768769239006,228.67006800191405,330.3437603467031,341.96783474473153,333.6989661356475,333.6989661356475,329.417668014331,375.6075079121822,278.9874549150911,330.9184189494444,375.2545802518605,332.44999624003606,373.9759350546503,172.9942195566083,377.10210818822003,143.09088021254183,143.3666627915988,229.69109691061166,375.3265245089934,0.0,229.69109691061166,144.3294841673038,142.55875981503206,227.39173247943734,146.1300790391903,142.8215669988255,139.01079094804115,144.3294841673038,375.3664875824692,375.62614392504685,375.514313974847,142.55875981503206,375.5768895978558,146.1300790391903,142.32708807532038,138.25700705570043,146.21217459568817,139.36642350293704,375.3052091298494,132.55187663703597,140.3744991086344,318.26247029770883,318.26247029770883,318.26247029770883,373.40058918003865,318.26247029770883,318.26247029770883,247.574231292354,247.4227152061831,374.8226247173455,375.02666571858595,136.64186766873468,373.36443322844775,226.0486673263083,143.76369499981558,376.20074428421856,143.76369499981558,376.11567369627124,144.05207391773297,135.79027947537335,376.20074428421856,375.9082334825881,375.0053332954079,141.8731828077456,375.1679623848497,339.70428316404843,379.57081025811243,339.70428316404843,339.70428316404843,339.70428316404843,379.88682525194264,325.4550660229458,381.30302909890446,145.938343145316,145.938343145316,266.1371826708925,320.17339052457186,320.17339052457186,240.3185386107364,256.7722726464055,375.69668617117185,375.69668617117185,374.2125064719243,374.26461227318833,253.31403435261933,319.4902189426149,321.7203754815663,375.1799568207236,336.67046202481146,374.15638441699747,363.0303017655689,374.2940020892667,375.099986670221,374.3314039724693,375.14397236261175,320.4746479832687,320.11404217872104,374.6985455002461,374.6985455002461,374.3314039724693,375.6314683303304
Bacteroides sp900552405,328.61527657733745,281.9077863415624,281.9077863415624,281.9077863415624,281.9077863415624,281.9077863415624,281.9077863415624,281.9077863415624,281.9077863415624,281.9077863415624,281.9077863415624,263.09884074240995,263.09884074240995,327.41716509676155,311.55577349810096,311.55577349810096,281.82263926093657,328.5954960129551,328.5954960129551,264.30285658690866,273.84119485570466,273.84119485570466,241.99793387547754,264.435247272371,265.721658883878,264.72627372438876,329.19295253695816,262.7850832905095,278.69696804952866,278.69696804952866,328.44634264975457,139.46325680981354,139.82131454109563,275.24352853427814,289.1331873030144,279.3044933401538,279.3044933401538,274.2006564543564,328.1935404605033,332.0993827154757,275.8749716810135,327.8231230404591,277.52657530405986,326.4169113266039,249.59366979152335,329.81206769916713,229.26622080018677,228.84492565927695,0.0,327.74380238228764,229.69109691061166,0.0,229.841249561518,229.06985834020153,135.84181977579658,232.05171837329712,232.46505113672464,229.1375132971465,229.841249561518,327.74075120436277,328.1112616171533,327.9801823281401,229.06985834020153,327.92377162993233,232.05171837329712,232.51881644288488,230.3410514867031,232.24555969921147,229.41011311622685,327.9420680547099,229.51688391053065,230.1282251267758,261.4937857770238,261.4937857770238,261.4937857770238,325.7852053117207,261.4937857770238,261.4937857770238,167.1197175679758,166.89517668285083,327.26136343907143,327.5133585061837,231.13416017542713,325.72227433812384,141.1736519326464,233.32809517929897,328.7324139782994,233.32809517929897,328.64114167279786,230.95670589961227,232.2003445303215,328.7324139782994,328.57723597352265,327.55304913860897,231.1882349947765,327.63852032384716,286.28133016318054,332.6770205469563,286.28133016318054,286.28133016318054,286.28133016318054,332.9834830738606,269.2526694389491,334.58332295558307,230.44305153334523,230.44305153334523,321.3269363125351,262.85927794163933,262.85927794163933,155.8172005909489,181.27327436773464,328.29864452964165,328.29864452964165,326.5991426810548,326.63435214318775,310.6122985330748,261.9427418349285,264.5978080030143,327.72854620859624,381.5062253751569,326.51646206585053,313.673397023082,326.71088136148757,327.5179384400189,326.79657280944673,327.6751440069875,263.1501472543764,262.7489295886855,327.0580988142627,327.08867299250824,326.79657280944673,328.26970618684874
Bacteroides intestinalis_A,376.3469144286957,336.3524936729324,336.3524936729324,336.3524936729324,336.3524936729324,336.3524936729324,336.3524936729324,336.3524936729324,336.3524936729324,336.3524936729324,336.3524936729324,320.66493416025395,320.66493416025395,375.29588327078676,361.03739418514533,361.03739418514533,336.1859604445135,376.36418533117626,376.36418533117626,322.2902418628277,208.23544366893933,208.23544366893933,160.0562401157793,321.39539511324676,322.8761372415125,322.00465835139715,376.7877386540066,319.90779921721196,333.3781636520305,333.3781636520305,376.10636793332816,230.2759214507674,230.71844312928258,330.6387757054517,342.31710445141357,333.86524227598176,333.86524227598176,329.8317753037145,375.99202119193967,279.40830338413355,331.1736704510188,375.6048455491489,332.39434411554,374.2846510344767,172.33687939614086,377.4374120301272,145.19641868861643,143.21661914736012,229.841249561518,375.4850196745537,144.3294841673038,229.841249561518,0.0,144.7273298309618,228.21481108815001,145.3031314184247,143.3073619881407,136.38548309845882,0.0,375.51165095107234,375.71265616159377,375.5715644188202,144.7273298309618,375.7086637276282,145.3031314184247,147.56015722409623,144.81712605904042,145.3100134195851,138.67948658687772,375.5808834325837,139.82489048806724,140.5560386465128,318.7789202566569,318.7789202566569,318.7789202566569,373.7606185782552,318.7789202566569,318.7789202566569,246.86838598735156,246.7245427597344,375.125312395738,375.2066097498817,139.2838827718412,373.6656259277805,230.4972884873052,147.4347313220328,376.3296427336013,147.4347313220328,376.3376143836808,144.5060552364502,144.734239211045,376.3296427336013,376.18612414601364,375.3531670307312,145.3168950948237,375.5076563799998,339.94117138116707,379.85391929003447,339.94117138116707,339.94117138116707,339.94117138116707,380.132871506793,325.76371805343825,381.57174947839104,146.06505399992156,146.06505399992156,265.23197393979484,320.48712922674446,320.48712922674446,239.9124840436612,257.77315608883714,376.1475774214158,376.1475774214158,374.57976453620665,374.63982703391264,253.6631624812716,319.416655796156,320.94392033500185,375.68737002992265,336.41046357091807,374.40619652991853,362.8443192334696,374.6291499603308,375.4477327138892,374.5917778061873,375.51031943210296,320.79432663312485,319.98437461851165,374.9693320793049,375.0679938357844,374.5917778061873,376.0
Bacteroides xylanisolvens,376.2937682183961,336.2662635472075,336.2662635472075,336.2662635472075,336.2662635472075,336.2662635472075,336.2662635472075,336.2662635472075,336.2662635472075,336.2662635472075,336.2662635472075,320.6836447341835,320.6836447341835,375.4317514542424,361.3004290061112,361.3004290061112,336.09076155110245,376.2685211388271,376.2685211388271,322.2002482928901,208.05287789405847,208.05287789405847,162.91715686200763,321.7716581677137,322.78011091143765,322.09470656935673,376.7107643803134,320.2046220778207,333.4531451343652,333.4531451343652,376.0452100479409,230.0630348404541,230.3670983452281,330.46331112545613,342.133015068701,334.0209574263268,334.0209574263268,329.8620923962012,375.94414478749366,279.3617726175147,331.13441379596895,375.56757048499276,332.76718588226214,374.38082215840063,173.6663467687393,377.3473201176868,141.06735979665885,142.37626206639925,229.06985834020153,375.6660751252367,142.55875981503206,229.06985834020153,144.7273298309618,0.0,229.41229260874405,144.4056785587049,145.96917482811224,141.43196244130957,144.7273298309618,375.51697697973657,375.76322332021795,375.6620821962206,0.0,375.82043584669526,144.4056785587049,146.12323566086263,143.1432848582147,145.28936643815334,142.8355697996826,375.63945479675056,143.0419518882485,141.69685952765502,319.0987308028661,319.0987308028661,319.0987308028661,373.7338625278689,319.0987308028661,319.0987308028661,247.9435419606649,247.75592828426932,375.0746592346649,375.23059576745607,145.354738484853,373.6308338453881,231.13416017542713,146.7957765060017,376.36949929557255,146.7957765060017,376.3960679922148,147.16657229140046,145.3272169966796,376.36949929557255,376.28712441432276,375.42509239527396,145.21363572337137,375.4570548012116,339.7940552746619,379.82495968537927,339.7940552746619,339.7940552746619,339.7940552746619,380.0670993390509,325.8220373148508,381.5927148151547,144.0104162899337,144.0104162899337,266.37567456507736,320.4122344730301,320.4122344730301,240.58262613912916,257.64510474682027,375.96409403026774,375.96409403026774,374.550397143028,374.62114195544274,253.3633754116802,319.47926380283275,321.8400223713639,375.5436059900368,336.5709434874021,374.39017081114724,363.30703268723,374.7465810384399,375.4503961910281,374.7359070065211,375.3931272679349,320.3232742090403,320.2311665031997,375.0039999786669,374.97466581090515,374.7359070065211,375.98670189250043
Bacteroides eggerthii,327.7758380356917,280.88965805098627,280.88965805098627,280.88965805098627,280.88965805098627,280.88965805098627,280.88965805098627,280.88965805098627,280.88965805098627,280.88965805098627,280.88965805098627,262.1221089492453,262.1221089492453,326.623636621724,310.4416209209068,310.4416209209068,280.7863956818421,327.78956664299125,327.78956664299125,263.8579163110328,274.32827050816326,274.32827050816326,240.8318915758459,262.94295959390126,264.78859492055165,263.9109698364204,328.370217894376,261.6658174083883,277.47612509907947,277.47612509907947,327.48740433793785,137.27709204379295,134.56225325105106,274.0255462543593,288.0399277877982,278.05035515172426,278.05035515172426,273.2087114277288,327.4232734550188,331.2657543423407,274.8163022820881,326.97553425294683,276.79956647364895,325.47042876427344,248.01612850780492,329.03039373285867,229.65191050805564,228.8645887855961,135.84181977579658,327.0703288285258,227.39173247943734,135.84181977579658,228.21481108815001,229.41229260874405,0.0,231.4195324513469,231.7347621743445,228.32652057962954,228.21481108815001,327.0672713678334,327.3133055651725,327.15134112517404,229.41229260874405,327.35454785293575,231.4195324513469,229.96086623597503,228.5257097133712,231.54481207748967,228.6088362246744,326.9816508613289,226.9074701282441,229.0327487500423,260.357446599862,260.357446599862,260.357446599862,324.836882142407,260.357446599862,260.357446599862,165.26342608090877,165.0242406436097,326.41231594411386,326.5455557805067,228.83181596972042,324.6844622090808,135.9521974813206,230.91340368198638,327.9908535310093,230.91340368198638,327.9481666361317,230.21728866442677,230.08259386576813,327.9908535310093,327.7346487632945,326.65884344373717,228.54102476360782,326.77821224800164,285.25076687013484,331.8267620310333,285.25076687013484,285.25076687013484,285.25076687013484,332.20325103767425,268.3542434916951,333.95059514844405,230.65775512650774,230.65775512650774,320.6150339581723,261.83582642564403,261.83582642564403,154.29193109168088,178.09267250507529,327.4186921970094,327.4186921970094,325.73608949577573,325.75911345655396,309.77895344906824,260.13650262890826,262.8554735971842,326.80116278862903,380.8122897176508,325.65626049563366,312.80345266636687,325.9002915003299,326.8072826605919,325.95858632654546,326.77821224800164,262.31850868743516,261.01340961720723,326.1901286060018,326.25143677844545,325.95858632654546,327.41105662454345
Bacteroides fragilis,377.1790025969102,337.22396118899974,337.22396118899974,337.22396118899974,337.22396118899974,337.22396118899974,337.22396118899974,337.22396118899974,337.22396118899974,337.22396118899974,337.22396118899974,321.9767072320605,321.9767072320605,376.27649408380535,362.4486170479893,362.4486170479893,337.1171903062791,377.20949086681264,377.20949086681264,323.0944134459771,209.2390976849212,209.2390976849212,165.2785527526182,322.89007417385875,323.885782336922,323.17487526105737,377.6559280615094,321.42806349166216,334.6401051876478,334.6401051876478,376.93633414676276,231.80163933846544,232.0818821019857,331.6820766939329,343.43558347963886,335.16413889316976,335.16413889316976,330.94410404175505,376.8673506686404,280.52094395962666,332.16411606312926,376.49966799454154,333.7049595076465,375.3318531646362,175.35392781457733,378.2380202993877,144.86200329969208,144.78950238190612,232.05171837329712,376.57668541745915,146.1300790391903,232.05171837329712,145.3031314184247,144.4056785587049,231.4195324513469,0.0,147.96621235944374,143.24803663575986,145.3031314184247,376.57668541745915,376.76119757745755,376.6284641393956,144.4056785587049,376.79968152852786,0.0,150.06331996860524,146.31131193451859,138.96762212832166,143.41896666759246,376.5288833542521,146.2942240828393,142.96503068932626,320.7725050561535,320.7725050561535,320.7725050561535,374.73990980412003,320.7725050561535,320.7725050561535,248.33243847713493,248.1491486989226,376.09839138182974,376.1954279360662,147.8411309480552,374.6291499603308,232.83041038489796,150.31965939290842,377.28106233947125,150.31965939290842,377.3102171953471,149.74979131871936,149.68299836654796,377.28106233947125,377.1617690063509,376.25390363423475,146.77193192160414,376.3495715422033,340.6713959228159,380.6835956539236,340.6713959228159,340.6713959228159,340.6713959228159,380.9173138622082,326.77668215464826,382.3715470586168,148.2700239428051,148.2700239428051,267.8488379664918,321.6069029109916,321.6069029109916,241.43114960584518,259.12931134860065,376.8899043487368,376.8899043487368,375.6021831672441,375.48102482016316,254.40125785852553,320.78653338318304,322.9272363861556,376.3296427336013,337.3885001004035,375.49034608096116,364.33912773678315,375.59286468195853,376.07446071223717,375.76056206046957,376.4053665929858,321.50272160589867,321.4793928076884,375.95079465270453,375.7406020115473,375.76056206046957,376.7320002335878
Bacteroides fluxus,376.2818092866037,336.5917408374721,336.5917408374721,336.5917408374721,336.5917408374721,336.5917408374721,336.5917408374721,336.5917408374721,336.5917408374721,336.5917408374721,336.5917408374721,321.20865492698044,321.20865492698044,375.76322332021795,361.72779821296564,361.72779821296564,336.21124311956015,376.3336285797484,376.3336285797484,322.9984520086745,209.14349141199685,209.14349141199685,164.25285385648556,322.39416868175516,322.8652969893172,322.53681960359194,376.81560477241385,320.51209025557836,334.2095151248689,334.2095151248689,376.03856185237174,231.2271610343387,231.66786570433112,331.1087434665536,342.8994021575424,334.7372103606051,334.7372103606051,330.5298776207682,375.93483477858234,279.3313444638822,331.1902776350779,376.0265948041441,332.57029332157737,374.90798871189713,174.78844355391462,377.46523018683456,148.79180084937477,148.43853947004465,232.46505113672464,375.4144376552399,142.8215669988255,232.46505113672464,143.3073619881407,145.96917482811224,231.7347621743445,147.96621235944374,0.0,137.57179943578552,143.3073619881407,375.40644640176333,375.49034608096116,375.4610499106399,145.96917482811224,375.6567582248455,147.96621235944374,144.46106741956464,145.46820958546235,147.04421103872127,132.35935932150775,375.38513556079977,143.5548675594109,141.6368596093545,318.64243283028077,318.64243283028077,318.64243283028077,374.09357118239814,318.64243283028077,318.64243283028077,246.574532342657,246.40211038057285,375.0919887174345,375.24791804885473,139.27311298308803,374.20181720563573,228.24986308867744,147.6685477683044,376.4319327581017,147.6685477683044,376.3841123108147,147.74640435557137,141.2763249805147,376.4319327581017,376.16352826928875,375.9002527267041,146.48549416239138,375.59952076646744,340.56276954476397,379.9078835717943,340.56276954476397,340.56276954476397,340.56276954476397,380.23939827429774,325.73455450719376,381.82194803337325,147.45168700289597,147.45168700289597,267.22836675772277,321.003115249681,321.003115249681,240.44334051913353,258.3369892214431,376.0585060864865,376.0585060864865,375.0319986347832,375.0066666074085,254.3855341799136,320.42471814764855,321.7234837558489,375.7579007818731,337.2788164115855,375.0586620783474,363.5973047204833,374.68653565347125,375.8191054217441,375.2572450999447,375.37847567488467,321.4000622277475,320.94703612901617,375.51165095107234,375.47436663506073,375.2572450999447,376.37082777494857
Bacteroides finegoldii,375.5555884286639,335.6635219978483,335.6635219978483,335.6635219978483,335.6635219978483,335.6635219978483,335.6635219978483,335.6635219978483,335.6635219978483,335.6635219978483,335.6635219978483,319.8265154736236,319.8265154736236,374.56908575054615,360.6036605471442,360.6036605471442,335.1566797782792,375.54893156551515,375.54893156551515,321.47161616540893,206.83568357515102,206.83568357515102,158.30666442067434,320.90497035726946,322.0,321.1790777743781,376.0026595650621,319.42448246807885,332.72210626888017,332.72210626888017,375.37314768107746,229.0720410700529,229.49074055394914,329.6558811852141,341.3063140347685,333.2461552666437,333.2461552666437,328.94376419078077,375.26923668214533,278.4456859066055,330.3407331831786,374.77459892580765,332.05270665965065,373.5264381539813,171.70614432803504,376.7014733180639,143.85061696079026,142.25329521666626,229.1375132971465,374.9719989545886,139.01079094804115,229.1375132971465,136.38548309845882,141.43196244130957,228.32652057962954,143.24803663575986,137.57179943578552,0.0,136.38548309845882,374.8146208460924,375.13330963805384,374.9146569554197,141.43196244130957,375.217270391436,143.24803663575986,146.08559134972896,142.20056258679148,143.33178293735133,131.12208052040663,374.8199567792515,133.30416347586447,138.57488950022656,317.7310183158075,317.7310183158075,317.7310183158075,372.9289476562526,317.7310183158075,317.7310183158075,245.63998045920783,245.45875417267155,374.3233895978182,374.46628686705566,136.7296602789607,372.78546108988746,228.47319317591726,147.01020372749642,375.7326176950838,147.01020372749642,375.62348169410285,145.24806367039804,142.12318600425476,375.7326176950838,375.52230293286175,374.62114195544274,143.0314650697531,374.7305698765448,339.0560425652373,379.1437722025775,339.0560425652373,339.0560425652373,339.0560425652373,379.396889813293,325.02153774788525,380.9776896354956,144.10412901787373,144.10412901787373,263.9450700429921,319.4761336938958,319.4761336938958,238.56026492272346,256.5384961365448,375.3238601528019,375.3238601528019,373.8916955483232,373.76463182061514,252.3806648695577,318.7726462543485,320.98598100228617,374.8199567792515,335.769266014625,373.7311868174771,362.553444336142,373.8850090602724,374.65717662951556,373.9304748211892,374.6718564290625,319.95312156626943,319.36029809605327,374.2285397988774,374.148366293373,373.9304748211892,375.1866202305194
Bacteroides intestinalis,376.3469144286957,336.3524936729324,336.3524936729324,336.3524936729324,336.3524936729324,336.3524936729324,336.3524936729324,336.3524936729324,336.3524936729324,336.3524936729324,336.3524936729324,320.66493416025395,320.66493416025395,375.29588327078676,361.03739418514533,361.03739418514533,336.1859604445135,376.36418533117626,376.36418533117626,322.2902418628277,208.23544366893933,208.23544366893933,160.0562401157793,321.39539511324676,322.8761372415125,322.00465835139715,376.7877386540066,319.90779921721196,333.3781636520305,333.3781636520305,376.10636793332816,230.2759214507674,230.71844312928258,330.6387757054517,342.31710445141357,333.86524227598176,333.86524227598176,329.8317753037145,375.99202119193967,279.40830338413355,331.1736704510188,375.6048455491489,332.39434411554,374.2846510344767,172.33687939614086,377.4374120301272,145.19641868861643,143.21661914736012,229.841249561518,375.4850196745537,144.3294841673038,229.841249561518,0.0,144.7273298309618,228.21481108815001,145.3031314184247,143.3073619881407,136.38548309845882,0.0,375.51165095107234,375.71265616159377,375.5715644188202,144.7273298309618,375.7086637276282,145.3031314184247,147.56015722409623,144.81712605904042,145.3100134195851,138.67948658687772,375.5808834325837,139.82489048806724,140.5560386465128,318.7789202566569,318.7789202566569,318.7789202566569,373.7606185782552,318.7789202566569,318.7789202566569,246.86838598735156,246.7245427597344,375.125312395738,375.2066097498817,139.2838827718412,373.6656259277805,230.4972884873052,147.4347313220328,376.3296427336013,147.4347313220328,376.3376143836808,144.5060552364502,144.734239211045,376.3296427336013,376.18612414601364,375.3531670307312,145.3168950948237,375.5076563799998,339.94117138116707,379.85391929003447,339.94117138116707,339.94117138116707,339.94117138116707,380.132871506793,325.76371805343825,381.57174947839104,146.06505399992156,146.06505399992156,265.23197393979484,320.48712922674446,320.48712922674446,239.9124840436612,257.77315608883714,376.1475774214158,376.1475774214158,374.57976453620665,374.63982703391264,253.6631624812716,319.416655796156,320.94392033500185,375.68737002992265,336.41046357091807,374.40619652991853,362.8443192334696,374.6291499603308,375.4477327138892,374.5917778061873,375.51031943210296,320.79432663312485,319.98437461851165,374.9693320793049,375.0679938357844,374.5917778061873,376.0
Bacteroides faecis,107.79610382569493,212.235718011837,212.235718011837,212.235718011837,212.235718011837,212.235718011837,212.235718011837,212.235718011837,212.235718011837,212.235718011837,212.235718011837,231.0173153683507,231.0173153683507,106.18851161966627,141.7638882085279,141.7638882085279,211.72623833620622,108.09717850156868,108.09717850156868,233.41379565055703,403.7957404431107,403.7957404431107,365.34504239143575,232.50806437627062,233.21234958723778,232.64565330132433,109.82713690158731,230.46474784660668,208.32186635108664,208.32186635108664,107.2706856508338,326.74760901956114,327.0382240656281,215.6362678215332,189.29342302362224,209.10045432757911,209.10045432757911,214.96511344867102,107.00934538627924,285.0613968954758,216.05323418083793,106.91117808723277,218.80813513212894,102.975725294848,363.1074221218839,111.76761606118295,375.81245322634004,375.7259639684221,327.74075120436277,103.95191195932858,375.3664875824692,327.74075120436277,375.51165095107234,375.51697697973657,327.0672713678334,376.57668541745915,375.40644640176333,374.8146208460924,375.51165095107234,0.0,103.93748120865735,103.90861369491944,375.51697697973657,104.6709128650362,376.57668541745915,375.141306709885,375.47436663506073,376.3509000919222,374.7625915162825,104.57533169921098,374.74257831209945,374.9253258983714,229.30547311392286,229.30547311392286,229.30547311392286,99.34787365615834,229.30547311392286,229.30547311392286,309.9629010059107,309.80961895977345,103.18914671611545,103.435970532499,374.5437224143531,99.89494481704267,326.63129060149765,376.72801860228026,108.03240254664338,376.72801860228026,107.8563859954523,376.3416001453998,376.1502359430338,108.03240254664338,107.4569681314339,106.29675441893792,375.0733261643648,105.27582818482124,218.0940164241101,119.55751753863075,218.0940164241101,218.0940164241101,218.0940164241101,120.66482503198685,237.22773868163057,125.7457752769452,375.4117739229818,375.4117739229818,296.2144493437145,230.51897969581594,230.51897969581594,314.100302451303,298.01342251650345,107.08874824182044,107.08874824182044,103.1649165171959,103.14068062602651,428.7050267958145,229.61707253599414,232.1077336066164,105.6882207249228,361.27136615015587,103.31989159885913,146.37281168304446,102.33279044372826,106.33908030446756,104.24970023937719,104.38869670610895,231.2098613813866,230.50596521565336,104.82843125793688,104.75208828467335,104.24970023937719,108.18964830333815
Bacteroides nordii,108.62320194139004,212.68521340234258,212.68521340234258,212.68521340234258,212.68521340234258,212.68521340234258,212.68521340234258,212.68521340234258,212.68521340234258,212.68521340234258,212.68521340234258,231.52969571957718,231.52969571957718,107.18675291284833,142.28141129465928,142.28141129465928,212.22865028077618,109.30690737551767,109.30690737551767,233.80119760172317,404.0890990858328,404.0890990858328,365.56531564140494,232.93990641364996,233.71991785040487,233.20591759215716,110.59385154700057,230.86576186173644,208.77020860266438,208.77020860266438,107.83320453366856,326.9908255593725,327.32705357180606,216.03703386225243,189.77091452590938,209.45643938537674,209.45643938537674,215.35784174252862,107.99074034379059,285.403223527696,216.36080975999326,108.05091392487155,219.26696057545925,103.90861369491944,363.3813423939099,112.99115009592566,376.04255078381755,376.1050385198263,328.1112616171533,104.74254150057655,375.62614392504685,328.1112616171533,375.71265616159377,375.76322332021795,327.3133055651725,376.76119757745755,375.49034608096116,375.13330963805384,375.71265616159377,103.93748120865735,0.0,103.52777405121778,375.76322332021795,105.61723344227494,376.76119757745755,375.50499330901044,375.69402444010205,376.5806686488301,375.0039999786669,105.02856754235964,374.93332740635367,375.099986670221,229.93042425916585,229.93042425916585,229.93042425916585,100.56341282991544,229.93042425916585,229.93042425916585,310.5414626100676,310.40135308983434,104.32161808561061,104.15373253033229,374.6918734106733,100.58826969383657,326.9174207655505,376.9522516181592,108.49884792015075,376.9522516181592,108.97706180660222,376.6244814135162,376.4890436652838,108.49884792015075,108.3789647487002,107.32194556566705,375.1946161660639,106.1414151026827,218.3666641225258,120.24558203942463,218.3666641225258,218.3666641225258,218.3666641225258,121.32188590687173,237.59208741033444,126.63727729227283,375.6847082328478,375.6847082328478,296.63445518010883,230.8072789146824,230.8072789146824,314.35966662407566,298.1995975852416,107.98611021793498,107.98611021793498,104.20172743289815,104.07209039891531,428.93239560564786,230.01521688792678,232.57471917644017,106.68176976409794,361.5466774843879,104.39348638684312,146.935359937627,103.41663309158736,107.31728658515365,105.256828757093,105.4229576515476,231.75202264489516,230.82894099310857,105.65983153497832,105.77334257741882,105.256828757093,109.1512711790385
Bacteroides salyersiae,108.52188719332152,212.52058723803677,212.52058723803677,212.52058723803677,212.52058723803677,212.52058723803677,212.52058723803677,212.52058723803677,212.52058723803677,212.52058723803677,212.52058723803677,231.2920232087566,231.2920232087566,106.75673280875544,141.9718281913704,141.9718281913704,211.92687418069468,108.65541864076545,108.65541864076545,233.55299184553385,403.9282114435683,403.9282114435683,365.4011494234795,232.66929320389488,233.54014644167714,232.94849216082082,110.17713011328621,230.66642581875672,208.4106523189254,208.4106523189254,107.72186407596185,326.8439994859933,327.1620393627598,215.88886029621816,189.56529218187595,209.2223697409051,209.2223697409051,215.15343362354224,107.61970079869205,285.29458459634316,216.16197630480713,107.58717395675006,219.0616351623442,103.41663309158736,363.22720162454794,112.49444430726346,375.84039165581976,375.9614341923916,327.9801823281401,103.89898940798221,375.514313974847,327.9801823281401,375.5715644188202,375.6620821962206,327.15134112517404,376.6284641393956,375.4610499106399,374.9146569554197,375.5715644188202,103.90861369491944,103.52777405121778,0.0,375.6620821962206,105.62670116973264,376.6284641393956,375.451727922512,375.44107393837453,376.32565684523826,374.8119528510264,104.00480758118829,374.79461042016067,374.90798871189713,229.62578252452403,229.62578252452403,229.62578252452403,100.24470060806208,229.62578252452403,229.62578252452403,310.322412983658,310.20477107871824,103.53260356042439,103.56640381899915,374.5450573696041,99.84988733093293,326.6573127912492,376.7877386540066,108.11105401391663,376.7877386540066,108.03703068855604,376.4784190362045,376.31104156003715,108.11105401391663,107.81465577554843,106.51760417883985,374.99733332385176,106.08487168300671,218.26589289213283,120.03749414245534,218.26589289213283,218.26589289213283,218.26589289213283,121.1156472137271,237.53736548172796,126.3210196285638,375.53029172092096,375.53029172092096,296.48271450457275,230.58620947489467,230.58620947489467,314.25149164323784,298.0754937930993,107.81001808737442,107.81001808737442,103.82677881933928,103.73523991392703,428.8204752574205,229.83689869122406,232.34241971710634,106.40958603434186,361.40558933143245,103.99038417084533,146.77193192160414,103.01941564578979,106.78483038334612,104.63746938836012,105.31856436545269,231.4800207361318,230.5601873698059,105.44192714475585,105.18555033843765,104.63746938836012,108.64621484432857
Bacteroides sp902362375,376.2937682183961,336.2662635472075,336.2662635472075,336.2662635472075,336.2662635472075,336.2662635472075,336.2662635472075,336.2662635472075,336.2662635472075,336.2662635472075,336.2662635472075,320.6836447341835,320.6836447341835,375.4317514542424,361.3004290061112,361.3004290061112,336.09076155110245,376.2685211388271,376.2685211388271,322.2002482928901,208.05287789405847,208.05287789405847,162.91715686200763,321.7716581677137,322.78011091143765,322.09470656935673,376.7107643803134,320.2046220778207,333.4531451343652,333.4531451343652,376.0452100479409,230.0630348404541,230.3670983452281,330.46331112545613,342.133015068701,334.0209574263268,334.0209574263268,329.8620923962012,375.94414478749366,279.3617726175147,331.13441379596895,375.56757048499276,332.76718588226214,374.38082215840063,173.6663467687393,377.3473201176868,141.06735979665885,142.37626206639925,229.06985834020153,375.6660751252367,142.55875981503206,229.06985834020153,144.7273298309618,0.0,229.41229260874405,144.4056785587049,145.96917482811224,141.43196244130957,144.7273298309618,375.51697697973657,375.76322332021795,375.6620821962206,0.0,375.82043584669526,144.4056785587049,146.12323566086263,143.1432848582147,145.28936643815334,142.8355697996826,375.63945479675056,143.0419518882485,141.69685952765502,319.0987308028661,319.0987308028661,319.0987308028661,373.7338625278689,319.0987308028661,319.0987308028661,247.9435419606649,247.75592828426932,375.0746592346649,375.23059576745607,145.354738484853,373.6308338453881,231.13416017542713,146.7957765060017,376.36949929557255,146.7957765060017,376.3960679922148,147.16657229140046,145.3272169966796,376.36949929557255,376.28712441432276,375.42509239527396,145.21363572337137,375.4570548012116,339.7940552746619,379.82495968537927,339.7940552746619,339.7940552746619,339.7940552746619,380.0670993390509,325.8220373148508,381.5927148151547,144.0104162899337,144.0104162899337,266.37567456507736,320.4122344730301,320.4122344730301,240.58262613912916,257.64510474682027,375.96409403026774,375.96409403026774,374.550397143028,374.62114195544274,253.3633754116802,319.47926380283275,321.8400223713639,375.5436059900368,336.5709434874021,374.39017081114724,363.30703268723,374.7465810384399,375.4503961910281,374.7359070065211,375.3931272679349,320.3232742090403,320.2311665031997,375.0039999786669,374.97466581090515,374.7359070065211,375.98670189250043
Bacteroides oleiciplenus,108.74741376235114,212.4899997646948,212.4899997646948,212.4899997646948,212.4899997646948,212.4899997646948,212.4899997646948,212.4899997646948,212.4899997646948,212.4899997646948,212.4899997646948,231.32444747583426,231.32444747583426,107.03270528207722,142.55174499107332,142.55174499107332,212.14146223687627,108.73361945598978,108.73361945598978,233.74344910606587,404.0160887885531,404.0160887885531,365.5666833834834,232.92058732538007,233.46948408732135,233.15659973502787,110.48076755707302,231.00649341522848,208.65761428713787,208.65761428713787,108.30050784737807,327.05657003032366,327.3377460666582,216.1689154342039,190.01578881766642,209.42540438065294,209.42540438065294,215.41123461880997,108.07867504739313,285.32437680646916,216.28915830434036,107.8702924812944,219.15063312707997,103.99038417084533,363.37171051142656,112.46332735607639,376.01462737505307,376.09041466115565,327.92377162993233,104.89995233554684,375.5768895978558,327.92377162993233,375.7086637276282,375.82043584669526,327.35454785293575,376.79968152852786,375.6567582248455,375.217270391436,375.7086637276282,104.6709128650362,105.61723344227494,105.62670116973264,375.82043584669526,0.0,376.79968152852786,375.658089224763,375.71664855313503,376.6828905060595,375.0773253610514,106.21675950620975,375.0333318519835,375.2985478255944,229.82384558613583,229.82384558613583,229.82384558613583,101.20276676059801,229.82384558613583,229.82384558613583,310.8938725674728,310.7796647144082,103.96153134693621,104.95237014951115,374.91198967224295,101.24722218411723,327.01681913932197,376.93235467388575,108.44814429025514,376.93235467388575,108.41125402835262,376.5939457824568,376.4372457661436,108.44814429025514,108.50345616615168,106.86907878334125,375.41976506305576,106.09901036296239,218.52002196595166,120.29962593458053,218.52002196595166,218.52002196595166,218.52002196595166,121.37545056559007,237.44683615495913,126.26163312740731,375.8350702103251,375.8350702103251,296.6260271790053,230.96103567485144,230.96103567485144,314.3708001707538,298.35549265934424,108.40664186294121,108.40664186294121,104.31203190428226,104.1345283755585,429.01048938225273,230.156468516529,232.77886502000132,106.7707825203131,361.62549688870115,104.07209039891531,146.80258853303644,103.55674772799695,107.2100741535048,105.21406750050109,106.01414999895061,231.54697147663148,230.9653653689228,105.68348972285122,105.88200980336556,105.21406750050109,109.28403360052191
Bacteroides fragilis_A,377.1790025969102,337.22396118899974,337.22396118899974,337.22396118899974,337.22396118899974,337.22396118899974,337.22396118899974,337.22396118899974,337.22396118899974,337.22396118899974,337.22396118899974,321.9767072320605,321.9767072320605,376.27649408380535,362.4486170479893,362.4486170479893,337.1171903062791,377.20949086681264,377.20949086681264,323.0944134459771,209.2390976849212,209.2390976849212,165.2785527526182,322.89007417385875,323.885782336922,323.17487526105737,377.6559280615094,321.42806349166216,334.6401051876478,334.6401051876478,376.93633414676276,231.80163933846544,232.0818821019857,331.6820766939329,343.43558347963886,335.16413889316976,335.16413889316976,330.94410404175505,376.8673506686404,280.52094395962666,332.16411606312926,376.49966799454154,333.7049595076465,375.3318531646362,175.35392781457733,378.2380202993877,144.86200329969208,144.78950238190612,232.05171837329712,376.57668541745915,146.1300790391903,232.05171837329712,145.3031314184247,144.4056785587049,231.4195324513469,0.0,147.96621235944374,143.24803663575986,145.3031314184247,376.57668541745915,376.76119757745755,376.6284641393956,144.4056785587049,376.79968152852786,0.0,150.06331996860524,146.31131193451859,138.96762212832166,143.41896666759246,376.5288833542521,146.2942240828393,142.96503068932626,320.7725050561535,320.7725050561535,320.7725050561535,374.73990980412003,320.7725050561535,320.7725050561535,248.33243847713493,248.1491486989226,376.09839138182974,376.1954279360662,147.8411309480552,374.6291499603308,232.83041038489796,150.31965939290842,377.28106233947125,150.31965939290842,377.3102171953471,149.74979131871936,149.68299836654796,377.28106233947125,377.1617690063509,376.25390363423475,146.77193192160414,376.3495715422033,340.6713959228159,380.6835956539236,340.6713959228159,340.6713959228159,340.6713959228159,380.9173138622082,326.77668215464826,382.3715470586168,148.2700239428051,148.2700239428051,267.8488379664918,321.6069029109916,321.6069029109916,241.43114960584518,259.12931134860065,376.8899043487368,376.8899043487368,375.6021831672441,375.48102482016316,254.40125785852553,320.78653338318304,322.9272363861556,376.3296427336013,337.3885001004035,375.49034608096116,364.33912773678315,375.59286468195853,376.07446071223717,375.76056206046957,376.4053665929858,321.50272160589867,321.4793928076884,375.95079465270453,375.7406020115473,375.76056206046957,376.7320002335878
Bacteroides clarus,376.1528944458623,336.37925025185484,336.37925025185484,336.37925025185484,336.37925025185484,336.37925025185484,336.37925025185484,336.37925025185484,336.37925025185484,336.37925025185484,336.37925025185484,321.1136870331129,321.1136870331129,375.59419590829674,361.94751000663064,361.94751000663064,336.141339320233,376.2206799207082,376.2206799207082,322.7615218702502,209.17934888511343,209.17934888511343,162.76977606423128,322.24990302558666,322.7832089808886,322.3895159585684,376.74792633802247,320.80056109676616,334.00748494607126,334.00748494607126,375.8616766843888,231.00865784641059,230.06738143422243,330.9561904542654,342.7404265621434,334.4906575675919,334.4906575675919,330.33165152615936,375.77919048292176,279.08959135016124,331.1011929909042,375.844382690496,332.9053919659458,374.727901283051,174.53939383417142,377.3764698547062,148.36441621898427,148.45538050202154,232.51881644288488,375.2878894928532,142.32708807532038,232.51881644288488,147.56015722409623,146.12323566086263,229.96086623597503,150.06331996860524,144.46106741956464,146.08559134972896,147.56015722409623,375.141306709885,375.50499330901044,375.451727922512,146.12323566086263,375.658089224763,150.06331996860524,0.0,138.80201727640704,149.37536610833797,145.81495122243123,375.21060752596003,142.38328553590833,144.1665703275208,320.0562450570212,320.0562450570212,320.0562450570212,373.862274106388,320.0562450570212,320.0562450570212,246.60494723342433,246.42037253441526,375.0426642396835,375.0759923002271,142.9405470816451,373.96791306207007,229.67150454507848,142.3551895787435,376.2818092866037,142.3551895787435,376.28712441432276,146.97618854766918,144.74805698177784,376.2818092866037,376.0319135392633,375.74991683299146,144.15616532080756,375.44107393837453,340.3321906608307,379.77493334868745,340.3321906608307,340.3321906608307,340.3321906608307,380.1249794475496,325.66547253278173,381.6687045069323,147.18355886443294,147.18355886443294,267.0805122055894,320.89562165913077,320.89562165913077,241.24261646732322,257.50533975046034,375.9215343658833,375.9215343658833,374.9266594948937,374.83196235113144,254.05708020049352,320.27332077461585,322.1226474496942,375.5356174852127,337.24175304964837,374.84930305390725,363.7691575711168,374.52503254121746,375.5835459654749,375.0346650644444,375.2679043030459,321.18686149965725,320.8426405576416,375.3345174640883,375.2519153848518,375.0346650644444,376.10105025112597
Phocaeicola dorei,375.99335100504106,336.1710873944992,336.1710873944992,336.1710873944992,336.1710873944992,336.1710873944992,336.1710873944992,336.1710873944992,336.1710873944992,336.1710873944992,336.1710873944992,320.38726566453914,320.38726566453914,375.0053332954079,361.278286089823,361.278286089823,335.86157863024465,376.07446071223717,376.07446071223717,322.06986819632783,207.12315177207978,207.12315177207978,160.81044742180154,321.4109518980335,322.5445705635114,321.72814611096743,376.4770909364871,320.0859259636387,333.25815818971336,333.25815818971336,375.88030009565546,229.9891301779282,229.0349318335524,330.4179171897311,342.11547758030474,333.820310945874,333.820310945874,329.6103760502694,375.80047897787466,279.04300743792163,330.83228379346536,375.3891314356344,332.5266906580583,374.0628289472238,172.4760852988031,377.0769152308319,144.78259563911678,143.94790724425278,230.3410514867031,375.43707861637745,138.25700705570043,230.3410514867031,144.81712605904042,143.1432848582147,228.5257097133712,146.31131193451859,145.46820958546235,142.20056258679148,144.81712605904042,375.47436663506073,375.69402444010205,375.44107393837453,143.1432848582147,375.71664855313503,146.31131193451859,138.80201727640704,0.0,145.15853402401115,141.7250859939764,375.2132726863483,140.017856004154,139.96428115772966,319.2365893816058,319.2365893816058,319.2365893816058,373.6294956236726,319.2365893816058,319.2365893816058,246.88458842139175,246.70427641206385,374.88264830477283,375.0253324776874,142.34465216508838,373.451469403991,229.51906238916192,139.84634424968,376.11966180990856,139.84634424968,376.1170030721823,144.138821973818,141.88727920430358,376.11966180990856,376.0265948041441,375.1293110382072,141.3470905254155,375.30254462233535,339.6674844609063,379.59056890286405,339.6674844609063,339.6674844609063,339.6674844609063,379.89867070049087,325.4811822517548,381.3541660976054,145.84580899017976,145.84580899017976,266.15409070686854,320.1468413087969,320.1468413087969,240.22073182804186,256.6300839730214,375.84970400414045,375.84970400414045,374.3981837562784,374.38082215840063,253.0987949398416,319.4542220725843,321.68462816864593,375.3758116874341,336.34506091215314,374.3233895978182,363.1253227193058,374.3888353036185,375.0773253610514,374.48497967208243,375.27589850668534,320.47620816528644,320.00312498474136,374.84930305390725,374.670521925598,374.48497967208243,375.78451271972347
Phocaeicola vulgatus,376.98541085829834,337.1290554075694,337.1290554075694,337.1290554075694,337.1290554075694,337.1290554075694,337.1290554075694,337.1290554075694,337.1290554075694,337.1290554075694,337.1290554075694,321.68773678833327,321.68773678833327,376.10902674623486,362.38239471585814,362.38239471585814,336.9540027956338,377.0185671820421,377.0185671820421,322.8745886563388,208.9904304029254,208.9904304029254,164.872678148928,322.61122113156574,323.6325076379071,322.9086558146127,377.3989931094146,321.3129315791694,334.430859820083,334.430859820083,376.7187279655738,231.54265265820897,231.83183560503505,331.48001448051133,343.2695733676377,335.0029850613275,335.0029850613275,330.7718246767702,376.60191183795126,280.26772914483035,331.9171583392459,376.27649408380535,333.45014619879834,375.1932835219735,174.95427974188,378.0370352227411,145.11030287336595,145.1895313030523,232.24555969921147,376.2977544445356,146.21217459568817,232.24555969921147,145.3100134195851,145.28936643815334,231.54481207748967,138.96762212832166,147.04421103872127,143.33178293735133,145.3100134195851,376.3509000919222,376.5806686488301,376.32565684523826,145.28936643815334,376.6828905060595,138.96762212832166,149.37536610833797,145.15853402401115,0.0,143.03496076134672,376.1170030721823,146.21901381147393,142.10911300827965,320.60411725366225,320.60411725366225,320.60411725366225,374.49432572470306,320.60411725366225,320.60411725366225,247.780144482967,247.58029000710053,375.88562090082667,375.94547476994586,147.23790272888297,374.4769685841841,232.36178687555318,149.58609561052123,377.137905811654,149.58609561052123,377.12729946266154,149.42891286494725,149.02013286801215,377.137905811654,376.8806177027415,375.92951466997107,146.2668793678186,376.2645346029838,340.6097473649279,380.51543989699024,340.6097473649279,340.6097473649279,340.6097473649279,380.81754161277814,326.55627386409225,382.19628464965484,147.53304714537688,147.53304714537688,267.61726401710337,321.44828510975134,321.44828510975134,241.26541401535363,258.9440093919919,376.69616403674723,376.69616403674723,375.4131057914734,375.4011188049391,254.14562754452416,320.6524598377502,322.67630839589077,376.23131182824216,337.25213120156855,375.43707861637745,364.2842296888516,375.27589850668534,375.9122237969923,375.5715644188202,376.17682012585516,321.2475680841802,321.23978582983773,375.94547476994586,375.64744109337414,375.5715644188202,376.575357664306
Phocaeicola plebeius,375.41044204976504,335.47429111632385,335.47429111632385,335.47429111632385,335.47429111632385,335.47429111632385,335.47429111632385,335.47429111632385,335.47429111632385,335.47429111632385,335.47429111632385,319.6372944448129,319.6372944448129,374.3861642742691,360.0805465447974,360.0805465447974,334.8984920837954,375.39046338446053,375.39046338446053,321.2740263388872,206.5720213388057,206.5720213388057,160.75447116643443,320.8192637607661,321.8741990281296,321.06229925047256,375.91355389238095,318.7114682593019,332.50413531263035,332.50413531263035,375.2199355044985,228.7859261405736,229.27930565142594,329.51176003293114,341.2110783664563,332.9954954650288,332.9954954650288,328.75370720343216,375.1213137106448,278.1204774913203,330.1151314314447,374.6852012022893,331.5147055561789,373.38318119593976,171.4584497771982,376.554112977139,143.96527359054335,143.02796929272262,229.41011311622685,374.86397532971876,139.36642350293704,229.41011311622685,138.67948658687772,142.8355697996826,228.6088362246744,143.41896666759246,132.35935932150775,131.12208052040663,138.67948658687772,374.7625915162825,375.0039999786669,374.8119528510264,142.8355697996826,375.0773253610514,143.41896666759246,145.81495122243123,141.7250859939764,143.03496076134672,0.0,374.69053897850154,136.48076787591722,136.77719108096935,316.5564720551453,316.5564720551453,316.5564720551453,372.7666830605976,316.5564720551453,316.5564720551453,245.42615997484864,245.27739398485136,374.1750927039372,374.32071810146977,137.37539808859518,372.6258176777342,226.79726629745784,145.19297503667318,375.5209714516621,145.19297503667318,375.5209714516621,141.6403897198818,139.05394636614957,375.5209714516621,375.36115941849926,374.42756308797567,142.4956139675885,374.5130171302461,338.9660749986641,379.01846920697676,338.9660749986641,338.9660749986641,338.9660749986641,379.3270356829315,324.89382881181353,380.86611820953567,143.7045580348793,143.7045580348793,265.3073689138694,319.3180232933932,319.3180232933932,238.46173697262208,256.3181616663166,375.18395488080245,375.18395488080245,373.72182168024386,373.60540681312415,252.20031720836514,318.6392945008509,320.3576126768334,374.7092205964513,335.6456464785444,373.5746244058876,362.0193365001378,373.7151321528204,374.4903203021408,373.7820220395839,374.5076768238536,319.73270086120374,319.26164818217677,374.0347577431809,374.00802130435653,373.7820220395839,375.0439974189695
Phocaeicola massiliensis,107.78682665335315,212.14617602021488,212.14617602021488,212.14617602021488,212.14617602021488,212.14617602021488,212.14617602021488,212.14617602021488,212.14617602021488,212.14617602021488,212.14617602021488,231.0173153683507,231.0173153683507,106.19792841670689,141.55917490576158,141.55917490576158,211.57977219006546,108.06016842481785,108.06016842481785,233.31952340085044,403.731346318316,403.731346318316,365.14517660788016,232.47795594421422,233.28094650013747,232.7616806950835,109.62663909835054,230.35190470234883,208.07210288743659,208.07210288743659,106.95326081985533,326.674149574159,326.9954128118619,215.626992744415,189.24058761270004,208.8276801575883,208.8276801575883,214.80689001985016,106.82228231974825,285.0613968954758,215.79388313851715,106.90182411914213,218.73957117997648,102.6352765865616,363.0413199623426,112.0267825120404,375.8284182974992,375.877639664825,327.9420680547099,104.36474500519799,375.3052091298494,327.9420680547099,375.5808834325837,375.63945479675056,326.9816508613289,376.5288833542521,375.38513556079977,374.8199567792515,375.5808834325837,104.57533169921098,105.02856754235964,104.00480758118829,375.63945479675056,106.21675950620975,376.5288833542521,375.21060752596003,375.2132726863483,376.1170030721823,374.69053897850154,0.0,374.7025486969631,374.7038830863646,229.42754847663784,229.42754847663784,229.42754847663784,99.52889027814989,229.42754847663784,229.42754847663784,310.16286044592766,310.01935423453807,103.41179816636011,103.40696301506973,374.58910822393113,99.25220400575496,326.39240187234753,376.6722713447328,107.81929326423912,376.6722713447328,107.87492757819122,376.3229995628755,376.1502359430338,107.81929326423912,107.14009520249644,106.21205204683694,375.01466637986306,105.43718509140881,218.1719505344351,120.0,218.1719505344351,218.1719505344351,218.1719505344351,120.96280420029953,237.36259182946247,126.02380727465743,375.37447968661905,375.37447968661905,296.2043213729334,230.3584163862914,230.3584163862914,314.07483184744365,297.9093821953246,107.02336193560731,107.02336193560731,103.20368210485515,103.07278981380101,428.73301715636507,229.604006933677,232.1938845017241,105.77334257741882,361.2769021124932,103.25211862233142,146.37281168304446,102.11757928975794,105.97169433391164,103.98076745244767,104.63746938836012,231.1319969195092,230.24552112907648,104.86658190291128,104.46530524533014,103.98076745244767,108.04165863221463
Phocaeicola coprocola,375.36115941849926,335.43404716873926,335.43404716873926,335.43404716873926,335.43404716873926,335.43404716873926,335.43404716873926,335.43404716873926,335.43404716873926,335.43404716873926,335.43404716873926,319.5637651549374,319.5637651549374,374.33407539255626,360.3456673806416,360.3456673806416,334.9238719470441,375.4237605693065,375.4237605693065,321.2818077638384,206.96134904856027,206.96134904856027,155.6502489557919,320.89562165913077,321.9254572102057,321.08565835303204,375.9122237969923,319.1958646348665,332.5146613308953,332.5146613308953,375.1892855613017,228.78811157925142,227.78059618852524,329.46471738260533,341.098226321979,333.0450419988263,333.0450419988263,328.7947688148338,375.0933217214084,278.18698747425265,330.1681389837608,374.65450751325545,332.0496950759028,373.32559515789967,171.56048496084406,376.5687188283169,143.96874660842192,143.33875958721003,229.51688391053065,374.82796053656404,132.55187663703597,229.51688391053065,139.82489048806724,143.0419518882485,226.9074701282441,146.2942240828393,143.5548675594109,133.30416347586447,139.82489048806724,374.74257831209945,374.93332740635367,374.79461042016067,143.0419518882485,375.0333318519835,146.2942240828393,142.38328553590833,140.017856004154,146.21901381147393,136.48076787591722,374.7025486969631,0.0,140.06070112633307,317.19867591148613,317.19867591148613,317.19867591148613,372.67948695896854,317.19867591148613,317.19867591148613,246.50557803019387,246.35340468522045,374.09357118239814,374.22319543288603,128.47178678604885,372.57348268495974,224.73539997072112,144.58907289280197,375.56224517381935,144.58907289280197,375.55425706547385,143.17471843869643,136.63454907160195,375.56224517381935,375.29588327078676,374.4422518893935,140.53469322555196,374.4556048452206,338.9586995490749,378.92215559399534,338.9586995490749,338.9586995490749,338.9586995490749,379.30199050360915,324.8922898438804,380.7807768257216,143.9930553880985,143.9930553880985,263.66835229128276,319.15983456569217,319.15983456569217,239.17148659486983,255.46819762937224,375.05999520076784,375.05999520076784,373.4260301585844,373.5317924889393,252.24591176072607,318.6220331364421,320.8582241426889,374.65450751325545,335.82584772468005,373.5117133370786,362.3409996122437,373.7191458836435,374.49699598261134,373.7566052928028,374.46628686705566,319.81869864033905,319.15983456569217,373.9237890265876,373.97192407986995,373.7566052928028,375.0293321861638
Phocaeicola coprophilus,375.4477327138892,335.59052430007614,335.59052430007614,335.59052430007614,335.59052430007614,335.59052430007614,335.59052430007614,335.59052430007614,335.59052430007614,335.59052430007614,335.59052430007614,319.7655391063896,319.7655391063896,374.410202852433,360.44694477828494,360.44694477828494,335.21783962074574,375.51031943210296,375.51031943210296,321.36116753584275,206.2183309019836,206.2183309019836,160.73580808270447,320.93768865622496,322.02329108311403,321.02803615883766,376.00132978488256,319.21936031512877,332.54924447365687,332.54924447365687,375.2572450999447,228.83837090837716,229.43626565998673,329.51176003293114,341.2198704647782,333.08857680803163,333.08857680803163,328.8449482658963,375.15330199799655,278.2247293106779,330.18782533582305,374.70655185091175,332.060235499525,373.3912157509868,171.68575945604806,376.68687261437714,143.9096939055879,143.3073619881407,230.1282251267758,374.95733090579785,140.3744991086344,230.1282251267758,140.5560386465128,141.69685952765502,229.0327487500423,142.96503068932626,141.6368596093545,138.57488950022656,140.5560386465128,374.9253258983714,375.099986670221,374.90798871189713,141.69685952765502,375.2985478255944,142.96503068932626,144.1665703275208,139.96428115772966,142.10911300827965,136.77719108096935,374.7038830863646,140.06070112633307,0.0,318.26718335386073,318.26718335386073,318.26718335386073,372.6593618842817,318.26718335386073,318.26718335386073,245.49949083450255,245.3548450713782,374.31403927718236,374.3794866175229,143.17821063276352,372.6231340107589,229.8499510550307,145.46820958546235,375.709994543664,145.46820958546235,375.71265616159377,145.00344823486094,142.70949512909084,375.709994543664,375.29721555055534,374.4435872064042,141.81325749026428,374.55306700119274,339.1695741071124,379.14772846477666,339.1695741071124,339.1695741071124,339.1695741071124,379.4614604936844,325.05076526598117,380.9973753190434,143.44685427014426,143.44685427014426,265.2583646183471,319.28044099192795,319.28044099192795,238.47012391492567,256.2557316432161,375.1786241245628,375.1786241245628,373.7084425056517,373.6294956236726,252.35887145095572,318.73343094190795,320.928340911176,374.75458636286226,335.63670836188345,373.6013918603623,362.41412775994263,373.6669640201017,374.458275379247,373.72851108792867,374.47296297596705,319.8265154736236,319.2240592436604,374.07218554712136,373.98663077709074,373.72851108792867,374.9853330465073
Prevotella sp900313215,230.01086930838724,156.6301375853319,156.6301375853319,156.6301375853319,156.6301375853319,156.6301375853319,156.6301375853319,156.6301375853319,156.6301375853319,156.6301375853319,156.6301375853319,118.75184209097559,118.75184209097559,228.47538160598398,202.83983829612959,202.83983829612959,154.32757368662283,230.06955470031232,230.06955470031232,123.46254492760143,351.8664519388002,351.8664519388002,327.0504548231052,122.62544597268545,125.1119498689074,123.07314898059609,231.0605981122701,114.24972647669665,149.9966666296288,149.9966666296288,229.74768769239006,259.7325547558488,260.13265846486865,143.38758663147937,168.37161280928564,151.4859729479928,151.4859729479928,142.0176045425355,229.46895214821546,235.85376825482354,145.12063946937388,228.74658467395747,146.5537444079816,226.82812876713504,332.46052397239583,232.04525420701884,319.753029696358,319.3540355154448,261.4937857770238,229.42754847663784,318.26247029770883,261.4937857770238,318.7789202566569,319.0987308028661,260.357446599862,320.7725050561535,318.64243283028077,317.7310183158075,318.7789202566569,229.30547311392286,229.93042425916585,229.62578252452403,319.0987308028661,229.82384558613583,320.7725050561535,320.0562450570212,319.2365893816058,320.60411725366225,316.5564720551453,229.42754847663784,317.19867591148613,318.26718335386073,0.0,0.0,0.0,225.47505405254924,0.0,0.0,275.7680184502909,275.62111675269006,228.1381160613018,228.53446129632178,317.2696014433151,225.73878709694532,258.005813887982,320.30142054009065,230.83327316485378,320.30142054009065,230.53850003849684,319.64042297556796,318.3174516108094,230.83327316485378,230.026085477278,228.77499863402906,318.6361561405108,228.6088362246744,164.76650144977893,236.00635584661697,164.76650144977893,164.76650144977893,164.76650144977893,236.64952989600465,132.89845747788047,239.0878499631464,319.22875810302554,319.22875810302554,220.22261464254754,117.99152511939153,117.99152511939153,268.9498094440671,284.1953553455791,229.62795997003502,229.62795997003502,226.79947089885374,227.11450856341168,380.43790557724395,116.40876255677662,119.41105476462387,228.96506283710622,302.3706334947228,226.49061790723252,206.3249863685928,227.24656213021134,228.63726730347352,227.39613013417795,228.4994529533933,118.536914081648,117.83887304281215,227.65763769309387,227.8113254427883,227.39613013417795,229.5735176365079
Prevotella sp900551275,230.01086930838724,156.6301375853319,156.6301375853319,156.6301375853319,156.6301375853319,156.6301375853319,156.6301375853319,156.6301375853319,156.6301375853319,156.6301375853319,156.6301375853319,118.75184209097559,118.75184209097559,228.47538160598398,202.83983829612959,202.83983829612959,154.32757368662283,230.06955470031232,230.06955470031232,123.46254492760143,351.8664519388002,351.8664519388002,327.0504548231052,122.62544597268545,125.1119498689074,123.07314898059609,231.0605981122701,114.24972647669665,149.9966666296288,149.9966666296288,229.74768769239006,259.7325547558488,260.13265846486865,143.38758663147937,168.37161280928564,151.4859729479928,151.4859729479928,142.0176045425355,229.46895214821546,235.85376825482354,145.12063946937388,228.74658467395747,146.5537444079816,226.82812876713504,332.46052397239583,232.04525420701884,319.753029696358,319.3540355154448,261.4937857770238,229.42754847663784,318.26247029770883,261.4937857770238,318.7789202566569,319.0987308028661,260.357446599862,320.7725050561535,318.64243283028077,317.7310183158075,318.7789202566569,229.30547311392286,229.93042425916585,229.62578252452403,319.0987308028661,229.82384558613583,320.7725050561535,320.0562450570212,319.2365893816058,320.60411725366225,316.5564720551453,229.42754847663784,317.19867591148613,318.26718335386073,0.0,0.0,0.0,225.47505405254924,0.0,0.0,275.7680184502909,275.62111675269006,228.1381160613018,228.53446129632178,317.2696014433151,225.73878709694532,258.005813887982,320.30142054009065,230.83327316485378,320.30142054009065,230.53850003849684,319.64042297556796,318.3174516108094,230.83327316485378,230.026085477278,228.77499863402906,318.6361561405108,228.6088362246744,164.76650144977893,236.00635584661697,164.76650144977893,164.76650144977893,164.76650144977893,236.64952989600465,132.89845747788047,239.0878499631464,319.22875810302554,319.22875810302554,220.22261464254754,117.99152511939153,117.99152511939153,268.9498094440671,284.1953553455791,229.62795997003502,229.62795997003502,226.79947089885374,227.11450856341168,380.43790557724395,116.40876255677662,119.41105476462387,228.96506283710622,302.3706334947228,226.49061790723252,206.3249863685928,227.24656213021134,228.63726730347352,227.39613013417795,228.4994529533933,118.536914081648,117.83887304281215,227.65763769309387,227.8113254427883,227.39613013417795,229.5735176365079
Prevotella copri_A,230.01086930838724,156.6301375853319,156.6301375853319,156.6301375853319,156.6301375853319,156.6301375853319,156.6301375853319,156.6301375853319,156.6301375853319,156.6301375853319,156.6301375853319,118.75184209097559,118.75184209097559,228.47538160598398,202.83983829612959,202.83983829612959,154.32757368662283,230.06955470031232,230.06955470031232,123.46254492760143,351.8664519388002,351.8664519388002,327.0504548231052,122.62544597268545,125.1119498689074,123.07314898059609,231.0605981122701,114.24972647669665,149.9966666296288,149.9966666296288,229.74768769239006,259.7325547558488,260.13265846486865,143.38758663147937,168.37161280928564,151.4859729479928,151.4859729479928,142.0176045425355,229.46895214821546,235.85376825482354,145.12063946937388,228.74658467395747,146.5537444079816,226.82812876713504,332.46052397239583,232.04525420701884,319.753029696358,319.3540355154448,261.4937857770238,229.42754847663784,318.26247029770883,261.4937857770238,318.7789202566569,319.0987308028661,260.357446599862,320.7725050561535,318.64243283028077,317.7310183158075,318.7789202566569,229.30547311392286,229.93042425916585,229.62578252452403,319.0987308028661,229.82384558613583,320.7725050561535,320.0562450570212,319.2365893816058,320.60411725366225,316.5564720551453,229.42754847663784,317.19867591148613,318.26718335386073,0.0,0.0,0.0,225.47505405254924,0.0,0.0,275.7680184502909,275.62111675269006,228.1381160613018,228.53446129632178,317.2696014433151,225.73878709694532,258.005813887982,320.30142054009065,230.83327316485378,320.30142054009065,230.53850003849684,319.64042297556796,318.3174516108094,230.83327316485378,230.026085477278,228.77499863402906,318.6361561405108,228.6088362246744,164.76650144977893,236.00635584661697,164.76650144977893,164.76650144977893,164.76650144977893,236.64952989600465,132.89845747788047,239.0878499631464,319.22875810302554,319.22875810302554,220.22261464254754,117.99152511939153,117.99152511939153,268.9498094440671,284.1953553455791,229.62795997003502,229.62795997003502,226.79947089885374,227.11450856341168,380.43790557724395,116.40876255677662,119.41105476462387,228.96506283710622,302.3706334947228,226.49061790723252,206.3249863685928,227.24656213021134,228.63726730347352,227.39613013417795,228.4994529533933,118.536914081648,117.83887304281215,227.65763769309387,227.8113254427883,227.39613013417795,229.5735176365079
Prevotella stercorea,100.44899203078147,208.5665361461421,208.5665361461421,208.5665361461421,208.5665361461421,208.5665361461421,208.5665361461421,208.5665361461421,208.5665361461421,208.5665361461421,208.5665361461421,227.1277173750487,227.1277173750487,97.16995420396162,134.92590559266222,134.92590559266222,208.29786364722995,100.93066927351666,100.93066927351666,229.5952961190625,401.68271060626944,401.68271060626944,362.81538004886175,229.0589443789524,230.18253626198492,229.0589443789524,103.14068062602651,226.57449106199047,203.9607805437114,203.9607805437114,100.33444074693395,323.93826572357887,324.39790381566894,211.15160430363773,184.33664855367203,204.79990234372673,204.79990234372673,210.6276335146934,99.20181449953424,282.4216705566342,212.46411461703363,97.61147473529944,215.3671284109996,93.41306118525397,360.7533783625595,105.48933595392475,374.04144155427485,373.89838191679837,325.7852053117207,99.44847912361456,373.40058918003865,325.7852053117207,373.7606185782552,373.7338625278689,324.836882142407,374.73990980412003,374.09357118239814,372.9289476562526,373.7606185782552,99.34787365615834,100.56341282991544,100.24470060806208,373.7338625278689,101.20276676059801,374.73990980412003,373.862274106388,373.6294956236726,374.49432572470306,372.7666830605976,99.52889027814989,372.67948695896854,372.6593618842817,225.47505405254924,225.47505405254924,225.47505405254924,0.0,225.47505405254924,225.47505405254924,308.3812575368354,308.188254156449,96.81941953967706,96.86588666811448,372.7800960351826,88.62843787408192,324.69062197729085,374.88398205311466,103.30053242844394,374.88398205311466,102.44510725261603,374.40753197551993,374.2606043921802,103.30053242844394,99.96499387285532,98.2598595561789,372.65533673892287,97.17509969122749,214.75800334329801,114.47270417003348,214.75800334329801,214.75800334329801,214.75800334329801,115.61141812122192,234.59965899378454,120.8056290079233,373.04691393978857,373.04691393978857,293.2695006303929,226.64730309447762,226.64730309447762,311.1028768751585,294.84911395491764,99.65942002640794,99.65942002640794,94.30270409696638,93.05912099305473,426.75988564999875,225.87164496678196,228.79685312521238,97.91833331914918,358.84397723801914,94.17536832951598,140.40299142112323,92.94084139924708,97.51922887307919,95.15250916292223,96.70056876771719,227.33235581412515,226.5060705588263,95.93226777263216,95.65040512198576,95.15250916292223,98.66610360199697
Prevotella sp015074785,230.01086930838724,156.6301375853319,156.6301375853319,156.6301375853319,156.6301375853319,156.6301375853319,156.6301375853319,156.6301375853319,156.6301375853319,156.6301375853319,156.6301375853319,118.75184209097559,118.75184209097559,228.47538160598398,202.83983829612959,202.83983829612959,154.32757368662283,230.06955470031232,230.06955470031232,123.46254492760143,351.8664519388002,351.8664519388002,327.0504548231052,122.62544597268545,125.1119498689074,123.07314898059609,231.0605981122701,114.24972647669665,149.9966666296288,149.9966666296288,229.74768769239006,259.7325547558488,260.13265846486865,143.38758663147937,168.37161280928564,151.4859729479928,151.4859729479928,142.0176045425355,229.46895214821546,235.85376825482354,145.12063946937388,228.74658467395747,146.5537444079816,226.82812876713504,332.46052397239583,232.04525420701884,319.753029696358,319.3540355154448,261.4937857770238,229.42754847663784,318.26247029770883,261.4937857770238,318.7789202566569,319.0987308028661,260.357446599862,320.7725050561535,318.64243283028077,317.7310183158075,318.7789202566569,229.30547311392286,229.93042425916585,229.62578252452403,319.0987308028661,229.82384558613583,320.7725050561535,320.0562450570212,319.2365893816058,320.60411725366225,316.5564720551453,229.42754847663784,317.19867591148613,318.26718335386073,0.0,0.0,0.0,225.47505405254924,0.0,0.0,275.7680184502909,275.62111675269006,228.1381160613018,228.53446129632178,317.2696014433151,225.73878709694532,258.005813887982,320.30142054009065,230.83327316485378,320.30142054009065,230.53850003849684,319.64042297556796,318.3174516108094,230.83327316485378,230.026085477278,228.77499863402906,318.6361561405108,228.6088362246744,164.76650144977893,236.00635584661697,164.76650144977893,164.76650144977893,164.76650144977893,236.64952989600465,132.89845747788047,239.0878499631464,319.22875810302554,319.22875810302554,220.22261464254754,117.99152511939153,117.99152511939153,268.9498094440671,284.1953553455791,229.62795997003502,229.62795997003502,226.79947089885374,227.11450856341168,380.43790557724395,116.40876255677662,119.41105476462387,228.96506283710622,302.3706334947228,226.49061790723252,206.3249863685928,227.24656213021134,228.63726730347352,227.39613013417795,228.4994529533933,118.536914081648,117.83887304281215,227.65763769309387,227.8113254427883,227.39613013417795,229.5735176365079
Prevotella copri,230.01086930838724,156.6301375853319,156.6301375853319,156.6301375853319,156.6301375853319,156.6301375853319,156.6301375853319,156.6301375853319,156.6301375853319,156.6301375853319,156.6301375853319,118.75184209097559,118.75184209097559,228.47538160598398,202.83983829612959,202.83983829612959,154.32757368662283,230.06955470031232,230.06955470031232,123.46254492760143,351.8664519388002,351.8664519388002,327.0504548231052,122.62544597268545,125.1119498689074,123.07314898059609,231.0605981122701,114.24972647669665,149.9966666296288,149.9966666296288,229.74768769239006,259.7325547558488,260.13265846486865,143.38758663147937,168.37161280928564,151.4859729479928,151.4859729479928,142.0176045425355,229.46895214821546,235.85376825482354,145.12063946937388,228.74658467395747,146.5537444079816,226.82812876713504,332.46052397239583,232.04525420701884,319.753029696358,319.3540355154448,261.4937857770238,229.42754847663784,318.26247029770883,261.4937857770238,318.7789202566569,319.0987308028661,260.357446599862,320.7725050561535,318.64243283028077,317.7310183158075,318.7789202566569,229.30547311392286,229.93042425916585,229.62578252452403,319.0987308028661,229.82384558613583,320.7725050561535,320.0562450570212,319.2365893816058,320.60411725366225,316.5564720551453,229.42754847663784,317.19867591148613,318.26718335386073,0.0,0.0,0.0,225.47505405254924,0.0,0.0,275.7680184502909,275.62111675269006,228.1381160613018,228.53446129632178,317.2696014433151,225.73878709694532,258.005813887982,320.30142054009065,230.83327316485378,320.30142054009065,230.53850003849684,319.64042297556796,318.3174516108094,230.83327316485378,230.026085477278,228.77499863402906,318.6361561405108,228.6088362246744,164.76650144977893,236.00635584661697,164.76650144977893,164.76650144977893,164.76650144977893,236.64952989600465,132.89845747788047,239.0878499631464,319.22875810302554,319.22875810302554,220.22261464254754,117.99152511939153,117.99152511939153,268.9498094440671,284.1953553455791,229.62795997003502,229.62795997003502,226.79947089885374,227.11450856341168,380.43790557724395,116.40876255677662,119.41105476462387,228.96506283710622,302.3706334947228,226.49061790723252,206.3249863685928,227.24656213021134,228.63726730347352,227.39613013417795,228.4994529533933,118.536914081648,117.83887304281215,227.65763769309387,227.8113254427883,227.39613013417795,229.5735176365079
Paraprevotella clara,311.25712843242644,262.06296953213365,262.06296953213365,262.06296953213365,262.06296953213365,262.06296953213365,262.06296953213365,262.06296953213365,262.06296953213365,262.06296953213365,262.06296953213365,277.13895431714394,277.13895431714394,310.7104761671225,323.3852192045889,323.3852192045889,261.5702582481426,311.26837295170225,311.26837295170225,279.06092524751654,288.7351727794866,288.7351727794866,257.88757240316954,278.4007902287635,279.06092524751654,278.6413465370852,311.8926097232828,276.544752255399,258.7334535772288,258.7334535772288,310.95337271044355,164.3319810627256,164.84234892769516,288.2151973786254,269.76100533620496,259.46483384073457,259.46483384073457,287.6925442203882,310.90191379275876,342.70249488441135,288.50996516585,310.9292524031793,290.77482697097423,309.4656685320684,228.23671921932282,312.75069943966554,248.1612379079376,248.35659846277488,167.1197175679758,310.42712510346126,247.574231292354,167.1197175679758,246.86838598735156,247.9435419606649,165.26342608090877,248.33243847713493,246.574532342657,245.63998045920783,246.86838598735156,309.9629010059107,310.5414626100676,310.322412983658,247.9435419606649,310.8938725674728,248.33243847713493,246.60494723342433,246.88458842139175,247.780144482967,245.42615997484864,310.16286044592766,246.50557803019387,245.49949083450255,275.7680184502909,275.7680184502909,275.7680184502909,308.3812575368354,275.7680184502909,275.7680184502909,0.0,117.13667231059623,309.7563558669943,309.6643344009768,246.12192100664257,308.4444844700582,164.0762018087937,248.93573467865156,311.53811965793204,248.93573467865156,311.4707048824977,249.20272871700263,248.91765706755317,311.53811965793204,311.1623370525424,310.81505755030594,246.74886017973822,310.3546358603332,266.9906365399356,315.7388161123051,266.9906365399356,266.9906365399356,266.9906365399356,316.1534437579322,282.51017680784526,318.15247916682966,247.46110805538717,247.46110805538717,332.87234790531943,276.5610240073608,276.5610240073608,177.03671935505358,148.08443537387717,311.02572240893517,311.02572240893517,309.76765486409323,309.64011368038217,322.5445705635114,275.88584595807015,277.9874097868463,310.530191768852,391.41793520481406,309.7773393907308,325.71766915535915,309.2490905402957,310.6621959621093,309.9403168353546,310.02903089872086,277.2056997971001,276.60441066620757,310.2934095336219,310.1870403482389,309.9403168353546,311.26516027335924
Paraprevotella xylaniphila,311.0659094147091,261.88165266012817,261.88165266012817,261.88165266012817,261.88165266012817,261.88165266012817,261.88165266012817,261.88165266012817,261.88165266012817,261.88165266012817,261.88165266012817,276.916955060538,276.916955060538,310.51247962038497,323.2011757404357,323.2011757404357,261.3962509295036,311.1414469337057,311.1414469337057,278.8799024669938,288.54289109246827,288.54289109246827,257.66839154230775,278.1797979724624,278.86197302608326,278.43850308461293,311.7242371070944,276.33675108461415,258.5227262737263,258.5227262737263,310.79092650848094,163.97560794215707,164.46884203398528,288.0572859693016,269.58486604407153,259.25084377876186,259.25084377876186,287.509999826093,310.749094930299,342.55510505610624,288.3140648667699,310.74748591098853,290.6011011679068,309.2668750448389,227.96710288986873,312.60838120562283,248.02217642783478,248.14108889903744,166.89517668285083,310.33208019797115,247.4227152061831,166.89517668285083,246.7245427597344,247.75592828426932,165.0242406436097,248.1491486989226,246.40211038057285,245.45875417267155,246.7245427597344,309.80961895977345,310.40135308983434,310.20477107871824,247.75592828426932,310.7796647144082,248.1491486989226,246.42037253441526,246.70427641206385,247.58029000710053,245.27739398485136,310.01935423453807,246.35340468522045,245.3548450713782,275.62111675269006,275.62111675269006,275.62111675269006,308.188254156449,275.62111675269006,275.62111675269006,117.13667231059623,0.0,309.625580338576,309.57551582772174,245.92071893193545,308.24178821178674,163.79865689315037,248.801125399384,311.38240155795575,248.801125399384,311.31816522650905,249.02409521971964,248.73881884418444,311.38240155795575,311.0160767548842,310.65253902068787,246.58061562093644,310.1660845418145,266.82016415556,315.59467676119,266.82016415556,266.82016415556,266.82016415556,316.0126579743286,282.3596996740151,318.02830062747563,247.22054930769812,247.22054930769812,332.7596730374641,276.4253968071675,276.4253968071675,176.76255259528247,147.83098457360012,310.8858311341963,310.8858311341963,309.62073573971105,309.4769781421552,322.40347392669327,275.70999256465115,277.84528068693197,310.3868553917836,391.3042294685811,309.6045865293342,325.5564467185376,309.0825132549559,310.5157000861631,309.7870236146117,309.8596456462183,277.0559510279467,276.4290143961013,310.1015962551628,310.0306436467208,309.7870236146117,311.09966248776294
Alistipes onderdonkii,104.8713497576912,210.56590417254168,210.56590417254168,210.56590417254168,210.56590417254168,210.56590417254168,210.56590417254168,210.56590417254168,210.56590417254168,210.56590417254168,210.56590417254168,229.54084603834673,229.54084603834673,103.0824912388132,139.37359864766353,139.37359864766353,210.28552018624583,104.9047186736612,104.9047186736612,232.0818821019857,403.0223318874526,403.0223318874526,364.3912732215194,231.29634670698974,231.91377708105225,231.49082055234933,107.060730429042,229.02401620790778,206.66881719311212,206.66881719311212,104.5609869884557,325.7759966602819,326.1042778008286,214.03504385964462,187.52066552782924,207.56926554767207,207.56926554767207,213.50878202078715,104.20652570736632,283.92604670935,214.478437144623,103.6822067666386,217.34994824015948,99.92997548283498,362.2305895420761,109.288608738514,375.2878894928532,375.3185313836768,327.26136343907143,103.25696102442683,374.8226247173455,327.26136343907143,375.125312395738,375.0746592346649,326.41231594411386,376.09839138182974,375.0919887174345,374.3233895978182,375.125312395738,103.18914671611545,104.32161808561061,103.53260356042439,375.0746592346649,103.96153134693621,376.09839138182974,375.0426642396835,374.88264830477283,375.88562090082667,374.1750927039372,103.41179816636011,374.09357118239814,374.31403927718236,228.1381160613018,228.1381160613018,228.1381160613018,96.81941953967706,228.1381160613018,228.1381160613018,309.7563558669943,309.625580338576,0.0,98.98989847454133,373.38585940016526,95.94269122762817,325.63783563953376,376.20473149603,106.28734637763802,376.20473149603,105.63616804863759,375.85768583334834,375.6660751252367,106.28734637763802,104.74254150057655,103.10674080776678,374.2459084612683,101.51354589413178,217.00460824600015,117.35416481744481,217.00460824600015,217.00460824600015,217.00460824600015,118.64231959971113,236.25198411865242,123.95967086113129,374.6918734106733,374.6918734106733,295.10506603581035,228.9912662089976,228.9912662089976,313.0,296.8602364750119,104.30723848324239,104.30723848324239,99.86490875177326,99.67948635501689,428.0303727540839,228.30243099888358,230.89824598727466,102.37187113655781,360.4122639422804,100.11493395093461,144.26711336961034,99.2169340384997,102.96601381038309,100.96534058774823,101.62184804460112,229.7520402520944,228.98689918857804,101.72020448268869,101.31633629380802,100.96534058774823,105.22832318344715
Alistipes finegoldii,105.22832318344715,210.82457162294912,210.82457162294912,210.82457162294912,210.82457162294912,210.82457162294912,210.82457162294912,210.82457162294912,210.82457162294912,210.82457162294912,210.82457162294912,229.7389823255949,229.7389823255949,103.33924714260309,139.59226339593465,139.59226339593465,210.34495477667156,105.47985589675405,105.47985589675405,232.14865926815085,403.0781561930639,403.0781561930639,364.5270908999769,231.32877036806295,232.12281232140884,231.48434072308217,107.10275439968852,229.0,206.92269087753522,206.92269087753522,104.9285471165974,325.7806010185382,326.1426068455331,213.97196077991154,187.53932920856894,207.5813093705693,207.5813093705693,213.49707257946184,104.15373253033229,284.06865367372023,214.48543074064494,104.1393297462587,217.55459085020476,99.93497886125758,362.24853346839103,109.5764573254675,375.43574683293014,375.51963996574136,327.5133585061837,103.72559954032563,375.02666571858595,327.5133585061837,375.2066097498817,375.23059576745607,326.5455557805067,376.1954279360662,375.24791804885473,374.46628686705566,375.2066097498817,103.435970532499,104.15373253033229,103.56640381899915,375.23059576745607,104.95237014951115,376.1954279360662,375.0759923002271,375.0253324776874,375.94547476994586,374.32071810146977,103.40696301506973,374.22319543288603,374.3794866175229,228.53446129632178,228.53446129632178,228.53446129632178,96.86588666811448,228.53446129632178,228.53446129632178,309.6643344009768,309.57551582772174,98.98989847454133,0.0,373.33095237336,96.1977130705299,325.7867400616544,376.3522286369512,106.58330075579383,376.3522286369512,106.3202708800161,376.0319135392633,375.8616766843888,106.58330075579383,104.85227703774487,104.02884215447176,374.2686201112778,102.03920815059278,216.97465289752165,117.70726400694224,216.97465289752165,216.97465289752165,216.97465289752165,119.10919359982252,236.33027736623168,124.25377257854186,374.58109936300843,374.58109936300843,295.2253376659937,228.9934496879769,228.9934496879769,313.03673905789395,296.80128032068865,104.36953578511309,104.36953578511309,100.14988766843426,100.09495491781792,428.01051388955386,228.25643473952712,230.78778130568352,102.88342918079665,360.37202999123,100.44899203078147,144.48529336925608,99.12113800799504,103.27148686835103,101.07917688624102,101.90191362285597,229.86735305388626,228.9672465659663,102.0,101.86265262597475,101.07917688624102,105.19505691808908
Alistipes shahii,375.0026666571853,335.3281974424459,335.3281974424459,335.3281974424459,335.3281974424459,335.3281974424459,335.3281974424459,335.3281974424459,335.3281974424459,335.3281974424459,335.3281974424459,319.84996482726086,319.84996482726086,374.5544019231385,360.31097679643347,360.31097679643347,334.93432191998477,375.1692951188836,375.1692951188836,321.72814611096743,207.06037766796427,207.06037766796427,155.80115532305913,321.0965586860127,321.63177703703343,321.1588392057737,375.75657013550676,318.8714474517905,332.84981598312476,332.84981598312476,374.9053213812789,229.2225992348922,228.4097195830335,329.599757281464,341.4454568448671,333.3826630165402,333.3826630165402,329.22788460274745,374.8172888221673,277.7498874887261,329.86360817768303,374.8132868509333,331.3517768173275,373.6642878306676,172.09299811439163,376.3973963778177,146.4650128870373,146.00342461736986,231.13416017542713,374.597116913625,136.64186766873468,231.13416017542713,139.2838827718412,145.354738484853,228.83181596972042,147.8411309480552,139.27311298308803,136.7296602789607,139.2838827718412,374.5437224143531,374.6918734106733,374.5450573696041,145.354738484853,374.91198967224295,147.8411309480552,142.9405470816451,142.34465216508838,147.23790272888297,137.37539808859518,374.58910822393113,128.47178678604885,143.17821063276352,317.2696014433151,317.2696014433151,317.2696014433151,372.7800960351826,317.2696014433151,317.2696014433151,246.12192100664257,245.92071893193545,373.38585940016526,373.33095237336,0.0,372.69558623627404,221.29844102478444,144.3849022578192,375.5156454796524,144.3849022578192,375.36382350993813,142.68847185389575,133.086438076913,375.5156454796524,374.9213250803427,374.64916922368855,140.3388755833536,374.25926842230643,339.41714747490295,378.8231777491974,339.41714747490295,339.41714747490295,339.41714747490295,379.2611237656715,324.68138228115265,380.9028747594326,144.19084575658746,144.19084575658746,263.93938698117796,319.3900436770063,319.3900436770063,239.20702330826325,255.66188609176768,374.85597234137805,374.85597234137805,373.6897108564805,373.61611314288893,252.55296474205167,318.88085549308227,320.25458622789466,374.42355695121535,335.86306733548423,373.75125417849773,362.2512939935481,373.37246818692995,374.58376900234214,373.93181196576467,374.0454517836034,319.9890623130734,319.40256730339536,374.16573867739413,374.11762856085784,373.93181196576467,375.099986670221
Alistipes putredinis,100.25467570143549,208.38665984174708,208.38665984174708,208.38665984174708,208.38665984174708,208.38665984174708,208.38665984174708,208.38665984174708,208.38665984174708,208.38665984174708,208.38665984174708,227.03303724348137,227.03303724348137,96.87620966986684,134.40982106974178,134.40982106974178,208.1129501016215,100.99504938362078,100.99504938362078,229.43190710971305,401.64910058407946,401.64910058407946,362.6127410888922,228.87769659798658,230.2064291022299,229.07422377910615,102.77645644796283,226.5060705588263,203.71303345637952,203.71303345637952,100.16985574512923,323.81630595138347,324.15891164674156,211.04028051535565,184.05705637111552,204.48960853794014,204.48960853794014,210.31642826940552,99.53893710503444,282.4730075600145,212.235718011837,97.37042672187485,215.1650529244933,92.68764750493995,360.5440333717922,105.45615202537972,373.8609367131046,373.89971917614486,325.72227433812384,99.65440281292142,373.36443322844775,325.72227433812384,373.6656259277805,373.6308338453881,324.6844622090808,374.6291499603308,374.20181720563573,372.78546108988746,373.6656259277805,99.89494481704267,100.58826969383657,99.84988733093293,373.6308338453881,101.24722218411723,374.6291499603308,373.96791306207007,373.451469403991,374.4769685841841,372.6258176777342,99.25220400575496,372.57348268495974,372.6231340107589,225.73878709694532,225.73878709694532,225.73878709694532,88.62843787408192,225.73878709694532,225.73878709694532,308.4444844700582,308.24178821178674,95.94269122762817,96.1977130705299,372.69558623627404,0.0,324.60899556235347,374.6985455002461,102.96601381038309,374.6985455002461,102.55730105653132,374.4435872064042,374.2859869137502,102.96601381038309,99.75971130671941,97.09788875150684,372.5493255932696,96.8916921103146,214.59263733874934,114.12712210513327,214.59263733874934,214.59263733874934,214.59263733874934,115.32129031536198,234.64015001699943,120.85114811204733,372.9195623723701,372.9195623723701,293.18253699700466,226.3581233355675,226.3581233355675,310.85044635644323,294.55559746845756,99.83486364992943,99.83486364992943,94.04254356406997,92.80624978954812,426.71653354422534,225.74986157249356,228.8645887855961,97.98469268207153,358.8147154173028,93.54143466934853,139.81416237277253,93.1289428695505,96.93812459502195,94.51454914456292,96.94328238717729,227.23336022688218,226.15039243830643,95.34149149242423,94.94208761134337,94.51454914456292,99.02524930541705
Alistipes_A indistinctus,327.1941319767211,280.75256009518415,280.75256009518415,280.75256009518415,280.75256009518415,280.75256009518415,280.75256009518415,280.75256009518415,280.75256009518415,280.75256009518415,280.75256009518415,262.06296953213365,262.06296953213365,326.58230203120314,309.8725544477923,309.8725544477923,280.00357140579473,327.19871637890026,327.19871637890026,264.16661409042587,274.22436069758646,274.22436069758646,240.72598530279194,263.51470547200967,264.3369062389889,263.6209399877028,327.9420680547099,260.27677575995904,277.62204523416364,277.62204523416364,326.9113029554041,137.48454458592792,135.11476603243628,273.74988584472504,287.92360097775935,278.32534918688236,278.32534918688236,273.28739451354136,326.8592969459489,330.69321130014146,274.1258834915083,326.84858879915635,275.44690958513223,325.5149766139801,248.5658866377283,328.56354027798034,231.6872892499716,231.65923249462776,141.1736519326464,326.7414880299103,226.0486673263083,141.1736519326464,230.4972884873052,231.13416017542713,135.9521974813206,232.83041038489796,228.24986308867744,228.47319317591726,230.4972884873052,326.63129060149765,326.9174207655505,326.6573127912492,231.13416017542713,327.01681913932197,232.83041038489796,229.67150454507848,229.51906238916192,232.36178687555318,226.79726629745784,326.39240187234753,224.73539997072112,229.8499510550307,258.005813887982,258.005813887982,258.005813887982,324.69062197729085,258.005813887982,258.005813887982,164.0762018087937,163.79865689315037,325.63783563953376,325.7867400616544,221.29844102478444,324.60899556235347,0.0,230.39531245231532,327.48893111065604,230.39531245231532,327.4492327063846,229.95434329448966,224.5061246380597,327.48893111065604,327.04281065328433,326.8225818391379,228.46881625289697,326.30200734902013,285.27705831349283,331.291412505667,285.27705831349283,285.27705831349283,285.27705831349283,331.743877110038,267.7405460515833,333.68548065506235,230.71194160684445,230.71194160684445,320.39506862621965,261.5243774488336,261.5243774488336,153.81482373295495,177.5556250869006,327.0382240656281,327.0382240656281,325.789809539832,325.5119045442117,309.6643344009768,260.725909721301,261.8014514856631,326.44141894067303,380.8477386042879,325.8205027311817,312.14900288163665,325.2691193458119,326.7353669255901,325.963188105651,326.22231683316824,262.31279038582926,261.35607894212063,326.18859575405145,326.1977927577071,325.963188105651,327.04281065328433
Parabacteroides distasonis,377.1975609677242,337.3040171714532,337.3040171714532,337.3040171714532,337.3040171714532,337.3040171714532,337.3040171714532,337.3040171714532,337.3040171714532,337.3040171714532,337.3040171714532,321.9829188016035,321.9829188016035,376.38278387832776,362.2443926412112,362.2443926412112,337.10532478737264,377.1485118623697,377.1485118623697,323.22128642773515,210.3402006274597,210.3402006274597,164.13104520473877,323.03869737231173,324.02469041725817,323.2584105634376,377.7380044422324,321.07942942518133,334.6341285643172,334.6341285643172,376.9734738678572,231.90084087816498,230.90690764894842,331.63684958098366,343.46761128234493,335.1313175458241,335.1313175458241,330.97734061412723,376.9124566792666,280.528073461463,332.17615808483305,376.42263481358293,333.36016558671196,375.37447968661905,175.7583568425695,378.19307238499226,149.02013286801215,148.9966442575134,233.32809517929897,376.79968152852786,143.76369499981558,233.32809517929897,147.4347313220328,146.7957765060017,230.91340368198638,150.31965939290842,147.6685477683044,147.01020372749642,147.4347313220328,376.72801860228026,376.9522516181592,376.7877386540066,146.7957765060017,376.93235467388575,150.31965939290842,142.3551895787435,139.84634424968,149.58609561052123,145.19297503667318,376.6722713447328,144.58907289280197,145.46820958546235,320.30142054009065,320.30142054009065,320.30142054009065,374.88398205311466,320.30142054009065,320.30142054009065,248.93573467865156,248.801125399384,376.20473149603,376.3522286369512,144.3849022578192,374.6985455002461,230.39531245231532,0.0,377.19093308296794,0.0,377.07161123585,144.95171609884446,142.72701215957684,377.19093308296794,376.97877924360677,376.0465396729506,145.10685717773643,376.4186499099108,340.76238055278344,380.7492613256131,340.76238055278344,340.76238055278344,340.76238055278344,380.9645652813395,326.9357735091099,382.3087757297758,148.90265276347498,148.90265276347498,267.98320842918497,321.6442133786958,321.6442133786958,242.47267887331142,258.53046242174247,377.09680454758563,377.09680454758563,375.79914848227105,375.5582511408849,254.81365740477884,320.94547823579006,322.61742048438737,376.46779410727817,337.9067918820218,375.5356174852127,364.053567486984,375.6913626901742,376.2632057483166,375.68870092138786,376.5222436988285,322.003105575086,321.52604871145354,376.0518581259771,376.0545173242837,375.68870092138786,376.76916009673613
Parabacteroides goldsteinii,109.62207806824317,213.02347288503208,213.02347288503208,213.02347288503208,213.02347288503208,213.02347288503208,213.02347288503208,213.02347288503208,213.02347288503208,213.02347288503208,213.02347288503208,231.91808898833224,231.91808898833224,108.16191566350885,143.66627996854376,143.66627996854376,212.45940788771864,109.71781988355401,109.71781988355401,234.1644721130855,404.2845532542642,404.2845532542642,365.84969591349943,233.48875775934053,234.241328548145,233.68140704814323,111.91514642799696,231.34173856007914,209.3155512617254,209.3155512617254,109.52625256074454,327.3728760908576,327.6629365674427,216.65179436136688,190.45471902790962,209.87138918871244,209.87138918871244,215.8124185490724,109.21538353180837,285.7183928276232,216.77638247742766,109.02751946183129,219.6770356682737,104.76163419878482,363.5876785591063,113.69696565871932,376.5634076752546,376.70014600475,328.7324139782994,108.3097410208334,376.20074428421856,328.7324139782994,376.3296427336013,376.36949929557255,327.9908535310093,377.28106233947125,376.4319327581017,375.7326176950838,376.3296427336013,108.03240254664338,108.49884792015075,108.11105401391663,376.36949929557255,108.44814429025514,377.28106233947125,376.2818092866037,376.11966180990856,377.137905811654,375.5209714516621,107.81929326423912,375.56224517381935,375.709994543664,230.83327316485378,230.83327316485378,230.83327316485378,103.30053242844394,230.83327316485378,230.83327316485378,311.53811965793204,311.38240155795575,106.28734637763802,106.58330075579383,375.5156454796524,102.96601381038309,327.48893111065604,377.19093308296794,0.0,377.19093308296794,108.36050941187015,376.89521090085503,376.7678330218757,0.0,109.24284873619875,108.91280916402809,375.7911654097259,107.3126274023705,219.0981515211847,121.56068443374281,219.0981515211847,219.0981515211847,219.0981515211847,122.59282197584001,238.05881626186417,127.38524247337287,376.29908317719827,376.29908317719827,297.1060416753587,231.4044079096161,231.4044079096161,314.836465486449,298.73901653449957,110.08632975987527,110.08632975987527,105.99056561788883,105.256828757093,429.20507918709444,230.53199344125753,233.19305306976878,107.93979803575695,361.8756692567214,105.6882207249228,147.97972834141845,105.06664551607233,108.44814429025514,106.04244433244644,107.97221864905805,232.16588896735024,231.3352545549424,106.69582934679312,107.37783756436893,106.04244433244644,110.32678731840241
Parabacteroides distasonis_A,377.1975609677242,337.3040171714532,337.3040171714532,337.3040171714532,337.3040171714532,337.3040171714532,337.3040171714532,337.3040171714532,337.3040171714532,337.3040171714532,337.3040171714532,321.9829188016035,321.9829188016035,376.38278387832776,362.2443926412112,362.2443926412112,337.10532478737264,377.1485118623697,377.1485118623697,323.22128642773515,210.3402006274597,210.3402006274597,164.13104520473877,323.03869737231173,324.02469041725817,323.2584105634376,377.7380044422324,321.07942942518133,334.6341285643172,334.6341285643172,376.9734738678572,231.90084087816498,230.90690764894842,331.63684958098366,343.46761128234493,335.1313175458241,335.1313175458241,330.97734061412723,376.9124566792666,280.528073461463,332.17615808483305,376.42263481358293,333.36016558671196,375.37447968661905,175.7583568425695,378.19307238499226,149.02013286801215,148.9966442575134,233.32809517929897,376.79968152852786,143.76369499981558,233.32809517929897,147.4347313220328,146.7957765060017,230.91340368198638,150.31965939290842,147.6685477683044,147.01020372749642,147.4347313220328,376.72801860228026,376.9522516181592,376.7877386540066,146.7957765060017,376.93235467388575,150.31965939290842,142.3551895787435,139.84634424968,149.58609561052123,145.19297503667318,376.6722713447328,144.58907289280197,145.46820958546235,320.30142054009065,320.30142054009065,320.30142054009065,374.88398205311466,320.30142054009065,320.30142054009065,248.93573467865156,248.801125399384,376.20473149603,376.3522286369512,144.3849022578192,374.6985455002461,230.39531245231532,0.0,377.19093308296794,0.0,377.07161123585,144.95171609884446,142.72701215957684,377.19093308296794,376.97877924360677,376.0465396729506,145.10685717773643,376.4186499099108,340.76238055278344,380.7492613256131,340.76238055278344,340.76238055278344,340.76238055278344,380.9645652813395,326.9357735091099,382.3087757297758,148.90265276347498,148.90265276347498,267.98320842918497,321.6442133786958,321.6442133786958,242.47267887331142,258.53046242174247,377.09680454758563,377.09680454758563,375.79914848227105,375.5582511408849,254.81365740477884,320.94547823579006,322.61742048438737,376.46779410727817,337.9067918820218,375.5356174852127,364.053567486984,375.6913626901742,376.2632057483166,375.68870092138786,376.5222436988285,322.003105575086,321.52604871145354,376.0518581259771,376.0545173242837,375.68870092138786,376.76916009673613
Parabacteroides gordonii,108.95411878400927,212.73222604955743,212.73222604955743,212.73222604955743,212.73222604955743,212.73222604955743,212.73222604955743,212.73222604955743,212.73222604955743,212.73222604955743,212.73222604955743,231.56424594483494,231.56424594483494,107.49418588928427,143.35271186831451,143.35271186831451,212.35112432007512,108.75660899458019,108.75660899458019,234.02350309317225,404.15343620956634,404.15343620956634,365.74854750224233,233.20591759215716,233.98504225697846,233.295949386182,111.59301053381435,231.25094594401122,209.10045432757911,209.10045432757911,109.24284873619875,327.2476126727283,327.51946507039855,216.4948036327893,190.24983574237325,209.70455407548974,209.70455407548974,215.6733641412402,108.3789647487002,285.54684379274795,216.65179436136688,108.2081327812286,219.33080039064282,104.21612159354233,363.4473827117207,113.18568814121333,376.57137437675743,376.6072224480035,328.64114167279786,107.05606008068857,376.11567369627124,328.64114167279786,376.3376143836808,376.3960679922148,327.9481666361317,377.3102171953471,376.3841123108147,375.62348169410285,376.3376143836808,107.8563859954523,108.97706180660222,108.03703068855604,376.3960679922148,108.41125402835262,377.3102171953471,376.28712441432276,376.1170030721823,377.12729946266154,375.5209714516621,107.87492757819122,375.55425706547385,375.71265616159377,230.53850003849684,230.53850003849684,230.53850003849684,102.44510725261603,230.53850003849684,230.53850003849684,311.4707048824977,311.31816522650905,105.63616804863759,106.3202708800161,375.36382350993813,102.55730105653132,327.4492327063846,377.07161123585,108.36050941187015,377.07161123585,0.0,376.7200552134171,376.53950655940474,108.36050941187015,108.01851693112621,107.70329614269008,375.53029172092096,106.80823938254952,218.8652553513234,121.22293512368029,218.8652553513234,218.8652553513234,218.8652553513234,121.88108959145384,237.94116919944727,126.6846478465327,376.1794784408102,376.1794784408102,296.7995956870561,231.1190169587955,231.1190169587955,314.5536520214,298.5515030945247,109.43948099292137,109.43948099292137,105.25207836427744,104.273678366115,429.13517683825455,230.38446128157167,233.04291450288721,107.09341716464182,361.78999433372945,105.04284840006957,147.648230602334,104.40785411069419,107.8563859954523,105.47511554864494,107.42439201596628,231.78222537545884,231.14497615133234,106.12257064357233,106.89246933250256,105.47511554864494,109.66312051004202
Parabacteroides merdae,376.8806177027415,336.98813035476485,336.98813035476485,336.98813035476485,336.98813035476485,336.98813035476485,336.98813035476485,336.98813035476485,336.98813035476485,336.98813035476485,336.98813035476485,321.365835147422,321.365835147422,375.884290706595,361.8176336222435,361.8176336222435,336.91690370178816,376.9243956020889,376.9243956020889,322.5693723836781,207.87977294580634,207.87977294580634,161.00931650062986,322.73673481647546,323.67421893008407,322.66236223024214,377.54602368453044,320.735093184391,334.25589000046057,334.25589000046057,376.69616403674723,231.36335059814465,230.43220261065943,331.31857780691985,343.0174922653362,334.80740732546525,334.80740732546525,330.57071860647306,376.57137437675743,280.1660222082614,331.92469025367785,376.13694314704054,333.05555092206464,374.91732421962047,175.05427729707148,378.00132274900835,148.3104851316993,147.35331689514152,230.95670589961227,376.37348471963327,144.05207391773297,230.95670589961227,144.5060552364502,147.16657229140046,230.21728866442677,149.74979131871936,147.74640435557137,145.24806367039804,144.5060552364502,376.3416001453998,376.6244814135162,376.4784190362045,147.16657229140046,376.5939457824568,149.74979131871936,146.97618854766918,144.138821973818,149.42891286494725,141.6403897198818,376.3229995628755,143.17471843869643,145.00344823486094,319.64042297556796,319.64042297556796,319.64042297556796,374.40753197551993,319.64042297556796,319.64042297556796,249.20272871700263,249.02409521971964,375.85768583334834,376.0319135392633,142.68847185389575,374.4435872064042,229.95434329448966,144.95171609884446,376.89521090085503,144.95171609884446,376.7200552134171,0.0,140.80482946262887,376.89521090085503,376.61651583540515,375.9521246116319,144.0798389782554,376.082437771295,340.54955586522203,380.4326484412188,340.54955586522203,340.54955586522203,340.54955586522203,380.653385641058,326.47817691233206,381.9646580509773,147.7193284577208,147.7193284577208,267.46962444359923,321.2475680841802,321.2475680841802,241.7891643560563,258.0639455638854,376.74792633802247,376.74792633802247,375.40644640176333,375.1892855613017,254.51326095117324,320.5448486561592,322.194040913236,376.12896724394943,337.3455202014694,375.10798445247735,363.65918110230626,375.3465065775889,376.0917441263501,375.1679623848497,376.15954062073183,321.653540319394,321.1417132669003,375.5875397294218,375.71797934088806,375.1679623848497,376.47576283208457
Parabacteroides johnsonii,376.7107643803134,336.8753478662397,336.8753478662397,336.8753478662397,336.8753478662397,336.8753478662397,336.8753478662397,336.8753478662397,336.8753478662397,336.8753478662397,336.8753478662397,321.1853047696921,321.1853047696921,375.71398696348797,361.71812229967134,361.71812229967134,336.5070578754627,376.7439448750305,376.7439448750305,322.86994285625286,209.0358820872627,209.0358820872627,162.6161123628283,322.5569717119752,323.5073414932032,322.479456710036,377.3950185150832,320.5729246209043,334.09729121918963,334.09729121918963,376.54747376658895,231.1384866265244,230.2628932329306,331.13441379596895,342.8571130952368,334.6251634291719,334.6251634291719,330.3831109484866,376.41466496405263,279.92320375417256,331.7227758234276,375.972073430993,332.9234146166352,374.76525986275726,174.67111953611564,377.8981344224922,148.28351223247984,147.36688908978164,232.2003445303215,376.1954279360662,135.79027947537335,232.2003445303215,144.734239211045,145.3272169966796,230.08259386576813,149.68299836654796,141.2763249805147,142.12318600425476,144.734239211045,376.1502359430338,376.4890436652838,376.31104156003715,145.3272169966796,376.4372457661436,149.68299836654796,144.74805698177784,141.88727920430358,149.02013286801215,139.05394636614957,376.1502359430338,136.63454907160195,142.70949512909084,318.3174516108094,318.3174516108094,318.3174516108094,374.2606043921802,318.3174516108094,318.3174516108094,248.91765706755317,248.73881884418444,375.6660751252367,375.8616766843888,133.086438076913,374.2859869137502,224.5061246380597,142.72701215957684,376.7678330218757,142.72701215957684,376.53950655940474,140.80482946262887,0.0,376.7678330218757,376.48107522158404,375.8111227731292,143.58621103713267,375.9255245391034,340.37038649095194,380.2591221785481,340.37038649095194,340.37038649095194,340.37038649095194,380.48521653278465,326.2790216976874,381.8337334495212,147.2922265430189,147.2922265430189,267.30132809247317,321.0981158462316,321.0981158462316,241.57400522407207,257.84685377176896,376.65766950906493,376.65766950906493,375.2545802518605,375.0293321861638,254.38356865175078,320.46060600329645,322.0822876222783,376.0678130337666,337.2298919135135,374.9266594948937,363.49140292447083,375.18395488080245,375.9321747336878,375.02666571858595,376.00797863875175,321.51049749580494,321.02959365142647,375.42775603303494,375.5742270177761,375.02666571858595,376.36418533117626
Parabacteroides timonensis,109.62207806824317,213.02347288503208,213.02347288503208,213.02347288503208,213.02347288503208,213.02347288503208,213.02347288503208,213.02347288503208,213.02347288503208,213.02347288503208,213.02347288503208,231.91808898833224,231.91808898833224,108.16191566350885,143.66627996854376,143.66627996854376,212.45940788771864,109.71781988355401,109.71781988355401,234.1644721130855,404.2845532542642,404.2845532542642,365.84969591349943,233.48875775934053,234.241328548145,233.68140704814323,111.91514642799696,231.34173856007914,209.3155512617254,209.3155512617254,109.52625256074454,327.3728760908576,327.6629365674427,216.65179436136688,190.45471902790962,209.87138918871244,209.87138918871244,215.8124185490724,109.21538353180837,285.7183928276232,216.77638247742766,109.02751946183129,219.6770356682737,104.76163419878482,363.5876785591063,113.69696565871932,376.5634076752546,376.70014600475,328.7324139782994,108.3097410208334,376.20074428421856,328.7324139782994,376.3296427336013,376.36949929557255,327.9908535310093,377.28106233947125,376.4319327581017,375.7326176950838,376.3296427336013,108.03240254664338,108.49884792015075,108.11105401391663,376.36949929557255,108.44814429025514,377.28106233947125,376.2818092866037,376.11966180990856,377.137905811654,375.5209714516621,107.81929326423912,375.56224517381935,375.709994543664,230.83327316485378,230.83327316485378,230.83327316485378,103.30053242844394,230.83327316485378,230.83327316485378,311.53811965793204,311.38240155795575,106.28734637763802,106.58330075579383,375.5156454796524,102.96601381038309,327.48893111065604,377.19093308296794,0.0,377.19093308296794,108.36050941187015,376.89521090085503,376.7678330218757,0.0,109.24284873619875,108.91280916402809,375.7911654097259,107.3126274023705,219.0981515211847,121.56068443374281,219.0981515211847,219.0981515211847,219.0981515211847,122.59282197584001,238.05881626186417,127.38524247337287,376.29908317719827,376.29908317719827,297.1060416753587,231.4044079096161,231.4044079096161,314.836465486449,298.73901653449957,110.08632975987527,110.08632975987527,105.99056561788883,105.256828757093,429.20507918709444,230.53199344125753,233.19305306976878,107.93979803575695,361.8756692567214,105.6882207249228,147.97972834141845,105.06664551607233,108.44814429025514,106.04244433244644,107.97221864905805,232.16588896735024,231.3352545549424,106.69582934679312,107.37783756436893,106.04244433244644,110.32678731840241
Butyricimonas virosa,106.97195894251914,212.05895406702354,212.05895406702354,212.05895406702354,212.05895406702354,212.05895406702354,212.05895406702354,212.05895406702354,212.05895406702354,212.05895406702354,212.05895406702354,230.91123835794568,230.91123835794568,105.30432089900205,142.17594733287342,142.17594733287342,211.6057655169159,107.66615066955816,107.66615066955816,233.33880945954962,403.77468964758054,403.77468964758054,365.3108265573305,232.7294566658892,233.40308481251913,232.64780248263682,110.32225523438143,230.5363311931549,208.35786522231408,208.35786522231408,107.47092630102338,326.6297598198915,327.0244639166923,215.4530111184339,189.20623668367804,208.88274222635053,208.88274222635053,214.6928037918365,105.92450141492289,285.02456034524465,215.67568244936655,105.94810050208545,218.4078753158869,102.85426583277915,363.10329108946394,112.06694427885503,376.42529139259494,376.54880161806386,328.57723597352265,106.85972113008718,375.9082334825881,328.57723597352265,376.18612414601364,376.28712441432276,327.7346487632945,377.1617690063509,376.16352826928875,375.52230293286175,376.18612414601364,107.4569681314339,108.3789647487002,107.81465577554843,376.28712441432276,108.50345616615168,377.1617690063509,376.0319135392633,376.0265948041441,376.8806177027415,375.36115941849926,107.14009520249644,375.29588327078676,375.29721555055534,230.026085477278,230.026085477278,230.026085477278,99.96499387285532,230.026085477278,230.026085477278,311.1623370525424,311.0160767548842,104.74254150057655,104.85227703774487,374.9213250803427,99.75971130671941,327.04281065328433,376.97877924360677,109.24284873619875,376.97877924360677,108.01851693112621,376.61651583540515,376.48107522158404,109.24284873619875,0.0,105.55567251455508,375.2052771483898,105.1094667477673,218.38040205109982,120.23726543796644,218.38040205109982,218.38040205109982,218.38040205109982,121.0495766204905,237.51210495467384,125.90075456485556,375.5862084794914,375.5862084794914,296.37476275823485,230.39531245231532,230.39531245231532,313.9681512510465,297.66256062864204,107.64292823962009,107.64292823962009,103.440804327886,102.33767634649519,428.76916866771097,229.7498639825495,232.33811568487855,105.8536725862641,361.32257056541596,103.18914671611545,146.20533505997653,101.38540328863914,105.79697538209682,103.07764064044152,105.27107864936124,231.12983364334428,230.24334952393303,104.02884215447176,104.95713410721541,103.07764064044152,107.17275773255068
Odoribacter splanchnicus,107.32660434393702,211.85136298829894,211.85136298829894,211.85136298829894,211.85136298829894,211.85136298829894,211.85136298829894,211.85136298829894,211.85136298829894,211.85136298829894,211.85136298829894,230.1260524147581,230.1260524147581,104.40785411069419,140.41367454774482,140.41367454774482,211.322029140362,107.42439201596628,107.42439201596628,232.3208987585921,403.27410033375565,403.27410033375565,364.63132065142185,231.77359642547725,233.09440147716975,232.11419603290102,109.45775440780794,229.8543016782588,207.28000385951367,207.28000385951367,107.2846680565308,326.1242094662707,326.38780614477616,214.7091055358389,188.43301196977137,207.97115184563458,207.97115184563458,213.8293712285569,106.42368157510809,284.83855076165514,215.62003617474883,104.23531071570709,218.28421839427605,101.12863096077193,362.6458327349151,111.59301053381435,375.4703716673261,375.6048455491489,327.55304913860897,106.00471687618433,375.0053332954079,327.55304913860897,375.3531670307312,375.42509239527396,326.65884344373717,376.25390363423475,375.9002527267041,374.62114195544274,375.3531670307312,106.29675441893792,107.32194556566705,106.51760417883985,375.42509239527396,106.86907878334125,376.25390363423475,375.74991683299146,375.1293110382072,375.92951466997107,374.42756308797567,106.21205204683694,374.4422518893935,374.4435872064042,228.77499863402906,228.77499863402906,228.77499863402906,98.2598595561789,228.77499863402906,228.77499863402906,310.81505755030594,310.65253902068787,103.10674080776678,104.02884215447176,374.64916922368855,97.09788875150684,326.8225818391379,376.0465396729506,108.91280916402809,376.0465396729506,107.70329614269008,375.9521246116319,375.8111227731292,108.91280916402809,105.55567251455508,0.0,374.4742981834668,104.5083728703112,217.4304486496774,119.5867885679685,217.4304486496774,217.4304486496774,217.4304486496774,120.45331045679069,237.26778120933318,125.31161159286079,374.94132874357825,374.94132874357825,295.7701810527897,229.76509743649055,229.76509743649055,313.5857139603142,297.40376594791127,106.83164325236227,106.83164325236227,101.4889156509222,101.01980003939822,428.34915664677106,229.0,231.99353439266363,105.08567932882197,360.86008368895557,100.96534058774823,144.69968901141425,101.26697388586271,103.80269746013347,102.0930947713899,104.47009141376301,230.3019756754162,229.61707253599414,102.98543586352393,102.90772565750348,102.0930947713899,106.1319932913728
Barnesiella intestinihominis,375.41976506305576,335.62479050272793,335.62479050272793,335.62479050272793,335.62479050272793,335.62479050272793,335.62479050272793,335.62479050272793,335.62479050272793,335.62479050272793,335.62479050272793,319.7858658540118,319.7858658540118,374.5023364413098,360.6202989294973,360.6202989294973,335.38634438509865,375.4530596492723,375.4530596492723,321.46228394634414,205.84703058339218,205.84703058339218,159.53369550035504,321.22577729690374,322.11799080461185,321.18841822207725,376.1382724477795,319.41195970094793,332.62892237446823,332.62892237446823,375.3092058556518,228.9847156471366,228.1885185542866,329.34935858446727,341.27701358280785,333.2161460673837,333.2161460673837,329.02583485191553,375.22393313859925,278.2301205836636,330.1529948372421,374.6998799039039,332.1189545930795,373.5317924889393,170.63704169962628,376.65899697206225,145.48883118645224,144.87235761179562,231.1882349947765,375.09465472064517,141.8731828077456,231.1882349947765,145.3168950948237,145.21363572337137,228.54102476360782,146.77193192160414,146.48549416239138,143.0314650697531,145.3168950948237,375.0733261643648,375.1946161660639,374.99733332385176,145.21363572337137,375.41976506305576,146.77193192160414,144.15616532080756,141.3470905254155,146.2668793678186,142.4956139675885,375.01466637986306,140.53469322555196,141.81325749026428,318.6361561405108,318.6361561405108,318.6361561405108,372.65533673892287,318.6361561405108,318.6361561405108,246.74886017973822,246.58061562093644,374.2459084612683,374.2686201112778,140.3388755833536,372.5493255932696,228.46881625289697,145.10685717773643,375.7911654097259,145.10685717773643,375.53029172092096,144.0798389782554,143.58621103713267,375.7911654097259,375.2052771483898,374.4742981834668,0.0,374.447593128865,339.0235979987234,379.1332219682153,339.0235979987234,339.0235979987234,339.0235979987234,379.41533970043963,324.64596100983607,381.05380197552154,141.9718281913704,141.9718281913704,265.452443951831,319.3101940120296,319.3101940120296,239.24255474308913,255.52690660672116,375.2998800959041,375.2998800959041,373.9104170787436,373.4541471184916,252.20626479134097,318.7538235064797,320.98286558631133,374.69454226075936,335.2924096963723,373.7980738313134,362.64169644430024,373.8181376016953,374.6811978202269,373.9545426920229,374.67986335003377,320.09061217099134,319.3195891266303,374.10025394270986,374.2071618769475,373.9545426920229,375.07999146848664
Parasutterella excrementihominis,104.00480758118829,210.26887549040634,210.26887549040634,210.26887549040634,210.26887549040634,210.26887549040634,210.26887549040634,210.26887549040634,210.26887549040634,210.26887549040634,210.26887549040634,229.27276331915223,229.27276331915223,101.83810681665287,138.93883546366726,138.93883546366726,210.09283662228944,104.53707476297583,104.53707476297583,231.65275737620738,402.86474156967375,402.86474156967375,364.2279506023666,231.23364807051763,231.8037963450987,231.18607224484782,107.33592129385204,228.7028639960593,206.70026608594387,206.70026608594387,104.546640309481,325.53494436081667,325.96778981979185,213.45725567429184,187.07485132962154,207.06520712084878,207.06520712084878,212.88259675229443,103.19883720275146,283.6212262860451,213.98598084921358,102.87370898339381,217.02534414210706,98.63569333664158,362.04419619709415,108.85311203635843,375.67272991261956,375.62081944429013,327.63852032384716,105.35179163165665,375.1679623848497,327.63852032384716,375.5076563799998,375.4570548012116,326.77821224800164,376.3495715422033,375.59952076646744,374.7305698765448,375.5076563799998,105.27582818482124,106.1414151026827,106.08487168300671,375.4570548012116,106.09901036296239,376.3495715422033,375.44107393837453,375.30254462233535,376.2645346029838,374.5130171302461,105.43718509140881,374.4556048452206,374.55306700119274,228.6088362246744,228.6088362246744,228.6088362246744,97.17509969122749,228.6088362246744,228.6088362246744,310.3546358603332,310.1660845418145,101.51354589413178,102.03920815059278,374.25926842230643,96.8916921103146,326.30200734902013,376.4186499099108,107.3126274023705,376.4186499099108,106.80823938254952,376.082437771295,375.9255245391034,107.3126274023705,105.1094667477673,104.5083728703112,374.447593128865,0.0,216.4717071582335,116.53754759733019,216.4717071582335,216.4717071582335,216.4717071582335,117.91946404220128,235.8431682283801,123.5273249123448,374.6852012022893,374.6852012022893,294.91354665393044,228.67444107289296,228.67444107289296,312.66595593380487,296.49451934226374,103.60984509205677,103.60984509205677,99.26731586982696,97.83148777362021,427.74174451414024,227.7037549097511,230.60572412670072,101.35580891098448,360.05277390960345,99.32774033471213,143.39456056629206,98.07650075323853,101.49384217774002,100.03499387714281,101.11379727811631,229.4667731938548,228.57821418499182,98.29547293746543,100.42907945411031,100.03499387714281,103.73041983911952
Escherichia coli,218.02064122463267,138.01811475310043,138.01811475310043,138.01811475310043,138.01811475310043,138.01811475310043,138.01811475310043,138.01811475310043,138.01811475310043,138.01811475310043,138.01811475310043,165.5475762432057,165.5475762432057,216.4416780566996,235.52919139673537,235.52919139673537,137.73525329413673,218.24298385056963,218.24298385056963,168.3300329709467,370.1270052292861,370.1270052292861,347.177188190699,167.29315586717826,169.0591612424479,167.39474304768356,218.72128382944354,165.072711251739,132.51037695214666,132.51037695214666,218.15590755237412,284.2129483327598,284.55052275474736,183.12837027615356,152.52868582663393,133.32666649999166,133.32666649999166,182.8031728389855,217.83939037740626,262.1850491542186,184.51558199783562,216.8893727225933,187.3339264522046,215.2835339732233,325.29371343448986,219.74758246679303,340.07940249300606,340.06322941476634,286.28133016318054,218.25443867193172,339.70428316404843,286.28133016318054,339.94117138116707,339.7940552746619,285.25076687013484,340.6713959228159,340.56276954476397,339.0560425652373,339.94117138116707,218.0940164241101,218.3666641225258,218.26589289213283,339.7940552746619,218.52002196595166,340.6713959228159,340.3321906608307,339.6674844609063,340.6097473649279,338.9660749986641,218.1719505344351,338.9586995490749,339.1695741071124,164.76650144977893,164.76650144977893,164.76650144977893,214.75800334329801,164.76650144977893,164.76650144977893,266.9906365399356,266.82016415556,217.00460824600015,216.97465289752165,339.41714747490295,214.59263733874934,285.27705831349283,340.76238055278344,219.0981515211847,340.76238055278344,218.8652553513234,340.54955586522203,340.37038649095194,219.0981515211847,218.38040205109982,217.4304486496774,339.0235979987234,216.4717071582335,0.0,221.68671588527806,0.0,0.0,0.0,221.96621364523025,171.63333009645882,224.0290159778416,339.40388919398083,339.40388919398083,248.87346182347366,165.12419568312816,165.12419568312816,292.6021189260255,275.3488696181628,217.81873197684354,217.81873197684354,215.47157585166542,215.3346233191495,397.0906697468476,163.8932579455299,167.87793184334862,217.06450654125837,323.20581677933956,215.5365398256175,237.81505419127697,215.8031510427964,216.64487069856975,216.0208323287363,216.82250805670523,165.99096360946882,164.96060135680884,215.56437553547664,216.0925727552893,216.0208323287363,217.24640388278007
Escherichia fergusonii,119.3901168438996,218.01376103356412,218.01376103356412,218.01376103356412,218.01376103356412,218.01376103356412,218.01376103356412,218.01376103356412,218.01376103356412,218.01376103356412,218.01376103356412,236.67488248650298,236.67488248650298,117.73699503554522,151.53547439461164,151.53547439461164,217.79807161680748,119.74556359214316,119.74556359214316,238.91002490477456,406.9778863771347,406.9778863771347,369.1083851662002,238.14281429428016,238.61265683110776,238.08821894415524,120.90492132250036,236.35989507528555,214.8813626166774,214.8813626166774,119.73721226085064,330.79903264671134,331.10421320182564,221.51975081242756,196.37718808456341,215.35319825811735,215.35319825811735,221.11083193728885,118.94116192470965,289.60662975836726,221.81749254736425,118.6507479959566,224.2164133153503,115.66330446602328,366.7246923783562,122.53162856993292,379.9802626453116,379.9815785008531,332.6770205469563,119.98333217576514,379.57081025811243,332.6770205469563,379.85391929003447,379.82495968537927,331.8267620310333,380.6835956539236,379.9078835717943,379.1437722025775,379.85391929003447,119.55751753863075,120.24558203942463,120.03749414245534,379.82495968537927,120.29962593458053,380.6835956539236,379.77493334868745,379.59056890286405,380.51543989699024,379.01846920697676,120.0,378.92215559399534,379.14772846477666,236.00635584661697,236.00635584661697,236.00635584661697,114.47270417003348,236.00635584661697,236.00635584661697,315.7388161123051,315.59467676119,117.35416481744481,117.70726400694224,378.8231777491974,114.12712210513327,331.291412505667,380.7492613256131,121.56068443374281,380.7492613256131,121.22293512368029,380.4326484412188,380.2591221785481,121.56068443374281,120.23726543796644,119.5867885679685,379.1332219682153,116.53754759733019,221.68671588527806,0.0,221.68671588527806,221.68671588527806,221.68671588527806,126.04761005270984,240.49324314832631,131.85598204101322,379.27035212365337,379.27035212365337,300.80392284676077,236.3323930399724,236.3323930399724,318.3158808479401,302.3640190234281,118.78552100319298,118.78552100319298,115.48592987892508,115.59411749738825,431.8170909077129,235.5376827601053,237.84448700779257,117.42231474468556,365.0027397157451,116.06463716395274,155.08384828859516,115.35163631262454,117.88977903109328,116.47317287684749,117.34138229968147,236.981011897578,236.26044950435525,116.03878661895772,117.23054209547954,116.47317287684749,119.42780245822159
Escherichia ruysiae,218.02064122463267,138.01811475310043,138.01811475310043,138.01811475310043,138.01811475310043,138.01811475310043,138.01811475310043,138.01811475310043,138.01811475310043,138.01811475310043,138.01811475310043,165.5475762432057,165.5475762432057,216.4416780566996,235.52919139673537,235.52919139673537,137.73525329413673,218.24298385056963,218.24298385056963,168.3300329709467,370.1270052292861,370.1270052292861,347.177188190699,167.29315586717826,169.0591612424479,167.39474304768356,218.72128382944354,165.072711251739,132.51037695214666,132.51037695214666,218.15590755237412,284.2129483327598,284.55052275474736,183.12837027615356,152.52868582663393,133.32666649999166,133.32666649999166,182.8031728389855,217.83939037740626,262.1850491542186,184.51558199783562,216.8893727225933,187.3339264522046,215.2835339732233,325.29371343448986,219.74758246679303,340.07940249300606,340.06322941476634,286.28133016318054,218.25443867193172,339.70428316404843,286.28133016318054,339.94117138116707,339.7940552746619,285.25076687013484,340.6713959228159,340.56276954476397,339.0560425652373,339.94117138116707,218.0940164241101,218.3666641225258,218.26589289213283,339.7940552746619,218.52002196595166,340.6713959228159,340.3321906608307,339.6674844609063,340.6097473649279,338.9660749986641,218.1719505344351,338.9586995490749,339.1695741071124,164.76650144977893,164.76650144977893,164.76650144977893,214.75800334329801,164.76650144977893,164.76650144977893,266.9906365399356,266.82016415556,217.00460824600015,216.97465289752165,339.41714747490295,214.59263733874934,285.27705831349283,340.76238055278344,219.0981515211847,340.76238055278344,218.8652553513234,340.54955586522203,340.37038649095194,219.0981515211847,218.38040205109982,217.4304486496774,339.0235979987234,216.4717071582335,0.0,221.68671588527806,0.0,0.0,0.0,221.96621364523025,171.63333009645882,224.0290159778416,339.40388919398083,339.40388919398083,248.87346182347366,165.12419568312816,165.12419568312816,292.6021189260255,275.3488696181628,217.81873197684354,217.81873197684354,215.47157585166542,215.3346233191495,397.0906697468476,163.8932579455299,167.87793184334862,217.06450654125837,323.20581677933956,215.5365398256175,237.81505419127697,215.8031510427964,216.64487069856975,216.0208323287363,216.82250805670523,165.99096360946882,164.96060135680884,215.56437553547664,216.0925727552893,216.0208323287363,217.24640388278007
Escherichia sp005843885,218.02064122463267,138.01811475310043,138.01811475310043,138.01811475310043,138.01811475310043,138.01811475310043,138.01811475310043,138.01811475310043,138.01811475310043,138.01811475310043,138.01811475310043,165.5475762432057,165.5475762432057,216.4416780566996,235.52919139673537,235.52919139673537,137.73525329413673,218.24298385056963,218.24298385056963,168.3300329709467,370.1270052292861,370.1270052292861,347.177188190699,167.29315586717826,169.0591612424479,167.39474304768356,218.72128382944354,165.072711251739,132.51037695214666,132.51037695214666,218.15590755237412,284.2129483327598,284.55052275474736,183.12837027615356,152.52868582663393,133.32666649999166,133.32666649999166,182.8031728389855,217.83939037740626,262.1850491542186,184.51558199783562,216.8893727225933,187.3339264522046,215.2835339732233,325.29371343448986,219.74758246679303,340.07940249300606,340.06322941476634,286.28133016318054,218.25443867193172,339.70428316404843,286.28133016318054,339.94117138116707,339.7940552746619,285.25076687013484,340.6713959228159,340.56276954476397,339.0560425652373,339.94117138116707,218.0940164241101,218.3666641225258,218.26589289213283,339.7940552746619,218.52002196595166,340.6713959228159,340.3321906608307,339.6674844609063,340.6097473649279,338.9660749986641,218.1719505344351,338.9586995490749,339.1695741071124,164.76650144977893,164.76650144977893,164.76650144977893,214.75800334329801,164.76650144977893,164.76650144977893,266.9906365399356,266.82016415556,217.00460824600015,216.97465289752165,339.41714747490295,214.59263733874934,285.27705831349283,340.76238055278344,219.0981515211847,340.76238055278344,218.8652553513234,340.54955586522203,340.37038649095194,219.0981515211847,218.38040205109982,217.4304486496774,339.0235979987234,216.4717071582335,0.0,221.68671588527806,0.0,0.0,0.0,221.96621364523025,171.63333009645882,224.0290159778416,339.40388919398083,339.40388919398083,248.87346182347366,165.12419568312816,165.12419568312816,292.6021189260255,275.3488696181628,217.81873197684354,217.81873197684354,215.47157585166542,215.3346233191495,397.0906697468476,163.8932579455299,167.87793184334862,217.06450654125837,323.20581677933956,215.5365398256175,237.81505419127697,215.8031510427964,216.64487069856975,216.0208323287363,216.82250805670523,165.99096360946882,164.96060135680884,215.56437553547664,216.0925727552893,216.0208323287363,217.24640388278007
Escherichia coli_E,218.02064122463267,138.01811475310043,138.01811475310043,138.01811475310043,138.01811475310043,138.01811475310043,138.01811475310043,138.01811475310043,138.01811475310043,138.01811475310043,138.01811475310043,165.5475762432057,165.5475762432057,216.4416780566996,235.52919139673537,235.52919139673537,137.73525329413673,218.24298385056963,218.24298385056963,168.3300329709467,370.1270052292861,370.1270052292861,347.177188190699,167.29315586717826,169.0591612424479,167.39474304768356,218.72128382944354,165.072711251739,132.51037695214666,132.51037695214666,218.15590755237412,284.2129483327598,284.55052275474736,183.12837027615356,152.52868582663393,133.32666649999166,133.32666649999166,182.8031728389855,217.83939037740626,262.1850491542186,184.51558199783562,216.8893727225933,187.3339264522046,215.2835339732233,325.29371343448986,219.74758246679303,340.07940249300606,340.06322941476634,286.28133016318054,218.25443867193172,339.70428316404843,286.28133016318054,339.94117138116707,339.7940552746619,285.25076687013484,340.6713959228159,340.56276954476397,339.0560425652373,339.94117138116707,218.0940164241101,218.3666641225258,218.26589289213283,339.7940552746619,218.52002196595166,340.6713959228159,340.3321906608307,339.6674844609063,340.6097473649279,338.9660749986641,218.1719505344351,338.9586995490749,339.1695741071124,164.76650144977893,164.76650144977893,164.76650144977893,214.75800334329801,164.76650144977893,164.76650144977893,266.9906365399356,266.82016415556,217.00460824600015,216.97465289752165,339.41714747490295,214.59263733874934,285.27705831349283,340.76238055278344,219.0981515211847,340.76238055278344,218.8652553513234,340.54955586522203,340.37038649095194,219.0981515211847,218.38040205109982,217.4304486496774,339.0235979987234,216.4717071582335,0.0,221.68671588527806,0.0,0.0,0.0,221.96621364523025,171.63333009645882,224.0290159778416,339.40388919398083,339.40388919398083,248.87346182347366,165.12419568312816,165.12419568312816,292.6021189260255,275.3488696181628,217.81873197684354,217.81873197684354,215.47157585166542,215.3346233191495,397.0906697468476,163.8932579455299,167.87793184334862,217.06450654125837,323.20581677933956,215.5365398256175,237.81505419127697,215.8031510427964,216.64487069856975,216.0208323287363,216.82250805670523,165.99096360946882,164.96060135680884,215.56437553547664,216.0925727552893,216.0208323287363,217.24640388278007
Escherichia albertii,120.65653732807021,218.7007087322764,218.7007087322764,218.7007087322764,218.7007087322764,218.7007087322764,218.7007087322764,218.7007087322764,218.7007087322764,218.7007087322764,218.7007087322764,237.29517483505643,237.29517483505643,118.78552100319298,152.58767971235423,152.58767971235423,218.50858106719744,120.94213492410327,120.94213492410327,239.49947807876325,407.28000196425063,407.28000196425063,369.4820699303283,238.6461816162161,239.29479726897532,238.6880809759884,122.11470017978998,237.01054828846753,215.5319001911318,215.5319001911318,120.96693763173474,331.2219799469836,331.53582008585437,222.13284313671403,197.08373854785685,216.08563117431015,216.08563117431015,221.70701387191158,120.13742131409347,290.15513092137456,222.46123257772354,119.7914855071094,224.67532129719987,116.79897259822108,367.0653892700863,123.82245353731285,380.3353783176106,380.25517747954467,332.9834830738606,120.96280420029953,379.88682525194264,332.9834830738606,380.132871506793,380.0670993390509,332.20325103767425,380.9173138622082,380.23939827429774,379.396889813293,380.132871506793,120.66482503198685,121.32188590687173,121.1156472137271,380.0670993390509,121.37545056559007,380.9173138622082,380.1249794475496,379.89867070049087,380.81754161277814,379.3270356829315,120.96280420029953,379.30199050360915,379.4614604936844,236.64952989600465,236.64952989600465,236.64952989600465,115.61141812122192,236.64952989600465,236.64952989600465,316.1534437579322,316.0126579743286,118.64231959971113,119.10919359982252,379.2611237656715,115.32129031536198,331.743877110038,380.9645652813395,122.59282197584001,380.9645652813395,121.88108959145384,380.653385641058,380.48521653278465,122.59282197584001,121.0495766204905,120.45331045679069,379.41533970043963,117.91946404220128,221.96621364523025,126.04761005270984,221.96621364523025,221.96621364523025,221.96621364523025,0.0,241.2488341940744,132.860829441939,379.61822927778377,379.61822927778377,301.23910768690047,236.96202227361243,236.96202227361243,318.64870939641355,302.90922732726386,119.86659251017358,119.86659251017358,116.77756633874505,116.74759098157016,432.11572524035734,236.1186142598673,238.42399208133395,118.54956769216832,365.34777951973376,117.21348045340177,156.05447766725567,116.58473313431737,119.17214439624723,117.7030161040914,118.63810517704673,237.524735554005,236.83116348994275,117.52021102772068,118.30891766895681,117.7030161040914,120.42840196564929
Hafnia alvei,237.05484597451283,166.95807857064,166.95807857064,166.95807857064,166.95807857064,166.95807857064,166.95807857064,166.95807857064,166.95807857064,166.95807857064,166.95807857064,132.75541420220873,132.75541420220873,236.32816167355088,214.5367101453735,214.5367101453735,166.652332716947,237.23827684418887,237.23827684418887,136.93429081132308,357.0714214271425,357.0714214271425,332.9234146166352,135.37725067381152,136.31947769852994,135.43633190543812,237.77510382712484,133.44287167173823,162.80356261458164,162.80356261458164,237.31413780051116,266.6477076593759,267.4453215145107,154.77725931156684,179.75817088522012,163.5236985883086,163.5236985883086,154.13954716424985,236.81216184985095,242.79003274434476,155.0612782096162,236.78048906107108,159.24823389915505,235.25092986001138,337.8845956832007,238.65246698913464,326.02147168553176,326.01073601953664,269.2526694389491,237.23616924912608,325.4550660229458,269.2526694389491,325.76371805343825,325.8220373148508,268.3542434916951,326.77668215464826,325.73455450719376,325.02153774788525,325.76371805343825,237.22773868163057,237.59208741033444,237.53736548172796,325.8220373148508,237.44683615495913,326.77668215464826,325.66547253278173,325.4811822517548,326.55627386409225,324.89382881181353,237.36259182946247,324.8922898438804,325.05076526598117,132.89845747788047,132.89845747788047,132.89845747788047,234.59965899378454,132.89845747788047,132.89845747788047,282.51017680784526,282.3596996740151,236.25198411865242,236.33027736623168,324.68138228115265,234.64015001699943,267.7405460515833,326.9357735091099,238.05881626186417,326.9357735091099,237.94116919944727,326.47817691233206,326.2790216976874,238.05881626186417,237.51210495467384,237.26778120933318,324.64596100983607,235.8431682283801,171.63333009645882,240.49324314832631,171.63333009645882,171.63333009645882,171.63333009645882,241.2488341940744,0.0,243.8462630429263,325.29217635842394,325.29217635842394,228.60446189871274,132.4235628579748,132.4235628579748,275.4850268163408,290.7765465095148,236.8184958992857,236.8184958992857,235.33380547639135,235.2041666297602,385.1376377348752,131.7915020022156,135.8933405285189,236.20965263934494,308.36017901149296,235.54192832699658,217.03916697223107,235.02553052806837,236.40854468483155,235.70956705233667,236.24140195994434,133.3604139165742,132.29512462672236,235.6819891294199,236.19483482921467,235.70956705233667,237.1497417245062
Klebsiella pneumoniae,125.63439019631528,221.0294098078353,221.0294098078353,221.0294098078353,221.0294098078353,221.0294098078353,221.0294098078353,221.0294098078353,221.0294098078353,221.0294098078353,221.0294098078353,239.53914085176143,239.53914085176143,123.69316876852982,156.348968656656,156.348968656656,220.916273732833,125.81335382223939,125.81335382223939,241.73952924583932,408.6722403100069,408.6722403100069,371.09702235399305,241.047713119208,241.68574637326049,240.8692591427972,126.98031343479981,239.4159560263267,218.02293457340676,218.02293457340676,125.82130185306461,332.8362960976462,333.14861548564176,224.80880765663966,200.1549399840034,218.60237876107388,218.60237876107388,224.13835013223417,125.04799078753724,292.2190958852621,225.27538702663458,124.66755792907793,227.36094651456744,121.72920767013971,368.67194089054294,128.35887191776033,381.6791846564337,381.71193326905563,334.58332295558307,125.88089608832628,381.30302909890446,334.58332295558307,381.57174947839104,381.5927148151547,333.95059514844405,382.3715470586168,381.82194803337325,380.9776896354956,381.57174947839104,125.7457752769452,126.63727729227283,126.3210196285638,381.5927148151547,126.26163312740731,382.3715470586168,381.6687045069323,381.3541660976054,382.19628464965484,380.86611820953567,126.02380727465743,380.7807768257216,380.9973753190434,239.0878499631464,239.0878499631464,239.0878499631464,120.8056290079233,239.0878499631464,239.0878499631464,318.15247916682966,318.02830062747563,123.95967086113129,124.25377257854186,380.9028747594326,120.85114811204733,333.68548065506235,382.3087757297758,127.38524247337287,382.3087757297758,126.6846478465327,381.9646580509773,381.8337334495212,127.38524247337287,125.90075456485556,125.31161159286079,381.05380197552154,123.5273249123448,224.0290159778416,131.85598204101322,224.0290159778416,224.0290159778416,224.0290159778416,132.860829441939,243.8462630429263,0.0,381.21385074522146,381.21385074522146,303.1880604509353,239.43892749509217,239.43892749509217,320.69767694824355,304.94917609332873,124.95599225327291,124.95599225327291,121.78259317324459,121.8769871632869,433.3220511351805,238.57074422485252,240.85265205099984,123.83860464330176,366.8310237698006,122.06965224821442,159.73415414368964,121.8605760695394,124.0725594158515,122.70289320142373,123.9637043654311,239.84578378616538,239.44310388900325,122.24156412611875,123.2923355282071,122.70289320142373,125.24775447088862
Akkermansia muciniphila,375.72330244476456,335.806491896747,335.806491896747,335.806491896747,335.806491896747,335.806491896747,335.806491896747,335.806491896747,335.806491896747,335.806491896747,335.806491896747,320.1983760108724,320.1983760108724,374.73990980412003,360.8226711280764,360.8226711280764,335.6158518306309,375.73794059157774,375.73794059157774,321.69239966154004,206.54539452623968,206.54539452623968,162.077142126828,321.36894685081194,322.3414338864925,321.39695082561065,376.3376143836808,319.3869126936794,333.23265146140767,333.23265146140767,375.56224517381935,229.46459421880317,228.55196345689092,329.3675758176569,341.5786878597668,333.5730804486477,333.5730804486477,328.861673048107,375.24791804885473,278.0215818960823,330.50113464253036,374.79327635377877,331.8900420319959,373.7887103699094,171.21623754772793,377.0013262576141,144.9931032842597,144.1596337398233,230.44305153334523,375.37447968661905,145.938343145316,230.44305153334523,146.06505399992156,144.0104162899337,230.65775512650774,148.2700239428051,147.45168700289597,144.10412901787373,146.06505399992156,375.4117739229818,375.6847082328478,375.53029172092096,144.0104162899337,375.8350702103251,148.2700239428051,147.18355886443294,145.84580899017976,147.53304714537688,143.7045580348793,375.37447968661905,143.9930553880985,143.44685427014426,319.22875810302554,319.22875810302554,319.22875810302554,373.04691393978857,319.22875810302554,319.22875810302554,247.46110805538717,247.22054930769812,374.6918734106733,374.58109936300843,144.19084575658746,372.9195623723701,230.71194160684445,148.90265276347498,376.29908317719827,148.90265276347498,376.1794784408102,147.7193284577208,147.2922265430189,376.29908317719827,375.5862084794914,374.94132874357825,141.9718281913704,374.6852012022893,339.40388919398083,379.27035212365337,339.40388919398083,339.40388919398083,339.40388919398083,379.61822927778377,325.29217635842394,381.21385074522146,0.0,0.0,265.80632046661344,319.363429340305,319.363429340305,239.76446775950768,256.7644835252726,375.37181567080927,375.37181567080927,373.98796772088804,373.8582619121851,252.45593674936623,319.2679125750034,321.284920281049,374.8519707831346,335.5547645318123,373.6482302915404,362.6637561157718,373.8823344315695,374.4996662214801,374.02941060831034,374.74124406048503,320.1468413087969,319.63573016795226,374.3407538593681,374.2766356587063,374.02941060831034,375.066660741794
Akkermansia muciniphila_B,375.72330244476456,335.806491896747,335.806491896747,335.806491896747,335.806491896747,335.806491896747,335.806491896747,335.806491896747,335.806491896747,335.806491896747,335.806491896747,320.1983760108724,320.1983760108724,374.73990980412003,360.8226711280764,360.8226711280764,335.6158518306309,375.73794059157774,375.73794059157774,321.69239966154004,206.54539452623968,206.54539452623968,162.077142126828,321.36894685081194,322.3414338864925,321.39695082561065,376.3376143836808,319.3869126936794,333.23265146140767,333.23265146140767,375.56224517381935,229.46459421880317,228.55196345689092,329.3675758176569,341.5786878597668,333.5730804486477,333.5730804486477,328.861673048107,375.24791804885473,278.0215818960823,330.50113464253036,374.79327635377877,331.8900420319959,373.7887103699094,171.21623754772793,377.0013262576141,144.9931032842597,144.1596337398233,230.44305153334523,375.37447968661905,145.938343145316,230.44305153334523,146.06505399992156,144.0104162899337,230.65775512650774,148.2700239428051,147.45168700289597,144.10412901787373,146.06505399992156,375.4117739229818,375.6847082328478,375.53029172092096,144.0104162899337,375.8350702103251,148.2700239428051,147.18355886443294,145.84580899017976,147.53304714537688,143.7045580348793,375.37447968661905,143.9930553880985,143.44685427014426,319.22875810302554,319.22875810302554,319.22875810302554,373.04691393978857,319.22875810302554,319.22875810302554,247.46110805538717,247.22054930769812,374.6918734106733,374.58109936300843,144.19084575658746,372.9195623723701,230.71194160684445,148.90265276347498,376.29908317719827,148.90265276347498,376.1794784408102,147.7193284577208,147.2922265430189,376.29908317719827,375.5862084794914,374.94132874357825,141.9718281913704,374.6852012022893,339.40388919398083,379.27035212365337,339.40388919398083,339.40388919398083,339.40388919398083,379.61822927778377,325.29217635842394,381.21385074522146,0.0,0.0,265.80632046661344,319.363429340305,319.363429340305,239.76446775950768,256.7644835252726,375.37181567080927,375.37181567080927,373.98796772088804,373.8582619121851,252.45593674936623,319.2679125750034,321.284920281049,374.8519707831346,335.5547645318123,373.6482302915404,362.6637561157718,373.8823344315695,374.4996662214801,374.02941060831034,374.74124406048503,320.1468413087969,319.63573016795226,374.3407538593681,374.2766356587063,374.02941060831034,375.066660741794
Erysipelatoclostridium ramosum,295.80229884164186,242.4396832203837,242.4396832203837,242.4396832203837,242.4396832203837,242.4396832203837,242.4396832203837,242.4396832203837,242.4396832203837,242.4396832203837,242.4396832203837,218.61381475103533,218.61381475103533,294.5522025040723,276.58271818752524,276.58271818752524,242.96296014001805,295.80060851864386,295.80060851864386,222.83401894683854,303.0676492138348,303.0676492138348,272.17273926681196,222.12834128044085,222.61401573126523,220.93211627103923,296.7001853723722,219.54270655159556,238.94141541390434,238.94141541390434,295.8276525276162,318.12104614438823,319.1285007641906,234.19222873528489,250.45358851491827,239.50782868207042,239.50782868207042,233.5786805339905,295.3641819855617,154.86445686470475,234.98085028359225,294.7490457999822,238.10501884672655,293.2081172136952,280.349781523011,297.28605752708955,266.8595136021948,266.6214545005709,321.3269363125351,296.2313285255292,266.1371826708925,321.3269363125351,265.23197393979484,266.37567456507736,320.6150339581723,267.8488379664918,267.22836675772277,263.9450700429921,265.23197393979484,296.2144493437145,296.63445518010883,296.48271450457275,266.37567456507736,296.6260271790053,267.8488379664918,267.0805122055894,266.15409070686854,267.61726401710337,265.3073689138694,296.2043213729334,263.66835229128276,265.2583646183471,220.22261464254754,220.22261464254754,220.22261464254754,293.2695006303929,220.22261464254754,220.22261464254754,332.87234790531943,332.7596730374641,295.10506603581035,295.2253376659937,263.93938698117796,293.18253699700466,320.39506862621965,267.98320842918497,297.1060416753587,267.98320842918497,296.7995956870561,267.46962444359923,267.30132809247317,297.1060416753587,296.37476275823485,295.7701810527897,265.452443951831,294.91354665393044,248.87346182347366,300.80392284676077,248.87346182347366,248.87346182347366,248.87346182347366,301.23910768690047,228.60446189871274,303.1880604509353,265.80632046661344,265.80632046661344,0.0,218.61381475103533,218.61381475103533,325.32445343072504,338.7078387046866,295.4268098869837,295.4268098869837,293.3155297627454,293.6443427004852,336.2662635472075,219.22363011317918,222.7352688731625,294.9254142999548,244.41767530193064,293.833286065415,279.5854073445179,294.0731201589156,294.9050694715165,294.1411225925406,295.06609429075377,220.52890966945807,219.1437884129961,294.37051482782715,294.3059632423373,294.1411225925406,295.66196914720024
Catenibacterium sp000437715,229.62360505836503,156.2209973083004,156.2209973083004,156.2209973083004,156.2209973083004,156.2209973083004,156.2209973083004,156.2209973083004,156.2209973083004,156.2209973083004,156.2209973083004,116.56757696718243,116.56757696718243,228.146882512122,204.41134997841974,204.41134997841974,156.04806951705618,229.84777571253545,229.84777571253545,121.34661099511597,351.5536943341657,351.5536943341657,326.4934915124649,120.86769626331099,124.03628501370073,121.68401702770993,230.84843512573352,113.65298060323803,149.79652866471906,149.79652866471906,229.7999129677816,259.12352266824405,259.150535403653,140.17845768876185,166.82026255823962,150.18655066283398,150.18655066283398,139.32336487466844,229.36869882353173,235.02127563265415,143.61058456812992,228.5716517856053,147.34313692873516,226.40892208568107,331.9608410641231,231.8943725061046,320.6337474440269,320.78497471047484,262.85927794163933,230.48427278233106,320.17339052457186,262.85927794163933,320.48712922674446,320.4122344730301,261.83582642564403,321.6069029109916,321.003115249681,319.4761336938958,320.48712922674446,230.51897969581594,230.8072789146824,230.58620947489467,320.4122344730301,230.96103567485144,321.6069029109916,320.89562165913077,320.1468413087969,321.44828510975134,319.3180232933932,230.3584163862914,319.15983456569217,319.28044099192795,117.99152511939153,117.99152511939153,117.99152511939153,226.64730309447762,117.99152511939153,117.99152511939153,276.5610240073608,276.4253968071675,228.9912662089976,228.9934496879769,319.3900436770063,226.3581233355675,261.5243774488336,321.6442133786958,231.4044079096161,321.6442133786958,231.1190169587955,321.2475680841802,321.0981158462316,231.4044079096161,230.39531245231532,229.76509743649055,319.3101940120296,228.67444107289296,165.12419568312816,236.3323930399724,165.12419568312816,165.12419568312816,165.12419568312816,236.96202227361243,132.4235628579748,239.43892749509217,319.363429340305,319.363429340305,218.61381475103533,0.0,0.0,267.31629205867716,283.33901955078477,229.42318976075632,229.42318976075632,226.7112701212712,227.01762046149634,380.4037328944079,115.35597080342222,122.15973149937749,228.83400097013555,302.3276368445333,227.39832892965595,208.72469906553943,227.6071176391459,228.72909740564273,227.6071176391459,228.9497761518888,118.11435137188029,114.87384384619503,227.87715989102549,227.99561399290118,227.6071176391459,229.64320151051717
Catenibacterium mitsuokai,229.62360505836503,156.2209973083004,156.2209973083004,156.2209973083004,156.2209973083004,156.2209973083004,156.2209973083004,156.2209973083004,156.2209973083004,156.2209973083004,156.2209973083004,116.56757696718243,116.56757696718243,228.146882512122,204.41134997841974,204.41134997841974,156.04806951705618,229.84777571253545,229.84777571253545,121.34661099511597,351.5536943341657,351.5536943341657,326.4934915124649,120.86769626331099,124.03628501370073,121.68401702770993,230.84843512573352,113.65298060323803,149.79652866471906,149.79652866471906,229.7999129677816,259.12352266824405,259.150535403653,140.17845768876185,166.82026255823962,150.18655066283398,150.18655066283398,139.32336487466844,229.36869882353173,235.02127563265415,143.61058456812992,228.5716517856053,147.34313692873516,226.40892208568107,331.9608410641231,231.8943725061046,320.6337474440269,320.78497471047484,262.85927794163933,230.48427278233106,320.17339052457186,262.85927794163933,320.48712922674446,320.4122344730301,261.83582642564403,321.6069029109916,321.003115249681,319.4761336938958,320.48712922674446,230.51897969581594,230.8072789146824,230.58620947489467,320.4122344730301,230.96103567485144,321.6069029109916,320.89562165913077,320.1468413087969,321.44828510975134,319.3180232933932,230.3584163862914,319.15983456569217,319.28044099192795,117.99152511939153,117.99152511939153,117.99152511939153,226.64730309447762,117.99152511939153,117.99152511939153,276.5610240073608,276.4253968071675,228.9912662089976,228.9934496879769,319.3900436770063,226.3581233355675,261.5243774488336,321.6442133786958,231.4044079096161,321.6442133786958,231.1190169587955,321.2475680841802,321.0981158462316,231.4044079096161,230.39531245231532,229.76509743649055,319.3101940120296,228.67444107289296,165.12419568312816,236.3323930399724,165.12419568312816,165.12419568312816,165.12419568312816,236.96202227361243,132.4235628579748,239.43892749509217,319.363429340305,319.363429340305,218.61381475103533,0.0,0.0,267.31629205867716,283.33901955078477,229.42318976075632,229.42318976075632,226.7112701212712,227.01762046149634,380.4037328944079,115.35597080342222,122.15973149937749,228.83400097013555,302.3276368445333,227.39832892965595,208.72469906553943,227.6071176391459,228.72909740564273,227.6071176391459,228.9497761518888,118.11435137188029,114.87384384619503,227.87715989102549,227.99561399290118,227.6071176391459,229.64320151051717
Holdemania filiformis,313.3512406230427,287.74120316701254,287.74120316701254,287.74120316701254,287.74120316701254,287.74120316701254,287.74120316701254,287.74120316701254,287.74120316701254,287.74120316701254,287.74120316701254,267.79469748297856,267.79469748297856,312.2098653149833,295.5334160463077,295.5334160463077,287.8871306606115,313.71643246728405,313.71643246728405,270.7858932810201,280.941275002446,280.941275002446,222.27460493722623,270.4015532499767,271.1881265837426,270.0203696019987,314.4344128749269,268.65405264019375,284.50483299937105,284.50483299937105,313.7004941022567,148.56984889270097,151.44305860619693,256.99027218943525,272.16722800513656,285.06841284154933,285.06841284154933,256.71190077594764,313.4038927645922,317.7876649588527,257.3363557680881,312.7219212015685,260.3996927801567,311.24748994971833,255.82024939398366,314.9492022533158,241.13066996962456,241.0082986123092,155.8172005909489,314.0398063940302,240.3185386107364,155.8172005909489,239.9124840436612,240.58262613912916,154.29193109168088,241.43114960584518,240.44334051913353,238.56026492272346,239.9124840436612,314.100302451303,314.35966662407566,314.25149164323784,240.58262613912916,314.3708001707538,241.43114960584518,241.24261646732322,240.22073182804186,241.26541401535363,238.46173697262208,314.07483184744365,239.17148659486983,238.47012391492567,268.9498094440671,268.9498094440671,268.9498094440671,311.1028768751585,268.9498094440671,268.9498094440671,177.03671935505358,176.76255259528247,313.0,313.03673905789395,239.20702330826325,310.85044635644323,153.81482373295495,242.47267887331142,314.836465486449,242.47267887331142,314.5536520214,241.7891643560563,241.57400522407207,314.836465486449,313.9681512510465,313.5857139603142,239.24255474308913,312.66595593380487,292.6021189260255,318.3158808479401,292.6021189260255,292.6021189260255,292.6021189260255,318.64870939641355,275.4850268163408,320.69767694824355,239.76446775950768,239.76446775950768,325.32445343072504,267.31629205867716,267.31629205867716,0.0,150.64195962612808,313.36719675167024,313.36719675167024,311.3486791364306,311.4145147548521,316.21986022386386,267.8152348168416,270.9151158573475,312.77947502993226,386.1631779442468,311.8044258826356,298.3688991835443,311.6969682239466,312.821035098345,311.95031655697994,312.95047531518463,269.0408890856555,267.8320369186629,312.0384591680968,312.1826388510418,311.95031655697994,313.42622736459055
Holdemanella biformis,297.20699857170257,270.22213084793776,270.22213084793776,270.22213084793776,270.22213084793776,270.22213084793776,270.22213084793776,270.22213084793776,270.22213084793776,270.22213084793776,270.22213084793776,284.1214529035075,284.1214529035075,296.00337835909914,309.52059705292635,309.52059705292635,270.0777665784431,297.6088036332259,297.6088036332259,286.3948323556136,295.5723261741532,295.5723261741532,239.367917649797,285.9090764561349,287.0470344734465,286.048946860498,298.2884510000345,283.77455840860716,266.6045761047623,266.6045761047623,297.370139724889,175.6075169233937,175.0657019521528,273.07691224268666,253.26665789242767,267.23959287500793,267.23959287500793,272.75996773720294,297.0471343069985,330.79903264671134,273.7352735764976,296.56365252673834,276.17928959282955,294.9406720003194,237.1349826575573,299.04180309782777,257.9670521597671,258.1588658171553,181.27327436773464,298.01677805116947,256.7722726464055,181.27327436773464,257.77315608883714,257.64510474682027,178.09267250507529,259.12931134860065,258.3369892214431,256.5384961365448,257.77315608883714,298.01342251650345,298.1995975852416,298.0754937930993,257.64510474682027,298.35549265934424,259.12931134860065,257.50533975046034,256.6300839730214,258.9440093919919,256.3181616663166,297.9093821953246,255.46819762937224,256.2557316432161,284.1953553455791,284.1953553455791,284.1953553455791,294.84911395491764,284.1953553455791,284.1953553455791,148.08443537387717,147.83098457360012,296.8602364750119,296.80128032068865,255.66188609176768,294.55559746845756,177.5556250869006,258.53046242174247,298.73901653449957,258.53046242174247,298.5515030945247,258.0639455638854,257.84685377176896,298.73901653449957,297.66256062864204,297.40376594791127,255.52690660672116,296.49451934226374,275.3488696181628,302.3640190234281,275.3488696181628,275.3488696181628,275.3488696181628,302.90922732726386,290.7765465095148,304.94917609332873,256.7644835252726,256.7644835252726,338.7078387046866,283.33901955078477,283.33901955078477,150.64195962612808,0.0,297.2574641619618,297.2574641619618,295.09489998981684,295.2354992205375,329.2263658943493,283.1218818812845,285.9790202095252,296.6580523093887,396.87403543189873,295.49450079485405,312.15861352844325,295.57401780264786,296.6108561735393,295.65858688697,296.646253979382,284.8087077320495,283.56128085477394,295.78877598718987,296.05573799539843,295.65858688697,297.22550361636195
Streptococcus salivarius,105.83005244258362,210.8838542895117,210.8838542895117,210.8838542895117,210.8838542895117,210.8838542895117,210.8838542895117,210.8838542895117,210.8838542895117,210.8838542895117,210.8838542895117,230.08042072284204,230.08042072284204,104.51794104363135,140.25334220616634,140.25334220616634,210.98341167020692,106.38138934982942,106.38138934982942,232.379000772445,403.3348484820026,403.3348484820026,364.79994517543446,232.07757323791543,232.5037634104016,232.15942797999827,108.34205093129813,229.804264538324,207.63429389192913,207.63429389192913,105.78752289377042,326.0858782590868,326.4720508711274,214.48776188864483,188.313568284391,208.34826613149437,208.34826613149437,214.32218737218972,104.91425070027427,284.3132075722125,215.05115670463155,104.90948479522717,217.80495862123985,101.35087567455942,362.7326839423214,109.95453605922768,376.25390363423475,376.2127057928799,328.29864452964165,107.10742271196708,375.69668617117185,328.29864452964165,376.1475774214158,375.96409403026774,327.4186921970094,376.8899043487368,376.0585060864865,375.3238601528019,376.1475774214158,107.08874824182044,107.98611021793498,107.81001808737442,375.96409403026774,108.40664186294121,376.8899043487368,375.9215343658833,375.84970400414045,376.69616403674723,375.18395488080245,107.02336193560731,375.05999520076784,375.1786241245628,229.62795997003502,229.62795997003502,229.62795997003502,99.65942002640794,229.62795997003502,229.62795997003502,311.02572240893517,310.8858311341963,104.30723848324239,104.36953578511309,374.85597234137805,99.83486364992943,327.0382240656281,377.09680454758563,110.08632975987527,377.09680454758563,109.43948099292137,376.74792633802247,376.65766950906493,110.08632975987527,107.64292823962009,106.83164325236227,375.2998800959041,103.60984509205677,217.81873197684354,118.78552100319298,217.81873197684354,217.81873197684354,217.81873197684354,119.86659251017358,236.8184958992857,124.95599225327291,375.37181567080927,375.37181567080927,295.4268098869837,229.42318976075632,229.42318976075632,313.36719675167024,297.2574641619618,0.0,0.0,99.16148445843275,101.3015300970326,428.3806718328921,228.57383927300168,231.14930239998563,103.39245620450265,360.7672379803909,102.23991392797629,145.81152217846162,100.66777041337511,104.21132376090422,102.85912696499032,103.68702908271604,230.3909720453473,229.2400488570878,103.52294431670691,103.38762014864255,102.85912696499032,106.5598423422257
Streptococcus sp001556435,105.83005244258362,210.8838542895117,210.8838542895117,210.8838542895117,210.8838542895117,210.8838542895117,210.8838542895117,210.8838542895117,210.8838542895117,210.8838542895117,210.8838542895117,230.08042072284204,230.08042072284204,104.51794104363135,140.25334220616634,140.25334220616634,210.98341167020692,106.38138934982942,106.38138934982942,232.379000772445,403.3348484820026,403.3348484820026,364.79994517543446,232.07757323791543,232.5037634104016,232.15942797999827,108.34205093129813,229.804264538324,207.63429389192913,207.63429389192913,105.78752289377042,326.0858782590868,326.4720508711274,214.48776188864483,188.313568284391,208.34826613149437,208.34826613149437,214.32218737218972,104.91425070027427,284.3132075722125,215.05115670463155,104.90948479522717,217.80495862123985,101.35087567455942,362.7326839423214,109.95453605922768,376.25390363423475,376.2127057928799,328.29864452964165,107.10742271196708,375.69668617117185,328.29864452964165,376.1475774214158,375.96409403026774,327.4186921970094,376.8899043487368,376.0585060864865,375.3238601528019,376.1475774214158,107.08874824182044,107.98611021793498,107.81001808737442,375.96409403026774,108.40664186294121,376.8899043487368,375.9215343658833,375.84970400414045,376.69616403674723,375.18395488080245,107.02336193560731,375.05999520076784,375.1786241245628,229.62795997003502,229.62795997003502,229.62795997003502,99.65942002640794,229.62795997003502,229.62795997003502,311.02572240893517,310.8858311341963,104.30723848324239,104.36953578511309,374.85597234137805,99.83486364992943,327.0382240656281,377.09680454758563,110.08632975987527,377.09680454758563,109.43948099292137,376.74792633802247,376.65766950906493,110.08632975987527,107.64292823962009,106.83164325236227,375.2998800959041,103.60984509205677,217.81873197684354,118.78552100319298,217.81873197684354,217.81873197684354,217.81873197684354,119.86659251017358,236.8184958992857,124.95599225327291,375.37181567080927,375.37181567080927,295.4268098869837,229.42318976075632,229.42318976075632,313.36719675167024,297.2574641619618,0.0,0.0,99.16148445843275,101.3015300970326,428.3806718328921,228.57383927300168,231.14930239998563,103.39245620450265,360.7672379803909,102.23991392797629,145.81152217846162,100.66777041337511,104.21132376090422,102.85912696499032,103.68702908271604,230.3909720453473,229.2400488570878,103.52294431670691,103.38762014864255,102.85912696499032,106.5598423422257
Streptococcus thermophilus,102.04410811016969,209.05262495362263,209.05262495362263,209.05262495362263,209.05262495362263,209.05262495362263,209.05262495362263,209.05262495362263,209.05262495362263,209.05262495362263,209.05262495362263,227.38953362017347,227.38953362017347,98.36157786453,135.66134305689297,135.66134305689297,209.07175801623708,102.76186062932103,102.76186062932103,230.1803640626194,401.9179020645883,401.9179020645883,363.15286037700434,229.62795997003502,230.86576186173644,229.8107917396396,104.99047575851822,227.07928130941406,204.71687766278578,204.71687766278578,102.67424214475605,324.28228443749435,324.64596100983607,212.08017351935564,185.05944990732033,205.65505099559311,205.65505099559311,211.6388433156825,101.49876846543509,283.0777278416654,213.19005605327843,99.6343314324937,215.8332689832594,95.01052573267869,361.1315549768533,106.67239567948214,374.8573061846334,374.73323845103465,326.5991426810548,103.20368210485515,374.2125064719243,326.5991426810548,374.57976453620665,374.550397143028,325.73608949577573,375.6021831672441,375.0319986347832,373.8916955483232,374.57976453620665,103.1649165171959,104.20172743289815,103.82677881933928,374.550397143028,104.31203190428226,375.6021831672441,374.9266594948937,374.3981837562784,375.4131057914734,373.72182168024386,103.20368210485515,373.4260301585844,373.7084425056517,226.79947089885374,226.79947089885374,226.79947089885374,94.30270409696638,226.79947089885374,226.79947089885374,309.76765486409323,309.62073573971105,99.86490875177326,100.14988766843426,373.6897108564805,94.04254356406997,325.789809539832,375.79914848227105,105.99056561788883,375.79914848227105,105.25207836427744,375.40644640176333,375.2545802518605,105.99056561788883,103.440804327886,101.4889156509222,373.9104170787436,99.26731586982696,215.47157585166542,115.48592987892508,215.47157585166542,215.47157585166542,215.47157585166542,116.77756633874505,235.33380547639135,121.78259317324459,373.98796772088804,373.98796772088804,293.3155297627454,226.7112701212712,226.7112701212712,311.3486791364306,295.09489998981684,99.16148445843275,99.16148445843275,0.0,95.4725091322104,427.0468358388808,225.75429121059915,229.26622080018677,99.94498486667553,359.2603512774545,96.13532129243653,141.5132502630054,95.98437372822724,99.443451267542,97.23682430026189,99.67948635501689,227.74766738651792,226.3581233355675,97.47820269167872,97.73433378296492,97.23682430026189,102.1077861869505
Adlercreutzia celatus_A,101.25216047077711,209.06936647916643,209.06936647916643,209.06936647916643,209.06936647916643,209.06936647916643,209.06936647916643,209.06936647916643,209.06936647916643,209.06936647916643,209.06936647916643,227.4401020049015,227.4401020049015,98.05100713404222,135.8712625980932,135.8712625980932,209.03109816484246,102.12247548899312,102.12247548899312,230.06955470031232,402.09575973889605,402.09575973889605,363.1817726703806,229.84777571253545,230.9502110845539,229.76509743649055,105.43244282477761,227.2003521124032,204.78281177872327,204.78281177872327,102.0735029280371,324.3547440688975,324.79224128664157,211.66719160039895,184.92701262930734,205.3850043211529,205.3850043211529,211.17291492992183,100.81170566953026,282.8709953317943,212.90138562254592,98.37682653958706,215.93285993567537,94.32921074619463,361.0720149776219,106.86440005914037,374.85597234137805,374.74257831209945,326.63435214318775,102.76186062932103,374.26461227318833,326.63435214318775,374.63982703391264,374.62114195544274,325.75911345655396,375.48102482016316,375.0066666074085,373.76463182061514,374.63982703391264,103.14068062602651,104.07209039891531,103.73523991392703,374.62114195544274,104.1345283755585,375.48102482016316,374.83196235113144,374.38082215840063,375.4011188049391,373.60540681312415,103.07278981380101,373.5317924889393,373.6294956236726,227.11450856341168,227.11450856341168,227.11450856341168,93.05912099305473,227.11450856341168,227.11450856341168,309.64011368038217,309.4769781421552,99.67948635501689,100.09495491781792,373.61611314288893,92.80624978954812,325.5119045442117,375.5582511408849,105.256828757093,375.5582511408849,104.273678366115,375.1892855613017,375.0293321861638,105.256828757093,102.33767634649519,101.01980003939822,373.4541471184916,97.83148777362021,215.3346233191495,115.59411749738825,215.3346233191495,215.3346233191495,215.3346233191495,116.74759098157016,235.2041666297602,121.8769871632869,373.8582619121851,373.8582619121851,293.6443427004852,227.01762046149634,227.01762046149634,311.4145147548521,295.2354992205375,101.3015300970326,101.3015300970326,95.4725091322104,0.0,426.9988290382071,226.19018546347232,229.52124084711636,98.89388252060893,359.2283396392885,95.84883932526257,141.08508071373103,95.47774609824009,98.63062404750362,96.48834126463156,99.16148445843275,227.98245546532743,227.01321547434193,96.08850087289322,97.04122835166504,96.48834126463156,100.63299657666963
Bifidobacterium longum,428.52071128476393,393.93400462514023,393.93400462514023,393.93400462514023,393.93400462514023,393.93400462514023,393.93400462514023,393.93400462514023,393.93400462514023,393.93400462514023,393.93400462514023,380.80835074877234,380.80835074877234,427.8294052540101,415.8449230181848,415.8449230181848,393.7664282287153,428.57321428199407,428.57321428199407,381.96858509568557,292.4841876067833,292.4841876067833,262.5737991498771,381.75122789586413,382.632983418837,381.9397858301751,429.09672569247135,380.391903173556,391.7677883644851,391.7677883644851,428.47286961953614,308.4931117545415,308.72317697251043,388.83544077154284,399.1090076658256,392.0726973406845,392.0726973406845,388.49453020602493,428.2207374707582,346.04912945996557,389.5086648586909,427.92990080152146,390.8925683611803,427.0362982229965,268.6726632912251,429.51833488222593,253.23309420373948,253.5941639707034,310.6122985330748,428.7913245391049,253.31403435261933,310.6122985330748,253.6631624812716,253.3633754116802,309.77895344906824,254.40125785852553,254.3855341799136,252.3806648695577,253.6631624812716,428.7050267958145,428.93239560564786,428.8204752574205,253.3633754116802,429.01048938225273,254.40125785852553,254.05708020049352,253.0987949398416,254.14562754452416,252.20031720836514,428.73301715636507,252.24591176072607,252.35887145095572,380.43790557724395,380.43790557724395,380.43790557724395,426.75988564999875,380.43790557724395,380.43790557724395,322.5445705635114,322.40347392669327,428.0303727540839,428.01051388955386,252.55296474205167,426.71653354422534,309.6643344009768,254.81365740477884,429.20507918709444,254.81365740477884,429.13517683825455,254.51326095117324,254.38356865175078,429.20507918709444,428.76916866771097,428.34915664677106,252.20626479134097,427.74174451414024,397.0906697468476,431.8170909077129,397.0906697468476,397.0906697468476,397.0906697468476,432.11572524035734,385.1376377348752,433.3220511351805,252.45593674936623,252.45593674936623,336.2662635472075,380.4037328944079,380.4037328944079,316.21986022386386,329.2263658943493,428.3806718328921,428.3806718328921,427.0468358388808,426.9988290382071,0.0,379.1226714402609,381.02230905814423,427.4833330084344,269.08920454005585,427.3605035564237,417.61345763756225,427.27742744029905,427.76629133207774,427.51374246917493,428.0362134212478,380.956690451815,380.2223033963158,427.5383023776934,427.4798240853011,427.51374246917493,428.2557647014223
Bifidobacterium pseudocatenulatum,228.92793625942642,154.8418548067673,154.8418548067673,154.8418548067673,154.8418548067673,154.8418548067673,154.8418548067673,154.8418548067673,154.8418548067673,154.8418548067673,154.8418548067673,116.91449867317569,116.91449867317569,227.4906591488978,203.77683872314833,203.77683872314833,154.77725931156684,229.19205919926634,229.19205919926634,121.77027551911016,351.38440489014306,351.38440489014306,326.5746469032769,118.27087553578015,123.40988615179904,121.58124855420756,230.11736136154525,115.45561917897284,147.75655653811103,147.75655653811103,229.13969538253298,258.9131128390372,259.167899246801,141.58036587041298,167.0688480836568,148.60349928585129,148.60349928585129,140.50622761998844,228.53664913969487,234.91274976041638,143.29340529138108,227.92542640082962,147.44151382836517,226.0,331.59463204340324,230.8506010388537,319.94530782619705,319.44639612930365,261.9427418349285,229.7433350502251,319.4902189426149,261.9427418349285,319.416655796156,319.47926380283275,260.13650262890826,320.78653338318304,320.42471814764855,318.7726462543485,319.416655796156,229.61707253599414,230.01521688792678,229.83689869122406,319.47926380283275,230.156468516529,320.78653338318304,320.27332077461585,319.4542220725843,320.6524598377502,318.6392945008509,229.604006933677,318.6220331364421,318.73343094190795,116.40876255677662,116.40876255677662,116.40876255677662,225.87164496678196,116.40876255677662,116.40876255677662,275.88584595807015,275.70999256465115,228.30243099888358,228.25643473952712,318.88085549308227,225.74986157249356,260.725909721301,320.94547823579006,230.53199344125753,320.94547823579006,230.38446128157167,320.5448486561592,320.46060600329645,230.53199344125753,229.7498639825495,229.0,318.7538235064797,227.7037549097511,163.8932579455299,235.5376827601053,163.8932579455299,163.8932579455299,163.8932579455299,236.1186142598673,131.7915020022156,238.57074422485252,319.2679125750034,319.2679125750034,219.22363011317918,115.35597080342222,115.35597080342222,267.8152348168416,283.1218818812845,228.57383927300168,228.57383927300168,225.75429121059915,226.19018546347232,379.1226714402609,0.0,115.2735876079165,227.28396335861447,300.56779601281306,226.79726629745784,207.94470418839717,226.65392121028924,228.09647081881823,227.00660783334038,228.19947414488053,117.92370414806346,112.4055158788927,227.11450856341168,227.343352662883,227.00660783334038,229.0567615242999
Bifidobacterium catenulatum,231.82752209347362,159.04716281656835,159.04716281656835,159.04716281656835,159.04716281656835,159.04716281656835,159.04716281656835,159.04716281656835,159.04716281656835,159.04716281656835,159.04716281656835,123.49493916756265,123.49493916756265,230.78561480300283,206.2110569295449,206.2110569295449,158.71987903221196,231.86849721339897,231.86849721339897,127.60877712759417,353.38222932117003,353.38222932117003,328.9209631507241,124.22560122615627,128.55349081219072,126.94880858046679,232.79604807642247,119.22248110151038,153.0294089382822,153.0294089382822,231.64412360342752,261.95801190267116,262.21746700019816,146.80258853303644,171.7672844286711,153.91880976670785,153.91880976670785,145.938343145316,231.30715509901546,237.6131309502907,147.82760229402356,231.17525819170183,148.8321201891581,229.3294573315866,333.7708794966991,233.6022260167912,322.1630022209254,321.77942755869276,264.5978080030143,232.2886135823278,321.7203754815663,264.5978080030143,320.94392033500185,321.8400223713639,262.8554735971842,322.9272363861556,321.7234837558489,320.98598100228617,320.94392033500185,232.1077336066164,232.57471917644017,232.34241971710634,321.8400223713639,232.77886502000132,322.9272363861556,322.1226474496942,321.68462816864593,322.67630839589077,320.3576126768334,232.1938845017241,320.8582241426889,320.928340911176,119.41105476462387,119.41105476462387,119.41105476462387,228.79685312521238,119.41105476462387,119.41105476462387,277.9874097868463,277.84528068693197,230.89824598727466,230.78778130568352,320.25458622789466,228.8645887855961,261.8014514856631,322.61742048438737,233.19305306976878,322.61742048438737,233.04291450288721,322.194040913236,322.0822876222783,233.19305306976878,232.33811568487855,231.99353439266363,320.98286558631133,230.60572412670072,167.87793184334862,237.84448700779257,167.87793184334862,167.87793184334862,167.87793184334862,238.42399208133395,135.8933405285189,240.85265205099984,321.284920281049,321.284920281049,222.7352688731625,122.15973149937749,122.15973149937749,270.9151158573475,285.9790202095252,231.14930239998563,231.14930239998563,229.26622080018677,229.52124084711636,381.02230905814423,115.2735876079165,0.0,229.66932751240424,302.8118227546606,230.1629857296781,209.93570444305084,229.5125268912353,231.15362856766924,230.13908837917995,230.7834482799839,124.12090879461043,119.15955689746417,230.55801872847536,230.50162689230635,230.13908837917995,231.8253653075953
Bifidobacterium ruminantium,104.41264291262816,210.2189334955346,210.2189334955346,210.2189334955346,210.2189334955346,210.2189334955346,210.2189334955346,210.2189334955346,210.2189334955346,210.2189334955346,210.2189334955346,229.35779908256882,229.35779908256882,102.80077820717118,139.08630414242805,139.08630414242805,210.0,104.43658362853508,104.43658362853508,231.54265265820897,402.9255514359942,402.9255514359942,364.30618990074817,231.3482223834884,232.1551205552012,231.43465600467013,107.4337004854622,228.84492565927695,206.79458406834547,206.79458406834547,104.273678366115,325.55183919001286,325.81896814028494,213.70774436131228,187.38196284594736,207.3041244162788,207.3041244162788,213.23695739716416,103.53260356042439,283.70407117276267,214.40848863792684,103.14068062602651,217.0,99.35793878699377,362.1670885102621,108.83933112620639,375.72995621855864,375.71265616159377,327.72854620859624,105.75443253121828,375.1799568207236,327.72854620859624,375.68737002992265,375.5436059900368,326.80116278862903,376.3296427336013,375.7579007818731,374.8199567792515,375.68737002992265,105.6882207249228,106.68176976409794,106.40958603434186,375.5436059900368,106.7707825203131,376.3296427336013,375.5356174852127,375.3758116874341,376.23131182824216,374.7092205964513,105.77334257741882,374.65450751325545,374.75458636286226,228.96506283710622,228.96506283710622,228.96506283710622,97.91833331914918,228.96506283710622,228.96506283710622,310.530191768852,310.3868553917836,102.37187113655781,102.88342918079665,374.42355695121535,97.98469268207153,326.44141894067303,376.46779410727817,107.93979803575695,376.46779410727817,107.09341716464182,376.12896724394943,376.0678130337666,107.93979803575695,105.8536725862641,105.08567932882197,374.69454226075936,101.35580891098448,217.06450654125837,117.42231474468556,217.06450654125837,217.06450654125837,217.06450654125837,118.54956769216832,236.20965263934494,123.83860464330176,374.8519707831346,374.8519707831346,294.9254142999548,228.83400097013555,228.83400097013555,312.77947502993226,296.6580523093887,103.39245620450265,103.39245620450265,99.94498486667553,98.89388252060893,427.4833330084344,227.28396335861447,229.66932751240424,0.0,359.86803136705544,100.70253224224304,144.57178147895945,99.57911427603682,102.84940447080868,101.26203632161463,102.23013254417701,229.71721746530014,228.60227470434322,101.61200716450787,101.55294185792945,101.26203632161463,104.58967444255671
Bifidobacterium bifidum,361.09970922170515,319.16296777665167,319.16296777665167,319.16296777665167,319.16296777665167,319.16296777665167,319.16296777665167,319.16296777665167,319.16296777665167,319.16296777665167,319.16296777665167,302.8630053340949,302.8630053340949,360.2068849980522,345.814979432644,345.814979432644,319.1159663821289,361.14816903869246,361.14816903869246,304.47824224400665,366.71787521199457,366.71787521199457,343.4792570156166,303.7252047492931,305.2228693921869,304.1660730587815,361.777555964988,302.38220847133186,316.2514822099653,316.2514822099653,361.006925141333,379.91709621968846,380.2538625707831,312.91212824050143,325.5380162131606,316.77436764990944,316.77436764990944,312.5235991089313,360.70763784538855,258.4937136566381,313.7706168525026,360.4455576089127,315.48692524413747,359.20328506292924,348.0402275599762,362.28579878322586,337.0341229015246,336.43870169764955,381.5062253751569,361.3516293030931,336.67046202481146,381.5062253751569,336.41046357091807,336.5709434874021,380.8122897176508,337.3885001004035,337.2788164115855,335.769266014625,336.41046357091807,361.27136615015587,361.5466774843879,361.40558933143245,336.5709434874021,361.62549688870115,337.3885001004035,337.24175304964837,336.34506091215314,337.25213120156855,335.6456464785444,361.2769021124932,335.82584772468005,335.63670836188345,302.3706334947228,302.3706334947228,302.3706334947228,358.84397723801914,302.3706334947228,302.3706334947228,391.41793520481406,391.3042294685811,360.4122639422804,360.37202999123,335.86306733548423,358.8147154173028,380.8477386042879,337.9067918820218,361.8756692567214,337.9067918820218,361.78999433372945,337.3455202014694,337.2298919135135,361.8756692567214,361.32257056541596,360.86008368895557,335.2924096963723,360.05277390960345,323.20581677933956,365.0027397157451,323.20581677933956,323.20581677933956,323.20581677933956,365.34777951973376,308.36017901149296,366.8310237698006,335.5547645318123,335.5547645318123,244.41767530193064,302.3276368445333,302.3276368445333,386.1631779442468,396.87403543189873,360.7672379803909,360.7672379803909,359.2603512774545,359.2283396392885,269.08920454005585,300.56779601281306,302.8118227546606,359.86803136705544,0.0,359.6220237972085,348.02586110805044,359.5066063370741,360.24852532661396,359.7374042270278,360.39700331717523,303.11878859615416,301.65874759403215,359.8193991435148,359.75269283217324,359.7374042270278,360.6161394058785
Desulfovibrio sp900556755,102.64014809030625,209.2008604188807,209.2008604188807,209.2008604188807,209.2008604188807,209.2008604188807,209.2008604188807,209.2008604188807,209.2008604188807,209.2008604188807,209.2008604188807,227.59613353482084,227.59613353482084,98.77752780870759,135.58761005342635,135.58761005342635,208.9808603676423,102.975725294848,102.975725294848,230.18470844085192,401.93283020922786,401.93283020922786,363.14184556451215,229.6105398277701,231.0519422121355,229.79338545745827,105.27582818482124,227.343352662883,204.7364159107998,204.7364159107998,102.72292830717006,324.25144564057075,324.61515676258864,212.160316741845,185.3024554613349,205.42638584174136,205.42638584174136,211.12318678913502,101.4889156509222,283.1448392607571,213.23695739716416,99.443451267542,215.93517545782115,95.01052573267869,361.2616780119364,107.43835441777765,374.65717662951556,374.6131337793698,326.51646206585053,102.81536850101739,374.15638441699747,326.51646206585053,374.40619652991853,374.39017081114724,325.65626049563366,375.49034608096116,375.0586620783474,373.7311868174771,374.40619652991853,103.31989159885913,104.39348638684312,103.99038417084533,374.39017081114724,104.07209039891531,375.49034608096116,374.84930305390725,374.3233895978182,375.43707861637745,373.5746244058876,103.25211862233142,373.5117133370786,373.6013918603623,226.49061790723252,226.49061790723252,226.49061790723252,94.17536832951598,226.49061790723252,226.49061790723252,309.7773393907308,309.6045865293342,100.11493395093461,100.44899203078147,373.75125417849773,93.54143466934853,325.8205027311817,375.5356174852127,105.6882207249228,375.5356174852127,105.04284840006957,375.10798445247735,374.9266594948937,105.6882207249228,103.18914671611545,100.96534058774823,373.7980738313134,99.32774033471213,215.5365398256175,116.06463716395274,215.5365398256175,215.5365398256175,215.5365398256175,117.21348045340177,235.54192832699658,122.06965224821442,373.6482302915404,373.6482302915404,293.833286065415,227.39832892965595,227.39832892965595,311.8044258826356,295.49450079485405,102.23991392797629,102.23991392797629,96.13532129243653,95.84883932526257,427.3605035564237,226.79726629745784,230.1629857296781,100.70253224224304,359.6220237972085,0.0,139.5707705789432,96.52460826131335,98.97979591815695,96.15092303249095,100.02999550134949,227.51043932092435,227.3103605205887,96.82974749528164,97.85703858180054,96.15092303249095,101.61692772368194
Bilophila wadsworthia,145.7840869230932,232.64780248263682,232.64780248263682,232.64780248263682,232.64780248263682,232.64780248263682,232.64780248263682,232.64780248263682,232.64780248263682,232.64780248263682,232.64780248263682,208.78697277368624,208.78697277368624,143.02796929272262,95.39392014169457,95.39392014169457,232.2692403225188,146.17797371697284,146.17797371697284,211.70970691019343,391.55587085370075,391.55587085370075,351.65608198920717,210.7961100210343,212.3605424743495,211.05212626268423,147.57709849431245,206.88402548287772,228.5629016266638,228.5629016266638,146.26004239025778,311.39203586476003,311.8541325684173,191.9531192765567,211.56795598577776,228.92356803090414,228.92356803090414,190.8638258025863,145.16197849299243,268.24056367372924,193.02849530574494,143.71151658792,194.14942698859556,141.0921684573598,374.2699560477704,149.18780110987626,363.549171364755,363.4707691135561,313.673397023082,146.2292720353897,363.0303017655689,313.673397023082,362.8443192334696,363.30703268723,312.80345266636687,364.33912773678315,363.5973047204833,362.553444336142,362.8443192334696,146.37281168304446,146.935359937627,146.77193192160414,363.30703268723,146.80258853303644,364.33912773678315,363.7691575711168,363.1253227193058,364.2842296888516,362.0193365001378,146.37281168304446,362.3409996122437,362.41412775994263,206.3249863685928,206.3249863685928,206.3249863685928,140.40299142112323,206.3249863685928,206.3249863685928,325.71766915535915,325.5564467185376,144.26711336961034,144.48529336925608,362.2512939935481,139.81416237277253,312.14900288163665,364.053567486984,147.97972834141845,364.053567486984,147.648230602334,363.65918110230626,363.49140292447083,147.97972834141845,146.20533505997653,144.69968901141425,362.64169644430024,143.39456056629206,237.81505419127697,155.08384828859516,237.81505419127697,237.81505419127697,237.81505419127697,156.05447766725567,217.03916697223107,159.73415414368964,362.6637561157718,362.6637561157718,279.5854073445179,208.72469906553943,208.72469906553943,298.3688991835443,312.15861352844325,145.81152217846162,145.81152217846162,141.5132502630054,141.08508071373103,417.61345763756225,207.94470418839717,209.93570444305084,144.57178147895945,348.02586110805044,139.5707705789432,0.0,141.7709420156331,143.06991297963384,141.53091535067523,143.93748643074187,208.79894635749483,208.57612519173904,141.6403897198818,142.44999122499095,141.53091535067523,145.15508947329405
Dialister invisus,101.1830025251277,209.19369015340783,209.19369015340783,209.19369015340783,209.19369015340783,209.19369015340783,209.19369015340783,209.19369015340783,209.19369015340783,209.19369015340783,209.19369015340783,228.12058214900296,228.12058214900296,98.89388252060893,136.9781004394498,136.9781004394498,209.00717691026784,102.46462804304713,102.46462804304713,230.63390904201404,402.1604157547085,402.1604157547085,363.43775257944793,229.70851094376107,230.50379606418633,229.873878463822,104.24970023937719,227.6795994374551,205.25593779474445,205.25593779474445,101.78899744078434,324.67522233764623,325.1461209979292,212.44999411626256,185.80096878111266,205.7692882818036,205.7692882818036,211.5986767444447,100.30453628824571,282.8144267890165,212.8685040112792,100.17983829094555,215.70581818764185,95.77055915050303,361.2962773126787,106.4048871058092,374.8426336477749,374.8946518690284,326.71088136148757,102.15674231297707,374.2940020892667,326.71088136148757,374.6291499603308,374.7465810384399,325.9002915003299,375.59286468195853,374.68653565347125,373.8850090602724,374.6291499603308,102.33279044372826,103.41663309158736,103.01941564578979,374.7465810384399,103.55674772799695,375.59286468195853,374.52503254121746,374.3888353036185,375.27589850668534,373.7151321528204,102.11757928975794,373.7191458836435,373.6669640201017,227.24656213021134,227.24656213021134,227.24656213021134,92.94084139924708,227.24656213021134,227.24656213021134,309.2490905402957,309.0825132549559,99.2169340384997,99.12113800799504,373.37246818692995,93.1289428695505,325.2691193458119,375.6913626901742,105.06664551607233,375.6913626901742,104.40785411069419,375.3465065775889,375.18395488080245,105.06664551607233,101.38540328863914,101.26697388586271,373.8181376016953,98.07650075323853,215.8031510427964,115.35163631262454,215.8031510427964,215.8031510427964,215.8031510427964,116.58473313431737,235.02553052806837,121.8605760695394,373.8823344315695,373.8823344315695,294.0731201589156,227.6071176391459,227.6071176391459,311.6969682239466,295.57401780264786,100.66777041337511,100.66777041337511,95.98437372822724,95.47774609824009,427.27742744029905,226.65392121028924,229.5125268912353,99.57911427603682,359.5066063370741,96.52460826131335,141.7709420156331,0.0,98.20386957752734,96.0728889958036,97.65756499114649,227.7849863357987,227.44889535893552,97.2779522810796,97.40123202506219,96.0728889958036,100.35437210206639
Veillonella parvula_A,104.43179592442141,210.34733181098352,210.34733181098352,210.34733181098352,210.34733181098352,210.34733181098352,210.34733181098352,210.34733181098352,210.34733181098352,210.34733181098352,210.34733181098352,229.24441105510076,229.24441105510076,102.0,138.9712200421368,138.9712200421368,210.0238081742163,104.87611739571598,104.87611739571598,231.17958387366303,402.65245559911835,402.65245559911835,364.16891685040883,230.68593368473944,231.78438256276024,231.14930239998563,107.0420478129973,228.87551201471948,206.7413843428548,206.7413843428548,104.92378186092989,325.4381661698578,325.88955184233816,213.44085831911377,187.20576914187234,207.0048308615043,207.0048308615043,212.88024802691302,103.5132841716463,283.85559709119707,214.29652353689735,101.79390944452423,216.92625475031832,98.82307422864359,361.9737559547653,109.08712114635715,375.5782208808173,375.6168260341914,327.5179384400189,105.94338110519222,375.099986670221,327.5179384400189,375.4477327138892,375.4503961910281,326.8072826605919,376.07446071223717,375.8191054217441,374.65717662951556,375.4477327138892,106.33908030446756,107.31728658515365,106.78483038334612,375.4503961910281,107.2100741535048,376.07446071223717,375.5835459654749,375.0773253610514,375.9122237969923,374.4903203021408,105.97169433391164,374.49699598261134,374.458275379247,228.63726730347352,228.63726730347352,228.63726730347352,97.51922887307919,228.63726730347352,228.63726730347352,310.6621959621093,310.5157000861631,102.96601381038309,103.27148686835103,374.58376900234214,96.93812459502195,326.7353669255901,376.2632057483166,108.44814429025514,376.2632057483166,107.8563859954523,376.0917441263501,375.9321747336878,108.44814429025514,105.79697538209682,103.80269746013347,374.6811978202269,101.49384217774002,216.64487069856975,117.88977903109328,216.64487069856975,216.64487069856975,216.64487069856975,119.17214439624723,236.40854468483155,124.0725594158515,374.4996662214801,374.4996662214801,294.9050694715165,228.72909740564273,228.72909740564273,312.821035098345,296.6108561735393,104.21132376090422,104.21132376090422,99.443451267542,98.63062404750362,427.76629133207774,228.09647081881823,231.15362856766924,102.84940447080868,360.24852532661396,98.97979591815695,143.06991297963384,98.20386957752734,0.0,99.54898291795854,101.93625459079807,228.79685312521238,228.68974616278712,100.21476937058729,99.6343314324937,99.54898291795854,103.14552825983296
Phascolarctobacterium_A succinatutens,102.4792661956554,209.60916010518244,209.60916010518244,209.60916010518244,209.60916010518244,209.60916010518244,209.60916010518244,209.60916010518244,209.60916010518244,209.60916010518244,209.60916010518244,228.0065788524533,228.0065788524533,99.1463564635635,136.9781004394498,136.9781004394498,209.16500663351889,103.35859906171329,103.35859906171329,230.52982453470094,402.0932727614328,402.0932727614328,363.33318042810237,229.89562849258357,231.37415586015652,229.9913041834408,105.93394168065305,227.63128080296872,205.01219475923864,205.01219475923864,103.1746092796091,324.4965331093693,324.86304806795124,212.36996021094885,185.65559512171993,205.47749268472205,205.47749268472205,211.4426636230257,101.45442326483355,283.26312855717737,213.28150412072773,100.10993956645864,216.06249096037007,95.66608594481119,361.28520589694784,107.87956247593888,374.85063692089415,374.94532934815976,326.79657280944673,103.87492478938312,374.3314039724693,326.79657280944673,374.5917778061873,374.7359070065211,325.95858632654546,375.76056206046957,375.2572450999447,373.9304748211892,374.5917778061873,104.24970023937719,105.256828757093,104.63746938836012,374.7359070065211,105.21406750050109,375.76056206046957,375.0346650644444,374.48497967208243,375.5715644188202,373.7820220395839,103.98076745244767,373.7566052928028,373.72851108792867,227.39613013417795,227.39613013417795,227.39613013417795,95.15250916292223,227.39613013417795,227.39613013417795,309.9403168353546,309.7870236146117,100.96534058774823,101.07917688624102,373.93181196576467,94.51454914456292,325.963188105651,375.68870092138786,106.04244433244644,375.68870092138786,105.47511554864494,375.1679623848497,375.02666571858595,106.04244433244644,103.07764064044152,102.0930947713899,373.9545426920229,100.03499387714281,216.0208323287363,116.47317287684749,216.0208323287363,216.0208323287363,216.0208323287363,117.7030161040914,235.70956705233667,122.70289320142373,374.02941060831034,374.02941060831034,294.1411225925406,227.6071176391459,227.6071176391459,311.95031655697994,295.65858688697,102.85912696499032,102.85912696499032,97.23682430026189,96.48834126463156,427.51374246917493,227.00660783334038,230.13908837917995,101.26203632161463,359.7374042270278,96.15092303249095,141.53091535067523,96.0728889958036,99.54898291795854,0.0,99.64436762808022,228.04824051064284,227.69497139814047,97.88258272031854,98.33107342035883,0.0,100.88111815399351
Acidaminococcus fermentans,104.30244484191154,210.492280143477,210.492280143477,210.492280143477,210.492280143477,210.492280143477,210.492280143477,210.492280143477,210.492280143477,210.492280143477,210.492280143477,229.5952961190625,229.5952961190625,102.49390225764652,139.0323703315167,139.0323703315167,210.10711553871752,104.89041900955492,104.89041900955492,231.90730906980917,402.92182864669917,402.92182864669917,364.2691312752153,231.0432859877127,231.76496715422718,231.28553780986826,106.7941945987702,228.77718417709403,206.74863965695155,206.74863965695155,103.6822067666386,325.63937108402604,326.01073601953664,213.49941451910354,187.32591918898996,207.24864293886222,207.24864293886222,213.02816715167035,102.86884854026509,283.75165197756996,213.976634238414,103.01941564578979,216.86862382557786,99.42333730065593,362.240251766697,109.27488274987991,375.71265616159377,375.62081944429013,327.6751440069875,104.84750831564858,375.14397236261175,327.6751440069875,375.51031943210296,375.3931272679349,326.77821224800164,376.4053665929858,375.37847567488467,374.6718564290625,375.51031943210296,104.38869670610895,105.4229576515476,105.31856436545269,375.3931272679349,106.01414999895061,376.4053665929858,375.2679043030459,375.27589850668534,376.17682012585516,374.5076768238536,104.63746938836012,374.46628686705566,374.47296297596705,228.4994529533933,228.4994529533933,228.4994529533933,96.70056876771719,228.4994529533933,228.4994529533933,310.02903089872086,309.8596456462183,101.62184804460112,101.90191362285597,374.0454517836034,96.94328238717729,326.22231683316824,376.5222436988285,107.97221864905805,376.5222436988285,107.42439201596628,376.15954062073183,376.00797863875175,107.97221864905805,105.27107864936124,104.47009141376301,374.67986335003377,101.11379727811631,216.82250805670523,117.34138229968147,216.82250805670523,216.82250805670523,216.82250805670523,118.63810517704673,236.24140195994434,123.9637043654311,374.74124406048503,374.74124406048503,295.06609429075377,228.9497761518888,228.9497761518888,312.95047531518463,296.646253979382,103.68702908271604,103.68702908271604,99.67948635501689,99.16148445843275,428.0362134212478,228.19947414488053,230.7834482799839,102.23013254417701,360.39700331717523,100.02999550134949,143.93748643074187,97.65756499114649,101.93625459079807,99.64436762808022,0.0,229.57569557773314,228.93667246642684,100.98514742277698,99.31767214348109,99.64436762808022,103.55674772799695
Mitsuokella multacida,230.57319878945168,157.3975857502268,157.3975857502268,157.3975857502268,157.3975857502268,157.3975857502268,157.3975857502268,157.3975857502268,157.3975857502268,157.3975857502268,157.3975857502268,118.57065404222075,118.57065404222075,229.00655012466348,205.71582340695136,205.71582340695136,157.1114254279427,230.72711154088503,230.72711154088503,123.68508398347798,352.035509572543,352.035509572543,327.3362185887776,121.88519188154072,125.14791248758407,122.97154142320898,231.59447316376097,119.28118040998756,151.4727698300919,151.4727698300919,230.8397712700305,259.9307600111999,260.725909721301,143.85061696079026,169.75276139138356,152.35813073151036,152.35813073151036,142.25329521666626,230.09780529157595,236.46141334264243,145.22740788157034,229.37741824338332,149.67631743198388,227.705950734714,332.6875410952445,232.49516123997074,320.55732716629643,321.0109032416189,263.1501472543764,231.08007270208307,320.4746479832687,263.1501472543764,320.79432663312485,320.3232742090403,262.31850868743516,321.50272160589867,321.4000622277475,319.95312156626943,320.79432663312485,231.2098613813866,231.75202264489516,231.4800207361318,320.3232742090403,231.54697147663148,321.50272160589867,321.18686149965725,320.47620816528644,321.2475680841802,319.73270086120374,231.1319969195092,319.81869864033905,319.8265154736236,118.536914081648,118.536914081648,118.536914081648,227.33235581412515,118.536914081648,118.536914081648,277.2056997971001,277.0559510279467,229.7520402520944,229.86735305388626,319.9890623130734,227.23336022688218,262.31279038582926,322.003105575086,232.16588896735024,322.003105575086,231.78222537545884,321.653540319394,321.51049749580494,232.16588896735024,231.12983364334428,230.3019756754162,320.09061217099134,229.4667731938548,165.99096360946882,236.981011897578,165.99096360946882,165.99096360946882,165.99096360946882,237.524735554005,133.3604139165742,239.84578378616538,320.1468413087969,320.1468413087969,220.52890966945807,118.11435137188029,118.11435137188029,269.0408890856555,284.8087077320495,230.3909720453473,230.3909720453473,227.74766738651792,227.98245546532743,380.956690451815,117.92370414806346,124.12090879461043,229.71721746530014,303.11878859615416,227.51043932092435,208.79894635749483,227.7849863357987,228.79685312521238,228.04824051064284,229.57569557773314,0.0,118.19898476721363,228.58915109864685,228.63726730347352,228.04824051064284,230.21511679296822
Ligilactobacillus ruminis,229.8107917396396,156.20179256333776,156.20179256333776,156.20179256333776,156.20179256333776,156.20179256333776,156.20179256333776,156.20179256333776,156.20179256333776,156.20179256333776,156.20179256333776,117.02136557056579,117.02136557056579,228.2783388760309,204.47982785595258,204.47982785595258,156.12494995995996,229.95651762887695,229.95651762887695,121.93030796319675,351.6589256651962,351.6589256651962,326.71088136148757,118.48628612628552,124.35031162003575,121.72510012318742,230.88741845323665,117.0341830406826,149.04697246170417,149.04697246170417,229.95651762887695,259.25084377876186,259.91729453808955,142.07040508142433,168.11008298136076,149.78651474682226,149.78651474682226,141.20552397126679,229.44716167344498,235.8622479329831,144.00694427700353,228.5716517856053,148.70776711389354,226.66495097389893,331.81922789374335,231.92886840581102,320.61815294833195,320.2327278714654,262.7489295886855,230.41918322917473,320.11404217872104,262.7489295886855,319.98437461851165,320.2311665031997,261.01340961720723,321.4793928076884,320.94703612901617,319.36029809605327,319.98437461851165,230.50596521565336,230.82894099310857,230.5601873698059,320.2311665031997,230.9653653689228,321.4793928076884,320.8426405576416,320.00312498474136,321.23978582983773,319.26164818217677,230.24552112907648,319.15983456569217,319.2240592436604,117.83887304281215,117.83887304281215,117.83887304281215,226.5060705588263,117.83887304281215,117.83887304281215,276.60441066620757,276.4290143961013,228.98689918857804,228.9672465659663,319.40256730339536,226.15039243830643,261.35607894212063,321.52604871145354,231.3352545549424,321.52604871145354,231.14497615133234,321.1417132669003,321.02959365142647,231.3352545549424,230.24334952393303,229.61707253599414,319.3195891266303,228.57821418499182,164.96060135680884,236.26044950435525,164.96060135680884,164.96060135680884,164.96060135680884,236.83116348994275,132.29512462672236,239.44310388900325,319.63573016795226,319.63573016795226,219.1437884129961,114.87384384619503,114.87384384619503,267.8320369186629,283.56128085477394,229.2400488570878,229.2400488570878,226.3581233355675,227.01321547434193,380.2223033963158,112.4055158788927,119.15955689746417,228.60227470434322,301.65874759403215,227.3103605205887,208.57612519173904,227.44889535893552,228.68974616278712,227.69497139814047,228.93667246642684,118.19898476721363,0.0,227.72790781983662,227.94297532497026,227.69497139814047,229.76509743649055
Sutterella wadsworthensis,103.39729203417274,210.0880767678166,210.0880767678166,210.0880767678166,210.0880767678166,210.0880767678166,210.0880767678166,210.0880767678166,210.0880767678166,210.0880767678166,210.0880767678166,228.5475880424031,228.5475880424031,99.92497185388645,137.38995596476477,137.38995596476477,209.8356499739737,104.45094542415593,104.45094542415593,231.13416017542713,402.4972049592394,402.4972049592394,363.7004261751696,230.43220261065943,231.76496715422718,230.3323685459775,107.01868995647442,227.98026230355995,205.8616039964714,205.8616039964714,104.29765098025938,324.966152083567,325.3843880704789,213.04459627035837,186.1746491872618,206.07765526616416,206.07765526616416,212.11553455605272,102.96601381038309,283.6212262860451,213.9906540015241,101.55294185792945,216.6887168266959,96.82458365518542,361.53284774692327,108.67842472174502,375.1799568207236,375.13597534760646,327.0580988142627,104.66613587975817,374.6985455002461,327.0580988142627,374.9693320793049,375.0039999786669,326.1901286060018,375.95079465270453,375.51165095107234,374.2285397988774,374.9693320793049,104.82843125793688,105.65983153497832,105.44192714475585,375.0039999786669,105.68348972285122,375.95079465270453,375.3345174640883,374.84930305390725,375.94547476994586,374.0347577431809,104.86658190291128,373.9237890265876,374.07218554712136,227.65763769309387,227.65763769309387,227.65763769309387,95.93226777263216,227.65763769309387,227.65763769309387,310.2934095336219,310.1015962551628,101.72020448268869,102.0,374.16573867739413,95.34149149242423,326.18859575405145,376.0518581259771,106.69582934679312,376.0518581259771,106.12257064357233,375.5875397294218,375.42775603303494,106.69582934679312,104.02884215447176,102.98543586352393,374.10025394270986,98.29547293746543,215.56437553547664,116.03878661895772,215.56437553547664,215.56437553547664,215.56437553547664,117.52021102772068,235.6819891294199,122.24156412611875,374.3407538593681,374.3407538593681,294.37051482782715,227.87715989102549,227.87715989102549,312.0384591680968,295.78877598718987,103.52294431670691,103.52294431670691,97.47820269167872,96.08850087289322,427.5383023776934,227.11450856341168,230.55801872847536,101.61200716450787,359.8193991435148,96.82974749528164,141.6403897198818,97.2779522810796,100.21476937058729,97.88258272031854,100.98514742277698,228.58915109864685,227.72790781983662,0.0,98.92421341612983,97.88258272031854,102.77159140540736
Acidaminococcus intestini,103.79306335203717,210.00714273566982,210.00714273566982,210.00714273566982,210.00714273566982,210.00714273566982,210.00714273566982,210.00714273566982,210.00714273566982,210.00714273566982,210.00714273566982,228.60008748904713,228.60008748904713,100.5236290630218,137.33899664698296,137.33899664698296,209.8118204487059,104.29765098025938,104.29765098025938,230.98268333362137,402.46987464902264,402.46987464902264,363.7031756803891,230.3540752841156,231.56208670678367,230.43654224102565,106.53168542738823,228.0723569396344,205.7692882818036,205.7692882818036,104.0768946500615,325.09229458724485,325.516512637992,212.69226596188213,186.29278032172905,206.3734479045209,206.3734479045209,212.16267343715293,103.09219175087898,283.6705836000624,213.97196077991154,100.68266980965493,216.44398813549893,97.09273917240156,361.5936946352909,108.69682608061746,375.22526567383494,375.1493036112422,327.08867299250824,104.75208828467335,374.6985455002461,327.08867299250824,375.0679938357844,374.97466581090515,326.25143677844545,375.7406020115473,375.47436663506073,374.148366293373,375.0679938357844,104.75208828467335,105.77334257741882,105.18555033843765,374.97466581090515,105.88200980336556,375.7406020115473,375.2519153848518,374.670521925598,375.64744109337414,374.00802130435653,104.46530524533014,373.97192407986995,373.98663077709074,227.8113254427883,227.8113254427883,227.8113254427883,95.65040512198576,227.8113254427883,227.8113254427883,310.1870403482389,310.0306436467208,101.31633629380802,101.86265262597475,374.11762856085784,94.94208761134337,326.1977927577071,376.0545173242837,107.37783756436893,376.0545173242837,106.89246933250256,375.71797934088806,375.5742270177761,107.37783756436893,104.95713410721541,102.90772565750348,374.2071618769475,100.42907945411031,216.0925727552893,117.23054209547954,216.0925727552893,216.0925727552893,216.0925727552893,118.30891766895681,236.19483482921467,123.2923355282071,374.2766356587063,374.2766356587063,294.3059632423373,227.99561399290118,227.99561399290118,312.1826388510418,296.05573799539843,103.38762014864255,103.38762014864255,97.73433378296492,97.04122835166504,427.4798240853011,227.343352662883,230.50162689230635,101.55294185792945,359.75269283217324,97.85703858180054,142.44999122499095,97.40123202506219,99.6343314324937,98.33107342035883,99.31767214348109,228.63726730347352,227.94297532497026,98.92421341612983,0.0,98.33107342035883,102.22524150130437
Phascolarctobacterium_A succinatutens_A,102.4792661956554,209.60916010518244,209.60916010518244,209.60916010518244,209.60916010518244,209.60916010518244,209.60916010518244,209.60916010518244,209.60916010518244,209.60916010518244,209.60916010518244,228.0065788524533,228.0065788524533,99.1463564635635,136.9781004394498,136.9781004394498,209.16500663351889,103.35859906171329,103.35859906171329,230.52982453470094,402.0932727614328,402.0932727614328,363.33318042810237,229.89562849258357,231.37415586015652,229.9913041834408,105.93394168065305,227.63128080296872,205.01219475923864,205.01219475923864,103.1746092796091,324.4965331093693,324.86304806795124,212.36996021094885,185.65559512171993,205.47749268472205,205.47749268472205,211.4426636230257,101.45442326483355,283.26312855717737,213.28150412072773,100.10993956645864,216.06249096037007,95.66608594481119,361.28520589694784,107.87956247593888,374.85063692089415,374.94532934815976,326.79657280944673,103.87492478938312,374.3314039724693,326.79657280944673,374.5917778061873,374.7359070065211,325.95858632654546,375.76056206046957,375.2572450999447,373.9304748211892,374.5917778061873,104.24970023937719,105.256828757093,104.63746938836012,374.7359070065211,105.21406750050109,375.76056206046957,375.0346650644444,374.48497967208243,375.5715644188202,373.7820220395839,103.98076745244767,373.7566052928028,373.72851108792867,227.39613013417795,227.39613013417795,227.39613013417795,95.15250916292223,227.39613013417795,227.39613013417795,309.9403168353546,309.7870236146117,100.96534058774823,101.07917688624102,373.93181196576467,94.51454914456292,325.963188105651,375.68870092138786,106.04244433244644,375.68870092138786,105.47511554864494,375.1679623848497,375.02666571858595,106.04244433244644,103.07764064044152,102.0930947713899,373.9545426920229,100.03499387714281,216.0208323287363,116.47317287684749,216.0208323287363,216.0208323287363,216.0208323287363,117.7030161040914,235.70956705233667,122.70289320142373,374.02941060831034,374.02941060831034,294.1411225925406,227.6071176391459,227.6071176391459,311.95031655697994,295.65858688697,102.85912696499032,102.85912696499032,97.23682430026189,96.48834126463156,427.51374246917493,227.00660783334038,230.13908837917995,101.26203632161463,359.7374042270278,96.15092303249095,141.53091535067523,96.0728889958036,99.54898291795854,0.0,99.64436762808022,228.04824051064284,227.69497139814047,97.88258272031854,98.33107342035883,0.0,100.88111815399351
Megasphaera elsdenii,106.50352106855435,211.48758828829648,211.48758828829648,211.48758828829648,211.48758828829648,211.48758828829648,211.48758828829648,211.48758828829648,211.48758828829648,211.48758828829648,211.48758828829648,230.15212360523637,230.15212360523637,103.69667304209909,140.75510647930327,140.75510647930327,211.1326597189549,107.1820880557941,107.1820880557941,232.14865926815085,403.246822678121,403.246822678121,364.79583330953767,231.83399233071927,232.9785397842471,231.85124541395072,109.51255635770723,229.73245308401684,207.4054001225619,207.4054001225619,106.7145725756328,326.07207792143134,326.41537953962893,213.99532705178402,188.23124076518224,207.99038439312525,207.99038439312525,213.6890263911556,105.44192714475585,284.68754802414526,215.15110968805158,104.12972678346948,217.93118179829153,100.75217119248597,362.5548234405384,111.39569111954016,376.14358960375756,376.12364988125915,328.26970618684874,107.9490620616965,375.6314683303304,328.26970618684874,376.0,375.98670189250043,327.41105662454345,376.7320002335878,376.37082777494857,375.1866202305194,376.0,108.18964830333815,109.1512711790385,108.64621484432857,375.98670189250043,109.28403360052191,376.7320002335878,376.10105025112597,375.78451271972347,376.575357664306,375.0439974189695,108.04165863221463,375.0293321861638,374.9853330465073,229.5735176365079,229.5735176365079,229.5735176365079,98.66610360199697,229.5735176365079,229.5735176365079,311.26516027335924,311.09966248776294,105.22832318344715,105.19505691808908,375.099986670221,99.02524930541705,327.04281065328433,376.76916009673613,110.32678731840241,376.76916009673613,109.66312051004202,376.47576283208457,376.36418533117626,110.32678731840241,107.17275773255068,106.1319932913728,375.07999146848664,103.73041983911952,217.24640388278007,119.42780245822159,217.24640388278007,217.24640388278007,217.24640388278007,120.42840196564929,237.1497417245062,125.24775447088862,375.066660741794,375.066660741794,295.66196914720024,229.64320151051717,229.64320151051717,313.42622736459055,297.22550361636195,106.5598423422257,106.5598423422257,102.1077861869505,100.63299657666963,428.2557647014223,229.0567615242999,231.8253653075953,104.58967444255671,360.6161394058785,101.61692772368194,145.15508947329405,100.35437210206639,103.14552825983296,100.88111815399351,103.55674772799695,230.21511679296822,229.76509743649055,102.77159140540736,102.22524150130437,100.88111815399351,0.0
